v 2.730456 -0.1989758 0.08788292
v 2.737683 -0.1801848 0.1259616
v 2.740986 -0.1654416 0.1191975
v 2.730472 -0.1994881 0.09579031
v 2.719593 -0.1577311 0.05418675
v 2.728838 -0.1260749 0.08671992
v 2.678805 -0.1076571 0.04440063
v 2.682027 -0.0904859 0.06456584
v 2.704341 -0.2259741 0.06741887
v 2.692452 -0.2186721 0.05205291
v 2.661254 -0.2429526 0.05270106
v 2.648478 -0.242437 0.05209191
v 2.655678 -0.1960714 0.01932639
v 2.69186 -0.1805716 0.03002101
v 2.645221 -0.1286273 0.02335937
v 2.664943 -0.1220596 0.02956075
v 2.734588 -0.1641724 0.1470347
v 2.731393 -0.1423362 0.1555325
v 2.71555 -0.1497885 0.1813559
v 2.704647 -0.1306297 0.1893696
v 2.655897 -0.129928 0.2128181
v 2.661527 -0.1258341 0.2117839
v 2.691781 -0.08376765 0.1556267
v 2.653426 -0.07876718 0.176223
v 2.660334 -0.06726858 0.09974547
v 2.641659 -0.06337136 0.1100514
v 2.630443 -0.1435882 0.2187915
v 2.618622 -0.1302338 0.2154529
v 2.60052 -0.1647013 0.2147214
v 2.580792 -0.1444423 0.2049019
v 2.557178 -0.1788639 0.182941
v 2.552653 -0.1733747 0.1811147
v 2.567262 -0.1036214 0.16922
v 2.539988 -0.1293002 0.1426816
v 2.591178 -0.07679069 0.09908197
v 2.575374 -0.08972687 0.08880518
v 2.61091 -0.08527058 0.182354
v 2.615114 -0.0657489 0.111706
v 2.675789 -0.0770117 0.08348817
v 2.542983 -0.1975679 0.1468791
v 2.542452 -0.2013365 0.1483239
v 2.54575 -0.2119522 0.1276085
v 2.551791 -0.2271392 0.1131735
v 2.530637 -0.1610374 0.1167787
v 2.541429 -0.1888737 0.07803725
v 2.56781 -0.1094489 0.06788276
v 2.5771 -0.1226327 0.04755447
v 2.568618 -0.2392814 0.09660123
v 2.578996 -0.2441821 0.07979295
v 2.626536 -0.2526186 0.06474587
v 2.615519 -0.2492551 0.05916795
v 2.568049 -0.1992366 0.0451598
v 2.609468 -0.2021694 0.02315351
v 2.595864 -0.1274914 0.03341743
v 2.622776 -0.1294144 0.02447839
v 2.563514 -0.1318389 0.05918132
v 2.559016 -0.1115763 0.08598279
v 2.622753 -0.1538212 0.02064701
v 2.58478 -0.1466684 0.03521893
v 2.636229 -0.150414 0.01994414
v 2.655472 -0.1356087 0.02543945
v 2.690208 -0.1150197 0.05179709
v 2.704233 -0.1079409 0.07450312
v 2.697105 -0.09735662 0.08002895
v 2.719318 -0.100594 0.1234485
v 2.677934 -0.07651693 0.1037559
v 2.653173 -0.06778339 0.125797
v 2.623161 -0.06779873 0.1316658
v 2.593218 -0.07612908 0.1263282
v 2.569828 -0.09183532 0.1096988
v 2.789541 -0.03173858 0.05764117
v 2.783379 -0.02317423 0.02244522
v 2.786109 -0.02888513 0.01807727
v 2.786246 -0.02850008 0.06548431
v 2.72304 -0.003489792 0.02919809
v 2.724433 -0.008386612 0.07059376
v 2.655914 -0.03522295 0.03726441
v 2.655394 -0.03976941 0.06057985
v 2.776122 -0.03482062 -0.01608108
v 2.774415 -0.04045016 -0.02048288
v 2.715651 -0.01468557 -0.009433348
v 2.652548 -0.04086727 0.01952834
v 2.783595 -0.0552887 0.1028729
v 2.782497 -0.05839586 0.1093335
v 2.769697 -0.0917553 0.1286234
v 2.769808 -0.0901494 0.1309289
v 2.719847 -0.03567898 0.1140172
v 2.706672 -0.07482481 0.1362665
v 2.652864 -0.05447492 0.08241124
v 2.647667 -0.07532531 0.09321971
v 2.761728 -0.1267606 0.1320343
v 2.755448 -0.133278 0.1354388
v 2.696017 -0.1149921 0.1394895
v 2.641674 -0.09526876 0.09333368
v 2.753621 -0.167682 0.1171765
v 2.744762 -0.173072 0.1185729
v 2.682405 -0.1524448 0.1245028
v 2.634921 -0.1172018 0.08342024
v 2.743629 -0.197851 0.08608393
v 2.731978 -0.2029634 0.08414714
v 2.670631 -0.1830403 0.09063334
v 2.629991 -0.1326517 0.06517001
v 2.730583 -0.2108528 0.05044154
v 2.724204 -0.21317 0.05114548
v 2.728202 -0.2090132 0.01505081
v 2.722471 -0.2091366 0.006349246
v 2.663668 -0.194026 0.05314202
v 2.660999 -0.187897 0.00769681
v 2.627371 -0.1375082 0.04440995
v 2.62721 -0.1326041 0.0208648
v 2.735111 -0.1848878 -0.03085765
v 2.726988 -0.1825526 -0.03718635
v 2.748615 -0.1493598 -0.05377708
v 2.738446 -0.1445619 -0.06004599
v 2.665648 -0.159906 -0.03367347
v 2.67864 -0.1200825 -0.05680538
v 2.630168 -0.1136086 0.001387013
v 2.634924 -0.1009729 -0.009528507
v 2.755555 -0.1098772 -0.06034956
v 2.752537 -0.1042866 -0.06327961
v 2.689851 -0.08560652 -0.05938162
v 2.640712 -0.07879734 -0.01061558
v 2.763877 -0.07339936 -0.05031244
v 2.763497 -0.06451905 -0.04917167
v 2.703262 -0.04288498 -0.04202606
v 2.647641 -0.05600113 -0.001149588
v 2.801944 -0.08382511 -0.03002798
v 2.799491 -0.04594678 -0.002091217
v 2.79368 -0.1138181 -0.04219329
v 2.789004 -0.02694243 0.02807166
v 2.815799 -0.06184322 0.06407346
v 2.810008 -0.08480841 0.09560158
v 2.801762 -0.1181214 0.1096946
v 2.795185 -0.1487794 0.1058637
v 2.788823 -0.1729106 0.09234288
v 2.768331 -0.1971809 0.07697287
v 2.73509 -0.213026 0.04708592
v 2.775709 -0.1959165 0.006357453
v 2.781529 -0.1738293 -0.02294092
v 2.788518 -0.143602 -0.0387327
v 2.585 -0.1650068 -0.1079014
v 2.55021 -0.1583559 -0.08596686
v 2.548248 -0.1750394 -0.08373597
v 2.591676 -0.1476882 -0.1082524
v 2.544551 -0.12111 -0.05829712
v 2.590317 -0.1055882 -0.08477049
v 2.57744 -0.08295307 -0.006430654
v 2.606469 -0.0738309 -0.02091746
v 2.628655 -0.1487399 -0.1118411
v 2.637473 -0.1433234 -0.1105285
v 2.635634 -0.1011422 -0.08619982
v 2.626642 -0.07239085 -0.02193414
v 2.660978 -0.1492202 -0.104084
v 2.675096 -0.1450254 -0.09717675
v 2.668879 -0.1035183 -0.07403011
v 2.648924 -0.07541326 -0.01263129
v 2.525573 -0.1770905 -0.05112375
v 2.527392 -0.1906729 -0.04776587
v 2.562467 -0.09591997 0.0133004
v 2.523664 -0.1435823 -0.02978272
v 2.52352 -0.2068912 -0.01356865
v 2.525165 -0.2064227 -0.01954873
v 2.519981 -0.1712537 0.009371514
v 2.555876 -0.1090328 0.02982186
v 2.539937 -0.2277911 0.02152847
v 2.542931 -0.231092 0.01913046
v 2.536184 -0.1903134 0.04473697
v 2.565089 -0.1257539 0.0573027
v 2.573021 -0.2412154 0.04985092
v 2.591631 -0.2482681 0.05109498
v 2.61299 -0.2449744 0.06302783
v 2.621452 -0.2477611 0.05896278
v 2.654272 -0.2401785 0.06105657
v 2.665228 -0.2322743 0.05974025
v 2.69913 -0.2236669 0.03680032
v 2.706532 -0.2144186 0.02887647
v 2.693311 -0.1900705 0.06250936
v 2.65106 -0.1997879 0.0846848
v 2.661733 -0.1271011 0.06985683
v 2.634978 -0.1306229 0.07903477
v 2.606818 -0.2026067 0.08692619
v 2.610038 -0.1319204 0.07948372
v 2.568392 -0.1994859 0.07352231
v 2.586058 -0.1300954 0.07208369
v 2.721372 -0.2024997 -0.0007192093
v 2.720982 -0.2004799 -0.003966888
v 2.717685 -0.1655862 0.02941518
v 2.67743 -0.1160952 0.05197174
v 2.724772 -0.1761649 -0.03005966
v 2.722735 -0.1828964 -0.03127369
v 2.70735 -0.1530267 -0.0685726
v 2.705181 -0.1615739 -0.07165798
v 2.704619 -0.1182874 -0.04478749
v 2.720982 -0.1396244 -0.01085343
v 2.670664 -0.08561727 0.005229651
v 2.678658 -0.09814078 0.0268932
v 2.719277 -0.1708457 -0.04419603
v 2.724328 -0.1805553 -0.01908269
v 2.718996 -0.1843373 0.01515357
v 2.695224 -0.1878353 0.05247563
v 2.647348 -0.2209568 0.07285805
v 2.621731 -0.2358506 0.06876143
v 2.573509 -0.2322934 0.05575154
v 2.52742 -0.2014247 0.00783824
v 2.521809 -0.1852434 -0.01641161
v 2.52717 -0.1814614 -0.05073173
v 2.550953 -0.1779634 -0.08800903
v 2.598789 -0.1448396 -0.1083505
v 2.624406 -0.1299394 -0.1042503
v 2.674557 -0.1391611 -0.09343751
v 2.59825 -0.2164604 -0.1063685
v 2.572588 -0.2267739 -0.08939681
v 2.62958 -0.1979212 -0.1157865
v 2.647774 -0.2007345 -0.1115621
v 2.694862 -0.2109466 -0.08079173
v 2.720241 -0.2064355 -0.03458949
v 2.700076 -0.2418793 -0.03690036
v 2.694676 -0.2512553 -0.003884505
v 2.664231 -0.2673087 0.01652259
v 2.625335 -0.2765577 0.0154943
v 2.605226 -0.2766479 0.007593118
v 2.552085 -0.2537411 -0.007933457
v 2.526436 -0.211132 -0.03190632
v 2.552882 -0.235268 -0.06465277
v 2.732157 -0.4417985 0.02238504
v 2.732104 -0.4873209 0.01820294
v 2.734729 -0.4842843 0.02355448
v 2.729697 -0.4419914 0.01648609
v 2.684487 -0.4882789 -0.01148248
v 2.679202 -0.4433407 -0.01274986
v 2.613171 -0.4763882 -0.003441613
v 2.610349 -0.452391 -0.001716713
v 2.720628 -0.4009537 0.04017727
v 2.718823 -0.3991744 0.03625529
v 2.666035 -0.4041049 0.002771795
v 2.601932 -0.4321086 0.00908705
v 2.700758 -0.3735733 0.07658666
v 2.697649 -0.372997 0.06088179
v 2.684273 -0.3671702 0.0978641
v 2.674812 -0.3627704 0.09803767
v 2.662712 -0.3760414 0.1381905
v 2.655087 -0.3734708 0.1381868
v 2.620975 -0.3674762 0.07299706
v 2.601145 -0.3788953 0.1114878
v 2.576467 -0.4145351 0.05188105
v 2.567446 -0.4221655 0.06622003
v 2.642678 -0.3768728 0.03282041
v 2.589779 -0.4192174 0.02725551
v 2.643223 -0.4048674 0.1700072
v 2.635478 -0.4020138 0.1690902
v 2.633096 -0.4441406 0.185919
v 2.627043 -0.4430628 0.1866085
v 2.635671 -0.4872688 0.1865768
v 2.63096 -0.486713 0.1881084
v 2.650866 -0.5250448 0.1722429
v 2.647568 -0.5269823 0.173222
v 2.581709 -0.490715 0.1585861
v 2.593713 -0.5330938 0.1401844
v 2.556732 -0.4831988 0.09116697
v 2.564342 -0.5049669 0.07675789
v 2.676415 -0.5494009 0.1452573
v 2.667316 -0.5546087 0.14348
v 2.614437 -0.5605353 0.1092832
v 2.573491 -0.5194111 0.06596373
v 2.579028 -0.4465162 0.1573819
v 2.555351 -0.45842 0.09177493
v 2.584343 -0.4059471 0.136685
v 2.559221 -0.4380417 0.08133934
v 2.685517 -0.5631881 0.1044409
v 2.69044 -0.5646214 0.1009685
v 2.711622 -0.5510137 0.06985431
v 2.710034 -0.5543138 0.06891149
v 2.636404 -0.5692475 0.07783218
v 2.656761 -0.5578958 0.03594942
v 2.585103 -0.5234274 0.04543206
v 2.596984 -0.5159343 0.02348456
v 2.729678 -0.5233012 0.04356782
v 2.725955 -0.5265759 0.03767912
v 2.674122 -0.5291215 0.005133091
v 2.608314 -0.500277 0.005588732
v 2.621728 -0.527671 0.01918145
v 2.59662 -0.5368744 0.05395445
v 2.622876 -0.4687234 -0.004612729
v 2.62327 -0.4502028 -0.00374709
v 2.596393 -0.4200597 0.02569482
v 2.571136 -0.4573444 0.0470433
v 2.569748 -0.4563904 0.04884718
v 2.576134 -0.4196437 0.0554497
v 2.565828 -0.4270591 0.09580503
v 2.573383 -0.4603766 0.1403797
v 2.562876 -0.4871732 0.1121313
v 2.571316 -0.5149666 0.09951566
v 2.58728 -0.5335918 0.06838701
v 2.642616 -0.3380756 0.01074226
v 2.610649 -0.3367282 -0.01455472
v 2.648684 -0.3408014 0.01203222
v 2.5968 -0.3315642 -0.013158
v 2.615335 -0.3912874 -0.02960943
v 2.654337 -0.3950949 -0.001955088
v 2.601074 -0.4613612 -0.001009977
v 2.624393 -0.4635383 0.01575203
v 2.66705 -0.3500536 0.04561299
v 2.670388 -0.3508241 0.04753322
v 2.676041 -0.406817 0.04009098
v 2.636078 -0.4693212 0.04396887
v 2.670693 -0.3564347 0.08698363
v 2.673752 -0.3633334 0.09347815
v 2.676654 -0.4160571 0.08558566
v 2.634775 -0.4741569 0.06321283
v 2.564657 -0.3388938 -0.02236411
v 2.557007 -0.3410383 -0.01972076
v 2.523325 -0.3493531 -0.01311548
v 2.519004 -0.3490877 -0.006853886
v 2.530252 -0.4017721 -0.02668519
v 2.576341 -0.3929009 -0.03740892
v 2.557125 -0.4639577 -0.00114747
v 2.578798 -0.4607555 -0.006474345
v 2.489858 -0.3591152 0.01600409
v 2.488138 -0.3551352 0.02672077
v 2.473941 -0.3664868 0.05633713
v 2.476365 -0.3624948 0.06145491
v 2.474478 -0.3788751 0.09501698
v 2.480645 -0.365173 0.1008142
v 2.479425 -0.4319676 0.08550657
v 2.477472 -0.4224567 0.04374816
v 2.524113 -0.4804068 0.06472814
v 2.523806 -0.4748705 0.03847587
v 2.496973 -0.4147099 0.001549007
v 2.53464 -0.468516 0.01465439
v 2.497367 -0.3892132 0.1387515
v 2.50043 -0.3815674 0.1387212
v 2.534027 -0.3929963 0.164949
v 2.548041 -0.3867376 0.1675532
v 2.540776 -0.4477177 0.1505512
v 2.501641 -0.443217 0.1232164
v 2.555826 -0.4875708 0.09829663
v 2.535101 -0.4847692 0.08274865
v 2.581332 -0.3911633 0.1732802
v 2.58616 -0.3775455 0.1701758
v 2.619285 -0.3799094 0.1630284
v 2.62161 -0.3693871 0.1582607
v 2.626281 -0.4368598 0.1488964
v 2.583837 -0.4454482 0.158568
v 2.602729 -0.4848087 0.09995458
v 2.581485 -0.487214 0.1044
v 2.654949 -0.3708041 0.1339018
v 2.654552 -0.3636617 0.1287601
v 2.662228 -0.4242182 0.1187372
v 2.623149 -0.4804213 0.08237918
v 2.57989 -0.4512436 0.1459479
v 2.581223 -0.4746801 0.1203236
v 2.546421 -0.4676973 0.1245762
v 2.518705 -0.4656047 0.1017778
v 2.602872 -0.4840944 0.08456513
v 2.559348 -0.4811053 0.060369
v 2.565455 -0.4819134 0.05762456
v 2.607033 -0.4803653 0.0526826
v 2.580336 -0.480413 0.03413293
v 2.575853 -0.4700785 0.009645198
v 2.546813 -0.4460616 -0.009851771
v 2.523631 -0.4589776 0.01691019
v 2.509392 -0.4611038 0.04230785
v 2.507179 -0.4635674 0.07175518
v 2.573999 -0.4552273 -0.1038493
v 2.59572 -0.4910231 -0.1034242
v 2.604874 -0.4848388 -0.1074657
v 2.570248 -0.4605768 -0.1029106
v 2.564073 -0.5156083 -0.05519775
v 2.536069 -0.4770567 -0.05501975
v 2.555463 -0.5043696 0.016376
v 2.541553 -0.4841152 0.016371
v 2.628501 -0.5170892 -0.08894026
v 2.633257 -0.5111827 -0.09169239
v 2.670488 -0.5252408 -0.06207568
v 2.670068 -0.5192358 -0.06796426
v 2.703457 -0.5113581 -0.0340202
v 2.703503 -0.5065421 -0.03956946
v 2.723961 -0.4815964 -0.006263397
v 2.724241 -0.477338 -0.01645585
v 2.692278 -0.5054812 0.03579729
v 2.670169 -0.5330794 0.01071161
v 2.657935 -0.5150446 0.04945774
v 2.610674 -0.5188343 0.04650542
v 2.633968 -0.5456932 -0.02137493
v 2.592949 -0.5253758 0.02875659
v 2.599815 -0.5378609 -0.04676781
v 2.57371 -0.5195087 0.01936505
v 2.727794 -0.443179 0.01588766
v 2.728323 -0.4417374 0.006927052
v 2.717172 -0.4021813 0.02348821
v 2.718457 -0.4027065 0.01592557
v 2.68492 -0.4270997 0.07129186
v 2.697526 -0.4630408 0.05939489
v 2.630925 -0.4471279 0.08652791
v 2.664709 -0.4652537 0.07759292
v 2.689584 -0.3643756 0.02191346
v 2.691559 -0.3656016 0.01606422
v 2.654904 -0.3424659 0.01178736
v 2.65712 -0.3442326 0.008215134
v 2.616831 -0.3354312 -0.01227681
v 2.62442 -0.3366506 -0.01627647
v 2.586199 -0.3559386 0.03241036
v 2.62447 -0.3643145 0.05711242
v 2.583019 -0.38548 0.06018493
v 2.591253 -0.4195926 0.07751475
v 2.659707 -0.3886689 0.07004518
v 2.625738 -0.4201303 0.08556505
v 2.584223 -0.3475122 -0.04201737
v 2.589131 -0.3482649 -0.04494265
v 2.561643 -0.3763058 -0.06868723
v 2.56661 -0.3737716 -0.06725755
v 2.530195 -0.3996113 -0.02629067
v 2.551206 -0.3688089 0.000560325
v 2.537481 -0.4421855 0.0321834
v 2.548415 -0.4179375 0.04581009
v 2.557261 -0.4157516 -0.09146824
v 2.563061 -0.4162813 -0.09396777
v 2.52576 -0.4364748 -0.04562773
v 2.534546 -0.4642697 0.01902281
v 2.619349 -0.3509032 -0.07546525
v 2.64495 -0.3438829 -0.06009239
v 2.607085 -0.3789752 -0.10211
v 2.570508 -0.4226304 -0.1037736
v 2.616535 -0.4417296 -0.1231996
v 2.625611 -0.4678684 -0.1200429
v 2.660257 -0.4785966 -0.1112807
v 2.693533 -0.4832599 -0.08928951
v 2.714092 -0.4702887 -0.07221504
v 2.727556 -0.4555033 -0.05201349
v 2.730943 -0.4463452 0.002555646
v 2.725572 -0.3979894 -0.00877168
v 2.69931 -0.3612119 -0.02633627
v 2.67475 -0.3461943 -0.03719009
v 2.577572 -0.09629017 -0.06090567
v 2.533402 -0.1216145 -0.004705263
v 2.543489 -0.1368026 -0.05482169
v 2.633557 -0.07047528 -0.0307306
v 2.550358 -0.1117672 0.03490566
v 2.658985 -0.07509324 -0.01967859
v 2.562422 -0.1236639 0.05957769
v 2.700259 -0.1074468 -0.004471076
v 2.655836 -0.07952189 0.02275342
v 2.568157 -0.1239324 0.06366538
v 2.549486 -0.1374714 0.04218768
v 2.642444 -0.09264374 -0.05085343
v 2.710391 -0.1608614 -0.03757681
v 2.66156 -0.224592 -0.05539364
v 2.70323 -0.2076511 -0.003954305
v 2.684601 -0.228394 0.01039928
v 2.621365 -0.2568645 -0.01162474
v 2.642108 -0.2408735 0.04096599
v 2.620209 -0.245722 0.03650876
v 2.555152 -0.2069052 0.04652141
v 2.67524 -0.09014478 -0.01085151
v 2.652289 -0.08083397 -0.02859998
v 2.687576 -0.1164355 0.03489488
v 2.690243 -0.1079493 0.0168088
v 2.670815 -0.1233156 0.0572657
v 2.601026 -0.1405122 0.0779781
v 2.566105 -0.1318187 0.05742512
v 2.551747 -0.1241865 0.03628705
v 2.550359 -0.1101702 0.0116838
v 2.561578 -0.09567928 -0.0177305
v 2.620585 -0.1503694 0.08381483
v 2.594551 -0.08096588 -0.03285883
v 2.628337 -0.07802415 -0.03672098
v 2.647179 -0.1327098 0.07389899
v 2.67836 -0.01459986 0.03021067
v 2.648947 -0.05571407 -0.01467269
v 2.69474 -0.01972032 -0.003595303
v 2.665437 -0.02555287 0.06755323
v 2.642908 -0.06919348 -0.01781725
v 2.680199 -0.03962386 0.1030113
v 2.652745 -0.0745551 0.1084281
v 2.662554 -0.1120519 -0.04388613
v 2.633607 -0.09198737 -0.01309674
v 2.645494 -0.07286668 0.09935232
v 2.676995 -0.06956291 -0.03220338
v 2.676628 -0.04430014 0.08388299
v 2.720073 -0.1461975 -0.04480162
v 2.775656 -0.1642733 0.006623051
v 2.74816 -0.1839916 0.01046267
v 2.746633 -0.1898852 0.03985433
v 2.761495 -0.1792528 0.05113033
v 2.786507 -0.155245 0.04620924
v 2.757386 -0.1585988 0.09863368
v 2.733096 -0.101658 0.1310801
v 2.649881 -0.1730502 0.03943438
v 2.649061 -0.1611536 0.07392593
v 2.650454 -0.1504961 -0.01207178
v 2.648438 -0.1694421 0.02234955
v 2.650333 -0.12131 -0.02598017
v 2.655756 -0.09091523 -0.03053492
v 2.658111 -0.06556821 -0.02050757
v 2.662805 -0.0429343 -0.001123904
v 2.671425 -0.02706742 0.02427334
v 2.652158 -0.1205022 0.1039809
v 2.656574 -0.1015688 0.1090546
v 2.67167 -0.02763298 0.05519814
v 2.669571 -0.04661965 0.09105391
v 2.662697 -0.0766823 0.1075927
v 2.552882 -0.235268 -0.06465277
v 2.605226 -0.2766479 0.007593118
v 2.572588 -0.2267739 -0.08939681
v 2.552085 -0.2537411 -0.007933457
v 2.625335 -0.2765577 0.0154943
v 2.59825 -0.2164604 -0.1063685
v 2.664231 -0.2673087 0.01652259
v 2.62958 -0.1979212 -0.1157865
v 2.694676 -0.2512553 -0.003884505
v 2.647774 -0.2007345 -0.1115621
v 2.700076 -0.2418793 -0.03690036
v 2.694862 -0.2109466 -0.08079173
v 2.526436 -0.211132 -0.03190632
v 2.720241 -0.2064355 -0.03458949
v 2.57744 -0.08295307 -0.006430654
v 2.594551 -0.08096588 -0.03285883
v 2.561578 -0.09567928 -0.0177305
v 2.606469 -0.0738309 -0.02091746
v 2.628337 -0.07802415 -0.03672098
v 2.626642 -0.07239085 -0.02193414
v 2.652289 -0.08083397 -0.02859998
v 2.648924 -0.07541326 -0.01263129
v 2.562467 -0.09591997 0.0133004
v 2.550359 -0.1101702 0.0116838
v 2.555876 -0.1090328 0.02982186
v 2.551747 -0.1241865 0.03628705
v 2.565089 -0.1257539 0.0573027
v 2.566105 -0.1318187 0.05742512
v 2.586058 -0.1300954 0.07208369
v 2.601026 -0.1405122 0.0779781
v 2.610038 -0.1319204 0.07948372
v 2.620585 -0.1503694 0.08381483
v 2.634978 -0.1306229 0.07903477
v 2.647179 -0.1327098 0.07389899
v 2.661733 -0.1271011 0.06985683
v 2.670815 -0.1233156 0.0572657
v 2.67743 -0.1160952 0.05197174
v 2.687576 -0.1164355 0.03489488
v 2.678658 -0.09814078 0.0268932
v 2.690243 -0.1079493 0.0168088
v 2.670664 -0.08561727 0.005229651
v 2.67524 -0.09014478 -0.01085151
v 2.788823 -0.1729106 0.09234288
v 2.775709 -0.1959165 0.006357453
v 2.768331 -0.1971809 0.07697287
v 2.781529 -0.1738293 -0.02294092
v 2.795185 -0.1487794 0.1058637
v 2.788518 -0.143602 -0.0387327
v 2.801762 -0.1181214 0.1096946
v 2.79368 -0.1138181 -0.04219329
v 2.810008 -0.08480841 0.09560158
v 2.801944 -0.08382511 -0.03002798
v 2.815799 -0.06184322 0.06407346
v 2.799491 -0.04594678 -0.002091217
v 2.73509 -0.213026 0.04708592
v 2.789004 -0.02694243 0.02807166
v 2.655914 -0.03522295 0.03726441
v 2.67167 -0.02763298 0.05519814
v 2.671425 -0.02706742 0.02427334
v 2.655394 -0.03976941 0.06057985
v 2.652548 -0.04086727 0.01952834
v 2.662805 -0.0429343 -0.001123904
v 2.669571 -0.04661965 0.09105391
v 2.662697 -0.0766823 0.1075927
v 2.647667 -0.07532531 0.09321971
v 2.656574 -0.1015688 0.1090546
v 2.641674 -0.09526876 0.09333368
v 2.652158 -0.1205022 0.1039809
v 2.634921 -0.1172018 0.08342024
v 2.649061 -0.1611536 0.07392593
v 2.629991 -0.1326517 0.06517001
v 2.647641 -0.05600113 -0.001149588
v 2.658111 -0.06556821 -0.02050757
v 2.640712 -0.07879734 -0.01061558
v 2.655756 -0.09091523 -0.03053492
v 2.634924 -0.1009729 -0.009528507
v 2.650333 -0.12131 -0.02598017
v 2.650454 -0.1504961 -0.01207178
v 2.62721 -0.1326041 0.0208648
v 2.648438 -0.1694421 0.02234955
v 2.627371 -0.1375082 0.04440995
v 2.649881 -0.1730502 0.03943438
v 2.558175 -0.1054049 0.1451479
v 2.541843 -0.130947 0.08919358
v 2.608258 -0.06299263 0.1260581
v 2.542412 -0.1433803 0.1378331
v 2.568109 -0.1220152 0.04819677
v 2.634915 -0.06260508 0.1399252
v 2.670063 -0.0653584 0.1112897
v 2.592864 -0.1588513 0.02289674
v 2.657768 -0.06261608 0.1078199
v 2.574943 -0.1401832 0.03633926
v 2.645535 -0.06377637 0.1225925
v 2.568985 -0.1109967 0.07959674
v 2.637577 -0.2510222 0.1097955
v 2.619062 -0.2285314 0.05257293
v 2.645262 -0.237645 0.0692627
v 2.695398 -0.2162803 0.0768792
v 2.710231 -0.2008025 0.1270706
v 2.717175 -0.205978 0.1444821
v 2.717373 -0.1851119 0.1334016
v 2.716131 -0.1223723 0.1438507
v 2.70333 -0.2024294 -0.0663267
v 2.744686 -0.1609575 -0.05684331
v 2.776936 -0.1414261 0.123016
v 2.793726 -0.1059611 0.05785956
v 2.574188 -0.2437312 0.03892324
v 2.734421 -0.04107615 0.03875856
v 2.621314 -0.09902644 -0.06516331
v 2.657573 -0.06688538 -0.04808504
v 2.748672 -0.05676466 0.1118025
v 2.541659 -0.1907345 0.04634606
v 2.60808 -0.2625319 0.1449203
v 2.582828 -0.2188928 0.1923265
v 2.609417 -0.1821027 0.2191958
v 2.561871 -0.2324677 0.1507094
v 2.638237 -0.1792335 0.2232439
v 2.629934 -0.2703563 0.1068649
v 2.672084 -0.1751567 0.2173686
v 2.663205 -0.2661566 0.1011318
v 2.711117 -0.1802267 0.1910929
v 2.696427 -0.251546 0.106543
v 2.720218 -0.205894 0.1668481
v 2.727248 -0.2192527 0.1177096
v 2.541987 -0.1994345 0.1444637
v 2.735533 -0.1941696 0.1402709
v 2.559016 -0.1115763 0.08598279
v 2.569828 -0.09183532 0.1096988
v 2.563514 -0.1318389 0.05918132
v 2.58478 -0.1466684 0.03521893
v 2.622753 -0.1538212 0.02064701
v 2.636229 -0.150414 0.01994414
v 2.655472 -0.1356087 0.02543945
v 2.690208 -0.1150197 0.05179709
v 2.593218 -0.07612908 0.1263282
v 2.623161 -0.06779873 0.1316658
v 2.653173 -0.06778339 0.125797
v 2.677934 -0.07651693 0.1037559
v 2.697105 -0.09735662 0.08002895
v 2.704233 -0.1079409 0.07450312
v 2.735599 -0.1748354 0.0982248
v 2.739221 -0.1702313 0.1220035
v 2.70275 -0.1863546 0.04787128
v 2.65431 -0.2147866 0.03346581
v 2.736108 -0.1500145 0.1278924
v 2.694065 -0.109873 0.1805346
v 2.647923 -0.1089708 0.2021224
v 2.628224 -0.1305817 0.2153628
v 2.578062 -0.1584358 0.2038748
v 2.540573 -0.1708913 0.1499765
v 2.628237 -0.2366954 0.0460306
v 2.582078 -0.2358227 0.06765912
v 2.540091 -0.195852 0.1203084
v 2.536951 -0.1754954 0.1261975
v 2.609417 -0.1821027 0.2191958
v 2.638237 -0.1792335 0.2232439
v 2.672084 -0.1751567 0.2173686
v 2.711117 -0.1802267 0.1910929
v 2.720218 -0.205894 0.1668481
v 2.735533 -0.1941696 0.1402709
v 2.727248 -0.2192527 0.1177096
v 2.696427 -0.251546 0.106543
v 2.663205 -0.2661566 0.1011318
v 2.629934 -0.2703563 0.1068649
v 2.60808 -0.2625319 0.1449203
v 2.561871 -0.2324677 0.1507094
v 2.541987 -0.1994345 0.1444637
v 2.582828 -0.2188928 0.1923265
v 2.602872 -0.4840944 0.08456513
v 2.565455 -0.4819134 0.05762456
v 2.607033 -0.4803653 0.0526826
v 2.559348 -0.4811053 0.060369
v 2.607988 -0.3324174 0.008447133
v 2.617309 -0.3633276 0.140583
v 2.581223 -0.4746801 0.1203236
v 2.580336 -0.480413 0.03413293
v 2.575853 -0.4700785 0.009645198
v 2.546813 -0.4460616 -0.009851771
v 2.57989 -0.4512436 0.1459479
v 2.513184 -0.4378225 0.003569599
v 2.533247 -0.4582687 -0.0003874421
v 2.556674 -0.4536 0.1432278
v 2.557602 -0.4827181 0.1147579
v 2.561408 -0.4861591 0.1111565
v 2.512433 -0.4510641 0.01096558
v 2.491807 -0.4465562 0.04889417
v 2.500777 -0.4330288 0.115041
v 2.484445 -0.4100574 0.0855682
v 2.530007 -0.448862 0.1293446
v 2.511723 -0.4531663 0.01749945
v 2.509697 -0.4235345 0.1068108
v 2.536839 -0.4774681 0.1214993
v 2.506546 -0.4108226 -0.00671244
v 2.534303 -0.4367012 -0.05490156
v 2.539887 -0.4649037 -0.03943409
v 2.571411 -0.511358 0.1188187
v 2.614714 -0.5373781 -0.02207212
v 2.527229 -0.4493732 0.01158976
v 2.535602 -0.4151967 0.01068376
v 2.636683 -0.3524697 -0.0230689
v 2.583019 -0.38548 0.06018493
v 2.72035 -0.436293 0.004741114
v 2.664709 -0.4652537 0.07759292
v 2.591253 -0.4195926 0.07751475
v 2.657935 -0.5150446 0.04945774
v 2.630925 -0.4471279 0.08652791
v 2.625738 -0.4201303 0.08556505
v 2.632605 -0.5357373 0.008338405
v 2.610674 -0.5188343 0.04650542
v 2.548415 -0.4179375 0.04581009
v 2.602177 -0.5356026 0.01315709
v 2.616881 -0.5372701 0.01964589
v 2.565857 -0.5212089 0.009063102
v 2.524426 -0.4461468 -0.01011969
v 2.531707 -0.4696952 -0.03432728
v 2.5709 -0.5075269 -0.0598571
v 2.536373 -0.4796102 -0.007031395
v 2.53028 -0.4517732 0.002493848
v 2.540149 -0.4410524 0.03088592
v 2.586942 -0.5298706 -0.0003090812
v 2.557609 -0.5109125 -0.008084497
v 2.601761 -0.5303098 0.01751038
v 2.596393 -0.4200597 0.02569482
v 2.569748 -0.4563904 0.04884718
v 2.576134 -0.4196437 0.0554497
v 2.571136 -0.4573444 0.0470433
v 2.679197 -0.3898702 0.1285271
v 2.717084 -0.4613651 0.01622765
v 2.565828 -0.4270591 0.09580503
v 2.573383 -0.4603766 0.1403797
v 2.62327 -0.4502028 -0.00374709
v 2.622876 -0.4687234 -0.004612729
v 2.607003 -0.4890425 0.006681643
v 2.621728 -0.527671 0.01918145
v 2.555742 -0.4918248 0.10271
v 2.642473 -0.5442249 0.02574105
v 2.597118 -0.5369034 0.03672048
v 2.552387 -0.4769774 0.1048744
v 2.599692 -0.5481546 0.05569622
v 2.581664 -0.5379274 0.09779404
v 2.58486 -0.5152063 0.1390695
v 2.63546 -0.546249 0.02202435
v 2.649024 -0.5436724 -0.007185632
v 2.717977 -0.4591396 -0.02464451
v 2.626617 -0.3397565 0.1145891
v 2.621327 -0.3690051 -0.06214135
v 2.721455 -0.4773428 0.01921896
v 2.58608 -0.3361387 -0.02418736
v 2.606912 -0.3303984 0.01256415
v 2.520557 -0.3919615 0.1243625
v 2.547793 -0.3445457 0.09683823
v 2.59894 -0.3296595 0.09349487
v 2.599607 -0.3501419 0.1332352
v 2.555463 -0.5043696 0.016376
v 2.536373 -0.4796102 -0.007031395
v 2.557609 -0.5109125 -0.008084497
v 2.541553 -0.4841152 0.016371
v 2.57371 -0.5195087 0.01936505
v 2.586942 -0.5298706 -0.0003090812
v 2.592949 -0.5253758 0.02875659
v 2.601761 -0.5303098 0.01751038
v 2.610674 -0.5188343 0.04650542
v 2.632605 -0.5357373 0.008338405
v 2.53028 -0.4517732 0.002493848
v 2.534546 -0.4642697 0.01902281
v 2.540149 -0.4410524 0.03088592
v 2.537481 -0.4421855 0.0321834
v 2.535602 -0.4151967 0.01068376
v 2.625611 -0.4678684 -0.1200429
v 2.607085 -0.3789752 -0.10211
v 2.616535 -0.4417296 -0.1231996
v 2.619349 -0.3509032 -0.07546525
v 2.660257 -0.4785966 -0.1112807
v 2.64495 -0.3438829 -0.06009239
v 2.693533 -0.4832599 -0.08928951
v 2.67475 -0.3461943 -0.03719009
v 2.714092 -0.4702887 -0.07221504
v 2.69931 -0.3612119 -0.02633627
v 2.727556 -0.4555033 -0.05201349
v 2.725572 -0.3979894 -0.00877168
v 2.570508 -0.4226304 -0.1037736
v 2.730943 -0.4463452 0.002555646
v 2.518705 -0.4656047 0.1017778
v 2.507179 -0.4635674 0.07175518
v 2.509392 -0.4611038 0.04230785
v 2.523631 -0.4589776 0.01691019
v 2.546421 -0.4676973 0.1245762
v 2.492797 -0.3314065 0.09952809
v 2.520971 -0.3217804 0.1272024
v 2.538352 -0.3391285 0.1538699
v 2.575163 -0.3360535 0.1597137
v 2.601099 -0.3273758 0.149765
v 2.639338 -0.3333552 0.1314125
v 2.66781 -0.3493682 0.09694356
v 2.648768 -0.3134461 0.06965013
v 2.632384 -0.3046146 0.04219957
v 2.598881 -0.2975819 0.02241322
v 2.561992 -0.3011011 0.01234422
v 2.533356 -0.3085175 0.0151354
v 2.504466 -0.3267608 0.02204323
v 2.480498 -0.3506051 0.04712416
v 2.648768 -0.3134461 0.06965013
v 2.66781 -0.3493682 0.09694356
v 2.639338 -0.3333552 0.1314125
v 2.601099 -0.3273758 0.149765
v 2.632384 -0.3046146 0.04219957
v 2.575163 -0.3360535 0.1597137
v 2.598881 -0.2975819 0.02241322
v 2.538352 -0.3391285 0.1538699
v 2.561992 -0.3011011 0.01234422
v 2.520971 -0.3217804 0.1272024
v 2.533356 -0.3085175 0.0151354
v 2.492797 -0.3314065 0.09952809
v 2.504466 -0.3267608 0.02204323
v 2.480498 -0.3506051 0.04712416
v 2.58728 -0.5335918 0.06838701
v 2.59662 -0.5368744 0.05395445
v 2.571316 -0.5149666 0.09951566
v 2.562876 -0.4871732 0.1121313
v 2.607003 -0.4890425 0.006681643
v 2.701349 -0.5418103 0.1469352
v 2.701931 -0.5574337 0.1145102
v 2.723196 -0.5469899 0.1008119
v 2.750986 -0.51297 0.07717923
v 2.758157 -0.4812576 0.06176666
v 2.757 -0.4478574 0.05918947
v 2.749083 -0.417522 0.06955413
v 2.735968 -0.3961632 0.09563713
v 2.690335 -0.3678863 0.1077307
v 2.697656 -0.3818913 0.1379108
v 2.69023 -0.4131058 0.1737158
v 2.68352 -0.4402227 0.1874454
v 2.68484 -0.4735818 0.1900606
v 2.69306 -0.506247 0.179213
v 2.735968 -0.3961632 0.09563713
v 2.697656 -0.3818913 0.1379108
v 2.690335 -0.3678863 0.1077307
v 2.69023 -0.4131058 0.1737158
v 2.749083 -0.417522 0.06955413
v 2.68352 -0.4402227 0.1874454
v 2.757 -0.4478574 0.05918947
v 2.68484 -0.4735818 0.1900606
v 2.758157 -0.4812576 0.06176666
v 2.69306 -0.506247 0.179213
v 2.750986 -0.51297 0.07717923
v 2.701349 -0.5418103 0.1469352
v 2.723196 -0.5469899 0.1008119
v 2.701931 -0.5574337 0.1145102
v 2.711997 -0.5340853 0.1482257
v 2.652124 -0.5628905 0.0858223
v 2.671772 -0.5385914 0.1625473
v 2.615535 -0.5336633 0.1449206
v 2.666402 -0.5472442 0.03920454
v 2.601353 -0.4999515 0.1602886
v 2.663642 -0.5231919 0.01592869
v 2.592721 -0.4720353 0.1594496
v 2.657667 -0.507063 0.007921163
v 2.581522 -0.4668334 0.139103
v 2.64661 -0.4978329 0.01211578
v 2.594198 -0.4427071 0.1424143
v 2.60732 -0.4466358 0.1727006
v 2.716088 -0.5219949 0.1523232
v 2.727772 -0.4951175 0.1616663
v 2.677821 -0.4239166 0.1884918
v 2.718482 -0.3688783 0.1416352
v 2.726123 -0.4659345 0.1708874
v 2.715154 -0.4544058 0.1798014
v 2.733123 -0.481147 0.1614894
v 2.772106 -0.4532487 0.0644255
v 2.76517 -0.4866641 0.07755355
v 2.76165 -0.4937056 0.1003105
v 2.689899 -0.4494444 0.1909239
v 2.756574 -0.4952573 0.117134
v 2.73812 -0.51467 0.134874
v 2.727261 -0.3802227 -0.04098841
v 2.617497 -0.4810749 0.03070696
v 2.573401 -0.4416851 0.1261996
v 2.533674 -0.3834877 -0.01097341
v 2.532211 -0.4280462 -0.02008624
v 2.530349 -0.38974 -0.02870072
v 2.542781 -0.4605731 -0.04899134
v 2.561101 -0.4924134 -0.05527559
v 2.564917 -0.4668668 -0.09269313
v 2.60232 -0.5255975 -0.04326723
v 2.640173 -0.530275 -0.008900753
v 2.605999 -0.5026298 -0.09608363
v 2.647455 -0.4517958 0.06396909
v 2.646782 -0.5258661 0.003203101
v 2.656447 -0.4998537 0.03804369
v 2.712949 -0.4467829 0.03615038
v 2.707161 -0.5058467 -0.02592065
v 2.557055 -0.3778615 -0.09182885
v 2.639579 -0.3232882 -0.08331162
v 2.615203 -0.4152587 -0.1280353
v 2.613151 -0.4368961 -0.1290451
v 2.637538 -0.4547817 -0.1284891
v 2.725548 -0.4665845 -0.06459305
v 2.71302 -0.457953 -0.0892525
v 2.67171 -0.4726383 -0.1150434
v 2.659326 -0.465791 -0.122029
v 2.727497 -0.4741566 -0.04470339
v 2.720679 -0.4510644 0.02238791
v 2.733859 -0.4026893 -0.04047564
v 2.712306 -0.381683 -0.0687265
v 2.694861 -0.4730167 -0.1009237
v 2.634067 -0.2991534 -0.04176687
v 2.631231 -0.320638 0.1515538
v 2.590659 -0.3392747 0.1677408
v 2.588824 -0.449083 0.1355764
v 2.539716 -0.3992632 -0.005230382
v 2.555648 -0.4126111 -0.01626273
v 2.568543 -0.4479311 0.139236
v 2.537854 -0.4116814 -0.01160724
v 2.543442 -0.4478704 0.1321676
v 2.51083 -0.409776 0.003876087
v 2.515062 -0.4387914 0.1216753
v 2.490194 -0.4133682 0.03362752
v 2.483076 -0.3973554 0.1111686
v 2.473893 -0.3635874 0.0759194
v 2.481434 -0.346475 0.09444095
v 2.530254 -0.3032098 0.1199825
v 2.5384 -0.3146954 0.1412792
v 2.504687 -0.3059025 0.06641413
v 2.485503 -0.3345501 0.08113696
v 2.528751 -0.2895236 0.05560565
v 2.584216 -0.2794093 0.02756498
v 2.550189 -0.2895955 0.02319525
v 2.495881 -0.3224298 0.09822251
v 2.537145 -0.2890662 0.0375111
v 2.569786 -0.3197994 0.1564996
v 2.551733 -0.3200206 0.1523266
v 2.652959 -0.2600544 0.09224816
v 2.691256 -0.1990045 0.1730094
v 2.620664 -0.2469558 0.1385297
v 2.71314 -0.2420378 0.1148552
v 2.698762 -0.1943079 0.1622858
v 2.620889 -0.2453154 0.1200869
v 2.704676 -0.1956004 0.1445054
v 2.648277 -0.242422 0.1025318
v 2.686812 -0.2295624 0.116491
v 2.645153 -0.2132985 0.06946559
v 2.611288 -0.1650827 0.0569224
v 2.62769 -0.1335949 0.06109997
v 2.651351 -0.1286149 0.07057305
v 2.630568 -0.1362849 0.06285711
v 2.616963 -0.1560885 0.05838737
v 2.622304 -0.1362346 0.06612559
v 2.625674 -0.13725 0.06496342
v 2.611163 -0.1492015 0.06679961
v 2.656501 -0.1205792 0.08240004
v 2.648378 -0.1231513 0.07505389
v 2.663982 -0.118597 0.09203942
v 2.602446 -0.1598363 0.0701035
v 2.614931 -0.1390322 0.07685587
v 2.67494 -0.1244357 0.08648212
v 2.771194 -0.1931475 0.07520476
v 2.75813 -0.1925614 -0.004762504
v 2.785519 -0.1357367 -0.01461183
v 2.79729 -0.1333153 0.076198
v 2.776632 -0.1380095 -0.01926253
v 2.785516 -0.1434452 0.08206716
v 2.761278 -0.1617976 -0.009509658
v 2.767614 -0.1583265 0.08212367
v 2.755574 -0.1767941 0.01146296
v 2.763816 -0.1598414 0.08319191
v 2.69888 -0.170065 0.03785139
v 2.674487 -0.1466992 0.04680533
v 2.663757 -0.1219289 0.0378365
v 2.666759 -0.1337804 0.03764648
v 2.665507 -0.1286118 0.04468841
v 2.680881 -0.1062467 0.07771475
v 2.688855 -0.1046519 0.08449715
v 2.664417 -0.1141548 0.02782101
v 2.674753 -0.1067036 0.006369171
v 2.667666 -0.1113683 0.01830155
v 2.66465 -0.1169762 0.05124778
v 2.669533 -0.1119633 0.06338067
v 2.672886 -0.1384324 0.0004999616
v 2.678246 -0.1067465 0.07099611
v 2.612365 -0.1552523 0.04393693
v 2.661234 -0.268382 0.01500601
v 2.597558 -0.2551742 -0.0157179
v 2.703676 -0.2154814 -0.0371563
v 2.662611 -0.2200823 -0.07262487
v 2.604509 -0.2586223 -0.01924447
v 2.681979 -0.1942323 -0.05596943
v 2.682835 -0.2141113 -0.04606886
v 2.611582 -0.2520208 0.005924901
v 2.684172 -0.2206054 -0.02715535
v 2.619312 -0.2506739 0.01103516
v 2.650829 -0.1961786 0.04575605
v 2.590282 -0.1721065 0.04839465
v 2.615515 -0.1405476 0.0438896
v 2.614876 -0.1360984 0.03564509
v 2.626441 -0.1459323 0.04329153
v 2.625635 -0.1371878 0.03632422
v 2.611102 -0.153569 0.04312965
v 2.623787 -0.1447712 0.04121454
v 2.644756 -0.1288819 0.02120228
v 2.649789 -0.1278044 0.01393909
v 2.605171 -0.1495371 0.03875824
v 2.64606 -0.1236458 0.006033607
v 2.631453 -0.1323531 0.03225656
v 2.655329 -0.1261877 -0.01118469
v 2.665879 -0.1304402 0.002268017
v 2.663214 -0.35108 -0.0764745
v 2.755172 -0.4131957 0.007843046
v 2.723435 -0.3004127 -0.02005681
v 2.718981 -0.4430089 -0.04223176
v 2.621689 -0.3185746 0.06409212
v 2.584517 -0.3395786 4.246789E-05
v 2.626791 -0.4531726 0.06247445
v 2.648307 -0.4201052 0.080615
v 2.647431 -0.4019889 -9.005575E-05
v 2.61518 -0.3412816 0.04490181
v 2.692783 -0.4519292 -0.01600773
v 2.784859 -0.3885997 0.04625692
v 2.759503 -0.4537092 0.1125611
v 2.717083 -0.3423564 0.1455509
v 2.647542 -0.4155509 0.1505344
v 2.5966 -0.4143532 0.05829808
v 2.710367 -0.3051573 -0.0207475
v 2.711396 -0.4085042 0.001393183
v 2.675816 -0.4108614 0.06003756
v 2.67578 -0.3646779 -0.08267529
v 2.555485 -0.3539969 -0.05470541
v 2.551476 -0.3122793 -0.01809998
v 2.559502 -0.3888176 0.04732154
v 2.601353 -0.4257452 0.06393167
v 2.586458 -0.4157476 -0.002499552
v 2.697394 -0.3888648 0.0598945
v 2.676439 -0.4156717 0.06889553
v 2.57219 -0.3959412 -0.02717879
v 2.682996 -0.3140773 0.09463686
v 2.587872 -0.3070409 0.1167121
v 2.549766 -0.3016272 0.006014568
v 2.531196 -0.3220238 0.02605652
v 2.742841 -0.412799 0.04043619
v 2.683393 -0.3056248 0.1613469
v 2.701814 -0.3353711 0.02416055
v 2.71615 -0.4144137 0.1655352
v 2.613586 -0.4284254 0.161138
v 2.593967 -0.4034936 0.1418413
v 2.598707 -0.4382054 0.03389356
v 2.640491 -0.3798911 0.003839681
v 2.552448 -0.31319 0.1292307
v 2.621876 -0.4054253 0.1545502
v 2.635238 -0.4095906 0.1531617
v 2.679024 -0.4092172 0.04244941
v 2.688162 -0.3986027 0.03578919
v 2.584615 -0.3424976 -0.003955753
v 2.620384 -0.3415974 -0.003210052
v 2.537034 -0.3526534 0.1169157
v 2.709105 -0.3535854 0.03705423
v 2.695232 -0.2856651 0.1413118
v 2.564337 -0.343796 0.02179191
v 2.570562 -0.2797817 0.1318836
v 2.736987 -0.6206104 0.1846892
v 2.806625 -0.5558969 0.1717955
v 2.791724 -0.608714 0.1512844
v 2.793086 -0.5080237 0.1846892
v 2.690972 -0.6234419 0.1846826
v 2.76763 -0.4695943 0.1846911
v 2.649857 -0.6029403 0.1847038
v 2.726511 -0.4490921 0.1846942
v 2.615105 -0.5615361 0.1758373
v 2.680498 -0.4519246 0.1847243
v 2.622808 -0.513407 0.1848287
v 2.625762 -0.4638202 0.1513323
v 2.642338 -0.5954869 -0.01083487
v 2.635445 -0.5560122 -0.02127682
v 2.736579 -0.4517593 -0.01082643
v 2.775042 -0.4769909 -0.01084797
v 2.680798 -0.620715 -0.01083846
v 2.795785 -0.5182123 -0.01086848
v 2.726713 -0.6233333 -0.01086827
v 2.803379 -0.5678451 0.00201131
v 2.781585 -0.6188248 0.02252426
v 2.690664 -0.4491416 -0.01083345
v 2.60688 -0.5091481 0.011139
v 2.635794 -0.45365 0.02257152
v 2.880424 -0.315563 0.1580873
v 2.749116 -0.2595138 0.1521265
v 2.866233 -0.2708563 0.14099
v 2.712994 -0.3262368 0.1625764
v 2.843584 -0.3923498 0.1895577
v 2.749936 -0.4289455 0.144655
v 2.891155 -0.3256563 0.08995425
v 2.891171 -0.3347003 0.07815729
v 2.891176 -0.3403823 0.06442223
v 2.866276 -0.400531 0.0422883
v 2.702155 -0.3257073 0.08996743
v 2.702171 -0.3347514 0.07817143
v 2.702176 -0.3404343 0.06443637
v 2.711145 -0.3789528 0.0467953
v 2.698823 -0.2798123 -0.03618367
v 2.704305 -0.2798053 -0.01578267
v 2.698845 -0.2798243 -0.006307674
v 2.704297 -0.2798013 -0.02671768
v 2.689349 -0.2798364 -0.04164465
v 2.689378 -0.2798524 -0.0008336388
v 2.678413 -0.2798654 -0.04163665
v 2.678443 -0.2798823 -0.0008256478
v 2.668947 -0.2798933 -0.03616268
v 2.668969 -0.2799053 -0.006286682
v 2.663486 -0.2799124 -0.02668768
v 2.663494 -0.2799163 -0.01575261
v 2.749936 -0.4289455 0.144655
v 2.866276 -0.400531 0.0422883
v 2.711145 -0.3789528 0.0467953
v 2.843584 -0.3923498 0.1895577
v 2.724419 -0.2564426 0.1756338
v 2.843988 -0.3113753 0.1520908
v 2.726871 -0.3000238 0.1409928
v 2.883132 -0.2478299 0.1553208
v 2.858645 -0.1633341 0.1646341
v 2.715006 -0.1798679 0.1512263
v 2.748853 -0.1546777 0.03916923
v 2.865971 -0.1702177 0.04238235
v 2.890877 -0.2303843 0.0644673
v 2.890903 -0.2360783 0.07819735
v 2.890936 -0.2451313 0.08998632
v 2.701878 -0.2304353 0.06448048
v 2.701903 -0.2361293 0.07821149
v 2.701936 -0.2451833 0.09000033
v 2.715318 -0.2444336 0.1187411
v 2.60007 -0.2914586 0.1744177
v 2.597201 -0.2593937 0.113158
v 2.751899 -0.3038992 0.1563651
v 2.708402 -0.4070765 0.1733121
v 2.605004 -0.3977199 0.1655192
v 2.597233 -0.3941194 0.05227861
v 2.753363 -0.3723545 0.05634359
v 2.762314 -0.3192123 0.0900704
v 2.572314 -0.3192664 0.09008454
v 2.641029 -0.427591 -0.1028933
v 2.770376 -0.4466847 0.01171246
v 2.770361 -0.4307544 -0.1064048
v 2.612709 -0.3992657 0.03044005
v 2.770365 -0.3065543 0.0338054
v 2.62029 -0.3178576 0.02284928
v 2.77035 -0.3286372 -0.1223251
v 2.612684 -0.3102577 -0.07455897
v 2.702348 -0.1658047 0.1476328
v 2.713585 -0.2541776 0.1604471
v 2.733367 -0.1968319 0.1691849
v 2.730707 -0.288138 0.1759622
v 2.793329 -0.1657777 0.1489621
v 2.821681 -0.194122 0.1759621
v 2.799721 -0.2661454 0.1616936
v 2.814115 -0.2805301 0.1683663
v 2.709247 -0.2164764 0.1651933
v 2.730319 -0.2829108 0.160449
v 2.802547 -0.2164283 0.171214
v 2.827703 -0.2657617 0.1489509
v 2.825778 -0.1909543 0.15513
v 2.694303 -0.2215915 0.1531373
v 2.676996 -0.2754815 0.0722974
v 2.672826 -0.1964337 0.05227179
v 2.711689 -0.1752123 -0.05154022
v 2.844948 -0.1868271 0.04270017
v 2.808016 -0.1978468 -0.06390083
v 2.717705 -0.1811963 -0.05154726
v 2.821603 -0.194078 -0.0463714
v 2.799627 -0.1530041 -0.03740584
v 2.814026 -0.2804811 -0.05178344
v 2.784994 -0.251446 -0.06984746
v 2.724225 -0.1877213 -0.07210287
v 2.689549 -0.2661234 -0.0374058
v 2.736243 -0.2768618 -0.0578563
v 2.805677 -0.2720965 -0.05911791
v 2.730259 -0.2828777 -0.05785426
v 2.822022 -0.3054193 0.07228436
v 2.705175 -0.227888 0.003718899
v 2.827035 -0.1679392 0.02210081
v 2.760189 -0.1498953 -0.0007833578
v 2.732275 -0.2443438 -0.002454245
v 2.689039 -0.1628069 0.01149207
v 2.750239 -0.2851558 0.03409771
v 2.762404 -0.2933689 0.06816295
v 2.663902 -0.1667565 0.06325383
v 2.76667 -0.2438083 0.03529254
v 2.663568 -0.2061283 0.03294772
v 2.768151 -0.2976491 0.05624357
v 2.632674 -0.2833214 0.07062932
v 2.798917 -0.2593095 0.1338352
v 2.790982 -0.2358965 0.170725
v 2.72815 -0.1396627 0.1547515
v 2.702698 -0.16038 0.1775095
v 2.785558 -0.2518853 0.1699971
v 2.643825 -0.1975202 0.1729047
v 2.722141 -0.2638453 0.1500135
v 2.764336 -0.1286769 0.1470881
v 2.753787 -0.2832804 0.1887209
v 2.667385 -0.3180286 0.1540315
v 2.713876 -0.3157431 0.160404
v 2.702688 -0.404137 0.1475827
v 2.733706 -0.3730888 0.1691348
v 2.730997 -0.2818047 0.1759192
v 2.793668 -0.40411 0.148911
v 2.822021 -0.3757877 0.1759111
v 2.800011 -0.3037422 0.1616506
v 2.814405 -0.2893796 0.1683232
v 2.709619 -0.3534763 0.1651383
v 2.730577 -0.2870419 0.1604111
v 2.802919 -0.3534274 0.171158
v 2.82796 -0.304094 0.148913
v 2.826259 -0.3788223 0.1550354
v 2.694664 -0.3484598 0.1530629
v 2.677253 -0.2944552 0.07225937
v 2.673198 -0.373503 0.05221671
v 2.71206 -0.3946744 -0.05159523
v 2.845319 -0.3830125 0.04264414
v 2.808388 -0.3719428 -0.0639568
v 2.718044 -0.3886584 -0.05159726
v 2.821942 -0.3757437 -0.04642236
v 2.799967 -0.4168076 -0.0374568
v 2.814316 -0.2893306 -0.05182648
v 2.785286 -0.3183756 -0.06989049
v 2.724565 -0.3821225 -0.07215288
v 2.689839 -0.3037212 -0.03744878
v 2.736533 -0.2929929 -0.05789933
v 2.805935 -0.2976932 -0.05915594
v 2.730517 -0.2870089 -0.05789229
v 2.82228 -0.2644193 0.07224633
v 2.705494 -0.3422174 0.003674434
v 2.827627 -0.4017031 0.0220759
v 2.760922 -0.4200013 -0.000857089
v 2.732495 -0.3257071 -0.002516711
v 2.689693 -0.4074636 0.01142138
v 2.750239 -0.2847916 0.03404704
v 2.762351 -0.2765308 0.0681372
v 2.664532 -0.4036716 0.06318886
v 2.766894 -0.3261745 0.03524294
v 2.663978 -0.3641798 0.03286833
v 2.768348 -0.2724986 0.05621353
v 2.632871 -0.2869192 0.07060023
v 2.799062 -0.310402 0.1337749
v 2.79126 -0.3339143 0.1706711
v 2.72894 -0.4304413 0.154663
v 2.703382 -0.4099021 0.1774208
v 2.785773 -0.3181224 0.1699754
v 2.644254 -0.3728913 0.1729004
v 2.722257 -0.306275 0.1499514
v 2.765183 -0.4412137 0.1470141
v 2.753985 -0.2868782 0.1886908
v 2.667583 -0.2522231 0.1540026
v 2.893472 -0.4305495 -0.01209273
v 2.866412 -0.3134476 -0.09715547
v 2.852121 -0.4619246 -0.08279385
v 2.877468 -0.3024322 -0.01208069
v 2.775485 -0.4760954 -0.01207368
v 2.782676 -0.4383282 -0.1191848
v 2.677331 -0.4265477 -0.07910915
v 2.652254 -0.3998177 -0.01202058
v 2.674671 -0.334422 -0.1046853
v 2.693352 -0.286744 -0.01201863
v 2.662849 -0.2895701 0.06883115
v 2.780988 -0.2320592 0.08137432
v 2.797826 -0.2751514 0.0544454
v 2.659095 -0.1739838 0.08137651
v 2.7815 -0.1816508 0.09847108
v 2.752039 -0.07882378 0.08577386
v 2.842064 -0.09623638 0.08097614
v 2.770698 -0.211456 0.08099106
v 2.891234 -0.1578577 0.08113741
v 2.767427 -0.2121819 0.08117047
v 2.894539 -0.2494867 0.07633887
v 2.764205 -0.277866 0.0480186
v 2.785458 -0.2192499 -0.05535768
v 2.763116 -0.3098466 -0.02845678
v 2.677213 -0.2751905 -0.06314583
v 2.654642 -0.1867336 -0.05532974
v 2.787438 -0.2024317 -0.05965798
v 2.761127 -0.2044002 -0.05504249
v 2.746905 -0.06071839 -0.03833971
v 2.851516 -0.1033102 -0.05503364
v 2.895215 -0.1700006 -0.05526087
v 2.866196 -0.277814 -0.05049439
v 2.771788 -0.2702691 -0.04288946
v 2.787438 -0.2024317 -0.05965798
v 2.654642 -0.1867336 -0.05532974
v 2.785458 -0.2192499 -0.05535768
v 2.746905 -0.06071839 -0.03833971
v 2.851516 -0.1033102 -0.05503364
v 2.761127 -0.2044002 -0.05504249
v 2.895215 -0.1700006 -0.05526087
v 2.763358 -0.1999354 -0.05527375
v 2.866196 -0.277814 -0.05049439
v 2.771788 -0.2702691 -0.04288946
v 2.659095 -0.1739838 0.08137651
v 2.752039 -0.07882378 0.08577386
v 2.767427 -0.2121819 0.08117047
v 2.770698 -0.211456 0.08099106
v 2.764205 -0.277866 0.0480186
v 2.599833 -0.2789863 0.1744308
v 2.715153 -0.3258835 0.118708
v 2.597036 -0.3110276 0.113139
v 2.751676 -0.2664302 0.1563821
v 2.708057 -0.1632607 0.1733891
v 2.604689 -0.1727166 0.1655972
v 2.596962 -0.1762523 0.05236647
v 2.753092 -0.1979125 0.05641393
v 2.762129 -0.2510813 0.09009735
v 2.572129 -0.2511364 0.09011243
v 2.777742 -0.1919017 0.07598296
v 2.657369 -0.2032509 0.1874983
v 2.63464 -0.2259622 0.03619476
v 2.770161 -0.1994996 0.1683912
v 2.787612 -0.3170685 0.1690492
v 2.779362 -0.3355566 0.05454364
v 2.735125 -0.3767138 0.1684319
v 2.718685 -0.3830099 0.055175
v 2.623601 -0.372352 0.1476528
v 2.631182 -0.3647541 0.05524464
v 2.995365 -0.03587586 0.03801293
v 2.775469 -0.03712827 0.1652629
v 2.747426 -0.06538582 0.01016382
v 2.987687 -0.04358324 0.1580406
v 2.908748 -0.2480157 0.1653887
v 2.956747 -0.2280844 -0.007396386
v 2.936536 -0.2188343 0.009849871
v 2.974908 -0.2098301 0.182551
v 2.933323 -0.2618338 0.169139
v 2.89541 -0.291948 0.006063559
v 2.827954 -0.2727747 0.1768352
v 2.832466 -0.2733055 -0.001558423
v 2.637067 -0.27278 0.1413917
v 2.647427 -0.2647155 0.01236589
v 2.644356 -0.1585484 0.01932521
v 2.643547 -0.1649964 0.1561718
v 2.667529 -0.03734976 -0.001428307
v 2.6903 -0.0144617 0.1770153
v 2.995365 -0.03587586 0.03801293
v 2.987687 -0.04358324 0.1580406
v 2.773267 -0.11105 -0.01710419
v 2.812406 -0.001499236 0.03898801
v 2.766171 -0.1259083 -0.009325958
v 2.747426 -0.06538582 0.01016382
v 2.744111 -0.1259243 0.1688046
v 2.775469 -0.03712827 0.1652629
v 2.812406 -0.001499236 0.03898801
v 2.6903 -0.0144617 0.1770153
v 2.667529 -0.03734976 -0.001428307
v 2.80524 -0.009051085 0.1571032
v 2.78619 -0.1104746 0.1893777
v 2.773267 -0.11105 -0.01710419
v 2.88541 -0.2847824 0.05661069
v 2.786163 -0.3098993 0.1741175
v 2.767603 -0.3284408 0.008729244
v 2.879292 -0.2921522 0.1462522
v 2.882465 -0.3288887 0.1647006
v 2.865448 -0.3116218 0.01809179
v 2.93556 -0.3283724 0.1661585
v 2.953316 -0.3500419 0.01652201
v 2.961989 -0.4728465 0.1615058
v 2.957246 -0.4859633 0.02110263
v 2.912491 -0.5454015 0.1267069
v 2.910943 -0.5355885 0.03562782
v 2.803581 -0.471229 0.02609767
v 2.795065 -0.4318912 0.1565968
v 2.818946 -0.4046272 0.01811183
v 2.819334 -0.4286714 0.1645787
v 2.816952 -0.4218125 0.01418746
v 2.823433 -0.4274105 0.1685573
v 2.827522 -0.4564914 0.04404665
v 2.831262 -0.440612 0.1607835
v 2.748143 -0.439663 0.1282417
v 2.755722 -0.4320641 0.03383354
v 2.385117 -0.2666144 -0.03406795
v 2.39275 -0.2666174 -0.0452207
v 2.383315 -0.2666264 0.01640992
v 2.408651 -0.2666054 -0.06729463
v 2.388214 -0.3026054 -0.03408393
v 2.400722 -0.3253346 -0.05265698
v 2.389827 -0.3026134 -0.04521569
v 2.416801 -0.3517011 0.0448542
v 2.417778 -0.2666184 0.0637925
v 2.530504 -0.3372465 0.06516075
v 2.550677 -0.2888463 0.05853342
v 2.414308 -0.2648625 0.05017356
v 2.597093 -0.275471 0.04586694
v 2.406813 -0.1823863 -0.0484216
v 2.552468 -0.359211 -0.03557488
v 2.542868 -0.3051463 -0.06999245
v 2.595577 -0.2527233 -0.07001142
v 2.620741 -0.2484581 0.01579018
v 2.609989 -0.1887212 -0.04194365
v 2.391515 -0.1907117 0.0171812
v 2.397996 -0.2758113 0.03080742
v 2.568142 -0.1665608 -0.02609542
v 2.557071 -0.3102122 0.01440046
v 2.646366 -0.2566377 -0.02594733
v 2.652122 -0.201221 -0.02256191
v 2.618146 -0.2849789 0.148369
v 2.434201 -0.2981221 0.12654
v 2.391126 -0.2351762 0.122849
v 2.667314 -0.250367 0.1072423
v 2.434039 -0.2890706 0.1535126
v 2.624441 -0.2540415 0.1881258
v 2.659003 -0.144608 0.1534719
v 2.62993 -0.1101897 0.04612013
v 2.408651 -0.2666054 -0.06729463
v 2.389827 -0.3026134 -0.04521569
v 2.388214 -0.3026054 -0.03408393
v 2.385117 -0.2666144 -0.03406795
v 2.400722 -0.3253346 -0.05265698
v 2.542868 -0.3051463 -0.06999245
v 2.39275 -0.2666174 -0.0452207
v 2.552468 -0.359211 -0.03557488
v 2.595577 -0.2527233 -0.07001142
v 2.406813 -0.1823863 -0.0484216
v 2.609989 -0.1887212 -0.04194365
v 2.568142 -0.1665608 -0.02609542
v 2.391515 -0.1907117 0.0171812
v 2.419049 -0.120049 0.0399361
v 2.62993 -0.1101897 0.04612013
v 2.652122 -0.201221 -0.02256191
v 2.419468 -0.1306381 0.1678579
v 2.62993 -0.1101897 0.04612013
v 2.659003 -0.144608 0.1534719
v 2.419049 -0.120049 0.0399361
v 2.624441 -0.2540415 0.1881258
v 2.419468 -0.1306381 0.1678579
v 2.659003 -0.144608 0.1534719
v 2.434039 -0.2890706 0.1535126
v 2.625216 -0.3188723 0.04458721
v 2.425308 -0.2939763 0.01237121
v 2.385816 -0.3006188 0.06324105
v 2.58571 -0.2590281 0.04700634
v 2.632815 -0.3120811 0.1190657
v 2.61153 -0.4208344 0.0493147
v 2.595604 -0.3897028 -0.04501317
v 2.585528 -0.2679385 -0.02102909
v 2.600525 -0.4210824 0.03872642
v 2.6006 -0.4503378 0.0782015
v 2.585875 -0.4181395 0.1720877
v 2.58571 -0.2590281 0.04700634
v 2.386042 -0.2990932 0.1323667
v 2.425308 -0.2939763 0.01237121
v 2.632815 -0.3120811 0.1190657
v 2.585875 -0.4181395 0.1720877
v 2.425472 -0.4530876 0.1374526
v 2.425472 -0.4530876 0.1374526
v 2.6006 -0.4503378 0.0782015
v 2.410737 -0.4433385 0.06078343
v 2.585875 -0.4181395 0.1720877
v 2.600525 -0.4210824 0.03872642
v 2.410661 -0.4285758 0.05627648
v 2.61153 -0.4208344 0.0493147
v 2.399629 -0.4200447 0.04300074
v 2.595604 -0.3897028 -0.04501317
v 2.394004 -0.3789557 -0.02968618
v 2.425204 -0.3029651 -0.05560039
v 2.585528 -0.2679385 -0.02102909
v 2.585528 -0.2679385 -0.02102909
v 2.385816 -0.3006188 0.06324105
v 2.425204 -0.3029651 -0.05560039
v 2.625216 -0.3188723 0.04458721
v 3.00284 -0.3214783 0.162618
v 3.002831 -0.3215055 0.02249056
v 3.023165 -0.3498009 0.03687483
v 3.02354 -0.5001105 0.1482285
v 3.004026 -0.5321956 -0.01014442
v 3.000921 -0.313844 0.04056031
v 2.988448 -0.3498532 -0.06284195
v 2.878069 -0.4896154 -0.06280365
v 2.891779 -0.3198942 -0.04024836
v 2.838238 -0.3328221 0.02515042
v 2.846286 -0.5266142 0.0269624
v 2.828008 -0.5037708 0.07156337
v 2.826908 -0.3590879 0.04596782
v 2.826883 -0.3451681 0.1392371
v 2.875422 -0.3140497 0.0149356
v 2.875797 -0.5224587 0.1702129
v 2.60893 -0.3791252 0.1688409
v 2.688443 -0.3500609 0.03877347
v 2.618642 -0.3202658 0.03074499
v 2.695735 -0.3572114 0.1715507
v 2.619885 -0.2288058 0.03373035
v 2.682489 -0.1777761 0.07317537
v 2.598309 -0.2163177 0.1875186
v 2.717191 -0.2124782 0.1445774
v 2.652297 -0.2592563 0.1525659
v 2.623032 -0.2056632 0.03839155
v 2.465788 -0.2475334 0.03997244
v 2.444487 -0.2169751 0.06639639
v 2.454179 -0.2889864 0.06102469
v 2.456686 -0.2475344 0.1700766
v 2.454737 -0.2497448 0.166339
v 2.454694 -0.3539707 0.1592846
v 2.644752 -0.20994 0.06027956
v 2.644758 -0.2403637 0.1750004
v 2.652118 -0.1836573 0.08194228
v 2.617418 -0.1489571 0.1533435
v 2.467641 -0.1694626 0.06761672
v 2.454712 -0.1959076 0.06598689
v 2.454719 -0.2547532 0.1693898
v 2.482016 -0.1838373 0.1880937
v 2.444521 -0.3470663 0.1447091
v 2.444115 -0.3084772 0.0613642
v 2.637411 -0.2989033 0.04190417
v 2.636761 -0.3553596 0.164367
v 2.488818 -0.440197 0.04404379
v 2.632227 -0.4324261 0.05158766
v 2.460487 -0.4118647 0.1605692
v 2.63982 -0.440019 0.1321878
v 2.598309 -0.2163177 0.1875186
v 2.695735 -0.3572114 0.1715507
v 2.60893 -0.3791252 0.1688409
v 2.717191 -0.2124782 0.1445774
v 2.456686 -0.2475344 0.1700766
v 2.454737 -0.2497448 0.166339
v 2.652297 -0.2592563 0.1525659
v 2.454694 -0.3539707 0.1592846
v 2.454719 -0.2547532 0.1693898
v 2.644758 -0.2403637 0.1750004
v 2.482016 -0.1838373 0.1880937
v 2.617418 -0.1489571 0.1533435
v 2.636761 -0.3553596 0.164367
v 2.460487 -0.4118647 0.1605692
v 2.444521 -0.3470663 0.1447091
v 2.63982 -0.440019 0.1321878
v 2.784693 -0.540609 -0.03504436
v 2.950103 -0.4737333 -0.03853385
v 2.736974 -0.4739423 -0.01638683
v 2.939101 -0.5328081 -0.02750854
v 2.756392 -0.5122937 0.1212891
v 2.752927 -0.4739603 0.1247305
v 2.946725 -0.540418 0.09289965
v 2.928044 -0.4737513 0.1405967
v 2.657765 -0.570948 -0.04896331
v 2.790814 -0.570845 0.1030017
v 2.783172 -0.5632261 -0.0414065
v 2.62948 -0.5426416 0.13137
v 2.768559 -0.3497447 0.1093761
v 2.657737 -0.3638371 -0.03833115
v 2.803179 -0.3842933 -0.02696341
v 2.670002 -0.3788685 0.1418991
v 2.785109 -0.5000859 0.1426734
v 2.78506 -0.5001051 -0.06032668
v 2.790814 -0.570845 0.1030017
v 2.783172 -0.5632261 -0.0414065
v 2.62948 -0.5426416 0.13137
v 2.61614 -0.4907181 0.1220092
v 2.615599 -0.4954861 -0.03959249
v 2.657765 -0.570948 -0.04896331
v 2.638533 -0.3080916 0.09250828
v 2.919254 -0.4554139 0.1142093
v 2.668518 -0.487584 0.080548
v 2.962625 -0.3226745 0.07657608
v 2.934318 -0.4657012 -0.1044553
v 2.632794 -0.4520236 -0.08998644
v 2.653333 -0.3962893 -0.1232563
v 2.933789 -0.3808362 -0.1183539
v 2.913847 -0.2727759 -0.03231672
v 2.672737 -0.2846413 -0.05412144
v 2.653333 -0.3962893 -0.1232563
v 2.916118 -0.3503114 0.09280263
v 2.766185 -0.3622497 -0.004692054
v 2.948518 -0.390396 -0.03307544
v 2.779391 -0.3575786 0.08827808
v 2.760358 -0.4799105 0.1307607
v 2.794668 -0.530978 -0.03304737
v 2.970253 -0.4945135 -0.002622058
v 2.954718 -0.5239437 0.10214
v 2.665512 -0.2084913 0.05660147
v 2.687822 -0.1927543 0.02894348
v 2.687843 -0.1927648 0.05659145
v 2.665492 -0.2084808 0.0289535
v 2.67853 -0.1777638 0.07601983
v 2.71199 -0.1568372 0.03714542
v 2.666517 -0.1857469 0.06818695
v 2.711819 -0.1566049 0.05278604
v 2.6925 -0.1686843 0.07501549
v 2.704684 -0.1609384 0.06669741
v 2.471704 -0.5182067 0.0147884
v 2.546536 -0.5875927 0.07620644
v 2.546491 -0.5875677 0.01470648
v 2.471749 -0.5182317 0.07628848
v 3.004026 -0.5321956 -0.01014442
v 2.878069 -0.4896154 -0.06280365
v 2.846286 -0.5266142 0.0269624
v 2.828008 -0.5037708 0.07156337
v 2.875797 -0.5224587 0.1702129
v 3.02354 -0.5001105 0.1482285
v 2.970253 -0.4945135 -0.002622058
v 2.970273 -0.4093004 -0.05300575
v 2.976418 -0.4642513 -0.05303275
v 2.970332 -0.4093626 0.02299423
v 2.419049 -0.120049 0.0399361
v 2.419468 -0.1306381 0.1678579
v 2.391126 -0.2351762 0.122849
v 2.434039 -0.2890706 0.1535126
v 2.391515 -0.1907117 0.0171812
v 2.397996 -0.2758113 0.03080742
v 2.434201 -0.2981221 0.12654
v 2.425308 -0.2939763 0.01237121
v 2.386042 -0.2990932 0.1323667
v 2.385816 -0.3006188 0.06324105
v 2.399629 -0.4200447 0.04300074
v 2.394004 -0.3789557 -0.02968618
v 2.425204 -0.3029651 -0.05560039
v 2.410661 -0.4285758 0.05627648
v 2.410737 -0.4433385 0.06078343
v 2.425472 -0.4530876 0.1374526
v 2.643547 -0.1649964 0.1561718
v 2.827954 -0.2727747 0.1768352
v 2.637067 -0.27278 0.1413917
v 2.6903 -0.0144617 0.1770153
v 2.78619 -0.1104746 0.1893777
v 2.933323 -0.2618338 0.169139
v 2.908748 -0.2480157 0.1653887
v 2.974908 -0.2098301 0.182551
v 2.80524 -0.009051085 0.1571032
v 2.744111 -0.1259243 0.1688046
v 2.775469 -0.03712827 0.1652629
v 2.987687 -0.04358324 0.1580406

vn -0.3498294 0.2643712 -0.8987371
vn -0.140358 -0.06431968 -0.9880098
vn -0.02085052 -0.02611849 -0.9994417
vn -0.313291 0.2262492 -0.9223129
vn 0.071273 0.6118551 -0.787753
vn 0.3781586 0.3070298 -0.8733441
vn 0.6080734 0.7094919 -0.3561871
vn 0.7559234 0.5366548 -0.3749436
vn -0.6074678 0.4485481 -0.6555827
vn -0.4894089 0.6940536 -0.5279865
vn -0.7646746 0.5976752 -0.2409529
vn -0.733843 0.6737355 -0.08692399
vn -0.277271 0.9413769 -0.1921752
vn -0.1374622 0.8395816 -0.5255551
vn 0.4460832 0.8904245 -0.0903041
vn 0.4881977 0.8373251 -0.2460706
vn 8.480337E-08 -0.2429564 -0.9700374
vn 0.1928609 -0.3697544 -0.9088931
vn 0.1368334 -0.5862867 -0.7984639
vn 0.2913956 -0.6946943 -0.6576387
vn 0.360157 -0.9167836 -0.1726134
vn 0.3353208 -0.910427 -0.2422461
vn 0.7785852 -0.3466622 -0.5230976
vn 0.8249201 -0.5410058 -0.1637691
vn 0.9486449 0.2525049 -0.1905663
vn 0.9841771 0.1708961 -0.04680966
vn 0.2132375 -0.9760819 0.04236362
vn 0.3002426 -0.9402987 0.1602922
vn -2.781206E-08 -0.9480465 0.3181334
vn 0.1756237 -0.8401932 0.5130622
vn -0.1170537 -0.6209254 0.7750815
vn -0.1047804 -0.6169207 0.78002
vn 0.5917289 -0.4693463 0.6554176
vn 0.3496015 -0.2137078 0.9122
vn 0.875232 0.291076 0.3863219
vn 0.7726176 0.365227 0.5192994
vn 0.7650802 -0.5998384 0.2341951
vn 0.9699823 0.162405 0.1809972
vn 0.866408 0.3833215 -0.3200049
vn -0.2829362 -0.2610542 0.9229295
vn -0.3682019 -0.309076 0.8768696
vn -0.4041283 -0.1036249 0.9088142
vn -0.6136459 0.02062318 0.7893124
vn 0.04176385 0.01310275 0.9990419
vn -0.2275924 0.3850485 0.8943936
vn 0.5947586 0.5469719 0.5891388
vn 0.4876787 0.7168478 0.4982961
vn -0.6932603 0.2007201 0.6921723
vn -0.7749617 0.3401943 0.532638
vn -0.8398504 0.5358418 0.08675169
vn -0.8221505 0.5348768 0.1948751
vn -0.3103209 0.6987013 0.6446065
vn -0.3323298 0.9096338 0.2492465
vn 0.4629055 0.8227174 0.3299316
vn 0.4506109 0.8882468 0.0892643
vn 0.349865 0.5967311 0.7221543
vn 0.5581537 0.3248082 0.7635211
vn 0.1180018 0.9873813 0.1056143
vn 0.1956813 0.8407701 0.5047917
vn 0.1494515 0.9887694 -4.584164E-07
vn 0.3016078 0.9365526 -0.1786135
vn 0.5127839 0.6557564 -0.5541096
vn 0.5621358 0.4289569 -0.7071072
vn 0.6565738 0.4073463 -0.6348079
vn 0.6198167 -0.04123703 -0.7836629
vn 0.8814642 0.1660655 -0.4420906
vn 0.9777412 -0.06840692 -0.1983524
vn 0.9861965 -0.1305808 0.1018153
vn 0.9102035 -0.0802202 0.4063195
vn 0.7564834 0.08613713 0.6483164
vn 0.763127 -0.1709626 -0.6232253
vn 0.7883899 0.1589895 -0.5942767
vn 0.7828384 0.2093645 -0.5859452
vn 0.742921 -0.2418119 -0.6241764
vn 0.995501 0.08630895 0.03911075
vn 0.9550799 -0.2951574 0.02656626
vn 0.6490754 -9.06854E-08 0.7607247
vn 0.6094464 -0.1891817 0.7699263
vn 0.6794913 0.5105694 -0.5268888
vn 0.6694496 0.5810256 -0.4628689
vn 0.8919039 0.439126 0.1080594
vn 0.6053424 0.1266591 0.7858238
vn 0.5337257 -0.6317127 -0.5622068
vn 0.4503 -0.6691555 -0.5911524
vn 0.1767183 -0.8911427 -0.4178946
vn 0.1660114 -0.8692537 -0.465659
vn 0.6930871 -0.7175027 0.06943449
vn 0.3218301 -0.9252957 0.2006349
vn 0.4840994 -0.3746335 0.7907583
vn 0.3108004 -0.4582738 0.8327001
vn -0.153015 -0.9242469 -0.3497921
vn -0.2395847 -0.9136045 -0.3285214
vn -0.04892729 -0.9544953 0.2941869
vn 0.1582776 -0.4525808 0.8775648
vn -0.5585141 -0.7802941 -0.2814318
vn -0.613597 -0.7534304 -0.2363096
vn -0.3953934 -0.8164399 0.4208221
vn -0.02384067 -0.3668108 0.9299906
vn -0.8587257 -0.477124 -0.1869326
vn -0.8974131 -0.4260787 -0.1144887
vn -0.6874934 -0.4956226 0.5307658
vn -0.1508742 -0.2147236 0.9649516
vn -0.9890177 -0.1398027 -0.04796082
vn -0.9893731 -0.1394958 -0.04102114
vn -0.9812344 0.1914421 -0.02302534
vn -0.9591097 0.2819781 -0.02445832
vn -0.7886201 -0.1562182 0.5947061
vn -0.7337021 0.2728899 0.6222645
vn -0.1853395 -0.05247774 0.9812727
vn -0.1415025 0.1393957 0.9800747
vn -0.7450525 0.6601524 -0.09537551
vn -0.7054508 0.7056321 -0.06650886
vn -0.3990881 0.8862752 -0.2350445
vn -0.347784 0.9206159 -0.1775209
vn -0.4634899 0.6710684 0.5786576
vn -0.08426075 0.889244 0.449606
vn 0.03431455 0.2971579 0.9542117
vn 0.1109701 0.3820584 0.9174515
vn -0.01668046 0.9565632 -0.2910492
vn 0.02424425 0.9499402 -0.3114916
vn 0.219539 0.9108471 0.3495146
vn 0.289753 0.3878235 0.8750066
vn 0.3365411 0.8693388 -0.3619274
vn 0.3979448 0.8222237 -0.406927
vn 0.6279929 0.7449109 0.2252407
vn 0.4820145 0.3073061 0.8205031
vn 0.2341797 0.6254268 -0.7443134
vn 0.6256542 0.3588885 -0.692645
vn -0.04217419 0.7371952 -0.6743634
vn 0.8256348 0.08737209 -0.5573997
vn 0.4298254 -0.2524019 -0.8669164
vn 0.2073051 -0.5519326 -0.8077099
vn -0.1126015 -0.6742154 -0.7299005
vn -0.3901769 -0.6223921 -0.6785207
vn -0.5997915 -0.4932068 -0.6300776
vn -0.8299714 -0.3757001 -0.4123078
vn -0.9937147 -0.1060898 -0.0357373
vn -0.8062842 0.2879514 -0.5167117
vn -0.5940938 0.5612499 -0.57624
vn -0.3104777 0.7035181 -0.6392707
vn 0.08838321 0.9227267 0.3751854
vn 0.1359465 0.7146853 0.6861076
vn -6.435841E-08 0.6767923 0.7361741
vn 0.2271431 0.9324791 0.2808723
vn 0.5098166 0.4274652 0.7465662
vn 0.6581199 0.6945153 0.2907359
vn 0.9166158 -0.133387 0.3768615
vn 0.994288 -0.001319003 0.1067274
vn 0.2674875 0.9620887 -0.05326011
vn 0.2642937 0.9511757 -0.159419
vn 0.6962258 0.7032495 -0.1439122
vn 0.9989595 0.003653911 -0.0454726
vn 0.2693667 0.8965929 -0.3515165
vn 0.2529755 0.8238958 -0.5071493
vn 0.6769895 0.5898879 -0.4401349
vn 0.9709312 -0.08002719 -0.2255872
vn -0.03686073 0.3766725 0.925613
vn -0.142771 0.3157558 0.9380378
vn 0.8052169 -0.3033771 0.509499
vn 0.2930483 0.1638956 0.9419456
vn -0.3359638 0.02001256 0.9416627
vn -0.2835693 0.05738949 0.9572333
vn 0.01898454 -0.2115779 0.9771772
vn 0.6954547 -0.4241347 0.5800464
vn -0.5366803 -0.3113295 0.7842509
vn -0.5347485 -0.3271654 0.7791072
vn -0.1600829 -0.5460768 0.8222985
vn 0.5377701 -0.6769437 0.5025453
vn -0.6647072 -0.5827344 0.467532
vn -0.7109863 -0.6497957 0.2688217
vn -0.7002239 -0.7079463 0.09219252
vn -0.6974921 -0.7165931 2.807215E-07
vn -0.6580025 -0.6928377 -0.2949735
vn -0.5275646 -0.7327266 -0.4298695
vn -0.4980541 -0.4518705 -0.7401052
vn -0.3471446 -0.4079902 -0.8444141
vn -0.1671079 -0.716023 -0.6777803
vn -0.2471239 -0.9325213 -0.2633137
vn 0.5133677 -0.7908164 -0.3332621
vn 0.501582 -0.860428 -0.08988784
vn -0.266087 -0.9507978 0.1586889
vn 0.4986001 -0.858709 0.1183957
vn -0.2380891 -0.8229167 0.5158709
vn 0.5125289 -0.7974145 0.3185046
vn -0.2966276 -0.08235811 -0.9514357
vn -0.2243003 -0.08373862 -0.970916
vn 0.07333133 -0.3985863 -0.9141946
vn 0.6017073 -0.642545 -0.4744311
vn -0.03830012 0.1776584 -0.9833471
vn -0.06194178 0.1639067 -0.9845297
vn 0.1887493 0.5491877 -0.8141056
vn 0.1498757 0.5685215 -0.8089017
vn 0.5331286 0.3076688 -0.7881084
vn 0.3272819 -0.01000244 -0.9448742
vn 0.8767307 -0.2367316 -0.4186913
vn 0.7684308 -0.4211036 -0.4818575
vn 0.07519638 0.2249574 -0.9714631
vn 8.74228E-08 1.192093E-07 -1
vn 8.255088E-08 -0.329167 -0.9442719
vn 6.190435E-08 -0.7061093 -0.7081029
vn -0.3600173 -0.9075366 -0.2162532
vn -0.5229673 -0.8523533 3.607143E-07
vn -0.488648 -0.7250598 0.4852963
vn -0.1513221 -0.2147968 0.9648652
vn -8.74228E-08 -1.192093E-07 1
vn -8.252037E-08 0.3301663 0.9439229
vn -6.186318E-08 0.7065812 0.7076321
vn 0.360045 0.9075279 0.2162437
vn 0.5230703 0.85229 -3.606752E-07
vn 0.4221087 0.7508453 -0.5079929
vn -0.4492831 0.8643976 0.2257477
vn -0.5439237 0.7039083 0.4567938
vn -0.243445 0.9681977 -0.05769435
vn -0.2690139 0.9442637 -0.1897329
vn -0.3628502 0.6365541 -0.6805439
vn -0.271708 0.1617865 -0.9486837
vn -0.6436944 0.2634204 -0.7185181
vn -0.7128471 -0.06286065 -0.6984973
vn -0.8720636 -0.2645775 -0.4117094
vn -0.9686047 -0.2454921 -0.03923847
vn -0.977195 -0.1783023 0.1153233
vn -0.733551 -0.04906034 0.6778622
vn -0.2717019 0.1617968 0.9486836
vn -0.5997489 0.4741313 0.6445938
vn 0.232057 0.651403 -0.7223745
vn -0.2037479 0.6351689 -0.7450158
vn -0.1816933 0.639681 -0.7468582
vn 0.2233166 0.6528506 -0.7238213
vn -0.2092179 0.9435511 -0.2567882
vn 0.2132428 0.955944 -0.2017415
vn -0.07470393 0.8579655 0.5082466
vn 0.1215343 0.8356376 0.5356673
vn 0.6354902 0.4728252 -0.6104012
vn 0.6319177 0.4582011 -0.6250864
vn 0.5797117 0.811267 -0.07603371
vn 0.2830682 0.7392625 0.6110348
vn 0.9047897 0.1019037 -0.4134881
vn 0.874698 0.2393366 -0.4214527
vn 0.9620145 -0.07566576 -0.2623053
vn 0.9726706 -0.1080258 -0.2055325
vn 0.877847 -0.4764485 -0.04881102
vn 0.8717132 -0.4894748 -0.02305518
vn 0.9231081 0.1457223 0.3558617
vn 0.8136949 -0.2162174 0.5395848
vn 0.4188741 0.3659808 0.8310252
vn 0.3493165 0.270947 0.8969762
vn 0.834901 0.5286246 0.1532881
vn 0.3818936 0.5829522 0.7171641
vn 0.5932235 -0.7907843 0.1508212
vn 0.6031833 -0.7790428 0.1710651
vn 0.209209 -0.9435707 0.2567236
vn 0.2165241 -0.9426692 0.253955
vn -0.2120997 -0.949262 0.2321991
vn -0.1907842 -0.9577992 0.2149958
vn -0.5794294 -0.8113678 0.077102
vn -0.5694232 -0.8205956 0.04879546
vn -0.2320666 -0.6513259 0.722441
vn -0.6355227 -0.4727752 0.6104062
vn -0.1501112 0.07387619 0.9859055
vn -0.3291247 0.2126654 0.9200276
vn -0.8131481 -0.5513278 -0.1866247
vn -0.8292512 -0.5415595 -0.1380455
vn -0.8931762 -0.1800916 0.4120734
vn -0.4462205 0.2822203 0.8492581
vn 0.1816956 -0.6396759 0.746862
vn 0.05532144 0.0646874 0.9963714
vn 0.5627089 -0.4386536 0.7006732
vn 0.217043 0.1530474 0.96409
vn -0.9572453 -0.1438756 -0.2509628
vn -0.9247077 -0.1311899 -0.3573599
vn -0.8342167 0.1893657 -0.5179038
vn -0.82837 0.1550693 -0.5382916
vn -0.973332 0.1001562 0.2063851
vn -0.8647121 0.5019993 0.01646027
vn -0.4753657 0.4510275 0.7553821
vn -0.4074122 0.6355755 0.6557891
vn -0.562705 0.4386411 -0.7006842
vn -0.5693014 0.4484972 -0.6890192
vn -0.5934485 0.7905447 -0.1511919
vn -0.2777252 0.786137 0.5521392
vn -0.6113496 0.712459 0.3444627
vn -0.7071072 0.3490235 0.6149655
vn -3.125761E-08 0.9338961 0.3575449
vn 0.164548 0.9224418 0.3493215
vn 0.471385 0.5951258 0.6508625
vn -8.08809E-08 0.3795546 0.9251696
vn -7.99929E-08 0.403427 0.9150119
vn 0.444843 0.3713967 0.8149723
vn 0.3913794 -0.06620707 0.9178451
vn 0.04777395 -0.5692855 0.8207514
vn -0.2141274 -0.2356813 0.9479477
vn -0.4933329 -0.1063201 0.863319
vn -0.6797114 0.2243105 0.6983393
vn 0.4817152 0.5829082 -0.6543468
vn 0.5420845 0.7747899 -0.3253398
vn 0.5031295 0.5235677 -0.6875601
vn 0.550978 0.8137467 -0.1850422
vn -0.01204824 0.9279865 -0.3724205
vn -0.04786544 0.664206 -0.7460164
vn -0.7607871 0.6121461 -0.215595
vn -0.7790581 0.4652866 -0.4202119
vn 0.3572438 0.2468062 -0.9008133
vn 0.4053439 0.1965798 -0.8927786
vn -0.1656551 0.2602063 -0.9512371
vn -0.8306453 0.2074646 -0.5167089
vn 0.3044907 -0.1566488 -0.9395463
vn 0.2854702 -0.2421387 -0.927295
vn -0.2470676 -0.1732026 -0.9533935
vn -0.8652188 0.06432444 -0.4972524
vn 0.5205721 0.8464064 0.1122566
vn 0.4427657 0.8743905 0.1984954
vn 0.4136264 0.7626458 0.4972778
vn 0.3612316 0.7434977 0.5627816
vn -0.1153268 0.8983721 0.4238251
vn -0.02706476 0.9994868 -0.01715427
vn -0.7749219 0.6176817 0.1340384
vn -0.7504133 0.6598679 -0.03814649
vn 0.323838 0.485475 0.8120611
vn 0.3105781 0.4019842 0.8613653
vn 0.2661719 0.1037692 0.9583241
vn 0.2477594 0.0692305 0.9663453
vn 0.1477208 -0.2494775 0.9570478
vn 0.2385692 -0.3105622 0.9201288
vn -0.3891555 -0.1615068 0.9069037
vn -0.3045458 0.2279441 0.924821
vn -0.9018641 0.05529781 0.4284673
vn -0.8590493 0.2808895 0.4279443
vn -0.2424653 0.6316046 0.7364009
vn -0.808055 0.4852604 0.3340216
vn 0.04621352 -0.6733292 0.7378981
vn 0.06215315 -0.682386 0.7283459
vn 0.01068257 -0.9199695 0.3918459
vn 0.008656588 -0.9712445 0.2379293
vn -0.545357 -0.7745147 0.3204899
vn -0.5013729 -0.5144805 0.6956552
vn -0.9623591 -0.2151434 0.1660708
vn -0.9367278 -0.08255503 0.3401867
vn 0.02828368 -0.997726 -0.06118357
vn 0.1135627 -0.9855213 -0.1259044
vn 0.1445756 -0.9021658 -0.4064421
vn 0.1963678 -0.8658381 -0.4601786
vn -0.4376885 -0.7598361 -0.4807061
vn -0.5226107 -0.84856 -0.08261272
vn -0.9462748 -0.2385557 -0.2183028
vn -0.9613959 -0.2703714 -0.05117014
vn 0.2266272 -0.6249096 -0.7470798
vn 0.2432313 -0.572255 -0.7831749
vn -0.3140224 -0.4704205 -0.8246786
vn -0.9151531 -0.08526766 -0.3939865
vn -0.5571088 -0.8296635 -0.03590713
vn -0.8410441 -0.5409675 1.844269E-07
vn -0.74867 -0.5885618 0.3051055
vn -0.7286165 -0.3517088 0.5877244
vn -0.9645777 -0.153609 -0.2144654
vn -0.9442231 0.08375939 0.3184781
vn -0.9676368 0.06416329 0.2440554
vn -0.9596711 0.07609155 -0.2706336
vn -0.9648076 0.262959 -2.097347E-07
vn -0.8412021 0.5407218 -3.313764E-07
vn -0.5504496 0.7828615 0.2900581
vn -0.6896263 0.5013444 0.5225609
vn -0.6998287 0.2498435 0.6691926
vn -0.7149067 -0.04471501 0.6977893
vn -0.1659053 0.8201717 0.5475346
vn -0.4633024 0.8387705 0.2860339
vn -0.4448057 0.8641189 0.2354723
vn -0.1909469 0.830999 0.5224749
vn -0.7164467 0.3431781 0.6073991
vn -0.3487345 0.3393549 0.8736264
vn -0.5869324 -0.41856 0.6930506
vn -0.4181277 -0.419901 0.8055145
vn -0.7137163 0.7002782 -0.01484688
vn -0.7092037 0.7043733 -0.02982042
vn -0.7941122 0.4400005 -0.4192691
vn -0.7914064 0.4703718 -0.3904198
vn -0.6590804 0.178536 -0.7305744
vn -0.6649739 0.1918334 -0.7218108
vn -0.3754481 -0.08019121 -0.9233682
vn -0.3752202 -0.02519792 -0.9265936
vn -0.620352 -0.5032447 -0.6015884
vn -0.8785312 -0.2759447 -0.389921
vn -0.7311801 -0.6263677 -0.2702588
vn -0.7219406 -0.6465411 0.2465514
vn -0.9986332 0.03294525 -0.04058872
vn -0.7759941 -0.4932494 0.3931148
vn -0.9219947 0.2759092 0.271663
vn -0.7195224 -0.4279012 0.546982
vn -0.01500703 -0.2871562 -0.9577664
vn -0.03047174 -0.2568907 -0.9659602
vn 0.3688831 -0.3477754 -0.8619617
vn 0.3490458 -0.3394386 -0.8734695
vn 0.1118192 -0.8383938 -0.533472
vn -0.2125939 -0.7272292 -0.6526421
vn -0.08591247 -0.9957704 0.03257483
vn -0.2194867 -0.9139708 -0.3412965
vn 0.7278098 -0.330978 -0.6006223
vn 0.7161033 -0.3424692 -0.6082036
vn 0.9293237 -0.2437514 -0.2773876
vn 0.9219853 -0.2759501 -0.2716536
vn 0.9965791 -0.01642068 0.08100314
vn 0.998633 -0.03295463 0.04058807
vn 0.7914098 -0.4703751 0.3904087
vn 0.7083757 -0.705211 0.02970442
vn 0.5118039 -0.7582299 0.4039126
vn 0.1230329 -0.9169684 0.3795166
vn 0.4781001 -0.8254569 -0.3000695
vn 0.1622244 -0.9858419 0.04242174
vn 0.8827559 0.2648685 0.3880563
vn 0.8848996 0.248766 0.3937883
vn 0.6105124 0.5108078 0.6052689
vn 0.6386442 0.4563993 0.6195433
vn 0.3724242 0.08380086 0.9242718
vn 0.6682995 -0.1642687 0.7255293
vn -0.07858966 -0.5392116 0.8384961
vn 0.1528576 -0.644631 0.7490573
vn 0.2379739 0.7251844 0.646124
vn 0.2126121 0.7272371 0.6526274
vn 0.03026515 0.2576601 0.9657617
vn -0.2643218 -0.4277925 0.8643661
vn 0.8277791 0.556007 0.07509255
vn 0.887464 0.4306675 -0.1641162
vn 0.5513553 0.8145805 0.1801852
vn 0.1118471 0.7907523 0.6018316
vn -0.03232076 0.9959045 0.08444063
vn -0.2689541 0.9627442 0.02807145
vn -0.351921 0.8829776 -0.3106496
vn -0.3942297 0.6693985 -0.6296744
vn -0.2645335 0.5240402 -0.8095708
vn -0.1438225 0.3407747 -0.9290797
vn -0.1107505 -0.2573093 -0.9599618
vn 0.3802935 -0.100929 -0.9193426
vn 0.7416766 0.1045134 -0.6625661
vn 0.872825 0.2063819 -0.4422489
vn 0.6688377 0.5816959 0.4629111
vn 0.4161287 -0.01528544 0.9091777
vn 0.2111503 0.5346245 0.8182864
vn 0.9646955 0.2222237 -0.1413519
vn 0.5604023 -0.4342858 0.7052278
vn 0.9151782 0.1086584 -0.3881281
vn 0.4453701 -0.6795217 0.5830069
vn 0.5510534 -0.03613611 -0.8336877
vn 0.9045234 -0.3113895 -0.2913332
vn 0.4587172 -0.6934924 0.5555612
vn 0.3889763 -0.2908257 0.874139
vn 0.7696312 0.6383977 0.01082515
vn -0.005953853 0.3707076 -0.9287311
vn -0.7033256 0.6918119 -0.163495
vn -0.5279973 0.0221604 -0.8489574
vn -0.7457495 -0.1070117 -0.6575766
vn -0.9362732 0.3422611 0.07906183
vn -0.8736261 -0.4421127 -0.2032602
vn -0.9228317 -0.385205 1.030035E-07
vn -0.4709755 -0.5194585 0.7129841
vn 0.8475366 -0.01640143 -0.5304844
vn 0.9405581 0.1582862 -0.3004946
vn 0.5915864 -0.4625464 -0.6603611
vn 0.6630011 -0.2967933 -0.6872728
vn 0.5369271 -0.6860495 -0.4909643
vn 0.3565787 -0.9172072 0.1777173
vn 0.4423495 -0.7095258 0.5485448
vn 0.50721 -0.5058775 0.6977301
vn 0.6436848 -0.2634394 0.7185198
vn 0.7878837 0.04291717 0.6143275
vn 0.2454229 -0.9694165 4.837092E-07
vn 0.9420414 0.1963916 0.2720098
vn 0.968815 0.2373694 -0.07109526
vn 0.4453481 -0.8572299 -0.2585006
vn 0.9266417 0.09892623 0.3626983
vn 0.4906623 0.5378013 0.6855806
vn 0.8803772 0.4460903 0.1610597
vn 0.8063353 -0.2879161 0.5166517
vn 0.3788927 0.5557723 0.7399715
vn 0.670171 -0.6610581 0.3374525
vn 0.3036147 -0.697949 0.6486034
vn -0.07470123 0.8667938 0.4930401
vn 0.2057528 0.5314019 0.821753
vn 0.3740904 -0.5868452 0.718102
vn 0.6405112 0.7316676 0.2332567
vn 0.8941675 -0.3269126 0.305931
vn -0.4141196 0.8994583 -0.1395734
vn -0.3943531 0.2748853 -0.8768836
vn -0.8293796 0.2933011 -0.4755052
vn -0.8901629 5.431689E-08 -0.4556435
vn -0.7790645 -0.08210552 -0.621545
vn -0.3316907 0.1163078 -0.9361916
vn -0.5698172 -0.6023557 -0.5589959
vn 0.05326249 -0.9650559 -0.2565747
vn -0.6742101 -8.804085E-08 0.7385402
vn -0.5482392 -0.3552304 0.7571303
vn -0.4467973 0.5094615 0.7354057
vn -0.6403147 0.1485165 0.7536184
vn -0.1478311 0.6462535 0.7486672
vn 0.1591308 0.6955096 0.7006738
vn 0.4105192 0.5965637 0.6896274
vn 0.6430717 0.4071218 0.6486225
vn 0.8157524 0.1588838 0.5561519
vn -0.1037159 -0.670205 0.7348942
vn 0.07220661 -0.7108736 0.6996044
vn 0.8176517 -0.1524549 0.5551615
vn 0.6236556 -0.5302638 0.5743476
vn 0.3143771 -0.6980144 0.6433849
vn -0.5997489 0.4741313 0.6445938
vn -0.977195 -0.1783023 0.1153233
vn -0.5439237 0.7039083 0.4567938
vn -0.733551 -0.04906034 0.6778622
vn -0.9686047 -0.2454921 -0.03923847
vn -0.4492831 0.8643976 0.2257477
vn -0.8720636 -0.2645775 -0.4117094
vn -0.243445 0.9681977 -0.05769435
vn -0.7128471 -0.06286065 -0.6984973
vn -0.2690139 0.9442637 -0.1897329
vn -0.6436944 0.2634204 -0.7185181
vn -0.3628502 0.6365541 -0.6805439
vn -0.2717019 0.1617968 0.9486836
vn -0.271708 0.1617865 -0.9486837
vn 0.9166158 -0.133387 0.3768615
vn 0.9420414 0.1963916 0.2720098
vn 0.7878837 0.04291717 0.6143275
vn 0.994288 -0.001319003 0.1067274
vn 0.968815 0.2373694 -0.07109526
vn 0.9989595 0.003653911 -0.0454726
vn 0.9405581 0.1582862 -0.3004946
vn 0.9709312 -0.08002719 -0.2255872
vn 0.8052169 -0.3033771 0.509499
vn 0.6436848 -0.2634394 0.7185198
vn 0.6954547 -0.4241347 0.5800464
vn 0.50721 -0.5058775 0.6977301
vn 0.5377701 -0.6769437 0.5025453
vn 0.4423495 -0.7095258 0.5485448
vn 0.5125289 -0.7974145 0.3185046
vn 0.3565787 -0.9172072 0.1777173
vn 0.4986001 -0.858709 0.1183957
vn 0.2454229 -0.9694165 4.837092E-07
vn 0.501582 -0.860428 -0.08988784
vn 0.4453481 -0.8572299 -0.2585006
vn 0.5133677 -0.7908164 -0.3332621
vn 0.5369271 -0.6860495 -0.4909643
vn 0.6017073 -0.642545 -0.4744311
vn 0.5915864 -0.4625464 -0.6603611
vn 0.7684308 -0.4211036 -0.4818575
vn 0.6630011 -0.2967933 -0.6872728
vn 0.8767307 -0.2367316 -0.4186913
vn 0.8475366 -0.01640143 -0.5304844
vn -0.5997915 -0.4932068 -0.6300776
vn -0.8062842 0.2879514 -0.5167117
vn -0.8299714 -0.3757001 -0.4123078
vn -0.5940938 0.5612499 -0.57624
vn -0.3901769 -0.6223921 -0.6785207
vn -0.3104777 0.7035181 -0.6392707
vn -0.1126015 -0.6742154 -0.7299005
vn -0.04217419 0.7371952 -0.6743634
vn 0.2073051 -0.5519326 -0.8077099
vn 0.2341797 0.6254268 -0.7443134
vn 0.4298254 -0.2524019 -0.8669164
vn 0.6256542 0.3588885 -0.692645
vn -0.9937147 -0.1060898 -0.0357373
vn 0.8256348 0.08737209 -0.5573997
vn 0.6490754 -9.06854E-08 0.7607247
vn 0.8176517 -0.1524549 0.5551615
vn 0.8157524 0.1588838 0.5561519
vn 0.6094464 -0.1891817 0.7699263
vn 0.6053424 0.1266591 0.7858238
vn 0.6430717 0.4071218 0.6486225
vn 0.6236556 -0.5302638 0.5743476
vn 0.3143771 -0.6980144 0.6433849
vn 0.3108004 -0.4582738 0.8327001
vn 0.07220661 -0.7108736 0.6996044
vn 0.1582776 -0.4525808 0.8775648
vn -0.1037159 -0.670205 0.7348942
vn -0.02384067 -0.3668108 0.9299906
vn -0.5482392 -0.3552304 0.7571303
vn -0.1508742 -0.2147236 0.9649516
vn 0.4820145 0.3073061 0.8205031
vn 0.4105192 0.5965637 0.6896274
vn 0.289753 0.3878235 0.8750066
vn 0.1591308 0.6955096 0.7006738
vn 0.1109701 0.3820584 0.9174515
vn -0.1478311 0.6462535 0.7486672
vn -0.4467973 0.5094615 0.7354057
vn -0.1415025 0.1393957 0.9800747
vn -0.6403147 0.1485165 0.7536184
vn -0.1853395 -0.05247774 0.9812727
vn -0.6742101 -8.804085E-08 0.7385402
vn 0.4813465 -0.3660646 0.7964317
vn 0.245816 0.2225983 0.9434114
vn 0.9582912 -0.129042 0.2550047
vn 0.06562383 -0.3092912 0.948701
vn 0.3809902 0.6615134 0.6459464
vn 0.9542156 -0.2990675 -0.005694219
vn 0.9282941 0.01299594 -0.371621
vn -0.03209348 0.921302 0.3875214
vn 0.980839 0.01595936 -0.1941683
vn 0.1940014 0.7383326 0.6459323
vn 0.9300236 -0.2638952 0.2557669
vn 0.6076904 0.07834937 0.7903003
vn -0.9602923 -0.2769296 0.03390907
vn -0.8031651 0.5795599 0.1379745
vn -0.9190196 0.3763386 -0.11736
vn -0.6896945 0.2991667 -0.6594103
vn -0.5386489 -0.2620376 -0.800746
vn -0.6635616 -0.5214201 -0.5364772
vn -0.3879834 -0.2961777 -0.8727818
vn 0.3200479 -0.3757212 -0.8697145
vn -0.5998367 0.6882355 -0.4080797
vn -0.1967427 0.6176194 -0.7614721
vn -0.1825977 -0.5681142 -0.8024366
vn 0.2182738 0.05626765 -0.9742645
vn -0.7758576 -0.08734997 0.6248329
vn 0.9022382 0.2809855 -0.3271311
vn 0.5372933 0.6745496 0.50626
vn 0.8306117 0.5145816 0.2128165
vn 0.7340437 -0.43619 -0.5204988
vn -0.2317553 -0.1746778 0.9569629
vn -0.9131005 -0.3275166 0.2428609
vn -0.534488 -0.6905166 0.4873506
vn -0.1529216 -0.9620396 0.2260437
vn -0.5920039 -0.3345866 0.7332014
vn -0.152637 -0.9876523 -0.03529394
vn -0.9948938 0.08128864 0.05983026
vn -0.1183926 -0.9293178 -0.3497884
vn -0.9594145 0.1376196 -0.2461418
vn -0.1677811 -0.6600156 -0.7322766
vn -0.8226784 0.09380499 -0.5607156
vn -0.4373609 -0.4352312 -0.7869496
vn -0.492322 0.009187027 -0.8703651
vn -0.2514019 -0.1918262 0.9486837
vn -0.251391 -0.19184 -0.9486836
vn 0.5581537 0.3248082 0.7635211
vn 0.7564834 0.08613713 0.6483164
vn 0.349865 0.5967311 0.7221543
vn 0.1956813 0.8407701 0.5047917
vn 0.1180018 0.9873813 0.1056143
vn 0.1494515 0.9887694 -4.584164E-07
vn 0.3016078 0.9365526 -0.1786135
vn 0.5127839 0.6557564 -0.5541096
vn 0.9102035 -0.0802202 0.4063195
vn 0.9861965 -0.1305808 0.1018153
vn 0.9777412 -0.06840692 -0.1983524
vn 0.8814642 0.1660655 -0.4420906
vn 0.6565738 0.4073463 -0.6348079
vn 0.5621358 0.4289569 -0.7071072
vn 8.537165E-08 0.2153476 -0.9765381
vn 8.74228E-08 1.192093E-07 -1
vn -0.08595581 0.7609901 -0.643045
vn -0.3852861 0.9106196 -0.149424
vn 0.1898096 1.170422E-07 -0.9818212
vn 0.6296872 -0.5588698 -0.5395916
vn 0.6299719 -0.7732087 -0.07269335
vn 0.3895016 -0.9180022 0.07457456
vn 0.09697202 -0.8026968 0.5884517
vn -8.537152E-08 -0.2153537 0.9765366
vn -0.6292599 0.7737747 0.07283691
vn -0.6293217 0.5589566 0.539928
vn -0.191455 -1.170041E-07 0.9815018
vn -8.74228E-08 -1.192093E-07 1
vn -0.1529216 -0.9620396 0.2260437
vn -0.152637 -0.9876523 -0.03529394
vn -0.1183926 -0.9293178 -0.3497884
vn -0.1677811 -0.6600156 -0.7322766
vn -0.4373609 -0.4352312 -0.7869496
vn -0.251391 -0.19184 -0.9486836
vn -0.492322 0.009187027 -0.8703651
vn -0.8226784 0.09380499 -0.5607156
vn -0.9594145 0.1376196 -0.2461418
vn -0.9948938 0.08128864 0.05983026
vn -0.9131005 -0.3275166 0.2428609
vn -0.5920039 -0.3345866 0.7332014
vn -0.2514019 -0.1918262 0.9486837
vn -0.534488 -0.6905166 0.4873506
vn -0.9645777 -0.153609 -0.2144654
vn -0.9676368 0.06416329 0.2440554
vn -0.9596711 0.07609155 -0.2706336
vn -0.9442231 0.08375939 0.3184781
vn 0.7992467 0.5206397 -0.3002335
vn 0.4939387 -0.797112 -0.3473289
vn -0.8410441 -0.5409675 1.844269E-07
vn -0.9648076 0.262959 -2.097347E-07
vn -0.8412021 0.5407218 -3.313764E-07
vn -0.5504496 0.7828615 0.2900581
vn -0.5571088 -0.8296635 -0.03590713
vn -0.3547667 0.5780213 0.7348688
vn -0.6086754 0.648246 0.4574843
vn -0.4820431 -0.8282287 0.2857847
vn -0.8420202 -0.4859936 0.2341228
vn -0.8804912 -0.4539531 0.1366128
vn -0.5111502 0.5480114 0.662125
vn -0.4433046 0.1490848 0.8838865
vn -0.2599936 -0.5310297 0.8064813
vn -8.506887E-08 -0.230492 0.9730747
vn -0.3571379 -0.6470014 0.6736786
vn -0.3867177 0.1409532 0.9113628
vn -0.03844912 -0.3529339 0.9348585
vn -0.6521739 -0.4097029 0.6378196
vn 0.1114436 0.20561 0.9722682
vn -0.1448688 0.7019523 0.6973349
vn -0.3316869 0.5200297 0.7871171
vn -0.6189024 -0.3672499 0.694326
vn -0.9321039 0.3158418 0.1772778
vn -0.09425734 -0.2137321 0.9723349
vn 0.2428786 -0.2302153 0.9423438
vn 0.9050312 0.3274861 -0.2714269
vn 0.5118039 -0.7582299 0.4039126
vn 0.171098 0.0003914506 -0.9852543
vn -0.2194867 -0.9139708 -0.3412965
vn 0.1230329 -0.9169684 0.3795166
vn -0.7311801 -0.6263677 -0.2702588
vn -0.08591247 -0.9957704 0.03257483
vn 0.1622244 -0.9858419 0.04242174
vn -0.9785772 -0.1986706 -0.0540181
vn -0.7219406 -0.6465411 0.2465514
vn 0.1528576 -0.644631 0.7490573
vn -0.9459567 -0.1936426 0.2601343
vn -0.9511504 -0.3049582 0.04811149
vn -0.7701005 -0.2088903 0.6027531
vn -0.009629312 0.01433023 0.9998513
vn -0.2364928 0.284432 0.9290694
vn -0.6378068 0.5856647 0.5001998
vn -0.3841754 -0.09841363 0.9180005
vn -0.1068693 -0.1957817 0.9748073
vn -0.02740012 -0.5024768 0.8641571
vn -0.9030384 -0.1603467 0.3985121
vn -0.7086726 -0.08514147 0.7003821
vn -0.9002997 -0.3415529 0.2698206
vn 0.471385 0.5951258 0.6508625
vn -7.99929E-08 0.403427 0.9150119
vn 0.444843 0.3713967 0.8149723
vn -8.08809E-08 0.3795546 0.9251696
vn 0.7243201 -0.4814676 -0.4935078
vn 0.02649732 0.618196 -0.7855781
vn 0.3913794 -0.06620707 0.9178451
vn 0.04777395 -0.5692855 0.8207514
vn 0.164548 0.9224418 0.3493215
vn -3.125761E-08 0.9338961 0.3575449
vn -0.1906836 0.8223501 0.5360786
vn -0.6113496 0.712459 0.3444627
vn -0.3144411 -0.1808193 0.9318971
vn -0.8622895 0.5062753 0.01196496
vn -0.7122017 0.4514 0.5375942
vn -0.08641262 -0.2050232 0.9749355
vn -0.8320509 0.2738155 0.4824079
vn -0.7229544 -0.1763706 0.6680055
vn -0.4883885 -0.6263657 0.6075723
vn -0.9923608 0.1218251 -0.01949369
vn -0.9621433 0.2053656 -0.1791823
vn -0.05367415 0.4107634 -0.9101614
vn 0.8819274 -0.3284194 -0.3381503
vn 0.565509 0.7871261 -0.2462381
vn -0.2677462 0.1548282 -0.9509684
vn 0.904032 0.4111976 0.1168068
vn 0.9715648 0.199016 -0.1282791
vn 0.3350221 -0.4825526 0.8092616
vn 0.8068202 -0.1587395 0.5690728
vn 0.9799285 -0.1962873 -0.03482367
vn 0.718229 -0.6927733 -0.06490944
vn -0.5869324 -0.41856 0.6930506
vn -0.3841754 -0.09841363 0.9180005
vn -0.7086726 -0.08514147 0.7003821
vn -0.4181277 -0.419901 0.8055145
vn -0.7195224 -0.4279012 0.546982
vn -0.9030384 -0.1603467 0.3985121
vn -0.7759941 -0.4932494 0.3931148
vn -0.9002997 -0.3415529 0.2698206
vn -0.7219406 -0.6465411 0.2465514
vn -0.9785772 -0.1986706 -0.0540181
vn -0.1068693 -0.1957817 0.9748073
vn -0.2643218 -0.4277925 0.8643661
vn -0.02740012 -0.5024768 0.8641571
vn -0.07858966 -0.5392116 0.8384961
vn 0.2428786 -0.2302153 0.9423438
vn -0.2689541 0.9627442 0.02807145
vn 0.5513553 0.8145805 0.1801852
vn -0.03232076 0.9959045 0.08444063
vn 0.8277791 0.556007 0.07509255
vn -0.351921 0.8829776 -0.3106496
vn 0.887464 0.4306675 -0.1641162
vn -0.3942297 0.6693985 -0.6296744
vn 0.872825 0.2063819 -0.4422489
vn -0.2645335 0.5240402 -0.8095708
vn 0.7416766 0.1045134 -0.6625661
vn -0.1438225 0.3407747 -0.9290797
vn 0.3802935 -0.100929 -0.9193426
vn 0.1118471 0.7907523 0.6018316
vn -0.1107505 -0.2573093 -0.9599618
vn -0.7286165 -0.3517088 0.5877244
vn -0.7149067 -0.04471501 0.6977893
vn -0.6998287 0.2498435 0.6691926
vn -0.6896263 0.5013444 0.5225609
vn -0.74867 -0.5885618 0.3051055
vn 0.5721276 -0.2798418 0.7709473
vn 0.6993059 -0.5296461 0.4800496
vn 0.5027164 -0.7922528 0.3458509
vn 0.5356459 -0.8444393 -0.002572555
vn 0.6245722 -0.747877 -0.2249231
vn 0.5337197 -0.585447 -0.6102421
vn 0.3215788 -0.2558124 -0.9116729
vn 0.7218737 -0.01797262 -0.691792
vn 0.808986 0.2291979 -0.541305
vn 0.8847241 0.4132728 -0.2155691
vn 0.8466624 0.5152498 0.1329708
vn 0.772481 0.5028129 0.387883
vn 0.5783486 0.4750266 0.6632217
vn 0.3215798 0.2558388 0.9116651
vn 0.7218737 -0.01797262 -0.691792
vn 0.3215788 -0.2558124 -0.9116729
vn 0.5337197 -0.585447 -0.6102421
vn 0.6245722 -0.747877 -0.2249231
vn 0.808986 0.2291979 -0.541305
vn 0.5356459 -0.8444393 -0.002572555
vn 0.8847241 0.4132728 -0.2155691
vn 0.5027164 -0.7922528 0.3458509
vn 0.8466624 0.5152498 0.1329708
vn 0.6993059 -0.5296461 0.4800496
vn 0.772481 0.5028129 0.387883
vn 0.5721276 -0.2798418 0.7709473
vn 0.5783486 0.4750266 0.6632217
vn 0.3215798 0.2558388 0.9116651
vn -0.6797114 0.2243105 0.6983393
vn -0.7071072 0.3490235 0.6149655
vn -0.4933329 -0.1063201 0.863319
vn -0.2141274 -0.2356813 0.9479477
vn -0.1906836 0.8223501 0.5360786
vn -0.729247 -0.5373031 -0.4236802
vn -0.8944277 -0.227634 -0.3849453
vn -0.7916889 -0.1409933 -0.594433
vn -0.4459614 0.07706054 -0.8917292
vn -0.1508976 0.2239728 -0.9628433
vn 0.1559649 0.2522464 -0.955012
vn 0.4357695 0.1610496 -0.8855332
vn 0.6342139 -0.08837319 -0.768091
vn 0.9486839 -0.1560858 -0.2750222
vn 0.8042249 -0.4393109 -0.4002861
vn 0.4921951 -0.8001677 -0.3427477
vn 0.2505014 -0.9276804 -0.2768724
vn -0.0558756 -0.9564131 -0.286622
vn -0.3630909 -0.859534 -0.359676
vn 0.6342139 -0.08837319 -0.768091
vn 0.8042249 -0.4393109 -0.4002861
vn 0.9486839 -0.1560858 -0.2750222
vn 0.4921951 -0.8001677 -0.3427477
vn 0.4357695 0.1610496 -0.8855332
vn 0.2505014 -0.9276804 -0.2768724
vn 0.1559649 0.2522464 -0.955012
vn -0.0558756 -0.9564131 -0.286622
vn -0.1508976 0.2239728 -0.9628433
vn -0.3630909 -0.859534 -0.359676
vn -0.4459614 0.07706054 -0.8917292
vn -0.729247 -0.5373031 -0.4236802
vn -0.7916889 -0.1409933 -0.594433
vn -0.8944277 -0.227634 -0.3849453
vn -0.6291175 -0.5917224 -0.5040596
vn -0.9689915 0.08935367 0.2303749
vn -0.6979778 -0.7137275 -0.05848887
vn -0.6769759 -0.4605185 0.574132
vn -0.8046577 0.5869285 0.08967535
vn -0.3290262 -0.611119 0.7199143
vn -0.558254 0.8170791 0.1439964
vn -0.05816464 -0.5860242 0.808204
vn -0.4183142 0.8790747 0.2285636
vn -0.05781226 -0.3479014 0.9357476
vn -0.5924299 0.6955135 0.4065568
vn -0.1207849 -0.536527 0.8351952
vn 0.1216299 -0.7607549 0.6375418
vn -0.5983711 -0.6476681 -0.4716763
vn -0.2980134 -0.7111173 -0.6367891
vn 0.2774205 -0.9542731 -0.1113612
vn 0.655224 -0.5273864 -0.5408748
vn -0.04030716 -0.743565 -0.6674478
vn 0.03774694 -0.8332111 -0.5516654
vn -0.1706316 -0.6631895 -0.7287419
vn -0.1604629 0.08006901 -0.9837894
vn -0.2898203 0.05212718 -0.9556609
vn -0.3228504 -0.1833897 -0.928513
vn 0.03526999 -0.965299 -0.258755
vn -0.3045413 -0.3376425 -0.8906472
vn -0.5131727 -0.4954787 -0.7008246
vn 0.2879721 0.3388791 -0.8956753
vn -0.8059595 -0.504571 0.3095782
vn -0.773104 -0.517602 0.3666058
vn 0.05839626 -0.09389595 0.9938684
vn -0.2261046 -0.1408749 0.963863
vn 0.1824751 -0.02032846 0.9830006
vn -0.2970206 0.119032 0.9474232
vn -0.5665071 0.1898116 0.801899
vn -0.3168169 0.6247938 0.7136245
vn -0.9069896 0.09044334 0.4113282
vn -0.9600913 -0.2792216 0.0161613
vn -0.6560526 0.6850461 0.3167138
vn -0.2379694 -0.9710444 0.0210709
vn -0.9238091 -0.3824557 -0.01747927
vn -0.6938872 -0.7159091 -0.07743113
vn -0.1225826 -0.6638365 -0.7377633
vn -0.7198878 8.274205E-08 -0.6940911
vn 0.2884691 0.6306736 0.7204421
vn 0.7082724 0.6790825 -0.1928689
vn 0.160255 0.9764781 0.1442543
vn -0.04005532 0.979982 0.1950163
vn -0.1996044 0.9786761 -0.04849589
vn -0.333814 0.3824865 -0.861553
vn -0.2006665 0.6327749 -0.7478837
vn -0.3597763 0.8623858 -0.356164
vn -0.2984898 0.9178045 -0.2618011
vn -0.4674028 0.1851026 -0.8644493
vn -0.2487772 -0.5744073 -0.7798502
vn 0.2639184 0.1852349 -0.9465919
vn 0.3194045 0.5668684 -0.7593697
vn -0.3622986 0.730918 -0.5783597
vn 0.9579999 0.2683438 -0.1011389
vn 0.5477459 -0.7929569 -0.2668227
vn 0.3694783 -0.9256979 -0.08105469
vn -0.8193849 -0.5598698 -0.1231064
vn -0.3680927 0.6544922 0.660415
vn -0.4812682 0.8600019 0.169642
vn -0.7991261 -0.5986418 0.05501345
vn -0.4591648 0.8274438 0.3232722
vn -0.7968127 -0.5295537 0.2909703
vn -0.4222314 0.6832631 0.5957118
vn -0.6936598 -0.4371751 0.5724642
vn -0.448034 0.3832695 0.8076945
vn -0.2147536 -0.358554 0.9084718
vn 0.1544117 -0.05710521 0.9863553
vn 0.3700983 -0.2207244 0.9023907
vn 0.7898419 -0.4496699 0.4170706
vn 0.6632938 -0.6552333 0.3615412
vn 0.7132688 0.01012109 0.7008181
vn 0.3930269 -0.105911 0.9134077
vn 0.8895039 0.08725788 0.4485197
vn 0.9387182 0.2915948 0.1837979
vn 0.8629757 0.4083666 0.297507
vn 0.5499829 -0.2526362 0.7960495
vn 0.8803667 0.2621579 0.3952578
vn 0.6053054 -0.7891677 0.1040226
vn 0.6043035 -0.7541422 0.2570756
vn -0.9528486 0.2253681 0.2031989
vn -0.1700493 -0.6189633 -0.7667906
vn -0.9277824 -0.06407315 0.3675807
vn -0.5411584 -0.1933746 -0.8183852
vn -0.1462886 -0.4410977 -0.8854563
vn -0.9282956 0.1955944 0.3162455
vn -0.2008593 -0.1774596 -0.9634128
vn -0.900008 0.4306785 -0.0671023
vn -0.6429073 0.2027817 -0.7386142
vn -0.5483665 0.8306444 -0.09656569
vn 0.04156074 0.9702477 0.2385216
vn 0.4456174 0.895195 -0.007201586
vn 0.643676 0.7260394 -0.2419696
vn 0.5129345 0.8575693 0.03839112
vn 0.2463398 0.93606 0.2512152
vn 0.4572326 0.8529874 0.2516971
vn 0.4362746 0.8557063 0.2782658
vn 0.3014224 0.8055522 0.5101279
vn 0.8200728 0.4817813 -0.3088181
vn 0.750448 0.6226661 -0.2216211
vn 0.8748873 0.316671 -0.3664598
vn 0.1961181 0.7239759 0.6613598
vn 0.5702727 0.406443 0.7138582
vn 0.9417146 0.1404153 -0.3057095
vn -0.5896964 -0.6159118 -0.522409
vn -0.6100009 0.722292 -0.3258748
vn -0.2784868 0.7961784 -0.5371652
vn -0.2226465 -0.6588321 -0.7185882
vn -0.3677785 0.8325633 -0.4142203
vn -0.4060215 -0.7228913 -0.5590841
vn -0.7009919 0.6783882 -0.2200025
vn -0.6392022 -0.695852 -0.3274311
vn -0.9151387 0.3758638 -0.1457697
vn -0.7020251 -0.661336 -0.2641899
vn -0.8535253 -6.211429E-08 0.5210524
vn -0.5738816 -0.1724826 0.800569
vn -0.1531599 0.06317648 0.9861802
vn -0.310131 -1.133316E-07 0.9506943
vn -0.2445821 -0.1499889 0.9579582
vn 0.1481139 -0.6740982 0.7236402
vn 0.2310758 -0.7588792 0.6088576
vn -0.02398231 0.2367931 0.9712642
vn 0.1795852 0.5469321 0.8176885
vn 0.06215341 0.3882219 0.9194677
vn -0.08121031 -0.2879349 0.9542009
vn 0.02276445 -0.4777554 0.8781986
vn 0.1261401 0.6603693 0.7402709
vn 0.526104 -0.5663966 0.6343585
vn 0.4824355 -0.6542656 0.5824035
vn -0.9478192 -0.3138888 -0.05580174
vn -0.8886339 -0.1692433 0.4262484
vn -0.1544598 0.5458428 -0.8235284
vn -0.3095408 0.7376618 -0.6000341
vn -0.9426943 -0.1585658 0.2935737
vn -0.02705812 0.4992919 -0.8660119
vn -0.2885877 0.3329081 -0.897714
vn -0.8690761 -0.4708522 0.1516779
vn -0.3959541 0.05791394 -0.9164428
vn -0.8474186 -0.5309263 1.790817E-07
vn -0.1398267 -0.8497845 -0.5082469
vn 0.09199852 -0.9541916 0.2847028
vn 0.4841973 -0.8731437 -0.05633641
vn 0.6178228 -0.7832196 0.06973679
vn 0.5230359 -0.8451187 -0.1104923
vn 0.5899127 -0.8074676 4.366022E-07
vn 0.3954157 -0.8713916 0.2903863
vn 0.4948849 -0.8650367 0.08246927
vn 0.7853349 -0.49001 -0.3783384
vn 0.8289766 -0.3520788 -0.4345563
vn 0.4563565 -0.7891625 0.4110507
vn 0.9055594 -0.2091787 -0.3690628
vn 0.7132508 -0.6699775 -0.2059229
vn 0.8972904 0.03582472 -0.4399859
vn 0.9453433 0.08201763 -0.3155953
vn 0.6126278 0.7595869 -0.21844
vn -0.6575458 0.4467569 -0.6066654
vn 0.5870087 0.7753314 -0.2329875
vn -0.4476659 0.3890362 -0.8051381
vn 0.3722088 -0.1655841 0.9132598
vn 0.700668 -0.07750671 0.7092659
vn -0.5916499 -0.7647293 0.2552268
vn -0.7201515 -0.3849603 0.5772247
vn -0.4156895 0.6627938 0.6228217
vn 0.1253857 0.1503842 0.9806445
vn -0.1842097 0.975966 -0.1164391
vn -0.2581693 0.1731109 -0.9504641
vn -0.1370697 -0.4699847 -0.8719671
vn 0.1127405 -0.9781476 -0.1746923
vn 0.2359109 -0.8840474 0.4034939
vn 0.2152376 0.139862 0.9664947
vn 0.2121184 0.4091515 -0.8874694
vn -0.2542221 -0.138845 -0.9571279
vn -0.6897066 -0.5412612 -0.4809799
vn 0.2876172 0.7793962 -0.5566139
vn 0.304747 0.5106798 0.8039501
vn 0.1283298 0.3892291 0.9121582
vn -0.4334854 -0.3777546 0.8181645
vn -0.527069 -0.8032387 0.277501
vn -0.8168862 0.3566353 0.4533311
vn -0.5009348 -0.3288118 -0.8005921
vn -0.5665104 -0.2124943 -0.7961864
vn -0.3589516 0.8397676 0.4073626
vn 0.2403304 -0.7369585 -0.6317703
vn 0.6914288 -0.7010552 0.1744965
vn 0.3868026 0.255317 0.8861136
vn 0.4668775 0.2594222 0.8454148
vn 0.2370046 0.5614381 -0.792854
vn 0.2794187 -0.8267356 -0.4882967
vn -0.0705381 0.7177033 -0.6927681
vn 0.1807962 -0.8433729 -0.505999
vn -0.1613659 -0.8171356 0.5534001
vn -0.5845796 -0.6003042 0.5458047
vn -0.2582947 0.6115755 0.7478365
vn -0.2989028 0.9541848 0.01375119
vn 0.1904154 -0.5043327 0.842254
vn -0.5971767 -0.8016559 0.02699652
vn -0.4314622 -0.8698747 -0.2390793
vn -0.639681 0.4501881 -0.6230088
vn -0.2806037 0.4388959 -0.8536002
vn 0.3296446 0.8893438 0.3168635
vn -0.1437893 0.9873467 0.06687157
vn 0.1917403 -0.4614144 0.866218
vn -0.3566237 0.516426 -0.7785403
vn 0.4424385 -0.6406168 -0.6275815
vn -0.2414554 0.6436291 0.7262513
vn 0.5116554 -0.5851325 0.6291503
vn -0.6532121 -0.7179849 -0.2404419
vn -0.1409351 -0.5663778 -0.8120059
vn -0.6045959 -0.3250579 -0.7271875
vn 0.2404426 -0.7179848 -0.6532115
vn -0.6860307 -0.717764 0.1190705
vn 0.5353181 -0.7178764 -0.4450712
vn -0.5353292 -0.7178721 0.4450657
vn 0.6860378 -0.7177603 -0.1190507
vn -0.2054449 -0.6134313 0.7625586
vn 0.6532089 -0.7179856 0.2404495
vn 0.1789452 -0.7191303 0.6714399
vn 0.6046022 -0.3250577 0.7271829
vn -0.4479839 0.7178743 0.5328858
vn -0.1407982 0.8408499 0.5226352
vn 0.6543064 0.7177621 -0.2381214
vn 0.4479587 0.7178741 -0.5329081
vn -0.6543028 0.7177628 0.2381282
vn 0.1202248 0.7179857 -0.6855975
vn -0.6856 0.7179843 -0.1202178
vn -0.2818556 0.5663767 -0.7744522
vn -0.7239004 0.3250596 -0.6085273
vn 0.6855973 0.7179856 0.1202243
vn 0.2287084 0.45957 0.8581889
vn 0.7238989 0.3250581 0.6085296
vn 0.2499218 -0.4185755 -0.8731174
vn 0.6400538 -0.6247656 0.4472141
vn 0.5060124 -0.4939148 -0.7071068
vn 0.1249594 -0.4712243 0.8731174
vn -0.4299239 -0.7888952 -0.4391015
vn -0.8598491 -0.2604783 0.4391034
vn 8.74228E-08 1.192093E-07 -1
vn 8.74228E-08 1.192093E-07 -1
vn 8.74228E-08 1.192093E-07 -1
vn -0.6923259 0.1438239 -0.7071071
vn -8.74228E-08 -1.192093E-07 1
vn -8.74228E-08 -1.192093E-07 1
vn -8.74228E-08 -1.192093E-07 1
vn -0.4378647 0.09096577 0.8944274
vn 1.000001 1.776357E-14 8.74228E-08
vn 1.000001 1.776357E-14 8.74228E-08
vn 1.000001 1.776357E-14 8.74228E-08
vn 1.000001 1.776357E-14 8.74228E-08
vn 1.000001 1.776357E-14 8.74228E-08
vn 1.000001 1.776357E-14 8.74228E-08
vn 1.000001 1.776357E-14 8.74228E-08
vn 1.000001 1.776357E-14 8.74228E-08
vn 1.000001 1.776357E-14 8.74228E-08
vn 1.000001 1.776357E-14 8.74228E-08
vn 1.000001 1.776357E-14 8.74228E-08
vn 1.000001 1.776357E-14 8.74228E-08
vn -0.8598491 -0.2604783 0.4391034
vn -0.6923259 0.1438239 -0.7071071
vn -0.4378647 0.09096577 0.8944274
vn -0.4299239 -0.7888952 -0.4391015
vn -0.2633445 -0.6243445 0.7354216
vn -0.6405648 -0.6242415 -0.4472135
vn -0.5064056 -0.4935119 0.7071072
vn -0.1626179 -0.3855332 -0.908251
vn 0.6079212 -0.4950205 -0.6207954
vn 0.4140059 -0.3371167 0.8455487
vn 0.8758782 0.1812137 0.4472138
vn 0.6924433 0.1432582 -0.7071069
vn 8.74228E-08 1.192093E-07 -1
vn 8.74228E-08 1.192093E-07 -1
vn 8.74228E-08 1.192093E-07 -1
vn -8.74228E-08 -1.192093E-07 1
vn -8.74228E-08 -1.192093E-07 1
vn -8.74228E-08 -1.192093E-07 1
vn 0.8373506 -0.3143961 -0.4472135
vn 0.4206565 -0.6072721 0.6739955
vn 0.661985 -0.2485485 0.7071072
vn 0.2736608 -0.3950667 -0.876945
vn -0.7166614 -0.5945266 -0.364603
vn -0.6059481 -0.5026805 0.6165554
vn -0.6949423 0.130598 0.7071069
vn -0.4395201 0.08259693 -0.8944276
vn 8.74228E-08 1.192093E-07 -1
vn -8.74228E-08 -1.192093E-07 1
vn -0.6666671 0.6666669 0.3333331
vn -0.8944277 -0.4472137 1.350547E-07
vn -0.7071072 0.707107 -3.98992E-07
vn -0.3333336 -0.666667 0.6666672
vn 0.7071072 -0.707107 3.98992E-07
vn 0.5773506 -0.5773506 0.5773508
vn 0.4472139 0.8944275 -3.873994E-07
vn 0.666667 0.3333334 0.6666668
vn 0.666667 -0.3333336 0.6666672
vn -0.2672615 -0.8017841 0.5345231
vn 0.3015115 -0.9045344 0.3015119
vn -0.6666671 -0.666667 0.3333337
vn 0.6666671 -0.6666669 -0.3333331
vn 0.3333336 -0.6666669 -0.6666666
vn -0.4082485 -0.8164968 -0.4082481
vn -0.5773506 -0.5773504 -0.5773503
vn -4.497866E-08 -0.8574933 0.5144964
vn -0.5345229 -0.801784 0.2672617
vn 3.246802E-08 -0.928477 -0.3713904
vn -0.3333335 -0.6666669 -0.6666666
vn 0.1938124 -0.7392196 -0.6449739
vn -0.1072368 -0.7156456 0.6901833
vn -0.4472139 -1.06624E-07 0.8944275
vn 0.2357023 0.2357022 0.9428093
vn 0.4850715 0.7276071 0.4850712
vn 0.3481556 0.3481556 -0.8703887
vn 0.218218 0.8728719 -0.4364363
vn 0.4850715 0.7276071 0.4850712
vn 0.3333336 0.666667 -0.6666672
vn 0.8164971 0.4082485 -0.4082485
vn -0.5773506 0.5773506 -0.5773508
vn -0.2357024 0.9428095 -0.2357028
vn 0.4082485 0.8164968 0.4082481
vn -0.4082486 0.4082483 0.8164966
vn -0.5345229 0.801784 0.2672609
vn -0.4082485 0.8164969 -0.4082488
vn -0.5345229 0.801784 0.2672609
vn -0.8000004 7.152556E-08 -0.6000003
vn -0.1814078 0.8069233 0.5621088
vn 0.4644843 0.5905358 -0.6599418
vn 0.5008946 0.8599966 -0.09752631
vn -0.4219943 0.8795952 0.219622
vn 0.3964994 0.7156855 0.5749633
vn -0.8901473 0.4496193 -0.07403644
vn -0.7768074 0.477946 -0.4100476
vn 0.5819049 0.5358532 0.6117586
vn -0.08510593 0.8238927 -0.5603204
vn 0.2646126 0.8516563 0.4523957
vn -0.5773506 0.5773506 -0.5773508
vn -0.4082486 0.4082483 0.8164966
vn -0.5859783 -0.4884697 -0.6465503
vn -0.1006252 -0.658078 -0.7461957
vn 0.668878 -0.7344239 0.1149996
vn 0.6569573 -0.7377411 0.1553905
vn -0.180058 -0.5961616 -0.7824134
vn 0.3659549 -0.6301901 0.684791
vn -0.6513287 -0.6788487 0.3390232
vn 0.7506177 -0.6443729 -0.1461426
vn -0.4082485 -0.8164968 -0.4082481
vn -0.8164971 -0.4082485 0.4082485
vn 0.2672614 -0.8017841 0.5345231
vn -0.6666672 -0.3333336 0.666667
vn -0.3015116 -0.9045344 0.3015119
vn 0.666667 -0.666667 0.3333338
vn -0.666667 -0.6666669 -0.3333332
vn -0.3333335 -0.6666669 -0.6666666
vn 0.4082485 -0.8164968 -0.408248
vn 0.5773507 -0.5773504 -0.5773501
vn -4.497866E-08 -0.8574933 0.5144964
vn 0.5345228 -0.801784 0.2672618
vn 3.246802E-08 -0.928477 -0.3713904
vn 0.3333336 -0.6666669 -0.6666666
vn -0.192882 -0.7388368 -0.645691
vn 0.1060769 -0.7154526 0.6905625
vn 0.4472138 -1.06624E-07 0.8944275
vn -0.2357025 0.2357022 0.9428093
vn -0.4850716 0.7276071 0.4850711
vn -0.3481554 0.3481556 -0.8703888
vn -0.218218 0.8728719 -0.4364364
vn -0.4850716 0.7276071 0.4850711
vn -0.3333335 0.666667 -0.6666673
vn -0.816497 0.4082485 -0.4082487
vn 0.5773507 0.5773506 -0.5773507
vn 0.2357024 0.9428095 -0.2357028
vn -0.4082485 0.8164968 0.408248
vn 0.4082485 0.4082483 0.8164967
vn 0.5345228 0.801784 0.267261
vn 0.4082485 0.8164969 -0.4082488
vn 0.5345228 0.801784 0.267261
vn 0.8000005 7.152559E-08 -0.6000001
vn 0.1794231 0.8067647 0.5629728
vn -0.4621626 0.5900991 -0.6619592
vn -0.5003649 0.8599935 -0.1002343
vn 0.4207791 0.8796011 0.221918
vn -0.3994733 0.7156711 0.5729191
vn 0.890597 0.4494979 -0.06920805
vn 0.7792189 0.4776956 -0.4057413
vn -0.5849678 0.5359597 0.6087368
vn 0.0870575 0.8240052 -0.559855
vn -0.265405 0.8520594 0.4511709
vn 0.5773507 0.5773506 -0.5773507
vn 0.4082485 0.4082483 0.8164967
vn 0.5893928 -0.4884762 -0.6434342
vn 0.1041417 -0.6579955 -0.7457858
vn -0.6697059 -0.7342309 0.1113555
vn -0.6582444 -0.7373548 0.1517348
vn 0.1818459 -0.5963759 -0.7818364
vn -0.367835 -0.630669 0.6833414
vn 0.6494867 -0.6788465 0.3425431
vn -0.7498161 -0.6443737 -0.1501974
vn 0.4082485 -0.8164968 -0.408248
vn 0.816497 -0.4082485 0.4082487
vn -0.4472138 1.06624E-07 -0.8944275
vn 0.5773507 0.5773506 -0.5773507
vn -0.816497 0.4082485 -0.4082487
vn 0.7071072 8.429371E-08 -0.7071069
vn -0.9822128 -2.238444E-08 0.1877741
vn -0.538069 0.8366011 0.1028647
vn -0.6799107 0.365747 0.6355717
vn -0.3652628 -1.109725E-07 0.9309049
vn 0.3333335 0.6666669 0.6666666
vn 0.8944277 -5.3312E-08 0.4472138
vn -0.5773507 -0.5773506 0.5773507
vn -0.3012811 -0.7248935 -0.619483
vn -0.4082485 -0.4082483 -0.8164967
vn 0.3001357 -0.7247429 0.6202157
vn -0.3626058 -0.9261497 -0.1037516
vn 0.6061482 -0.7766175 0.171612
vn 0.5939762 -0.720646 -0.3575781
vn -0.5965026 -0.7207857 0.3530634
vn 0.2858315 -0.7229314 -0.6290237
vn -0.2880304 -0.7232016 0.6277096
vn -0.3333335 -0.6666669 -0.6666666
vn -0.6666672 -0.3333336 0.666667
vn -0.1506416 0.724894 -0.6721883
vn -0.816497 0.4082485 -0.4082487
vn -0.4082485 0.8164968 0.408248
vn 0.1500678 0.7247428 0.6724787
vn -0.6071457 0.7753685 -0.1737206
vn -0.5135517 0.7207862 0.4655453
vn 0.8190823 0.5247179 0.231897
vn 0.5106836 0.7206464 -0.4689054
vn 0.1429144 0.7229313 -0.6759788
vn -0.666667 0.666667 -0.3333338
vn -0.5773507 0.5773504 0.5773501
vn -0.6071457 0.7753685 -0.1737206
vn 0.1500678 0.7247428 0.6724787
vn -0.1506416 0.724894 -0.6721883
vn 0.8190823 0.5247179 0.231897
vn 0.5106836 0.7206464 -0.4689054
vn -0.5135517 0.7207862 0.4655453
vn 0.1429144 0.7229313 -0.6759788
vn -0.1440128 0.7232008 0.6754561
vn -0.666667 0.666667 -0.3333338
vn -0.5773507 0.5773504 0.5773501
vn 0.3001357 -0.7247429 0.6202157
vn 0.6061482 -0.7766175 0.171612
vn -0.2880304 -0.7232016 0.6277096
vn -0.5965026 -0.7207857 0.3530634
vn -0.6666672 -0.3333336 0.666667
vn -0.4208471 -0.6070266 0.6740977
vn -0.8376026 -0.313724 -0.4472137
vn -0.6621795 -0.2480302 0.707107
vn -0.273763 -0.3948677 -0.8770027
vn 0.7164667 -0.594856 -0.3644483
vn 0.6058565 -0.5030198 0.6163686
vn 0.6950479 0.130034 0.707107
vn 0.4395871 0.08224022 -0.8944275
vn 8.74228E-08 1.192093E-07 -1
vn -8.74228E-08 -1.192093E-07 1
vn 0.6666672 0.3333336 -0.666667
vn 0.5345228 -0.801784 0.2672618
vn 0.2672614 0.801784 0.5345224
vn 0.5773507 -0.5773504 -0.5773501
vn -0.2175782 -0.5853261 -0.781059
vn -0.4351564 0.5853263 -0.6841295
vn -0.7186881 -0.5779824 -0.3865544
vn -0.7928311 0.5779825 -0.1932777
vn -0.6666672 -0.3333336 0.666667
vn -0.5773507 0.5773504 0.5773501
vn 0.6650412 0.3365104 -0.6666949
vn 0.6652602 -0.6652891 0.3388517
vn 0.3326298 0.6652884 0.6683928
vn 0.574566 -0.5814629 -0.5759994
vn -0.6585102 -0.6678746 -0.3468551
vn -0.4376253 0.8702784 -0.2260546
vn -0.3153995 0.6678748 -0.6741423
vn -0.2226684 -0.8702779 -0.4393581
vn -0.3249229 -0.7122069 -0.6222432
vn -0.6793965 0.7122093 -0.176577
vn -0.5887809 -0.8023146 0.09812904
vn -0.5952262 0.8023149 0.04469398
vn -0.5653847 -0.3841673 0.729902
vn -0.4707079 0.6396653 0.60767
vn 0.1453061 0.5579208 0.8170745
vn 0.06964701 -0.5579211 0.8269671
vn 0.2636894 0.8026087 0.5350583
vn 0.5331492 -0.8026087 0.2675298
vn 0.6650412 0.3365104 -0.6666949
vn 0.574566 -0.5814629 -0.5759994
vn 0.007533821 0.9863943 -0.1642268
vn 0.6834374 0.326745 -0.6528034
vn -3.909667E-08 0.8944274 0.4472133
vn 0.3326298 0.6652884 0.6683928
vn -6.181725E-08 -0.7071071 0.7071074
vn 0.6652602 -0.6652891 0.3388517
vn 0.6834374 0.326745 -0.6528034
vn 0.5331492 -0.8026087 0.2675298
vn 0.2636894 0.8026087 0.5350583
vn 0.5947915 -0.568728 -0.5681303
vn 0.01449173 -0.9486836 -0.3158953
vn 0.007533821 0.9863943 -0.1642268
vn 0.7309167 0.3093126 -0.6083483
vn 0.436436 -0.8728719 0.2182184
vn 0.218218 0.8728718 0.4364355
vn 0.6442956 -0.5452916 -0.5362284
vn 0.3414552 -0.7624024 -0.549683
vn 0.5445125 0.7624064 -0.3496337
vn 0.510035 -0.7802149 -0.3621182
vn 0.2550175 0.780215 -0.5711672
vn -0.1543785 -0.7258991 -0.6702521
vn -0.3087764 0.725902 -0.6145933
vn -0.9372135 -0.3164774 -0.1465396
vn -0.8218496 0.5550287 -0.1284815
vn -0.380985 0.6676421 0.6396129
vn 0.08189601 -0.66764 0.739967
vn 0.1314954 0.76157 0.6346025
vn -0.1512954 -0.7615687 0.6301779
vn -0.4112144 0.8080571 0.4218374
vn -0.4769911 -0.8080564 0.3457246
vn -0.8660133 0.4568548 0.2032381
vn -0.6791137 -0.7165207 0.1593856
vn -0.6666672 -0.3333336 0.666667
vn -0.5773507 0.5773504 0.5773501
vn -8.293655E-08 0.3162278 0.9486835
vn -7.819333E-08 0.4472136 0.8944273
vn -8.481258E-08 -0.2425358 0.970143
vn -6.181726E-08 0.7071069 0.7071067
vn -8.293655E-08 0.3162278 0.9486835
vn -0.2672615 0.5345227 0.8017837
vn -7.819333E-08 0.4472136 0.8944273
vn -0.5773507 -0.5773506 0.5773507
vn -5.245368E-08 -0.8000004 0.6000006
vn -0.4082485 -0.8164968 -0.4082481
vn -0.1917762 -0.7383869 -0.6465345
vn -0.4264017 -0.6396024 0.6396026
vn -0.4593846 -0.5895821 -0.6643487
vn 0.4850715 0.4850714 0.727607
vn -0.666667 0.3333336 -0.6666672
vn -0.3835525 0.738387 -0.5546831
vn -0.1917762 0.7383871 -0.6465352
vn -0.2357023 -0.2357022 -0.9428093
vn 0.4082486 0.4082485 -0.816497
vn 0.3873021 0.1603334 0.9079048
vn -0.555047 -9.916059E-08 0.8318194
vn 0.6691363 0.6688575 -0.3238633
vn -0.9620572 0.1924117 -0.193455
vn -0.3333335 0.666667 -0.6666673
vn 0.259804 0.6268623 -0.7345386
vn -0.6664654 -0.6664665 -0.3341362
vn -0.8172328 -0.4086179 0.4064027
vn -0.1825744 -0.3651486 0.9128714
vn -0.3651485 -0.1825741 -0.9128712
vn -0.8164971 -0.4082485 0.4082485
vn -0.4082485 -0.8164968 -0.4082481
vn 0.4086164 -0.4086177 -0.8161278
vn 0.8133254 0.3366983 -0.4744863
vn -6.181726E-08 0.7071069 0.7071067
vn -7.819333E-08 0.4472136 0.8944273
vn -8.293655E-08 0.3162278 0.9486835
vn -8.293655E-08 0.3162278 0.9486835
vn -0.2672615 0.5345227 0.8017837
vn -0.3835525 0.738387 -0.5546831
vn -7.819333E-08 0.4472136 0.8944273
vn -0.666667 0.3333336 -0.6666672
vn -0.1917762 0.7383871 -0.6465352
vn 0.4850715 0.4850714 0.727607
vn 0.4082486 0.4082485 -0.816497
vn 0.6691363 0.6688575 -0.3238633
vn 0.3873021 0.1603334 0.9079048
vn 0.7011928 0.4104862 0.5829498
vn 0.8133254 0.3366983 -0.4744863
vn 0.259804 0.6268623 -0.7345386
vn 0.5768276 -0.5768297 0.5783933
vn 0.8133254 0.3366983 -0.4744863
vn 0.4086164 -0.4086177 -0.8161278
vn 0.7011928 0.4104862 0.5829498
vn -0.4082485 -0.8164968 -0.4082481
vn 0.5768276 -0.5768297 0.5783933
vn 0.4086164 -0.4086177 -0.8161278
vn -0.8164971 -0.4082485 0.4082485
vn 0.2183302 0.4366618 -0.8727311
vn 0.4082485 0.8164968 0.4082481
vn 0.4359838 0.2179926 0.873154
vn 0.8164971 0.4082485 -0.4082485
vn 0.1924503 -0.19245 -0.9622507
vn -0.6989885 0.07505618 -0.7111839
vn -0.4976411 0.6907364 -0.5246312
vn 0.8172337 0.4086183 -0.4064004
vn -0.701825 0.4113886 -0.5815516
vn -0.7870761 0.2056943 -0.5815515
vn -0.4082485 -0.8164968 -0.4082481
vn 0.8164971 0.4082485 -0.4082485
vn 0.3481554 -0.3481556 0.8703888
vn 0.4082485 0.8164968 0.4082481
vn 0.1924503 -0.19245 -0.9622507
vn -0.4082485 -0.8164968 -0.4082481
vn -0.8164971 -0.4082485 0.4082485
vn -0.8164971 -0.4082485 0.4082485
vn -0.7870761 0.2056943 -0.5815515
vn -0.7018251 0.4113885 0.5815511
vn -0.4082485 -0.8164968 -0.4082481
vn -0.701825 0.4113886 -0.5815516
vn -0.7870762 0.2056942 0.5815512
vn -0.6989885 0.07505618 -0.7111839
vn -0.6867927 0.1501138 0.7111838
vn -0.4976411 0.6907364 -0.5246312
vn -0.3682981 0.5112073 0.7765462
vn 0.4080624 0.8161277 0.409171
vn 0.8172337 0.4086183 -0.4064004
vn 0.8172337 0.4086183 -0.4064004
vn 0.4359838 0.2179926 0.873154
vn 0.4080624 0.8161277 0.409171
vn 0.2183302 0.4366618 -0.8727311
vn 0.5778714 -0.5770904 -0.5770891
vn 0.5773507 0.5773506 -0.5773507
vn 0.4091695 0.4080647 -0.816128
vn -0.4060376 -0.4082493 -0.8175979
vn -0.784016 0.196137 -0.5889398
vn 0.8320509 6.612544E-08 -0.5547004
vn 0.4082485 0.8164969 -0.4082488
vn -0.2820251 0.8159404 0.5046813
vn 0.7617668 0.5509722 0.3407958
vn 0.6103673 0.1817163 0.770994
vn -0.7165987 0.1600111 0.6788841
vn -0.4477 -1.065951E-07 0.8941844
vn 0.3015114 0.3015113 0.9045342
vn 0.300767 -0.3015862 0.9047574
vn 0.666667 0.6666669 0.3333332
vn -0.6673689 -0.6664649 0.3323318
vn -0.6526692 -0.6934987 -0.3050952
vn -0.33636 0.8126243 -0.4759253
vn 0.01625349 0.9076398 -0.4194364
vn -0.3969415 -0.7259443 -0.5616428
vn 0.218218 0.8728719 -0.4364363
vn 0.8164971 0.4082485 -0.4082485
vn 0.3651486 -0.9128712 -0.1825738
vn 0.4082486 -0.4082483 -0.8164966
vn -0.281188 -0.5016176 -0.8181157
vn 0.3257788 0.8180932 -0.4739123
vn -5.245369E-08 0.8000003 0.5999998
vn 0.1948035 0.489189 0.8501446
vn 0.3863522 0.5519732 0.7389572
vn -6.181725E-08 -0.7071071 0.7071074
vn -0.1671819 -0.6630757 0.7296451
vn -0.3546274 -0.5805069 0.7329751
vn 0.1671928 0.6630694 -0.7296485
vn -0.1671927 -0.6630692 -0.7296479
vn 0.4082486 0.4082485 -0.816497
vn 0.8164971 -0.4082484 -0.4082482
vn 0.5773506 0.5773504 0.5773503
vn 0.3343854 0.5964901 0.7296479
vn -0.3343747 -0.5964985 0.7296468
vn 0.4082485 -0.8164969 0.4082488
vn -0.2062933 -0.47982 0.8527703
vn 0.2241552 0.4631562 0.8574619
vn 0.3346835 0.6915329 -0.6401333
vn -0.305968 -0.7116546 -0.6324014
vn -0.6666671 0.6666669 0.3333331
vn -0.5773506 0.5773506 -0.5773508
vn -0.3333336 -0.666667 0.6666672
vn -0.666667 -0.3333334 -0.6666668
vn 0.3651486 -0.9128712 -0.1825738
vn -0.3969415 -0.7259443 -0.5616428
vn -0.6526692 -0.6934987 -0.3050952
vn 0.4082486 -0.4082483 -0.8164966
vn -6.181725E-08 -0.7071071 0.7071074
vn -0.1671819 -0.6630757 0.7296451
vn -0.281188 -0.5016176 -0.8181157
vn -0.3546274 -0.5805069 0.7329751
vn -0.3343747 -0.5964985 0.7296468
vn -0.1671927 -0.6630692 -0.7296479
vn 0.4082485 -0.8164969 0.4082488
vn 0.8164971 -0.4082484 -0.4082482
vn -0.305968 -0.7116546 -0.6324014
vn -0.3333336 -0.666667 0.6666672
vn -0.2062933 -0.47982 0.8527703
vn -0.666667 -0.3333334 -0.6666668
vn -0.6666671 0.6666669 0.3333331
vn 6.181725E-08 0.7071071 -0.7071074
vn -7.819333E-08 0.4472136 0.8944273
vn -0.5773506 0.5773506 -0.5773508
vn -0.3333336 -0.666667 0.6666672
vn -6.181725E-08 -0.7071071 0.7071074
vn -0.666667 -0.3333334 -0.6666668
vn 3.909667E-08 -0.8944274 -0.4472133
vn -0.6666671 0.6666669 0.3333331
vn -0.666667 -0.3333334 -0.6666668
vn -0.5773506 0.5773506 -0.5773508
vn -0.3333336 -0.666667 0.6666672
vn 0.8168667 -0.4078792 -0.4078775
vn 0.6517561 0.5418882 0.5306334
vn 0.4100953 0.4078794 -0.8157557
vn 0.4752224 -0.7902312 0.3869102
vn 0.001086588 -0.8000005 -0.5999985
vn 0.0005433204 0.8000006 -0.6
vn -0.666667 -0.3333334 -0.6666668
vn -0.5773506 0.5773506 -0.5773508
vn -0.3333336 -0.666667 0.6666672
vn 0.1128265 -0.5564815 0.8231646
vn 0.05641515 0.5564814 0.8289427
vn -0.6666671 0.6666669 0.3333331
vn 0.4607496 -0.4794105 0.7469114
vn -0.4547955 -0.7954346 -0.4005563
vn -0.8274199 -0.3978543 0.3963449
vn 0.2833506 -0.2935391 -0.9129884
vn -0.5763052 0.577089 -0.5786553
vn -0.4095443 0.4084329 0.8157551
vn 0.1755657 0.7998668 0.573925
vn 0.3515197 0.7406257 -0.5726333
vn 0.8936405 0.2934237 -0.3395739
vn 0.7598951 0.5515156 0.3440795
vn 0.1755657 0.7998668 0.573925
vn 0.8050352 -0.5201331 -0.285273
vn 0.666667 0.3333334 0.6666668
vn 0.3333336 0.666667 -0.6666672
vn 0.7217385 -0.4663152 0.5115125
vn -0.06563728 -0.6722511 0.7374086
vn -0.6666671 0.6666669 0.3333331
vn -0.239873 0.3081329 -0.9206064
vn -0.5858749 -0.3361254 -0.7374082
vn 0.8175889 -6.864103E-08 0.5758031
vn 0.8175889 -6.864103E-08 0.5758031
vn 0.817595 -6.864001E-08 0.5757945
vn 0.817583 -6.864207E-08 0.5758118
vn -0.8382291 -0.01199329 -0.5451874
vn -0.8381515 -0.01798932 -0.5451418
vn -0.8381484 -0.01799476 -0.5451463
vn -0.8382778 -0.005994802 -0.5452114
vn -0.8382943 6.499512E-08 -0.545219
vn -0.8382947 6.499503E-08 -0.5452182
vn -0.733205 -8.106332E-08 0.6800085
vn -0.733205 -8.106332E-08 0.6800085
vn -0.733205 -8.106332E-08 0.6800085
vn -0.733205 -8.106332E-08 0.6800085
vn -0.784016 0.196137 -0.5889398
vn -0.2820251 0.8159404 0.5046813
vn -0.7165987 0.1600111 0.6788841
vn -0.4477 -1.065951E-07 0.8941844
vn -0.6673689 -0.6664649 0.3323318
vn -0.4060376 -0.4082493 -0.8175979
vn -0.239873 0.3081329 -0.9206064
vn 0.1107636 1.184758E-07 -0.9938472
vn 0.1111418 1.184707E-07 -0.9938049
vn 0.1103854 1.184808E-07 -0.9938892
vn 0.7011928 0.4104862 0.5829498
vn 0.5768276 -0.5768297 0.5783933
vn -0.1825744 -0.3651486 0.9128714
vn -0.8164971 -0.4082485 0.4082485
vn 0.3873021 0.1603334 0.9079048
vn -0.555047 -9.916059E-08 0.8318194
vn -0.8172328 -0.4086179 0.4064027
vn 0.4082485 0.8164968 0.4082481
vn 0.3481554 -0.3481556 0.8703888
vn 0.4359838 0.2179926 0.873154
vn -0.6867927 0.1501138 0.7111838
vn -0.3682981 0.5112073 0.7765462
vn 0.4080624 0.8161277 0.409171
vn -0.7870762 0.2056942 0.5815512
vn -0.7018251 0.4113885 0.5815511
vn -0.8164971 -0.4082485 0.4082485
vn 0.06964701 -0.5579211 0.8269671
vn -0.5887809 -0.8023146 0.09812904
vn -0.5653847 -0.3841673 0.729902
vn 0.5331492 -0.8026087 0.2675298
vn 0.01449173 -0.9486836 -0.3158953
vn -0.3249229 -0.7122069 -0.6222432
vn -0.6585102 -0.6678746 -0.3468551
vn -0.2226684 -0.8702779 -0.4393581
vn 0.5947915 -0.568728 -0.5681303
vn -6.181725E-08 -0.7071071 0.7071074
vn 0.6652602 -0.6652891 0.3388517
vn 0.574566 -0.5814629 -0.5759994

vt 0.340366 0.238333
vt 0.341808 0.234284
vt 0.344588 0.236484
vt 0.338336 0.235841
vt 0.34236 0.24212
vt 0.346626 0.240313
vt 0.343308 0.245296
vt 0.34687 0.243827
vt 0.335594 0.240497
vt 0.334384 0.237649
vt 0.331111 0.242595
vt 0.330661 0.239382
vt 0.333064 0.24639
vt 0.337558 0.244272
vt 0.335547 0.248854
vt 0.339294 0.247079
vt 0.344138 0.233276
vt 0.347463 0.235302
vt 0.344822 0.233037
vt 0.348362 0.235051
vt 0.343643 0.233651
vt 0.346987 0.235838
vt 0.350496 0.239025
vt 0.349154 0.239886
vt 0.350079 0.242875
vt 0.348966 0.243643
vt 0.340774 0.235024
vt 0.343519 0.237543
vt 0.336794 0.236879
vt 0.338656 0.239821
vt 0.332566 0.238811
vt 0.333477 0.242166
vt 0.34082 0.24395
vt 0.335605 0.24628
vt 0.342111 0.247032
vt 0.337811 0.248935
vt 0.345696 0.241648
vt 0.346119 0.24513
vt 0.349301 0.242955
vt 0.329009 0.240402
vt 0.329127 0.24406
vt 0.326848 0.241328
vt 0.326499 0.245117
vt 0.331206 0.248125
vt 0.328528 0.249111
vt 0.334156 0.250428
vt 0.331893 0.251208
vt 0.32646 0.241432
vt 0.326035 0.245168
vt 0.327839 0.240729
vt 0.327707 0.244257
vt 0.328023 0.249083
vt 0.329668 0.248101
vt 0.331418 0.25115
vt 0.332741 0.250303
vt 0.335177 0.249651
vt 0.336615 0.249151
vt 0.33565 0.249109
vt 0.334844 0.249631
vt 0.337413 0.248197
vt 0.339789 0.247071
vt 0.342335 0.245941
vt 0.344577 0.245018
vt 0.346081 0.244482
vt 0.34955 0.239197
vt 0.346532 0.244448
vt 0.345809 0.244939
vt 0.34403 0.245866
vt 0.341552 0.247041
vt 0.338894 0.248219
vt 0.329872 0.239666
vt 0.333479 0.241104
vt 0.33321 0.238101
vt 0.329284 0.243029
vt 0.335081 0.245078
vt 0.330845 0.246955
vt 0.337045 0.247592
vt 0.33363 0.249068
vt 0.338618 0.238902
vt 0.337289 0.236349
vt 0.340244 0.24287
vt 0.34117 0.245832
vt 0.327986 0.240708
vt 0.326941 0.244252
vt 0.327873 0.241034
vt 0.326829 0.24456
vt 0.328455 0.248092
vt 0.328301 0.248295
vt 0.331654 0.249944
vt 0.331458 0.250067
vt 0.329447 0.240625
vt 0.328803 0.243961
vt 0.330244 0.247595
vt 0.33297 0.249459
vt 0.332318 0.239598
vt 0.332352 0.242628
vt 0.333778 0.246183
vt 0.33581 0.248276
vt 0.33592 0.238163
vt 0.336779 0.240833
vt 0.338207 0.244344
vt 0.339416 0.246753
vt 0.339617 0.236577
vt 0.341326 0.238886
vt 0.342773 0.235111
vt 0.345238 0.237108
vt 0.342773 0.242392
vt 0.346719 0.240653
vt 0.34315 0.245159
vt 0.346374 0.243768
vt 0.344815 0.23403
vt 0.347819 0.235814
vt 0.345303 0.233553
vt 0.34851 0.235271
vt 0.349343 0.239432
vt 0.350079 0.238987
vt 0.3485 0.242832
vt 0.349076 0.242549
vt 0.344041 0.233816
vt 0.347021 0.235647
vt 0.348627 0.239469
vt 0.347886 0.243017
vt 0.341185 0.234809
vt 0.343499 0.236936
vt 0.345126 0.24085
vt 0.34507 0.244186
vt 0.339801 0.231562
vt 0.33594 0.233053
vt 0.342704 0.230617
vt 0.331884 0.234962
vt 0.328565 0.236398
vt 0.32671 0.237496
vt 0.326626 0.237892
vt 0.328255 0.23754
vt 0.331061 0.236593
vt 0.334703 0.235173
vt 0.338386 0.23359
vt 0.34152 0.232099
vt 0.343533 0.230967
vt 0.343991 0.230424
vt 0.331604 0.239253
vt 0.337213 0.240191
vt 0.335742 0.237088
vt 0.332406 0.242679
vt 0.339062 0.244223
vt 0.334271 0.246669
vt 0.340503 0.247465
vt 0.336398 0.249539
vt 0.328408 0.241111
vt 0.328698 0.244773
vt 0.330554 0.248689
vt 0.333184 0.251231
vt 0.326798 0.242278
vt 0.326835 0.246042
vt 0.328662 0.249868
vt 0.33151 0.252198
vt 0.342045 0.237867
vt 0.339914 0.235093
vt 0.344599 0.245468
vt 0.34386 0.241897
vt 0.345813 0.236229
vt 0.343195 0.233711
vt 0.347582 0.240215
vt 0.347778 0.243987
vt 0.347737 0.235609
vt 0.344907 0.233217
vt 0.349461 0.239519
vt 0.349388 0.243325
vt 0.347522 0.236078
vt 0.344776 0.233671
vt 0.345341 0.237479
vt 0.342924 0.234935
vt 0.341704 0.239502
vt 0.33978 0.236733
vt 0.337304 0.241769
vt 0.335947 0.23873
vt 0.338975 0.245405
vt 0.343362 0.243172
vt 0.340307 0.248219
vt 0.344112 0.246301
vt 0.347004 0.241214
vt 0.347268 0.24465
vt 0.349208 0.239898
vt 0.349172 0.243578
vt 0.332909 0.243889
vt 0.332104 0.240571
vt 0.334609 0.247525
vt 0.33653 0.250064
vt 0.329278 0.245492
vt 0.328929 0.241933
vt 0.327088 0.246275
vt 0.327018 0.242554
vt 0.328873 0.250015
vt 0.331018 0.249166
vt 0.331638 0.25228
vt 0.333446 0.251509
vt 0.326049 0.240513
vt 0.327982 0.239925
vt 0.331176 0.23858
vt 0.335032 0.236739
vt 0.338871 0.234727
vt 0.342013 0.232896
vt 0.343853 0.231592
vt 0.343967 0.231095
vt 0.342232 0.231553
vt 0.33893 0.232915
vt 0.334742 0.234908
vt 0.330597 0.237093
vt 0.327405 0.238986
vt 0.325809 0.240196
vt 0.329617 0.234991
vt 0.333786 0.232974
vt 0.32643 0.236919
vt 0.324847 0.23817
vt 0.325126 0.238524
vt 0.327024 0.237986
vt 0.330273 0.236644
vt 0.334143 0.234804
vt 0.337987 0.232775
vt 0.341126 0.230914
vt 0.342956 0.22957
vt 0.343052 0.229031
vt 0.341269 0.229463
vt 0.337973 0.230795
vt 0.326274 0.241515
vt 0.326314 0.244921
vt 0.32676 0.241083
vt 0.325724 0.24538
vt 0.328651 0.249001
vt 0.328021 0.24938
vt 0.33238 0.250965
vt 0.331816 0.25124
vt 0.32764 0.241125
vt 0.327411 0.244824
vt 0.329651 0.248747
vt 0.333073 0.250698
vt 0.330512 0.240025
vt 0.330924 0.243416
vt 0.3343 0.238448
vt 0.335537 0.241454
vt 0.338297 0.236689
vt 0.340404 0.2393
vt 0.337666 0.245285
vt 0.342497 0.243131
vt 0.339511 0.247838
vt 0.343438 0.246078
vt 0.333104 0.24728
vt 0.335827 0.24948
vt 0.341793 0.235062
vt 0.344679 0.237329
vt 0.34415 0.233862
vt 0.347598 0.235892
vt 0.344894 0.233325
vt 0.348576 0.235272
vt 0.343812 0.233586
vt 0.34732 0.235633
vt 0.350698 0.239271
vt 0.349494 0.239712
vt 0.350094 0.243047
vt 0.349114 0.243465
vt 0.341037 0.234628
vt 0.343955 0.236959
vt 0.34619 0.241104
vt 0.346459 0.244637
vt 0.349687 0.239814
vt 0.349283 0.243432
vt 0.346758 0.241192
vt 0.346906 0.244514
vt 0.337085 0.236263
vt 0.339097 0.239014
vt 0.332786 0.238153
vt 0.333774 0.241366
vt 0.34139 0.243197
vt 0.33611 0.24555
vt 0.342621 0.246347
vt 0.338403 0.248237
vt 0.329078 0.239884
vt 0.329179 0.243491
vt 0.33153 0.247637
vt 0.334727 0.249895
vt 0.339419 0.247801
vt 0.341997 0.246646
vt 0.335707 0.249482
vt 0.335327 0.249667
vt 0.336073 0.249345
vt 0.33777 0.248595
vt 0.34007 0.24757
vt 0.342537 0.246464
vt 0.344709 0.245484
vt 0.34618 0.244815
vt 0.346655 0.244589
vt 0.346015 0.244862
vt 0.344356 0.245594
vt 0.342518 0.234209
vt 0.347759 0.236064
vt 0.345023 0.237128
vt 0.344704 0.23329
vt 0.349339 0.240801
vt 0.346542 0.241772
vt 0.348548 0.244976
vt 0.34624 0.245706
vt 0.339136 0.235457
vt 0.340868 0.238612
vt 0.342326 0.24321
vt 0.342735 0.246861
vt 0.335175 0.236808
vt 0.336038 0.240253
vt 0.337447 0.24486
vt 0.338673 0.248229
vt 0.34848 0.235644
vt 0.345221 0.232887
vt 0.346881 0.236002
vt 0.343859 0.233116
vt 0.34854 0.241003
vt 0.350111 0.240507
vt 0.347858 0.245333
vt 0.349166 0.244829
vt 0.343129 0.237123
vt 0.340791 0.233967
vt 0.337947 0.238795
vt 0.336615 0.23528
vt 0.332505 0.240646
vt 0.332252 0.23677
vt 0.334057 0.245853
vt 0.339562 0.243992
vt 0.33604 0.249394
vt 0.340527 0.247883
vt 0.344783 0.242244
vt 0.344779 0.246422
vt 0.328069 0.242244
vt 0.328687 0.2381
vt 0.325595 0.24324
vt 0.326676 0.238982
vt 0.327017 0.248279
vt 0.329551 0.247393
vt 0.330203 0.251275
vt 0.332336 0.25061
vt 0.325481 0.243462
vt 0.326559 0.239256
vt 0.327574 0.242924
vt 0.328245 0.238905
vt 0.328941 0.247696
vt 0.326862 0.248366
vt 0.331658 0.250662
vt 0.330004 0.25128
vt 0.331338 0.241778
vt 0.331318 0.23803
vt 0.332715 0.246446
vt 0.33475 0.249575
vt 0.333594 0.250071
vt 0.334586 0.249699
vt 0.333769 0.250051
vt 0.335121 0.249628
vt 0.336513 0.24902
vt 0.338994 0.248169
vt 0.341572 0.247301
vt 0.343778 0.246574
vt 0.345199 0.246126
vt 0.345536 0.246051
vt 0.344678 0.246379
vt 0.342756 0.247058
vt 0.340148 0.247954
vt 0.337406 0.248877
vt 0.331064 0.238761
vt 0.336459 0.240503
vt 0.335071 0.237077
vt 0.331451 0.242577
vt 0.338501 0.245158
vt 0.33347 0.247201
vt 0.339984 0.24827
vt 0.335932 0.249893
vt 0.341547 0.238268
vt 0.339151 0.235294
vt 0.345573 0.236377
vt 0.342407 0.233803
vt 0.347696 0.235228
vt 0.344166 0.232917
vt 0.347575 0.235022
vt 0.344129 0.23279
vt 0.349524 0.239419
vt 0.349689 0.239722
vt 0.34886 0.24348
vt 0.348981 0.243796
vt 0.3476 0.240957
vt 0.347289 0.244853
vt 0.343593 0.242908
vt 0.344068 0.246457
vt 0.345365 0.235744
vt 0.342389 0.233413
vt 0.341588 0.237209
vt 0.339347 0.234634
vt 0.343461 0.241457
vt 0.347272 0.240054
vt 0.343929 0.245029
vt 0.347037 0.24393
vt 0.336973 0.239128
vt 0.335596 0.236214
vt 0.332334 0.241163
vt 0.33181 0.237867
vt 0.328472 0.242961
vt 0.328663 0.2393
vt 0.33034 0.247246
vt 0.334186 0.245398
vt 0.333232 0.249769
vt 0.336348 0.248236
vt 0.338828 0.24335
vt 0.340139 0.246557
vt 0.326106 0.244192
vt 0.326748 0.240245
vt 0.325761 0.244595
vt 0.32648 0.240501
vt 0.3277 0.249055
vt 0.328004 0.248557
vt 0.331189 0.251315
vt 0.331377 0.250871
vt 0.327631 0.244036
vt 0.327996 0.239982
vt 0.329613 0.248589
vt 0.332791 0.250978
vt 0.325377 0.237098
vt 0.32731 0.2362
vt 0.325086 0.237299
vt 0.326577 0.236726
vt 0.329666 0.235446
vt 0.333763 0.233865
vt 0.337695 0.231989
vt 0.340961 0.230532
vt 0.34274 0.229695
vt 0.342733 0.229623
vt 0.341012 0.230298
vt 0.338077 0.231518
vt 0.33425 0.23315
vt 0.330466 0.234796
vt 0.325172 0.040545
vt 0.325762 0.040309
vt 0.325431 0.040552
vt 0.325039 0.040286
vt 0.326101 0.039868
vt 0.32506 0.039824
vt 0.326382 0.039314
vt 0.325233 0.039252
vt 0.325521 0.038686
vt 0.326552 0.038754
vt 0.327527 0.03673
vt 0.325691 0.036994
vt 0.325967 0.038961
vt 0.326474 0.036723
vt 0.326312 0.038515
vt 0.326643 0.03828
vt 0.328294 0.036466
vt 0.326894 0.038299
vt 0.327017 0.038565
vt 0.32699 0.039024
vt 0.326125 0.039806
vt 0.325951 0.04038
vt 0.326758 0.03879
vt 0.326414 0.039237
vt 0.327087 0.038553
vt 0.327429 0.039294
vt 0.327257 0.039855
vt 0.326976 0.040412
vt 0.326639 0.040857
vt 0.326311 0.041102
vt 0.327457 0.038836
vt 0.326056 0.041098
vt 0.325927 0.040841
vt 0.327336 0.03857
vt 0.317224 0.027481
vt 0.317634 0.028567
vt 0.317307 0.028061
vt 0.317401 0.026944
vt 0.318141 0.028896
vt 0.3178 0.026557
vt 0.31834 0.026393
vt 0.318723 0.028984
vt 0.319265 0.028812
vt 0.318915 0.026484
vt 0.321183 0.029667
vt 0.321059 0.026121
vt 0.319371 0.028483
vt 0.321978 0.029358
vt 0.319766 0.028088
vt 0.319934 0.027549
vt 0.319846 0.026974
vt 0.321842 0.025801
vt 0.319519 0.026474
vt 0.319019 0.026146
vt 0.320044 0.027214
vt 0.319955 0.026637
vt 0.319479 0.02815
vt 0.319875 0.027754
vt 0.318932 0.028321
vt 0.318344 0.028232
vt 0.317833 0.027898
vt 0.317502 0.027388
vt 0.317417 0.026804
vt 0.319626 0.026134
vt 0.319123 0.025805
vt 0.317595 0.026264
vt 0.317997 0.025874
vt 0.318543 0.025712
vt 0.328836 0.042827
vt 0.330065 0.040364
vt 0.328305 0.043218
vt 0.329791 0.041242
vt 0.330124 0.039649
vt 0.327949 0.043241
vt 0.329953 0.039236
vt 0.327759 0.04285
vt 0.329581 0.039214
vt 0.327807 0.042127
vt 0.329078 0.039595
vt 0.328093 0.041206
vt 0.329349 0.042126
vt 0.328537 0.040319
vt 0.348037 0.244539
vt 0.342928 0.246441
vt 0.345135 0.245547
vt 0.34455 0.245954
vt 0.340142 0.247511
vt 0.340095 0.247665
vt 0.337385 0.248524
vt 0.335699 0.249279
vt 0.349818 0.243724
vt 0.346305 0.245016
vt 0.349624 0.243643
vt 0.346238 0.244943
vt 0.347631 0.244261
vt 0.345004 0.245322
vt 0.344322 0.245418
vt 0.342885 0.246061
vt 0.340333 0.246888
vt 0.340294 0.247016
vt 0.336349 0.248418
vt 0.3377 0.248012
vt 0.333041 0.249749
vt 0.335567 0.248872
vt 0.331013 0.250642
vt 0.334296 0.249434
vt 0.33072 0.250903
vt 0.334164 0.249581
vt 0.332353 0.250433
vt 0.335251 0.249262
vt 0.320671 0.024019
vt 0.321101 0.026692
vt 0.321222 0.024855
vt 0.320449 0.027344
vt 0.319858 0.023488
vt 0.319544 0.027626
vt 0.318888 0.02332
vt 0.318564 0.027475
vt 0.317986 0.023578
vt 0.317705 0.02691
vt 0.317318 0.024211
vt 0.317159 0.026067
vt 0.321374 0.025804
vt 0.317016 0.025105
vt 0.333286 0.250144
vt 0.335323 0.249081
vt 0.336222 0.248791
vt 0.331877 0.250592
vt 0.336303 0.248963
vt 0.338068 0.248066
vt 0.335522 0.248893
vt 0.336736 0.248283
vt 0.334298 0.249243
vt 0.338699 0.24738
vt 0.337469 0.247788
vt 0.341031 0.246359
vt 0.341187 0.246161
vt 0.343305 0.245406
vt 0.344808 0.244642
vt 0.3403 0.247288
vt 0.340485 0.247053
vt 0.344373 0.2455
vt 0.342951 0.245971
vt 0.347609 0.244
vt 0.344939 0.245052
vt 0.34605 0.244481
vt 0.349352 0.242932
vt 0.346095 0.244359
vt 0.34771 0.243494
vt 0.345107 0.244694
vt 0.32582 0.025929
vt 0.326401 0.026843
vt 0.325587 0.025512
vt 0.32611 0.026403
vt 0.326637 0.027164
vt 0.325456 0.025234
vt 0.325455 0.025151
vt 0.326771 0.027304
vt 0.325586 0.025282
vt 0.326777 0.027231
vt 0.324858 0.02421
vt 0.327265 0.028152
vt 0.328004 0.027867
vt 0.327203 0.026893
vt 0.327079 0.026618
vt 0.326846 0.026197
vt 0.326551 0.025713
vt 0.325604 0.023904
vt 0.326254 0.025265
vt 0.326015 0.024945
vt 0.32445 0.03654
vt 0.323449 0.035243
vt 0.321967 0.023525
vt 0.321572 0.024703
vt 0.328505 0.034902
vt 0.32079 0.025027
vt 0.323651 0.03682
vt 0.322646 0.035531
vt 0.321192 0.02385
vt 0.327745 0.035168
vt 0.330117 0.025587
vt 0.329028 0.024194
vt 0.32856 0.023471
vt 0.329879 0.02538
vt 0.328222 0.022775
vt 0.330153 0.025463
vt 0.328036 0.022319
vt 0.329975 0.025011
vt 0.328054 0.02216
vt 0.329618 0.024331
vt 0.328281 0.022347
vt 0.329152 0.023555
vt 0.329491 0.024883
vt 0.328673 0.022845
vt 0.327242 0.026176
vt 0.326951 0.025738
vt 0.32748 0.026495
vt 0.327618 0.026631
vt 0.327628 0.026555
vt 0.327506 0.02628
vt 0.327275 0.025858
vt 0.326981 0.025374
vt 0.326662 0.025264
vt 0.326432 0.024847
vt 0.326306 0.024566
vt 0.326309 0.02448
vt 0.326444 0.024608
vt 0.326683 0.024927
vt 0.337617 0.234474
vt 0.341076 0.232905
vt 0.333674 0.236286
vt 0.329955 0.238013
vt 0.343391 0.231877
vt 0.344062 0.231615
vt 0.342874 0.232207
vt 0.340002 0.233564
vt 0.336026 0.235412
vt 0.331808 0.237348
vt 0.32713 0.239345
vt 0.325743 0.240027
vt 0.326119 0.2399
vt 0.328265 0.238953
vt 0.33505 0.233678
vt 0.339002 0.231673
vt 0.341855 0.230347
vt 0.343078 0.229773
vt 0.342424 0.230065
vt 0.340128 0.231118
vt 0.336686 0.232703
vt 0.332754 0.234519
vt 0.32904 0.236238
vt 0.32618 0.237567
vt 0.324827 0.238201
vt 0.325174 0.23805
vt 0.327301 0.237076
vt 0.330826 0.235453
vt 0.318016 0.04133
vt 0.317763 0.042407
vt 0.317621 0.04317
vt 0.317904 0.04175
vt 0.317876 0.044268
vt 0.318545 0.040877
vt 0.318076 0.041229
vt 0.317507 0.043883
vt 0.317445 0.044401
vt 0.317446 0.044621
vt 0.318075 0.041462
vt 0.31881 0.044896
vt 0.318546 0.044894
vt 0.319468 0.041522
vt 0.319167 0.041728
vt 0.3191 0.042246
vt 0.318604 0.044776
vt 0.318712 0.044348
vt 0.318986 0.042947
vt 0.318848 0.043696
vt 0.320462 0.040777
vt 0.321262 0.047297
vt 0.320741 0.040263
vt 0.320941 0.038689
vt 0.321476 0.050201
vt 0.322292 0.0508
vt 0.324578 0.049738
vt 0.327462 0.03509
vt 0.328683 0.04783
vt 0.325562 0.051327
vt 0.324896 0.051172
vt 0.323626 0.049105
vt 0.323789 0.050236
vt 0.327741 0.04717
vt 0.327109 0.048022
vt 0.324086 0.049076
vt 0.32816 0.048729
vt 0.325925 0.047841
vt 0.324846 0.04822
vt 0.327953 0.050132
vt 0.328864 0.049822
vt 0.32401 0.051474
vt 0.328164 0.049616
vt 0.328299 0.0504
vt 0.328104 0.051129
vt 0.326209 0.051767
vt 0.326943 0.051886
vt 0.327619 0.051659
vt 0.326724 0.052415
vt 0.325986 0.052294
vt 0.325334 0.051851
vt 0.327893 0.051655
vt 0.327405 0.052187
vt 0.328089 0.050921
vt 0.328526 0.034669
vt 0.327705 0.03405
vt 0.327741 0.033699
vt 0.327984 0.034397
vt 0.326563 0.034381
vt 0.329147 0.03595
vt 0.32808 0.033412
vt 0.328654 0.033244
vt 0.329224 0.034811
vt 0.329936 0.034793
vt 0.330518 0.034619
vt 0.330851 0.034325
vt 0.328567 0.034728
vt 0.33005 0.036666
vt 0.330753 0.035826
vt 0.329262 0.034711
vt 0.330774 0.035467
vt 0.330485 0.035119
vt 0.329945 0.034849
vt 0.328943 0.043094
vt 0.329321 0.046601
vt 0.328383 0.045932
vt 0.320028 0.038026
vt 0.321336 0.050182
vt 0.328017 0.042412
vt 0.320522 0.049583
vt 0.320319 0.046667
vt 0.320701 0.039309
vt 0.319787 0.03865
vt 0.319823 0.039607
vt 0.319542 0.040125
vt 0.345665 0.244715
vt 0.340993 0.246694
vt 0.343228 0.245688
vt 0.342071 0.246333
vt 0.34791 0.243636
vt 0.344642 0.24501
vt 0.348363 0.243315
vt 0.344955 0.244796
vt 0.347 0.243786
vt 0.34413 0.245078
vt 0.338407 0.247817
vt 0.33791 0.24814
vt 0.336013 0.248822
vt 0.334088 0.249742
vt 0.334298 0.249504
vt 0.327217 0.055083
vt 0.323824 0.054545
vt 0.326095 0.055473
vt 0.323111 0.053442
vt 0.327985 0.054258
vt 0.322882 0.052175
vt 0.328307 0.053067
vt 0.323184 0.050988
vt 0.328085 0.051779
vt 0.323962 0.050116
vt 0.327369 0.050666
vt 0.325096 0.04973
vt 0.324882 0.05527
vt 0.326282 0.049926
vt 0.3179 0.04268
vt 0.317761 0.043427
vt 0.317622 0.044078
vt 0.31751 0.044504
vt 0.318011 0.04198
vt 0.33126 0.233154
vt 0.32764 0.234375
vt 0.325629 0.235334
vt 0.325536 0.235685
vt 0.327231 0.235411
vt 0.330297 0.234598
vt 0.334135 0.233412
vt 0.338065 0.232066
vt 0.341485 0.230762
vt 0.343562 0.229817
vt 0.344041 0.229342
vt 0.342673 0.229491
vt 0.339609 0.230273
vt 0.335456 0.231544
vt 0.314106 0.041195
vt 0.314348 0.040146
vt 0.314551 0.039484
vt 0.314675 0.039337
vt 0.313869 0.04245
vt 0.314697 0.039722
vt 0.313701 0.043567
vt 0.314614 0.040555
vt 0.313622 0.044404
vt 0.314443 0.041683
vt 0.313652 0.044752
vt 0.314252 0.042886
vt 0.313782 0.044564
vt 0.313986 0.043885
vt 0.330581 0.033628
vt 0.330872 0.033971
vt 0.330039 0.033363
vt 0.329352 0.033227
vt 0.337166 0.248817
vt 0.339301 0.231268
vt 0.335208 0.232736
vt 0.330831 0.234645
vt 0.327114 0.236401
vt 0.324805 0.237646
vt 0.324347 0.238133
vt 0.325752 0.237797
vt 0.328666 0.23674
vt 0.332586 0.235146
vt 0.336512 0.233427
vt 0.340043 0.231765
vt 0.342366 0.230536
vt 0.343087 0.229947
vt 0.341969 0.230151
vt 0.32738 0.030916
vt 0.326993 0.029833
vt 0.326923 0.030364
vt 0.327556 0.029388
vt 0.328266 0.031342
vt 0.328481 0.029132
vt 0.329411 0.031564
vt 0.329612 0.029104
vt 0.33058 0.031535
vt 0.330727 0.029313
vt 0.331531 0.031261
vt 0.331596 0.02975
vt 0.332071 0.030801
vt 0.332092 0.030243
vt 0.857874 0.928466
vt 0.857824 0.929559
vt 0.858221 0.927475
vt 0.858948 0.926454
vt 0.858121 0.930571
vt 0.859867 0.925727
vt 0.858736 0.9314
vt 0.860929 0.925286
vt 0.859613 0.931963
vt 0.862033 0.925171
vt 0.864688 0.934096
vt 0.868223 0.927326
vt 0.863074 0.925396
vt 0.860324 0.929576
vt 0.860664 0.928589
vt 0.865491 0.926521
vt 0.870329 0.928456
vt 0.862295 0.926847
vt 0.863351 0.926408
vt 0.861383 0.927571
vt 0.866846 0.935192
vt 0.862079 0.933065
vt 0.861202 0.932503
vt 0.864451 0.926295
vt 0.860583 0.931675
vt 0.860282 0.930666
vt 0.869755 0.942945
vt 0.867258 0.941729
vt 0.877945 0.917581
vt 0.8719 0.937834
vt 0.865364 0.940006
vt 0.866436 0.939568
vt 0.858224 0.943623
vt 0.856196 0.944949
vt 0.857072 0.944277
vt 0.855903 0.945765
vt 0.856381 0.94594
vt 0.855856 0.945405
vt 0.862305 0.944243
vt 0.857232 0.945918
vt 0.859669 0.945332
vt 0.861023 0.944828
vt 0.858366 0.945708
vt 0.867145 0.942007
vt 0.87329 0.94007
vt 0.859966 0.945632
vt 0.858804 0.946283
vt 0.857914 0.946946
vt 0.860018 0.947622
vt 0.858894 0.947849
vt 0.857591 0.947733
vt 0.857559 0.94739
vt 0.861317 0.947233
vt 0.86267 0.94672
vt 0.863957 0.94613
vt 0.868102 0.944045
vt 0.858055 0.947889
vt 0.874471 0.93914
vt 0.880305 0.91794
vt 0.878512 0.912295
vt 0.876053 0.911468
vt 0.878628 0.920623
vt 0.876617 0.91423
vt 0.875673 0.910343
vt 0.876192 0.912919
vt 0.875352 0.909442
vt 0.875779 0.911593
vt 0.87512 0.908855
vt 0.875422 0.910394
vt 0.875003 0.908645
vt 0.875159 0.909446
vt 0.875022 0.908878
vt 0.877549 0.90952
vt 0.877641 0.90972
vt 0.878022 0.911275
vt 0.877746 0.91033
vt 0.878384 0.912469
vt 0.881113 0.920981
vt 0.879207 0.915083
vt 0.877592 0.90976
vt 0.878793 0.913785
vt 0.878149 0.911184
vt 0.877849 0.910295
vt 0.88894 0.911999
vt 0.887792 0.902767
vt 0.890922 0.905618
vt 0.885597 0.909304
vt 0.888308 0.901642
vt 0.89123 0.904365
vt 0.888953 0.90084
vt 0.89132 0.903091
vt 0.889643 0.900459
vt 0.891182 0.901943
vt 0.890827 0.901054
vt 0.890294 0.900536
vt 0.887684 0.902054
vt 0.888345 0.902119
vt 0.888889 0.902623
vt 0.889254 0.903496
vt 0.8894 0.90463
vt 0.889315 0.905892
vt 0.886336 0.903247
vt 0.886986 0.902443
vt 0.885819 0.904369
vt 0.88901 0.907138
vt 0.886992 0.913047
vt 0.883586 0.910415
vt 0.8998 0.935046
vt 0.898778 0.929825
vt 0.905262 0.931527
vt 0.906528 0.936644
vt 0.906512 0.931962
vt 0.907752 0.936779
vt 0.907692 0.932643
vt 0.908739 0.936575
vt 0.908666 0.933495
vt 0.909367 0.936064
vt 0.909319 0.934421
vt 0.909565 0.935314
vt 0.906274 0.934319
vt 0.906906 0.935246
vt 0.907133 0.936141
vt 0.905285 0.937613
vt 0.904062 0.937481
vt 0.905317 0.933467
vt 0.902909 0.932354
vt 0.904151 0.932787
vt 0.906917 0.936893
vt 0.906277 0.937407
vt 0.896757 0.930765
vt 0.897679 0.935994
vt 0.888853 0.931167
vt 0.89119 0.930056
vt 0.894632 0.929271
vt 0.886766 0.92199
vt 0.890075 0.920998
vt 0.895173 0.928933
vt 0.890794 0.920987
vt 0.891682 0.921388
vt 0.895442 0.928209
vt 0.892652 0.922171
vt 0.895404 0.927163
vt 0.893604 0.923263
vt 0.895058 0.9259
vt 0.894492 0.924655
vt 0.892311 0.926976
vt 0.891748 0.925748
vt 0.892664 0.928219
vt 0.892478 0.929952
vt 0.89272 0.929245
vt 0.88995 0.923287
vt 0.889011 0.922505
vt 0.891971 0.930276
vt 0.888158 0.922098
vt 0.890876 0.924371
vt 0.887474 0.922099
vt 0.884468 0.923159
vt 0.373895 0.812983
vt 0.35597 0.771673
vt 0.352858 0.771527
vt 0.375012 0.81036
vt 0.352533 0.771017
vt 0.372001 0.81052
vt 0.373758 0.807916
vt 0.356301 0.772618
vt 0.35972 0.768421
vt 0.353133 0.768088
vt 0.388255 0.770243
vt 0.359832 0.765397
vt 0.39069 0.767369
vt 0.353242 0.76507
vt 0.38755 0.767139
vt 0.386255 0.770025
vt 0.338472 0.802874
vt 0.365872 0.815566
vt 0.350856 0.803324
vt 0.366883 0.818612
vt 0.362528 0.817309
vt 0.338265 0.80392
vt 0.350457 0.804256
vt 0.362883 0.814039
vt 0.34774 0.79988
vt 0.347866 0.797102
vt 0.355398 0.794788
vt 0.354566 0.797875
vt 0.342932 0.79691
vt 0.354324 0.793728
vt 0.342808 0.799716
vt 0.352826 0.797153
vt 0.385436 0.763837
vt 0.340828 0.770052
vt 0.340905 0.772056
vt 0.383736 0.762211
vt 0.37669 0.766231
vt 0.350708 0.770963
vt 0.37762 0.76806
vt 0.351121 0.772894
vt 0.340242 0.77651
vt 0.350407 0.776866
vt 0.357388 0.78225
vt 0.350635 0.778576
vt 0.358264 0.784474
vt 0.356395 0.785977
vt 0.340347 0.778165
vt 0.355627 0.78383
vt 0.338426 0.773591
vt 0.338361 0.771574
vt 0.337897 0.779701
vt 0.337806 0.778032
vt 0.322807 0.028373
vt 0.313123 0.028376
vt 0.31666 0.028376
vt 0.313142 0.028373
vt 0.329915 0.028368
vt 0.316713 0.028368
vt 0.336081 0.028362
vt 0.322879 0.028362
vt 0.339652 0.028357
vt 0.329987 0.028357
vt 0.339672 0.028354
vt 0.336134 0.028354
vt 0.336106 0.062166
vt 0.339677 0.062161
vt 0.322903 0.062167
vt 0.316738 0.062173
vt 0.32994 0.062172
vt 0.313166 0.062178
vt 0.322832 0.062177
vt 0.313147 0.062181
vt 0.316685 0.062181
vt 0.330012 0.062162
vt 0.339696 0.062158
vt 0.336159 0.062159
vt 0.350685 0.706215
vt 0.339375 0.721998
vt 0.340101 0.715109
vt 0.349764 0.713148
vt 0.359566 0.706645
vt 0.358471 0.713561
vt 0.345837 0.719089
vt 0.350362 0.724212
vt 0.35336 0.730184
vt 0.354181 0.734511
vt 0.344991 0.72594
vt 0.349416 0.731017
vt 0.352342 0.736936
vt 0.353138 0.741225
vt 0.360819 0.809798
vt 0.360685 0.798773
vt 0.360151 0.795929
vt 0.360933 0.803866
vt 0.360374 0.814865
vt 0.359487 0.796027
vt 0.359728 0.817644
vt 0.358871 0.798933
vt 0.359067 0.817443
vt 0.358457 0.803826
vt 0.358564 0.814424
vt 0.358345 0.809457
vt 0.32858 0.071837
vt 0.316714 0.114505
vt 0.328635 0.114496
vt 0.316659 0.071846
vt 0.302292 0.710896
vt 0.312785 0.713822
vt 0.312608 0.720762
vt 0.302257 0.703872
vt 0.293236 0.703435
vt 0.293451 0.710477
vt 0.298337 0.738834
vt 0.298215 0.732017
vt 0.299125 0.727736
vt 0.302267 0.722003
vt 0.306932 0.717276
vt 0.299227 0.734588
vt 0.302303 0.728896
vt 0.306873 0.724199
vt 0.314513 0.566549
vt 0.307093 0.54687
vt 0.314478 0.56654
vt 0.307127 0.546879
vt 0.294981 0.546884
vt 0.294946 0.546875
vt 0.302084 0.584857
vt 0.302118 0.584866
vt 0.312208 0.567794
vt 0.312174 0.567784
vt 0.362073 0.822157
vt 0.368267 0.78457
vt 0.368891 0.794511
vt 0.361614 0.812837
vt 0.366251 0.784494
vt 0.359805 0.812776
vt 0.366841 0.794437
vt 0.360237 0.822097
vt 0.296989 0.721748
vt 0.300461 0.732659
vt 0.2963 0.732474
vt 0.301067 0.721935
vt 0.296252 0.730434
vt 0.296945 0.719682
vt 0.300438 0.730621
vt 0.301048 0.719872
vt 0.293589 0.734367
vt 0.303237 0.734793
vt 0.293391 0.728241
vt 0.303222 0.728684
vt 0.28917 0.728051
vt 0.291748 0.734286
vt 0.302817 0.742998
vt 0.293023 0.742576
vt 0.291153 0.76968
vt 0.292811 0.736514
vt 0.290893 0.763861
vt 0.294027 0.767884
vt 0.29396 0.765946
vt 0.293568 0.77201
vt 0.29808 0.772187
vt 0.298424 0.766124
vt 0.293639 0.773928
vt 0.29812 0.774102
vt 0.298461 0.76806
vt 0.301379 0.764283
vt 0.301431 0.770085
vt 0.302794 0.736952
vt 0.291154 0.742495
vt 0.288524 0.736325
vt 0.28182 0.742423
vt 0.289315 0.743075
vt 0.283986 0.747065
vt 0.289885 0.745384
vt 0.29907 0.736357
vt 0.294246 0.739813
vt 0.303081 0.740587
vt 0.299639 0.745675
vt 0.308348 0.740816
vt 0.308276 0.746044
vt 0.290493 0.737205
vt 0.299207 0.734024
vt 0.284677 0.738905
vt 0.294402 0.73749
vt 0.303357 0.735167
vt 0.299944 0.740292
vt 0.289936 0.734871
vt 0.282554 0.734213
vt 0.308572 0.735398
vt 0.308497 0.740663
vt 0.349571 0.734844
vt 0.353227 0.724332
vt 0.353672 0.735026
vt 0.349206 0.724147
vt 0.353982 0.733018
vt 0.353527 0.722297
vt 0.349855 0.732833
vt 0.349482 0.722111
vt 0.356082 0.73713
vt 0.346571 0.73671
vt 0.35706 0.731109
vt 0.347372 0.730672
vt 0.361205 0.731295
vt 0.357891 0.73721
vt 0.346804 0.744894
vt 0.356457 0.74531
vt 0.357697 0.772304
vt 0.357458 0.739353
vt 0.358772 0.766591
vt 0.355143 0.77031
vt 0.355482 0.768404
vt 0.355738 0.774443
vt 0.351297 0.774269
vt 0.351086 0.768228
vt 0.355393 0.776329
vt 0.350982 0.776157
vt 0.350776 0.770136
vt 0.348448 0.766176
vt 0.347575 0.771905
vt 0.347622 0.738921
vt 0.358293 0.74539
vt 0.361665 0.739538
vt 0.367393 0.746108
vt 0.360012 0.746116
vt 0.364682 0.75049
vt 0.359154 0.748342
vt 0.349776 0.738587
vt 0.354065 0.742414
vt 0.345441 0.742427
vt 0.348176 0.747748
vt 0.340227 0.7422
vt 0.339632 0.747383
vt 0.358742 0.740196
vt 0.349696 0.73626
vt 0.364193 0.742368
vt 0.353968 0.740099
vt 0.345299 0.73702
vt 0.34801 0.74238
vt 0.359585 0.737945
vt 0.366857 0.737936
vt 0.340136 0.736792
vt 0.339548 0.742013
vt 0.382966 0.762455
vt 0.368364 0.78005
vt 0.384623 0.780675
vt 0.367206 0.76181
vt 0.380593 0.771325
vt 0.382125 0.789255
vt 0.365144 0.806751
vt 0.364186 0.789466
vt 0.362196 0.806649
vt 0.36132 0.78936
vt 0.303115 0.778359
vt 0.287007 0.772837
vt 0.3031 0.773465
vt 0.284036 0.777627
vt 0.25842 0.757543
vt 0.248495 0.759133
vt 0.254234 0.743728
vt 0.262118 0.748033
vt 0.271849 0.734697
vt 0.2754 0.741315
vt 0.29281 0.73562
vt 0.293035 0.742076
vt 0.286546 0.778922
vt 0.302808 0.779543
vt 0.302829 0.784381
vt 0.283553 0.783658
vt 0.257618 0.763789
vt 0.261333 0.754371
vt 0.247589 0.765363
vt 0.253347 0.750106
vt 0.271146 0.741153
vt 0.292357 0.742069
vt 0.292593 0.748469
vt 0.313989 0.345265
vt 0.335892 0.376108
vt 0.33963 0.369747
vt 0.303469 0.345337
vt 0.313503 0.329289
vt 0.319844 0.33526
vt 0.330954 0.323761
vt 0.333051 0.330773
vt 0.348342 0.32838
vt 0.348105 0.334652
vt 0.334087 0.379346
vt 0.302287 0.349186
vt 0.331408 0.334635
vt 0.318402 0.339147
vt 0.346224 0.338376
vt 0.360793 0.546849
vt 0.353459 0.566533
vt 0.353424 0.566524
vt 0.360828 0.546858
vt 0.372975 0.546853
vt 0.37294 0.546844
vt 0.365833 0.584831
vt 0.365868 0.584841
vt 0.355764 0.567776
vt 0.355729 0.567767
vt 0.30834 0.74058
vt 0.308404 0.747228
vt 0.308172 0.752943
vt 0.308581 0.734767
vt 0.330272 0.735726
vt 0.330264 0.741533
vt 0.337006 0.741902
vt 0.337069 0.747661
vt 0.336325 0.748416
vt 0.33638 0.754122
vt 0.211614 0.682286
vt 0.267334 0.663283
vt 0.265452 0.684965
vt 0.212548 0.664698
vt 0.270839 0.691875
vt 0.265455 0.682675
vt 0.270761 0.709914
vt 0.265741 0.664349
vt 0.292814 0.690341
vt 0.293544 0.708291
vt 0.289018 0.709139
vt 0.28958 0.726847
vt 0.295513 0.756564
vt 0.296194 0.773279
vt 0.271391 0.770298
vt 0.271438 0.753373
vt 0.220807 0.773443
vt 0.222371 0.75632
vt 0.20716 0.684701
vt 0.209695 0.666125
vt 0.240255 0.757504
vt 0.215529 0.759674
vt 0.242807 0.741551
vt 0.226573 0.742392
vt 0.243796 0.72386
vt 0.228099 0.724633
vt 0.227686 0.751068
vt 0.228732 0.750555
vt 0.228493 0.753174
vt 0.227961 0.748397
vt 0.231623 0.748078
vt 0.231467 0.750736
vt 0.357829 0.712116
vt 0.355797 0.71603
vt 0.356128 0.723036
vt 0.357465 0.705034
vt 0.362981 0.704512
vt 0.363423 0.711598
vt 0.375304 0.675565
vt 0.375967 0.682807
vt 0.42162 0.678007
vt 0.422967 0.685239
vt 0.42404 0.680426
vt 0.425414 0.687647
vt 0.405982 0.704808
vt 0.404941 0.697679
vt 0.395961 0.698031
vt 0.395042 0.690863
vt 0.379249 0.705552
vt 0.378581 0.698428
vt 0.376564 0.708656
vt 0.375938 0.701551
vt 0.372851 0.716833
vt 0.373408 0.723833
vt 0.345834 0.648521
vt 0.345832 0.629983
vt 0.345826 0.628064
vt 0.345839 0.648522
vt 0.322825 0.648532
vt 0.322818 0.629992
vt 0.32282 0.64853
vt 0.322812 0.628073
vt 0.345831 0.628065
vt 0.322864 0.628087
vt 0.342042 0.628079
vt 0.370124 0.628055
vt 0.365135 0.628091
vt 0.373322 0.629972
vt 0.322864 0.630005
vt 0.342043 0.629997
vt 0.365136 0.630009
vt 0.370249 0.628089
vt 0.373446 0.630005
vt 0.373312 0.605679
vt 0.370115 0.60568
vt 0.373437 0.605712
vt 0.37024 0.605714
vt 0.370325 0.605736
vt 0.373522 0.605735
vt 0.37031 0.566739
vt 0.3701 0.566683
vt 0.375853 0.566681
vt 0.376063 0.566737
vt 0.375846 0.54942
vt 0.376056 0.549476
vt 0.401628 0.549466
vt 0.401639 0.577595
vt 0.363398 0.497917
vt 0.382603 0.500632
vt 0.382563 0.49885
vt 0.363395 0.499742
vt 0.368254 0.505234
vt 0.352314 0.488518
vt 0.34909 0.504301
vt 0.367895 0.489597
vt 0.333368 0.461385
vt 0.324895 0.503122
vt 0.326319 0.460668
vt 0.320144 0.465658
vt 0.318471 0.50572
vt 0.288666 0.507381
vt 0.289139 0.444018
vt 0.321189 0.440639
vt 0.51136 0.817319
vt 0.544916 0.831687
vt 0.544925 0.817347
vt 0.511351 0.831658
vt 0.294207 0.234678
vt 0.258892 0.283882
vt 0.306522 0.248205
vt 0.246814 0.268917
vt 0.300562 0.573142
vt 0.306157 0.573098
vt 0.300404 0.5731
vt 0.306315 0.57314
vt 0.30631 0.559715
vt 0.285225 0.58977
vt 0.294186 0.616617
vt 0.300579 0.616614
vt 0.285221 0.578263
vt 0.271151 0.564204
vt 0.271149 0.559729
vt 0.249414 0.218376
vt 0.213486 0.236946
vt 0.214766 0.241535
vt 0.24879 0.213555
vt 0.234348 0.197017
vt 0.199352 0.219207
vt 0.462361 0.862947
vt 0.416177 0.866534
vt 0.462364 0.8665
vt 0.416175 0.862981
vt 0.416216 0.877696
vt 0.462402 0.877662
vt 0.416222 0.886831
vt 0.462409 0.886798
vt 0.416257 0.908145
vt 0.462444 0.908112
vt 0.462458 0.90811
vt 0.416271 0.908143
vt 0.393225 0.457535
vt 0.379714 0.509176
vt 0.395114 0.506057
vt 0.378874 0.464932
vt 0.383132 0.653244
vt 0.386459 0.671089
vt 0.394545 0.670882
vt 0.435606 0.652025
vt 0.450183 0.699954
vt 0.397416 0.684968
vt 0.400772 0.70143
vt 0.445431 0.716141
vt 0.398167 0.717657
vt 0.393889 0.709305
vt 0.438712 0.707919
vt 0.434904 0.694151
vt 0.391291 0.695416
vt 0.38067 0.677968
vt 0.3837 0.695636
vt 0.430066 0.676654
vt 0.336586 0.77783
vt 0.337724 0.761899
vt 0.335827 0.778532
vt 0.338525 0.761179
vt 0.307257 0.777433
vt 0.307451 0.760666
vt 0.307287 0.7767
vt 0.307482 0.759911
vt 0.302657 0.776521
vt 0.301848 0.777225
vt 0.307081 0.792625
vt 0.301966 0.792439
vt 0.334108 0.79361
vt 0.30711 0.791914
vt 0.302731 0.791754
vt 0.334829 0.792926
vt 0.298465 0.773908
vt 0.299274 0.773213
vt 0.296234 0.773822
vt 0.296278 0.773096
vt 0.296655 0.789153
vt 0.298765 0.78923
vt 0.29953 0.788553
vt 0.296696 0.788448
vt 0.336919 0.795567
vt 0.336198 0.796256
vt 0.338044 0.781267
vt 0.338804 0.780558
vt 0.356515 0.796989
vt 0.359518 0.782086
vt 0.356485 0.796274
vt 0.359483 0.781349
vt 0.283259 0.229345
vt 0.284882 0.190086
vt 0.261709 0.205452
vt 0.306624 0.212822
vt 0.258171 0.247087
vt 0.261658 0.251208
vt 0.286784 0.233253
vt 0.236873 0.221921
vt 0.264199 0.252528
vt 0.289548 0.234324
vt 0.266521 0.255267
vt 0.291895 0.236919
vt 0.260278 0.205165
vt 0.221508 0.204835
vt 0.235591 0.2215
vt 0.246005 0.189311
vt 0.427102 0.750023
vt 0.433519 0.720035
vt 0.422095 0.749808
vt 0.439002 0.720293
vt 0.42381 0.730886
vt 0.418972 0.730666
vt 0.434957 0.700488
vt 0.429677 0.700226
vt 0.308505 0.089628
vt 0.287081 0.059769
vt 0.287102 0.089643
vt 0.308483 0.059753
vt 0.384735 0.751789
vt 0.38483 0.789472
vt 0.387499 0.780617
vt 0.382277 0.761102
vt 0.420648 0.753311
vt 0.425236 0.782069
vt 0.42682 0.753572
vt 0.431719 0.782318
vt 0.421154 0.767596
vt 0.415263 0.767357
vt 0.419367 0.795407
vt 0.425541 0.795633
vt 0.367269 0.76962
vt 0.400406 0.699321
vt 0.398234 0.765595
vt 0.362486 0.704202
vt 0.419031 0.747587
vt 0.413 0.809578
vt 0.410203 0.810152
vt 0.415547 0.748273
vt 0.371869 0.731073
vt 0.375067 0.794247
vt 0.390978 0.795287
vt 0.410996 0.7019
vt 0.404646 0.740892
vt 0.412605 0.713584
vt 0.403327 0.729565
vt 0.429081 0.71995
vt 0.432783 0.742115
vt 0.443149 0.715028
vt 0.438691 0.692197
vt 0.320797 0.762485
vt 0.313596 0.767262
vt 0.313958 0.755322
vt 0.320586 0.774284
vt 0.592742 0.81845
vt 0.609083 0.834767
vt 0.586778 0.821906
vt 0.60907 0.827864
vt 0.599636 0.818443
vt 0.605612 0.82189
vt 0.551792 0.740501
vt 0.495239 0.710442
vt 0.495212 0.740546
vt 0.550738 0.710758
vt 0.43227 0.672903
vt 0.431509 0.675497
vt 0.430432 0.674179
vt 0.429821 0.671972
vt 0.429046 0.669168
vt 0.429934 0.665221
vt 0.438869 0.704684
vt 0.412897 0.745034
vt 0.446309 0.743965
vt 0.407617 0.706089
vt 0.394978 0.574121
vt 0.394969 0.550354
vt 0.373369 0.564947
vt 0.373363 0.550363
vt 0.371221 0.597897
vt 0.368521 0.597898
vt 0.368507 0.564949
vt 0.305882 0.571442
vt 0.305876 0.558017
vt 0.300128 0.571444
vt 0.284791 0.588072
vt 0.293752 0.614919
vt 0.300145 0.614916
vt 0.284787 0.576565
vt 0.270717 0.562506
vt 0.270715 0.558031
vt 0.387049 0.223444
vt 0.396644 0.18363
vt 0.367885 0.21517
vt 0.423328 0.248326
vt 0.414109 0.226848
vt 0.400688 0.174046
vt 0.412857 0.181782
vt 0.422477 0.172133
vt 0.431076 0.238793
vt 0.420792 0.208251
vt 0.43124 0.214913
vt 0.452939 0.189769
f 2/2/2 1/1/1 3/3/3
f 4/4/4 1/1/1 2/2/2
f 5/5/5 3/3/3 1/1/1
f 6/6/6 3/3/3 5/5/5
f 7/7/7 6/6/6 5/5/5
f 8/8/8 6/6/6 7/7/7
f 1/1/1 4/4/4 9/9/9
f 9/9/9 4/4/4 10/10/10
f 9/9/9 10/10/10 11/11/11
f 11/11/11 10/10/10 12/12/12
f 13/13/13 9/9/9 11/11/11
f 14/14/14 9/9/9 13/13/13
f 14/14/14 1/1/1 9/9/9
f 5/5/5 1/1/1 14/14/14
f 15/15/15 14/14/14 13/13/13
f 16/16/16 14/14/14 15/15/15
f 16/16/16 5/5/5 14/14/14
f 7/7/7 5/5/5 16/16/16
f 2/2/2 3/3/3 17/17/17
f 17/17/17 3/3/3 18/18/18
f 6/6/6 18/18/18 3/3/3
f 18/18/18 19/19/19 17/17/17
f 20/20/20 19/19/19 18/18/18
f 20/20/20 21/21/21 19/19/19
f 22/22/22 21/21/21 20/20/20
f 23/23/23 22/22/22 20/20/20
f 24/24/24 22/22/22 23/23/23
f 25/25/25 24/24/24 23/23/23
f 26/26/26 24/24/24 25/25/25
f 22/22/22 27/27/27 21/21/21
f 28/28/28 27/27/27 22/22/22
f 24/24/24 28/28/28 22/22/22
f 28/28/28 29/29/29 27/27/27
f 30/30/30 29/29/29 28/28/28
f 30/30/30 31/31/31 29/29/29
f 32/32/32 31/31/31 30/30/30
f 33/33/33 32/32/32 30/30/30
f 34/34/34 32/32/32 33/33/33
f 35/35/35 34/34/34 33/33/33
f 36/36/36 34/34/34 35/35/35
f 37/37/37 30/30/30 28/28/28
f 33/33/33 30/30/30 37/37/37
f 37/37/37 28/28/28 24/24/24
f 26/26/26 37/37/37 24/24/24
f 38/38/38 33/33/33 37/37/37
f 35/35/35 33/33/33 38/38/38
f 38/38/38 37/37/37 26/26/26
f 25/25/25 23/23/23 39/39/39
f 32/32/32 40/40/40 31/31/31
f 41/41/41 40/40/40 32/32/32
f 34/34/34 41/41/41 32/32/32
f 41/41/41 42/42/42 40/40/40
f 43/43/43 42/42/42 41/41/41
f 44/44/44 43/43/43 41/41/41
f 44/44/44 41/41/41 34/34/34
f 36/36/36 44/44/44 34/34/34
f 45/45/45 43/43/43 44/44/44
f 46/46/46 45/45/45 44/44/44
f 46/46/46 44/44/44 36/36/36
f 47/47/47 45/45/45 46/46/46
f 43/43/43 48/48/48 42/42/42
f 49/49/49 48/48/48 43/43/43
f 45/45/45 49/49/49 43/43/43
f 49/49/49 50/50/50 48/48/48
f 51/51/51 50/50/50 49/49/49
f 52/52/52 51/51/51 49/49/49
f 52/52/52 49/49/49 45/45/45
f 47/47/47 52/52/52 45/45/45
f 53/53/53 51/51/51 52/52/52
f 54/54/54 53/53/53 52/52/52
f 54/54/54 52/52/52 47/47/47
f 55/55/55 53/53/53 54/54/54
f 51/51/51 12/12/12 50/50/50
f 11/11/11 12/12/12 51/51/51
f 53/53/53 11/11/11 51/51/51
f 13/13/13 11/11/11 53/53/53
f 55/55/55 13/13/13 53/53/53
f 15/15/15 13/13/13 55/55/55
f 47/47/47 46/46/46 56/56/56
f 56/56/56 46/46/46 57/57/57
f 55/55/55 54/54/54 58/58/58
f 58/58/58 54/54/54 59/59/59
f 60/60/60 55/55/55 58/58/58
f 15/15/15 55/55/55 60/60/60
f 61/61/61 15/15/15 60/60/60
f 16/16/16 15/15/15 61/61/61
f 62/62/62 16/16/16 61/61/61
f 7/7/7 16/16/16 62/62/62
f 63/63/63 7/7/7 62/62/62
f 8/8/8 7/7/7 63/63/63
f 64/64/64 8/8/8 63/63/63
f 39/39/39 8/8/8 64/64/64
f 39/39/39 65/65/65 8/8/8
f 39/39/39 23/23/23 65/65/65
f 23/23/23 20/20/20 65/65/65
f 65/65/65 20/20/20 18/18/18
f 65/65/65 18/18/18 6/6/6
f 8/8/8 65/65/65 6/6/6
f 66/66/66 39/39/39 64/64/64
f 25/25/25 39/39/39 66/66/66
f 67/67/67 25/25/25 66/66/66
f 26/26/26 25/25/25 67/67/67
f 68/68/68 26/26/26 67/67/67
f 38/38/38 26/26/26 68/68/68
f 69/69/69 38/38/38 68/68/68
f 35/35/35 38/38/38 69/69/69
f 70/70/70 35/35/35 69/69/69
f 36/36/36 35/35/35 70/70/70
f 57/57/57 36/36/36 70/70/70
f 46/46/46 36/36/36 57/57/57
f 72/72/72 71/71/71 73/73/73
f 74/74/74 71/71/71 72/72/72
f 75/75/75 74/74/74 72/72/72
f 76/76/76 74/74/74 75/75/75
f 77/77/77 76/76/76 75/75/75
f 78/78/78 76/76/76 77/77/77
f 72/72/72 73/73/73 79/79/79
f 79/79/79 73/73/73 80/80/80
f 81/81/81 72/72/72 79/79/79
f 75/75/75 72/72/72 81/81/81
f 82/82/82 75/75/75 81/81/81
f 77/77/77 75/75/75 82/82/82
f 74/74/74 83/83/83 71/71/71
f 84/84/84 83/83/83 74/74/74
f 76/76/76 84/84/84 74/74/74
f 84/84/84 85/85/85 83/83/83
f 86/86/86 85/85/85 84/84/84
f 87/87/87 86/86/86 84/84/84
f 87/87/87 84/84/84 76/76/76
f 78/78/78 87/87/87 76/76/76
f 88/88/88 86/86/86 87/87/87
f 89/89/89 88/88/88 87/87/87
f 89/89/89 87/87/87 78/78/78
f 90/90/90 88/88/88 89/89/89
f 86/86/86 91/91/91 85/85/85
f 92/92/92 91/91/91 86/86/86
f 88/88/88 92/92/92 86/86/86
f 93/93/93 92/92/92 88/88/88
f 90/90/90 93/93/93 88/88/88
f 94/94/94 93/93/93 90/90/90
f 92/92/92 95/95/95 91/91/91
f 96/96/96 95/95/95 92/92/92
f 93/93/93 96/96/96 92/92/92
f 97/97/97 96/96/96 93/93/93
f 94/94/94 97/97/97 93/93/93
f 98/98/98 97/97/97 94/94/94
f 96/96/96 99/99/99 95/95/95
f 100/100/100 99/99/99 96/96/96
f 97/97/97 100/100/100 96/96/96
f 101/101/101 100/100/100 97/97/97
f 98/98/98 101/101/101 97/97/97
f 102/102/102 101/101/101 98/98/98
f 100/100/100 103/103/103 99/99/99
f 104/104/104 103/103/103 100/100/100
f 101/101/101 104/104/104 100/100/100
f 104/104/104 105/105/105 103/103/103
f 106/106/106 105/105/105 104/104/104
f 107/107/107 106/106/106 104/104/104
f 107/107/107 104/104/104 101/101/101
f 102/102/102 107/107/107 101/101/101
f 108/108/108 106/106/106 107/107/107
f 109/109/109 108/108/108 107/107/107
f 109/109/109 107/107/107 102/102/102
f 110/110/110 108/108/108 109/109/109
f 106/106/106 111/111/111 105/105/105
f 112/112/112 111/111/111 106/106/106
f 108/108/108 112/112/112 106/106/106
f 112/112/112 113/113/113 111/111/111
f 114/114/114 113/113/113 112/112/112
f 115/115/115 114/114/114 112/112/112
f 115/115/115 112/112/112 108/108/108
f 110/110/110 115/115/115 108/108/108
f 116/116/116 114/114/114 115/115/115
f 117/117/117 116/116/116 115/115/115
f 117/117/117 115/115/115 110/110/110
f 118/118/118 116/116/116 117/117/117
f 114/114/114 119/119/119 113/113/113
f 120/120/120 119/119/119 114/114/114
f 116/116/116 120/120/120 114/114/114
f 121/121/121 120/120/120 116/116/116
f 118/118/118 121/121/121 116/116/116
f 122/122/122 121/121/121 118/118/118
f 120/120/120 123/123/123 119/119/119
f 124/124/124 123/123/123 120/120/120
f 121/121/121 124/124/124 120/120/120
f 125/125/125 124/124/124 121/121/121
f 122/122/122 125/125/125 121/121/121
f 126/126/126 125/125/125 122/122/122
f 124/124/124 80/80/80 123/123/123
f 79/79/79 80/80/80 124/124/124
f 125/125/125 79/79/79 124/124/124
f 81/81/81 79/79/79 125/125/125
f 126/126/126 81/81/81 125/125/125
f 82/82/82 81/81/81 126/126/126
f 80/80/80 127/127/127 123/123/123
f 128/128/128 127/127/127 80/80/80
f 123/123/123 129/129/129 119/119/119
f 127/127/127 129/129/129 123/123/123
f 73/73/73 128/128/128 80/80/80
f 130/130/130 128/128/128 73/73/73
f 73/73/73 71/71/71 130/130/130
f 130/130/130 71/71/71 131/131/131
f 83/83/83 131/131/131 71/71/71
f 132/132/132 131/131/131 83/83/83
f 85/85/85 132/132/132 83/83/83
f 133/133/133 132/132/132 85/85/85
f 91/91/91 133/133/133 85/85/85
f 134/134/134 133/133/133 91/91/91
f 95/95/95 134/134/134 91/91/91
f 135/135/135 134/134/134 95/95/95
f 99/99/99 135/135/135 95/95/95
f 136/136/136 135/135/135 99/99/99
f 103/103/103 136/136/136 99/99/99
f 137/137/137 136/136/136 103/103/103
f 105/105/105 137/137/137 103/103/103
f 138/138/138 137/137/137 105/105/105
f 111/111/111 138/138/138 105/105/105
f 139/139/139 138/138/138 111/111/111
f 113/113/113 139/139/139 111/111/111
f 140/140/140 139/139/139 113/113/113
f 119/119/119 140/140/140 113/113/113
f 129/129/129 140/140/140 119/119/119
f 142/142/142 141/141/141 143/143/143
f 144/144/144 141/141/141 142/142/142
f 145/145/145 144/144/144 142/142/142
f 146/146/146 144/144/144 145/145/145
f 147/147/147 146/146/146 145/145/145
f 148/148/148 146/146/146 147/147/147
f 144/144/144 149/149/149 141/141/141
f 150/150/150 149/149/149 144/144/144
f 146/146/146 150/150/150 144/144/144
f 151/151/151 150/150/150 146/146/146
f 148/148/148 151/151/151 146/146/146
f 152/152/152 151/151/151 148/148/148
f 150/150/150 153/153/153 149/149/149
f 154/154/154 153/153/153 150/150/150
f 151/151/151 154/154/154 150/150/150
f 155/155/155 154/154/154 151/151/151
f 152/152/152 155/155/155 151/151/151
f 156/156/156 155/155/155 152/152/152
f 142/142/142 143/143/143 157/157/157
f 157/157/157 143/143/143 158/158/158
f 147/147/147 145/145/145 159/159/159
f 159/159/159 145/145/145 160/160/160
f 160/160/160 142/142/142 157/157/157
f 145/145/145 142/142/142 160/160/160
f 157/157/157 158/158/158 161/161/161
f 161/161/161 158/158/158 162/162/162
f 163/163/163 157/157/157 161/161/161
f 160/160/160 157/157/157 163/163/163
f 164/164/164 160/160/160 163/163/163
f 159/159/159 160/160/160 164/164/164
f 161/161/161 162/162/162 165/165/165
f 165/165/165 162/162/162 166/166/166
f 167/167/167 161/161/161 165/165/165
f 163/163/163 161/161/161 167/167/167
f 168/168/168 163/163/163 167/167/167
f 164/164/164 163/163/163 168/168/168
f 165/165/165 166/166/166 169/169/169
f 169/169/169 166/166/166 170/170/170
f 169/169/169 170/170/170 171/171/171
f 171/171/171 170/170/170 172/172/172
f 171/171/171 172/172/172 173/173/173
f 173/173/173 172/172/172 174/174/174
f 173/173/173 174/174/174 175/175/175
f 175/175/175 174/174/174 176/176/176
f 177/177/177 173/173/173 175/175/175
f 178/178/178 173/173/173 177/177/177
f 178/178/178 171/171/171 173/173/173
f 179/179/179 178/178/178 177/177/177
f 180/180/180 178/178/178 179/179/179
f 181/181/181 171/171/171 178/178/178
f 180/180/180 181/181/181 178/178/178
f 181/181/181 169/169/169 171/171/171
f 182/182/182 181/181/181 180/180/180
f 183/183/183 169/169/169 181/181/181
f 182/182/182 183/183/183 181/181/181
f 184/184/184 183/183/183 182/182/182
f 183/183/183 165/165/165 169/169/169
f 167/167/167 165/165/165 183/183/183
f 184/184/184 167/167/167 183/183/183
f 168/168/168 167/167/167 184/184/184
f 175/175/175 176/176/176 185/185/185
f 185/185/185 176/176/176 186/186/186
f 175/175/175 187/187/187 177/177/177
f 185/185/185 187/187/187 175/175/175
f 188/188/188 177/177/177 187/187/187
f 179/179/179 177/177/177 188/188/188
f 185/185/185 186/186/186 189/189/189
f 189/189/189 186/186/186 190/190/190
f 189/189/189 190/190/190 191/191/191
f 191/191/191 190/190/190 192/192/192
f 193/193/193 189/189/189 191/191/191
f 194/194/194 189/189/189 193/193/193
f 185/185/185 194/194/194 187/187/187
f 189/189/189 194/194/194 185/185/185
f 195/195/195 194/194/194 193/193/193
f 196/196/196 194/194/194 195/195/195
f 196/196/196 187/187/187 194/194/194
f 188/188/188 187/187/187 196/196/196
f 191/191/191 192/192/192 154/154/154
f 154/154/154 192/192/192 153/153/153
f 155/155/155 191/191/191 154/154/154
f 193/193/193 191/191/191 155/155/155
f 156/156/156 193/193/193 155/155/155
f 195/195/195 193/193/193 156/156/156
f 190/190/190 197/197/197 192/192/192
f 198/198/198 197/197/197 190/190/190
f 186/186/186 198/198/198 190/190/190
f 199/199/199 198/198/198 186/186/186
f 176/176/176 199/199/199 186/186/186
f 200/200/200 199/199/199 176/176/176
f 174/174/174 200/200/200 176/176/176
f 201/201/201 200/200/200 174/174/174
f 172/172/172 201/201/201 174/174/174
f 202/202/202 201/201/201 172/172/172
f 170/170/170 202/202/202 172/172/172
f 203/203/203 202/202/202 170/170/170
f 166/166/166 203/203/203 170/170/170
f 204/204/204 203/203/203 166/166/166
f 162/162/162 204/204/204 166/166/166
f 205/205/205 204/204/204 162/162/162
f 158/158/158 205/205/205 162/162/162
f 206/206/206 205/205/205 158/158/158
f 143/143/143 206/206/206 158/158/158
f 207/207/207 206/206/206 143/143/143
f 141/141/141 207/207/207 143/143/143
f 208/208/208 207/207/207 141/141/141
f 149/149/149 208/208/208 141/141/141
f 209/209/209 208/208/208 149/149/149
f 153/153/153 209/209/209 149/149/149
f 210/210/210 209/209/209 153/153/153
f 192/192/192 210/210/210 153/153/153
f 197/197/197 210/210/210 192/192/192
f 208/208/208 211/211/211 207/207/207
f 207/207/207 211/211/211 212/212/212
f 207/207/207 212/212/212 206/206/206
f 208/208/208 213/213/213 211/211/211
f 209/209/209 213/213/213 208/208/208
f 209/209/209 214/214/214 213/213/213
f 210/210/210 214/214/214 209/209/209
f 210/210/210 215/215/215 214/214/214
f 197/197/197 215/215/215 210/210/210
f 197/197/197 216/216/216 215/215/215
f 198/198/198 216/216/216 197/197/197
f 198/198/198 217/217/217 216/216/216
f 199/199/199 217/217/217 198/198/198
f 199/199/199 218/218/218 217/217/217
f 200/200/200 218/218/218 199/199/199
f 200/200/200 219/219/219 218/218/218
f 201/201/201 219/219/219 200/200/200
f 201/201/201 220/220/220 219/219/219
f 202/202/202 220/220/220 201/201/201
f 202/202/202 221/221/221 220/220/220
f 203/203/203 221/221/221 202/202/202
f 203/203/203 222/222/222 221/221/221
f 204/204/204 222/222/222 203/203/203
f 204/204/204 223/223/223 222/222/222
f 205/205/205 223/223/223 204/204/204
f 205/205/205 224/224/224 223/223/223
f 206/206/206 224/224/224 205/205/205
f 206/206/206 212/212/212 224/224/224
f 226/226/226 225/225/225 227/227/227
f 228/228/228 225/225/225 226/226/226
f 229/229/229 228/228/228 226/226/226
f 230/230/230 228/228/228 229/229/229
f 231/231/231 230/230/230 229/229/229
f 232/232/232 230/230/230 231/231/231
f 228/228/228 233/233/233 225/225/225
f 234/234/234 233/233/233 228/228/228
f 230/230/230 234/234/234 228/228/228
f 235/235/235 234/234/234 230/230/230
f 232/232/232 235/235/235 230/230/230
f 236/236/236 235/235/235 232/232/232
f 234/234/234 237/237/237 233/233/233
f 238/238/238 237/237/237 234/234/234
f 235/235/235 238/238/238 234/234/234
f 238/238/238 239/239/239 237/237/237
f 240/240/240 239/239/239 238/238/238
f 240/240/240 241/241/241 239/239/239
f 242/242/242 241/241/241 240/240/240
f 243/243/243 242/242/242 240/240/240
f 244/244/244 242/242/242 243/243/243
f 245/245/245 244/244/244 243/243/243
f 246/246/246 244/244/244 245/245/245
f 247/247/247 240/240/240 238/238/238
f 243/243/243 240/240/240 247/247/247
f 247/247/247 238/238/238 235/235/235
f 236/236/236 247/247/247 235/235/235
f 248/248/248 243/243/243 247/247/247
f 245/245/245 243/243/243 248/248/248
f 248/248/248 247/247/247 236/236/236
f 242/242/242 249/249/249 241/241/241
f 250/250/250 249/249/249 242/242/242
f 244/244/244 250/250/250 242/242/242
f 250/250/250 251/251/251 249/249/249
f 252/252/252 251/251/251 250/250/250
f 252/252/252 253/253/253 251/251/251
f 254/254/254 253/253/253 252/252/252
f 254/254/254 255/255/255 253/253/253
f 256/256/256 255/255/255 254/254/254
f 257/257/257 256/256/256 254/254/254
f 258/258/258 256/256/256 257/257/257
f 259/259/259 258/258/258 257/257/257
f 260/260/260 258/258/258 259/259/259
f 256/256/256 261/261/261 255/255/255
f 262/262/262 261/261/261 256/256/256
f 258/258/258 262/262/262 256/256/256
f 263/263/263 262/262/262 258/258/258
f 260/260/260 263/263/263 258/258/258
f 264/264/264 263/263/263 260/260/260
f 265/265/265 254/254/254 252/252/252
f 257/257/257 254/254/254 265/265/265
f 266/266/266 257/257/257 265/265/265
f 259/259/259 257/257/257 266/266/266
f 265/265/265 252/252/252 267/267/267
f 267/267/267 252/252/252 250/250/250
f 268/268/268 265/265/265 267/267/267
f 266/266/266 265/265/265 268/268/268
f 267/267/267 250/250/250 244/244/244
f 246/246/246 267/267/267 244/244/244
f 268/268/268 267/267/267 246/246/246
f 262/262/262 269/269/269 261/261/261
f 270/270/270 269/269/269 262/262/262
f 263/263/263 270/270/270 262/262/262
f 270/270/270 271/271/271 269/269/269
f 272/272/272 271/271/271 270/270/270
f 273/273/273 272/272/272 270/270/270
f 273/273/273 270/270/270 263/263/263
f 264/264/264 273/273/273 263/263/263
f 274/274/274 272/272/272 273/273/273
f 275/275/275 274/274/274 273/273/273
f 275/275/275 273/273/273 264/264/264
f 276/276/276 274/274/274 275/275/275
f 272/272/272 277/277/277 271/271/271
f 278/278/278 277/277/277 272/272/272
f 274/274/274 278/278/278 272/272/272
f 278/278/278 227/227/227 277/277/277
f 226/226/226 227/227/227 278/278/278
f 279/279/279 226/226/226 278/278/278
f 279/279/279 278/278/278 274/274/274
f 276/276/276 279/279/279 274/274/274
f 229/229/229 226/226/226 279/279/279
f 280/280/280 229/229/229 279/279/279
f 280/280/280 279/279/279 276/276/276
f 231/231/231 229/229/229 280/280/280
f 276/276/276 275/275/275 281/281/281
f 281/281/281 275/275/275 282/282/282
f 231/231/231 280/280/280 283/283/283
f 284/284/284 231/231/231 283/283/283
f 232/232/232 231/231/231 284/284/284
f 285/285/285 232/232/232 284/284/284
f 236/236/236 232/232/232 285/285/285
f 286/286/286 236/236/236 285/285/285
f 248/248/248 236/236/236 286/286/286
f 287/287/287 248/248/248 286/286/286
f 245/245/245 248/248/248 287/287/287
f 288/288/288 245/245/245 287/287/287
f 246/246/246 245/245/245 288/288/288
f 289/289/289 246/246/246 288/288/288
f 268/268/268 246/246/246 289/289/289
f 290/290/290 268/268/268 289/289/289
f 266/266/266 268/268/268 290/290/290
f 291/291/291 266/266/266 290/290/290
f 259/259/259 266/266/266 291/291/291
f 292/292/292 259/259/259 291/291/291
f 260/260/260 259/259/259 292/292/292
f 293/293/293 260/260/260 292/292/292
f 264/264/264 260/260/260 293/293/293
f 282/282/282 264/264/264 293/293/293
f 275/275/275 264/264/264 282/282/282
f 295/295/295 294/294/294 296/296/296
f 297/297/297 294/294/294 295/295/295
f 295/295/295 296/296/296 298/298/298
f 298/298/298 296/296/296 299/299/299
f 298/298/298 299/299/299 300/300/300
f 300/300/300 299/299/299 301/301/301
f 294/294/294 302/302/302 296/296/296
f 296/296/296 302/302/302 303/303/303
f 296/296/296 303/303/303 299/299/299
f 299/299/299 303/303/303 304/304/304
f 299/299/299 304/304/304 301/301/301
f 301/301/301 304/304/304 305/305/305
f 302/302/302 306/306/306 303/303/303
f 303/303/303 306/306/306 307/307/307
f 303/303/303 307/307/307 304/304/304
f 304/304/304 307/307/307 308/308/308
f 304/304/304 308/308/308 305/305/305
f 305/305/305 308/308/308 309/309/309
f 310/310/310 297/297/297 295/295/295
f 311/311/311 297/297/297 310/310/310
f 312/312/312 311/311/311 310/310/310
f 313/313/313 311/311/311 312/312/312
f 312/312/312 310/310/310 314/314/314
f 314/314/314 310/310/310 315/315/315
f 314/314/314 315/315/315 316/316/316
f 316/316/316 315/315/315 317/317/317
f 318/318/318 313/313/313 312/312/312
f 319/319/319 313/313/313 318/318/318
f 320/320/320 319/319/319 318/318/318
f 321/321/321 319/319/319 320/320/320
f 322/322/322 321/321/321 320/320/320
f 323/323/323 321/321/321 322/322/322
f 322/322/322 320/320/320 324/324/324
f 324/324/324 320/320/320 325/325/325
f 320/320/320 318/318/318 325/325/325
f 324/324/324 325/325/325 326/326/326
f 326/326/326 325/325/325 327/327/327
f 325/325/325 318/318/318 328/328/328
f 325/325/325 328/328/328 327/327/327
f 327/327/327 328/328/328 329/329/329
f 329/329/329 314/314/314 316/316/316
f 328/328/328 314/314/314 329/329/329
f 328/328/328 312/312/312 314/314/314
f 318/318/318 312/312/312 328/328/328
f 330/330/330 323/323/323 322/322/322
f 331/331/331 323/323/323 330/330/330
f 332/332/332 331/331/331 330/330/330
f 333/333/333 331/331/331 332/332/332
f 332/332/332 330/330/330 334/334/334
f 334/334/334 330/330/330 335/335/335
f 335/335/335 322/322/322 324/324/324
f 330/330/330 322/322/322 335/335/335
f 334/334/334 335/335/335 336/336/336
f 336/336/336 335/335/335 337/337/337
f 337/337/337 324/324/324 326/326/326
f 335/335/335 324/324/324 337/337/337
f 338/338/338 333/333/333 332/332/332
f 339/339/339 333/333/333 338/338/338
f 340/340/340 339/339/339 338/338/338
f 341/341/341 339/339/339 340/340/340
f 340/340/340 338/338/338 342/342/342
f 342/342/342 338/338/338 343/343/343
f 343/343/343 332/332/332 334/334/334
f 338/338/338 332/332/332 343/343/343
f 342/342/342 343/343/343 344/344/344
f 344/344/344 343/343/343 345/345/345
f 345/345/345 334/334/334 336/336/336
f 343/343/343 334/334/334 345/345/345
f 346/346/346 341/341/341 340/340/340
f 347/347/347 341/341/341 346/346/346
f 307/307/307 347/347/347 346/346/346
f 306/306/306 347/347/347 307/307/307
f 307/307/307 346/346/346 308/308/308
f 308/308/308 346/346/346 348/348/348
f 348/348/348 340/340/340 342/342/342
f 346/346/346 340/340/340 348/348/348
f 308/308/308 348/348/348 309/309/309
f 309/309/309 348/348/348 349/349/349
f 349/349/349 342/342/342 344/344/344
f 348/348/348 342/342/342 349/349/349
f 350/350/350 344/344/344 345/345/345
f 351/351/351 344/344/344 350/350/350
f 351/351/351 349/349/349 344/344/344
f 350/350/350 345/345/345 352/352/352
f 352/352/352 345/345/345 336/336/336
f 352/352/352 336/336/336 353/353/353
f 353/353/353 336/336/336 337/337/337
f 354/354/354 309/309/309 349/349/349
f 354/354/354 349/349/349 351/351/351
f 355/355/355 309/309/309 354/354/354
f 355/355/355 305/305/305 309/309/309
f 356/356/356 305/305/305 355/355/355
f 356/356/356 301/301/301 305/305/305
f 357/357/357 301/301/301 356/356/356
f 357/357/357 300/300/300 301/301/301
f 358/358/358 300/300/300 357/357/357
f 358/358/358 317/317/317 300/300/300
f 317/317/317 298/298/298 300/300/300
f 315/315/315 298/298/298 317/317/317
f 315/315/315 295/295/295 298/298/298
f 310/310/310 295/295/295 315/315/315
f 359/359/359 317/317/317 358/358/358
f 359/359/359 316/316/316 317/317/317
f 360/360/360 316/316/316 359/359/359
f 360/360/360 329/329/329 316/316/316
f 361/361/361 329/329/329 360/360/360
f 361/361/361 327/327/327 329/329/329
f 362/362/362 327/327/327 361/361/361
f 362/362/362 326/326/326 327/327/327
f 363/363/363 326/326/326 362/362/362
f 363/363/363 337/337/337 326/326/326
f 353/353/353 337/337/337 363/363/363
f 365/365/365 364/364/364 366/366/366
f 367/367/367 364/364/364 365/365/365
f 368/368/368 367/367/367 365/365/365
f 369/369/369 367/367/367 368/368/368
f 370/370/370 369/369/369 368/368/368
f 371/371/371 369/369/369 370/370/370
f 365/365/365 366/366/366 372/372/372
f 372/372/372 366/366/366 373/373/373
f 372/372/372 373/373/373 374/374/374
f 374/374/374 373/373/373 375/375/375
f 374/374/374 375/375/375 376/376/376
f 376/376/376 375/375/375 377/377/377
f 376/376/376 377/377/377 378/378/378
f 378/378/378 377/377/377 379/379/379
f 380/380/380 376/376/376 378/378/378
f 381/381/381 376/376/376 380/380/380
f 381/381/381 374/374/374 376/376/376
f 382/382/382 381/381/381 380/380/380
f 383/383/383 381/381/381 382/382/382
f 384/384/384 374/374/374 381/381/381
f 383/383/383 384/384/384 381/381/381
f 384/384/384 372/372/372 374/374/374
f 385/385/385 384/384/384 383/383/383
f 386/386/386 372/372/372 384/384/384
f 385/385/385 386/386/386 384/384/384
f 387/387/387 386/386/386 385/385/385
f 386/386/386 365/365/365 372/372/372
f 368/368/368 365/365/365 386/386/386
f 387/387/387 368/368/368 386/386/386
f 370/370/370 368/368/368 387/387/387
f 378/378/378 379/379/379 388/388/388
f 388/388/388 379/379/379 389/389/389
f 388/388/388 389/389/389 390/390/390
f 390/390/390 389/389/389 391/391/391
f 392/392/392 388/388/388 390/390/390
f 393/393/393 388/388/388 392/392/392
f 394/394/394 393/393/393 392/392/392
f 395/395/395 393/393/393 394/394/394
f 390/390/390 391/391/391 396/396/396
f 396/396/396 391/391/391 397/397/397
f 396/396/396 397/397/397 398/398/398
f 398/398/398 397/397/397 399/399/399
f 398/398/398 399/399/399 400/400/400
f 400/400/400 399/399/399 401/401/401
f 402/402/402 398/398/398 400/400/400
f 403/403/403 398/398/398 402/402/402
f 403/403/403 396/396/396 398/398/398
f 404/404/404 403/403/403 402/402/402
f 405/405/405 403/403/403 404/404/404
f 406/406/406 396/396/396 403/403/403
f 405/405/405 406/406/406 403/403/403
f 407/407/407 406/406/406 405/405/405
f 407/407/407 392/392/392 406/406/406
f 394/394/394 392/392/392 407/407/407
f 400/400/400 401/401/401 408/408/408
f 408/408/408 401/401/401 409/409/409
f 408/408/408 409/409/409 410/410/410
f 410/410/410 409/409/409 411/411/411
f 412/412/412 408/408/408 410/410/410
f 413/413/413 408/408/408 412/412/412
f 413/413/413 400/400/400 408/408/408
f 402/402/402 400/400/400 413/413/413
f 414/414/414 413/413/413 412/412/412
f 415/415/415 413/413/413 414/414/414
f 415/415/415 402/402/402 413/413/413
f 404/404/404 402/402/402 415/415/415
f 410/410/410 411/411/411 416/416/416
f 416/416/416 411/411/411 417/417/417
f 416/416/416 417/417/417 367/367/367
f 367/367/367 417/417/417 364/364/364
f 367/367/367 369/369/369 416/416/416
f 416/416/416 369/369/369 418/418/418
f 410/410/410 418/418/418 412/412/412
f 416/416/416 418/418/418 410/410/410
f 371/371/371 418/418/418 369/369/369
f 419/419/419 418/418/418 371/371/371
f 419/419/419 412/412/412 418/418/418
f 414/414/414 412/412/412 419/419/419
f 420/420/420 411/411/411 409/409/409
f 420/420/420 409/409/409 421/421/421
f 422/422/422 411/411/411 420/420/420
f 422/422/422 417/417/417 411/411/411
f 423/423/423 417/417/417 422/422/422
f 423/423/423 364/364/364 417/417/417
f 424/424/424 364/364/364 423/423/423
f 424/424/424 425/425/425 364/364/364
f 364/364/364 425/425/425 366/366/366
f 366/366/366 425/425/425 373/373/373
f 373/373/373 425/425/425 426/426/426
f 426/426/426 375/375/375 373/373/373
f 427/427/427 375/375/375 426/426/426
f 427/427/427 377/377/377 375/375/375
f 428/428/428 377/377/377 427/427/427
f 428/428/428 379/379/379 377/377/377
f 429/429/429 379/379/379 428/428/428
f 429/429/429 389/389/389 379/379/379
f 430/430/430 389/389/389 429/429/429
f 430/430/430 391/391/391 389/389/389
f 431/431/431 391/391/391 430/430/430
f 431/431/431 397/397/397 391/391/391
f 432/432/432 397/397/397 431/431/431
f 432/432/432 399/399/399 397/397/397
f 433/433/433 399/399/399 432/432/432
f 433/433/433 401/401/401 399/399/399
f 421/421/421 401/401/401 433/433/433
f 421/421/421 409/409/409 401/401/401
f 406/406/406 390/390/390 396/396/396
f 392/392/392 390/390/390 406/406/406
f 393/393/393 378/378/378 388/388/388
f 380/380/380 378/378/378 393/393/393
f 395/395/395 380/380/380 393/393/393
f 382/382/382 380/380/380 395/395/395
f 435/435/435 434/434/434 436/436/436
f 437/437/437 434/434/434 435/435/435
f 438/438/438 437/437/437 435/435/435
f 439/439/439 437/437/437 438/438/438
f 440/440/440 439/439/439 438/438/438
f 441/441/441 439/439/439 440/440/440
f 440/440/440 442/442/442 441/441/441
f 443/443/443 442/442/442 440/440/440
f 443/443/443 444/444/444 442/442/442
f 442/442/442 444/444/444 445/445/445
f 442/442/442 445/445/445 446/446/446
f 442/442/442 446/446/446 441/441/441
f 446/446/446 445/445/445 447/447/447
f 446/446/446 447/447/447 448/448/448
f 448/448/448 447/447/447 449/449/449
f 447/447/447 450/450/450 449/449/449
f 449/449/449 450/450/450 451/451/451
f 451/451/451 450/450/450 452/452/452
f 452/452/452 450/450/450 453/453/453
f 453/453/453 444/444/444 443/443/443
f 450/450/450 444/444/444 453/453/453
f 443/443/443 440/440/440 453/453/453
f 441/441/441 454/454/454 439/439/439
f 439/439/439 454/454/454 455/455/455
f 448/448/448 456/456/456 446/446/446
f 446/446/446 456/456/456 457/457/457
f 448/448/448 458/458/458 456/456/456
f 449/449/449 458/458/458 448/448/448
f 453/453/453 459/459/459 452/452/452
f 453/453/453 460/460/460 459/459/459
f 440/440/440 460/460/460 453/453/453
f 440/440/440 461/461/461 460/460/460
f 438/438/438 461/461/461 440/440/440
f 438/438/438 462/462/462 461/461/461
f 435/435/435 462/462/462 438/438/438
f 435/435/435 463/463/463 462/462/462
f 436/436/436 463/463/463 435/435/435
f 452/452/452 459/459/459 464/464/464
f 441/441/441 457/457/457 454/454/454
f 446/446/446 457/457/457 441/441/441
f 436/436/436 465/465/465 463/463/463
f 434/434/434 465/465/465 436/436/436
f 434/434/434 466/466/466 465/465/465
f 437/437/437 466/466/466 434/434/434
f 437/437/437 455/455/455 466/466/466
f 439/439/439 455/455/455 437/437/437
f 451/451/451 464/464/464 467/467/467
f 452/452/452 464/464/464 451/451/451
f 451/451/451 467/467/467 449/449/449
f 449/449/449 467/467/467 458/458/458
f 469/469/469 468/468/468 470/470/470
f 471/471/471 468/468/468 469/469/469
f 472/472/472 471/471/471 469/469/469
f 473/473/473 471/471/471 472/472/472
f 472/472/472 474/474/474 473/473/473
f 475/475/475 474/474/474 472/472/472
f 476/476/476 474/474/474 475/475/475
f 477/477/477 474/474/474 476/476/476
f 476/476/476 478/478/478 477/477/477
f 477/477/477 478/478/478 479/479/479
f 480/480/480 478/478/478 476/476/476
f 476/476/476 475/475/475 480/480/480
f 481/481/481 478/478/478 480/480/480
f 482/482/482 481/481/481 480/480/480
f 483/483/483 481/481/481 482/482/482
f 484/484/484 481/481/481 483/483/483
f 485/485/485 481/481/481 484/484/484
f 486/486/486 485/485/485 484/484/484
f 487/487/487 485/485/485 486/486/486
f 487/487/487 479/479/479 485/485/485
f 477/477/477 479/479/479 487/487/487
f 477/477/477 487/487/487 474/474/474
f 483/483/483 488/488/488 484/484/484
f 484/484/484 488/488/488 489/489/489
f 484/484/484 489/489/489 486/486/486
f 480/480/480 490/490/490 482/482/482
f 482/482/482 490/490/490 491/491/491
f 483/483/483 491/491/491 488/488/488
f 482/482/482 491/491/491 483/483/483
f 480/480/480 492/492/492 490/490/490
f 475/475/475 492/492/492 480/480/480
f 475/475/475 493/493/493 492/492/492
f 472/472/472 493/493/493 475/475/475
f 472/472/472 494/494/494 493/493/493
f 469/469/469 494/494/494 472/472/472
f 469/469/469 495/495/495 494/494/494
f 470/470/470 495/495/495 469/469/469
f 470/470/470 496/496/496 495/495/495
f 468/468/468 496/496/496 470/470/470
f 486/486/486 489/489/489 497/497/497
f 487/487/487 497/497/497 498/498/498
f 468/468/468 499/499/499 496/496/496
f 471/471/471 499/499/499 468/468/468
f 471/471/471 500/500/500 499/499/499
f 473/473/473 500/500/500 471/471/471
f 473/473/473 501/501/501 500/500/500
f 474/474/474 498/498/498 501/501/501
f 474/474/474 501/501/501 473/473/473
f 487/487/487 498/498/498 474/474/474
f 486/486/486 497/497/497 487/487/487
f 503/503/503 502/502/502 504/504/504
f 505/505/505 502/502/502 503/503/503
f 503/503/503 504/504/504 506/506/506
f 506/506/506 504/504/504 507/507/507
f 507/507/507 508/508/508 506/506/506
f 509/509/509 508/508/508 507/507/507
f 509/509/509 510/510/510 508/508/508
f 511/511/511 510/510/510 509/509/509
f 511/511/511 512/512/512 510/510/510
f 513/513/513 512/512/512 511/511/511
f 514/514/514 502/502/502 505/505/505
f 512/512/512 513/513/513 515/515/515
f 517/517/517 516/516/516 518/518/518
f 519/519/519 516/516/516 517/517/517
f 520/520/520 519/519/519 517/517/517
f 521/521/521 519/519/519 520/520/520
f 522/522/522 521/521/521 520/520/520
f 523/523/523 521/521/521 522/522/522
f 516/516/516 524/524/524 518/518/518
f 518/518/518 524/524/524 525/525/525
f 524/524/524 526/526/526 525/525/525
f 525/525/525 526/526/526 527/527/527
f 526/526/526 528/528/528 527/527/527
f 527/527/527 528/528/528 529/529/529
f 528/528/528 530/530/530 529/529/529
f 529/529/529 530/530/530 531/531/531
f 530/530/530 532/532/532 531/531/531
f 531/531/531 532/532/532 533/533/533
f 532/532/532 534/534/534 533/533/533
f 533/533/533 534/534/534 535/535/535
f 534/534/534 536/536/536 535/535/535
f 535/535/535 536/536/536 537/537/537
f 536/536/536 538/538/538 537/537/537
f 537/537/537 538/538/538 539/539/539
f 538/538/538 540/540/540 539/539/539
f 539/539/539 540/540/540 541/541/541
f 540/540/540 542/542/542 541/541/541
f 541/541/541 542/542/542 543/543/543
f 542/542/542 523/523/523 543/543/543
f 543/543/543 523/523/523 522/522/522
f 545/545/545 544/544/544 546/546/546
f 547/547/547 544/544/544 545/545/545
f 547/547/547 548/548/548 544/544/544
f 549/549/549 548/548/548 547/547/547
f 549/549/549 550/550/550 548/548/548
f 551/551/551 550/550/550 549/549/549
f 551/551/551 552/552/552 550/550/550
f 553/553/553 552/552/552 551/551/551
f 553/553/553 554/554/554 552/552/552
f 555/555/555 554/554/554 553/553/553
f 556/556/556 545/545/545 546/546/546
f 555/555/555 557/557/557 554/554/554
f 559/559/559 558/558/558 560/560/560
f 561/561/561 558/558/558 559/559/559
f 558/558/558 562/562/562 560/560/560
f 560/560/560 562/562/562 563/563/563
f 564/564/564 561/561/561 559/559/559
f 89/89/89 561/561/561 564/564/564
f 565/565/565 89/89/89 564/564/564
f 566/566/566 89/89/89 565/565/565
f 567/567/567 566/566/566 565/565/565
f 568/568/568 566/566/566 567/567/567
f 569/569/569 568/568/568 567/567/567
f 570/570/570 568/568/568 569/569/569
f 571/571/571 570/570/570 569/569/569
f 572/572/572 570/570/570 571/571/571
f 562/562/562 573/573/573 563/563/563
f 563/563/563 573/573/573 574/574/574
f 573/573/573 575/575/575 574/574/574
f 574/574/574 575/575/575 576/576/576
f 575/575/575 577/577/577 576/576/576
f 576/576/576 577/577/577 578/578/578
f 577/577/577 117/117/117 578/578/578
f 578/578/578 117/117/117 579/579/579
f 117/117/117 580/580/580 579/579/579
f 579/579/579 580/580/580 581/581/581
f 580/580/580 582/582/582 581/581/581
f 581/581/581 582/582/582 583/583/583
f 583/583/583 572/572/572 571/571/571
f 582/582/582 572/572/572 583/583/583
f 585/585/585 584/584/584 586/586/586
f 587/587/587 584/584/584 585/585/585
f 586/586/586 588/588/588 585/585/585
f 589/589/589 588/588/588 586/586/586
f 590/590/590 588/588/588 589/589/589
f 591/591/591 588/588/588 590/590/590
f 592/592/592 591/591/591 590/590/590
f 593/593/593 591/591/591 592/592/592
f 594/594/594 593/593/593 592/592/592
f 595/595/595 593/593/593 594/594/594
f 596/596/596 593/593/593 595/595/595
f 597/597/597 593/593/593 596/596/596
f 593/593/593 597/597/597 591/591/591
f 598/598/598 597/597/597 596/596/596
f 596/596/596 599/599/599 598/598/598
f 596/596/596 600/600/600 599/599/599
f 601/601/601 600/600/600 596/596/596
f 594/594/594 592/592/592 601/601/601
f 601/601/601 602/602/602 600/600/600
f 603/603/603 602/602/602 601/601/601
f 601/601/601 592/592/592 603/603/603
f 592/592/592 590/590/590 603/603/603
f 596/596/596 604/604/604 601/601/601
f 601/601/601 604/604/604 605/605/605
f 605/605/605 481/481/481 601/601/601
f 601/601/601 481/481/481 485/485/485
f 601/601/601 485/485/485 606/606/606
f 606/606/606 594/594/594 601/601/601
f 606/606/606 485/485/485 607/607/607
f 596/596/596 447/447/447 604/604/604
f 450/450/450 447/447/447 596/596/596
f 608/608/608 450/450/450 596/596/596
f 485/485/485 609/609/609 607/607/607
f 479/479/479 609/609/609 485/485/485
f 447/447/447 610/610/610 604/604/604
f 445/445/445 610/610/610 447/447/447
f 605/605/605 478/478/478 481/481/481
f 611/611/611 478/478/478 605/605/605
f 604/604/604 611/611/611 605/605/605
f 610/610/610 611/611/611 604/604/604
f 611/611/611 479/479/479 478/478/478
f 607/607/607 612/612/612 606/606/606
f 609/609/609 612/612/612 607/607/607
f 612/612/612 594/594/594 606/606/606
f 594/594/594 479/479/479 611/611/611
f 594/594/594 609/609/609 479/479/479
f 612/612/612 609/609/609 594/594/594
f 608/608/608 444/444/444 450/450/450
f 444/444/444 610/610/610 445/445/445
f 613/613/613 444/444/444 608/608/608
f 596/596/596 613/613/613 608/608/608
f 595/595/595 613/613/613 596/596/596
f 595/595/595 610/610/610 444/444/444
f 595/595/595 611/611/611 610/610/610
f 594/594/594 611/611/611 595/595/595
f 613/613/613 595/595/595 444/444/444
f 615/615/615 614/614/614 616/616/616
f 617/617/617 614/614/614 615/615/615
f 614/614/614 618/618/618 616/616/616
f 619/619/619 618/618/618 614/614/614
f 619/619/619 620/620/620 618/618/618
f 621/621/621 620/620/620 619/619/619
f 621/621/621 622/622/622 620/620/620
f 623/623/623 622/622/622 621/621/621
f 623/623/623 624/624/624 622/622/622
f 625/625/625 624/624/624 623/623/623
f 626/626/626 617/617/617 615/615/615
f 624/624/624 625/625/625 627/627/627
f 587/587/587 628/628/628 629/629/629
f 585/585/585 628/628/628 587/587/587
f 585/585/585 630/630/630 628/628/628
f 588/588/588 630/630/630 585/585/585
f 588/588/588 631/631/631 630/630/630
f 591/591/591 631/631/631 588/588/588
f 591/591/591 632/632/632 631/631/631
f 597/597/597 632/632/632 591/591/591
f 597/597/597 633/633/633 632/632/632
f 598/598/598 633/633/633 597/597/597
f 598/598/598 634/634/634 633/633/633
f 599/599/599 634/634/634 598/598/598
f 599/599/599 635/635/635 634/634/634
f 600/600/600 635/635/635 599/599/599
f 587/587/587 629/629/629 584/584/584
f 584/584/584 629/629/629 636/636/636
f 584/584/584 636/636/636 586/586/586
f 586/586/586 636/636/636 637/637/637
f 586/586/586 637/637/637 589/589/589
f 589/589/589 637/637/637 638/638/638
f 589/589/589 638/638/638 590/590/590
f 590/590/590 638/638/638 639/639/639
f 590/590/590 639/639/639 603/603/603
f 603/603/603 639/639/639 640/640/640
f 603/603/603 640/640/640 602/602/602
f 602/602/602 640/640/640 641/641/641
f 600/600/600 641/641/641 635/635/635
f 602/602/602 641/641/641 600/600/600
f 59/59/59 47/47/47 56/56/56
f 54/54/54 47/47/47 59/59/59
f 2/2/2 642/642/642 4/4/4
f 643/643/643 642/642/642 2/2/2
f 642/642/642 644/644/644 4/4/4
f 4/4/4 644/644/644 10/10/10
f 644/644/644 645/645/645 10/10/10
f 10/10/10 645/645/645 12/12/12
f 17/17/17 643/643/643 2/2/2
f 646/646/646 643/643/643 17/17/17
f 19/19/19 646/646/646 17/17/17
f 647/647/647 646/646/646 19/19/19
f 21/21/21 647/647/647 19/19/19
f 648/648/648 647/647/647 21/21/21
f 27/27/27 648/648/648 21/21/21
f 649/649/649 648/648/648 27/27/27
f 27/27/27 29/29/29 649/649/649
f 649/649/649 29/29/29 650/650/650
f 31/31/31 650/650/650 29/29/29
f 651/651/651 650/650/650 31/31/31
f 645/645/645 652/652/652 12/12/12
f 12/12/12 652/652/652 50/50/50
f 652/652/652 653/653/653 50/50/50
f 50/50/50 653/653/653 48/48/48
f 653/653/653 654/654/654 48/48/48
f 48/48/48 654/654/654 42/42/42
f 654/654/654 655/655/655 42/42/42
f 42/42/42 655/655/655 40/40/40
f 40/40/40 651/651/651 31/31/31
f 655/655/655 651/651/651 40/40/40
f 656/656/656 649/649/649 650/650/650
f 657/657/657 649/649/649 656/656/656
f 649/649/649 657/657/657 648/648/648
f 648/648/648 657/657/657 658/658/658
f 648/648/648 658/658/658 647/647/647
f 647/647/647 658/658/658 659/659/659
f 647/647/647 659/659/659 646/646/646
f 646/646/646 659/659/659 660/660/660
f 646/646/646 660/660/660 643/643/643
f 643/643/643 660/660/660 661/661/661
f 643/643/643 661/661/661 642/642/642
f 642/642/642 661/661/661 662/662/662
f 642/642/642 662/662/662 644/644/644
f 644/644/644 662/662/662 663/663/663
f 644/644/644 663/663/663 645/645/645
f 645/645/645 663/663/663 664/664/664
f 645/645/645 664/664/664 652/652/652
f 652/652/652 664/664/664 665/665/665
f 652/652/652 665/665/665 653/653/653
f 653/653/653 665/665/665 666/666/666
f 653/653/653 666/666/666 654/654/654
f 654/654/654 666/666/666 667/667/667
f 654/654/654 667/667/667 655/655/655
f 655/655/655 667/667/667 668/668/668
f 655/655/655 668/668/668 651/651/651
f 651/651/651 668/668/668 669/669/669
f 669/669/669 650/650/650 651/651/651
f 656/656/656 650/650/650 669/669/669
f 671/671/671 670/670/670 672/672/672
f 673/673/673 670/670/670 671/671/671
f 672/672/672 670/670/670 674/674/674
f 674/674/674 670/670/670 675/675/675
f 675/675/675 670/670/670 676/676/676
f 674/674/674 677/677/677 672/672/672
f 678/678/678 677/677/677 674/674/674
f 679/679/679 678/678/678 674/674/674
f 675/675/675 676/676/676 680/680/680
f 681/681/681 679/679/679 674/674/674
f 682/682/682 679/679/679 681/681/681
f 675/675/675 680/680/680 683/683/683
f 683/683/683 680/680/680 684/684/684
f 681/681/681 684/684/684 682/682/682
f 683/683/683 684/684/684 681/681/681
f 684/684/684 685/685/685 682/682/682
f 684/684/684 680/680/680 685/685/685
f 682/682/682 685/685/685 686/686/686
f 686/686/686 685/685/685 687/687/687
f 687/687/687 685/685/685 688/688/688
f 687/687/687 688/688/688 689/689/689
f 683/683/683 681/681/681 690/690/690
f 683/683/683 690/690/690 675/675/675
f 690/690/690 681/681/681 691/691/691
f 692/692/692 690/690/690 691/691/691
f 692/692/692 691/691/691 693/693/693
f 694/694/694 693/693/693 691/691/691
f 695/695/695 693/693/693 694/694/694
f 693/693/693 695/695/695 696/696/696
f 693/693/693 696/696/696 697/697/697
f 697/697/697 696/696/696 698/698/698
f 696/696/696 699/699/699 698/698/698
f 696/696/696 700/700/700 699/699/699
f 701/701/701 700/700/700 696/696/696
f 701/701/701 702/702/702 700/700/700
f 703/703/703 702/702/702 701/701/701
f 704/704/704 702/702/702 703/703/703
f 705/705/705 702/702/702 704/704/704
f 706/706/706 704/704/704 703/703/703
f 707/707/707 705/705/705 704/704/704
f 708/708/708 705/705/705 707/707/707
f 709/709/709 706/706/706 703/703/703
f 698/698/698 709/709/709 703/703/703
f 710/710/710 706/706/706 709/709/709
f 702/702/702 711/711/711 700/700/700
f 712/712/712 709/709/709 698/698/698
f 698/698/698 699/699/699 712/712/712
f 712/712/712 699/699/699 713/713/713
f 713/713/713 709/709/709 712/712/712
f 713/713/713 699/699/699 714/714/714
f 714/714/714 699/699/699 715/715/715
f 715/715/715 716/716/716 714/714/714
f 714/714/714 716/716/716 717/717/717
f 715/715/715 718/718/718 716/716/716
f 719/719/719 718/718/718 715/715/715
f 699/699/699 719/719/719 715/715/715
f 720/720/720 719/719/719 699/699/699
f 717/717/717 721/721/721 714/714/714
f 722/722/722 721/721/721 717/717/717
f 716/716/716 722/722/722 717/717/717
f 718/718/718 722/722/722 716/716/716
f 714/714/714 723/723/723 713/713/713
f 721/721/721 723/723/723 714/714/714
f 723/723/723 709/709/709 713/713/713
f 700/700/700 720/720/720 699/699/699
f 725/725/725 724/724/724 726/726/726
f 727/727/727 724/724/724 725/725/725
f 726/726/726 724/724/724 728/728/728
f 728/728/728 724/724/724 729/729/729
f 728/728/728 730/730/730 726/726/726
f 731/731/731 730/730/730 728/728/728
f 729/729/729 724/724/724 732/732/732
f 732/732/732 733/733/733 729/729/729
f 733/733/733 734/734/734 729/729/729
f 734/734/734 735/735/735 729/729/729
f 697/697/697 731/731/731 728/728/728
f 736/736/736 731/731/731 697/697/697
f 729/729/729 735/735/735 737/737/737
f 737/737/737 736/736/736 697/697/697
f 737/737/737 735/735/735 738/738/738
f 738/738/738 736/736/736 737/737/737
f 738/738/738 739/739/739 736/736/736
f 739/739/739 731/731/731 736/736/736
f 740/740/740 739/739/739 738/738/738
f 741/741/741 739/739/739 740/740/740
f 742/742/742 739/739/739 741/741/741
f 737/737/737 697/697/697 743/743/743
f 743/743/743 697/697/697 744/744/744
f 744/744/744 697/697/697 698/698/698
f 744/744/744 698/698/698 745/745/745
f 745/745/745 698/698/698 703/703/703
f 703/703/703 728/728/728 745/745/745
f 728/728/728 703/703/703 701/701/701
f 728/728/728 701/701/701 746/746/746
f 746/746/746 701/701/701 747/747/747
f 701/701/701 696/696/696 747/747/747
f 747/747/747 696/696/696 695/695/695
f 745/745/745 728/728/728 748/748/748
f 744/744/744 748/748/748 743/743/743
f 745/745/745 748/748/748 744/744/744
f 747/747/747 749/749/749 746/746/746
f 747/747/747 695/695/695 749/749/749
f 746/746/746 749/749/749 750/750/750
f 746/746/746 693/693/693 728/728/728
f 728/728/728 693/693/693 697/697/697
f 749/749/749 695/695/695 694/694/694
f 749/749/749 694/694/694 750/750/750
f 750/750/750 694/694/694 691/691/691
f 691/691/691 681/681/681 750/750/750
f 750/750/750 681/681/681 674/674/674
f 746/746/746 751/751/751 693/693/693
f 692/692/692 693/693/693 751/751/751
f 752/752/752 692/692/692 751/751/751
f 752/752/752 751/751/751 746/746/746
f 753/753/753 692/692/692 752/752/752
f 754/754/754 692/692/692 753/753/753
f 753/753/753 750/750/750 754/754/754
f 690/690/690 692/692/692 754/754/754
f 675/675/675 690/690/690 754/754/754
f 675/675/675 750/750/750 674/674/674
f 754/754/754 750/750/750 675/675/675
f 750/750/750 753/753/753 746/746/746
f 746/746/746 753/753/753 752/752/752
f 737/737/737 748/748/748 729/729/729
f 743/743/743 748/748/748 737/737/737
f 728/728/728 729/729/729 748/748/748
f 756/756/756 755/755/755 757/757/757
f 758/758/758 755/755/755 756/756/756
f 755/755/755 759/759/759 757/757/757
f 757/757/757 759/759/759 760/760/760
f 759/759/759 761/761/761 760/760/760
f 760/760/760 761/761/761 762/762/762
f 761/761/761 763/763/763 762/762/762
f 762/762/762 763/763/763 764/764/764
f 765/765/765 758/758/758 756/756/756
f 766/766/766 758/758/758 765/765/765
f 767/767/767 766/766/766 765/765/765
f 768/768/768 766/766/766 767/767/767
f 769/769/769 768/768/768 767/767/767
f 415/415/415 768/768/768 769/769/769
f 771/771/771 770/770/770 772/772/772
f 773/773/773 770/770/770 771/771/771
f 773/773/773 774/774/774 770/770/770
f 775/775/775 774/774/774 773/773/773
f 775/775/775 776/776/776 774/774/774
f 777/777/777 776/776/776 775/775/775
f 777/777/777 778/778/778 776/776/776
f 779/779/779 778/778/778 777/777/777
f 779/779/779 780/780/780 778/778/778
f 781/781/781 780/780/780 779/779/779
f 782/782/782 771/771/771 772/772/772
f 780/780/780 781/781/781 783/783/783
f 689/689/689 784/784/784 785/785/785
f 688/688/688 784/784/784 689/689/689
f 689/689/689 785/785/785 687/687/687
f 687/687/687 785/785/785 786/786/786
f 687/687/687 786/786/786 686/686/686
f 686/686/686 786/786/786 787/787/787
f 686/686/686 787/787/787 682/682/682
f 682/682/682 787/787/787 679/679/679
f 688/688/688 788/788/788 784/784/784
f 685/685/685 788/788/788 688/688/688
f 685/685/685 680/680/680 788/788/788
f 331/331/331 789/789/789 323/323/323
f 790/790/790 789/789/789 331/331/331
f 790/790/790 331/331/331 791/791/791
f 791/791/791 331/331/331 333/333/333
f 791/791/791 333/333/333 792/792/792
f 792/792/792 333/333/333 339/339/339
f 792/792/792 339/339/339 793/793/793
f 793/793/793 339/339/339 341/341/341
f 793/793/793 341/341/341 794/794/794
f 794/794/794 341/341/341 347/347/347
f 794/794/794 347/347/347 795/795/795
f 795/795/795 347/347/347 306/306/306
f 795/795/795 306/306/306 796/796/796
f 796/796/796 306/306/306 302/302/302
f 796/796/796 302/302/302 797/797/797
f 797/797/797 302/302/302 294/294/294
f 797/797/797 294/294/294 798/798/798
f 798/798/798 294/294/294 297/297/297
f 798/798/798 297/297/297 799/799/799
f 799/799/799 297/297/297 311/311/311
f 799/799/799 311/311/311 800/800/800
f 800/800/800 311/311/311 313/313/313
f 800/800/800 313/313/313 801/801/801
f 801/801/801 313/313/313 319/319/319
f 319/319/319 802/802/802 801/801/801
f 321/321/321 802/802/802 319/319/319
f 321/321/321 789/789/789 802/802/802
f 323/323/323 789/789/789 321/321/321
f 804/804/804 803/803/803 805/805/805
f 805/805/805 803/803/803 806/806/806
f 806/806/806 803/803/803 807/807/807
f 806/806/806 807/807/807 808/808/808
f 808/808/808 807/807/807 809/809/809
f 808/808/808 809/809/809 810/810/810
f 810/810/810 809/809/809 811/811/811
f 810/810/810 811/811/811 812/812/812
f 812/812/812 811/811/811 813/813/813
f 812/812/812 813/813/813 814/814/814
f 814/814/814 813/813/813 815/815/815
f 815/815/815 816/816/816 814/814/814
f 740/740/740 817/817/817 741/741/741
f 818/818/818 817/817/817 740/740/740
f 738/738/738 818/818/818 740/740/740
f 735/735/735 818/818/818 738/738/738
f 817/817/817 819/819/819 741/741/741
f 741/741/741 819/819/819 742/742/742
f 819/819/819 820/820/820 742/742/742
f 742/742/742 820/820/820 739/739/739
f 820/820/820 731/731/731 739/739/739
f 283/283/283 280/280/280 821/821/821
f 280/280/280 276/276/276 821/821/821
f 821/821/821 276/276/276 281/281/281
f 269/269/269 822/822/822 261/261/261
f 823/823/823 822/822/822 269/269/269
f 823/823/823 269/269/269 824/824/824
f 824/824/824 269/269/269 271/271/271
f 824/824/824 271/271/271 825/825/825
f 825/825/825 271/271/271 277/277/277
f 825/825/825 277/277/277 826/826/826
f 826/826/826 277/277/277 227/227/227
f 826/826/826 227/227/227 827/827/827
f 827/827/827 227/227/227 225/225/225
f 827/827/827 225/225/225 828/828/828
f 828/828/828 225/225/225 233/233/233
f 828/828/828 233/233/233 829/829/829
f 829/829/829 233/233/233 237/237/237
f 829/829/829 237/237/237 830/830/830
f 830/830/830 237/237/237 239/239/239
f 830/830/830 239/239/239 831/831/831
f 831/831/831 239/239/239 241/241/241
f 831/831/831 241/241/241 832/832/832
f 832/832/832 241/241/241 249/249/249
f 832/832/832 249/249/249 833/833/833
f 833/833/833 249/249/249 251/251/251
f 833/833/833 251/251/251 834/834/834
f 834/834/834 251/251/251 253/253/253
f 253/253/253 835/835/835 834/834/834
f 255/255/255 835/835/835 253/253/253
f 255/255/255 822/822/822 835/835/835
f 261/261/261 822/822/822 255/255/255
f 837/837/837 836/836/836 838/838/838
f 839/839/839 836/836/836 837/837/837
f 840/840/840 836/836/836 839/839/839
f 841/841/841 840/840/840 839/839/839
f 842/842/842 840/840/840 841/841/841
f 843/843/843 842/842/842 841/841/841
f 844/844/844 842/842/842 843/843/843
f 843/843/843 845/845/845 844/844/844
f 844/844/844 845/845/845 846/846/846
f 847/847/847 846/846/846 845/845/845
f 848/848/848 846/846/846 847/847/847
f 847/847/847 849/849/849 848/848/848
f 851/851/851 850/850/850 852/852/852
f 853/853/853 851/851/851 852/852/852
f 854/854/854 851/851/851 853/853/853
f 855/855/855 854/854/854 853/853/853
f 856/856/856 854/854/854 855/855/855
f 857/857/857 856/856/856 855/855/855
f 858/858/858 856/856/856 857/857/857
f 859/859/859 858/858/858 857/857/857
f 860/860/860 858/858/858 859/859/859
f 860/860/860 859/859/859 861/861/861
f 861/861/861 859/859/859 862/862/862
f 863/863/863 852/852/852 850/850/850
f 864/864/864 852/852/852 863/863/863
f 864/864/864 853/853/853 852/852/852
f 865/865/865 861/861/861 862/862/862
f 866/866/866 861/861/861 865/865/865
f 867/867/867 857/857/857 855/855/855
f 868/868/868 857/857/857 867/867/867
f 868/868/868 859/859/859 857/857/857
f 869/869/869 853/853/853 864/864/864
f 867/867/867 855/855/855 869/869/869
f 870/870/870 858/858/858 860/860/860
f 865/865/865 870/870/870 866/866/866
f 871/871/871 858/858/858 870/870/870
f 871/871/871 856/856/856 858/858/858
f 871/871/871 870/870/870 868/868/868
f 867/867/867 871/871/871 868/868/868
f 872/872/872 856/856/856 871/871/871
f 872/872/872 871/871/871 867/867/867
f 869/869/869 872/872/872 867/867/867
f 873/873/873 862/862/862 859/859/859
f 865/865/865 862/862/862 873/873/873
f 873/873/873 859/859/859 868/868/868
f 873/873/873 870/870/870 865/865/865
f 868/868/868 870/870/870 873/873/873
f 874/874/874 872/872/872 869/869/869
f 864/864/864 874/874/874 869/869/869
f 874/874/874 854/854/854 872/872/872
f 874/874/874 851/851/851 854/854/854
f 875/875/875 851/851/851 874/874/874
f 875/875/875 874/874/874 864/864/864
f 863/863/863 875/875/875 864/864/864
f 875/875/875 850/850/850 851/851/851
f 863/863/863 850/850/850 875/875/875
f 872/872/872 854/854/854 856/856/856
f 876/876/876 866/866/866 870/870/870
f 870/870/870 877/877/877 876/876/876
f 860/860/860 877/877/877 870/870/870
f 877/877/877 860/860/860 861/861/861
f 861/861/861 878/878/878 877/877/877
f 877/877/877 878/878/878 879/879/879
f 880/880/880 877/877/877 879/879/879
f 881/881/881 880/880/880 879/879/879
f 882/882/882 877/877/877 880/880/880
f 877/877/877 882/882/882 883/883/883
f 883/883/883 882/882/882 884/884/884
f 877/877/877 883/883/883 885/885/885
f 885/885/885 886/886/886 877/877/877
f 885/885/885 883/883/883 887/887/887
f 877/877/877 886/886/886 888/888/888
f 888/888/888 886/886/886 889/889/889
f 888/888/888 889/889/889 890/890/890
f 888/888/888 890/890/890 891/891/891
f 890/890/890 889/889/889 892/892/892
f 881/881/881 879/879/879 893/893/893
f 880/880/880 881/881/881 893/893/893
f 893/893/893 879/879/879 894/894/894
f 895/895/895 880/880/880 893/893/893
f 882/882/882 880/880/880 895/895/895
f 893/893/893 894/894/894 895/895/895
f 896/896/896 882/882/882 895/895/895
f 884/884/884 882/882/882 896/896/896
f 897/897/897 884/884/884 896/896/896
f 883/883/883 884/884/884 897/897/897
f 892/892/892 889/889/889 898/898/898
f 898/898/898 889/889/889 899/899/899
f 889/889/889 886/886/886 899/899/899
f 885/885/885 887/887/887 900/900/900
f 900/900/900 887/887/887 901/901/901
f 902/902/902 892/892/892 898/898/898
f 890/890/890 892/892/892 902/902/902
f 903/903/903 890/890/890 902/902/902
f 891/891/891 890/890/890 903/903/903
f 904/904/904 891/891/891 903/903/903
f 904/904/904 898/898/898 899/899/899
f 902/902/902 898/898/898 904/904/904
f 904/904/904 903/903/903 902/902/902
f 888/888/888 891/891/891 904/904/904
f 905/905/905 888/888/888 904/904/904
f 904/904/904 899/899/899 905/905/905
f 905/905/905 901/901/901 897/897/897
f 900/900/900 901/901/901 905/905/905
f 905/905/905 896/896/896 895/895/895
f 897/897/897 896/896/896 905/905/905
f 895/895/895 894/894/894 905/905/905
f 877/877/877 888/888/888 905/905/905
f 901/901/901 883/883/883 897/897/897
f 887/887/887 883/883/883 901/901/901
f 905/905/905 899/899/899 906/906/906
f 900/900/900 905/905/905 906/906/906
f 899/899/899 886/886/886 906/906/906
f 906/906/906 885/885/885 900/900/900
f 886/886/886 885/885/885 906/906/906
f 876/876/876 877/877/877 905/905/905
f 905/905/905 894/894/894 876/876/876
f 876/876/876 894/894/894 907/907/907
f 876/876/876 907/907/907 866/866/866
f 866/866/866 907/907/907 908/908/908
f 908/908/908 861/861/861 866/866/866
f 878/878/878 861/861/861 908/908/908
f 909/909/909 878/878/878 908/908/908
f 910/910/910 878/878/878 909/909/909
f 910/910/910 911/911/911 878/878/878
f 911/911/911 910/910/910 912/912/912
f 912/912/912 910/910/910 913/913/913
f 913/913/913 914/914/914 912/912/912
f 915/915/915 914/914/914 913/913/913
f 915/915/915 916/916/916 914/914/914
f 917/917/917 916/916/916 915/915/915
f 917/917/917 918/918/918 916/916/916
f 919/919/919 918/918/918 917/917/917
f 919/919/919 920/920/920 918/918/918
f 921/921/921 920/920/920 919/919/919
f 919/919/919 917/917/917 922/922/922
f 922/922/922 917/917/917 923/923/923
f 917/917/917 915/915/915 923/923/923
f 918/918/918 920/920/920 924/924/924
f 924/924/924 920/920/920 925/925/925
f 920/920/920 921/921/921 925/925/925
f 926/926/926 918/918/918 924/924/924
f 916/916/916 918/918/918 926/926/926
f 922/922/922 926/926/926 924/924/924
f 923/923/923 926/926/926 922/922/922
f 911/911/911 912/912/912 927/927/927
f 927/927/927 912/912/912 928/928/928
f 925/925/925 921/921/921 929/929/929
f 929/929/929 919/919/919 922/922/922
f 921/921/921 919/919/919 929/929/929
f 929/929/929 924/924/924 925/925/925
f 922/922/922 924/924/924 929/929/929
f 928/928/928 914/914/914 930/930/930
f 930/930/930 916/916/916 926/926/926
f 923/923/923 930/930/930 926/926/926
f 914/914/914 916/916/916 930/930/930
f 912/912/912 914/914/914 928/928/928
f 928/928/928 931/931/931 927/927/927
f 927/927/927 931/931/931 909/909/909
f 931/931/931 910/910/910 909/909/909
f 913/913/913 910/910/910 931/931/931
f 932/932/932 913/913/913 931/931/931
f 932/932/932 928/928/928 930/930/930
f 931/931/931 928/928/928 932/932/932
f 932/932/932 930/930/930 923/923/923
f 915/915/915 913/913/913 932/932/932
f 923/923/923 915/915/915 932/932/932
f 909/909/909 908/908/908 927/927/927
f 908/908/908 907/907/907 927/927/927
f 907/907/907 911/911/911 927/927/927
f 879/879/879 911/911/911 907/907/907
f 878/878/878 911/911/911 879/879/879
f 894/894/894 879/879/879 907/907/907
f 869/869/869 855/855/855 853/853/853
f 934/934/934 933/933/933 935/935/935
f 936/936/936 933/933/933 934/934/934
f 934/934/934 935/935/935 937/937/937
f 937/937/937 935/935/935 938/938/938
f 938/938/938 939/939/939 937/937/937
f 940/940/940 939/939/939 938/938/938
f 940/940/940 941/941/941 939/939/939
f 942/942/942 941/941/941 940/940/940
f 942/942/942 943/943/943 941/941/941
f 941/941/941 943/943/943 944/944/944
f 941/941/941 944/944/944 945/945/945
f 945/945/945 944/944/944 946/946/946
f 944/944/944 943/943/943 946/946/946
f 946/946/946 943/943/943 947/947/947
f 943/943/943 942/942/942 947/947/947
f 947/947/947 942/942/942 948/948/948
f 942/942/942 940/940/940 948/948/948
f 948/948/948 946/946/946 947/947/947
f 945/945/945 946/946/946 948/948/948
f 940/940/940 938/938/938 949/949/949
f 948/948/948 940/940/940 949/949/949
f 949/949/949 938/938/938 950/950/950
f 938/938/938 935/935/935 950/950/950
f 937/937/937 939/939/939 951/951/951
f 950/950/950 951/951/951 949/949/949
f 951/951/951 939/939/939 952/952/952
f 952/952/952 941/941/941 945/945/945
f 939/939/939 941/941/941 952/952/952
f 948/948/948 952/952/952 945/945/945
f 949/949/949 952/952/952 948/948/948
f 949/949/949 951/951/951 952/952/952
f 953/953/953 937/937/937 951/951/951
f 951/951/951 950/950/950 953/953/953
f 953/953/953 950/950/950 954/954/954
f 950/950/950 935/935/935 954/954/954
f 935/935/935 933/933/933 954/954/954
f 954/954/954 933/933/933 955/955/955
f 956/956/956 954/954/954 955/955/955
f 953/953/953 954/954/954 956/956/956
f 956/956/956 934/934/934 953/953/953
f 936/936/936 934/934/934 956/956/956
f 934/934/934 937/937/937 953/953/953
f 936/936/936 957/957/957 933/933/933
f 933/933/933 957/957/957 958/958/958
f 958/958/958 957/957/957 959/959/959
f 959/959/959 957/957/957 960/960/960
f 959/959/959 960/960/960 961/961/961
f 961/961/961 960/960/960 962/962/962
f 961/961/961 962/962/962 963/963/963
f 963/963/963 962/962/962 964/964/964
f 963/963/963 964/964/964 965/965/965
f 965/965/965 964/964/964 966/966/966
f 965/965/965 966/966/966 967/967/967
f 967/967/967 966/966/966 968/968/968
f 965/965/965 967/967/967 969/969/969
f 969/969/969 967/967/967 970/970/970
f 967/967/967 968/968/968 970/970/970
f 970/970/970 968/968/968 971/971/971
f 968/968/968 966/966/966 971/971/971
f 970/970/970 971/971/971 969/969/969
f 962/962/962 960/960/960 972/972/972
f 972/972/972 960/960/960 973/973/973
f 974/974/974 965/965/965 969/969/969
f 963/963/963 965/965/965 974/974/974
f 959/959/959 961/961/961 975/975/975
f 975/975/975 972/972/972 973/973/973
f 975/975/975 961/961/961 976/976/976
f 976/976/976 963/963/963 974/974/974
f 961/961/961 963/963/963 976/976/976
f 976/976/976 972/972/972 975/975/975
f 971/971/971 966/966/966 977/977/977
f 966/966/966 964/964/964 977/977/977
f 969/969/969 971/971/971 977/977/977
f 969/969/969 977/977/977 974/974/974
f 977/977/977 964/964/964 978/978/978
f 974/974/974 977/977/977 978/978/978
f 976/976/976 978/978/978 972/972/972
f 974/974/974 978/978/978 976/976/976
f 978/978/978 962/962/962 972/972/972
f 964/964/964 962/962/962 978/978/978
f 975/975/975 973/973/973 979/979/979
f 979/979/979 959/959/959 975/975/975
f 958/958/958 959/959/959 979/979/979
f 979/979/979 973/973/973 980/980/980
f 973/973/973 957/957/957 980/980/980
f 960/960/960 957/957/957 973/973/973
f 980/980/980 957/957/957 981/981/981
f 981/981/981 957/957/957 982/982/982
f 982/982/982 983/983/983 981/981/981
f 982/982/982 984/984/984 983/983/983
f 983/983/983 984/984/984 985/985/985
f 983/983/983 985/985/985 986/986/986
f 986/986/986 985/985/985 987/987/987
f 987/987/987 988/988/988 986/986/986
f 986/986/986 988/988/988 989/989/989
f 988/988/988 990/990/990 989/989/989
f 989/989/989 990/990/990 991/991/991
f 990/990/990 992/992/992 991/991/991
f 991/991/991 992/992/992 993/993/993
f 992/992/992 994/994/994 993/993/993
f 993/993/993 994/994/994 995/995/995
f 995/995/995 994/994/994 996/996/996
f 994/994/994 992/992/992 996/996/996
f 997/997/997 993/993/993 995/995/995
f 991/991/991 993/993/993 997/997/997
f 986/986/986 989/989/989 998/998/998
f 998/998/998 989/989/989 999/999/999
f 999/999/999 991/991/991 997/997/997
f 989/989/989 991/991/991 999/999/999
f 990/990/990 988/988/988 1000/1000/1000
f 997/997/997 995/995/995 1000/1000/1000
f 1000/1000/1000 988/988/988 1001/1001/1001
f 988/988/988 987/987/987 1001/1001/1001
f 1001/1001/1001 997/997/997 1000/1000/1000
f 999/999/999 997/997/997 1001/1001/1001
f 1002/1002/1002 986/986/986 998/998/998
f 1001/1001/1001 987/987/987 1003/1003/1003
f 1003/1003/1003 999/999/999 1001/1001/1001
f 998/998/998 999/999/999 1003/1003/1003
f 998/998/998 1003/1003/1003 1002/1002/1002
f 1004/1004/1004 990/990/990 1000/1000/1000
f 992/992/992 990/990/990 1004/1004/1004
f 996/996/996 992/992/992 1004/1004/1004
f 1004/1004/1004 995/995/995 996/996/996
f 1000/1000/1000 995/995/995 1004/1004/1004
f 1002/1002/1002 1003/1003/1003 1005/1005/1005
f 1003/1003/1003 985/985/985 1005/1005/1005
f 987/987/987 985/985/985 1003/1003/1003
f 985/985/985 984/984/984 1005/1005/1005
f 1005/1005/1005 984/984/984 1006/1006/1006
f 981/981/981 1005/1005/1005 1006/1006/1006
f 1002/1002/1002 1005/1005/1005 981/981/981
f 981/981/981 983/983/983 1002/1002/1002
f 983/983/983 986/986/986 1002/1002/1002
f 1006/1006/1006 984/984/984 956/956/956
f 1006/1006/1006 956/956/956 981/981/981
f 956/956/956 984/984/984 936/936/936
f 936/936/936 984/984/984 982/982/982
f 982/982/982 957/957/957 936/936/936
f 955/955/955 981/981/981 956/956/956
f 980/980/980 981/981/981 955/955/955
f 980/980/980 955/955/955 979/979/979
f 955/955/955 933/933/933 979/979/979
f 979/979/979 933/933/933 958/958/958
f 1008/1008/1008 1007/1007/1007 1009/1009/1009
f 1010/1010/1010 1007/1007/1007 1008/1008/1008
f 1007/1007/1007 1011/1011/1011 1009/1009/1009
f 1012/1012/1012 1011/1011/1011 1007/1007/1007
f 1013/1013/1013 1011/1011/1011 1012/1012/1012
f 1010/1010/1010 1008/1008/1008 1013/1013/1013
f 1014/1014/1014 1011/1011/1011 1013/1013/1013
f 1013/1013/1013 1008/1008/1008 1014/1014/1014
f 1015/1015/1015 1011/1011/1011 1014/1014/1014
f 1008/1008/1008 1015/1015/1015 1014/1014/1014
f 1016/1016/1016 1011/1011/1011 1015/1015/1015
f 1017/1017/1017 1016/1016/1016 1015/1015/1015
f 1018/1018/1018 1017/1017/1017 1015/1015/1015
f 1019/1019/1019 1017/1017/1017 1018/1018/1018
f 1018/1018/1018 1020/1020/1020 1019/1019/1019
f 1019/1019/1019 1020/1020/1020 1021/1021/1021
f 1020/1020/1020 1016/1016/1016 1021/1021/1021
f 1021/1021/1021 1016/1016/1016 1022/1022/1022
f 1022/1022/1022 1016/1016/1016 1017/1017/1017
f 1024/1024/1024 1023/1023/1023 1025/1025/1025
f 1026/1026/1026 1023/1023/1023 1024/1024/1024
f 1027/1027/1027 1023/1023/1023 1026/1026/1026
f 1028/1028/1028 1023/1023/1023 1027/1027/1027
f 1028/1028/1028 1027/1027/1027 1029/1029/1029
f 1029/1029/1029 1027/1027/1027 1030/1030/1030
f 1030/1030/1030 1025/1025/1025 1029/1029/1029
f 1024/1024/1024 1025/1025/1025 1030/1030/1030
f 1029/1029/1029 1025/1025/1025 1031/1031/1031
f 1031/1031/1031 1028/1028/1028 1029/1029/1029
f 1031/1031/1031 1025/1025/1025 1032/1032/1032
f 1025/1025/1025 1023/1023/1023 1032/1032/1032
f 1033/1033/1033 1031/1031/1031 1032/1032/1032
f 1034/1034/1034 1031/1031/1031 1033/1033/1033
f 1032/1032/1032 1035/1035/1035 1033/1033/1033
f 1032/1032/1032 1023/1023/1023 1035/1035/1035
f 1033/1033/1033 1035/1035/1035 1036/1036/1036
f 1035/1035/1035 1037/1037/1037 1036/1036/1036
f 1034/1034/1034 1037/1037/1037 1031/1031/1031
f 1037/1037/1037 1028/1028/1028 1031/1031/1031
f 1036/1036/1036 1037/1037/1037 1038/1038/1038
f 1038/1038/1038 1037/1037/1037 1034/1034/1034
f 1040/1040/1040 1039/1039/1039 1041/1041/1041
f 1042/1042/1042 1039/1039/1039 1040/1040/1040
f 1042/1042/1042 1040/1040/1040 1043/1043/1043
f 1043/1043/1043 1040/1040/1040 1044/1044/1044
f 1043/1043/1043 1044/1044/1044 1045/1045/1045
f 1045/1045/1045 1044/1044/1044 1046/1046/1046
f 1046/1046/1046 1039/1039/1039 1045/1045/1045
f 1041/1041/1041 1039/1039/1039 1046/1046/1046
f 1040/1040/1040 1047/1047/1047 1044/1044/1044
f 1044/1044/1044 1047/1047/1047 1048/1048/1048
f 1048/1048/1048 1047/1047/1047 1049/1049/1049
f 1048/1048/1048 1049/1049/1049 1050/1050/1050
f 1050/1050/1050 1044/1044/1044 1048/1048/1048
f 1046/1046/1046 1044/1044/1044 1050/1050/1050
f 1050/1050/1050 1049/1049/1049 1051/1051/1051
f 1051/1051/1051 1052/1052/1052 1050/1050/1050
f 1050/1050/1050 1052/1052/1052 1053/1053/1053
f 1052/1052/1052 1047/1047/1047 1053/1053/1053
f 1046/1046/1046 1053/1053/1053 1041/1041/1041
f 1050/1050/1050 1053/1053/1053 1046/1046/1046
f 1049/1049/1049 1047/1047/1047 1054/1054/1054
f 1054/1054/1054 1047/1047/1047 1052/1052/1052
f 1055/1055/1055 1040/1040/1040 1041/1041/1041
f 1041/1041/1041 1053/1053/1053 1055/1055/1055
f 1056/1056/1056 1040/1040/1040 1055/1055/1055
f 1053/1053/1053 1047/1047/1047 1057/1057/1057
f 1055/1055/1055 1053/1053/1053 1057/1057/1057
f 1057/1057/1057 1047/1047/1047 1058/1058/1058
f 1058/1058/1058 1040/1040/1040 1056/1056/1056
f 1047/1047/1047 1040/1040/1040 1058/1058/1058
f 1060/1060/1060 1059/1059/1059 1061/1061/1061
f 1062/1062/1062 1059/1059/1059 1060/1060/1060
f 1062/1062/1062 1063/1063/1063 1059/1059/1059
f 1064/1064/1064 1063/1063/1063 1062/1062/1062
f 1064/1064/1064 1065/1065/1065 1063/1063/1063
f 1066/1066/1066 1065/1065/1065 1064/1064/1064
f 1066/1066/1066 1067/1067/1067 1065/1065/1065
f 1068/1068/1068 1067/1067/1067 1066/1066/1066
f 1068/1068/1068 1069/1069/1069 1067/1067/1067
f 1070/1070/1070 1069/1069/1069 1068/1068/1068
f 1067/1067/1067 1071/1071/1071 1065/1065/1065
f 1072/1072/1072 1071/1071/1071 1067/1067/1067
f 1071/1071/1071 1072/1072/1072 1073/1073/1073
f 1064/1064/1064 1073/1073/1073 1066/1066/1066
f 1074/1074/1074 1071/1071/1071 1073/1073/1073
f 1062/1062/1062 1074/1074/1074 1064/1064/1064
f 1074/1074/1074 1073/1073/1073 1064/1064/1064
f 1075/1075/1075 1071/1071/1071 1074/1074/1074
f 1065/1065/1065 1075/1075/1075 1063/1063/1063
f 1071/1071/1071 1075/1075/1075 1065/1065/1065
f 1076/1076/1076 1075/1075/1075 1074/1074/1074
f 1076/1076/1076 1074/1074/1074 1062/1062/1062
f 1077/1077/1077 1075/1075/1075 1076/1076/1076
f 1075/1075/1075 1077/1077/1077 1063/1063/1063
f 1078/1078/1078 1077/1077/1077 1076/1076/1076
f 1079/1079/1079 1077/1077/1077 1078/1078/1078
f 1073/1073/1073 1072/1072/1072 1080/1080/1080
f 1066/1066/1066 1080/1080/1080 1068/1068/1068
f 1073/1073/1073 1080/1080/1080 1066/1066/1066
f 1081/1081/1081 1080/1080/1080 1072/1072/1072
f 1070/1070/1070 1081/1081/1081 1069/1069/1069
f 1067/1067/1067 1081/1081/1081 1072/1072/1072
f 1069/1069/1069 1081/1081/1081 1067/1067/1067
f 1082/1082/1082 1080/1080/1080 1081/1081/1081
f 1068/1068/1068 1082/1082/1082 1070/1070/1070
f 1080/1080/1080 1082/1082/1082 1068/1068/1068
f 1082/1082/1082 1081/1081/1081 1070/1070/1070
f 1077/1077/1077 1079/1079/1079 1059/1059/1059
f 1063/1063/1063 1077/1077/1077 1059/1059/1059
f 1059/1059/1059 1079/1079/1079 1061/1061/1061
f 1079/1079/1079 1078/1078/1078 1061/1061/1061
f 1061/1061/1061 1078/1078/1078 1060/1060/1060
f 1078/1078/1078 1076/1076/1076 1060/1060/1060
f 1060/1060/1060 1076/1076/1076 1062/1062/1062
f 1084/1084/1084 1083/1083/1083 1085/1085/1085
f 1086/1086/1086 1083/1083/1083 1084/1084/1084
f 1086/1086/1086 1087/1087/1087 1083/1083/1083
f 1088/1088/1088 1087/1087/1087 1086/1086/1086
f 1089/1089/1089 1085/1085/1085 1083/1083/1083
f 1090/1090/1090 1089/1089/1089 1083/1083/1083
f 1090/1090/1090 1083/1083/1083 1091/1091/1091
f 1091/1091/1091 1083/1083/1083 1092/1092/1092
f 1092/1092/1092 1083/1083/1083 1087/1087/1087
f 1084/1084/1084 1093/1093/1093 1086/1086/1086
f 1093/1093/1093 1094/1094/1094 1086/1086/1086
f 1086/1086/1086 1094/1094/1094 1095/1095/1095
f 1086/1086/1086 1095/1095/1095 1096/1096/1096
f 1086/1086/1086 1096/1096/1096 1088/1088/1088
f 1098/1098/1098 1097/1097/1097 1099/1099/1099
f 1100/1100/1100 1097/1097/1097 1098/1098/1098
f 1097/1097/1097 1101/1101/1101 1099/1099/1099
f 1099/1099/1099 1101/1101/1101 1102/1102/1102
f 1101/1101/1101 1103/1103/1103 1102/1102/1102
f 1102/1102/1102 1103/1103/1103 1104/1104/1104
f 1103/1103/1103 1105/1105/1105 1104/1104/1104
f 1104/1104/1104 1105/1105/1105 1106/1106/1106
f 1105/1105/1105 1107/1107/1107 1106/1106/1106
f 1106/1106/1106 1107/1107/1107 1108/1108/1108
f 1110/1110/1110 1109/1109/1109 1111/1111/1111
f 1112/1112/1112 1109/1109/1109 1110/1110/1110
f 1114/1114/1114 1113/1113/1113 1115/1115/1115
f 1116/1116/1116 1113/1113/1113 1114/1114/1114
f 1116/1116/1116 1117/1117/1117 1113/1113/1113
f 1113/1113/1113 1117/1117/1117 1118/1118/1118
f 1117/1117/1117 1119/1119/1119 1118/1118/1118
f 1120/1120/1120 1119/1119/1119 1117/1117/1117
f 1120/1120/1120 1117/1117/1117 1121/1121/1121
f 1121/1121/1121 1117/1117/1117 1116/1116/1116
f 1121/1121/1121 1116/1116/1116 1122/1122/1122
f 1122/1122/1122 1116/1116/1116 1123/1123/1123
f 1123/1123/1123 1116/1116/1116 1114/1114/1114
f 1119/1119/1119 1124/1124/1124 1118/1118/1118
f 1124/1124/1124 1113/1113/1113 1118/1118/1118
f 1113/1113/1113 1124/1124/1124 1125/1125/1125
f 1113/1113/1113 1125/1125/1125 1126/1126/1126
f 1113/1113/1113 1126/1126/1126 1115/1115/1115
f 1128/1128/1128 1127/1127/1127 1129/1129/1129
f 1130/1130/1130 1127/1127/1127 1128/1128/1128
f 1128/1128/1128 1131/1131/1131 1130/1130/1130
f 1132/1132/1132 1131/1131/1131 1128/1128/1128
f 1132/1132/1132 1133/1133/1133 1131/1131/1131
f 1128/1128/1128 1133/1133/1133 1132/1132/1132
f 1131/1131/1131 1133/1133/1133 1134/1134/1134
f 1134/1134/1134 1130/1130/1130 1131/1131/1131
f 1135/1135/1135 1127/1127/1127 1130/1130/1130
f 1135/1135/1135 1130/1130/1130 1134/1134/1134
f 1129/1129/1129 1136/1136/1136 1128/1128/1128
f 1128/1128/1128 1136/1136/1136 1133/1133/1133
f 1138/1138/1138 1137/1137/1137 1139/1139/1139
f 1140/1140/1140 1137/1137/1137 1138/1138/1138
f 1141/1141/1141 1140/1140/1140 1138/1138/1138
f 1142/1142/1142 1140/1140/1140 1141/1141/1141
f 1137/1137/1137 1143/1143/1143 1139/1139/1139
f 1144/1144/1144 1143/1143/1143 1137/1137/1137
f 1140/1140/1140 1144/1144/1144 1137/1137/1137
f 1142/1142/1142 1144/1144/1144 1140/1140/1140
f 1144/1144/1144 1141/1141/1141 1143/1143/1143
f 1142/1142/1142 1141/1141/1141 1144/1144/1144
f 1146/1146/1146 1145/1145/1145 1147/1147/1147
f 1148/1148/1148 1145/1145/1145 1146/1146/1146
f 1145/1145/1145 1149/1149/1149 1147/1147/1147
f 1150/1150/1150 1149/1149/1149 1145/1145/1145
f 1148/1148/1148 1150/1150/1150 1145/1145/1145
f 1150/1150/1150 1151/1151/1151 1149/1149/1149
f 1151/1151/1151 1148/1148/1148 1146/1146/1146
f 1152/1152/1152 1151/1151/1151 1150/1150/1150
f 1152/1152/1152 1148/1148/1148 1151/1151/1151
f 1152/1152/1152 1150/1150/1150 1148/1148/1148
f 1153/1153/1153 1146/1146/1146 1147/1147/1147
f 1154/1154/1154 1146/1146/1146 1153/1153/1153
f 1154/1154/1154 1151/1151/1151 1146/1146/1146
f 1147/1147/1147 1155/1155/1155 1153/1153/1153
f 1149/1149/1149 1155/1155/1155 1147/1147/1147
f 1151/1151/1151 1155/1155/1155 1149/1149/1149
f 1156/1156/1156 1155/1155/1155 1151/1151/1151
f 1156/1156/1156 1151/1151/1151 1154/1154/1154
f 1155/1155/1155 1157/1157/1157 1153/1153/1153
f 1153/1153/1153 1157/1157/1157 1158/1158/1158
f 1154/1154/1154 1153/1153/1153 1159/1159/1159
f 1159/1159/1159 1153/1153/1153 1160/1160/1160
f 1158/1158/1158 1160/1160/1160 1153/1153/1153
f 1161/1161/1161 1159/1159/1159 1160/1160/1160
f 1162/1162/1162 1161/1161/1161 1160/1160/1160
f 1156/1156/1156 1162/1162/1162 1155/1155/1155
f 1162/1162/1162 1157/1157/1157 1155/1155/1155
f 1163/1163/1163 1161/1161/1161 1162/1162/1162
f 1163/1163/1163 1164/1164/1164 1161/1161/1161
f 1165/1165/1165 1164/1164/1164 1163/1163/1163
f 1165/1165/1165 1166/1166/1166 1164/1164/1164
f 1165/1165/1165 1167/1167/1167 1166/1166/1166
f 1168/1168/1168 1167/1167/1167 1165/1165/1165
f 1163/1163/1163 1168/1168/1168 1165/1165/1165
f 1164/1164/1164 1166/1166/1166 1169/1169/1169
f 1167/1167/1167 1169/1169/1169 1166/1166/1166
f 1170/1170/1170 1164/1164/1164 1169/1169/1169
f 1170/1170/1170 1169/1169/1169 1167/1167/1167
f 1171/1171/1171 1164/1164/1164 1170/1170/1170
f 1167/1167/1167 1171/1171/1171 1170/1170/1170
f 1168/1168/1168 1171/1171/1171 1167/1167/1167
f 1171/1171/1171 1161/1161/1161 1164/1164/1164
f 1172/1172/1172 1168/1168/1168 1163/1163/1163
f 1173/1173/1173 1161/1161/1161 1171/1171/1171
f 1168/1168/1168 1173/1173/1173 1171/1171/1171
f 1172/1172/1172 1173/1173/1173 1168/1168/1168
f 1173/1173/1173 1159/1159/1159 1161/1161/1161
f 1173/1173/1173 1174/1174/1174 1159/1159/1159
f 1172/1172/1172 1174/1174/1174 1173/1173/1173
f 1174/1174/1174 1163/1163/1163 1162/1162/1162
f 1172/1172/1172 1163/1163/1163 1174/1174/1174
f 1175/1175/1175 1162/1162/1162 1160/1160/1160
f 1176/1176/1176 1162/1162/1162 1175/1175/1175
f 1174/1174/1174 1162/1162/1162 1156/1156/1156
f 1176/1176/1176 1157/1157/1157 1162/1162/1162
f 1176/1176/1176 1175/1175/1175 1177/1177/1177
f 1177/1177/1177 1175/1175/1175 1178/1178/1178
f 1177/1177/1177 1178/1178/1178 1179/1179/1179
f 1179/1179/1179 1178/1178/1178 1180/1180/1180
f 1181/1181/1181 1179/1179/1179 1180/1180/1180
f 1182/1182/1182 1179/1179/1179 1181/1181/1181
f 1183/1183/1183 1182/1182/1182 1181/1181/1181
f 1184/1184/1184 1182/1182/1182 1183/1183/1183
f 1185/1185/1185 1184/1184/1184 1183/1183/1183
f 1186/1186/1186 1184/1184/1184 1185/1185/1185
f 1187/1187/1187 1181/1181/1181 1180/1180/1180
f 1188/1188/1188 1181/1181/1181 1187/1187/1187
f 1189/1189/1189 1188/1188/1188 1187/1187/1187
f 1182/1182/1182 1189/1189/1189 1179/1179/1179
f 1190/1190/1190 1188/1188/1188 1189/1189/1189
f 1190/1190/1190 1189/1189/1189 1182/1182/1182
f 1190/1190/1190 1191/1191/1191 1188/1188/1188
f 1181/1181/1181 1191/1191/1191 1183/1183/1183
f 1188/1188/1188 1191/1191/1191 1181/1181/1181
f 1191/1191/1191 1185/1185/1185 1183/1183/1183
f 1192/1192/1192 1191/1191/1191 1190/1190/1190
f 1192/1192/1192 1182/1182/1182 1184/1184/1184
f 1190/1190/1190 1182/1182/1182 1192/1192/1192
f 1186/1186/1186 1192/1192/1192 1184/1184/1184
f 1193/1193/1193 1189/1189/1189 1187/1187/1187
f 1193/1193/1193 1180/1180/1180 1178/1178/1178
f 1187/1187/1187 1180/1180/1180 1193/1193/1193
f 1194/1194/1194 1189/1189/1189 1193/1193/1193
f 1189/1189/1189 1194/1194/1194 1179/1179/1179
f 1192/1192/1192 1195/1195/1195 1191/1191/1191
f 1195/1195/1195 1185/1185/1185 1191/1191/1191
f 1196/1196/1196 1195/1195/1195 1192/1192/1192
f 1196/1196/1196 1192/1192/1192 1186/1186/1186
f 1185/1185/1185 1196/1196/1196 1186/1186/1186
f 1195/1195/1195 1196/1196/1196 1185/1185/1185
f 1158/1158/1158 1194/1194/1194 1193/1193/1193
f 1157/1157/1157 1194/1194/1194 1158/1158/1158
f 1158/1158/1158 1193/1193/1193 1175/1175/1175
f 1175/1175/1175 1160/1160/1160 1158/1158/1158
f 1175/1175/1175 1193/1193/1193 1178/1178/1178
f 1157/1157/1157 1176/1176/1176 1194/1194/1194
f 1194/1194/1194 1176/1176/1176 1177/1177/1177
f 1179/1179/1179 1194/1194/1194 1177/1177/1177
f 1174/1174/1174 1154/1154/1154 1159/1159/1159
f 1156/1156/1156 1154/1154/1154 1174/1174/1174
f 1198/1198/1198 1197/1197/1197 1199/1199/1199
f 1200/1200/1200 1197/1197/1197 1198/1198/1198
f 1201/1201/1201 1198/1198/1198 1199/1199/1199
f 1202/1202/1202 1198/1198/1198 1201/1201/1201
f 1202/1202/1202 1200/1200/1200 1198/1198/1198
f 1203/1203/1203 1202/1202/1202 1201/1201/1201
f 1200/1200/1200 1203/1203/1203 1197/1197/1197
f 1204/1204/1204 1202/1202/1202 1203/1203/1203
f 1204/1204/1204 1203/1203/1203 1200/1200/1200
f 1204/1204/1204 1200/1200/1200 1202/1202/1202
f 1197/1197/1197 1205/1205/1205 1199/1199/1199
f 1206/1206/1206 1205/1205/1205 1197/1197/1197
f 1203/1203/1203 1206/1206/1206 1197/1197/1197
f 1207/1207/1207 1199/1199/1199 1205/1205/1205
f 1201/1201/1201 1199/1199/1199 1207/1207/1207
f 1207/1207/1207 1203/1203/1203 1201/1201/1201
f 1208/1208/1208 1203/1203/1203 1207/1207/1207
f 1208/1208/1208 1206/1206/1206 1203/1203/1203
f 1207/1207/1207 1205/1205/1205 1209/1209/1209
f 1209/1209/1209 1205/1205/1205 1210/1210/1210
f 1206/1206/1206 1211/1211/1211 1205/1205/1205
f 1205/1205/1205 1211/1211/1211 1212/1212/1212
f 1212/1212/1212 1210/1210/1210 1205/1205/1205
f 1211/1211/1211 1213/1213/1213 1212/1212/1212
f 1213/1213/1213 1214/1214/1214 1212/1212/1212
f 1207/1207/1207 1214/1214/1214 1208/1208/1208
f 1209/1209/1209 1214/1214/1214 1207/1207/1207
f 1215/1215/1215 1214/1214/1214 1213/1213/1213
f 1216/1216/1216 1215/1215/1215 1213/1213/1213
f 1217/1217/1217 1215/1215/1215 1216/1216/1216
f 1217/1217/1217 1216/1216/1216 1218/1218/1218
f 1219/1219/1219 1217/1217/1217 1218/1218/1218
f 1220/1220/1220 1217/1217/1217 1219/1219/1219
f 1220/1220/1220 1215/1215/1215 1217/1217/1217
f 1218/1218/1218 1216/1216/1216 1221/1221/1221
f 1221/1221/1221 1219/1219/1219 1218/1218/1218
f 1216/1216/1216 1222/1222/1222 1221/1221/1221
f 1222/1222/1222 1219/1219/1219 1221/1221/1221
f 1223/1223/1223 1222/1222/1222 1216/1216/1216
f 1223/1223/1223 1219/1219/1219 1222/1222/1222
f 1220/1220/1220 1219/1219/1219 1223/1223/1223
f 1213/1213/1213 1223/1223/1223 1216/1216/1216
f 1224/1224/1224 1215/1215/1215 1220/1220/1220
f 1225/1225/1225 1223/1223/1223 1213/1213/1213
f 1225/1225/1225 1220/1220/1220 1223/1223/1223
f 1224/1224/1224 1220/1220/1220 1225/1225/1225
f 1225/1225/1225 1213/1213/1213 1211/1211/1211
f 1225/1225/1225 1226/1226/1226 1224/1224/1224
f 1211/1211/1211 1226/1226/1226 1225/1225/1225
f 1215/1215/1215 1226/1226/1226 1214/1214/1214
f 1224/1224/1224 1226/1226/1226 1215/1215/1215
f 1214/1214/1214 1227/1227/1227 1212/1212/1212
f 1228/1228/1228 1227/1227/1227 1214/1214/1214
f 1208/1208/1208 1214/1214/1214 1226/1226/1226
f 1228/1228/1228 1214/1214/1214 1209/1209/1209
f 1228/1228/1228 1229/1229/1229 1227/1227/1227
f 1227/1227/1227 1229/1229/1229 1230/1230/1230
f 1229/1229/1229 1231/1231/1231 1230/1230/1230
f 1230/1230/1230 1231/1231/1231 1232/1232/1232
f 1231/1231/1231 1233/1233/1233 1232/1232/1232
f 1234/1234/1234 1233/1233/1233 1231/1231/1231
f 1234/1234/1234 1235/1235/1235 1233/1233/1233
f 1236/1236/1236 1235/1235/1235 1234/1234/1234
f 1236/1236/1236 1237/1237/1237 1235/1235/1235
f 1238/1238/1238 1237/1237/1237 1236/1236/1236
f 1233/1233/1233 1239/1239/1239 1232/1232/1232
f 1240/1240/1240 1239/1239/1239 1233/1233/1233
f 1240/1240/1240 1241/1241/1241 1239/1239/1239
f 1241/1241/1241 1234/1234/1234 1231/1231/1231
f 1242/1242/1242 1241/1241/1241 1240/1240/1240
f 1242/1242/1242 1234/1234/1234 1241/1241/1241
f 1243/1243/1243 1242/1242/1242 1240/1240/1240
f 1243/1243/1243 1233/1233/1233 1235/1235/1235
f 1240/1240/1240 1233/1233/1233 1243/1243/1243
f 1237/1237/1237 1243/1243/1243 1235/1235/1235
f 1244/1244/1244 1242/1242/1242 1243/1243/1243
f 1234/1234/1234 1244/1244/1244 1236/1236/1236
f 1242/1242/1242 1244/1244/1244 1234/1234/1234
f 1244/1244/1244 1238/1238/1238 1236/1236/1236
f 1241/1241/1241 1245/1245/1245 1239/1239/1239
f 1232/1232/1232 1245/1245/1245 1230/1230/1230
f 1239/1239/1239 1245/1245/1245 1232/1232/1232
f 1246/1246/1246 1245/1245/1245 1241/1241/1241
f 1241/1241/1241 1231/1231/1231 1246/1246/1246
f 1247/1247/1247 1244/1244/1244 1243/1243/1243
f 1247/1247/1247 1243/1243/1243 1237/1237/1237
f 1248/1248/1248 1244/1244/1244 1247/1247/1247
f 1248/1248/1248 1238/1238/1238 1244/1244/1244
f 1248/1248/1248 1237/1237/1237 1238/1238/1238
f 1247/1247/1247 1237/1237/1237 1248/1248/1248
f 1246/1246/1246 1210/1210/1210 1245/1245/1245
f 1209/1209/1209 1210/1210/1210 1246/1246/1246
f 1210/1210/1210 1227/1227/1227 1245/1245/1245
f 1227/1227/1227 1210/1210/1210 1212/1212/1212
f 1245/1245/1245 1227/1227/1227 1230/1230/1230
f 1209/1209/1209 1246/1246/1246 1228/1228/1228
f 1228/1228/1228 1246/1246/1246 1229/1229/1229
f 1246/1246/1246 1231/1231/1231 1229/1229/1229
f 1206/1206/1206 1226/1226/1226 1211/1211/1211
f 1208/1208/1208 1226/1226/1226 1206/1206/1206
f 1250/1250/1250 1249/1249/1249 1251/1251/1251
f 1252/1252/1252 1249/1249/1249 1250/1250/1250
f 1249/1249/1249 1253/1253/1253 1251/1251/1251
f 1251/1251/1251 1253/1253/1253 1254/1254/1254
f 1250/1250/1250 1251/1251/1251 1254/1254/1254
f 1253/1253/1253 1255/1255/1255 1254/1254/1254
f 1256/1256/1256 1255/1255/1255 1253/1253/1253
f 1256/1256/1256 1257/1257/1257 1255/1255/1255
f 1254/1254/1254 1255/1255/1255 1257/1257/1257
f 1250/1250/1250 1254/1254/1254 1257/1257/1257
f 1258/1258/1258 1257/1257/1257 1256/1256/1256
f 1258/1258/1258 1250/1250/1250 1257/1257/1257
f 1252/1252/1252 1250/1250/1250 1258/1258/1258
f 1260/1260/1260 1259/1259/1259 1261/1261/1261
f 1262/1262/1262 1259/1259/1259 1260/1260/1260
f 1263/1263/1263 1262/1262/1262 1260/1260/1260
f 1264/1264/1264 1262/1262/1262 1263/1263/1263
f 1264/1264/1264 1263/1263/1263 1265/1265/1265
f 1265/1265/1265 1263/1263/1263 1266/1266/1266
f 1265/1265/1265 1266/1266/1266 1267/1267/1267
f 1267/1267/1267 1266/1266/1266 1268/1268/1268
f 1267/1267/1267 1268/1268/1268 1269/1269/1269
f 1269/1269/1269 1268/1268/1268 1270/1270/1270
f 1260/1260/1260 1261/1261/1261 1271/1271/1271
f 1271/1271/1271 1261/1261/1261 1272/1272/1272
f 1261/1261/1261 1259/1259/1259 1272/1272/1272
f 1273/1273/1273 1271/1271/1271 1272/1272/1272
f 1272/1272/1272 1259/1259/1259 1273/1273/1273
f 1274/1274/1274 1271/1271/1271 1273/1273/1273
f 1259/1259/1259 1274/1274/1274 1273/1273/1273
f 1262/1262/1262 1274/1274/1274 1259/1259/1259
f 1275/1275/1275 1260/1260/1260 1271/1271/1271
f 1263/1263/1263 1260/1260/1260 1275/1275/1275
f 1263/1263/1263 1275/1275/1275 1266/1266/1266
f 1266/1266/1266 1275/1275/1275 1276/1276/1276
f 1264/1264/1264 1265/1265/1265 1277/1277/1277
f 1277/1277/1277 1265/1265/1265 1278/1278/1278
f 1265/1265/1265 1267/1267/1267 1278/1278/1278
f 1278/1278/1278 1267/1267/1267 1279/1279/1279
f 1267/1267/1267 1269/1269/1269 1279/1279/1279
f 1269/1269/1269 1270/1270/1270 1280/1280/1280
f 1279/1279/1279 1269/1269/1269 1280/1280/1280
f 1280/1280/1280 1270/1270/1270 1281/1281/1281
f 1283/1283/1283 1282/1282/1282 1284/1284/1284
f 1285/1285/1285 1282/1282/1282 1283/1283/1283
f 1285/1285/1285 1286/1286/1286 1282/1282/1282
f 1282/1282/1282 1286/1286/1286 1287/1287/1287
f 1286/1286/1286 1288/1288/1288 1287/1287/1287
f 1287/1287/1287 1288/1288/1288 1289/1289/1289
f 1288/1288/1288 1290/1290/1290 1289/1289/1289
f 1289/1289/1289 1290/1290/1290 1291/1291/1291
f 1292/1292/1292 1285/1285/1285 1283/1283/1283
f 1293/1293/1293 1285/1285/1285 1292/1292/1292
f 1294/1294/1294 1287/1287/1287 1289/1289/1289
f 1295/1295/1295 1287/1287/1287 1294/1294/1294
f 1296/1296/1296 1289/1289/1289 1291/1291/1291
f 1294/1294/1294 1289/1289/1289 1296/1296/1296
f 1298/1298/1298 1297/1297/1297 1299/1299/1299
f 1300/1300/1300 1297/1297/1297 1298/1298/1298
f 1301/1301/1301 1297/1297/1297 1300/1300/1300
f 1302/1302/1302 1297/1297/1297 1301/1301/1301
f 1302/1302/1302 1301/1301/1301 1303/1303/1303
f 1302/1302/1302 1303/1303/1303 1297/1297/1297
f 1303/1303/1303 1301/1301/1301 1304/1304/1304
f 1304/1304/1304 1301/1301/1301 1300/1300/1300
f 1304/1304/1304 1300/1300/1300 1305/1305/1305
f 1305/1305/1305 1300/1300/1300 1298/1298/1298
f 1297/1297/1297 1303/1303/1303 1306/1306/1306
f 1297/1297/1297 1306/1306/1306 1299/1299/1299
f 1308/1308/1308 1307/1307/1307 1309/1309/1309
f 1310/1310/1310 1307/1307/1307 1308/1308/1308
f 1310/1310/1310 1311/1311/1311 1307/1307/1307
f 1310/1310/1310 1308/1308/1308 1311/1311/1311
f 1307/1307/1307 1311/1311/1311 1312/1312/1312
f 1309/1309/1309 1307/1307/1307 1312/1312/1312
f 1311/1311/1311 1313/1313/1313 1312/1312/1312
f 1311/1311/1311 1308/1308/1308 1313/1313/1313
f 1312/1312/1312 1313/1313/1313 1314/1314/1314
f 1309/1309/1309 1312/1312/1312 1314/1314/1314
f 1313/1313/1313 1315/1315/1315 1314/1314/1314
f 1308/1308/1308 1309/1309/1309 1315/1315/1315
f 1313/1313/1313 1308/1308/1308 1315/1315/1315
f 1314/1314/1314 1315/1315/1315 1316/1316/1316
f 1315/1315/1315 1309/1309/1309 1316/1316/1316
f 1309/1309/1309 1314/1314/1314 1316/1316/1316
f 1318/1318/1318 1317/1317/1317 1319/1319/1319
f 1320/1320/1320 1317/1317/1317 1318/1318/1318
f 1322/1322/1322 1321/1321/1321 1323/1323/1323
f 1324/1324/1324 1321/1321/1321 1322/1322/1322
f 1321/1321/1321 1325/1325/1325 1323/1323/1323
f 1323/1323/1323 1325/1325/1325 1326/1326/1326
f 1325/1325/1325 1327/1327/1327 1326/1326/1326
f 1326/1326/1326 1327/1327/1327 1328/1328/1328
f 1327/1327/1327 1329/1329/1329 1328/1328/1328
f 1328/1328/1328 1329/1329/1329 1330/1330/1330
f 1329/1329/1329 1331/1331/1331 1330/1330/1330
f 1331/1331/1331 1328/1328/1328 1330/1330/1330
f 1332/1332/1332 1331/1331/1331 1329/1329/1329
f 1332/1332/1332 1333/1333/1333 1331/1331/1331
f 1328/1328/1328 1331/1331/1331 1333/1333/1333
f 1334/1334/1334 1333/1333/1333 1332/1332/1332
f 1335/1335/1335 1324/1324/1324 1322/1322/1322
f 1336/1336/1336 1324/1324/1324 1335/1335/1335
f 1337/1337/1337 1328/1328/1328 1333/1333/1333
f 1337/1337/1337 1326/1326/1326 1328/1328/1328
f 1337/1337/1337 1323/1323/1323 1326/1326/1326
f 1337/1337/1337 1322/1322/1322 1323/1323/1323
f 1338/1338/1338 1337/1337/1337 1333/1333/1333
f 1339/1339/1339 1322/1322/1322 1337/1337/1337
f 1340/1340/1340 1322/1322/1322 1339/1339/1339
f 1340/1340/1340 1335/1335/1335 1322/1322/1322
f 1341/1341/1341 1340/1340/1340 1339/1339/1339
f 1342/1342/1342 1340/1340/1340 1341/1341/1341
f 1344/1344/1344 1343/1343/1343 1345/1345/1345
f 1346/1346/1346 1343/1343/1343 1344/1344/1344
f 1346/1346/1346 1347/1347/1347 1343/1343/1343
f 1343/1343/1343 1347/1347/1347 1348/1348/1348
f 1350/1350/1350 1349/1349/1349 1351/1351/1351
f 1352/1352/1352 1349/1349/1349 1350/1350/1350
f 1352/1352/1352 1353/1353/1353 1349/1349/1349
f 1353/1353/1353 1352/1352/1352 1350/1350/1350
f 1349/1349/1349 1353/1353/1353 1354/1354/1354
f 1349/1349/1349 1354/1354/1354 1351/1351/1351
f 1353/1353/1353 1355/1355/1355 1354/1354/1354
f 1354/1354/1354 1355/1355/1355 1356/1356/1356
f 1355/1355/1355 1357/1357/1357 1356/1356/1356
f 1356/1356/1356 1357/1357/1357 1358/1358/1358
f 1357/1357/1357 1359/1359/1359 1358/1358/1358
f 1358/1358/1358 1359/1359/1359 1360/1360/1360
f 1359/1359/1359 1361/1361/1361 1360/1360/1360
f 1361/1361/1361 1358/1358/1358 1360/1360/1360
f 1362/1362/1362 1361/1361/1361 1359/1359/1359
f 1357/1357/1357 1362/1362/1362 1359/1359/1359
f 1362/1362/1362 1363/1363/1363 1361/1361/1361
f 1363/1363/1363 1356/1356/1356 1358/1358/1358
f 1363/1363/1363 1358/1358/1358 1361/1361/1361
f 1364/1364/1364 1363/1363/1363 1362/1362/1362
f 1355/1355/1355 1364/1364/1364 1357/1357/1357
f 1357/1357/1357 1364/1364/1364 1362/1362/1362
f 1364/1364/1364 1365/1365/1365 1363/1363/1363
f 1354/1354/1354 1356/1356/1356 1365/1365/1365
f 1351/1351/1351 1354/1354/1354 1365/1365/1365
f 1365/1365/1365 1356/1356/1356 1363/1363/1363
f 1366/1366/1366 1365/1365/1365 1364/1364/1364
f 1355/1355/1355 1353/1353/1353 1366/1366/1366
f 1355/1355/1355 1366/1366/1366 1364/1364/1364
f 1366/1366/1366 1367/1367/1367 1365/1365/1365
f 1368/1368/1368 1367/1367/1367 1366/1366/1366
f 1368/1368/1368 1369/1369/1369 1367/1367/1367
f 1367/1367/1367 1369/1369/1369 1370/1370/1370
f 1369/1369/1369 1351/1351/1351 1370/1370/1370
f 1351/1351/1351 1365/1365/1365 1367/1367/1367
f 1351/1351/1351 1367/1367/1367 1370/1370/1370
f 1350/1350/1350 1351/1351/1351 1369/1369/1369
f 1366/1366/1366 1350/1350/1350 1368/1368/1368
f 1368/1368/1368 1350/1350/1350 1369/1369/1369
f 1353/1353/1353 1350/1350/1350 1366/1366/1366
f 1372/1372/1372 1371/1371/1371 1373/1373/1373
f 1374/1374/1374 1371/1371/1371 1372/1372/1372
f 1374/1374/1374 1372/1372/1372 1375/1375/1375
f 1375/1375/1375 1372/1372/1372 1376/1376/1376
f 1375/1375/1375 1376/1376/1376 1377/1377/1377
f 1371/1371/1371 1377/1377/1377 1373/1373/1373
f 1377/1377/1377 1376/1376/1376 1378/1378/1378
f 1373/1373/1373 1377/1377/1377 1378/1378/1378
f 1373/1373/1373 1378/1378/1378 1379/1379/1379
f 1373/1373/1373 1379/1379/1379 1372/1372/1372
f 1378/1378/1378 1380/1380/1380 1379/1379/1379
f 1379/1379/1379 1380/1380/1380 1381/1381/1381
f 1381/1381/1381 1382/1382/1382 1379/1379/1379
f 1383/1383/1383 1382/1382/1382 1381/1381/1381
f 1379/1379/1379 1384/1384/1384 1372/1372/1372
f 1382/1382/1382 1384/1384/1384 1379/1379/1379
f 1380/1380/1380 1385/1385/1385 1381/1381/1381
f 1378/1378/1378 1385/1385/1385 1380/1380/1380
f 1376/1376/1376 1385/1385/1385 1378/1378/1378
f 1381/1381/1381 1385/1385/1385 1386/1386/1386
f 1386/1386/1386 1383/1383/1383 1381/1381/1381
f 1387/1387/1387 1383/1383/1383 1386/1386/1386
f 1387/1387/1387 1388/1388/1388 1383/1383/1383
f 1388/1388/1388 1382/1382/1382 1383/1383/1383
f 1389/1389/1389 1388/1388/1388 1387/1387/1387
f 1382/1382/1382 1390/1390/1390 1384/1384/1384
f 1391/1391/1391 1390/1390/1390 1382/1382/1382
f 1392/1392/1392 1388/1388/1388 1389/1389/1389
f 1393/1393/1393 1388/1388/1388 1392/1392/1392
f 1393/1393/1393 1382/1382/1382 1388/1388/1388
f 1391/1391/1391 1382/1382/1382 1393/1393/1393
f 1392/1392/1392 1394/1394/1394 1393/1393/1393
f 1395/1395/1395 1394/1394/1394 1392/1392/1392
f 1394/1394/1394 1396/1396/1396 1393/1393/1393
f 1397/1397/1397 1393/1393/1393 1396/1396/1396
f 1391/1391/1391 1393/1393/1393 1397/1397/1397
f 1397/1397/1397 1396/1396/1396 1398/1398/1398
f 1398/1398/1398 1396/1396/1396 1399/1399/1399
f 1395/1395/1395 1399/1399/1399 1394/1394/1394
f 1394/1394/1394 1399/1399/1399 1396/1396/1396
f 1398/1398/1398 1399/1399/1399 1400/1400/1400
f 1400/1400/1400 1399/1399/1399 1401/1401/1401
f 1399/1399/1399 1402/1402/1402 1401/1401/1401
f 1403/1403/1403 1402/1402/1402 1399/1399/1399
f 1403/1403/1403 1399/1399/1399 1395/1395/1395
f 1405/1405/1405 1404/1404/1404 1406/1406/1406
f 1407/1407/1407 1404/1404/1404 1405/1405/1405
f 1409/1409/1409 1408/1408/1408 1410/1410/1410
f 1411/1411/1411 1408/1408/1408 1409/1409/1409
f 1410/1410/1410 1412/1412/1412 1409/1409/1409
f 1413/1413/1413 1412/1412/1412 1410/1410/1410
f 1413/1413/1413 1414/1414/1414 1412/1412/1412
f 1413/1413/1413 1415/1415/1415 1414/1414/1414
f 1416/1416/1416 1415/1415/1415 1413/1413/1413
f 1416/1416/1416 1417/1417/1417 1415/1415/1415
f 1415/1415/1415 1417/1417/1417 1418/1418/1418
f 1418/1418/1418 1419/1419/1419 1415/1415/1415
f 1421/1421/1421 1420/1420/1420 1422/1422/1422
f 1423/1423/1423 1420/1420/1420 1421/1421/1421
f 1425/1425/1425 1424/1424/1424 1426/1426/1426
f 1427/1427/1427 1424/1424/1424 1425/1425/1425
f 1429/1429/1429 1428/1428/1428 1430/1430/1430
f 1431/1431/1431 1428/1428/1428 1429/1429/1429
f 1431/1431/1431 1432/1432/1432 1428/1428/1428
f 1428/1428/1428 1432/1432/1432 1433/1433/1433
f 1434/1434/1434 1428/1428/1428 1433/1433/1433
f 1428/1428/1428 1434/1434/1434 1435/1435/1435
f 1433/1433/1433 1432/1432/1432 1436/1436/1436
f 1436/1436/1436 1432/1432/1432 1437/1437/1437
f 1437/1437/1437 1432/1432/1432 1438/1438/1438
f 1440/1440/1440 1439/1439/1439 1441/1441/1441
f 1442/1442/1442 1439/1439/1439 1440/1440/1440
f 1442/1442/1442 1440/1440/1440 1443/1443/1443
f 1443/1443/1443 1440/1440/1440 1444/1444/1444
f 1446/1446/1446 1445/1445/1445 1447/1447/1447
f 1448/1448/1448 1445/1445/1445 1446/1446/1446
f 1446/1446/1446 1447/1447/1447 1449/1449/1449
f 1449/1449/1449 1447/1447/1447 1450/1450/1450
f 1449/1449/1449 1450/1450/1450 1451/1451/1451
f 1451/1451/1451 1450/1450/1450 1452/1452/1452
f 1451/1451/1451 1452/1452/1452 1453/1453/1453
f 1453/1453/1453 1452/1452/1452 1454/1454/1454
f 1454/1454/1454 1455/1455/1455 1453/1453/1453
f 1453/1453/1453 1455/1455/1455 1456/1456/1456
f 1458/1458/1458 1457/1457/1457 1459/1459/1459
f 1460/1460/1460 1457/1457/1457 1458/1458/1458
f 1462/1462/1462 1461/1461/1461 1463/1463/1463
f 1461/1461/1461 1464/1464/1464 1463/1463/1463
f 1463/1463/1463 1464/1464/1464 1465/1465/1465
f 1465/1465/1465 1466/1466/1466 1463/1463/1463
f 1467/1467/1467 1466/1466/1466 1465/1465/1465
f 1468/1468/1468 1467/1467/1467 1465/1465/1465
f 1469/1469/1469 1467/1467/1467 1468/1468/1468
f 1467/1467/1467 1469/1469/1469 1466/1466/1466
f 1469/1469/1469 1468/1468/1468 1470/1470/1470
f 1466/1466/1466 1469/1469/1469 1470/1470/1470
f 1466/1466/1466 1470/1470/1470 1463/1463/1463
f 1470/1470/1470 1468/1468/1468 1471/1471/1471
f 1471/1471/1471 1472/1472/1472 1470/1470/1470
f 1470/1470/1470 1472/1472/1472 1473/1473/1473
f 1463/1463/1463 1470/1470/1470 1473/1473/1473
f 1472/1472/1472 1474/1474/1474 1473/1473/1473
f 1473/1473/1473 1474/1474/1474 1475/1475/1475
f 1475/1475/1475 1461/1461/1461 1462/1462/1462
f 1474/1474/1474 1461/1461/1461 1475/1475/1475
f 1475/1475/1475 1463/1463/1463 1473/1473/1473
f 1462/1462/1462 1463/1463/1463 1475/1475/1475
f 1476/1476/1476 1474/1474/1474 1472/1472/1472
f 1461/1461/1461 1476/1476/1476 1464/1464/1464
f 1474/1474/1474 1476/1476/1476 1461/1461/1461
f 1478/1478/1478 1477/1477/1477 1479/1479/1479
f 1480/1480/1480 1477/1477/1477 1478/1478/1478
f 1481/1481/1481 1478/1478/1478 1479/1479/1479
f 1482/1482/1482 1478/1478/1478 1481/1481/1481
f 1483/1483/1483 1482/1482/1482 1481/1481/1481
f 1484/1484/1484 1482/1482/1482 1483/1483/1483
f 1484/1484/1484 1478/1478/1478 1482/1482/1482
f 1480/1480/1480 1478/1478/1478 1484/1484/1484
f 1481/1481/1481 1485/1485/1485 1483/1483/1483
f 1486/1486/1486 1485/1485/1485 1481/1481/1481
f 1487/1487/1487 1486/1486/1486 1481/1481/1481
f 1479/1479/1479 1487/1487/1487 1481/1481/1481
f 1488/1488/1488 1486/1486/1486 1487/1487/1487
f 1489/1489/1489 1487/1487/1487 1479/1479/1479
f 1487/1487/1487 1490/1490/1490 1488/1488/1488
f 1488/1488/1488 1490/1490/1490 1491/1491/1491
f 1492/1492/1492 1487/1487/1487 1489/1489/1489
f 1490/1490/1490 1487/1487/1487 1492/1492/1492
f 1493/1493/1493 1485/1485/1485 1486/1486/1486
f 1494/1494/1494 1485/1485/1485 1493/1493/1493
f 1495/1495/1495 1494/1494/1494 1493/1493/1493
f 1496/1496/1496 1494/1494/1494 1495/1495/1495
f 1495/1495/1495 1493/1493/1493 1497/1497/1497
f 1497/1497/1497 1496/1496/1496 1495/1495/1495
f 1497/1497/1497 1493/1493/1493 1498/1498/1498
f 1498/1498/1498 1486/1486/1486 1488/1488/1488
f 1493/1493/1493 1486/1486/1486 1498/1498/1498
f 1491/1491/1491 1498/1498/1498 1488/1488/1488
f 1499/1499/1499 1497/1497/1497 1498/1498/1498
f 1499/1499/1499 1498/1498/1498 1491/1491/1491
f 1500/1500/1500 1497/1497/1497 1499/1499/1499
f 1500/1500/1500 1496/1496/1496 1497/1497/1497
f 1489/1489/1489 1501/1501/1501 1492/1492/1492
f 1502/1502/1502 1501/1501/1501 1489/1489/1489
f 1489/1489/1489 1503/1503/1503 1502/1502/1502
f 1479/1479/1479 1503/1503/1503 1489/1489/1489
f 1479/1479/1479 1504/1504/1504 1503/1503/1503
f 1504/1504/1504 1492/1492/1492 1501/1501/1501
f 1477/1477/1477 1504/1504/1504 1479/1479/1479
f 1477/1477/1477 1492/1492/1492 1504/1504/1504
f 1502/1502/1502 1503/1503/1503 1505/1505/1505
f 1505/1505/1505 1503/1503/1503 1506/1506/1506
f 1502/1502/1502 1507/1507/1507 1501/1501/1501
f 1505/1505/1505 1507/1507/1507 1502/1502/1502
f 1508/1508/1508 1505/1505/1505 1506/1506/1506
f 1507/1507/1507 1505/1505/1505 1508/1508/1508
f 1503/1503/1503 1508/1508/1508 1506/1506/1506
f 1504/1504/1504 1508/1508/1508 1503/1503/1503
f 1510/1510/1510 1509/1509/1509 1511/1511/1511
f 1512/1512/1512 1509/1509/1509 1510/1510/1510
f 1513/1513/1513 1511/1511/1511 1509/1509/1509
f 1509/1509/1509 1514/1514/1514 1513/1513/1513
f 1515/1515/1515 1514/1514/1514 1509/1509/1509
f 1516/1516/1516 1511/1511/1511 1513/1513/1513
f 1515/1515/1515 1517/1517/1517 1514/1514/1514
f 1518/1518/1518 1517/1517/1517 1515/1515/1515
f 1518/1518/1518 1519/1519/1519 1517/1517/1517
f 1520/1520/1520 1519/1519/1519 1518/1518/1518
f 1522/1522/1522 1521/1521/1521 1523/1523/1523
f 1524/1524/1524 1521/1521/1521 1522/1522/1522
f 1526/1526/1526 1525/1525/1525 1527/1527/1527
f 1528/1528/1528 1525/1525/1525 1526/1526/1526
f 1529/1529/1529 1527/1527/1527 1525/1525/1525
f 1530/1530/1530 1527/1527/1527 1529/1529/1529
f 1531/1531/1531 1525/1525/1525 1528/1528/1528
f 1529/1529/1529 1525/1525/1525 1531/1531/1531
f 1526/1526/1526 1531/1531/1531 1528/1528/1528
f 1532/1532/1532 1531/1531/1531 1526/1526/1526
f 1532/1532/1532 1529/1529/1529 1531/1531/1531
f 1530/1530/1530 1529/1529/1529 1532/1532/1532
f 1534/1534/1534 1533/1533/1533 1535/1535/1535
f 1536/1536/1536 1533/1533/1533 1534/1534/1534
f 1538/1538/1538 1537/1537/1537 1539/1539/1539
f 1540/1540/1540 1537/1537/1537 1538/1538/1538
f 1537/1537/1537 1541/1541/1541 1539/1539/1539
f 1537/1537/1537 1540/1540/1540 1541/1541/1541
f 1539/1539/1539 1541/1541/1541 1542/1542/1542
f 1539/1539/1539 1542/1542/1542 1538/1538/1538
f 1541/1541/1541 1543/1543/1543 1542/1542/1542
f 1542/1542/1542 1543/1543/1543 1544/1544/1544
f 1541/1541/1541 1545/1545/1545 1543/1543/1543
f 1546/1546/1546 1545/1545/1545 1541/1541/1541
f 1541/1541/1541 1540/1540/1540 1546/1546/1546
f 1540/1540/1540 1538/1538/1538 1546/1546/1546
f 1546/1546/1546 1547/1547/1547 1545/1545/1545
f 1546/1546/1546 1538/1538/1538 1547/1547/1547
f 1538/1538/1538 1542/1542/1542 1547/1547/1547
f 1545/1545/1545 1547/1547/1547 1548/1548/1548
f 1548/1548/1548 1542/1542/1542 1544/1544/1544
f 1547/1547/1547 1542/1542/1542 1548/1548/1548
f 1550/1550/1550 1549/1549/1549 1551/1551/1551
f 1552/1552/1552 1549/1549/1549 1550/1550/1550
f 1550/1550/1550 1551/1551/1551 1553/1553/1553
f 1553/1553/1553 1552/1552/1552 1550/1550/1550
f 1553/1553/1553 1551/1551/1551 1554/1554/1554
f 1549/1549/1549 1554/1554/1554 1551/1551/1551
f 1555/1555/1555 1553/1553/1553 1554/1554/1554
f 1549/1549/1549 1555/1555/1555 1554/1554/1554
f 1556/1556/1556 1553/1553/1553 1555/1555/1555
f 1556/1556/1556 1552/1552/1552 1553/1553/1553
f 1552/1552/1552 1557/1557/1557 1549/1549/1549
f 1557/1557/1557 1552/1552/1552 1556/1556/1556
f 1549/1549/1549 1557/1557/1557 1558/1558/1558
f 1557/1557/1557 1556/1556/1556 1558/1558/1558
f 1549/1549/1549 1558/1558/1558 1555/1555/1555
f 1558/1558/1558 1556/1556/1556 1559/1559/1559
f 1561/1561/1561 1560/1560/1560 1562/1562/1562
f 1563/1563/1563 1560/1560/1560 1561/1561/1561
f 1563/1563/1563 1561/1561/1561 1564/1564/1564
f 1563/1563/1563 1564/1564/1564 1560/1560/1560
f 1564/1564/1564 1561/1561/1561 1565/1565/1565
f 1561/1561/1561 1562/1562/1562 1565/1565/1565
f 1565/1565/1565 1562/1562/1562 1566/1566/1566
f 1562/1562/1562 1567/1567/1567 1566/1566/1566
f 1560/1560/1560 1567/1567/1567 1562/1562/1562
f 1560/1560/1560 1564/1564/1564 1567/1567/1567
f 1565/1565/1565 1567/1567/1567 1564/1564/1564
f 1566/1566/1566 1567/1567/1567 1565/1565/1565
f 1569/1569/1569 1568/1568/1568 1570/1570/1570
f 1571/1571/1571 1568/1568/1568 1569/1569/1569
f 1573/1573/1573 1572/1572/1572 1574/1574/1574
f 1575/1575/1575 1572/1572/1572 1573/1573/1573
f 1575/1575/1575 1576/1576/1576 1572/1572/1572
f 1577/1577/1577 1576/1576/1576 1575/1575/1575
f 1579/1579/1579 1578/1578/1578 1580/1580/1580
f 1581/1581/1581 1578/1578/1578 1579/1579/1579
f 1583/1583/1583 1582/1582/1582 1584/1584/1584
f 1584/1584/1584 1582/1582/1582 1585/1585/1585
f 1585/1585/1585 1582/1582/1582 1586/1586/1586
f 1586/1586/1586 1582/1582/1582 1587/1587/1587
f 1589/1589/1589 1588/1588/1588 1590/1590/1590
f 1591/1591/1591 1588/1588/1588 1589/1589/1589
f 1593/1593/1593 1592/1592/1592 1594/1594/1594
f 1593/1593/1593 1594/1594/1594 1595/1595/1595
f 1594/1594/1594 1592/1592/1592 1596/1596/1596
f 1594/1594/1594 1596/1596/1596 1597/1597/1597
f 1594/1594/1594 1597/1597/1597 1598/1598/1598
f 1600/1600/1600 1599/1599/1599 1601/1601/1601
f 1600/1600/1600 1601/1601/1601 1602/1602/1602
f 1601/1601/1601 1603/1603/1603 1602/1602/1602
f 1601/1601/1601 1604/1604/1604 1603/1603/1603
f 1600/1600/1600 1602/1602/1602 1605/1605/1605
f 1600/1600/1600 1605/1605/1605 1606/1606/1606
f 1600/1600/1600 1606/1606/1606 1607/1607/1607
f 1609/1609/1609 1608/1608/1608 1610/1610/1610
f 1609/1609/1609 1611/1611/1611 1608/1608/1608
f 1612/1612/1612 1611/1611/1611 1609/1609/1609
f 1613/1613/1613 1612/1612/1612 1609/1609/1609
f 1614/1614/1614 1612/1612/1612 1613/1613/1613
f 1615/1615/1615 1612/1612/1612 1614/1614/1614
f 1616/1616/1616 1611/1611/1611 1612/1612/1612
f 1615/1615/1615 1617/1617/1617 1612/1612/1612
f 1615/1615/1615 1618/1618/1618 1617/1617/1617
f 1619/1619/1619 1618/1618/1618 1615/1615/1615
v 2.600806 -0.5718024 0.01119849
v 2.680783 -0.4804902 -0.0669746
v 2.600203 -0.5562076 -0.05937646
v 2.699552 -0.4328453 0.01119237
v 2.508958 -0.4819346 -0.0669352
v 2.587624 -0.3554485 -0.03860865
v 2.48669 -0.4358352 0.01123143
v 2.587457 -0.3505997 0.01122448
v 2.71415 -0.4790338 0.121673
v 2.648406 -0.566142 0.1327145
v 2.671221 -0.4657912 0.1465988
v 2.49498 -0.4238473 0.1434179
v 2.567541 -0.3790144 0.1408172
v 2.591763 -0.337801 0.1073828
v 2.607927 -0.3606171 0.12933
v 2.703513 -0.4596235 0.1216897
v 2.632163 -0.5510952 -0.06491595
v 2.724835 -0.4786064 -0.01723494
v 2.652472 -0.4664699 -0.07067603
v 2.509797 -0.4376061 -0.06944467
v 2.599602 -0.3777801 -0.05698792
v 2.542677 -0.3396223 -0.02351959
v 2.648406 -0.566142 0.1327145
v 2.724835 -0.4786064 -0.01723494
v 2.632163 -0.5510952 -0.06491595
v 2.71415 -0.4790338 0.121673
v 2.542677 -0.3396223 -0.02351959
v 2.49498 -0.4238473 0.1434179
v 2.509797 -0.4376061 -0.06944467
v 2.591763 -0.337801 0.1073828
v 2.599602 -0.3777801 -0.05698792
v 2.591763 -0.337801 0.1073828
v 2.542677 -0.3396223 -0.02351959
v 2.567541 -0.3790144 0.1408172
v 2.567839 -0.3621005 -0.04550508
v 2.607927 -0.3606171 0.12933
v 2.714197 -0.4591949 -0.01721932
v 2.703513 -0.4596235 0.1216897
v 2.652472 -0.4664699 -0.07067603
v 2.671221 -0.4657912 0.1465988
v 2.724835 -0.4786064 -0.01723494
v 2.71415 -0.4790338 0.121673
v 2.699552 -0.4328453 0.01119237
v 2.587624 -0.3554485 -0.03860865
v 2.680783 -0.4804902 -0.0669746
v 2.587457 -0.3505997 0.01122448
v 2.589083 -0.4659154 -0.06617931
v 2.502416 -0.5168621 -0.06087721
v 2.524118 -0.5359422 -0.06241013
v 2.594963 -0.4341027 -0.04256425
v 2.489511 -0.4911617 -0.06499375
v 2.567976 -0.4310437 -0.06135586
v 2.463543 -0.484277 -0.04823451
v 2.557829 -0.3959713 -0.04085847
v 2.442144 -0.4444185 -0.01984249
v 2.515116 -0.3710445 -0.005967563
v 2.434216 -0.4477506 0.01621702
v 2.531067 -0.367881 0.01982485
v 2.436646 -0.4345124 0.03001847
v 2.509729 -0.3683931 0.0300175
v 2.434325 -0.4468053 0.04287079
v 2.532152 -0.367985 0.04144835
v 2.436594 -0.4347821 0.05451849
v 2.509564 -0.3684309 0.05451751
v 2.434215 -0.4483769 0.06934121
v 2.53029 -0.3678632 0.06341171
v 2.437799 -0.4405909 0.08754089
v 2.520993 -0.3782159 0.1110144
v 2.455338 -0.4752613 0.1264689
v 2.567843 -0.4075961 0.130406
v 2.496265 -0.4863731 0.1538999
v 2.579065 -0.4224038 0.1332517
v 2.594451 -0.4327598 0.1263549
v 2.503672 -0.5171573 0.1458783
v 2.589128 -0.4659317 0.1506206
v 2.524189 -0.5359674 0.1468661
v 2.544846 -0.5561757 0.1453335
v 2.620411 -0.4576703 0.1269928
v 2.575904 -0.5601276 0.1538451
v 2.633064 -0.4724967 0.1331228
v 2.6481 -0.4821382 0.1304462
v 2.590581 -0.6005005 0.1259117
v 2.682162 -0.5269344 0.1100287
v 2.626199 -0.6146116 0.08840128
v 2.69124 -0.5164241 0.06460971
v 2.618874 -0.6190013 0.06823107
v 2.692329 -0.5377499 0.05442351
v 2.631885 -0.6155881 0.05442448
v 2.691048 -0.5153539 0.04297965
v 2.619802 -0.6188291 0.04158004
v 2.692298 -0.5379111 0.02992337
v 2.631618 -0.6156658 0.02992447
v 2.691302 -0.5172055 0.02102225
v 2.618238 -0.619063 0.01510926
v 2.688953 -0.53284 -0.007263371
v 2.621117 -0.611244 -0.01918666
v 2.661859 -0.4925695 -0.04069049
v 2.579519 -0.5918893 -0.04869095
v 2.625621 -0.4844848 -0.06145161
v 2.571172 -0.5670323 -0.06503347
v 2.621756 -0.4581193 -0.04192768
v 2.544419 -0.5549829 -0.06142428
v 2.521081 -0.5885893 0.03275179
v 2.523754 -0.5906253 0.04542648
v 2.479194 -0.5161445 0.04381944
v 2.483663 -0.5232765 0.02032257
v 2.519351 -0.5869248 0.05824447
v 2.50635 -0.5447791 -0.0018518
v 2.511031 -0.5793457 0.07034446
v 2.508648 -0.5550518 0.00548744
v 2.499975 -0.5670585 0.08454359
v 2.486187 -0.5561707 0.07428171
v 2.522857 -0.5503359 -0.007699678
v 2.476679 -0.5474598 0.06312503
v 2.537377 -0.570143 0.009662854
v 2.470829 -0.5416124 0.05197789
v 2.54392 -0.5792016 0.03622412
v 2.470774 -0.5418743 0.03911211
v 2.561889 -0.5773247 0.04062841
v 2.538579 -0.5754775 0.06362044
v 2.473686 -0.5445797 0.02621426
v 2.516451 -0.5545251 0.08601523
v 2.481866 -0.5523094 0.01411773
v 2.506271 -0.5528548 0.07896043
v 2.494944 -0.5624109 -7.498085E-05
v 2.506839 -0.5753396 0.01017678
v 2.504077 -0.5481122 0.08103371
v 2.516243 -0.5841645 0.02133321
v 2.488468 -0.5312703 0.07122077
v 2.480559 -0.5008559 0.05045713
v 2.484673 -0.5170932 0.05939401
v 2.482079 -0.5131545 0.04381848
v 2.482065 -0.5160521 0.03507007
v 2.503122 -0.5183137 -0.005555632
v 2.539497 -0.5219147 -0.02415158
v 2.518474 -0.5446781 -0.006155021
v 2.535167 -0.5582479 -0.001734568
v 2.544573 -0.5741022 0.02545999
v 2.54847 -0.5763752 0.04062747
v 2.545784 -0.5765728 0.04909371
v 2.542576 -0.5561686 0.08943152
v 2.53712 -0.5197177 0.1085975
v 2.512656 -0.546859 0.08496834
v 2.498369 -0.5384901 0.07662154
v 2.610793 -0.4405956 0.04852411
v 2.614484 -0.4404126 0.03815528
v 2.614165 -0.4405304 0.03679558
v 2.614118 -0.4416507 0.04081246
v 2.614469 -0.4417503 0.04599436
v 2.615521 -0.4414491 0.05016514
v 2.616219 -0.4424329 0.04552468
v 2.612729 -0.4423969 0.03588518
v 2.612637 -0.4386967 0.0462639
v 2.612543 -0.4390237 0.0476261
v 2.611429 -0.439155 0.0436165
v 2.6113 -0.4388152 0.0384328
v 2.611521 -0.4377449 0.03426381
v 2.610492 -0.437124 0.03889319

vn -0.9992931 4.483414E-09 -0.03760985
vn -0.2089366 0.6666707 -0.7154697
vn -0.8159183 0.5773522 -0.03070444
vn 0.3516973 1.115935E-07 -0.9361143
vn -0.2621299 0.6666666 0.6977418
vn 0.942143 0.333331 0.03546744
vn 0.2803218 -1.144297E-07 0.9599065
vn 0.9992929 -4.484003E-09 0.03761479
vn 0.03071558 -0.5773479 -0.8159205
vn -0.4808398 -0.7071069 -0.5184527
vn 0.01851041 -0.8703918 -0.4920119
vn 0.3772043 -0.8320507 0.4067061
vn 0.5594143 -0.8017954 0.2101926
vn 0.8762662 -0.4082509 -0.2559094
vn 0.7154649 -0.6666773 -0.2089309
vn 0.03069445 -0.5773556 -0.8159158
vn -0.3041137 0.8944275 -0.3278953
vn 0.03546103 0.3333332 -0.9421425
vn 0.01023185 0.9622518 -0.2719699
vn 0.2150409 0.9486836 0.2318562
vn 0.5736417 0.8017933 -0.1675219
vn 0.854557 0.4082477 0.3210405
vn -0.4808398 -0.7071069 -0.5184527
vn 0.03546103 0.3333332 -0.9421425
vn -0.3041137 0.8944275 -0.3278953
vn 0.03071558 -0.5773479 -0.8159205
vn 0.854557 0.4082477 0.3210405
vn 0.3772043 -0.8320507 0.4067061
vn 0.2150409 0.9486836 0.2318562
vn 0.8762662 -0.4082509 -0.2559094
vn 0.5736417 0.8017933 -0.1675219
vn 0.8762662 -0.4082509 -0.2559094
vn 0.854557 0.4082477 0.3210405
vn 0.5594143 -0.8017954 0.2101926
vn 0.6977197 0.6666772 0.262163
vn 0.7154649 -0.6666773 -0.2089309
vn 0.03544308 0.3333375 -0.9421417
vn 0.03069445 -0.5773556 -0.8159158
vn 0.01023185 0.9622518 -0.2719699
vn 0.01851041 -0.8703918 -0.4920119
vn 0.03546103 0.3333332 -0.9421425
vn 0.03071558 -0.5773479 -0.8159205
vn 0.3516973 1.115935E-07 -0.9361143
vn 0.942143 0.333331 0.03546744
vn -0.2089366 0.6666707 -0.7154697
vn 0.9992929 -4.484003E-09 0.03761479
vn 0.3622026 0.8694214 -0.336031
vn -0.3914883 0.80729 0.4416108
vn -0.4142076 0.8250891 0.3842662
vn 0.5347046 0.5918326 -0.6031803
vn -0.3104019 0.8559316 0.4135602
vn 0.3494219 0.8131216 -0.4655519
vn -0.277958 0.6745764 0.683876
vn 0.7134861 0.5877875 -0.3813722
vn 0.1549067 0.3836468 0.9103951
vn 0.9706845 0.2204001 0.09589798
vn 0.1024006 0.0182517 0.9945761
vn 0.9946073 -0.02420445 -0.1008554
vn 0.2582023 -1.15167E-07 0.9660913
vn 0.9886417 -1.791662E-08 0.1502957
vn 0.1136389 -0.007086096 0.9934973
vn 0.9935011 0.009636006 -0.1134188
vn 0.2551469 -1.152637E-07 0.9669027
vn 0.9883149 -1.817103E-08 0.15243
vn 0.0952671 -0.03026754 0.9949918
vn 0.9950407 0.03948021 -0.09130425
vn 0.2002082 -0.1855685 0.9620197
vn 0.886597 -0.4617392 0.02727403
vn -0.1715727 -0.6005226 0.7809845
vn 0.5770413 -0.646853 -0.4986033
vn -0.2537467 -0.9075218 0.3346909
vn 0.4513978 -0.6646143 -0.5954228
vn 0.5508338 -0.5837 -0.5965542
vn -0.3946438 -0.813363 0.427432
vn 0.3623288 -0.8694012 -0.335946
vn -0.4141742 -0.8252193 0.3840236
vn -0.4696722 -0.8074117 0.3570652
vn 0.6417687 -0.5916508 -0.4879373
vn -0.3534358 -0.9077842 0.2258585
vn 0.6300818 -0.6640036 -0.4026124
vn 0.5480877 -0.6483256 -0.5284639
vn -0.7969635 -0.5949677 0.1042292
vn 0.04354312 -0.4512267 -0.8913465
vn -0.9405191 -0.1967744 -0.2769563
vn 0.1752885 0.02427915 -0.9842181
vn -0.9840679 -0.01831333 -0.1768503
vn -0.0756628 1.188676E-07 -0.9971339
vn -0.9439716 3.93424E-08 -0.3300283
vn 0.1877607 -0.00948576 -0.9821693
vn -0.9821478 0.006993303 -0.1879835
vn -0.07767618 1.188491E-07 -0.996979
vn -0.9449909 3.899312E-08 -0.3270983
vn 0.1658602 -0.03939834 -0.9853622
vn -0.9850178 0.03017952 -0.1697952
vn -0.026216 0.2345624 -0.9717481
vn -0.9011696 0.3748484 -0.217677
vn 0.4250597 0.5847991 -0.6908947
vn -0.6959733 0.6789346 0.2338154
vn 0.4887156 0.8133417 -0.315648
vn -0.4349849 0.8554934 0.2809267
vn 0.6361685 0.5838841 -0.5043512
vn -0.455968 0.8132676 0.3615097
vn -0.8214917 0.02241982 0.5697805
vn -0.8362787 -0.007788052 0.5482504
vn -0.02761101 -1.191638E-07 0.9996191
vn -0.1283758 0.3473984 0.9288889
vn -0.8195789 -0.04561161 0.5711488
vn -0.417465 0.6614619 0.6230501
vn -0.787919 -0.1032697 0.6070586
vn -0.5865557 0.6000002 0.5440154
vn -0.7201523 -0.2307071 0.6543363
vn -0.672931 -0.1232855 0.7293597
vn -0.5818632 0.7467909 0.3220855
vn -0.6393798 -0.05560626 0.7668783
vn -0.8581815 0.5025833 0.1045736
vn -0.6139151 -0.02574675 0.7889525
vn -0.9919658 0.1264993 -0.001770592
vn -0.62615 0.006721265 0.7796742
vn -0.9756373 2.615357E-08 -0.2193924
vn -0.9370582 -0.3414583 0.07300152
vn -0.6311551 0.04547253 0.7743231
vn -0.6544414 -0.6581254 0.3722616
vn -0.6645867 0.1031021 0.7400644
vn -0.5865557 -0.6000003 0.544016
vn -0.7066392 0.2304639 0.6689905
vn -0.777871 0.1231496 0.6162403
vn -0.479972 -0.6160387 0.6245994
vn -0.8127637 0.05548498 0.5799462
vn -0.238538 -0.4606622 0.8549218
vn 0.1465027 -0.1527722 0.9773426
vn -0.07967784 -0.2579236 0.9628748
vn -0.02758756 -1.191639E-07 0.9996197
vn -0.07853538 0.1738874 0.9816291
vn -0.1412603 0.7050247 0.694972
vn -0.2318604 0.9486836 0.2150364
vn -0.5504526 0.7286059 0.4075977
vn -0.7533921 0.6366594 0.1645175
vn -0.9671247 0.2531228 0.02449466
vn -0.9996201 3.288103E-09 -0.02758285
vn -0.985097 -0.1705682 0.02217567
vn -0.7089289 -0.698319 0.09885044
vn -0.2318605 -0.9486837 0.2150373
vn -0.5003818 -0.66234 0.5576067
vn -0.3586291 -0.5242117 0.7723914
vn 0.6790473 -0.3413022 -0.6499294
vn 0.6044115 -0.1797031 -0.7761406
vn 0.5455198 -0.07902494 -0.8343644
vn 0.5055045 -0.01329452 -0.8627219
vn 0.5134856 0.04463656 -0.856937
vn 0.5603705 0.09683898 -0.822562
vn 0.6177261 0.2150212 -0.7564266
vn 0.6990091 0.3417332 -0.6281767
vn 0.81934 0.1800184 -0.5443128
vn 0.8729996 0.07929842 -0.4812321
vn 0.8982784 0.01349457 -0.4392209
vn 0.893123 -0.04442833 -0.4476143
vn 0.8623738 -0.09665116 -0.4969617
vn 0.8007602 -0.2147025 -0.559184

vt 0.407206 0.398592
vt 0.404419 0.40505
vt 0.407508 0.402234
vt 0.404165 0.401471
vt 0.414278 0.403715
vt 0.411048 0.40645
vt 0.413892 0.400106
vt 0.410713 0.402903
vt 0.422428 0.7967
vt 0.428544 0.79297
vt 0.424615 0.798332
vt 0.438402 0.800971
vt 0.430485 0.802711
vt 0.432417 0.804153
vt 0.429804 0.803083
vt 0.423927 0.79874
vt 0.495212 0.740546
vt 0.501331 0.755364
vt 0.510485 0.75533
vt 0.551792 0.740501
vt 0.536416 0.755234
vt 0.545414 0.755201
vt 0.390652 0.050249
vt 0.367794 0.085038
vt 0.390677 0.085031
vt 0.367769 0.050256
vt 0.39038 0.083992
vt 0.365717 0.051586
vt 0.368588 0.084039
vt 0.389648 0.050157
vt 0.243595 0.615939
vt 0.252708 0.576612
vt 0.252724 0.615928
vt 0.243579 0.576623
vt 0.246876 0.61594
vt 0.24686 0.576624
vt 0.220792 0.615971
vt 0.220777 0.576655
vt 0.217511 0.61597
vt 0.217496 0.576654
vt 0.208382 0.615981
vt 0.208366 0.576664
vt 0.396195 0.808272
vt 0.383453 0.823598
vt 0.397162 0.817421
vt 0.382706 0.814594
vt 0.523987 0.740278
vt 0.537705 0.739276
vt 0.523989 0.739022
vt 0.537521 0.740522
vt 0.551114 0.740039
vt 0.550755 0.741261
vt 0.553825 0.739585
vt 0.553432 0.740808
vt 0.555741 0.737924
vt 0.555324 0.739165
vt 0.556368 0.735494
vt 0.555944 0.736763
vt 0.556133 0.729404
vt 0.555714 0.730748
vt 0.555901 0.723362
vt 0.555486 0.724779
vt 0.55567 0.717367
vt 0.55526 0.718855
vt 0.555441 0.711419
vt 0.555035 0.712977
vt 0.554637 0.708911
vt 0.554243 0.710501
vt 0.552623 0.7069
vt 0.552254 0.708517
vt 0.54992 0.705938
vt 0.549585 0.707571
vt 0.536627 0.706481
vt 0.536795 0.704815
vt 0.523385 0.706053
vt 0.52338 0.704372
vt 0.509888 0.704627
vt 0.51007 0.706305
vt 0.496539 0.705577
vt 0.496894 0.707234
vt 0.494185 0.708157
vt 0.493795 0.706514
vt 0.492207 0.710143
vt 0.491791 0.708527
vt 0.491478 0.712645
vt 0.491052 0.71106
vt 0.491458 0.718604
vt 0.49103 0.717092
vt 0.491438 0.724609
vt 0.491008 0.723171
vt 0.491417 0.730662
vt 0.490986 0.729298
vt 0.491397 0.736762
vt 0.490963 0.735474
vt 0.492122 0.739198
vt 0.491697 0.73794
vt 0.494132 0.74086
vt 0.493733 0.739621
vt 0.496899 0.741313
vt 0.496537 0.740077
vt 0.510372 0.740543
vt 0.51019 0.739291
vt 0.511283 0.724053
vt 0.510576 0.7189
vt 0.515456 0.719402
vt 0.516632 0.716352
vt 0.512466 0.714049
vt 0.519195 0.714085
vt 0.516552 0.710453
vt 0.522633 0.71304
vt 0.522018 0.708802
vt 0.527792 0.709407
vt 0.526271 0.713418
vt 0.532758 0.712142
vt 0.529397 0.715143
vt 0.535948 0.716483
vt 0.5314 0.717879
vt 0.536731 0.721591
vt 0.531883 0.721092
vt 0.530741 0.724152
vt 0.534929 0.726468
vt 0.528192 0.72645
vt 0.530877 0.73014
vt 0.524736 0.727522
vt 0.525365 0.73186
vt 0.5195 0.731266
vt 0.521062 0.727148
vt 0.514467 0.728475
vt 0.517909 0.725401
vt 0.515908 0.722633
vt 0.515941 0.723754
vt 0.515493 0.720553
vt 0.516657 0.717532
vt 0.519194 0.715284
vt 0.522598 0.714249
vt 0.526199 0.714622
vt 0.529293 0.71633
vt 0.531276 0.71904
vt 0.531754 0.722223
vt 0.530624 0.725255
vt 0.5281 0.727532
vt 0.524679 0.728594
vt 0.521042 0.728225
vt 0.517921 0.726495
vt 0.525344 0.733221
vt 0.530782 0.731521
vt 0.534781 0.727893
vt 0.536558 0.723077
vt 0.535787 0.718032
vt 0.532639 0.713745
vt 0.52774 0.711045
vt 0.522042 0.71045
vt 0.516649 0.712082
vt 0.512617 0.715636
vt 0.510754 0.720428
vt 0.511451 0.725516
vt 0.514593 0.729882
vt 0.519558 0.732637
f 1621/1621/1621 1620/1620/1620 1622/1622/1622
f 1623/1623/1623 1620/1620/1620 1621/1621/1621
f 1624/1624/1624 1621/1621/1621 1622/1622/1622
f 1620/1620/1620 1624/1624/1624 1622/1622/1622
f 1625/1625/1625 1621/1621/1621 1624/1624/1624
f 1626/1626/1626 1625/1625/1625 1624/1624/1624
f 1626/1626/1626 1624/1624/1624 1620/1620/1620
f 1627/1627/1627 1625/1625/1625 1626/1626/1626
f 1629/1629/1629 1628/1628/1628 1630/1630/1630
f 1630/1630/1630 1631/1631/1631 1629/1629/1629
f 1632/1632/1632 1631/1631/1631 1630/1630/1630
f 1633/1633/1633 1631/1631/1631 1632/1632/1632
f 1630/1630/1630 1634/1634/1634 1632/1632/1632
f 1635/1635/1635 1634/1634/1634 1630/1630/1630
f 1637/1637/1637 1636/1636/1636 1638/1638/1638
f 1639/1639/1639 1638/1638/1638 1636/1636/1636
f 1640/1640/1640 1638/1638/1638 1639/1639/1639
f 1639/1639/1639 1641/1641/1641 1640/1640/1640
f 1643/1643/1643 1642/1642/1642 1644/1644/1644
f 1645/1645/1645 1642/1642/1642 1643/1643/1643
f 1647/1647/1647 1646/1646/1646 1648/1648/1648
f 1649/1649/1649 1646/1646/1646 1647/1647/1647
f 1651/1651/1651 1650/1650/1650 1652/1652/1652
f 1653/1653/1653 1650/1650/1650 1651/1651/1651
f 1653/1653/1653 1654/1654/1654 1650/1650/1650
f 1655/1655/1655 1654/1654/1654 1653/1653/1653
f 1654/1654/1654 1655/1655/1655 1656/1656/1656
f 1656/1656/1656 1655/1655/1655 1657/1657/1657
f 1654/1654/1654 1658/1658/1658 1650/1650/1650
f 1656/1656/1656 1658/1658/1658 1654/1654/1654
f 1656/1656/1656 1659/1659/1659 1658/1658/1658
f 1657/1657/1657 1659/1659/1659 1656/1656/1656
f 1659/1659/1659 1660/1660/1660 1658/1658/1658
f 1661/1661/1661 1660/1660/1660 1659/1659/1659
f 1663/1663/1663 1662/1662/1662 1664/1664/1664
f 1665/1665/1665 1662/1662/1662 1663/1663/1663
f 1667/1667/1667 1666/1666/1666 1668/1668/1668
f 1669/1669/1669 1666/1666/1666 1667/1667/1667
f 1670/1670/1670 1669/1669/1669 1667/1667/1667
f 1671/1671/1671 1669/1669/1669 1670/1670/1670
f 1672/1672/1672 1671/1671/1671 1670/1670/1670
f 1673/1673/1673 1671/1671/1671 1672/1672/1672
f 1674/1674/1674 1673/1673/1673 1672/1672/1672
f 1675/1675/1675 1673/1673/1673 1674/1674/1674
f 1676/1676/1676 1675/1675/1675 1674/1674/1674
f 1677/1677/1677 1675/1675/1675 1676/1676/1676
f 1678/1678/1678 1677/1677/1677 1676/1676/1676
f 1679/1679/1679 1677/1677/1677 1678/1678/1678
f 1680/1680/1680 1679/1679/1679 1678/1678/1678
f 1681/1681/1681 1679/1679/1679 1680/1680/1680
f 1682/1682/1682 1681/1681/1681 1680/1680/1680
f 1683/1683/1683 1681/1681/1681 1682/1682/1682
f 1684/1684/1684 1683/1683/1683 1682/1682/1682
f 1685/1685/1685 1683/1683/1683 1684/1684/1684
f 1686/1686/1686 1685/1685/1685 1684/1684/1684
f 1687/1687/1687 1685/1685/1685 1686/1686/1686
f 1688/1688/1688 1687/1687/1687 1686/1686/1686
f 1689/1689/1689 1687/1687/1687 1688/1688/1688
f 1690/1690/1690 1689/1689/1689 1688/1688/1688
f 1691/1691/1691 1689/1689/1689 1690/1690/1690
f 1691/1691/1691 1690/1690/1690 1692/1692/1692
f 1692/1692/1692 1690/1690/1690 1693/1693/1693
f 1692/1692/1692 1693/1693/1693 1694/1694/1694
f 1694/1694/1694 1693/1693/1693 1695/1695/1695
f 1696/1696/1696 1694/1694/1694 1695/1695/1695
f 1697/1697/1697 1694/1694/1694 1696/1696/1696
f 1698/1698/1698 1697/1697/1697 1696/1696/1696
f 1699/1699/1699 1697/1697/1697 1698/1698/1698
f 1699/1699/1699 1698/1698/1698 1700/1700/1700
f 1700/1700/1700 1698/1698/1698 1701/1701/1701
f 1700/1700/1700 1701/1701/1701 1702/1702/1702
f 1702/1702/1702 1701/1701/1701 1703/1703/1703
f 1702/1702/1702 1703/1703/1703 1704/1704/1704
f 1704/1704/1704 1703/1703/1703 1705/1705/1705
f 1704/1704/1704 1705/1705/1705 1706/1706/1706
f 1706/1706/1706 1705/1705/1705 1707/1707/1707
f 1707/1707/1707 1708/1708/1708 1706/1706/1706
f 1709/1709/1709 1708/1708/1708 1707/1707/1707
f 1709/1709/1709 1710/1710/1710 1708/1708/1708
f 1711/1711/1711 1710/1710/1710 1709/1709/1709
f 1710/1710/1710 1711/1711/1711 1712/1712/1712
f 1712/1712/1712 1711/1711/1711 1713/1713/1713
f 1712/1712/1712 1713/1713/1713 1714/1714/1714
f 1714/1714/1714 1713/1713/1713 1715/1715/1715
f 1714/1714/1714 1715/1715/1715 1716/1716/1716
f 1716/1716/1716 1715/1715/1715 1717/1717/1717
f 1716/1716/1716 1717/1717/1717 1718/1718/1718
f 1718/1718/1718 1717/1717/1717 1719/1719/1719
f 1718/1718/1718 1719/1719/1719 1720/1720/1720
f 1720/1720/1720 1719/1719/1719 1721/1721/1721
f 1720/1720/1720 1721/1721/1721 1666/1666/1666
f 1666/1666/1666 1721/1721/1721 1668/1668/1668
f 1709/1709/1709 1722/1722/1722 1711/1711/1711
f 1722/1722/1722 1713/1713/1713 1711/1711/1711
f 1723/1723/1723 1722/1722/1722 1709/1709/1709
f 1723/1723/1723 1724/1724/1724 1722/1722/1722
f 1723/1723/1723 1725/1725/1725 1724/1724/1724
f 1726/1726/1726 1725/1725/1725 1723/1723/1723
f 1726/1726/1726 1727/1727/1727 1725/1725/1725
f 1728/1728/1728 1727/1727/1727 1726/1726/1726
f 1728/1728/1728 1729/1729/1729 1727/1727/1727
f 1730/1730/1730 1729/1729/1729 1728/1728/1728
f 1730/1730/1730 1731/1731/1731 1729/1729/1729
f 1729/1729/1729 1731/1731/1731 1732/1732/1732
f 1731/1731/1731 1733/1733/1733 1732/1732/1732
f 1732/1732/1732 1733/1733/1733 1734/1734/1734
f 1733/1733/1733 1735/1735/1735 1734/1734/1734
f 1734/1734/1734 1735/1735/1735 1736/1736/1736
f 1735/1735/1735 1737/1737/1737 1736/1736/1736
f 1736/1736/1736 1737/1737/1737 1738/1738/1738
f 1738/1738/1738 1737/1737/1737 1739/1739/1739
f 1739/1739/1739 1737/1737/1737 1740/1740/1740
f 1739/1739/1739 1740/1740/1740 1741/1741/1741
f 1741/1741/1741 1740/1740/1740 1742/1742/1742
f 1741/1741/1741 1742/1742/1742 1743/1743/1743
f 1743/1743/1743 1742/1742/1742 1744/1744/1744
f 1745/1745/1745 1743/1743/1743 1744/1744/1744
f 1746/1746/1746 1743/1743/1743 1745/1745/1745
f 1747/1747/1747 1746/1746/1746 1745/1745/1745
f 1748/1748/1748 1746/1746/1746 1747/1747/1747
f 1722/1722/1722 1748/1748/1748 1747/1747/1747
f 1749/1749/1749 1748/1748/1748 1722/1722/1722
f 1722/1722/1722 1724/1724/1724 1749/1749/1749
f 1744/1744/1744 1742/1742/1742 1667/1667/1667
f 1668/1668/1668 1744/1744/1744 1667/1667/1667
f 1667/1667/1667 1742/1742/1742 1670/1670/1670
f 1672/1672/1672 1670/1670/1670 1742/1742/1742
f 1742/1742/1742 1740/1740/1740 1672/1672/1672
f 1672/1672/1672 1740/1740/1740 1674/1674/1674
f 1722/1722/1722 1747/1747/1747 1713/1713/1713
f 1713/1713/1713 1747/1747/1747 1715/1715/1715
f 1717/1717/1717 1715/1715/1715 1747/1747/1747
f 1747/1747/1747 1745/1745/1745 1717/1717/1717
f 1717/1717/1717 1745/1745/1745 1719/1719/1719
f 1719/1719/1719 1745/1745/1745 1721/1721/1721
f 1721/1721/1721 1744/1744/1744 1668/1668/1668
f 1745/1745/1745 1744/1744/1744 1721/1721/1721
f 1750/1750/1750 1748/1748/1748 1749/1749/1749
f 1751/1751/1751 1749/1749/1749 1724/1724/1724
f 1750/1750/1750 1749/1749/1749 1751/1751/1751
f 1751/1751/1751 1724/1724/1724 1752/1752/1752
f 1752/1752/1752 1724/1724/1724 1725/1725/1725
f 1752/1752/1752 1725/1725/1725 1753/1753/1753
f 1753/1753/1753 1725/1725/1725 1727/1727/1727
f 1727/1727/1727 1754/1754/1754 1753/1753/1753
f 1729/1729/1729 1754/1754/1754 1727/1727/1727
f 1729/1729/1729 1755/1755/1755 1754/1754/1754
f 1753/1753/1753 1754/1754/1754 1755/1755/1755
f 1755/1755/1755 1752/1752/1752 1753/1753/1753
f 1732/1732/1732 1755/1755/1755 1729/1729/1729
f 1755/1755/1755 1732/1732/1732 1756/1756/1756
f 1756/1756/1756 1751/1751/1751 1752/1752/1752
f 1756/1756/1756 1752/1752/1752 1755/1755/1755
f 1756/1756/1756 1732/1732/1732 1734/1734/1734
f 1756/1756/1756 1734/1734/1734 1757/1757/1757
f 1757/1757/1757 1750/1750/1750 1751/1751/1751
f 1757/1757/1757 1751/1751/1751 1756/1756/1756
f 1757/1757/1757 1734/1734/1734 1736/1736/1736
f 1757/1757/1757 1736/1736/1736 1758/1758/1758
f 1758/1758/1758 1750/1750/1750 1757/1757/1757
f 1758/1758/1758 1736/1736/1736 1738/1738/1738
f 1758/1758/1758 1738/1738/1738 1759/1759/1759
f 1759/1759/1759 1738/1738/1738 1739/1739/1739
f 1759/1759/1759 1739/1739/1739 1760/1760/1760
f 1760/1760/1760 1739/1739/1739 1741/1741/1741
f 1760/1760/1760 1741/1741/1741 1761/1761/1761
f 1761/1761/1761 1741/1741/1741 1743/1743/1743
f 1761/1761/1761 1743/1743/1743 1762/1762/1762
f 1761/1761/1761 1762/1762/1762 1760/1760/1760
f 1760/1760/1760 1762/1762/1762 1759/1759/1759
f 1762/1762/1762 1743/1743/1743 1746/1746/1746
f 1762/1762/1762 1746/1746/1746 1763/1763/1763
f 1759/1759/1759 1762/1762/1762 1763/1763/1763
f 1759/1759/1759 1763/1763/1763 1758/1758/1758
f 1763/1763/1763 1746/1746/1746 1748/1748/1748
f 1763/1763/1763 1748/1748/1748 1750/1750/1750
f 1758/1758/1758 1763/1763/1763 1750/1750/1750
f 1666/1666/1666 1669/1669/1669 1764/1764/1764
f 1764/1764/1764 1669/1669/1669 1765/1765/1765
f 1765/1765/1765 1669/1669/1669 1671/1671/1671
f 1673/1673/1673 1765/1765/1765 1671/1671/1671
f 1765/1765/1765 1673/1673/1673 1766/1766/1766
f 1766/1766/1766 1673/1673/1673 1675/1675/1675
f 1677/1677/1677 1766/1766/1766 1675/1675/1675
f 1766/1766/1766 1677/1677/1677 1767/1767/1767
f 1767/1767/1767 1677/1677/1677 1679/1679/1679
f 1767/1767/1767 1679/1679/1679 1681/1681/1681
f 1767/1767/1767 1681/1681/1681 1768/1768/1768
f 1768/1768/1768 1681/1681/1681 1683/1683/1683
f 1768/1768/1768 1683/1683/1683 1685/1685/1685
f 1768/1768/1768 1685/1685/1685 1769/1769/1769
f 1769/1769/1769 1685/1685/1685 1687/1687/1687
f 1769/1769/1769 1687/1687/1687 1689/1689/1689
f 1769/1769/1769 1689/1689/1689 1770/1770/1770
f 1770/1770/1770 1689/1689/1689 1691/1691/1691
f 1770/1770/1770 1691/1691/1691 1692/1692/1692
f 1770/1770/1770 1692/1692/1692 1771/1771/1771
f 1771/1771/1771 1692/1692/1692 1694/1694/1694
f 1771/1771/1771 1694/1694/1694 1697/1697/1697
f 1771/1771/1771 1697/1697/1697 1772/1772/1772
f 1772/1772/1772 1697/1697/1697 1699/1699/1699
f 1772/1772/1772 1699/1699/1699 1700/1700/1700
f 1772/1772/1772 1700/1700/1700 1773/1773/1773
f 1773/1773/1773 1700/1700/1700 1702/1702/1702
f 1773/1773/1773 1702/1702/1702 1704/1704/1704
f 1773/1773/1773 1704/1704/1704 1774/1774/1774
f 1774/1774/1774 1704/1704/1704 1706/1706/1706
f 1774/1774/1774 1706/1706/1706 1708/1708/1708
f 1774/1774/1774 1708/1708/1708 1775/1775/1775
f 1775/1775/1775 1708/1708/1708 1710/1710/1710
f 1712/1712/1712 1775/1775/1775 1710/1710/1710
f 1775/1775/1775 1712/1712/1712 1776/1776/1776
f 1776/1776/1776 1712/1712/1712 1714/1714/1714
f 1716/1716/1716 1776/1776/1776 1714/1714/1714
f 1776/1776/1776 1716/1716/1716 1777/1777/1777
f 1777/1777/1777 1716/1716/1716 1718/1718/1718
f 1777/1777/1777 1718/1718/1718 1720/1720/1720
f 1777/1777/1777 1720/1720/1720 1764/1764/1764
f 1764/1764/1764 1720/1720/1720 1666/1666/1666
f 1676/1676/1676 1674/1674/1674 1740/1740/1740
f 1740/1740/1740 1737/1737/1737 1676/1676/1676
f 1676/1676/1676 1737/1737/1737 1678/1678/1678
f 1678/1678/1678 1737/1737/1737 1680/1680/1680
f 1737/1737/1737 1735/1735/1735 1680/1680/1680
f 1680/1680/1680 1735/1735/1735 1682/1682/1682
f 1682/1682/1682 1735/1735/1735 1684/1684/1684
f 1735/1735/1735 1733/1733/1733 1684/1684/1684
f 1684/1684/1684 1733/1733/1733 1686/1686/1686
f 1686/1686/1686 1733/1733/1733 1688/1688/1688
f 1733/1733/1733 1731/1731/1731 1688/1688/1688
f 1688/1688/1688 1731/1731/1731 1690/1690/1690
f 1690/1690/1690 1731/1731/1731 1693/1693/1693
f 1731/1731/1731 1730/1730/1730 1693/1693/1693
f 1693/1693/1693 1730/1730/1730 1695/1695/1695
f 1695/1695/1695 1730/1730/1730 1696/1696/1696
f 1730/1730/1730 1728/1728/1728 1696/1696/1696
f 1696/1696/1696 1728/1728/1728 1698/1698/1698
f 1698/1698/1698 1728/1728/1728 1701/1701/1701
f 1728/1728/1728 1726/1726/1726 1701/1701/1701
f 1701/1701/1701 1726/1726/1726 1703/1703/1703
f 1703/1703/1703 1726/1726/1726 1705/1705/1705
f 1726/1726/1726 1723/1723/1723 1705/1705/1705
f 1705/1705/1705 1723/1723/1723 1707/1707/1707
f 1707/1707/1707 1723/1723/1723 1709/1709/1709
v 2.892808 -0.2854428 0.0474342
v 2.893696 -0.3139872 0.04239212
v 2.915375 -0.339927 0.02585563
v 2.889334 -0.2865198 0.04201721
v 2.902956 -0.2603709 0.01492677
v 2.90361 -0.2408977 0.02785835
v 2.896007 -0.3342573 0.04239212
v 2.881731 -0.2865198 0.04201721
v 2.883528 -0.3138583 0.03665362
v 2.878258 -0.2854428 0.0474342
v 2.886093 -0.2602158 0.0339974
v 2.897114 -0.2526312 0.00434611
v 2.915647 -0.2683033 -0.008163066
v 2.915647 -0.2320175 0.01954016
v 2.915647 -0.343643 0.0341917
v 2.917704 -0.2214417 0.0500382
v 2.917704 -0.3481499 0.0500382
v 2.917704 -0.2214417 0.05133019
v 2.917704 -0.3481499 0.05133019
v 2.915647 -0.2259486 0.06717668
v 2.915647 -0.3375742 0.08182821
v 2.915375 -0.2296646 0.07551274
v 2.915647 -0.3012883 0.1095315
v 2.892808 -0.2841498 0.0539342
v 2.893696 -0.2556044 0.05897616
v 2.889334 -0.2830718 0.05935012
v 2.896007 -0.2353343 0.05897616
v 2.881731 -0.2830718 0.05935012
v 2.90361 -0.3286939 0.07351004
v 2.886093 -0.3093758 0.06737088
v 2.878258 -0.2841498 0.05393421
v 2.897114 -0.3169605 0.09702228
v 2.883528 -0.2557333 0.06471466
v 2.902956 -0.3092207 0.0864415
v 2.901097 -0.2320175 0.08182822
v 2.903154 -0.2214417 0.05133019
v 2.903154 -0.2214417 0.0500382
v 2.901097 -0.2259486 0.03419171
v 2.901097 -0.2536518 -0.002094174
v 2.877494 -0.2841498 0.0474342
v 2.877494 -0.2854428 0.0474342
v 2.877494 -0.2866368 0.04792916
v 2.877494 -0.2875508 0.04884325
v 2.901097 -0.3375742 0.01954017
v 2.903154 -0.3481499 0.0500382
v 2.903154 -0.3481499 0.05133019
v 2.901097 -0.343643 0.06717668
v 2.901097 -0.3159398 0.1034626
v 2.877494 -0.2854418 0.05393421
v 2.877494 -0.2841498 0.05393421
v 2.877494 -0.2829548 0.05343925
v 2.877494 -0.2820408 0.05252515
v 2.877494 -0.2815458 0.0513302
v 2.877494 -0.2815458 0.05003821
v 2.877494 -0.2820408 0.04884325
v 2.877494 -0.2829548 0.04792916
v 2.877494 -0.2866368 0.05343925
v 2.877494 -0.2875508 0.05252515
v 2.877494 -0.2880458 0.0513302
v 2.877494 -0.2880458 0.05003821
v 2.807703 -0.3410642 0.08416023
v 2.822715 -0.3628871 0.05215014
v 2.801864 -0.2264288 0.0521492
v 2.80976 -0.3522669 0.04921927
v 2.80976 -0.2173247 0.04921819
v 2.807216 -0.3462133 0.03050007
v 2.807704 -0.2285244 0.01721204
v 2.795392 -0.3224601 0.02149452
v 2.807703 -0.2659713 -0.01165306
v 2.784864 -0.2862618 0.04331722
v 2.813197 -0.2271912 0.01508893
v 2.807218 -0.2233773 0.07086553
v 2.807703 -0.3036203 0.1130214
v 2.795393 -0.2471275 0.07987013
v 2.801713 -0.3311682 0.08066335
v 2.784864 -0.2833308 0.05805125
v 2.786515 -0.2876408 0.01971235
v 2.80976 -0.3494269 0.03731419
v 2.813197 -0.2573975 -0.02006649
v 2.786515 -0.2819508 0.08165613
v 2.80976 -0.2201647 0.06405415
v 2.813198 -0.3121941 0.1214348
v 2.837162 -0.2819508 0.1410126
v 2.875175 -0.3598871 0.1027814
v 2.799149 -0.2422557 0.06405415
v 2.837162 -0.2876408 -0.03964413
v 2.875175 -0.2097045 -0.001413003
v 2.799149 -0.327336 0.03731419
v 2.875175 -0.323747 0.1339725
v 2.875175 -0.1995165 0.08071958
v 2.875175 -0.2458447 -0.03260412
v 2.875175 -0.3700738 0.02064406
v 2.875175 -0.3616117 -0.0008691104
v 2.875175 -0.2376535 -0.028901
v 2.875175 -0.1963085 0.02503573
v 2.875175 -0.1924288 0.04921817
v 2.875175 -0.1924288 0.05214917
v 2.875175 -0.2079746 0.1022282
v 2.875175 -0.3771628 0.04921924
v 2.875175 -0.3771628 0.05215012
v 2.875175 -0.3732816 0.07633876
v 2.875175 -0.331932 0.130272
v 2.935195 -0.342916 0.1163383
v 2.914782 -0.2801286 0.1280759
v 2.989792 -0.2463735 0.1295009
v 2.935196 -0.3133641 0.1335836
v 3.023112 -0.3448712 0.07983059
v 3.023113 -0.2348726 0.09502417
v 3.023114 -0.3514495 0.05463737
v 3.023112 -0.2217063 0.07255155
v 3.023113 -0.3478873 0.02882188
v 3.023115 -0.2181426 0.04673797
v 3.023114 -0.3347158 0.006340913
v 3.023113 -0.2247264 0.02152746
v 2.989791 -0.3232038 -0.02813995
v 2.935196 -0.2266743 -0.01496843
v 2.914782 -0.289463 -0.02670768
v 2.935196 -0.2562226 -0.03221337
v 2.950669 -0.3435382 -0.009321732
v 2.947619 -0.3087923 -0.03117447
v 2.946175 -0.2817943 -0.03521018
v 2.947964 -0.2613568 -0.03117608
v 2.950672 -0.2247975 -0.008062763
v 2.947622 -0.2029399 0.02668317
v 2.946176 -0.1989018 0.053691
v 2.947964 -0.2029342 0.07411894
v 2.947963 -0.3666582 0.02725085
v 2.946175 -0.3706902 0.04768261
v 2.947619 -0.3666545 0.07468066
v 2.95067 -0.3448017 0.1094266
v 2.947963 -0.3082291 0.1325465
v 2.946175 -0.2877973 0.1365786
v 2.947622 -0.2607948 0.1325401
v 2.950673 -0.2260489 0.1106826
v 2.984231 -0.3168205 0.00982911
v 2.947619 -0.3087923 -0.03117447
v 2.983252 -0.2996263 -0.0009271444
v 2.950669 -0.3435382 -0.009321732
v 2.946175 -0.2817943 -0.03521018
v 2.982591 -0.2855363 -0.00425213
v 2.947964 -0.2613568 -0.03117608
v 2.983718 -0.2713933 -0.0004109683
v 2.950672 -0.2247975 -0.008062763
v 2.984232 -0.243944 0.01866037
v 2.947622 -0.2029399 0.02668317
v 2.983253 -0.2331845 0.0358537
v 2.946176 -0.1989018 0.053691
v 2.982591 -0.2298595 0.04994364
v 2.947964 -0.2029342 0.07411894
v 2.983718 -0.2337007 0.06408675
v 2.950673 -0.2260489 0.1106826
v 2.984232 -0.252772 0.09153588
v 2.947622 -0.2607948 0.1325401
v 2.983253 -0.2699653 0.1022955
v 2.946175 -0.2877973 0.1365786
v 2.982591 -0.2840552 0.1056205
v 2.947963 -0.3082291 0.1325465
v 2.983717 -0.2981986 0.1017805
v 2.95067 -0.3448017 0.1094266
v 2.984231 -0.3256508 0.08270891
v 2.947619 -0.3666545 0.07468066
v 2.983253 -0.3364071 0.06551464
v 2.946175 -0.3706902 0.04768261
v 2.982591 -0.3397321 0.05142481
v 2.947963 -0.3666582 0.02725085
v 2.983717 -0.3358921 0.03728135
v 2.952718 -0.3873475 0.003410893
v 2.952718 -0.3614514 -0.03223424
v 2.952756 -0.397657 0.04716285
v 2.952868 -0.3908978 0.08891639
v 2.952718 -0.3677141 0.1273399
v 2.952719 -0.332069 0.153236
v 2.952756 -0.2883172 0.1635455
v 2.952868 -0.2465636 0.1567862
v 2.952718 -0.2081402 0.1336025
v 2.952719 -0.1822444 0.09795794
v 2.952756 -0.1719345 0.05420526
v 2.952868 -0.1786938 0.01245197
v 2.952718 -0.2018774 -0.02597146
v 2.952718 -0.2375226 -0.05186753
v 2.952755 -0.2812744 -0.06217711
v 2.952868 -0.323028 -0.05541782
v 2.789749 -0.3287999 -0.04524182
v 2.787825 -0.2729682 0.05712631
v 2.789749 -0.3621581 -0.02110146
v 2.787825 -0.2763324 0.06116094
v 2.789749 -0.2887408 -0.05477982
v 2.787825 -0.2809872 0.06360223
v 2.789749 -0.2480801 -0.04826098
v 2.787824 -0.2862202 0.06407478
v 2.789749 -0.2130101 -0.02667813
v 2.787824 -0.2912372 0.06251051
v 2.789749 -0.1888698 0.006680147
v 2.787825 -0.2952727 0.05914702
v 2.789749 -0.1793318 0.046739
v 2.787825 -0.2977139 0.05449285
v 2.789749 -0.1858509 0.08740129
v 2.787824 -0.298186 0.04925897
v 2.789749 -0.2074338 0.1224705
v 2.787825 -0.2966235 0.04424205
v 2.789749 -0.2407917 0.1466102
v 2.787825 -0.2932592 0.04020741
v 2.789749 -0.2808509 0.1561483
v 2.787825 -0.2886044 0.03776612
v 2.789749 -0.3215115 0.1496295
v 2.787824 -0.2833714 0.03729358
v 2.789749 -0.3565815 0.1280467
v 2.787824 -0.2783544 0.03885784
v 2.789749 -0.3807218 0.09468833
v 2.787825 -0.2743189 0.04222145
v 2.789749 -0.3902598 0.05462923
v 2.787825 -0.2718778 0.04687562
v 2.789749 -0.383741 0.01396849
v 2.787824 -0.2714056 0.05210938
v 2.812631 -0.2727811 0.05978443
v 2.812633 -0.2771749 0.06368805
v 2.812632 -0.2702132 0.05449249
v 2.812632 -0.2698659 0.04862155
v 2.812632 -0.2717921 0.04306425
v 2.843142 -0.2663182 0.01968777
v 2.82432 -0.28029 0.02557827
v 2.812632 -0.2868585 0.03575433
v 2.812633 -0.2924167 0.0376804
v 2.812631 -0.2968106 0.04158391
v 2.812632 -0.2993785 0.04687596
v 2.812632 -0.2997257 0.05274691
v 2.812632 -0.2977996 0.05830421
v 2.843142 -0.3032734 0.08168054
v 2.82432 -0.2893016 0.07579018
v 2.812633 -0.2827331 0.06561412
v 2.812632 -0.2717921 0.04306425
v 2.82432 -0.28029 0.02557827
v 2.843142 -0.2663182 0.01968777
v 2.812632 -0.2868585 0.03575433
v 2.812632 -0.2698659 0.04862155
v 2.812633 -0.2924167 0.0376804
v 2.812632 -0.2702132 0.05449249
v 2.812631 -0.2968106 0.04158391
v 2.812631 -0.2727811 0.05978443
v 2.812632 -0.2993785 0.04687596
v 2.812633 -0.2771749 0.06368805
v 2.812632 -0.2997257 0.05274691
v 2.812633 -0.2827331 0.06561412
v 2.812632 -0.2977996 0.05830421
v 2.82432 -0.2893016 0.07579018
v 2.843142 -0.3032734 0.08168054
v 2.952718 -0.3614514 -0.03223424
v 2.789749 -0.3287999 -0.04524182
v 2.789749 -0.3621581 -0.02110146
v 2.952868 -0.323028 -0.05541782
v 2.789749 -0.2887408 -0.05477982
v 2.952755 -0.2812744 -0.06217711
v 2.789749 -0.2480801 -0.04826098
v 2.952718 -0.2375226 -0.05186753
v 2.789749 -0.2130101 -0.02667813
v 2.952718 -0.2018774 -0.02597146
v 2.789749 -0.1888698 0.006680147
v 2.952868 -0.1786938 0.01245197
v 2.789749 -0.1793318 0.046739
v 2.952756 -0.1719345 0.05420526
v 2.789749 -0.1858509 0.08740129
v 2.952719 -0.1822444 0.09795794
v 2.789749 -0.2074338 0.1224705
v 2.952718 -0.2081402 0.1336025
v 2.789749 -0.2407917 0.1466102
v 2.952868 -0.2465636 0.1567862
v 2.789749 -0.2808509 0.1561483
v 2.952756 -0.2883172 0.1635455
v 2.789749 -0.3215115 0.1496295
v 2.952719 -0.332069 0.153236
v 2.789749 -0.3565815 0.1280467
v 2.952718 -0.3677141 0.1273399
v 2.789749 -0.3807218 0.09468833
v 2.952868 -0.3908978 0.08891639
v 2.789749 -0.3902598 0.05462923
v 2.952756 -0.397657 0.04716285
v 2.789749 -0.383741 0.01396849
v 2.952718 -0.3873475 0.003410893

vn -8.74228E-08 -1.192093E-07 1
vn -0.3162281 -1.130919E-07 0.9486836
vn -0.6269435 0.2596883 0.7345096
vn -8.74228E-08 -1.192093E-07 1
vn 0.2797516 0.3824391 0.8806132
vn 0.5286486 0.1679975 0.8320506
vn -0.5547007 -9.918814E-08 0.8320506
vn -8.74228E-08 -1.192093E-07 1
vn -0.320253 0.132653 0.9379989
vn -8.74228E-08 -1.192093E-07 1
vn 0.301376 0.09577328 0.9486836
vn 0.3708076 0.5069186 0.7781617
vn 0.1723707 0.6599085 0.7313066
vn 0.5885104 0.3447413 0.7313067
vn -0.6599089 0.1723706 0.7313067
vn 0.7071071 -8.429368E-08 0.7071071
vn -0.7071072 -8.429371E-08 0.7071069
vn 0.7071071 -8.429368E-08 0.7071071
vn -0.7071072 -8.429371E-08 0.7071069
vn 0.6599088 -0.1723708 0.731307
vn -0.5885105 -0.3447415 0.731307
vn 0.6269434 -0.2596885 0.7345099
vn -0.1723708 -0.6599087 0.7313071
vn -8.74228E-08 -1.192093E-07 1
vn 0.3162279 -1.130919E-07 0.9486837
vn -8.74228E-08 -1.192093E-07 1
vn 0.5547005 -9.918812E-08 0.8320507
vn -8.74228E-08 -1.192093E-07 1
vn -0.5286488 -0.1679977 0.8320507
vn -0.3013762 -0.09577351 0.9486837
vn -8.74228E-08 -1.192093E-07 1
vn -0.3708077 -0.5069188 0.7781621
vn 0.3202529 -0.1326532 0.9379991
vn -0.2797517 -0.3824393 0.8806135
vn 0.5885104 -0.3447415 0.7313071
vn 0.7071071 -8.429368E-08 0.7071071
vn 0.7071071 -8.429368E-08 0.7071071
vn 0.6599088 0.1723706 0.7313069
vn 0.3447414 0.5885102 0.7313066
vn -8.74228E-08 -1.192093E-07 1
vn -8.74228E-08 -1.192093E-07 1
vn -8.74228E-08 -1.192093E-07 1
vn -8.74228E-08 -1.192093E-07 1
vn -0.5885105 0.3447413 0.7313067
vn -0.7071072 -8.429371E-08 0.7071069
vn -0.7071072 -8.429371E-08 0.7071069
vn -0.6599089 -0.1723708 0.7313069
vn -0.3447415 -0.5885104 0.7313071
vn -8.74228E-08 -1.192093E-07 1
vn -8.74228E-08 -1.192093E-07 1
vn -8.74228E-08 -1.192093E-07 1
vn -8.74228E-08 -1.192093E-07 1
vn -8.74228E-08 -1.192093E-07 1
vn -8.74228E-08 -1.192093E-07 1
vn -8.74228E-08 -1.192093E-07 1
vn -8.74228E-08 -1.192093E-07 1
vn -8.74228E-08 -1.192093E-07 1
vn -8.74228E-08 -1.192093E-07 1
vn -8.74228E-08 -1.192093E-07 1
vn -8.74228E-08 -1.192093E-07 1
vn -0.5885105 -0.3447415 0.731307
vn -0.8320509 -6.612544E-08 0.5547004
vn 0.6000003 -9.536743E-08 0.8000004
vn -0.7071072 -8.429371E-08 0.7071069
vn 0.7071071 -8.429368E-08 0.7071071
vn -0.6490766 0.1883662 0.7370335
vn 0.588546 0.3446962 0.7312993
vn -0.4002158 0.2687027 0.8761432
vn 0.1723707 0.6599085 0.7313066
vn -8.74228E-08 -1.192093E-07 1
vn 0.666667 0.3333334 0.6666668
vn 0.6491007 -0.1883332 0.737021
vn -0.1723708 -0.6599087 0.7313071
vn 0.4002629 -0.2686579 0.8761356
vn -0.534523 -0.2672614 0.8017841
vn -8.74228E-08 -1.192093E-07 1
vn -8.572511E-08 0.1961161 0.9805809
vn -0.7071072 -8.429371E-08 0.7071069
vn 0.3333335 0.6666669 0.6666666
vn -8.572511E-08 -0.1961163 0.9805811
vn 0.7071071 -8.429368E-08 0.7071071
vn -0.3333336 -0.666667 0.6666672
vn -3.909666E-08 -0.8944275 0.4472142
vn -0.8944277 -0.4472137 1.350547E-07
vn 0.4472138 -1.06624E-07 0.8944275
vn -3.909667E-08 0.8944274 0.4472133
vn 0.8944277 0.4472137 -1.350547E-07
vn -0.4472139 -1.06624E-07 0.8944275
vn -0.4472139 -0.8944275 3.873994E-07
vn 0.9603926 -0.2786528 2.168321E-07
vn 0.4472139 0.8944275 -3.873994E-07
vn -0.9603766 0.2787076 -2.168569E-07
vn -0.8302345 0.5574152 -3.383776E-07
vn 0.5055218 0.8628143 -3.672277E-07
vn 0.9675576 0.2526528 -3.588765E-08
vn 1.000001 1.776357E-14 8.74228E-08
vn 1.000001 1.776357E-14 8.74228E-08
vn 0.8303082 -0.5573055 3.383317E-07
vn -1.000001 -1.776357E-14 -8.74228E-08
vn -1.000001 -1.776357E-14 -8.74228E-08
vn -0.9675388 -0.2527248 3.592363E-08
vn -0.5054497 -0.8628565 3.672541E-07
vn -0.6238608 -0.7124965 0.3211657
vn 0.05490787 -0.8257744 0.5613225
vn 0.4196037 -0.8489975 -0.3211484
vn -0.303686 -0.897016 0.3211514
vn -0.6285105 -0.3104756 -0.7131481
vn 0.5274256 -0.4617535 -0.7131664
vn -0.6994441 -0.04650778 -0.7131732
vn 0.6639714 -0.2248513 -0.7131513
vn -0.6639824 0.2247921 -0.7131599
vn 0.6994386 0.04642722 -0.7131839
vn -0.527388 0.46178 -0.7131776
vn 0.6284406 0.3105968 -0.7131574
vn -0.4194357 0.8490834 -0.3211419
vn 0.6238893 0.7124773 0.3211527
vn -0.05490796 0.8257743 0.5613217
vn 0.3037435 0.8969947 0.3211556
vn -0.6311813 0.6460458 -0.4292275
vn -0.2498882 0.8847843 -0.3933365
vn 0.03531167 0.9258044 -0.3763514
vn 0.2433416 0.8847912 -0.3974048
vn 0.6459687 0.6312348 -0.4292649
vn 0.8847521 0.2499417 -0.3933752
vn 0.9258009 -0.035374 -0.3763543
vn 0.8848079 -0.2432918 -0.3973979
vn -0.8848168 0.2432743 -0.3973891
vn -0.9258046 0.03531168 -0.376351
vn -0.8847845 -0.2498882 -0.393336
vn -0.6460459 -0.6311812 -0.429227
vn -0.2432743 -0.8848166 -0.3973885
vn -0.03531161 -0.9258044 -0.3763505
vn 0.2499418 -0.8847519 -0.3933747
vn 0.6312349 -0.6459685 -0.4292643
vn -0.2779609 0.3818472 -0.8814373
vn -0.2498882 0.8847843 -0.3933365
vn -0.121006 0.4780976 -0.8699319
vn -0.6311813 0.6460458 -0.4292275
vn 0.03531167 0.9258044 -0.3763514
vn -0.00871231 0.5065801 -0.8621496
vn 0.2433416 0.8847912 -0.3974048
vn 0.1042056 0.4720249 -0.8754056
vn 0.6459687 0.6312348 -0.4292649
vn 0.3818089 0.2779508 -0.881457
vn 0.8847521 0.2499417 -0.3933752
vn 0.4780977 0.1210062 -0.8699316
vn 0.9258009 -0.035374 -0.3763543
vn 0.5065802 0.008712486 -0.8621493
vn 0.8848079 -0.2432918 -0.3973979
vn 0.4720249 -0.1042054 -0.8754053
vn 0.6312349 -0.6459685 -0.4292643
vn 0.2779508 -0.3818086 -0.8814567
vn 0.2499418 -0.8847519 -0.3933747
vn 0.1210062 -0.4780974 -0.8699314
vn -0.03531161 -0.9258044 -0.3763505
vn 0.008712461 -0.5065799 -0.8621491
vn -0.2432743 -0.8848166 -0.3973885
vn -0.10421 -0.4720392 -0.8753968
vn -0.6460459 -0.6311812 -0.429227
vn -0.3818471 -0.2779608 -0.881437
vn -0.8847845 -0.2498882 -0.393336
vn -0.4780975 -0.121006 -0.8699316
vn -0.9258046 0.03531168 -0.376351
vn -0.5065801 -0.008712281 -0.8621494
vn -0.8848168 0.2432743 -0.3973891
vn -0.4720393 0.1042102 -0.8753971
vn -0.7063968 0.3490259 -0.6157806
vn -0.5190782 0.592769 -0.6157792
vn -0.7864856 0.04143964 -0.6162176
vn -0.7481766 -0.2426378 -0.617543
vn -0.5927691 -0.5190781 -0.6157787
vn -0.3490258 -0.7063966 -0.6157801
vn -0.04143952 -0.7864854 -0.6162171
vn 0.2426379 -0.7481764 -0.6175427
vn 0.5190783 -0.5927689 -0.6157786
vn 0.7063937 -0.3490314 -0.6157805
vn 0.786486 -0.04143721 -0.6162173
vn 0.7481767 0.2426379 -0.6175432
vn 0.5927692 0.5190782 -0.6157791
vn 0.3490259 0.7063968 -0.6157807
vn 0.04143963 0.7864856 -0.6162179
vn -0.2426378 0.7481766 -0.6175435
vn -0.3105428 0.6284587 0.7131641
vn 0.5094904 -0.4461191 0.7357979
vn -0.5273925 0.4617965 0.7131631
vn 0.3000049 -0.6071271 0.7357955
vn -0.04639955 0.699459 0.7131651
vn 0.04481854 -0.6757185 0.7357969
vn 0.22482 0.6639669 0.7131648
vn -0.2171814 -0.6414191 0.7358091
vn 0.4617966 0.5273923 0.7131631
vn -0.4461107 -0.5094865 0.7358058
vn 0.6284589 0.3105426 0.7131643
vn -0.6071285 -0.2999975 0.7357973
vn 0.6994593 0.04640191 0.7131652
vn -0.6757186 -0.04481868 0.7357966
vn 0.6639645 -0.2248241 0.7131664
vn -0.6414145 0.2171908 0.7358101
vn 0.527388 -0.4618024 0.7131631
vn -0.5094904 0.4461189 0.7357973
vn 0.3105426 -0.6284589 0.7131647
vn -0.300005 0.6071269 0.7357948
vn 0.04639943 -0.6994591 0.7131658
vn -0.04481867 0.6757183 0.7357963
vn -0.2248202 -0.663967 0.7131654
vn 0.2171813 0.6414189 0.7358086
vn -0.4617967 -0.5273924 0.7131636
vn 0.4461105 0.5094863 0.7358054
vn -0.628459 -0.3105427 0.7131645
vn 0.6071284 0.2999973 0.7357972
vn -0.6994593 -0.04639956 0.7131654
vn 0.6757185 0.04481851 0.7357966
vn -0.6639672 0.22482 0.713165
vn 0.6414143 -0.217191 0.7358104
vn 0.6071267 -0.2999797 0.7358061
vn 0.4461516 -0.5094689 0.7357931
vn 0.675714 -0.04479147 0.7358026
vn 0.641423 0.2172085 0.7357973
vn 0.5094681 0.4461412 0.7357994
vn 0.4103017 0.83044 0.3768586
vn 0.05299796 0.7995173 0.5983005
vn -0.2172087 0.6414228 0.735797
vn -0.4461518 0.5094686 0.7357925
vn -0.6071268 0.2999796 0.7358057
vn -0.6757141 0.04479129 0.7358024
vn -0.6414231 -0.2172087 0.7357974
vn -0.5094682 -0.4461414 0.7357997
vn -0.4103017 -0.8304401 0.3768594
vn -0.05299807 -0.7995175 0.5983012
vn 0.2172086 -0.641423 0.7357977
vn 0.5094681 0.4461412 0.7357994
vn 0.05299796 0.7995173 0.5983005
vn 0.4103017 0.83044 0.3768586
vn -0.2172087 0.6414228 0.735797
vn 0.641423 0.2172085 0.7357973
vn -0.4461518 0.5094686 0.7357925
vn 0.675714 -0.04479147 0.7358026
vn -0.6071268 0.2999796 0.7358057
vn 0.6071267 -0.2999797 0.7358061
vn -0.6757141 0.04479129 0.7358024
vn 0.4461516 -0.5094689 0.7357931
vn -0.6414231 -0.2172087 0.7357974
vn 0.2172086 -0.641423 0.7357977
vn -0.5094682 -0.4461414 0.7357997
vn -0.05299807 -0.7995175 0.5983012
vn -0.4103017 -0.8304401 0.3768594
vn -0.5190782 0.592769 -0.6157792
vn -0.3105428 0.6284587 0.7131641
vn -0.5273925 0.4617965 0.7131631
vn -0.2426378 0.7481766 -0.6175435
vn -0.04639955 0.699459 0.7131651
vn 0.04143963 0.7864856 -0.6162179
vn 0.22482 0.6639669 0.7131648
vn 0.3490259 0.7063968 -0.6157807
vn 0.4617966 0.5273923 0.7131631
vn 0.5927692 0.5190782 -0.6157791
vn 0.6284589 0.3105426 0.7131643
vn 0.7481767 0.2426379 -0.6175432
vn 0.6994593 0.04640191 0.7131652
vn 0.786486 -0.04143721 -0.6162173
vn 0.6639645 -0.2248241 0.7131664
vn 0.7063937 -0.3490314 -0.6157805
vn 0.527388 -0.4618024 0.7131631
vn 0.5190783 -0.5927689 -0.6157786
vn 0.3105426 -0.6284589 0.7131647
vn 0.2426379 -0.7481764 -0.6175427
vn 0.04639943 -0.6994591 0.7131658
vn -0.04143952 -0.7864854 -0.6162171
vn -0.2248202 -0.663967 0.7131654
vn -0.3490258 -0.7063966 -0.6157801
vn -0.4617967 -0.5273924 0.7131636
vn -0.5927691 -0.5190781 -0.6157787
vn -0.628459 -0.3105427 0.7131645
vn -0.7481766 -0.2426378 -0.617543
vn -0.6994593 -0.04639956 0.7131654
vn -0.7864856 0.04143964 -0.6162176
vn -0.6639672 0.22482 0.713165
vn -0.7063968 0.3490259 -0.6157806

vt 0.253737 0.616353
vt 0.254387 0.617708
vt 0.254203 0.616353
vt 0.254157 0.617708
vt 0.253232 0.616353
vt 0.253889 0.617708
vt 0.254387 0.620675
vt 0.254157 0.620675
vt 0.254203 0.62203
vt 0.253737 0.62203
vt 0.253889 0.620675
vt 0.253232 0.62203
vt 0.252766 0.616353
vt 0.25241 0.616353
vt 0.254559 0.616353
vt 0.252217 0.616353
vt 0.254753 0.616353
vt 0.252217 0.616353
vt 0.254753 0.616353
vt 0.25241 0.616353
vt 0.254559 0.616353
vt 0.252766 0.616353
vt 0.254203 0.616353
vt 0.253232 0.616353
vt 0.252582 0.617708
vt 0.252812 0.617708
vt 0.252582 0.620675
vt 0.252812 0.620675
vt 0.25308 0.617708
vt 0.25308 0.620675
vt 0.253232 0.62203
vt 0.253737 0.62203
vt 0.252766 0.62203
vt 0.253737 0.616353
vt 0.25241 0.62203
vt 0.252217 0.62203
vt 0.252217 0.62203
vt 0.25241 0.62203
vt 0.252766 0.62203
vt 0.253232 0.622328
vt 0.253737 0.622328
vt 0.254203 0.622328
vt 0.254559 0.622328
vt 0.254559 0.62203
vt 0.254753 0.62203
vt 0.254753 0.62203
vt 0.254559 0.62203
vt 0.254203 0.62203
vt 0.253737 0.622328
vt 0.253232 0.622328
vt 0.252766 0.622328
vt 0.25241 0.622328
vt 0.252217 0.622328
vt 0.252217 0.622328
vt 0.25241 0.622328
vt 0.252766 0.622328
vt 0.254203 0.622328
vt 0.254559 0.622328
vt 0.254753 0.622328
vt 0.254753 0.622328
vt 0.24725 0.657117
vt 0.247687 0.657117
vt 0.241938 0.657117
vt 0.247687 0.657117
vt 0.241938 0.657117
vt 0.24725 0.657117
vt 0.242376 0.657117
vt 0.246235 0.657117
vt 0.243185 0.657117
vt 0.245385 0.657117
vt 0.244447 0.657117
vt 0.242376 0.657117
vt 0.246441 0.657117
vt 0.24339 0.657117
vt 0.245179 0.657117
vt 0.244241 0.657117
vt 0.245923 0.657117
vt 0.246579 0.657117
vt 0.245178 0.657117
vt 0.243703 0.657117
vt 0.243047 0.657117
vt 0.244448 0.657117
vt 0.243703 0.655045
vt 0.244448 0.655045
vt 0.243047 0.655045
vt 0.245923 0.655045
vt 0.245178 0.655045
vt 0.246579 0.655045
vt 0.245179 0.655045
vt 0.24339 0.655045
vt 0.244447 0.655045
vt 0.246235 0.655045
vt 0.24725 0.655045
vt 0.243185 0.655045
vt 0.242376 0.655045
vt 0.241938 0.655045
vt 0.241938 0.655045
vt 0.242376 0.655045
vt 0.247687 0.655045
vt 0.247687 0.655045
vt 0.24725 0.655045
vt 0.246441 0.655045
vt 0.192344 0.626631
vt 0.190357 0.626631
vt 0.189282 0.626631
vt 0.191432 0.626631
vt 0.192953 0.626631
vt 0.18837 0.626631
vt 0.193167 0.626631
vt 0.187761 0.626631
vt 0.192953 0.626631
vt 0.187547 0.626631
vt 0.192344 0.626631
vt 0.187761 0.626631
vt 0.191432 0.626631
vt 0.18837 0.626631
vt 0.190357 0.626631
vt 0.189282 0.626631
vt 0.192344 0.645481
vt 0.191432 0.645481
vt 0.190357 0.645481
vt 0.189282 0.645481
vt 0.18837 0.645481
vt 0.187761 0.645481
vt 0.187547 0.645481
vt 0.187761 0.645481
vt 0.192953 0.645481
vt 0.193167 0.645481
vt 0.192953 0.645481
vt 0.192344 0.645481
vt 0.191432 0.645481
vt 0.190357 0.645481
vt 0.189282 0.645481
vt 0.18837 0.645481
vt 0.31348 0.518897
vt 0.309418 0.517641
vt 0.310706 0.520751
vt 0.3111 0.516517
vt 0.307435 0.518035
vt 0.307435 0.521401
vt 0.305451 0.517641
vt 0.304163 0.520751
vt 0.303769 0.516517
vt 0.301389 0.518898
vt 0.302646 0.514836
vt 0.299536 0.516124
vt 0.302251 0.512852
vt 0.298885 0.512852
vt 0.302646 0.510868
vt 0.299536 0.50958
vt 0.303769 0.509187
vt 0.301389 0.506807
vt 0.305451 0.508063
vt 0.304163 0.504953
vt 0.307434 0.507669
vt 0.307434 0.504302
vt 0.309418 0.508063
vt 0.310706 0.504953
vt 0.3111 0.509187
vt 0.31348 0.506806
vt 0.312223 0.510868
vt 0.315333 0.50958
vt 0.312618 0.512852
vt 0.315984 0.512852
vt 0.312223 0.514835
vt 0.315333 0.516124
vt 0.338033 0.525526
vt 0.330854 0.53627
vt 0.340554 0.512851
vt 0.338033 0.500177
vt 0.330853 0.489432
vt 0.320108 0.482253
vt 0.307434 0.479733
vt 0.29476 0.482254
vt 0.284015 0.489433
vt 0.276836 0.500178
vt 0.274315 0.512853
vt 0.276836 0.525527
vt 0.284016 0.536271
vt 0.294761 0.543451
vt 0.307435 0.545971
vt 0.320109 0.54345
vt 0.251683 0.664724
vt 0.257096 0.664724
vt 0.257508 0.664724
vt 0.251461 0.664724
vt 0.244813 0.664724
vt 0.244813 0.664724
vt 0.237943 0.664724
vt 0.238166 0.664724
vt 0.232118 0.664724
vt 0.23253 0.664724
vt 0.228227 0.664724
vt 0.228764 0.664724
vt 0.22686 0.664724
vt 0.227442 0.664724
vt 0.228226 0.664724
vt 0.228764 0.664724
vt 0.232118 0.664724
vt 0.23253 0.664724
vt 0.237942 0.664724
vt 0.238165 0.664724
vt 0.244813 0.664724
vt 0.244813 0.664724
vt 0.251683 0.664724
vt 0.25146 0.664724
vt 0.257507 0.664724
vt 0.257096 0.664724
vt 0.261399 0.664724
vt 0.260861 0.664724
vt 0.262766 0.664724
vt 0.262184 0.664724
vt 0.261399 0.664724
vt 0.260862 0.664724
vt 0.260261 0.655045
vt 0.256637 0.655045
vt 0.261534 0.655045
vt 0.260261 0.655045
vt 0.256636 0.655045
vt 0.251212 0.655045
vt 0.244813 0.655045
vt 0.238414 0.655045
vt 0.232989 0.655045
vt 0.229364 0.655045
vt 0.228092 0.655045
vt 0.229365 0.655045
vt 0.232989 0.655045
vt 0.238414 0.655045
vt 0.244813 0.655045
vt 0.251212 0.655045
vt 0.233558 0.664722
vt 0.23279 0.652923
vt 0.233206 0.659308
vt 0.232374 0.646538
vt 0.233794 0.668339
vt 0.232022 0.641124
vt 0.233876 0.669609
vt 0.231786 0.637507
vt 0.233794 0.668339
vt 0.231704 0.636237
vt 0.233558 0.664722
vt 0.231786 0.637508
vt 0.233206 0.659309
vt 0.232022 0.641125
vt 0.23279 0.652923
vt 0.232374 0.646538
vt 0.215782 0.713811
vt 0.209958 0.733324
vt 0.215782 0.733324
vt 0.209958 0.713811
vt 0.203087 0.733324
vt 0.203087 0.713811
vt 0.196217 0.733324
vt 0.196217 0.713811
vt 0.190392 0.733324
vt 0.190393 0.713811
vt 0.186501 0.733324
vt 0.186501 0.713811
vt 0.185134 0.733324
vt 0.185134 0.713811
vt 0.1865 0.733324
vt 0.1865 0.713811
vt 0.190392 0.733324
vt 0.190392 0.713811
vt 0.196216 0.733324
vt 0.196216 0.713811
vt 0.203087 0.733324
vt 0.203087 0.713811
vt 0.209957 0.733324
vt 0.209957 0.713811
vt 0.215781 0.733324
vt 0.215781 0.713811
vt 0.219673 0.733324
vt 0.219673 0.713811
vt 0.22104 0.733324
vt 0.22104 0.713811
vt 0.219673 0.733324
vt 0.219673 0.713811
f 1779/1779/1779 1778/1778/1778 1780/1780/1780
f 1781/1781/1781 1778/1778/1778 1779/1779/1779
f 1781/1781/1781 1782/1782/1782 1778/1778/1778
f 1783/1783/1783 1782/1782/1782 1781/1781/1781
f 1779/1779/1779 1784/1784/1784 1781/1781/1781
f 1779/1779/1779 1780/1780/1780 1784/1784/1784
f 1781/1781/1781 1784/1784/1784 1785/1785/1785
f 1781/1781/1781 1785/1785/1785 1783/1783/1783
f 1784/1784/1784 1786/1786/1786 1785/1785/1785
f 1784/1784/1784 1780/1780/1780 1786/1786/1786
f 1785/1785/1785 1786/1786/1786 1787/1787/1787
f 1785/1785/1785 1787/1787/1787 1788/1788/1788
f 1783/1783/1783 1785/1785/1785 1788/1788/1788
f 1788/1788/1788 1787/1787/1787 1789/1789/1789
f 1783/1783/1783 1789/1789/1789 1782/1782/1782
f 1788/1788/1788 1789/1789/1789 1783/1783/1783
f 1790/1790/1790 1778/1778/1778 1782/1782/1782
f 1780/1780/1780 1778/1778/1778 1790/1790/1790
f 1782/1782/1782 1789/1789/1789 1790/1790/1790
f 1791/1791/1791 1780/1780/1780 1790/1790/1790
f 1792/1792/1792 1780/1780/1780 1791/1791/1791
f 1793/1793/1793 1792/1792/1792 1791/1791/1791
f 1794/1794/1794 1792/1792/1792 1793/1793/1793
f 1795/1795/1795 1794/1794/1794 1793/1793/1793
f 1796/1796/1796 1794/1794/1794 1795/1795/1795
f 1797/1797/1797 1796/1796/1796 1795/1795/1795
f 1798/1798/1798 1796/1796/1796 1797/1797/1797
f 1799/1799/1799 1798/1798/1798 1797/1797/1797
f 1800/1800/1800 1798/1798/1798 1799/1799/1799
f 1801/1801/1801 1800/1800/1800 1799/1799/1799
f 1802/1802/1802 1801/1801/1801 1799/1799/1799
f 1803/1803/1803 1801/1801/1801 1802/1802/1802
f 1802/1802/1802 1804/1804/1804 1803/1803/1803
f 1802/1802/1802 1799/1799/1799 1804/1804/1804
f 1803/1803/1803 1804/1804/1804 1805/1805/1805
f 1803/1803/1803 1805/1805/1805 1806/1806/1806
f 1806/1806/1806 1805/1805/1805 1807/1807/1807
f 1805/1805/1805 1808/1808/1808 1807/1807/1807
f 1807/1807/1807 1808/1808/1808 1809/1809/1809
f 1807/1807/1807 1809/1809/1809 1806/1806/1806
f 1805/1805/1805 1810/1810/1810 1808/1808/1808
f 1804/1804/1804 1810/1810/1810 1805/1805/1805
f 1804/1804/1804 1799/1799/1799 1810/1810/1810
f 1803/1803/1803 1811/1811/1811 1801/1801/1801
f 1806/1806/1806 1811/1811/1811 1803/1803/1803
f 1811/1811/1811 1800/1800/1800 1801/1801/1801
f 1806/1806/1806 1809/1809/1809 1811/1811/1811
f 1811/1811/1811 1809/1809/1809 1800/1800/1800
f 1799/1799/1799 1812/1812/1812 1810/1810/1810
f 1797/1797/1797 1812/1812/1812 1799/1799/1799
f 1797/1797/1797 1813/1813/1813 1812/1812/1812
f 1795/1795/1795 1813/1813/1813 1797/1797/1797
f 1795/1795/1795 1814/1814/1814 1813/1813/1813
f 1793/1793/1793 1814/1814/1814 1795/1795/1795
f 1793/1793/1793 1815/1815/1815 1814/1814/1814
f 1791/1791/1791 1815/1815/1815 1793/1793/1793
f 1791/1791/1791 1816/1816/1816 1815/1815/1815
f 1790/1790/1790 1816/1816/1816 1791/1791/1791
f 1790/1790/1790 1789/1789/1789 1816/1816/1816
f 1789/1789/1789 1817/1817/1817 1816/1816/1816
f 1789/1789/1789 1818/1818/1818 1817/1817/1817
f 1787/1787/1787 1818/1818/1818 1789/1789/1789
f 1787/1787/1787 1819/1819/1819 1818/1818/1818
f 1786/1786/1786 1819/1819/1819 1787/1787/1787
f 1786/1786/1786 1820/1820/1820 1819/1819/1819
f 1821/1821/1821 1820/1820/1820 1786/1786/1786
f 1780/1780/1780 1821/1821/1821 1786/1786/1786
f 1792/1792/1792 1821/1821/1821 1780/1780/1780
f 1792/1792/1792 1822/1822/1822 1821/1821/1821
f 1794/1794/1794 1822/1822/1822 1792/1792/1792
f 1794/1794/1794 1823/1823/1823 1822/1822/1822
f 1796/1796/1796 1823/1823/1823 1794/1794/1794
f 1796/1796/1796 1824/1824/1824 1823/1823/1823
f 1798/1798/1798 1824/1824/1824 1796/1796/1796
f 1798/1798/1798 1825/1825/1825 1824/1824/1824
f 1800/1800/1800 1825/1825/1825 1798/1798/1798
f 1800/1800/1800 1809/1809/1809 1825/1825/1825
f 1809/1809/1809 1826/1826/1826 1825/1825/1825
f 1809/1809/1809 1827/1827/1827 1826/1826/1826
f 1808/1808/1808 1827/1827/1827 1809/1809/1809
f 1808/1808/1808 1828/1828/1828 1827/1827/1827
f 1810/1810/1810 1828/1828/1828 1808/1808/1808
f 1810/1810/1810 1829/1829/1829 1828/1828/1828
f 1812/1812/1812 1829/1829/1829 1810/1810/1810
f 1812/1812/1812 1830/1830/1830 1829/1829/1829
f 1813/1813/1813 1830/1830/1830 1812/1812/1812
f 1813/1813/1813 1831/1831/1831 1830/1830/1830
f 1814/1814/1814 1831/1831/1831 1813/1813/1813
f 1814/1814/1814 1832/1832/1832 1831/1831/1831
f 1815/1815/1815 1832/1832/1832 1814/1814/1814
f 1815/1815/1815 1833/1833/1833 1832/1832/1832
f 1816/1816/1816 1833/1833/1833 1815/1815/1815
f 1816/1816/1816 1817/1817/1817 1833/1833/1833
f 1825/1825/1825 1826/1826/1826 1834/1834/1834
f 1825/1825/1825 1834/1834/1834 1824/1824/1824
f 1824/1824/1824 1834/1834/1834 1835/1835/1835
f 1824/1824/1824 1835/1835/1835 1823/1823/1823
f 1823/1823/1823 1835/1835/1835 1836/1836/1836
f 1823/1823/1823 1836/1836/1836 1822/1822/1822
f 1822/1822/1822 1836/1836/1836 1837/1837/1837
f 1822/1822/1822 1837/1837/1837 1821/1821/1821
f 1821/1821/1821 1837/1837/1837 1820/1820/1820
f 1839/1839/1839 1838/1838/1838 1840/1840/1840
f 1840/1840/1840 1841/1841/1841 1839/1839/1839
f 1842/1842/1842 1841/1841/1841 1840/1840/1840
f 1842/1842/1842 1843/1843/1843 1841/1841/1841
f 1844/1844/1844 1843/1843/1843 1842/1842/1842
f 1844/1844/1844 1845/1845/1845 1843/1843/1843
f 1846/1846/1846 1845/1845/1845 1844/1844/1844
f 1846/1846/1846 1847/1847/1847 1845/1845/1845
f 1848/1848/1848 1847/1847/1847 1846/1846/1846
f 1840/1840/1840 1838/1838/1838 1849/1849/1849
f 1849/1849/1849 1838/1838/1838 1850/1850/1850
f 1849/1849/1849 1850/1850/1850 1851/1851/1851
f 1851/1851/1851 1850/1850/1850 1852/1852/1852
f 1852/1852/1852 1853/1853/1853 1851/1851/1851
f 1854/1854/1854 1845/1845/1845 1847/1847/1847
f 1855/1855/1855 1845/1845/1845 1854/1854/1854
f 1856/1856/1856 1847/1847/1847 1848/1848/1848
f 1854/1854/1854 1847/1847/1847 1856/1856/1856
f 1857/1857/1857 1851/1851/1851 1853/1853/1853
f 1858/1858/1858 1851/1851/1851 1857/1857/1857
f 1859/1859/1859 1853/1853/1853 1852/1852/1852
f 1857/1857/1857 1853/1853/1853 1859/1859/1859
f 1857/1857/1857 1859/1859/1859 1860/1860/1860
f 1860/1860/1860 1859/1859/1859 1861/1861/1861
f 1859/1859/1859 1852/1852/1852 1861/1861/1861
f 1862/1862/1862 1857/1857/1857 1860/1860/1860
f 1858/1858/1858 1857/1857/1857 1862/1862/1862
f 1854/1854/1854 1856/1856/1856 1863/1863/1863
f 1863/1863/1863 1856/1856/1856 1864/1864/1864
f 1865/1865/1865 1854/1854/1854 1863/1863/1863
f 1855/1855/1855 1854/1854/1854 1865/1865/1865
f 1861/1861/1861 1852/1852/1852 1866/1866/1866
f 1858/1858/1858 1867/1867/1867 1851/1851/1851
f 1862/1862/1862 1867/1867/1867 1858/1858/1858
f 1856/1856/1856 1848/1848/1848 1864/1864/1864
f 1864/1864/1864 1848/1848/1848 1868/1868/1868
f 1865/1865/1865 1869/1869/1869 1855/1855/1855
f 1855/1855/1855 1869/1869/1869 1845/1845/1845
f 1869/1869/1869 1870/1870/1870 1845/1845/1845
f 1845/1845/1845 1870/1870/1870 1843/1843/1843
f 1848/1848/1848 1846/1846/1846 1868/1868/1868
f 1868/1868/1868 1846/1846/1846 1871/1871/1871
f 1846/1846/1846 1844/1844/1844 1871/1871/1871
f 1871/1871/1871 1844/1844/1844 1872/1872/1872
f 1844/1844/1844 1842/1842/1842 1872/1872/1872
f 1872/1872/1872 1842/1842/1842 1873/1873/1873
f 1842/1842/1842 1840/1840/1840 1873/1873/1873
f 1873/1873/1873 1840/1840/1840 1874/1874/1874
f 1840/1840/1840 1849/1849/1849 1874/1874/1874
f 1874/1874/1874 1849/1849/1849 1875/1875/1875
f 1849/1849/1849 1851/1851/1851 1875/1875/1875
f 1875/1875/1875 1851/1851/1851 1867/1867/1867
f 1876/1876/1876 1843/1843/1843 1870/1870/1870
f 1841/1841/1841 1843/1843/1843 1876/1876/1876
f 1877/1877/1877 1841/1841/1841 1876/1876/1876
f 1839/1839/1839 1841/1841/1841 1877/1877/1877
f 1878/1878/1878 1839/1839/1839 1877/1877/1877
f 1838/1838/1838 1839/1839/1839 1878/1878/1878
f 1879/1879/1879 1838/1838/1838 1878/1878/1878
f 1850/1850/1850 1838/1838/1838 1879/1879/1879
f 1866/1866/1866 1850/1850/1850 1879/1879/1879
f 1852/1852/1852 1850/1850/1850 1866/1866/1866
f 1881/1881/1881 1880/1880/1880 1882/1882/1882
f 1883/1883/1883 1880/1880/1880 1881/1881/1881
f 1880/1880/1880 1884/1884/1884 1882/1882/1882
f 1882/1882/1882 1884/1884/1884 1885/1885/1885
f 1884/1884/1884 1886/1886/1886 1885/1885/1885
f 1885/1885/1885 1886/1886/1886 1887/1887/1887
f 1886/1886/1886 1888/1888/1888 1887/1887/1887
f 1887/1887/1887 1888/1888/1888 1889/1889/1889
f 1888/1888/1888 1890/1890/1890 1889/1889/1889
f 1889/1889/1889 1890/1890/1890 1891/1891/1891
f 1890/1890/1890 1892/1892/1892 1891/1891/1891
f 1891/1891/1891 1892/1892/1892 1893/1893/1893
f 1894/1894/1894 1893/1893/1893 1892/1892/1892
f 1895/1895/1895 1893/1893/1893 1894/1894/1894
f 1896/1896/1896 1892/1892/1892 1890/1890/1890
f 1897/1897/1897 1892/1892/1892 1896/1896/1896
f 1897/1897/1897 1894/1894/1894 1892/1892/1892
f 1898/1898/1898 1894/1894/1894 1897/1897/1897
f 1894/1894/1894 1898/1898/1898 1895/1895/1895
f 1895/1895/1895 1898/1898/1898 1899/1899/1899
f 1895/1895/1895 1899/1899/1899 1893/1893/1893
f 1893/1893/1893 1899/1899/1899 1900/1900/1900
f 1893/1893/1893 1900/1900/1900 1891/1891/1891
f 1891/1891/1891 1900/1900/1900 1901/1901/1901
f 1891/1891/1891 1901/1901/1901 1889/1889/1889
f 1889/1889/1889 1901/1901/1901 1902/1902/1902
f 1889/1889/1889 1902/1902/1902 1887/1887/1887
f 1887/1887/1887 1902/1902/1902 1903/1903/1903
f 1890/1890/1890 1904/1904/1904 1896/1896/1896
f 1888/1888/1888 1904/1904/1904 1890/1890/1890
f 1888/1888/1888 1905/1905/1905 1904/1904/1904
f 1886/1886/1886 1905/1905/1905 1888/1888/1888
f 1886/1886/1886 1906/1906/1906 1905/1905/1905
f 1884/1884/1884 1906/1906/1906 1886/1886/1886
f 1884/1884/1884 1907/1907/1907 1906/1906/1906
f 1880/1880/1880 1907/1907/1907 1884/1884/1884
f 1880/1880/1880 1908/1908/1908 1907/1907/1907
f 1883/1883/1883 1908/1908/1908 1880/1880/1880
f 1883/1883/1883 1909/1909/1909 1908/1908/1908
f 1881/1881/1881 1909/1909/1909 1883/1883/1883
f 1881/1881/1881 1910/1910/1910 1909/1909/1909
f 1882/1882/1882 1910/1910/1910 1881/1881/1881
f 1882/1882/1882 1911/1911/1911 1910/1910/1910
f 1885/1885/1885 1903/1903/1903 1911/1911/1911
f 1885/1885/1885 1911/1911/1911 1882/1882/1882
f 1887/1887/1887 1903/1903/1903 1885/1885/1885
f 1913/1913/1913 1912/1912/1912 1914/1914/1914
f 1915/1915/1915 1912/1912/1912 1913/1913/1913
f 1913/1913/1913 1914/1914/1914 1916/1916/1916
f 1916/1916/1916 1914/1914/1914 1917/1917/1917
f 1916/1916/1916 1917/1917/1917 1918/1918/1918
f 1918/1918/1918 1917/1917/1917 1919/1919/1919
f 1918/1918/1918 1919/1919/1919 1920/1920/1920
f 1920/1920/1920 1919/1919/1919 1921/1921/1921
f 1920/1920/1920 1921/1921/1921 1922/1922/1922
f 1922/1922/1922 1921/1921/1921 1923/1923/1923
f 1922/1922/1922 1923/1923/1923 1924/1924/1924
f 1924/1924/1924 1923/1923/1923 1925/1925/1925
f 1924/1924/1924 1925/1925/1925 1926/1926/1926
f 1926/1926/1926 1925/1925/1925 1927/1927/1927
f 1926/1926/1926 1927/1927/1927 1928/1928/1928
f 1928/1928/1928 1927/1927/1927 1929/1929/1929
f 1928/1928/1928 1929/1929/1929 1930/1930/1930
f 1930/1930/1930 1929/1929/1929 1931/1931/1931
f 1930/1930/1930 1931/1931/1931 1932/1932/1932
f 1932/1932/1932 1931/1931/1931 1933/1933/1933
f 1932/1932/1932 1933/1933/1933 1934/1934/1934
f 1934/1934/1934 1933/1933/1933 1935/1935/1935
f 1934/1934/1934 1935/1935/1935 1936/1936/1936
f 1936/1936/1936 1935/1935/1935 1937/1937/1937
f 1936/1936/1936 1937/1937/1937 1938/1938/1938
f 1938/1938/1938 1937/1937/1937 1939/1939/1939
f 1938/1938/1938 1939/1939/1939 1940/1940/1940
f 1940/1940/1940 1939/1939/1939 1941/1941/1941
f 1940/1940/1940 1941/1941/1941 1942/1942/1942
f 1942/1942/1942 1941/1941/1941 1943/1943/1943
f 1942/1942/1942 1943/1943/1943 1915/1915/1915
f 1915/1915/1915 1943/1943/1943 1912/1912/1912
f 1943/1943/1943 1944/1944/1944 1912/1912/1912
f 1912/1912/1912 1944/1944/1944 1945/1945/1945
f 1943/1943/1943 1946/1946/1946 1944/1944/1944
f 1941/1941/1941 1946/1946/1946 1943/1943/1943
f 1941/1941/1941 1947/1947/1947 1946/1946/1946
f 1939/1939/1939 1947/1947/1947 1941/1941/1941
f 1939/1939/1939 1948/1948/1948 1947/1947/1947
f 1937/1937/1937 1948/1948/1948 1939/1939/1939
f 1937/1937/1937 1949/1949/1949 1948/1948/1948
f 1935/1935/1935 1949/1949/1949 1937/1937/1937
f 1935/1935/1935 1950/1950/1950 1949/1949/1949
f 1933/1933/1933 1950/1950/1950 1935/1935/1935
f 1933/1933/1933 1951/1951/1951 1950/1950/1950
f 1931/1931/1931 1951/1951/1951 1933/1933/1933
f 1931/1931/1931 1952/1952/1952 1951/1951/1951
f 1929/1929/1929 1952/1952/1952 1931/1931/1931
f 1929/1929/1929 1953/1953/1953 1952/1952/1952
f 1927/1927/1927 1953/1953/1953 1929/1929/1929
f 1927/1927/1927 1954/1954/1954 1953/1953/1953
f 1925/1925/1925 1954/1954/1954 1927/1927/1927
f 1925/1925/1925 1955/1955/1955 1954/1954/1954
f 1923/1923/1923 1955/1955/1955 1925/1925/1925
f 1923/1923/1923 1956/1956/1956 1955/1955/1955
f 1921/1921/1921 1956/1956/1956 1923/1923/1923
f 1921/1921/1921 1957/1957/1957 1956/1956/1956
f 1919/1919/1919 1957/1957/1957 1921/1921/1921
f 1919/1919/1919 1958/1958/1958 1957/1957/1957
f 1917/1917/1917 1958/1958/1958 1919/1919/1919
f 1917/1917/1917 1959/1959/1959 1958/1958/1958
f 1914/1914/1914 1959/1959/1959 1917/1917/1917
f 1914/1914/1914 1945/1945/1945 1959/1959/1959
f 1912/1912/1912 1945/1945/1945 1914/1914/1914
f 1961/1961/1961 1960/1960/1960 1962/1962/1962
f 1963/1963/1963 1960/1960/1960 1961/1961/1961
f 1963/1963/1963 1964/1964/1964 1960/1960/1960
f 1965/1965/1965 1964/1964/1964 1963/1963/1963
f 1965/1965/1965 1966/1966/1966 1964/1964/1964
f 1967/1967/1967 1966/1966/1966 1965/1965/1965
f 1967/1967/1967 1968/1968/1968 1966/1966/1966
f 1969/1969/1969 1968/1968/1968 1967/1967/1967
f 1969/1969/1969 1970/1970/1970 1968/1968/1968
f 1971/1971/1971 1970/1970/1970 1969/1969/1969
f 1971/1971/1971 1972/1972/1972 1970/1970/1970
f 1973/1973/1973 1972/1972/1972 1971/1971/1971
f 1973/1973/1973 1974/1974/1974 1972/1972/1972
f 1975/1975/1975 1974/1974/1974 1973/1973/1973
f 1975/1975/1975 1976/1976/1976 1974/1974/1974
f 1977/1977/1977 1976/1976/1976 1975/1975/1975
f 1977/1977/1977 1978/1978/1978 1976/1976/1976
f 1979/1979/1979 1978/1978/1978 1977/1977/1977
f 1979/1979/1979 1980/1980/1980 1978/1978/1978
f 1981/1981/1981 1980/1980/1980 1979/1979/1979
f 1981/1981/1981 1982/1982/1982 1980/1980/1980
f 1983/1983/1983 1982/1982/1982 1981/1981/1981
f 1983/1983/1983 1984/1984/1984 1982/1982/1982
f 1985/1985/1985 1984/1984/1984 1983/1983/1983
f 1985/1985/1985 1986/1986/1986 1984/1984/1984
f 1987/1987/1987 1986/1986/1986 1985/1985/1985
f 1987/1987/1987 1988/1988/1988 1986/1986/1986
f 1989/1989/1989 1988/1988/1988 1987/1987/1987
f 1989/1989/1989 1990/1990/1990 1988/1988/1988
f 1991/1991/1991 1990/1990/1990 1989/1989/1989
f 1991/1991/1991 1962/1962/1962 1990/1990/1990
f 1961/1961/1961 1962/1962/1962 1991/1991/1991
f 1992/1992/1992 1961/1961/1961 1991/1991/1991
f 1993/1993/1993 1961/1961/1961 1992/1992/1992
f 1994/1994/1994 1991/1991/1991 1989/1989/1989
f 1992/1992/1992 1991/1991/1991 1994/1994/1994
f 1995/1995/1995 1989/1989/1989 1987/1987/1987
f 1994/1994/1994 1989/1989/1989 1995/1995/1995
f 1996/1996/1996 1987/1987/1987 1985/1985/1985
f 1995/1995/1995 1987/1987/1987 1996/1996/1996
f 1997/1997/1997 1985/1985/1985 1983/1983/1983
f 1996/1996/1996 1985/1985/1985 1997/1997/1997
f 1997/1997/1997 1983/1983/1983 1998/1998/1998
f 1998/1998/1998 1983/1983/1983 1981/1981/1981
f 1998/1998/1998 1981/1981/1981 1999/1999/1999
f 1999/1999/1999 1981/1981/1981 1979/1979/1979
f 1999/1999/1999 1979/1979/1979 2000/2000/2000
f 2000/2000/2000 1979/1979/1979 1977/1977/1977
f 2000/2000/2000 1977/1977/1977 2001/2001/2001
f 2001/2001/2001 1977/1977/1977 1975/1975/1975
f 2001/2001/2001 1975/1975/1975 2002/2002/2002
f 2002/2002/2002 1975/1975/1975 1973/1973/1973
f 2002/2002/2002 1973/1973/1973 2003/2003/2003
f 2003/2003/2003 1973/1973/1973 1971/1971/1971
f 2003/2003/2003 1971/1971/1971 2004/2004/2004
f 2004/2004/2004 1971/1971/1971 1969/1969/1969
f 2004/2004/2004 1969/1969/1969 2005/2005/2005
f 2005/2005/2005 1969/1969/1969 1967/1967/1967
f 2005/2005/2005 1967/1967/1967 2006/2006/2006
f 2006/2006/2006 1967/1967/1967 1965/1965/1965
f 2006/2006/2006 1965/1965/1965 2007/2007/2007
f 2007/2007/2007 1965/1965/1965 1963/1963/1963
f 2007/2007/2007 1963/1963/1963 1993/1993/1993
f 1993/1993/1993 1963/1963/1963 1961/1961/1961
f 2009/2009/2009 2008/2008/2008 2010/2010/2010
f 2011/2011/2011 2008/2008/2008 2009/2009/2009
f 2011/2011/2011 2012/2012/2012 2008/2008/2008
f 2013/2013/2013 2012/2012/2012 2011/2011/2011
f 2013/2013/2013 2014/2014/2014 2012/2012/2012
f 2015/2015/2015 2014/2014/2014 2013/2013/2013
f 2015/2015/2015 2016/2016/2016 2014/2014/2014
f 2017/2017/2017 2016/2016/2016 2015/2015/2015
f 2017/2017/2017 2018/2018/2018 2016/2016/2016
f 2019/2019/2019 2018/2018/2018 2017/2017/2017
f 2019/2019/2019 2020/2020/2020 2018/2018/2018
f 2021/2021/2021 2020/2020/2020 2019/2019/2019
f 2021/2021/2021 2022/2022/2022 2020/2020/2020
f 2023/2023/2023 2022/2022/2022 2021/2021/2021
f 2025/2025/2025 2024/2024/2024 2026/2026/2026
f 2027/2027/2027 2024/2024/2024 2025/2025/2025
f 2025/2025/2025 2028/2028/2028 2027/2027/2027
f 2027/2027/2027 2028/2028/2028 2029/2029/2029
f 2028/2028/2028 2030/2030/2030 2029/2029/2029
f 2029/2029/2029 2030/2030/2030 2031/2031/2031
f 2030/2030/2030 2032/2032/2032 2031/2031/2031
f 2031/2031/2031 2032/2032/2032 2033/2033/2033
f 2032/2032/2032 2034/2034/2034 2033/2033/2033
f 2033/2033/2033 2034/2034/2034 2035/2035/2035
f 2034/2034/2034 2036/2036/2036 2035/2035/2035
f 2035/2035/2035 2036/2036/2036 2037/2037/2037
f 2036/2036/2036 2038/2038/2038 2037/2037/2037
f 2037/2037/2037 2038/2038/2038 2039/2039/2039
f 2038/2038/2038 2040/2040/2040 2039/2039/2039
f 2039/2039/2039 2040/2040/2040 2041/2041/2041
f 2040/2040/2040 2042/2042/2042 2041/2041/2041
f 2041/2041/2041 2042/2042/2042 2043/2043/2043
f 2042/2042/2042 2044/2044/2044 2043/2043/2043
f 2043/2043/2043 2044/2044/2044 2045/2045/2045
f 2044/2044/2044 2046/2046/2046 2045/2045/2045
f 2045/2045/2045 2046/2046/2046 2047/2047/2047
f 2046/2046/2046 2048/2048/2048 2047/2047/2047
f 2047/2047/2047 2048/2048/2048 2049/2049/2049
f 2048/2048/2048 2050/2050/2050 2049/2049/2049
f 2049/2049/2049 2050/2050/2050 2051/2051/2051
f 2050/2050/2050 2052/2052/2052 2051/2051/2051
f 2051/2051/2051 2052/2052/2052 2053/2053/2053
f 2052/2052/2052 2054/2054/2054 2053/2053/2053
f 2053/2053/2053 2054/2054/2054 2055/2055/2055
f 2054/2054/2054 2026/2026/2026 2055/2055/2055
f 2055/2055/2055 2026/2026/2026 2024/2024/2024
v 2.597139 -0.5410129 0.0475516
v 2.703254 -0.4275922 0.07052045
v 2.70876 -0.5912226 0.0490964
v 2.604348 -0.4423566 0.04189559
v 2.601906 -0.4330384 -0.06975447
v 2.70607 -0.4496582 -0.1268267
v 2.625083 -0.5701202 -0.09682256
v 2.708639 -0.5752744 -0.1111121
v 2.912792 -0.5514889 -0.0142093
v 2.880087 -0.4404103 -0.1170584
v 2.896312 -0.5742122 -0.0855417
v 2.866953 -0.4581653 0.03270125
v 2.767309 -0.6082513 0.004700327
v 2.716305 -0.4712233 -0.008496899
v 2.77361 -0.5890883 -0.1248742
v 2.69976 -0.5197573 -0.09116181
v 2.752761 -0.6225395 0.05362741
v 2.678105 -0.5424235 -0.08433028
v 2.700591 -0.4780308 0.04772203
v 2.73319 -0.5790958 -0.1165372
v 2.720723 -0.6214331 0.02636377
v 2.734542 -0.6315312 -0.07154068
v 2.727813 -0.5251846 0.06782667
v 2.778208 -0.6412188 0.03706732
v 2.780006 -0.6250666 -0.1043422
v 2.810131 -0.6233385 -0.1041224
v 2.816958 -0.6214825 0.05890955
v 2.890745 -0.6059229 -0.06909183
v 2.821514 -0.6388481 0.02395857
v 2.904002 -0.5900081 -0.01242187
v 2.910918 -0.5720702 -0.04748837
v 2.799706 -0.4541471 -0.02779185
v 2.904002 -0.5900081 -0.01242187
v 2.834053 -0.4188952 -0.02855337
v 2.834902 -0.4519397 -0.08600885
v 2.890745 -0.6059229 -0.06909183
v 2.736316 -0.4979551 0.03912584
v 2.727813 -0.5251846 0.06782667
v 2.73319 -0.5790958 -0.1165372
v 2.925157 -0.5315537 0.07792018
v 2.835094 -0.4360612 0.0825702
v 2.77834 -0.4894988 0.08175769
v 2.800147 -0.63285 0.05931141
v 2.740074 -0.4875189 0.05488948
v 2.821514 -0.6388481 0.02395857
v 2.816958 -0.6214825 0.05890955
v 2.778208 -0.6412188 0.03706732
v 2.720723 -0.6214331 0.02636377
v 2.810131 -0.6233385 -0.1041224
v 2.780006 -0.6250666 -0.1043422
v 2.734542 -0.6315312 -0.07154068
v 2.861906 -0.4544464 -0.09293201
v 2.889229 -0.5712907 -0.07618132
v 2.678105 -0.5424235 -0.08433028
v 2.700591 -0.4780308 0.04772203
v 2.851419 -0.4717423 0.07646501
v 2.905684 -0.5347221 0.0394449
v 2.752761 -0.6225395 0.05362741
v 2.727374 -0.461687 0.07687823
v 2.735186 -0.6220921 -0.0368962
v 2.755703 -0.4333507 -0.04445515
v 2.749566 -0.6077214 0.08958081
v 2.838258 -0.5525228 0.09437562
v 2.835968 -0.6423765 0.05486668
v 2.870663 -0.6076725 -0.02253558
v 2.819704 -0.5710683 -0.06201256
v 2.847375 -0.4332587 0.07685316
v 2.875703 -0.461589 -0.04448016
v 2.875828 -0.590592 0.04850184
v 2.86823 -0.5829971 -0.03690626
v 2.860244 -0.366218 0.1688363
v 2.746459 -0.5999633 0.1672787
v 2.754808 -0.3740172 0.1613437
v 2.890306 -0.6284845 0.1356121
v 2.747161 -0.3664051 0.04185692
v 2.888529 -0.3944404 0.01357089
v 2.777097 -0.6211939 0.01060691
v 2.879915 -0.6141926 0.01798259
v 2.831782 -0.493205 -0.05346114
v 2.71618 -0.6779492 -0.0559518
v 2.830151 -0.6576195 -0.04309982
v 2.677949 -0.4649816 -0.02509875
v 2.83754 -0.6637313 0.07193137
v 2.80348 -0.4648886 0.1023722
v 2.681119 -0.6488998 0.104883
v 2.685571 -0.4725906 0.09480948
v 2.681119 -0.6488998 0.104883
v 2.80348 -0.4648886 0.1023722
v 2.83754 -0.6637313 0.07193137
v 2.685571 -0.4725906 0.09480948
v 2.677949 -0.4649816 -0.02509875
v 2.831782 -0.493205 -0.05346114
v 2.6573 -0.3966174 -0.1204541
v 2.646555 -0.5869933 0.05195184
v 2.654067 -0.5793748 -0.1013779
v 2.680012 -0.3738697 0.09184927
v 2.885632 -0.3586115 -0.1125396
v 2.885484 -0.3804402 0.09944331
v 2.742467 -0.5987201 -0.1007717
v 2.836553 -0.5283524 -0.1136423
v 2.89196 -0.5496398 -0.09064475
v 2.825175 -0.5317525 0.08489598
v 2.89144 -0.5341059 0.08436321
v 2.755893 -0.5947228 0.07203881
v 2.755893 -0.5947228 0.07203881
v 2.836553 -0.5283524 -0.1136423
v 2.742467 -0.5987201 -0.1007717
v 2.825175 -0.5317525 0.08489598
v 2.646555 -0.5869933 0.05195184
v 2.654067 -0.5793748 -0.1013779
v 2.775404 -0.5427886 -0.1360627
v 2.812593 -0.567643 -0.02578473
v 2.788252 -0.5491147 -0.1375128
v 2.800201 -0.5292885 0.02291633
v 2.821137 -0.5602267 -0.1239126
v 2.823915 -0.5598967 -0.01251232
v 2.921972 -0.5377333 -0.1264933
v 2.938646 -0.5264 -0.01003371
v 2.727481 -0.5710533 -0.01350065
v 2.727998 -0.5550653 -0.1288933
v 2.635123 -0.5543382 -0.1019179
v 2.6061 -0.5213138 -0.01830481
v 2.857421 -0.3688459 0.01631915
v 2.828961 -0.3370576 -0.1265112
v 2.831584 -0.3599047 -0.1496661
v 2.84615 -0.3425857 0.00783908
v 2.941448 -0.3332531 -0.02504341
v 2.976136 -0.3679472 -0.1114457
v 2.800683 -0.31002 -0.08938789
v 2.799988 -0.3164861 -0.01346194
v 2.748456 -0.3360529 0.01216045
v 2.757216 -0.3448807 -0.1391754
v 2.715737 -0.3236611 -0.01009329
v 2.736941 -0.3398322 -0.1425013
v 2.972019 -0.4771268 -0.1250458
v 2.938646 -0.5264 -0.01003371
v 2.975667 -0.4643946 -0.0114833
v 2.921972 -0.5377333 -0.1264933
v 2.976136 -0.3679472 -0.1114457
v 2.941448 -0.3332531 -0.02504341
v 2.831584 -0.3599047 -0.1496661
v 2.821137 -0.5602267 -0.1239126
v 2.788252 -0.5491147 -0.1375128
v 2.775404 -0.5427886 -0.1360627
v 2.828961 -0.3370576 -0.1265112
v 2.757216 -0.3448807 -0.1391754
v 2.626991 -0.4510012 -0.136458
v 2.736941 -0.3398322 -0.1425013
v 2.619611 -0.4354612 -0.1380603
v 2.599336 -0.4147766 -0.02538286
v 2.637664 -0.4267232 0.02276058
v 2.6061 -0.5213138 -0.01830481
v 2.635123 -0.5543382 -0.1019179
v 2.607303 -0.3575712 -0.1112736
v 2.642017 -0.3228771 -0.02487122
v 2.715737 -0.3236611 -0.01009329
v 2.748456 -0.3360529 0.01216045
v 2.727998 -0.5550653 -0.1288933
v 2.800683 -0.31002 -0.08938789
v 2.727481 -0.5710533 -0.01350065
v 2.800201 -0.5292885 0.02291633
v 2.84615 -0.3425857 0.00783908
v 2.857421 -0.3688459 0.01631915
v 2.812593 -0.567643 -0.02578473
v 2.799988 -0.3164861 -0.01346194
v 2.823915 -0.5598967 -0.01251232
v 2.615642 -0.3666958 -0.08894651
v 2.581374 -0.3649123 -0.04808751
v 2.627884 -0.3292499 -0.0356903
v 2.6088 -0.3648933 -0.09565341
v 2.605315 -0.3447716 -0.005015709
v 2.583687 -0.3649163 0.01407191
v 2.623707 -0.3447629 0.03225442
v 2.614497 -0.3649053 0.0595363
v 2.658242 -0.3447417 0.05531068
v 2.663855 -0.3648823 0.08348341
v 2.699673 -0.3447073 0.05800956
v 2.718634 -0.3648523 0.07954305
v 2.736943 -0.3446822 0.0396177
v 2.764096 -0.3648243 0.04873505
v 2.759998 -0.3446655 0.005085138
v 2.788044 -0.3648053 -0.0006242233
v 2.762697 -0.3446566 -0.03634707
v 2.784104 -0.3648013 -0.05540179
v 2.744306 -0.3446699 -0.07361732
v 2.753294 -0.3648123 -0.1008661
v 2.709772 -0.3446957 -0.09667352
v 2.703936 -0.3648363 -0.1248133
v 2.66834 -0.3447203 -0.0993724
v 2.649157 -0.3648653 -0.1208729
v 2.640097 -0.3292356 -0.06452769
v 2.65713 -0.3447215 -0.1004651
v 2.618904 -0.515721 -0.08586978
v 2.586848 -0.3667277 -0.04666797
v 2.615468 -0.5350759 -0.03907506
v 2.601648 -0.5246402 -0.004011072
v 2.604223 -0.3447825 0.00619527
v 2.621066 -0.5246244 0.0350339
v 2.628358 -0.3447722 0.04249569
v 2.657373 -0.5245942 0.05911262
v 2.667373 -0.3447464 0.0618536
v 2.700857 -0.5245641 0.06181091
v 2.710883 -0.3447065 0.05910235
v 2.739903 -0.5245286 0.04239193
v 2.747185 -0.3446751 0.03496591
v 2.763981 -0.5245041 0.006083752
v 2.766542 -0.3446555 -0.004049576
v 2.76668 -0.5245032 -0.03739874
v 2.76379 -0.3446455 -0.04755734
v 2.74726 -0.5245138 -0.07644437
v 2.739652 -0.3446608 -0.08386097
v 2.71095 -0.5245389 -0.1005229
v 2.700639 -0.3446917 -0.1032168
v 2.66747 -0.5245801 -0.1032207
v 2.659139 -0.5245771 -0.09359617
v 2.633674 -0.5979095 -0.07878935
v 2.66952 -0.5978884 -0.09635837
v 2.626036 -0.5245987 -0.07131093
v 2.698952 -0.5245469 -0.09634598
v 2.709309 -0.597858 -0.09365848
v 2.734769 -0.5245298 -0.07883326
v 2.742419 -0.5978408 -0.07142172
v 2.757056 -0.5245229 -0.04572735
v 2.780882 -0.5644431 -0.03922354
v 2.759804 -0.5245221 -0.005914543
v 2.767495 -0.584965 0.007943774
v 2.742293 -0.5245394 0.02989999
v 2.735053 -0.5978503 0.03731934
v 2.70919 -0.5245663 0.05218654
v 2.699205 -0.5978773 0.05488962
v 2.669373 -0.5245861 0.05493588
v 2.659415 -0.5978971 0.0521893
v 2.633559 -0.5246084 0.03742428
v 2.626309 -0.5979193 0.0299569
v 2.611272 -0.5246214 0.004322013
v 2.587844 -0.5645415 -0.002240511
v 2.608523 -0.5246121 -0.03549527
v 2.60123 -0.585055 -0.04941253
v 2.70399 -0.4839665 0.01819758
v 2.736026 -0.6252428 -0.02099982
v 2.750833 -0.4515519 -0.006057532
v 2.719999 -0.6342693 0.02242498
v 2.697874 -0.6007724 0.06451029
v 2.70145 -0.4954113 0.07836384
v 2.738188 -0.6341466 0.09990565
v 2.745502 -0.4620111 0.1073645
v 2.774496 -0.6341161 0.1239831
v 2.784516 -0.4619854 0.1267215
v 2.817978 -0.6340861 0.1266818
v 2.828026 -0.4619455 0.1239692
v 2.852176 -0.6332471 0.1118997
v 2.855033 -0.4627185 0.1098015
v 2.887084 -0.622914 0.09072482
v 2.895689 -0.4729856 0.07177363
v 2.906474 -0.6019851 0.0134407
v 2.896152 -0.4939006 -0.008603775
v 2.855074 -0.6332332 -0.02152772
v 2.851942 -0.4627044 -0.02362139
v 2.828073 -0.6340621 -0.0356521
v 2.81778 -0.4619316 -0.03834969
v 2.784591 -0.6341022 -0.03834974
v 2.774272 -0.4619615 -0.03559719
v 2.767536 -0.5717263 0.1206819
v 2.827481 -0.6037828 0.1500594
v 2.756378 -0.5169752 0.1272141
v 2.839792 -0.5982151 0.1500613
v 2.878997 -0.6063851 0.1500623
v 2.88698 -0.5953803 0.1500672
v 2.925062 -0.5828283 0.1500441
v 2.926425 -0.5693344 0.150051
v 2.953078 -0.5395089 0.1500343
v 2.947511 -0.5271986 0.1500414
v 2.949803 -0.4691232 0.14931
v 2.938435 -0.4348933 0.1113733
v 2.761415 -0.541445 0.1494365
v 2.803044 -0.56426 0.1727263
v 2.797018 -0.5253588 0.1778168
v 2.794261 -0.565626 0.16228
v 2.829681 -0.5955232 0.1622583
v 2.831157 -0.5899565 0.1622592
v 2.87677 -0.5981382 0.1622642
v 2.875265 -0.5925793 0.1622683
v 2.919008 -0.5768049 0.162248
v 2.914925 -0.572744 0.162253
v 2.944823 -0.537324 0.1622383
v 2.939256 -0.5358493 0.1622435
v 2.947438 -0.4902344 0.1622642
v 2.941879 -0.4917387 0.1622674
v 2.934233 -0.4450438 0.153088
v 2.922042 -0.4520776 0.1622678
v 2.886624 -0.4221815 0.1622714
v 2.885147 -0.4277481 0.1622692
v 2.839534 -0.4195665 0.1623023
v 2.84104 -0.4251254 0.1622981
v 2.797297 -0.4408997 0.1623
v 2.80138 -0.4449606 0.1622951
v 2.770025 -0.4854119 0.1624066
v 2.759718 -0.4826571 0.1403389
v 2.843247 -0.5781896 -0.001449768
v 2.778115 -0.5686914 0.01392283
v 2.83759 -0.606474 0.01313174
v 2.767273 -0.5484419 0.02629986
v 2.87994 -0.5763009 -0.00147696
v 2.889205 -0.6036261 0.01309774
v 2.910773 -0.5563301 -0.001483707
v 2.932475 -0.5753572 0.01309809
v 2.927466 -0.5237153 -0.001477335
v 2.955765 -0.5293829 0.01310762
v 2.942439 -0.4603614 0.02142318
v 2.915616 -0.4244872 0.0359374
v 2.956502 -0.4891915 0.1059001
v 2.933394 -0.4425107 0.1059097
v 2.932578 -0.4237384 0.04848024
v 2.890217 -0.4137896 0.1059234
v 2.880213 -0.3979364 0.04852115
v 2.838488 -0.4104832 0.1059724
v 2.82173 -0.4017811 0.04853274
v 2.791832 -0.4335691 0.1059746
v 2.77303 -0.4343744 0.04855433
v 2.751276 -0.4803998 0.05876652
v 2.748789 -0.4797477 0.0484722
v 2.748896 -0.538304 0.04844037
v 2.793353 -0.5263137 0.1394698
v 2.782814 -0.575094 0.1059438
v 2.825976 -0.6038666 0.105909
v 2.877749 -0.6072175 0.1059028
v 2.924415 -0.5841494 0.1058789
v 2.95318 -0.5409633 0.1058658
v 2.797564 -0.5771961 0.1261767
v 2.754129 -0.5369004 0.1042555
v 2.839746 -0.59831 0.1261534
v 2.886992 -0.5954747 0.1261603
v 2.926484 -0.5694005 0.1261437
v 2.947598 -0.527217 0.1261334
v 2.944763 -0.4799714 0.1261593
v 2.918689 -0.4404799 0.1261617
v 2.876505 -0.4193656 0.1261665
v 2.829259 -0.4222009 0.1261974
v 2.789768 -0.4482756 0.1261947
v 2.791236 -0.4910571 0.1417121
v 2.778115 -0.5686914 0.01392283
v 2.827481 -0.6037828 0.1500594
v 2.83759 -0.606474 0.01313174
v 2.756378 -0.5169752 0.1272141
v 2.878997 -0.6063851 0.1500623
v 2.889205 -0.6036261 0.01309774
v 2.925062 -0.5828283 0.1500441
v 2.932475 -0.5753572 0.01309809
v 2.953078 -0.5395089 0.1500343
v 2.955765 -0.5293829 0.01310762
v 2.949803 -0.4691232 0.14931
v 2.915616 -0.4244872 0.0359374
v 2.767273 -0.5484419 0.02629986
v 2.767536 -0.5717263 0.1206819
v 2.938435 -0.4348933 0.1113733
v 2.942439 -0.4603614 0.02142318
v 2.934233 -0.4450438 0.153088
v 2.932578 -0.4237384 0.04848024
v 2.886624 -0.4221815 0.1622714
v 2.880213 -0.3979364 0.04852115
v 2.839534 -0.4195665 0.1623023
v 2.82173 -0.4017811 0.04853274
v 2.797297 -0.4408997 0.1623
v 2.77303 -0.4343744 0.04855433
v 2.770025 -0.4854119 0.1624066
v 2.748789 -0.4797477 0.0484722
v 2.748896 -0.538304 0.04844037
v 2.761415 -0.541445 0.1494365
v 2.947438 -0.4902344 0.1622642
v 2.947511 -0.5271986 0.1500414
v 2.944823 -0.537324 0.1622383
v 2.926425 -0.5693344 0.150051
v 2.919008 -0.5768049 0.162248
v 2.88698 -0.5953803 0.1500672
v 2.87677 -0.5981382 0.1622642
v 2.839792 -0.5982151 0.1500613
v 2.829681 -0.5955232 0.1622583
v 2.803044 -0.56426 0.1727263
v 2.759718 -0.4826571 0.1403389
v 2.767927 -0.5332322 0.2133073
v 2.797018 -0.5253588 0.1778168
v 2.775635 -0.4869118 0.2222976
v 2.777689 -0.4388907 0.1888019
v 2.80138 -0.4449606 0.1622951
v 2.830865 -0.427902 0.2221943
v 2.84104 -0.4251254 0.1622981
v 2.875071 -0.4250754 0.2221655
v 2.885147 -0.4277481 0.1622692
v 2.91462 -0.4446771 0.222164
v 2.922042 -0.4520776 0.1622678
v 2.939169 -0.481543 0.2221635
v 2.941879 -0.4917387 0.1622674
v 2.952705 -0.5276119 0.2092708
v 2.939256 -0.5358493 0.1622435
v 2.938702 -0.5788627 0.1887587
v 2.914925 -0.572744 0.162253
v 2.885526 -0.5898507 0.2221633
v 2.875265 -0.5925793 0.1622683
v 2.841321 -0.5926773 0.2221545
v 2.831157 -0.5899565 0.1622592
v 2.801772 -0.5730755 0.222176
v 2.794261 -0.565626 0.16228
v 2.753989 -0.4811225 -0.01688686
v 2.754129 -0.5369004 0.1042555
v 2.791297 -0.5268613 -0.05437648
v 2.791236 -0.4910571 0.1417121
v 2.789768 -0.4482756 0.1261947
v 2.797161 -0.4407926 -0.03884374
v 2.829259 -0.4222009 0.1261974
v 2.839448 -0.4194305 -0.03886021
v 2.876505 -0.4193656 0.1261665
v 2.886595 -0.4220459 -0.03885337
v 2.918689 -0.4404799 0.1261617
v 2.926122 -0.4478876 -0.03887669
v 2.944763 -0.4799714 0.1261593
v 2.947484 -0.4901744 -0.03889827
v 2.947598 -0.527217 0.1261334
v 2.94487 -0.5373208 -0.0388854
v 2.926484 -0.5694005 0.1261437
v 2.919028 -0.5768485 -0.03889469
v 2.886992 -0.5954747 0.1261603
v 2.876741 -0.5982101 -0.03889723
v 2.839746 -0.59831 0.1261534
v 2.829595 -0.595596 -0.03886629
v 2.797564 -0.5771961 0.1261767
v 2.790066 -0.5697544 -0.03886174
v 2.758143 -0.482222 0.05023578
v 2.758254 -0.5357554 -0.01691911
v 2.795445 -0.5257307 0.08771243
v 2.795367 -0.492144 -0.05436289
v 2.792788 -0.4512957 -0.03884684
v 2.800205 -0.443825 0.07219186
v 2.830353 -0.42634 -0.03886235
v 2.840565 -0.4235817 0.07219542
v 2.87537 -0.4235103 -0.0388542
v 2.885483 -0.4262024 0.07216536
v 2.915621 -0.4435146 -0.03887579
v 2.923079 -0.4509365 0.07216273
v 2.940576 -0.4810804 -0.03889529
v 2.94332 -0.4912959 0.07216224
v 2.943405 -0.5260971 -0.03888242
v 2.9407 -0.5362129 0.07213745
v 2.923399 -0.566348 -0.03889171
v 2.915967 -0.5738075 0.07214663
v 2.885835 -0.5913017 -0.03889533
v 2.875608 -0.5940499 0.07216226
v 2.840819 -0.5941312 -0.03886528
v 2.830692 -0.5914298 0.07215417
v 2.800568 -0.5741259 -0.03886306
v 2.793094 -0.5666963 0.07217624
v 2.797192 -0.5775073 0.07217672
v 2.753636 -0.5370013 0.05025545
v 2.789685 -0.57006 -0.1068617
v 2.790793 -0.5269566 -0.1223766
v 2.753484 -0.4809742 -0.08488689
v 2.790742 -0.4909157 0.08771195
v 2.789396 -0.4479203 0.07219591
v 2.79678 -0.4404319 -0.1068428
v 2.829099 -0.4217252 0.07219721
v 2.839275 -0.4189495 -0.1068592
v 2.876585 -0.4188894 0.07216632
v 2.886665 -0.4215636 -0.1068533
v 2.918982 -0.4401253 0.07216177
v 2.926404 -0.4475265 -0.1068767
v 2.945177 -0.4798265 0.07215938
v 2.947889 -0.4900224 -0.1068985
v 2.948013 -0.527316 0.07213339
v 2.945275 -0.5374137 -0.1068864
v 2.926778 -0.5697104 0.07214258
v 2.919312 -0.5771523 -0.1068957
v 2.887077 -0.5959066 0.07216036
v 2.876815 -0.598637 -0.1068973
v 2.839587 -0.598743 0.07215346
v 2.829424 -0.5960228 -0.1068664
v 2.797192 -0.5775073 0.07217672
v 2.789685 -0.57006 -0.1068617
v 2.938604 -0.4815741 -0.1068943
v 2.941431 -0.5255591 -0.1068804
v 2.94135 -0.4917892 -0.1190023
v 2.921626 -0.4523212 -0.1189828
v 2.914168 -0.4449006 -0.1068747
v 2.884925 -0.4281009 -0.1189624
v 2.874811 -0.4254076 -0.1068544
v 2.841037 -0.4254766 -0.1189712
v 2.830825 -0.4282336 -0.1068633
v 2.787922 -0.4289656 -0.08556735
v 2.794151 -0.4526706 -0.1068488
v 2.760018 -0.4827041 -0.09699981
v 2.797241 -0.4926262 -0.1223639
v 2.760126 -0.5352088 -0.08492027
v 2.788577 -0.5275382 -0.1294147
v 2.948938 -0.5393928 -0.1061206
v 2.921938 -0.5649161 -0.1068898
v 2.928154 -0.5886114 -0.08560835
v 2.885265 -0.5893517 -0.1068933
v 2.875039 -0.5921008 -0.1190014
v 2.841278 -0.5921789 -0.1068654
v 2.831151 -0.5894778 -0.1189734
v 2.801921 -0.5726861 -0.1068627
v 2.79445 -0.5652574 -0.1189717
v 2.829424 -0.5960228 -0.1068664
v 2.876815 -0.598637 -0.1068973
v 2.919312 -0.5771523 -0.1068957
v 2.860862 -0.4759114 -0.04274787
v 2.808265 -0.4967625 -0.01197421
v 2.840255 -0.4922227 -0.01226211
v 2.81457 -0.4760861 -0.06052816
v 2.888182 -0.4836011 0.003166299
v 2.874986 -0.4859472 0.01348911
v 2.868701 -0.4921861 0.05625498
v 2.906184 -0.4758807 0.0527098
v 2.853598 -0.4922261 0.08851826
v 2.887832 -0.4759144 0.1042377
v 2.824389 -0.4922897 0.1089054
v 2.846178 -0.4759726 0.139686
v 2.793553 -0.4968221 0.1004132
v 2.785009 -0.4540938 0.1652812
v 2.73249 -0.4760956 0.1248028
v 2.761634 -0.4924173 0.1006717
v 2.701363 -0.4761276 0.07982677
v 2.73868 -0.4924546 0.07345442
v 2.705852 -0.4838481 0.02730649
v 2.721547 -0.4862969 0.0338171
v 2.748296 -0.4924134 -6.589233E-05
v 2.720281 -0.4760926 -0.02413567
v 2.777488 -0.492351 -0.02046101
v 2.765259 -0.4760346 -0.05526362
v 2.81752 -0.3696514 -0.08355684
v 2.750426 -0.3428629 -0.06084702
v 2.713813 -0.330054 -0.01576789
v 2.695462 -0.330088 0.0357601
v 2.705334 -0.3300892 0.08955926
v 2.740783 -0.3300569 0.1312165
v 2.784944 -0.351945 0.1652903
v 2.839645 -0.3428007 0.1541037
v 2.881365 -0.3298762 0.1126045
v 2.904752 -0.3298419 0.06315874
v 2.900283 -0.329841 0.008642293
v 2.869155 -0.329873 -0.03633584
v 2.842957 -0.6009709 -0.01898403
v 2.813119 -0.4908966 -0.04712236
v 2.813145 -0.579046 -0.04712635
v 2.851289 -0.4689318 -0.01257563
v 2.868944 -0.6009582 0.01036047
v 2.864197 -0.4611989 0.02283715
v 2.876777 -0.6009598 0.04876243
v 2.875384 -0.4689209 0.05920684
v 2.864358 -0.6009718 0.08594191
v 2.857926 -0.4689328 0.09430444
v 2.840057 -0.5881253 0.1215583
v 2.825264 -0.4689544 0.1159679
v 2.807471 -0.4534346 -0.003970435
v 2.839887 -0.4689419 -0.01501263
v 2.873927 -0.4818008 0.007235156
v 2.871792 -0.4689342 0.04811858
v 2.860363 -0.4689419 0.08290255
v 2.833072 -0.468957 0.1073135
v 2.791998 -0.4688559 0.1142367
v 2.79135 -0.4688596 0.1191944
v 2.759405 -0.4689968 0.1073462
v 2.788362 -0.5612943 0.1422292
v 2.751074 -0.6010358 0.1009378
v 2.733418 -0.4690094 0.07800166
v 2.72941 -0.6010472 0.06827538
v 2.734755 -0.4612865 0.03997628
v 2.726979 -0.6010467 0.02915518
v 2.738004 -0.468996 0.002421294
v 2.744435 -0.6010348 -0.00594136
v 2.767348 -0.4689763 -0.02356599
v 2.773841 -0.5881474 -0.03797685
v 2.75409 -0.4689879 0.09697501
v 2.734001 -0.468995 0.06636254
v 2.721299 -0.481862 0.02744488
v 2.748376 -0.4689869 -0.002894908
v 2.778988 -0.468972 -0.02298371
v 2.737969 -0.5660346 0.07609694
v 2.762381 -0.5660267 0.1033887
v 2.794797 -0.581534 0.09234645
v 2.823279 -0.5659956 0.1113597
v 2.853892 -0.5659817 0.09127104
v 2.870358 -0.5659724 0.05856716
v 2.878638 -0.5531058 0.01875602
v 2.848177 -0.5659808 -0.00859893
v 2.810269 -0.5661117 -0.02586078
v 2.769196 -0.5660116 -0.01893751
v 2.741904 -0.5660257 0.005473528
v 2.719614 -0.5531666 0.03981106
v 2.842862 -0.5659708 -0.01897002
v 2.810918 -0.5661081 -0.0308184
v 2.860718 -0.5736809 0.01463138
v 2.876682 -0.5659595 0.04877876
v 2.864263 -0.5659719 0.08595586
v 2.834919 -0.5659924 0.1119419
v 2.789149 -0.544071 0.1354984
v 2.75098 -0.5660357 0.1009528
v 2.729316 -0.5660475 0.06829135
v 2.735842 -0.5737693 0.03116314
v 2.74434 -0.5660347 -0.005927412
v 2.777004 -0.5660142 -0.02759193
v 2.825138 -0.5439925 0.1159864
v 2.8578 -0.5439717 0.09432244
v 2.794088 -0.5595371 0.09731319
v 2.759277 -0.5440359 0.1073652
v 2.733291 -0.5440474 0.07802181
v 2.714597 -0.5311813 0.03916972
v 2.737878 -0.5440354 0.002438222
v 2.76722 -0.5440143 -0.02354691
v 2.810858 -0.5441081 -0.0308094
v 2.851159 -0.5439707 -0.01255799
v 2.883196 -0.5310929 0.01684891
v 2.875256 -0.5439593 0.05922806
v 2.845234 -0.5439626 -0.02213735
v 2.811379 -0.5441048 -0.03477555
v 2.864354 -0.5516701 0.01310789
v 2.880588 -0.5439496 0.04930567
v 2.867379 -0.5439636 0.08839619
v 2.836392 -0.5439897 0.1156463
v 2.788568 -0.5220739 0.1394733
v 2.748488 -0.5440436 0.1041371
v 2.725561 -0.5440586 0.06983225
v 2.731816 -0.5517792 0.03065518
v 2.741105 -0.5440427 -0.008350698
v 2.775413 -0.5440176 -0.03127835
v 2.826504 -0.4829893 0.1197063
v 2.86081 -0.4829648 0.09678006
v 2.793405 -0.4985411 0.1013042
v 2.75668 -0.4830447 0.1105653
v 2.729431 -0.4830587 0.0795788
v 2.710465 -0.4701909 0.03867524
v 2.734536 -0.4830425 3.222184E-05
v 2.765522 -0.4830177 -0.02721701
v 2.811214 -0.4831057 -0.03475058
v 2.853427 -0.4829627 -0.01570804
v 2.886725 -0.4700815 0.01534067
v 2.879057 -0.4829497 0.05976915
v 2.841611 -0.4992281 -0.003687028
v 2.810605 -0.493079 -0.02928686
v 2.847743 -0.5037005 0.0247873
v 2.863588 -0.4991992 0.04924726
v 2.852674 -0.499231 0.07988417
v 2.827907 -0.4992861 0.1009571
v 2.791361 -0.4931681 0.1176967
v 2.760325 -0.4994115 0.0920879
v 2.741836 -0.4994404 0.06535856
v 2.750695 -0.5038832 0.03764359
v 2.749264 -0.4994085 0.008562357
v 2.774012 -0.4993547 -0.01251409
v 2.777097 -0.6211939 0.01060691
v 2.890306 -0.6284845 0.1356121
v 2.879915 -0.6141926 0.01798259
v 2.746459 -0.5999633 0.1672787
v 2.71618 -0.6779492 -0.0559518
v 2.83754 -0.6637313 0.07193137
v 2.830151 -0.6576195 -0.04309982
v 2.681119 -0.6488998 0.104883
v 2.719999 -0.6342693 0.02242498
v 2.738188 -0.6341466 0.09990565
v 2.736026 -0.6252428 -0.02099982
v 2.697874 -0.6007724 0.06451029
v 2.774496 -0.6341161 0.1239831
v 2.784591 -0.6341022 -0.03834974
v 2.817978 -0.6340861 0.1266818
v 2.828073 -0.6340621 -0.0356521
v 2.852176 -0.6332471 0.1118997
v 2.855074 -0.6332332 -0.02152772
v 2.887084 -0.622914 0.09072482
v 2.906474 -0.6019851 0.0134407
v 2.839587 -0.598743 0.07215346
v 2.887077 -0.5959066 0.07216036
v 2.926778 -0.5697104 0.07214258
v 2.791297 -0.5268613 -0.05437648
v 2.790066 -0.5697544 -0.03886174
v 2.829595 -0.595596 -0.03886629
v 2.876741 -0.5982101 -0.03889723
v 2.919028 -0.5768485 -0.03889469
v 2.94487 -0.5373208 -0.0388854
v 2.947484 -0.4901744 -0.03889827
v 2.926122 -0.4478876 -0.03887669
v 2.886595 -0.4220459 -0.03885337
v 2.839448 -0.4194305 -0.03886021
v 2.797161 -0.4407926 -0.03884374
v 2.753989 -0.4811225 -0.01688686
v 2.775635 -0.4869118 0.2222976
v 2.830865 -0.427902 0.2221943
v 2.767927 -0.5332322 0.2133073
v 2.777689 -0.4388907 0.1888019
v 2.875071 -0.4250754 0.2221655
v 2.801772 -0.5730755 0.222176
v 2.91462 -0.4446771 0.222164
v 2.841321 -0.5926773 0.2221545
v 2.939169 -0.481543 0.2221635
v 2.885526 -0.5898507 0.2221633
v 2.952705 -0.5276119 0.2092708
v 2.938702 -0.5788627 0.1887587
v 2.976136 -0.3679472 -0.1114457

vn -0.3019711 -0.5854107 0.7524022
vn 0.7071072 -0.6854101 0.1738201
vn -0.8944277 -0.4334916 0.1099325
vn 0.5351622 -0.518741 0.6667161
vn 0.6445996 0.3183185 0.695101
vn 0.4472138 0.8833792 0.1401486
vn -0.6445997 0.6366372 0.4233025
vn -0.7071071 0.6983725 0.110797
vn -0.4076305 -0.3490139 -0.8438171
vn 0.557812 0.7199054 -0.4130172
vn -0.6750228 0.349014 -0.6500267
vn 0.348989 -0.9007974 -0.2584014
vn -0.7796475 -0.5711511 0.2567827
vn 0.5622356 -0.4156774 0.7149158
vn -0.5542597 0.8120788 0.1825514
vn -0.00879984 0.4156747 0.9094709
vn -0.8174258 -0.5466346 0.1816782
vn -0.1216725 0.4766337 0.8706413
vn 0.6361354 -0.4769227 0.6065292
vn -0.3065597 0.8583149 0.4114815
vn -0.698775 -0.3288496 0.6352736
vn -0.8177759 0.3288495 0.4723363
vn 0.3278911 -0.8165548 0.4751073
vn -0.8848771 -0.4549028 0.1002854
vn -0.6950516 0.7146323 0.07877148
vn -0.6868258 0.7119526 -0.1462703
vn -0.664791 -0.7119532 -0.226222
vn -0.6890075 0.2995919 -0.6599352
vn -0.9463974 -0.3008594 -0.1175445
vn -0.5015036 0.2890983 -0.8154247
vn -0.4384473 0.7014568 -0.5618929
vn 0.8324739 0.4701103 0.2932305
vn -0.5015036 0.2890983 -0.8154247
vn 0.8761662 0.4791044 0.05284733
vn 0.8581839 0.4988044 -0.1213086
vn -0.6890075 0.2995919 -0.6599352
vn 0.446108 -0.4790984 0.7559455
vn 0.3278911 -0.8165548 0.4751073
vn -0.3065597 0.8583149 0.4114815
vn 0.03825389 -0.6830904 -0.7293314
vn 0.6742488 -0.7373844 0.04066885
vn 0.416606 -0.7278615 0.5446635
vn -0.8757259 -0.4638338 0.1340282
vn 0.5689936 -0.4116115 0.7119153
vn -0.9463974 -0.3008594 -0.1175445
vn -0.664791 -0.7119532 -0.226222
vn -0.8848771 -0.4549028 0.1002854
vn -0.698775 -0.3288496 0.6352736
vn -0.6868258 0.7119526 -0.1462703
vn -0.6950516 0.7146323 0.07877148
vn -0.8177759 0.3288495 0.4723363
vn 0.6992223 0.5772772 -0.4217114
vn -0.5813581 0.3801509 -0.7193812
vn -0.1216725 0.4766337 0.8706413
vn 0.6361354 -0.4769227 0.6065292
vn 0.4959885 -0.8156288 -0.297902
vn -0.150892 -0.3801579 -0.9125305
vn -0.8174258 -0.5466346 0.1816782
vn 0.3333335 -0.666667 0.6666673
vn -0.5773507 0.5773504 0.5773501
vn 0.666667 0.6666669 0.3333332
vn -0.4082485 -0.8164969 0.4082488
vn -0.218218 -0.8728718 -0.4364355
vn -0.816497 -0.4082484 -0.4082483
vn -0.4082485 0.4082485 -0.8164971
vn -0.436436 0.8728719 -0.2182184
vn 0.6666671 -0.6666669 -0.3333331
vn 0.3333336 0.666667 -0.6666672
vn -0.666667 -0.3333334 -0.6666668
vn -0.5773506 0.5773506 -0.5773508
vn 0.6671687 -0.6662658 -0.3331313
vn -0.3407056 -0.6483992 0.6808079
vn 0.5763069 -0.5778728 0.5778708
vn -0.6771431 -0.2761011 -0.6820895
vn 0.6656616 0.3337359 0.6674695
vn 0.3349402 0.6662654 -0.6662632
vn -0.6377364 0.7006898 0.3198855
vn -0.5562626 0.613682 -0.5603281
vn 0.3333336 0.666667 -0.6666672
vn -0.6839175 0.696087 0.2184505
vn -0.5350252 0.5445456 -0.6459254
vn 0.666667 0.3333334 0.6666668
vn -0.6067297 -0.3087628 -0.7324924
vn 0.6666671 -0.6666669 -0.3333331
vn -0.3419588 -0.696087 0.631291
vn 0.5773506 -0.5773506 0.5773508
vn -0.3419588 -0.696087 0.631291
vn 0.6666671 -0.6666669 -0.3333331
vn -0.6067297 -0.3087628 -0.7324924
vn 0.5773506 -0.5773506 0.5773508
vn 0.666667 0.3333334 0.6666668
vn 0.3333336 0.666667 -0.6666672
vn 0.2658108 0.8017842 0.5352448
vn -0.6676708 -0.3329325 0.6658624
vn -0.5783938 0.5768291 0.5768268
vn 0.533796 -0.8017839 0.2687109
vn 0.7071046 0.707107 0.001917995
vn 0.4506488 -0.8926913 0.004320996
vn -0.8068208 0.5694734 -0.1572938
vn -0.6404951 0.7204333 -0.2659755
vn -0.8934301 0.4492033 -0.0001779241
vn -0.6801437 -0.7211941 -0.1314706
vn -0.7056662 -0.7085142 0.006615272
vn -0.7594298 -0.5694737 -0.31459
vn -0.7594298 -0.5694737 -0.31459
vn -0.6404951 0.7204333 -0.2659755
vn -0.8068208 0.5694734 -0.1572938
vn -0.6801437 -0.7211941 -0.1314706
vn -0.6676708 -0.3329325 0.6658624
vn -0.5783938 0.5768291 0.5768268
vn -0.6005093 0.7926035 0.105684
vn -0.9039381 -0.3990208 -0.1538812
vn -0.6860406 0.7154272 0.1323367
vn -0.4416026 -0.8777393 -0.1859079
vn -0.8273696 0.5552962 -0.08430211
vn -0.8234048 -0.5552961 -0.1168409
vn -0.7299418 0.5850567 -0.3534047
vn -0.5965263 -0.5850567 -0.5494228
vn -0.8931172 -0.4488452 0.02967765
vn -0.7051054 0.7087159 0.02343026
vn -0.7772114 0.3918413 0.492345
vn -0.388606 -0.3918415 0.8339345
vn 0.3980175 -0.894302 -0.2044669
vn 0.7308203 0.6803256 -0.05531476
vn 0.5031366 0.8584785 0.09934262
vn 0.6658662 -0.7002664 -0.2573905
vn 0.8164971 -0.4082484 -0.4082482
vn 0.4082486 0.4082485 -0.816497
vn 0.9640399 0.2438992 -0.1055535
vn 0.8880504 -0.449348 -0.09723152
vn 0.6590996 -0.750458 0.04900551
vn 0.5551601 0.829976 -0.05420391
vn 0.8057317 -0.5825201 0.1070883
vn 0.6154017 0.7752227 -0.1425184
vn -0.2997472 0.5680149 -0.7664933
vn -0.5965263 -0.5850567 -0.5494228
vn -0.1498735 -0.5680147 -0.8092574
vn -0.7299418 0.5850567 -0.3534047
vn 0.4082486 0.4082485 -0.816497
vn 0.8164971 -0.4082484 -0.4082482
vn 0.5031366 0.8584785 0.09934262
vn -0.8273696 0.5552962 -0.08430211
vn -0.6860406 0.7154272 0.1323367
vn -0.6005093 0.7926035 0.105684
vn 0.7308203 0.6803256 -0.05531476
vn 0.5551601 0.829976 -0.05420391
vn -0.1363401 0.7984301 0.5864478
vn 0.6154017 0.7752227 -0.1425184
vn -0.1564108 0.7232445 0.6726462
vn 0.08702026 -0.4023704 0.9113324
vn 0.149366 -0.8747281 0.4610224
vn -0.388606 -0.3918415 0.8339345
vn -0.7772114 0.3918413 0.492345
vn 0.4082485 0.4082483 0.8164967
vn 0.816497 -0.4082485 0.4082487
vn 0.8057317 -0.5825201 0.1070883
vn 0.6590996 -0.750458 0.04900551
vn -0.7051054 0.7087159 0.02343026
vn 0.9640399 0.2438992 -0.1055535
vn -0.8931172 -0.4488452 0.02967765
vn -0.4416026 -0.8777393 -0.1859079
vn 0.6658662 -0.7002664 -0.2573905
vn 0.3980175 -0.894302 -0.2044669
vn -0.9039381 -0.3990208 -0.1538812
vn 0.8880504 -0.449348 -0.09723152
vn -0.8234048 -0.5552961 -0.1168409
vn 0.4597002 0.6275076 0.6284189
vn -8.445205E-08 0.2584726 0.9660189
vn 0.9004642 0.1124225 0.4201504
vn -6.18616E-08 0.7065995 0.7076139
vn 0.717903 -0.1197954 0.685759
vn -8.208196E-08 -0.3441689 0.9389084
vn 0.7178762 -0.4469044 0.5337898
vn -5.602362E-08 -0.7676787 0.640836
vn 0.7178435 -0.6539069 0.2389716
vn -1.500386E-08 -0.9851628 0.1716247
vn 0.7179061 -0.6857529 -0.119811
vn 3.009011E-08 -0.9389001 -0.3441903
vn 0.7178727 -0.5337895 -0.4469097
vn 6.711134E-08 -0.6408526 -0.767664
vn 0.7178448 -0.2389841 -0.6539007
vn 8.612563E-08 -0.1716265 -0.9851624
vn 0.7179031 0.1197956 -0.6857588
vn 8.208196E-08 0.3441689 -0.9389084
vn 0.7178763 0.4469043 -0.5337897
vn 5.602363E-08 0.7676785 -0.6408361
vn 0.7178436 0.653907 -0.2389715
vn 1.500386E-08 0.9851628 -0.1716247
vn 0.7179061 0.6857529 0.119811
vn -3.009011E-08 0.9389001 0.3441903
vn 0.9004797 0.3072977 0.3077423
vn 0.7179044 0.6536083 0.2396044
vn -0.61329 0.5581102 0.5589176
vn 0.4596664 0.2295487 0.8579131
vn -0.840737 0.1399494 0.5230454
vn -0.7179046 -0.1198034 0.6857559
vn 0.7179044 -0.2396066 0.6536076
vn -0.7178722 -0.4469093 0.5337911
vn 0.7178721 -0.5344249 0.4461513
vn -0.7178463 -0.6538941 0.2389989
vn 0.7178462 -0.6858701 0.1194997
vn -0.7179044 -0.6857563 -0.119802
vn 0.7179044 -0.6536084 -0.239604
vn -0.7178747 -0.5337817 -0.4469157
vn 0.7178742 -0.4461341 -0.5344359
vn -0.7178443 -0.2389793 -0.6539031
vn 0.717845 -0.1194926 -0.6858724
vn -0.7179045 0.1198035 -0.685756
vn 0.7179039 0.2395985 -0.6536114
vn -0.7178771 0.4469171 -0.5337778
vn 0.7178772 0.5344413 -0.4461233
vn -0.7178426 0.6539114 -0.2389623
vn 0.7178434 0.6858754 -0.1194853
vn -0.7179044 0.6857563 0.1198019
vn -0.7179044 0.6536084 0.2396041
vn -0.7178735 0.5337873 0.446911
vn -0.7179062 0.6857526 0.1198118
vn -0.7178754 0.4461476 0.5344229
vn -0.7178425 0.6858771 -0.1194808
vn -0.7178437 0.6539065 -0.2389726
vn -0.7178766 0.5344334 -0.4461339
vn -0.7178765 0.4468859 -0.5338048
vn -0.7179014 0.2395752 -0.6536224
vn -0.3250796 0.1627188 -0.9315829
vn -0.717845 -0.1194933 -0.6858723
vn -0.5664675 -0.2828845 -0.77401
vn -0.7178714 -0.4461339 -0.5344396
vn -0.7178715 -0.5337747 -0.4469291
vn -0.7179062 -0.653599 -0.239624
vn -0.7179062 -0.6857526 -0.1198118
vn -0.7178447 -0.6858729 0.1194921
vn -0.7178448 -0.6539011 0.238984
vn -0.7178716 -0.5344426 0.4461308
vn -0.7178716 -0.4469325 0.5337723
vn -0.7179065 -0.2396267 0.6535981
vn -0.3250848 -0.1627628 0.9315735
vn -0.7178451 0.1194934 0.6858721
vn -0.5664676 0.2828847 0.7740099
vn 0.4596682 0.2295648 0.8579077
vn -0.613288 0.5581221 0.5589079
vn 0.8407587 0.3825658 0.3831045
vn -0.7192237 0.1795952 0.6711659
vn -0.3250832 -0.1627489 0.9315764
vn 0.325083 -0.3254977 0.8879039
vn -0.7178748 -0.4469191 0.5337793
vn 0.7178734 -0.5344339 0.4461383
vn -0.7178448 -0.6539007 0.2389847
vn 0.7178462 -0.6858701 0.1194997
vn -0.7179044 -0.6857563 -0.1198019
vn 0.7179044 -0.6536084 -0.2396041
vn -0.7084221 -0.5883321 -0.389877
vn 0.7084221 -0.5634122 -0.4250946
vn -0.5872436 -0.4463809 -0.6751959
vn 0.5872437 -0.2231904 -0.7780305
vn -0.3411041 0.259609 -0.9034667
vn 0.3411027 0.5192034 -0.7836314
vn -0.7084222 0.5640265 -0.4242797
vn 0.7084227 0.5888929 -0.3890291
vn -0.7178446 0.6539018 -0.2389827
vn 0.7178446 0.6858731 -0.1194914
vn -0.7179044 0.6857563 0.1198019
vn 0.7179043 0.6536084 0.2396042
vn -0.4717648 -0.3719685 0.7994239
vn -0.6543006 -0.7177633 0.2381337
vn 0.2436845 -0.4487954 0.8597685
vn -0.6860335 -0.7177625 0.1190628
vn -0.6855974 -0.7179855 -0.1202241
vn -0.6532115 -0.717985 -0.2404432
vn -0.532894 -0.7178757 -0.4479721
vn -0.4450725 -0.7178752 -0.5353185
vn -0.2381246 -0.7177623 -0.6543043
vn -0.1190625 -0.7177624 -0.6860331
vn 0.3422374 -0.7091352 -0.6164424
vn 0.7712367 -0.2627622 -0.5797852
vn -0.284632 -0.5666225 0.773256
vn -0.3838676 -0.8407614 0.3817947
vn -0.1130883 -0.9005411 0.419807
vn -0.4479724 -0.7178758 0.5328943
vn -0.6543045 -0.7177625 0.2381254
vn -0.6543089 -0.7177616 0.238116
vn -0.6855984 -0.717985 -0.1202214
vn -0.6856 -0.7179842 -0.120217
vn -0.5329011 -0.7178752 -0.4479642
vn -0.5329028 -0.717877 -0.4479593
vn -0.2381251 -0.7177624 -0.654304
vn -0.2381293 -0.7177629 -0.6543021
vn 0.120222 -0.717985 -0.6855978
vn 0.1202311 -0.7179868 -0.6855943
vn 0.4827002 -0.6098864 -0.6285216
vn 0.4479846 -0.7178743 -0.5328851
vn 0.6543045 -0.7177625 -0.2381247
vn 0.6543089 -0.7177616 -0.2381154
vn 0.6855983 -0.7179851 0.1202221
vn 0.6856 -0.7179843 0.1202178
vn 0.5329012 -0.7178754 0.4479647
vn 0.5329028 -0.7178771 0.44796
vn 0.1789338 -0.7191287 0.6714447
vn 0.2286967 -0.4595689 0.8581932
vn -0.4505095 0.8893328 0.0782873
vn -0.3648123 0.7086667 0.603907
vn -0.6860321 0.7177632 0.1190663
vn -0.1979011 0.5630324 0.80239
vn -0.4288193 0.8895116 -0.1577472
vn -0.653209 0.7179856 -0.2404492
vn -0.2921507 0.8895088 -0.3513163
vn -0.4450703 0.7178749 -0.5353217
vn -0.07815248 0.8894334 -0.4503349
vn -0.1190667 0.7177634 -0.6860322
vn 0.4715402 0.6200858 -0.6270125
vn 0.8672955 0.4492715 -0.2143707
vn 0.1517396 -0.4795954 -0.8642705
vn 0.5650192 -0.4795891 -0.6713778
vn 0.733223 0.3019087 -0.6092916
vn 0.8246907 -0.4796222 -0.2997478
vn 0.9394115 0.3015918 -0.1629407
vn 0.8640128 -0.4800925 0.1516385
vn 0.8947083 0.3015976 0.3294492
vn 0.6713797 -0.480047 0.5646285
vn 0.6095407 0.3014266 0.733214
vn 0.2567701 0.07534231 0.9635317
vn 0.2454426 0.3024037 0.9210376
vn -0.2478079 0.3026958 0.9203081
vn -0.1262043 -0.8741676 0.46894
vn -0.5641848 -0.4798627 0.6718844
vn -0.8244621 -0.4795821 0.3004408
vn -0.8643081 -0.4796142 -0.1514678
vn -0.6718837 -0.4794044 -0.5645744
vn -0.3001533 -0.479251 -0.8247586
vn -0.5353268 -0.7178726 0.4450678
vn -0.2310011 -0.4598338 0.8574336
vn -0.6860317 -0.7177635 0.119068
vn -0.6532051 -0.7179863 -0.2404567
vn -0.4450735 -0.7178719 -0.5353222
vn -0.1190677 -0.7177634 -0.6860312
vn 0.2404575 -0.7179863 -0.6532044
vn 0.5353228 -0.7178719 -0.4450729
vn 0.6860317 -0.7177635 -0.1190673
vn 0.6532051 -0.7179864 0.2404575
vn 0.4450676 -0.7178726 0.535327
vn 0.1120258 -0.9004185 0.4203544
vn -0.3648123 0.7086667 0.603907
vn -0.6543006 -0.7177633 0.2381337
vn -0.6860321 0.7177632 0.1190663
vn 0.2436845 -0.4487954 0.8597685
vn -0.6855974 -0.7179855 -0.1202241
vn -0.653209 0.7179856 -0.2404492
vn -0.532894 -0.7178757 -0.4479721
vn -0.4450703 0.7178749 -0.5353217
vn -0.2381246 -0.7177623 -0.6543043
vn -0.1190667 0.7177634 -0.6860322
vn 0.3422374 -0.7091352 -0.6164424
vn 0.8672955 0.4492715 -0.2143707
vn -0.1979011 0.5630324 0.80239
vn -0.4717648 -0.3719685 0.7994239
vn 0.7712367 -0.2627622 -0.5797852
vn 0.4715402 0.6200858 -0.6270125
vn 0.4827002 -0.6098864 -0.6285216
vn 0.733223 0.3019087 -0.6092916
vn 0.6543045 -0.7177625 -0.2381247
vn 0.9394115 0.3015918 -0.1629407
vn 0.6855983 -0.7179851 0.1202221
vn 0.8947083 0.3015976 0.3294492
vn 0.5329012 -0.7178754 0.4479647
vn 0.6095407 0.3014266 0.733214
vn 0.1789338 -0.7191287 0.6714447
vn 0.2454426 0.3024037 0.9210376
vn -0.2478079 0.3026958 0.9203081
vn -0.284632 -0.5666225 0.773256
vn 0.120222 -0.717985 -0.6855978
vn -0.1190625 -0.7177624 -0.6860331
vn -0.2381251 -0.7177624 -0.654304
vn -0.4450725 -0.7178752 -0.5353185
vn -0.5329011 -0.7178752 -0.4479642
vn -0.6532115 -0.717985 -0.2404432
vn -0.6855984 -0.717985 -0.1202214
vn -0.6860335 -0.7177625 0.1190628
vn -0.6543045 -0.7177625 0.2381254
vn -0.3838676 -0.8407614 0.3817947
vn 0.2286967 -0.4595689 0.8581932
vn -0.2054336 -0.6134297 0.762563
vn -0.1130883 -0.9005411 0.419807
vn 0.1789354 -0.7191289 0.6714441
vn 0.604596 -0.3250598 0.7271871
vn 0.5329028 -0.7178771 0.44796
vn 0.6532156 -0.7179843 0.2404352
vn 0.6856 -0.7179843 0.1202178
vn 0.6860353 -0.7177616 -0.1190575
vn 0.6543089 -0.7177616 -0.2381154
vn 0.5353325 -0.7178743 -0.4450572
vn 0.4479846 -0.7178743 -0.5328851
vn 0.2404622 -0.7179868 -0.6532022
vn 0.1202311 -0.7179868 -0.6855943
vn -0.1409366 -0.5663781 -0.8120056
vn -0.2381293 -0.7177629 -0.6543021
vn -0.6046048 -0.325059 -0.7271796
vn -0.5329028 -0.717877 -0.4479593
vn -0.6532157 -0.7179842 -0.2404344
vn -0.6856 -0.7179842 -0.120217
vn -0.6860353 -0.7177616 0.1190582
vn -0.6543089 -0.7177616 0.238116
vn -0.5353325 -0.7178745 0.4450579
vn -0.4479724 -0.7178758 0.5328943
vn 0.2287041 0.4595695 0.8581903
vn -0.2310011 -0.4598338 0.8574336
vn -0.1130935 0.9005416 0.4198034
vn 0.1120258 -0.9004185 0.4203544
vn 0.4450676 -0.7178726 0.535327
vn 0.5328916 0.7178742 0.4479773
vn 0.6532051 -0.7179864 0.2404575
vn 0.685598 0.7179853 0.1202227
vn 0.6860317 -0.7177635 -0.1190673
vn 0.6542997 0.7177635 -0.2381357
vn 0.5353228 -0.7178719 -0.4450729
vn 0.4479737 0.717873 -0.5328968
vn 0.2404575 -0.7179863 -0.6532044
vn 0.1202232 0.7179855 -0.6855981
vn -0.1190677 -0.7177634 -0.6860312
vn -0.2381354 0.7177636 -0.6542999
vn -0.4450735 -0.7178719 -0.5353222
vn -0.5328968 0.7178731 -0.4479736
vn -0.6532051 -0.7179863 -0.2404567
vn -0.685598 0.7179854 -0.1202234
vn -0.6860317 -0.7177635 0.119068
vn -0.6543026 0.7177628 0.2381286
vn -0.5353268 -0.7178726 0.4450678
vn -0.447978 0.7178742 0.5328909
vn 0.2286868 -0.4595677 0.8581964
vn -0.2309775 0.4598309 0.8574411
vn -0.1130876 -0.900541 0.4198074
vn 0.1120148 0.9004172 0.4203592
vn 0.445055 0.7178751 0.5353333
vn 0.532886 -0.7178752 0.4479832
vn 0.6532043 0.7179865 0.2404585
vn 0.6855955 -0.7179865 0.1202297
vn 0.6860362 0.7177613 -0.1190561
vn 0.6543048 -0.7177624 -0.238124
vn 0.5353258 0.717874 -0.4450669
vn 0.4479629 -0.7178739 -0.5329041
vn 0.2404463 0.7179855 -0.6532105
vn 0.1202168 -0.717984 -0.6855997
vn -0.1190687 0.7177637 -0.6860315
vn -0.2381374 -0.7177635 -0.6542982
vn -0.4450785 0.7178727 -0.5353178
vn -0.5328966 -0.7178726 -0.4479738
vn -0.6532043 0.7179866 -0.2404591
vn -0.6855955 -0.7179865 -0.1202291
vn -0.686034 0.7177622 0.1190609
vn -0.6543118 -0.7177611 0.23811
vn -0.5353245 0.7178777 0.4450615
vn -0.447965 -0.7178791 0.532896
vn -0.5353182 -0.7178733 0.4450768
vn -0.2309992 -0.4598336 0.8574343
vn -0.4479724 0.7178732 0.5328969
vn -0.1130978 0.9005421 0.4198013
vn 0.2287073 0.4595699 0.8581892
vn 0.1120194 -0.9004179 0.4203578
vn 0.4450826 -0.7178757 0.5353104
vn 0.5329112 0.7178739 0.4479544
vn 0.6532133 -0.7179847 0.24044
vn 0.685598 0.7179853 0.1202227
vn 0.6860342 -0.7177621 -0.1190603
vn 0.6543033 0.7177628 -0.238128
vn 0.5353184 -0.7178748 -0.4450735
vn 0.4479741 0.7178732 -0.5328963
vn 0.2404573 -0.7179863 -0.6532045
vn 0.1202342 0.7179875 -0.685594
vn -0.119067 -0.7177632 -0.6860314
vn -0.2381341 0.7177634 -0.6543005
vn -0.4450724 -0.7178721 -0.5353229
vn -0.5328935 0.7178727 -0.4479781
vn -0.653203 -0.7179868 -0.2404611
vn -0.6855962 0.7179862 -0.1202279
vn -0.6860319 -0.7177634 0.1190673
vn -0.6543003 0.7177634 0.2381337
vn -0.5353182 -0.7178733 0.4450768
vn -0.4479724 0.7178732 0.5328969
vn 0.2404498 0.7179857 -0.6532087
vn -0.1190679 0.7177636 -0.6860318
vn 0.1202249 0.7179858 -0.6855974
vn 0.4479667 0.7178738 -0.5329018
vn 0.5353149 0.7178738 -0.4450803
vn 0.6542996 0.7177635 -0.238136
vn 0.6860316 0.7177635 -0.1190682
vn 0.6855973 0.7179856 0.1202245
vn 0.6532087 0.7179856 0.2404493
vn 0.7239029 0.3250573 0.6085252
vn 0.4450676 0.7178749 0.535323
vn 0.228697 0.4595687 0.8581926
vn 0.1120132 0.900417 0.42036
vn -0.2309936 0.4598328 0.8574358
vn -0.1407983 0.8408499 0.5226352
vn -0.2818646 0.5663775 -0.7744483
vn -0.4450802 0.7178738 -0.535315
vn -0.7238954 0.3250568 -0.6085349
vn -0.6532048 0.7179865 -0.240458
vn -0.6855943 0.7179873 -0.1202332
vn -0.6860316 0.7177635 0.1190675
vn -0.6542995 0.7177635 0.2381354
vn -0.5353149 0.7178736 0.4450796
vn -0.4479667 0.7178736 0.5329012
vn -0.6543003 0.7177634 0.2381337
vn -0.6855962 0.7179862 -0.1202279
vn -0.5328935 0.7178727 -0.4479781
vn -0.7178729 0.5880983 -0.372559
vn -0.9623911 0.2692909 -0.03587304
vn -0.9094643 0.3508431 -0.2231259
vn -0.7192567 0.6888666 -0.0901873
vn -0.8087155 0.2729319 -0.5210456
vn -0.8359052 0.2101216 -0.5070628
vn -0.9093041 -0.09017078 -0.4062465
vn -0.7178758 -0.02860325 -0.6955841
vn -0.9094808 -0.280644 -0.3067323
vn -0.7178723 -0.3725672 -0.5880933
vn -0.9097347 -0.3958226 -0.1253325
vn -0.7178747 -0.6166884 -0.3230357
vn -0.9625037 -0.2690543 0.03460715
vn -0.4597001 -0.8805611 0.1152776
vn -0.7178747 -0.5127544 0.4708929
vn -0.9101999 -0.3502595 0.2210326
vn -0.7178739 -0.2086243 0.6641794
vn -0.910369 -0.192292 0.3664058
vn -0.8087152 0.1279306 0.5741206
vn -0.8379252 0.07119393 0.5411226
vn -0.9101778 0.2807226 0.3045852
vn -0.7178747 0.4708851 0.5127609
vn -0.9099267 0.3959948 0.1233801
vn -0.7178737 0.6641788 0.2086255
vn 0.2505635 0.9599102 -0.1256633
vn 0.5664992 0.7299832 0.3823662
vn 0.7178746 0.3725586 0.588096
vn 0.7178742 0.02859475 0.695586
vn 0.7178731 -0.3230203 0.6166986
vn 0.717876 -0.5880927 0.3725621
vn 0.4596982 -0.880562 0.1152785
vn 0.5665013 -0.7861901 -0.2469454
vn 0.7178727 -0.4708815 -0.512767
vn 0.7178757 -0.1514264 -0.6795037
vn 0.7178742 0.2086258 -0.6641786
vn 0.7178742 0.5127688 -0.470878
vn -0.7178772 0.588089 -0.3725653
vn 0.4597025 0.8805631 -0.1152534
vn -0.4597028 0.8805633 -0.1152501
vn 0.7178773 0.5127428 -0.4709017
vn -0.7178699 0.3230121 -0.6167068
vn 0.8087118 0.1762749 -0.5611717
vn -0.7178759 -0.02857547 -0.6955851
vn 0.717876 -0.1514039 -0.6795086
vn -0.7178771 -0.3725688 -0.5880864
vn 0.7178773 -0.4709048 -0.5127393
vn -0.5664946 -0.7299974 -0.3823459
vn 0.7178696 -0.6641816 -0.2086306
vn 0.9004789 0.431223 -0.05644079
vn 0.7178763 0.588108 -0.3725371
vn 0.5665002 0.3823686 -0.7299815
vn 0.7178724 -0.02858867 -0.6955882
vn 0.7178763 -0.3725407 -0.5881052
vn 0.7178743 -0.6166947 -0.3230246
vn 0.7192525 -0.6888739 0.09016366
vn 0.7192566 -0.68887 0.09016089
vn 0.7178772 -0.5880889 0.3725654
vn -0.250564 -0.9599137 0.1256355
vn -0.7178773 -0.5127426 0.4709017
vn 0.7178699 -0.3230121 0.6167068
vn -0.71787 -0.2086321 0.6641811
vn 0.8087165 0.02414352 0.5877038
vn -0.717876 0.1514038 0.6795084
vn 0.7178742 0.3725569 0.5880975
vn -0.7178759 0.4708935 0.5127517
vn 0.7178717 0.6167001 0.32302
vn -0.566495 0.7861926 0.2469518
vn 0.7178762 -0.5127704 0.4708732
vn 0.7178745 -0.2086231 0.664179
vn 0.5664976 0.1792078 0.8043419
vn 0.7178762 0.4708761 0.5127672
vn 0.7178743 0.6641795 0.2086217
vn -0.7178746 -0.3230274 0.6166933
vn -0.7178763 -0.588108 0.372537
vn -0.9004789 -0.431223 0.05644078
vn -0.7178743 -0.6641794 -0.2086218
vn -0.7178762 -0.4708762 -0.5127671
vn -0.7178723 -0.1513962 -0.6795142
vn -0.5665001 0.246948 -0.7861906
vn -0.7178762 0.5127705 -0.4708732
vn -0.7192525 0.688874 -0.09016371
vn -0.7178743 0.6166947 0.3230246
vn -0.7178763 0.3725406 0.5881053
vn -0.5664977 0.03384056 0.8233687
vn -0.7178772 0.5880889 -0.3725654
vn -0.7192566 0.68887 -0.09016082
vn -0.8087131 0.2729307 -0.5210499
vn -0.7178735 -0.02860256 -0.6955864
vn -0.7178771 -0.3725688 -0.5880863
vn -0.7178711 -0.6166992 -0.3230233
vn -0.4597025 -0.8805631 0.1152533
vn -0.7178758 -0.5127552 0.4708904
vn -0.7178732 -0.208643 0.6641741
vn -0.8087179 0.1279453 0.5741134
vn -0.7178758 0.4708936 0.5127516
vn -0.7178696 0.6641816 0.2086306
vn -0.7178728 -0.6641748 -0.2086415
vn -0.7178758 -0.4708935 -0.5127518
vn -0.9004806 -0.4312193 0.05644216
vn -0.7178773 -0.5880889 0.3725652
vn -0.7178714 -0.3230262 0.6166975
vn -0.5665063 0.03385736 0.8233621
vn -0.7178722 0.3725796 0.5880856
vn -0.7178711 0.6166992 0.3230232
vn -0.7192566 0.68887 -0.09016082
vn -0.7178753 0.5127588 -0.4708872
vn -0.5665017 0.2469492 -0.786189
vn -0.7178711 -0.1514302 -0.6795077
vn -0.7178745 0.5881044 -0.3725463
vn -0.7192527 0.6888714 -0.09018142
vn -0.8087158 0.2729138 -0.5210546
vn -0.7178738 -0.02858998 -0.6955867
vn -0.7178744 -0.3725497 -0.5881018
vn -0.7178748 -0.6167027 -0.3230081
vn -0.4597012 -0.8805617 0.1152685
vn -0.7178742 -0.5127582 0.4708896
vn -0.7178748 -0.2086311 0.6641762
vn -0.8087171 0.1279219 0.5741199
vn -0.7178757 0.4708856 0.512759
vn -0.7178737 0.664187 0.2085994
vn -0.7178714 -0.6641848 -0.2086147
vn -0.717876 -0.4708886 -0.5127561
vn -0.9004809 -0.4312199 0.05643398
vn -0.7178761 -0.5880916 0.3725633
vn -0.7178755 -0.3230143 0.6166989
vn -0.5665011 0.03385164 0.8233659
vn -0.7178738 0.3725573 0.5880977
vn -0.7178752 0.6167005 0.3230115
vn -0.7192524 0.6888715 -0.09018355
vn -0.717876 0.5127594 -0.4708855
vn -0.5664969 0.2469391 -0.7861956
vn -0.7178758 -0.1513957 -0.6795106
vn -0.9093867 0.3059596 -0.2817902
vn -0.8366554 0.5429343 -0.07232649
vn -0.9622266 0.1042252 -0.251512
vn -0.9092695 -0.01692613 -0.4158651
vn -0.9094085 -0.2220304 -0.3516815
vn -0.909645 -0.3675359 -0.1935575
vn -0.8372092 -0.5424144 0.06977441
vn -0.9102737 -0.3053441 0.2795855
vn -0.9103903 -0.1241417 0.3946892
vn -0.9626589 0.03530621 0.2684075
vn -0.91025 0.2221197 0.3494407
vn -0.9100166 0.3676659 0.191553
vn -0.6377364 0.7006898 0.3198855
vn -0.6771431 -0.2761011 -0.6820895
vn -0.5562626 0.613682 -0.5603281
vn -0.3407056 -0.6483992 0.6808079
vn -0.6839175 0.696087 0.2184505
vn -0.6067297 -0.3087628 -0.7324924
vn -0.5350252 0.5445456 -0.6459254
vn -0.3419588 -0.696087 0.631291
vn -0.7192237 0.1795952 0.6711659
vn -0.7178748 -0.4469191 0.5337793
vn -0.613288 0.5581221 0.5589079
vn -0.3250832 -0.1627489 0.9315764
vn -0.7178448 -0.6539007 0.2389847
vn -0.7179044 0.6857563 0.1198019
vn -0.7179044 -0.6857563 -0.1198019
vn -0.7178446 0.6539018 -0.2389827
vn -0.7084221 -0.5883321 -0.389877
vn -0.7084222 0.5640265 -0.4242797
vn -0.5872436 -0.4463809 -0.6751959
vn -0.3411041 0.259609 -0.9034667
vn -0.6860319 -0.7177634 0.1190673
vn -0.653203 -0.7179868 -0.2404611
vn -0.4450724 -0.7178721 -0.5353229
vn -0.1130935 0.9005416 0.4198034
vn -0.447978 0.7178742 0.5328909
vn -0.6543026 0.7177628 0.2381286
vn -0.685598 0.7179854 -0.1202234
vn -0.5328968 0.7178731 -0.4479736
vn -0.2381354 0.7177636 -0.6542999
vn 0.1202232 0.7179855 -0.6855981
vn 0.4479737 0.717873 -0.5328968
vn 0.6542997 0.7177635 -0.2381357
vn 0.685598 0.7179853 0.1202227
vn 0.5328916 0.7178742 0.4479773
vn 0.2287041 0.4595695 0.8581903
vn 0.1789354 -0.7191289 0.6714441
vn 0.6532156 -0.7179843 0.2404352
vn -0.2054336 -0.6134297 0.762563
vn 0.604596 -0.3250598 0.7271871
vn 0.6860353 -0.7177616 -0.1190575
vn -0.5353325 -0.7178745 0.4450579
vn 0.5353325 -0.7178743 -0.4450572
vn -0.6860353 -0.7177616 0.1190582
vn 0.2404622 -0.7179868 -0.6532022
vn -0.6532157 -0.7179842 -0.2404344
vn -0.1409366 -0.5663781 -0.8120056
vn -0.6046048 -0.325059 -0.7271796
vn 0.4082486 0.4082485 -0.816497

vt 0.423674 0.806662
vt 0.417252 0.784663
vt 0.42975 0.785139
vt 0.411743 0.806243
vt 0.41415 0.824575
vt 0.421598 0.814554
vt 0.426432 0.824975
vt 0.434717 0.815
vt 0.452089 0.781134
vt 0.447041 0.782697
vt 0.452581 0.783436
vt 0.446607 0.780386
vt 0.453374 0.787591
vt 0.4484 0.788774
vt 0.453847 0.789814
vt 0.448817 0.790982
vt 0.295288 0.082901
vt 0.305386 0.114889
vt 0.305362 0.082889
vt 0.295311 0.11474
vt 0.291198 0.088393
vt 0.291217 0.114746
vt 0.295291 0.088388
vt 0.283662 0.088399
vt 0.283681 0.114752
vt 0.276781 0.114757
vt 0.276761 0.088404
vt 0.253595 0.114769
vt 0.268106 0.088409
vt 0.253569 0.079771
vt 0.462668 0.737336
vt 0.450468 0.75149
vt 0.463747 0.748378
vt 0.436592 0.745698
vt 0.456346 0.779043
vt 0.470348 0.776071
vt 0.453235 0.766551
vt 0.456113 0.777305
vt 0.46044 0.797566
vt 0.46178 0.733653
vt 0.435898 0.742057
vt 0.449698 0.747878
vt 0.46412 0.753248
vt 0.451101 0.756511
vt 0.466511 0.763341
vt 0.467191 0.768109
vt 0.465659 0.771716
vt 0.461569 0.775451
vt 0.472061 0.78873
vt 0.470412 0.792198
vt 0.466115 0.795786
vt 0.450776 0.778434
vt 0.455424 0.777915
vt 0.447385 0.801992
vt 0.442768 0.777773
vt 0.445606 0.753096
vt 0.450043 0.752554
vt 0.455249 0.773257
vt 0.426206 0.760935
vt 0.467105 0.766247
vt 0.426818 0.764601
vt 0.466239 0.762591
vt 0.450233 0.756147
vt 0.46934 0.756953
vt 0.470243 0.760643
vt 0.451013 0.759842
vt 0.431142 0.748952
vt 0.431813 0.752687
vt 0.453261 0.749905
vt 0.454078 0.753634
vt 0.39373 0.70283
vt 0.459319 0.716609
vt 0.391068 0.713355
vt 0.464022 0.706283
vt 0.393058 0.730648
vt 0.395874 0.720311
vt 0.461644 0.733757
vt 0.46658 0.723617
vt 0.37285 0.403189
vt 0.372573 0.392381
vt 0.365506 0.394688
vt 0.380025 0.401906
vt 0.366035 0.387431
vt 0.373154 0.396269
vt 0.372917 0.385039
vt 0.380149 0.394933
vt 0.476217 0.767682
vt 0.437941 0.753171
vt 0.480163 0.754995
vt 0.432356 0.765864
vt 0.435656 0.784569
vt 0.44158 0.772286
vt 0.392362 0.804129
vt 0.438651 0.771037
vt 0.44468 0.805876
vt 0.389214 0.76915
vt 0.412897 0.745034
vt 0.407617 0.706089
vt 0.448572 0.799046
vt 0.433218 0.772571
vt 0.446309 0.743965
vt 0.427118 0.735257
vt 0.438869 0.704684
vt 0.442157 0.763654
vt 0.291326 0.090266
vt 0.238123 0.115169
vt 0.291361 0.115144
vt 0.238088 0.09029
vt 0.30764 0.090254
vt 0.307674 0.115133
vt 0.432849 0.809615
vt 0.432939 0.803618
vt 0.4345 0.809209
vt 0.431351 0.804156
vt 0.435423 0.806201
vt 0.433821 0.800555
vt 0.437483 0.788125
vt 0.435675 0.782175
vt 0.428461 0.814488
vt 0.429828 0.819755
vt 0.424257 0.828712
vt 0.423037 0.82362
vt 0.439924 0.793759
vt 0.437643 0.80071
vt 0.440517 0.800117
vt 0.43711 0.794512
vt 0.445859 0.776243
vt 0.446611 0.782899
vt 0.432603 0.807728
vt 0.432164 0.801666
vt 0.429697 0.809713
vt 0.430081 0.815615
vt 0.428237 0.817711
vt 0.428591 0.823577
vt 0.444257 0.762012
vt 0.454209 0.759145
vt 0.442635 0.752218
vt 0.455991 0.768834
vt 0.413847 0.760385
vt 0.412739 0.750579
vt 0.404867 0.785755
vt 0.449515 0.796916
vt 0.447523 0.801485
vt 0.444852 0.801829
vt 0.400633 0.78663
vt 0.38949 0.808591
vt 0.405202 0.829352
vt 0.387296 0.820322
vt 0.397451 0.832955
vt 0.396826 0.824604
vt 0.404482 0.821106
vt 0.426903 0.822118
vt 0.427912 0.830351
vt 0.383371 0.832343
vt 0.382927 0.823984
vt 0.386774 0.811679
vt 0.388925 0.799894
vt 0.438283 0.81725
vt 0.393207 0.79697
vt 0.437074 0.808715
vt 0.44347 0.792969
vt 0.399847 0.777497
vt 0.403994 0.776388
vt 0.446067 0.792406
vt 0.39256 0.788037
vt 0.448003 0.787744
vt 0.377646 0.818061
vt 0.358564 0.814424
vt 0.376913 0.815043
vt 0.359067 0.817443
vt 0.376548 0.810083
vt 0.358345 0.809457
vt 0.376634 0.804465
vt 0.358457 0.803826
vt 0.377149 0.799588
vt 0.358871 0.798933
vt 0.377968 0.796697
vt 0.359487 0.796027
vt 0.378888 0.796608
vt 0.360151 0.795929
vt 0.379663 0.799453
vt 0.360685 0.798773
vt 0.38007 0.804539
vt 0.360933 0.803866
vt 0.379984 0.810457
vt 0.360819 0.809798
vt 0.379428 0.815507
vt 0.360374 0.814865
vt 0.378566 0.818271
vt 0.359728 0.817644
vt 0.37753 0.820054
vt 0.378623 0.820337
vt 0.403628 0.820916
vt 0.376664 0.816451
vt 0.402379 0.817313
vt 0.401711 0.81145
vt 0.376235 0.810575
vt 0.401772 0.804831
vt 0.376338 0.803935
vt 0.402545 0.799084
vt 0.376945 0.798162
vt 0.403849 0.795663
vt 0.377914 0.794716
vt 0.405366 0.79554
vt 0.379006 0.794578
vt 0.406692 0.798901
vt 0.379931 0.797936
vt 0.407445 0.804942
vt 0.380419 0.80399
vt 0.407389 0.81198
vt 0.380317 0.811052
vt 0.406538 0.817968
vt 0.379651 0.817069
vt 0.40515 0.821212
vt 0.404961 0.817507
vt 0.436745 0.81844
vt 0.438216 0.818621
vt 0.403873 0.817338
vt 0.405946 0.815166
vt 0.439519 0.816302
vt 0.406546 0.810907
vt 0.440282 0.812068
vt 0.406587 0.805916
vt 0.440282 0.807099
vt 0.406057 0.801612
vt 0.43952 0.802806
vt 0.405116 0.799181
vt 0.438223 0.800373
vt 0.404031 0.799227
vt 0.436758 0.800405
vt 0.403089 0.801658
vt 0.435514 0.802815
vt 0.402529 0.805794
vt 0.434803 0.806926
vt 0.402486 0.81057
vt 0.434798 0.811683
vt 0.402972 0.814783
vt 0.435501 0.815885
vt 0.43957 0.756122
vt 0.46548 0.760005
vt 0.441507 0.759005
vt 0.463172 0.757116
vt 0.46185 0.751458
vt 0.43848 0.750456
vt 0.461812 0.744495
vt 0.438483 0.743472
vt 0.463061 0.737931
vt 0.439571 0.73688
vt 0.465311 0.733409
vt 0.441495 0.732328
vt 0.46802 0.732178
vt 0.443791 0.731074
vt 0.471013 0.732266
vt 0.446321 0.73114
vt 0.473012 0.739986
vt 0.447973 0.738871
vt 0.472018 0.747957
vt 0.447093 0.746874
vt 0.470626 0.754851
vt 0.445882 0.7538
vt 0.46821 0.759239
vt 0.443818 0.758218
vt 0.457277 0.71073
vt 0.466467 0.706234
vt 0.4592 0.712902
vt 0.463004 0.705414
vt 0.469549 0.698203
vt 0.465367 0.699067
vt 0.467316 0.690924
vt 0.463542 0.693372
vt 0.460092 0.686565
vt 0.457851 0.689989
vt 0.449867 0.686553
vt 0.449853 0.689983
vt 0.448543 0.709105
vt 0.455987 0.706089
vt 0.448544 0.707102
vt 0.454683 0.704601
vt 0.461638 0.700753
vt 0.459314 0.700193
vt 0.463952 0.694381
vt 0.461174 0.694962
vt 0.462121 0.688663
vt 0.459639 0.690298
vt 0.456473 0.685264
vt 0.455011 0.68754
vt 0.448555 0.685253
vt 0.448554 0.687534
vt 0.440696 0.688644
vt 0.442136 0.690286
vt 0.435156 0.694381
vt 0.43758 0.694964
vt 0.433369 0.700778
vt 0.436074 0.700213
vt 0.435615 0.706123
vt 0.437889 0.704626
vt 0.441153 0.709121
vt 0.442442 0.707113
vt 0.464711 0.711238
vt 0.460823 0.718684
vt 0.468211 0.71205
vt 0.458888 0.716528
vt 0.467137 0.704925
vt 0.471374 0.704061
vt 0.465319 0.69926
vt 0.469153 0.69682
vt 0.459574 0.695898
vt 0.461861 0.692488
vt 0.451475 0.6959
vt 0.451507 0.692485
vt 0.452445 0.702017
vt 0.445943 0.704691
vt 0.443408 0.699275
vt 0.441299 0.709219
vt 0.437698 0.70497
vt 0.439722 0.714292
vt 0.435822 0.711309
vt 0.441503 0.71855
vt 0.438077 0.716595
vt 0.446064 0.720942
vt 0.44371 0.719551
vt 0.451258 0.719523
vt 0.452213 0.720918
vt 0.458427 0.71849
vt 0.463145 0.714225
vt 0.465081 0.709168
vt 0.463588 0.704664
vt 0.458954 0.70201
vt 0.459905 0.720123
vt 0.452186 0.72312
vt 0.465806 0.714834
vt 0.46828 0.708522
vt 0.466463 0.702857
vt 0.460665 0.699497
vt 0.452476 0.699503
vt 0.444309 0.702884
vt 0.438521 0.708583
vt 0.436609 0.714922
vt 0.438875 0.720202
vt 0.444559 0.723152
vt 0.454978 0.690713
vt 0.455505 0.689551
vt 0.455667 0.690094
vt 0.454826 0.690174
vt 0.455792 0.688801
vt 0.455963 0.689348
vt 0.455584 0.688122
vt 0.455755 0.688672
vt 0.454909 0.687715
vt 0.455075 0.688268
vt 0.453955 0.687714
vt 0.454108 0.688267
vt 0.454797 0.690512
vt 0.454647 0.689971
vt 0.453953 0.688034
vt 0.454105 0.688586
vt 0.453098 0.687909
vt 0.453352 0.688901
vt 0.452581 0.688444
vt 0.452819 0.689433
vt 0.452414 0.689042
vt 0.452643 0.690025
vt 0.452624 0.689541
vt 0.452854 0.690518
vt 0.453141 0.689821
vt 0.45338 0.690794
vt 0.454085 0.690792
vt 0.453831 0.689819
vt 0.453832 0.687592
vt 0.4547 0.688034
vt 0.454571 0.687593
vt 0.455232 0.68835
vt 0.455099 0.68791
vt 0.455402 0.688882
vt 0.45527 0.688444
vt 0.455181 0.689474
vt 0.455054 0.689039
vt 0.454526 0.689537
vt 0.44828 0.682971
vt 0.44839 0.677823
vt 0.449736 0.682968
vt 0.446998 0.677821
vt 0.445951 0.677214
vt 0.447193 0.682377
vt 0.445521 0.676142
vt 0.44676 0.681324
vt 0.445846 0.674871
vt 0.44712 0.680071
vt 0.446865 0.673742
vt 0.448207 0.678955
vt 0.448315 0.673082
vt 0.449739 0.678298
vt 0.449784 0.673088
vt 0.45128 0.6783
vt 0.450849 0.673758
vt 0.452384 0.678958
vt 0.451218 0.674888
vt 0.452751 0.680071
vt 0.450817 0.676154
vt 0.452307 0.681319
vt 0.44978 0.67722
vt 0.451201 0.682371
vt 0.338231 0.048671
vt 0.338203 0.032856
vt 0.338215 0.048674
vt 0.33822 0.032853
vt 0.335165 0.032853
vt 0.335176 0.048671
vt 0.329857 0.032856
vt 0.329869 0.048674
vt 0.323719 0.032861
vt 0.323731 0.048679
vt 0.318395 0.032866
vt 0.318407 0.048684
vt 0.315312 0.03287
vt 0.315323 0.048688
vt 0.315295 0.032872
vt 0.315307 0.04869
vt 0.31835 0.032872
vt 0.318361 0.04869
vt 0.323657 0.03287
vt 0.323669 0.048688
vt 0.329795 0.032865
vt 0.329807 0.048683
vt 0.33512 0.03286
vt 0.335131 0.048678
vt 0.451159 0.744239
vt 0.456852 0.739431
vt 0.458096 0.744189
vt 0.449978 0.739476
vt 0.444908 0.736972
vt 0.446052 0.741757
vt 0.442964 0.732482
vt 0.444107 0.737299
vt 0.444792 0.727101
vt 0.445973 0.731951
vt 0.450072 0.722271
vt 0.451324 0.727146
vt 0.457431 0.7194
vt 0.458766 0.724286
vt 0.464759 0.719374
vt 0.466165 0.724254
vt 0.469916 0.72219
vt 0.47136 0.72705
vt 0.471494 0.726974
vt 0.47293 0.731802
vt 0.469212 0.732336
vt 0.470602 0.737132
vt 0.463845 0.736854
vt 0.465164 0.741624
vt 0.466283 0.742796
vt 0.458043 0.745772
vt 0.473561 0.768967
vt 0.464836 0.771849
vt 0.456355 0.771946
vt 0.449963 0.745833
vt 0.443991 0.742954
vt 0.450153 0.769224
vt 0.441679 0.737762
vt 0.447838 0.764266
vt 0.443818 0.731497
vt 0.450227 0.75825
vt 0.450073 0.725837
vt 0.456942 0.752784
vt 0.458828 0.722456
vt 0.466246 0.74949
vt 0.467542 0.722421
vt 0.475428 0.749416
vt 0.472107 0.727579
vt 0.478499 0.748715
vt 0.473523 0.731986
vt 0.479865 0.752942
vt 0.467542 0.722421
vt 0.47528 0.748788
vt 0.467542 0.722421
vt 0.474819 0.748592
vt 0.466089 0.751979
vt 0.473309 0.751918
vt 0.467462 0.75701
vt 0.460052 0.75957
vt 0.45876 0.754554
vt 0.454645 0.763835
vt 0.453423 0.758852
vt 0.452654 0.768562
vt 0.451471 0.763622
vt 0.454444 0.772487
vt 0.453262 0.767585
vt 0.459407 0.774652
vt 0.458192 0.769776
vt 0.464971 0.769701
vt 0.466246 0.774571
vt 0.47475 0.756943
vt 0.478315 0.754382
vt 0.479789 0.759381
vt 0.479742 0.758603
vt 0.481206 0.763563
vt 0.477349 0.763358
vt 0.478767 0.768277
vt 0.471936 0.767384
vt 0.473284 0.77227
vt 0.480397 0.763932
vt 0.483486 0.757939
vt 0.481751 0.752571
vt 0.394912 0.749666
vt 0.392209 0.75647
vt 0.393519 0.747669
vt 0.393046 0.761993
vt 0.395451 0.735141
vt 0.3939 0.737386
vt 0.393234 0.728723
vt 0.394489 0.723001
vt 0.391749 0.724168
vt 0.392383 0.716814
vt 0.389903 0.724759
vt 0.389812 0.71787
vt 0.388199 0.730016
vt 0.387479 0.725268
vt 0.38592 0.736774
vt 0.387048 0.73839
vt 0.385453 0.749606
vt 0.386705 0.747795
vt 0.386179 0.760883
vt 0.387248 0.756009
vt 0.388574 0.760992
vt 0.387979 0.767894
vt 0.390383 0.761277
vt 0.390478 0.768524
vt 0.380738 0.761488
vt 0.378532 0.768045
vt 0.376417 0.767429
vt 0.374927 0.76042
vt 0.374366 0.749133
vt 0.374824 0.736281
vt 0.3762 0.724749
vt 0.378211 0.717324
vt 0.380394 0.716248
vt 0.382149 0.722428
vt 0.382905 0.73458
vt 0.382378 0.74913
vt 0.453804 0.747851
vt 0.447902 0.751882
vt 0.452796 0.752091
vt 0.44888 0.747638
vt 0.454008 0.742931
vt 0.449082 0.742714
vt 0.453348 0.73873
vt 0.44845 0.738512
vt 0.452023 0.736413
vt 0.447173 0.736196
vt 0.450412 0.736562
vt 0.445618 0.736347
vt 0.44733 0.749866
vt 0.448007 0.746911
vt 0.448147 0.743494
vt 0.447711 0.740569
vt 0.446825 0.73894
vt 0.44574 0.739023
vt 0.444746 0.740759
vt 0.444203 0.738847
vt 0.443289 0.74299
vt 0.44895 0.739058
vt 0.448008 0.743197
vt 0.443097 0.747702
vt 0.447815 0.747907
vt 0.443676 0.751796
vt 0.448419 0.751999
vt 0.444889 0.754214
vt 0.449678 0.754417
vt 0.446434 0.754273
vt 0.451278 0.754479
vt 0.4441 0.743665
vt 0.443966 0.746979
vt 0.444376 0.749851
vt 0.44523 0.75153
vt 0.44631 0.751549
vt 0.43207 0.746463
vt 0.432202 0.743143
vt 0.432798 0.74023
vt 0.433707 0.738488
vt 0.434696 0.7384
vt 0.435497 0.740028
vt 0.435885 0.742956
vt 0.435748 0.746379
vt 0.435124 0.749341
vt 0.434191 0.751031
vt 0.433207 0.751016
vt 0.432435 0.749337
vt 0.436541 0.747103
vt 0.435639 0.751358
vt 0.436739 0.742171
vt 0.436176 0.737964
vt 0.43502 0.73565
vt 0.433604 0.735807
vt 0.432309 0.738317
vt 0.431465 0.74247
vt 0.431277 0.747191
vt 0.431793 0.751288
vt 0.43289 0.753705
vt 0.434296 0.753759
vt 0.422999 0.735332
vt 0.424292 0.735168
vt 0.42181 0.73785
vt 0.421028 0.742012
vt 0.420844 0.746739
vt 0.421303 0.75084
vt 0.422297 0.753256
vt 0.42358 0.753304
vt 0.424813 0.750895
vt 0.425648 0.746631
vt 0.425842 0.741692
vt 0.42534 0.737481
vt 0.426233 0.747215
vt 0.425187 0.752523
vt 0.426475 0.741052
vt 0.425845 0.735811
vt 0.424535 0.732956
vt 0.422929 0.733191
vt 0.421461 0.736332
vt 0.420498 0.741482
vt 0.420271 0.747318
vt 0.420834 0.752391
vt 0.422061 0.755404
vt 0.423651 0.755495
vt 0.393398 0.731858
vt 0.394575 0.731602
vt 0.392297 0.735028
vt 0.39155 0.740208
vt 0.391334 0.746068
vt 0.391703 0.751153
vt 0.392574 0.754162
vt 0.393737 0.754236
vt 0.394886 0.751234
vt 0.395696 0.745894
vt 0.395926 0.739705
vt 0.395509 0.734451
vt 0.396447 0.746924
vt 0.395346 0.754117
vt 0.396759 0.738552
vt 0.396188 0.731472
vt 0.394922 0.727695
vt 0.393342 0.728112
vt 0.391877 0.732396
vt 0.390888 0.7393
vt 0.390602 0.747082
vt 0.391086 0.753858
vt 0.39224 0.757923
vt 0.393795 0.758097
vt 0.245643 0.078037
vt 0.228048 0.051698
vt 0.228074 0.07805
vt 0.245617 0.051685
vt 0.36602 0.074634
vt 0.352042 0.059986
vt 0.352053 0.074644
vt 0.36601 0.059976
vt 0.28163 0.068114
vt 0.278459 0.056313
vt 0.278471 0.073595
vt 0.281625 0.061789
vt 0.272978 0.053154
vt 0.272996 0.076761
vt 0.266653 0.053159
vt 0.26667 0.076766
vt 0.261177 0.056326
vt 0.26119 0.073607
vt 0.255986 0.060763
vt 0.255992 0.069178
vt 0.472659 0.737565
vt 0.475431 0.731326
vt 0.473632 0.725729
vt 0.456811 0.740869
vt 0.46485 0.737919
vt 0.471052 0.73273
vt 0.473725 0.726543
vt 0.471939 0.720994
vt 0.465979 0.717713
vt 0.457479 0.717742
vt 0.448951 0.721084
vt 0.442866 0.726688
vt 0.440796 0.732901
vt 0.443071 0.738058
vt 0.448915 0.740923
vt 0.437072 0.685537
vt 0.430883 0.678499
vt 0.442903 0.685544
vt 0.432683 0.682991
vt 0.432242 0.673174
vt 0.448726 0.683018
vt 0.436515 0.668446
vt 0.453071 0.678551
vt 0.442589 0.665676
vt 0.454753 0.673245
vt 0.448743 0.665703
vt 0.453205 0.66851
vt 0.416929 0.762234
f 2057/2057/2057 2056/2056/2056 2058/2058/2058
f 2059/2059/2059 2056/2056/2056 2057/2057/2057
f 2059/2059/2059 2057/2057/2057 2060/2060/2060
f 2059/2059/2059 2060/2060/2060 2056/2056/2056
f 2060/2060/2060 2057/2057/2057 2061/2061/2061
f 2056/2056/2056 2060/2060/2060 2062/2062/2062
f 2060/2060/2060 2061/2061/2061 2062/2062/2062
f 2056/2056/2056 2062/2062/2062 2058/2058/2058
f 2062/2062/2062 2061/2061/2061 2063/2063/2063
f 2058/2058/2058 2062/2062/2062 2063/2063/2063
f 2065/2065/2065 2064/2064/2064 2066/2066/2066
f 2067/2067/2067 2064/2064/2064 2065/2065/2065
f 2067/2067/2067 2068/2068/2068 2064/2064/2064
f 2064/2064/2064 2068/2068/2068 2066/2066/2066
f 2069/2069/2069 2068/2068/2068 2067/2067/2067
f 2067/2067/2067 2065/2065/2065 2069/2069/2069
f 2066/2066/2066 2070/2070/2070 2065/2065/2065
f 2066/2066/2066 2068/2068/2068 2070/2070/2070
f 2065/2065/2065 2070/2070/2070 2071/2071/2071
f 2069/2069/2069 2065/2065/2065 2071/2071/2071
f 2068/2068/2068 2071/2071/2071 2070/2070/2070
f 2069/2069/2069 2071/2071/2071 2068/2068/2068
f 2073/2073/2073 2072/2072/2072 2074/2074/2074
f 2075/2075/2075 2072/2072/2072 2073/2073/2073
f 2076/2076/2076 2075/2075/2075 2077/2077/2077
f 2078/2078/2078 2075/2075/2075 2076/2076/2076
f 2076/2076/2076 2077/2077/2077 2079/2079/2079
f 2079/2079/2079 2077/2077/2077 2080/2080/2080
f 2081/2081/2081 2079/2079/2079 2080/2080/2080
f 2082/2082/2082 2079/2079/2079 2081/2081/2081
f 2081/2081/2081 2083/2083/2083 2082/2082/2082
f 2082/2082/2082 2083/2083/2083 2084/2084/2084
f 2083/2083/2083 2085/2085/2085 2084/2084/2084
f 2087/2087/2087 2086/2086/2086 2088/2088/2088
f 2089/2089/2089 2086/2086/2086 2087/2087/2087
f 2087/2087/2087 2088/2088/2088 2090/2090/2090
f 2090/2090/2090 2088/2088/2088 2091/2091/2091
f 2087/2087/2087 2090/2090/2090 2092/2092/2092
f 2090/2090/2090 2093/2093/2093 2092/2092/2092
f 2094/2094/2094 2093/2093/2093 2090/2090/2090
f 2089/2089/2089 2095/2095/2095 2086/2086/2086
f 2096/2096/2096 2095/2095/2095 2089/2089/2089
f 2096/2096/2096 2097/2097/2097 2095/2095/2095
f 2097/2097/2097 2089/2089/2089 2087/2087/2087
f 2096/2096/2096 2089/2089/2089 2097/2097/2097
f 2095/2095/2095 2097/2097/2097 2098/2098/2098
f 2086/2086/2086 2098/2098/2098 2088/2088/2088
f 2095/2095/2095 2098/2098/2098 2086/2086/2086
f 2099/2099/2099 2098/2098/2098 2097/2097/2097
f 2092/2092/2092 2099/2099/2099 2087/2087/2087
f 2099/2099/2099 2097/2097/2097 2087/2087/2087
f 2092/2092/2092 2098/2098/2098 2099/2099/2099
f 2100/2100/2100 2088/2088/2088 2098/2098/2098
f 2100/2100/2100 2098/2098/2098 2092/2092/2092
f 2100/2100/2100 2092/2092/2092 2101/2101/2101
f 2101/2101/2101 2092/2092/2092 2093/2093/2093
f 2101/2101/2101 2093/2093/2093 2102/2102/2102
f 2102/2102/2102 2093/2093/2093 2103/2103/2103
f 2090/2090/2090 2104/2104/2104 2094/2094/2094
f 2090/2090/2090 2091/2091/2091 2104/2104/2104
f 2094/2094/2094 2104/2104/2104 2105/2105/2105
f 2094/2094/2094 2105/2105/2105 2106/2106/2106
f 2094/2094/2094 2107/2107/2107 2108/2108/2108
f 2109/2109/2109 2107/2107/2107 2094/2094/2094
f 2109/2109/2109 2110/2110/2110 2107/2107/2107
f 2107/2107/2107 2110/2110/2110 2111/2111/2111
f 2112/2112/2112 2107/2107/2107 2111/2111/2111
f 2108/2108/2108 2107/2107/2107 2112/2112/2112
f 2112/2112/2112 2113/2113/2113 2108/2108/2108
f 2113/2113/2113 2111/2111/2111 2110/2110/2110
f 2112/2112/2112 2111/2111/2111 2113/2113/2113
f 2108/2108/2108 2113/2113/2113 2094/2094/2094
f 2115/2115/2115 2114/2114/2114 2116/2116/2116
f 2117/2117/2117 2114/2114/2114 2115/2115/2115
f 2117/2117/2117 2118/2118/2118 2114/2114/2114
f 2119/2119/2119 2118/2118/2118 2117/2117/2117
f 2117/2117/2117 2115/2115/2115 2119/2119/2119
f 2119/2119/2119 2120/2120/2120 2118/2118/2118
f 2119/2119/2119 2115/2115/2115 2120/2120/2120
f 2118/2118/2118 2120/2120/2120 2121/2121/2121
f 2121/2121/2121 2115/2115/2115 2116/2116/2116
f 2120/2120/2120 2115/2115/2115 2121/2121/2121
f 2114/2114/2114 2122/2122/2122 2116/2116/2116
f 2118/2118/2118 2122/2122/2122 2114/2114/2114
f 2116/2116/2116 2122/2122/2122 2123/2123/2123
f 2116/2116/2116 2123/2123/2123 2121/2121/2121
f 2124/2124/2124 2123/2123/2123 2122/2122/2122
f 2124/2124/2124 2122/2122/2122 2118/2118/2118
f 2121/2121/2121 2124/2124/2124 2118/2118/2118
f 2125/2125/2125 2123/2123/2123 2124/2124/2124
f 2121/2121/2121 2123/2123/2123 2125/2125/2125
f 2125/2125/2125 2124/2124/2124 2121/2121/2121
f 2127/2127/2127 2126/2126/2126 2128/2128/2128
f 2129/2129/2129 2126/2126/2126 2127/2127/2127
f 2126/2126/2126 2130/2130/2130 2128/2128/2128
f 2130/2130/2130 2127/2127/2127 2128/2128/2128
f 2131/2131/2131 2130/2130/2130 2126/2126/2126
f 2126/2126/2126 2129/2129/2129 2131/2131/2131
f 2130/2130/2130 2131/2131/2131 2132/2132/2132
f 2132/2132/2132 2127/2127/2127 2130/2130/2130
f 2132/2132/2132 2131/2131/2131 2133/2133/2133
f 2131/2131/2131 2129/2129/2129 2133/2133/2133
f 2135/2135/2135 2134/2134/2134 2136/2136/2136
f 2137/2137/2137 2134/2134/2134 2135/2135/2135
f 2134/2134/2134 2138/2138/2138 2136/2136/2136
f 2139/2139/2139 2138/2138/2138 2134/2134/2134
f 2140/2140/2140 2137/2137/2137 2135/2135/2135
f 2141/2141/2141 2137/2137/2137 2140/2140/2140
f 2143/2143/2143 2142/2142/2142 2144/2144/2144
f 2145/2145/2145 2142/2142/2142 2143/2143/2143
f 2145/2145/2145 2143/2143/2143 2146/2146/2146
f 2146/2146/2146 2143/2143/2143 2147/2147/2147
f 2149/2149/2149 2148/2148/2148 2150/2150/2150
f 2151/2151/2151 2148/2148/2148 2149/2149/2149
f 2151/2151/2151 2152/2152/2152 2148/2148/2148
f 2153/2153/2153 2152/2152/2152 2151/2151/2151
f 2148/2148/2148 2154/2154/2154 2150/2150/2150
f 2148/2148/2148 2155/2155/2155 2154/2154/2154
f 2152/2152/2152 2155/2155/2155 2148/2148/2148
f 2152/2152/2152 2156/2156/2156 2155/2155/2155
f 2156/2156/2156 2157/2157/2157 2155/2155/2155
f 2157/2157/2157 2153/2153/2153 2151/2151/2151
f 2158/2158/2158 2157/2157/2157 2156/2156/2156
f 2158/2158/2158 2153/2153/2153 2157/2157/2157
f 2159/2159/2159 2151/2151/2151 2149/2149/2149
f 2157/2157/2157 2151/2151/2151 2159/2159/2159
f 2161/2161/2161 2160/2160/2160 2162/2162/2162
f 2163/2163/2163 2160/2160/2160 2161/2161/2161
f 2160/2160/2160 2164/2164/2164 2162/2162/2162
f 2162/2162/2162 2164/2164/2164 2165/2165/2165
f 2167/2167/2167 2166/2166/2166 2168/2168/2168
f 2169/2169/2169 2166/2166/2166 2167/2167/2167
f 2170/2170/2170 2167/2167/2167 2168/2168/2168
f 2171/2171/2171 2167/2167/2167 2170/2170/2170
f 2172/2172/2172 2171/2171/2171 2170/2170/2170
f 2173/2173/2173 2171/2171/2171 2172/2172/2172
f 2169/2169/2169 2174/2174/2174 2166/2166/2166
f 2166/2166/2166 2174/2174/2174 2175/2175/2175
f 2174/2174/2174 2176/2176/2176 2175/2175/2175
f 2177/2177/2177 2176/2176/2176 2174/2174/2174
f 2179/2179/2179 2178/2178/2178 2180/2180/2180
f 2181/2181/2181 2178/2178/2178 2179/2179/2179
f 2178/2178/2178 2182/2182/2182 2180/2180/2180
f 2180/2180/2180 2182/2182/2182 2183/2183/2183
f 2184/2184/2184 2181/2181/2181 2179/2179/2179
f 2185/2185/2185 2181/2181/2181 2184/2184/2184
f 2185/2185/2185 2184/2184/2184 2186/2186/2186
f 2186/2186/2186 2184/2184/2184 2187/2187/2187
f 2186/2186/2186 2187/2187/2187 2188/2188/2188
f 2188/2188/2188 2187/2187/2187 2189/2189/2189
f 2191/2191/2191 2190/2190/2190 2192/2192/2192
f 2193/2193/2193 2190/2190/2190 2191/2191/2191
f 2194/2194/2194 2192/2192/2192 2190/2190/2190
f 2195/2195/2195 2192/2192/2192 2194/2194/2194
f 2196/2196/2196 2190/2190/2190 2193/2193/2193
f 2196/2196/2196 2193/2193/2193 2197/2197/2197
f 2196/2196/2196 2197/2197/2197 2198/2198/2198
f 2199/2199/2199 2196/2196/2196 2198/2198/2198
f 2200/2200/2200 2196/2196/2196 2199/2199/2199
f 2201/2201/2201 2200/2200/2200 2199/2199/2199
f 2201/2201/2201 2199/2199/2199 2202/2202/2202
f 2201/2201/2201 2202/2202/2202 2203/2203/2203
f 2203/2203/2203 2202/2202/2202 2204/2204/2204
f 2202/2202/2202 2205/2205/2205 2204/2204/2204
f 2206/2206/2206 2205/2205/2205 2202/2202/2202
f 2206/2206/2206 2202/2202/2202 2207/2207/2207
f 2207/2207/2207 2202/2202/2202 2208/2208/2208
f 2205/2205/2205 2209/2209/2209 2204/2204/2204
f 2203/2203/2203 2204/2204/2204 2209/2209/2209
f 2210/2210/2210 2209/2209/2209 2205/2205/2205
f 2210/2210/2210 2203/2203/2203 2209/2209/2209
f 2211/2211/2211 2203/2203/2203 2210/2210/2210
f 2210/2210/2210 2205/2205/2205 2211/2211/2211
f 2206/2206/2206 2211/2211/2211 2205/2205/2205
f 2212/2212/2212 2211/2211/2211 2206/2206/2206
f 2202/2202/2202 2213/2213/2213 2208/2208/2208
f 2202/2202/2202 2199/2199/2199 2213/2213/2213
f 2214/2214/2214 2200/2200/2200 2201/2201/2201
f 2215/2215/2215 2206/2206/2206 2207/2207/2207
f 2216/2216/2216 2206/2206/2206 2215/2215/2215
f 2216/2216/2216 2212/2212/2212 2206/2206/2206
f 2217/2217/2217 2212/2212/2212 2216/2216/2216
f 2217/2217/2217 2216/2216/2216 2218/2218/2218
f 2218/2218/2218 2216/2216/2216 2219/2219/2219
f 2217/2217/2217 2220/2220/2220 2212/2212/2212
f 2221/2221/2221 2218/2218/2218 2219/2219/2219
f 2191/2191/2191 2218/2218/2218 2221/2221/2221
f 2218/2218/2218 2191/2191/2191 2192/2192/2192
f 2195/2195/2195 2218/2218/2218 2192/2192/2192
f 2223/2223/2223 2222/2222/2222 2224/2224/2224
f 2225/2225/2225 2222/2222/2222 2223/2223/2223
f 2224/2224/2224 2226/2226/2226 2223/2223/2223
f 2223/2223/2223 2226/2226/2226 2227/2227/2227
f 2226/2226/2226 2228/2228/2228 2227/2227/2227
f 2227/2227/2227 2228/2228/2228 2229/2229/2229
f 2228/2228/2228 2230/2230/2230 2229/2229/2229
f 2229/2229/2229 2230/2230/2230 2231/2231/2231
f 2230/2230/2230 2232/2232/2232 2231/2231/2231
f 2231/2231/2231 2232/2232/2232 2233/2233/2233
f 2232/2232/2232 2234/2234/2234 2233/2233/2233
f 2233/2233/2233 2234/2234/2234 2235/2235/2235
f 2234/2234/2234 2236/2236/2236 2235/2235/2235
f 2235/2235/2235 2236/2236/2236 2237/2237/2237
f 2236/2236/2236 2238/2238/2238 2237/2237/2237
f 2237/2237/2237 2238/2238/2238 2239/2239/2239
f 2238/2238/2238 2240/2240/2240 2239/2239/2239
f 2239/2239/2239 2240/2240/2240 2241/2241/2241
f 2240/2240/2240 2242/2242/2242 2241/2241/2241
f 2241/2241/2241 2242/2242/2242 2243/2243/2243
f 2242/2242/2242 2244/2244/2244 2243/2243/2243
f 2243/2243/2243 2244/2244/2244 2245/2245/2245
f 2244/2244/2244 2222/2222/2222 2245/2245/2245
f 2245/2245/2245 2222/2222/2222 2225/2225/2225
f 2244/2244/2244 2246/2246/2246 2222/2222/2222
f 2247/2247/2247 2246/2246/2246 2244/2244/2244
f 2242/2242/2242 2247/2247/2247 2244/2244/2244
f 2246/2246/2246 2247/2247/2247 2248/2248/2248
f 2248/2248/2248 2249/2249/2249 2246/2246/2246
f 2250/2250/2250 2249/2249/2249 2248/2248/2248
f 2251/2251/2251 2249/2249/2249 2250/2250/2250
f 2252/2252/2252 2249/2249/2249 2251/2251/2251
f 2253/2253/2253 2252/2252/2252 2251/2251/2251
f 2254/2254/2254 2252/2252/2252 2253/2253/2253
f 2255/2255/2255 2254/2254/2254 2253/2253/2253
f 2256/2256/2256 2254/2254/2254 2255/2255/2255
f 2257/2257/2257 2256/2256/2256 2255/2255/2255
f 2258/2258/2258 2256/2256/2256 2257/2257/2257
f 2259/2259/2259 2258/2258/2258 2257/2257/2257
f 2260/2260/2260 2258/2258/2258 2259/2259/2259
f 2261/2261/2261 2260/2260/2260 2259/2259/2259
f 2262/2262/2262 2260/2260/2260 2261/2261/2261
f 2263/2263/2263 2262/2262/2262 2261/2261/2261
f 2264/2264/2264 2262/2262/2262 2263/2263/2263
f 2265/2265/2265 2264/2264/2264 2263/2263/2263
f 2266/2266/2266 2264/2264/2264 2265/2265/2265
f 2267/2267/2267 2266/2266/2266 2265/2265/2265
f 2268/2268/2268 2266/2266/2266 2267/2267/2267
f 2269/2269/2269 2268/2268/2268 2267/2267/2267
f 2247/2247/2247 2268/2268/2268 2269/2269/2269
f 2248/2248/2248 2247/2247/2247 2269/2269/2269
f 2268/2268/2268 2247/2247/2247 2242/2242/2242
f 2240/2240/2240 2268/2268/2268 2242/2242/2242
f 2266/2266/2266 2268/2268/2268 2240/2240/2240
f 2238/2238/2238 2266/2266/2266 2240/2240/2240
f 2264/2264/2264 2266/2266/2266 2238/2238/2238
f 2236/2236/2236 2264/2264/2264 2238/2238/2238
f 2262/2262/2262 2264/2264/2264 2236/2236/2236
f 2234/2234/2234 2262/2262/2262 2236/2236/2236
f 2260/2260/2260 2262/2262/2262 2234/2234/2234
f 2232/2232/2232 2260/2260/2260 2234/2234/2234
f 2258/2258/2258 2260/2260/2260 2232/2232/2232
f 2230/2230/2230 2258/2258/2258 2232/2232/2232
f 2256/2256/2256 2258/2258/2258 2230/2230/2230
f 2228/2228/2228 2256/2256/2256 2230/2230/2230
f 2254/2254/2254 2256/2256/2256 2228/2228/2228
f 2226/2226/2226 2254/2254/2254 2228/2228/2228
f 2252/2252/2252 2254/2254/2254 2226/2226/2226
f 2224/2224/2224 2252/2252/2252 2226/2226/2226
f 2249/2249/2249 2252/2252/2252 2224/2224/2224
f 2224/2224/2224 2246/2246/2246 2249/2249/2249
f 2222/2222/2222 2246/2246/2246 2224/2224/2224
f 2271/2271/2271 2270/2270/2270 2272/2272/2272
f 2273/2273/2273 2270/2270/2270 2271/2271/2271
f 2270/2270/2270 2274/2274/2274 2272/2272/2272
f 2272/2272/2272 2274/2274/2274 2275/2275/2275
f 2274/2274/2274 2276/2276/2276 2275/2275/2275
f 2275/2275/2275 2276/2276/2276 2277/2277/2277
f 2276/2276/2276 2278/2278/2278 2277/2277/2277
f 2277/2277/2277 2278/2278/2278 2279/2279/2279
f 2278/2278/2278 2280/2280/2280 2279/2279/2279
f 2279/2279/2279 2280/2280/2280 2281/2281/2281
f 2281/2281/2281 2277/2277/2277 2279/2279/2279
f 2280/2280/2280 2282/2282/2282 2281/2281/2281
f 2281/2281/2281 2282/2282/2282 2283/2283/2283
f 2283/2283/2283 2275/2275/2275 2277/2277/2277
f 2283/2283/2283 2277/2277/2277 2281/2281/2281
f 2282/2282/2282 2284/2284/2284 2283/2283/2283
f 2283/2283/2283 2284/2284/2284 2285/2285/2285
f 2285/2285/2285 2272/2272/2272 2275/2275/2275
f 2285/2285/2285 2275/2275/2275 2283/2283/2283
f 2284/2284/2284 2286/2286/2286 2285/2285/2285
f 2285/2285/2285 2286/2286/2286 2287/2287/2287
f 2287/2287/2287 2272/2272/2272 2285/2285/2285
f 2286/2286/2286 2288/2288/2288 2287/2287/2287
f 2287/2287/2287 2288/2288/2288 2289/2289/2289
f 2288/2288/2288 2290/2290/2290 2289/2289/2289
f 2289/2289/2289 2290/2290/2290 2291/2291/2291
f 2290/2290/2290 2292/2292/2292 2291/2291/2291
f 2291/2291/2291 2292/2292/2292 2293/2293/2293
f 2291/2291/2291 2293/2293/2293 2289/2289/2289
f 2292/2292/2292 2273/2273/2273 2293/2293/2293
f 2293/2293/2293 2273/2273/2273 2271/2271/2271
f 2289/2289/2289 2293/2293/2293 2271/2271/2271
f 2289/2289/2289 2271/2271/2271 2287/2287/2287
f 2292/2292/2292 2248/2248/2248 2273/2273/2273
f 2250/2250/2250 2248/2248/2248 2292/2292/2292
f 2290/2290/2290 2250/2250/2250 2292/2292/2292
f 2251/2251/2251 2250/2250/2250 2290/2290/2290
f 2288/2288/2288 2251/2251/2251 2290/2290/2290
f 2253/2253/2253 2251/2251/2251 2288/2288/2288
f 2286/2286/2286 2253/2253/2253 2288/2288/2288
f 2255/2255/2255 2253/2253/2253 2286/2286/2286
f 2284/2284/2284 2255/2255/2255 2286/2286/2286
f 2257/2257/2257 2255/2255/2255 2284/2284/2284
f 2282/2282/2282 2257/2257/2257 2284/2284/2284
f 2259/2259/2259 2257/2257/2257 2282/2282/2282
f 2280/2280/2280 2259/2259/2259 2282/2282/2282
f 2261/2261/2261 2259/2259/2259 2280/2280/2280
f 2278/2278/2278 2261/2261/2261 2280/2280/2280
f 2263/2263/2263 2261/2261/2261 2278/2278/2278
f 2276/2276/2276 2263/2263/2263 2278/2278/2278
f 2265/2265/2265 2263/2263/2263 2276/2276/2276
f 2274/2274/2274 2265/2265/2265 2276/2276/2276
f 2267/2267/2267 2265/2265/2265 2274/2274/2274
f 2270/2270/2270 2267/2267/2267 2274/2274/2274
f 2269/2269/2269 2267/2267/2267 2270/2270/2270
f 2273/2273/2273 2269/2269/2269 2270/2270/2270
f 2248/2248/2248 2269/2269/2269 2273/2273/2273
f 2295/2295/2295 2294/2294/2294 2296/2296/2296
f 2297/2297/2297 2294/2294/2294 2295/2295/2295
f 2298/2298/2298 2294/2294/2294 2297/2297/2297
f 2299/2299/2299 2294/2294/2294 2298/2298/2298
f 2300/2300/2300 2299/2299/2299 2298/2298/2298
f 2301/2301/2301 2299/2299/2299 2300/2300/2300
f 2294/2294/2294 2301/2301/2301 2296/2296/2296
f 2299/2299/2299 2301/2301/2301 2294/2294/2294
f 2302/2302/2302 2301/2301/2301 2300/2300/2300
f 2303/2303/2303 2301/2301/2301 2302/2302/2302
f 2303/2303/2303 2296/2296/2296 2301/2301/2301
f 2304/2304/2304 2303/2303/2303 2302/2302/2302
f 2305/2305/2305 2303/2303/2303 2304/2304/2304
f 2306/2306/2306 2305/2305/2305 2304/2304/2304
f 2307/2307/2307 2305/2305/2305 2306/2306/2306
f 2308/2308/2308 2307/2307/2307 2306/2306/2306
f 2309/2309/2309 2307/2307/2307 2308/2308/2308
f 2310/2310/2310 2309/2309/2309 2308/2308/2308
f 2311/2311/2311 2309/2309/2309 2310/2310/2310
f 2312/2312/2312 2311/2311/2311 2310/2310/2310
f 2313/2313/2313 2311/2311/2311 2312/2312/2312
f 2309/2309/2309 2313/2313/2313 2307/2307/2307
f 2311/2311/2311 2313/2313/2313 2309/2309/2309
f 2314/2314/2314 2313/2313/2313 2312/2312/2312
f 2315/2315/2315 2313/2313/2313 2314/2314/2314
f 2307/2307/2307 2315/2315/2315 2305/2305/2305
f 2313/2313/2313 2315/2315/2315 2307/2307/2307
f 2316/2316/2316 2315/2315/2315 2314/2314/2314
f 2317/2317/2317 2315/2315/2315 2316/2316/2316
f 2305/2305/2305 2317/2317/2317 2303/2303/2303
f 2315/2315/2315 2317/2317/2317 2305/2305/2305
f 2295/2295/2295 2317/2317/2317 2316/2316/2316
f 2296/2296/2296 2317/2317/2317 2295/2295/2295
f 2317/2317/2317 2296/2296/2296 2303/2303/2303
f 2319/2319/2319 2318/2318/2318 2320/2320/2320
f 2321/2321/2321 2318/2318/2318 2319/2319/2319
f 2322/2322/2322 2321/2321/2321 2319/2319/2319
f 2323/2323/2323 2321/2321/2321 2322/2322/2322
f 2324/2324/2324 2323/2323/2323 2322/2322/2322
f 2325/2325/2325 2323/2323/2323 2324/2324/2324
f 2326/2326/2326 2325/2325/2325 2324/2324/2324
f 2327/2327/2327 2325/2325/2325 2326/2326/2326
f 2328/2328/2328 2327/2327/2327 2326/2326/2326
f 2329/2329/2329 2327/2327/2327 2328/2328/2328
f 2331/2331/2331 2330/2330/2330 2318/2318/2318
f 2330/2330/2330 2331/2331/2331 2332/2332/2332
f 2332/2332/2332 2331/2331/2331 2333/2333/2333
f 2331/2331/2331 2334/2334/2334 2333/2333/2333
f 2333/2333/2333 2334/2334/2334 2335/2335/2335
f 2334/2334/2334 2336/2336/2336 2335/2335/2335
f 2335/2335/2335 2336/2336/2336 2337/2337/2337
f 2336/2336/2336 2338/2338/2338 2337/2337/2337
f 2337/2337/2337 2338/2338/2338 2339/2339/2339
f 2338/2338/2338 2340/2340/2340 2339/2339/2339
f 2339/2339/2339 2340/2340/2340 2341/2341/2341
f 2340/2340/2340 2342/2342/2342 2341/2341/2341
f 2341/2341/2341 2342/2342/2342 2343/2343/2343
f 2342/2342/2342 2344/2344/2344 2343/2343/2343
f 2343/2343/2343 2344/2344/2344 2345/2345/2345
f 2344/2344/2344 2346/2346/2346 2345/2345/2345
f 2345/2345/2345 2346/2346/2346 2347/2347/2347
f 2346/2346/2346 2348/2348/2348 2347/2347/2347
f 2347/2347/2347 2348/2348/2348 2349/2349/2349
f 2348/2348/2348 2350/2350/2350 2349/2349/2349
f 2349/2349/2349 2350/2350/2350 2351/2351/2351
f 2350/2350/2350 2352/2352/2352 2351/2351/2351
f 2351/2351/2351 2352/2352/2352 2353/2353/2353
f 2353/2353/2353 2352/2352/2352 2332/2332/2332
f 2332/2332/2332 2352/2352/2352 2330/2330/2330
f 2355/2355/2355 2354/2354/2354 2356/2356/2356
f 2357/2357/2357 2354/2354/2354 2355/2355/2355
f 2354/2354/2354 2358/2358/2358 2356/2356/2356
f 2356/2356/2356 2358/2358/2358 2359/2359/2359
f 2358/2358/2358 2360/2360/2360 2359/2359/2359
f 2359/2359/2359 2360/2360/2360 2361/2361/2361
f 2360/2360/2360 2362/2362/2362 2361/2361/2361
f 2361/2361/2361 2362/2362/2362 2363/2363/2363
f 2362/2362/2362 2364/2364/2364 2363/2363/2363
f 2363/2363/2363 2364/2364/2364 2365/2365/2365
f 2362/2362/2362 2366/2366/2366 2364/2364/2364
f 2366/2366/2366 2367/2367/2367 2364/2364/2364
f 2364/2364/2364 2367/2367/2367 2368/2368/2368
f 2367/2367/2367 2369/2369/2369 2368/2368/2368
f 2368/2368/2368 2369/2369/2369 2370/2370/2370
f 2369/2369/2369 2371/2371/2371 2370/2370/2370
f 2370/2370/2370 2371/2371/2371 2372/2372/2372
f 2371/2371/2371 2373/2373/2373 2372/2372/2372
f 2372/2372/2372 2373/2373/2373 2374/2374/2374
f 2373/2373/2373 2375/2375/2375 2374/2374/2374
f 2374/2374/2374 2375/2375/2375 2376/2376/2376
f 2376/2376/2376 2375/2375/2375 2377/2377/2377
f 2377/2377/2377 2375/2375/2375 2378/2378/2378
f 2378/2378/2378 2379/2379/2379 2377/2377/2377
f 2377/2377/2377 2379/2379/2379 2357/2357/2357
f 2379/2379/2379 2380/2380/2380 2357/2357/2357
f 2357/2357/2357 2380/2380/2380 2354/2354/2354
f 2380/2380/2380 2381/2381/2381 2354/2354/2354
f 2354/2354/2354 2381/2381/2381 2358/2358/2358
f 2381/2381/2381 2382/2382/2382 2358/2358/2358
f 2358/2358/2358 2382/2382/2382 2360/2360/2360
f 2382/2382/2382 2383/2383/2383 2360/2360/2360
f 2360/2360/2360 2383/2383/2383 2362/2362/2362
f 2383/2383/2383 2366/2366/2366 2362/2362/2362
f 2378/2378/2378 2384/2384/2384 2379/2379/2379
f 2385/2385/2385 2384/2384/2384 2378/2378/2378
f 2379/2379/2379 2386/2386/2386 2380/2380/2380
f 2384/2384/2384 2386/2386/2386 2379/2379/2379
f 2380/2380/2380 2387/2387/2387 2381/2381/2381
f 2386/2386/2386 2387/2387/2387 2380/2380/2380
f 2381/2381/2381 2388/2388/2388 2382/2382/2382
f 2387/2387/2387 2388/2388/2388 2381/2381/2381
f 2382/2382/2382 2389/2389/2389 2383/2383/2383
f 2388/2388/2388 2389/2389/2389 2382/2382/2382
f 2383/2383/2383 2390/2390/2390 2366/2366/2366
f 2389/2389/2389 2390/2390/2390 2383/2383/2383
f 2390/2390/2390 2391/2391/2391 2366/2366/2366
f 2366/2366/2366 2391/2391/2391 2367/2367/2367
f 2391/2391/2391 2392/2392/2392 2367/2367/2367
f 2367/2367/2367 2392/2392/2392 2369/2369/2369
f 2392/2392/2392 2393/2393/2393 2369/2369/2369
f 2369/2369/2369 2393/2393/2393 2371/2371/2371
f 2393/2393/2393 2394/2394/2394 2371/2371/2371
f 2371/2371/2371 2394/2394/2394 2373/2373/2373
f 2394/2394/2394 2395/2395/2395 2373/2373/2373
f 2373/2373/2373 2395/2395/2395 2375/2375/2375
f 2378/2378/2378 2395/2395/2395 2385/2385/2385
f 2375/2375/2375 2395/2395/2395 2378/2378/2378
f 2397/2397/2397 2396/2396/2396 2398/2398/2398
f 2399/2399/2399 2396/2396/2396 2397/2397/2397
f 2397/2397/2397 2398/2398/2398 2400/2400/2400
f 2400/2400/2400 2398/2398/2398 2401/2401/2401
f 2400/2400/2400 2401/2401/2401 2402/2402/2402
f 2402/2402/2402 2401/2401/2401 2403/2403/2403
f 2402/2402/2402 2403/2403/2403 2404/2404/2404
f 2404/2404/2404 2403/2403/2403 2405/2405/2405
f 2404/2404/2404 2405/2405/2405 2406/2406/2406
f 2406/2406/2406 2405/2405/2405 2407/2407/2407
f 2399/2399/2399 2408/2408/2408 2396/2396/2396
f 2409/2409/2409 2408/2408/2408 2399/2399/2399
f 2407/2407/2407 2410/2410/2410 2406/2406/2406
f 2411/2411/2411 2410/2410/2410 2407/2407/2407
f 2410/2410/2410 2411/2411/2411 2412/2412/2412
f 2412/2412/2412 2411/2411/2411 2413/2413/2413
f 2412/2412/2412 2413/2413/2413 2414/2414/2414
f 2414/2414/2414 2413/2413/2413 2415/2415/2415
f 2414/2414/2414 2415/2415/2415 2416/2416/2416
f 2416/2416/2416 2415/2415/2415 2417/2417/2417
f 2416/2416/2416 2417/2417/2417 2418/2418/2418
f 2418/2418/2418 2417/2417/2417 2419/2419/2419
f 2418/2418/2418 2419/2419/2419 2420/2420/2420
f 2420/2420/2420 2419/2419/2419 2421/2421/2421
f 2421/2421/2421 2422/2422/2422 2420/2420/2420
f 2409/2409/2409 2422/2422/2422 2408/2408/2408
f 2420/2420/2420 2422/2422/2422 2423/2423/2423
f 2423/2423/2423 2422/2422/2422 2409/2409/2409
f 2424/2424/2424 2410/2410/2410 2412/2412/2412
f 2424/2424/2424 2425/2425/2425 2410/2410/2410
f 2426/2426/2426 2425/2425/2425 2424/2424/2424
f 2426/2426/2426 2427/2427/2427 2425/2425/2425
f 2428/2428/2428 2427/2427/2427 2426/2426/2426
f 2428/2428/2428 2429/2429/2429 2427/2427/2427
f 2430/2430/2430 2429/2429/2429 2428/2428/2428
f 2430/2430/2430 2431/2431/2431 2429/2429/2429
f 2432/2432/2432 2431/2431/2431 2430/2430/2430
f 2432/2432/2432 2409/2409/2409 2431/2431/2431
f 2433/2433/2433 2409/2409/2409 2432/2432/2432
f 2435/2435/2435 2434/2434/2434 2436/2436/2436
f 2437/2437/2437 2434/2434/2434 2435/2435/2435
f 2438/2438/2438 2434/2434/2434 2437/2437/2437
f 2439/2439/2439 2434/2434/2434 2438/2438/2438
f 2440/2440/2440 2439/2439/2439 2438/2438/2438
f 2441/2441/2441 2439/2439/2439 2440/2440/2440
f 2442/2442/2442 2441/2441/2441 2440/2440/2440
f 2443/2443/2443 2441/2441/2441 2442/2442/2442
f 2444/2444/2444 2443/2443/2443 2442/2442/2442
f 2445/2445/2445 2443/2443/2443 2444/2444/2444
f 2446/2446/2446 2445/2445/2445 2444/2444/2444
f 2447/2447/2447 2445/2445/2445 2446/2446/2446
f 2448/2448/2448 2447/2447/2447 2446/2446/2446
f 2449/2449/2449 2447/2447/2447 2448/2448/2448
f 2450/2450/2450 2449/2449/2449 2448/2448/2448
f 2451/2451/2451 2449/2449/2449 2450/2450/2450
f 2452/2452/2452 2451/2451/2451 2450/2450/2450
f 2453/2453/2453 2451/2451/2451 2452/2452/2452
f 2454/2454/2454 2453/2453/2453 2452/2452/2452
f 2455/2455/2455 2453/2453/2453 2454/2454/2454
f 2456/2456/2456 2455/2455/2455 2454/2454/2454
f 2457/2457/2457 2455/2455/2455 2456/2456/2456
f 2435/2435/2435 2457/2457/2457 2456/2456/2456
f 2436/2436/2436 2457/2457/2457 2435/2435/2435
f 2459/2459/2459 2458/2458/2458 2460/2460/2460
f 2461/2461/2461 2458/2458/2458 2459/2459/2459
f 2462/2462/2462 2458/2458/2458 2461/2461/2461
f 2463/2463/2463 2458/2458/2458 2462/2462/2462
f 2464/2464/2464 2463/2463/2463 2462/2462/2462
f 2465/2465/2465 2463/2463/2463 2464/2464/2464
f 2466/2466/2466 2465/2465/2465 2464/2464/2464
f 2467/2467/2467 2465/2465/2465 2466/2466/2466
f 2468/2468/2468 2467/2467/2467 2466/2466/2466
f 2469/2469/2469 2467/2467/2467 2468/2468/2468
f 2470/2470/2470 2469/2469/2469 2468/2468/2468
f 2471/2471/2471 2469/2469/2469 2470/2470/2470
f 2472/2472/2472 2471/2471/2471 2470/2470/2470
f 2473/2473/2473 2471/2471/2471 2472/2472/2472
f 2474/2474/2474 2473/2473/2473 2472/2472/2472
f 2475/2475/2475 2473/2473/2473 2474/2474/2474
f 2476/2476/2476 2475/2475/2475 2474/2474/2474
f 2477/2477/2477 2475/2475/2475 2476/2476/2476
f 2478/2478/2478 2477/2477/2477 2476/2476/2476
f 2479/2479/2479 2477/2477/2477 2478/2478/2478
f 2480/2480/2480 2479/2479/2479 2478/2478/2478
f 2481/2481/2481 2479/2479/2479 2480/2480/2480
f 2459/2459/2459 2481/2481/2481 2480/2480/2480
f 2460/2460/2460 2481/2481/2481 2459/2459/2459
f 2483/2483/2483 2482/2482/2482 2484/2484/2484
f 2485/2485/2485 2482/2482/2482 2483/2483/2483
f 2486/2486/2486 2482/2482/2482 2485/2485/2485
f 2487/2487/2487 2482/2482/2482 2486/2486/2486
f 2488/2488/2488 2487/2487/2487 2486/2486/2486
f 2489/2489/2489 2487/2487/2487 2488/2488/2488
f 2490/2490/2490 2489/2489/2489 2488/2488/2488
f 2491/2491/2491 2489/2489/2489 2490/2490/2490
f 2492/2492/2492 2491/2491/2491 2490/2490/2490
f 2493/2493/2493 2491/2491/2491 2492/2492/2492
f 2494/2494/2494 2493/2493/2493 2492/2492/2492
f 2495/2495/2495 2493/2493/2493 2494/2494/2494
f 2496/2496/2496 2495/2495/2495 2494/2494/2494
f 2497/2497/2497 2495/2495/2495 2496/2496/2496
f 2498/2498/2498 2497/2497/2497 2496/2496/2496
f 2499/2499/2499 2497/2497/2497 2498/2498/2498
f 2500/2500/2500 2499/2499/2499 2498/2498/2498
f 2501/2501/2501 2499/2499/2499 2500/2500/2500
f 2502/2502/2502 2501/2501/2501 2500/2500/2500
f 2503/2503/2503 2501/2501/2501 2502/2502/2502
f 2504/2504/2504 2503/2503/2503 2502/2502/2502
f 2505/2505/2505 2503/2503/2503 2504/2504/2504
f 2483/2483/2483 2505/2505/2505 2504/2504/2504
f 2484/2484/2484 2505/2505/2505 2483/2483/2483
f 2484/2484/2484 2506/2506/2506 2505/2505/2505
f 2507/2507/2507 2506/2506/2506 2484/2484/2484
f 2507/2507/2507 2508/2508/2508 2506/2506/2506
f 2509/2509/2509 2508/2508/2508 2507/2507/2507
f 2507/2507/2507 2510/2510/2510 2509/2509/2509
f 2511/2511/2511 2510/2510/2510 2507/2507/2507
f 2484/2484/2484 2511/2511/2511 2507/2507/2507
f 2512/2512/2512 2510/2510/2510 2511/2511/2511
f 2513/2513/2513 2510/2510/2510 2512/2512/2512
f 2514/2514/2514 2513/2513/2513 2512/2512/2512
f 2515/2515/2515 2513/2513/2513 2514/2514/2514
f 2516/2516/2516 2515/2515/2515 2514/2514/2514
f 2517/2517/2517 2515/2515/2515 2516/2516/2516
f 2518/2518/2518 2517/2517/2517 2516/2516/2516
f 2519/2519/2519 2517/2517/2517 2518/2518/2518
f 2520/2520/2520 2519/2519/2519 2518/2518/2518
f 2521/2521/2521 2519/2519/2519 2520/2520/2520
f 2522/2522/2522 2521/2521/2521 2520/2520/2520
f 2523/2523/2523 2521/2521/2521 2522/2522/2522
f 2524/2524/2524 2523/2523/2523 2522/2522/2522
f 2525/2525/2525 2523/2523/2523 2524/2524/2524
f 2526/2526/2526 2525/2525/2525 2524/2524/2524
f 2527/2527/2527 2525/2525/2525 2526/2526/2526
f 2528/2528/2528 2527/2527/2527 2526/2526/2526
f 2529/2529/2529 2527/2527/2527 2528/2528/2528
f 2530/2530/2530 2529/2529/2529 2528/2528/2528
f 2531/2531/2531 2529/2529/2529 2530/2530/2530
f 2523/2523/2523 2532/2532/2532 2521/2521/2521
f 2533/2533/2533 2532/2532/2532 2523/2523/2523
f 2533/2533/2533 2534/2534/2534 2532/2532/2532
f 2534/2534/2534 2535/2535/2535 2532/2532/2532
f 2532/2532/2532 2535/2535/2535 2536/2536/2536
f 2532/2532/2532 2536/2536/2536 2521/2521/2521
f 2535/2535/2535 2537/2537/2537 2536/2536/2536
f 2536/2536/2536 2537/2537/2537 2538/2538/2538
f 2537/2537/2537 2539/2539/2539 2538/2538/2538
f 2538/2538/2538 2539/2539/2539 2540/2540/2540
f 2539/2539/2539 2541/2541/2541 2540/2540/2540
f 2540/2540/2540 2541/2541/2541 2542/2542/2542
f 2541/2541/2541 2543/2543/2543 2542/2542/2542
f 2541/2541/2541 2539/2539/2539 2543/2543/2543
f 2542/2542/2542 2543/2543/2543 2544/2544/2544
f 2544/2544/2544 2543/2543/2543 2545/2545/2545
f 2545/2545/2545 2543/2543/2543 2546/2546/2546
f 2543/2543/2543 2539/2539/2539 2546/2546/2546
f 2537/2537/2537 2546/2546/2546 2539/2539/2539
f 2547/2547/2547 2534/2534/2534 2533/2533/2533
f 2548/2548/2548 2547/2547/2547 2533/2533/2533
f 2549/2549/2549 2547/2547/2547 2548/2548/2548
f 2550/2550/2550 2549/2549/2549 2548/2548/2548
f 2551/2551/2551 2549/2549/2549 2550/2550/2550
f 2549/2549/2549 2551/2551/2551 2547/2547/2547
f 2552/2552/2552 2551/2551/2551 2550/2550/2550
f 2553/2553/2553 2551/2551/2551 2552/2552/2552
f 2554/2554/2554 2553/2553/2553 2552/2552/2552
f 2555/2555/2555 2553/2553/2553 2554/2554/2554
f 2545/2545/2545 2555/2555/2555 2554/2554/2554
f 2546/2546/2546 2555/2555/2555 2545/2545/2545
f 2545/2545/2545 2554/2554/2554 2509/2509/2509
f 2509/2509/2509 2544/2544/2544 2545/2545/2545
f 2509/2509/2509 2554/2554/2554 2508/2508/2508
f 2554/2554/2554 2552/2552/2552 2508/2508/2508
f 2508/2508/2508 2552/2552/2552 2556/2556/2556
f 2552/2552/2552 2550/2550/2550 2556/2556/2556
f 2556/2556/2556 2550/2550/2550 2557/2557/2557
f 2550/2550/2550 2548/2548/2548 2557/2557/2557
f 2557/2557/2557 2548/2548/2548 2558/2558/2558
f 2548/2548/2548 2533/2533/2533 2558/2558/2558
f 2558/2558/2558 2533/2533/2533 2523/2523/2523
f 2553/2553/2553 2555/2555/2555 2535/2535/2535
f 2535/2535/2535 2555/2555/2555 2537/2537/2537
f 2555/2555/2555 2546/2546/2546 2537/2537/2537
f 2534/2534/2534 2553/2553/2553 2535/2535/2535
f 2551/2551/2551 2553/2553/2553 2534/2534/2534
f 2547/2547/2547 2551/2551/2551 2534/2534/2534
f 2510/2510/2510 2544/2544/2544 2509/2509/2509
f 2513/2513/2513 2544/2544/2544 2510/2510/2510
f 2542/2542/2542 2544/2544/2544 2513/2513/2513
f 2515/2515/2515 2542/2542/2542 2513/2513/2513
f 2540/2540/2540 2542/2542/2542 2515/2515/2515
f 2517/2517/2517 2540/2540/2540 2515/2515/2515
f 2538/2538/2538 2540/2540/2540 2517/2517/2517
f 2519/2519/2519 2538/2538/2538 2517/2517/2517
f 2536/2536/2536 2538/2538/2538 2519/2519/2519
f 2521/2521/2521 2536/2536/2536 2519/2519/2519
f 2560/2560/2560 2559/2559/2559 2561/2561/2561
f 2562/2562/2562 2559/2559/2559 2560/2560/2560
f 2563/2563/2563 2561/2561/2561 2559/2559/2559
f 2564/2564/2564 2561/2561/2561 2563/2563/2563
f 2563/2563/2563 2565/2565/2565 2564/2564/2564
f 2566/2566/2566 2565/2565/2565 2563/2563/2563
f 2566/2566/2566 2567/2567/2567 2565/2565/2565
f 2568/2568/2568 2567/2567/2567 2566/2566/2566
f 2568/2568/2568 2569/2569/2569 2567/2567/2567
f 2570/2570/2570 2569/2569/2569 2568/2568/2568
f 2570/2570/2570 2571/2571/2571 2569/2569/2569
f 2572/2572/2572 2571/2571/2571 2570/2570/2570
f 2572/2572/2572 2573/2573/2573 2571/2571/2571
f 2571/2571/2571 2573/2573/2573 2574/2574/2574
f 2573/2573/2573 2575/2575/2575 2574/2574/2574
f 2574/2574/2574 2575/2575/2575 2576/2576/2576
f 2575/2575/2575 2577/2577/2577 2576/2576/2576
f 2576/2576/2576 2577/2577/2577 2578/2578/2578
f 2578/2578/2578 2577/2577/2577 2579/2579/2579
f 2579/2579/2579 2577/2577/2577 2580/2580/2580
f 2579/2579/2579 2580/2580/2580 2581/2581/2581
f 2581/2581/2581 2580/2580/2580 2582/2582/2582
f 2581/2581/2581 2582/2582/2582 2560/2560/2560
f 2560/2560/2560 2582/2582/2582 2562/2562/2562
f 2582/2582/2582 2583/2583/2583 2562/2562/2562
f 2584/2584/2584 2583/2583/2583 2582/2582/2582
f 2580/2580/2580 2584/2584/2584 2582/2582/2582
f 2585/2585/2585 2584/2584/2584 2580/2580/2580
f 2577/2577/2577 2585/2585/2585 2580/2580/2580
f 2586/2586/2586 2585/2585/2585 2577/2577/2577
f 2575/2575/2575 2586/2586/2586 2577/2577/2577
f 2587/2587/2587 2586/2586/2586 2575/2575/2575
f 2573/2573/2573 2587/2587/2587 2575/2575/2575
f 2588/2588/2588 2587/2587/2587 2573/2573/2573
f 2572/2572/2572 2588/2588/2588 2573/2573/2573
f 2589/2589/2589 2588/2588/2588 2572/2572/2572
f 2572/2572/2572 2590/2590/2590 2589/2589/2589
f 2589/2589/2589 2590/2590/2590 2588/2588/2588
f 2570/2570/2570 2590/2590/2590 2572/2572/2572
f 2590/2590/2590 2570/2570/2570 2591/2591/2591
f 2588/2588/2588 2590/2590/2590 2591/2591/2591
f 2588/2588/2588 2591/2591/2591 2587/2587/2587
f 2591/2591/2591 2570/2570/2570 2568/2568/2568
f 2591/2591/2591 2568/2568/2568 2592/2592/2592
f 2587/2587/2587 2591/2591/2591 2592/2592/2592
f 2587/2587/2587 2592/2592/2592 2586/2586/2586
f 2592/2592/2592 2568/2568/2568 2566/2566/2566
f 2592/2592/2592 2566/2566/2566 2593/2593/2593
f 2586/2586/2586 2592/2592/2592 2593/2593/2593
f 2586/2586/2586 2593/2593/2593 2585/2585/2585
f 2593/2593/2593 2566/2566/2566 2563/2563/2563
f 2593/2593/2593 2563/2563/2563 2594/2594/2594
f 2585/2585/2585 2593/2593/2593 2594/2594/2594
f 2594/2594/2594 2563/2563/2563 2559/2559/2559
f 2594/2594/2594 2559/2559/2559 2583/2583/2583
f 2583/2583/2583 2559/2559/2559 2562/2562/2562
f 2584/2584/2584 2594/2594/2594 2583/2583/2583
f 2585/2585/2585 2594/2594/2594 2584/2584/2584
f 2596/2596/2596 2595/2595/2595 2597/2597/2597
f 2598/2598/2598 2595/2595/2595 2596/2596/2596
f 2598/2598/2598 2599/2599/2599 2595/2595/2595
f 2600/2600/2600 2599/2599/2599 2598/2598/2598
f 2600/2600/2600 2601/2601/2601 2599/2599/2599
f 2602/2602/2602 2601/2601/2601 2600/2600/2600
f 2602/2602/2602 2603/2603/2603 2601/2601/2601
f 2604/2604/2604 2603/2603/2603 2602/2602/2602
f 2604/2604/2604 2605/2605/2605 2603/2603/2603
f 2606/2606/2606 2605/2605/2605 2604/2604/2604
f 2607/2607/2607 2598/2598/2598 2596/2596/2596
f 2608/2608/2608 2598/2598/2598 2607/2607/2607
f 2608/2608/2608 2600/2600/2600 2598/2598/2598
f 2609/2609/2609 2600/2600/2600 2608/2608/2608
f 2610/2610/2610 2600/2600/2600 2609/2609/2609
f 2602/2602/2602 2600/2600/2600 2610/2610/2610
f 2611/2611/2611 2602/2602/2602 2610/2610/2610
f 2604/2604/2604 2602/2602/2602 2611/2611/2611
f 2612/2612/2612 2604/2604/2604 2611/2611/2611
f 2606/2606/2606 2604/2604/2604 2612/2612/2612
f 2613/2613/2613 2606/2606/2606 2612/2612/2612
f 2614/2614/2614 2606/2606/2606 2613/2613/2613
f 2614/2614/2614 2613/2613/2613 2615/2615/2615
f 2614/2614/2614 2615/2615/2615 2616/2616/2616
f 2606/2606/2606 2616/2616/2616 2605/2605/2605
f 2614/2614/2614 2616/2616/2616 2606/2606/2606
f 2616/2616/2616 2615/2615/2615 2617/2617/2617
f 2605/2605/2605 2616/2616/2616 2617/2617/2617
f 2605/2605/2605 2617/2617/2617 2603/2603/2603
f 2615/2615/2615 2618/2618/2618 2617/2617/2617
f 2617/2617/2617 2618/2618/2618 2619/2619/2619
f 2618/2618/2618 2620/2620/2620 2619/2619/2619
f 2619/2619/2619 2620/2620/2620 2621/2621/2621
f 2620/2620/2620 2622/2622/2622 2621/2621/2621
f 2621/2621/2621 2622/2622/2622 2623/2623/2623
f 2622/2622/2622 2624/2624/2624 2623/2623/2623
f 2623/2623/2623 2624/2624/2624 2625/2625/2625
f 2615/2615/2615 2613/2613/2613 2626/2626/2626
f 2615/2615/2615 2626/2626/2626 2618/2618/2618
f 2618/2618/2618 2626/2626/2626 2627/2627/2627
f 2618/2618/2618 2627/2627/2627 2620/2620/2620
f 2620/2620/2620 2627/2627/2627 2628/2628/2628
f 2620/2620/2620 2629/2629/2629 2622/2622/2622
f 2628/2628/2628 2629/2629/2629 2620/2620/2620
f 2622/2622/2622 2630/2630/2630 2624/2624/2624
f 2629/2629/2629 2630/2630/2630 2622/2622/2622
f 2630/2630/2630 2607/2607/2607 2624/2624/2624
f 2624/2624/2624 2607/2607/2607 2596/2596/2596
f 2624/2624/2624 2596/2596/2596 2625/2625/2625
f 2626/2626/2626 2631/2631/2631 2627/2627/2627
f 2632/2632/2632 2631/2631/2631 2626/2626/2626
f 2613/2613/2613 2632/2632/2632 2626/2626/2626
f 2633/2633/2633 2632/2632/2632 2613/2613/2613
f 2633/2633/2633 2613/2613/2613 2634/2634/2634
f 2634/2634/2634 2613/2613/2613 2612/2612/2612
f 2634/2634/2634 2612/2612/2612 2635/2635/2635
f 2635/2635/2635 2612/2612/2612 2611/2611/2611
f 2635/2635/2635 2611/2611/2611 2636/2636/2636
f 2636/2636/2636 2611/2611/2611 2610/2610/2610
f 2636/2636/2636 2610/2610/2610 2637/2637/2637
f 2637/2637/2637 2610/2610/2610 2609/2609/2609
f 2637/2637/2637 2609/2609/2609 2638/2638/2638
f 2638/2638/2638 2609/2609/2609 2608/2608/2608
f 2639/2639/2639 2608/2608/2608 2607/2607/2607
f 2638/2638/2638 2608/2608/2608 2639/2639/2639
f 2630/2630/2630 2639/2639/2639 2607/2607/2607
f 2640/2640/2640 2639/2639/2639 2630/2630/2630
f 2629/2629/2629 2640/2640/2640 2630/2630/2630
f 2641/2641/2641 2640/2640/2640 2629/2629/2629
f 2628/2628/2628 2641/2641/2641 2629/2629/2629
f 2642/2642/2642 2641/2641/2641 2628/2628/2628
f 2627/2627/2627 2642/2642/2642 2628/2628/2628
f 2631/2631/2631 2642/2642/2642 2627/2627/2627
f 2638/2638/2638 2639/2639/2639 2643/2643/2643
f 2643/2643/2643 2639/2639/2639 2644/2644/2644
f 2645/2645/2645 2638/2638/2638 2643/2643/2643
f 2637/2637/2637 2638/2638/2638 2645/2645/2645
f 2645/2645/2645 2636/2636/2636 2637/2637/2637
f 2646/2646/2646 2636/2636/2636 2645/2645/2645
f 2646/2646/2646 2635/2635/2635 2636/2636/2636
f 2647/2647/2647 2635/2635/2635 2646/2646/2646
f 2647/2647/2647 2634/2634/2634 2635/2635/2635
f 2648/2648/2648 2634/2634/2634 2647/2647/2647
f 2648/2648/2648 2633/2633/2633 2634/2634/2634
f 2649/2649/2649 2633/2633/2633 2648/2648/2648
f 2649/2649/2649 2650/2650/2650 2633/2633/2633
f 2633/2633/2633 2650/2650/2650 2632/2632/2632
f 2632/2632/2632 2651/2651/2651 2631/2631/2631
f 2650/2650/2650 2651/2651/2651 2632/2632/2632
f 2651/2651/2651 2652/2652/2652 2631/2631/2631
f 2631/2631/2631 2652/2652/2652 2642/2642/2642
f 2642/2642/2642 2652/2652/2652 2641/2641/2641
f 2641/2641/2641 2652/2652/2652 2653/2653/2653
f 2641/2641/2641 2653/2653/2653 2640/2640/2640
f 2640/2640/2640 2653/2653/2653 2654/2654/2654
f 2640/2640/2640 2654/2654/2654 2639/2639/2639
f 2639/2639/2639 2654/2654/2654 2644/2644/2644
f 2655/2655/2655 2649/2649/2649 2648/2648/2648
f 2655/2655/2655 2648/2648/2648 2656/2656/2656
f 2657/2657/2657 2649/2649/2649 2655/2655/2655
f 2649/2649/2649 2658/2658/2658 2650/2650/2650
f 2657/2657/2657 2658/2658/2658 2649/2649/2649
f 2650/2650/2650 2659/2659/2659 2651/2651/2651
f 2658/2658/2658 2659/2659/2659 2650/2650/2650
f 2659/2659/2659 2660/2660/2660 2651/2651/2651
f 2651/2651/2651 2660/2660/2660 2652/2652/2652
f 2652/2652/2652 2661/2661/2661 2653/2653/2653
f 2660/2660/2660 2661/2661/2661 2652/2652/2652
f 2653/2653/2653 2662/2662/2662 2654/2654/2654
f 2661/2661/2661 2662/2662/2662 2653/2653/2653
f 2654/2654/2654 2663/2663/2663 2644/2644/2644
f 2662/2662/2662 2663/2663/2663 2654/2654/2654
f 2663/2663/2663 2643/2643/2643 2644/2644/2644
f 2664/2664/2664 2643/2643/2643 2663/2663/2663
f 2664/2664/2664 2645/2645/2645 2643/2643/2643
f 2665/2665/2665 2645/2645/2645 2664/2664/2664
f 2665/2665/2665 2646/2646/2646 2645/2645/2645
f 2666/2666/2666 2646/2646/2646 2665/2665/2665
f 2666/2666/2666 2647/2647/2647 2646/2646/2646
f 2656/2656/2656 2647/2647/2647 2666/2666/2666
f 2656/2656/2656 2648/2648/2648 2647/2647/2647
f 2664/2664/2664 2663/2663/2663 2667/2667/2667
f 2667/2667/2667 2663/2663/2663 2668/2668/2668
f 2669/2669/2669 2664/2664/2664 2667/2667/2667
f 2665/2665/2665 2664/2664/2664 2669/2669/2669
f 2669/2669/2669 2666/2666/2666 2665/2665/2665
f 2670/2670/2670 2666/2666/2666 2669/2669/2669
f 2670/2670/2670 2656/2656/2656 2666/2666/2666
f 2671/2671/2671 2656/2656/2656 2670/2670/2670
f 2671/2671/2671 2655/2655/2655 2656/2656/2656
f 2672/2672/2672 2655/2655/2655 2671/2671/2671
f 2672/2672/2672 2657/2657/2657 2655/2655/2655
f 2673/2673/2673 2657/2657/2657 2672/2672/2672
f 2673/2673/2673 2674/2674/2674 2657/2657/2657
f 2657/2657/2657 2674/2674/2674 2658/2658/2658
f 2674/2674/2674 2675/2675/2675 2658/2658/2658
f 2658/2658/2658 2675/2675/2675 2659/2659/2659
f 2675/2675/2675 2676/2676/2676 2659/2659/2659
f 2659/2659/2659 2676/2676/2676 2660/2660/2660
f 2660/2660/2660 2676/2676/2676 2661/2661/2661
f 2661/2661/2661 2676/2676/2676 2677/2677/2677
f 2661/2661/2661 2677/2677/2677 2662/2662/2662
f 2662/2662/2662 2677/2677/2677 2678/2678/2678
f 2662/2662/2662 2678/2678/2678 2663/2663/2663
f 2663/2663/2663 2678/2678/2678 2668/2668/2668
f 2679/2679/2679 2673/2673/2673 2672/2672/2672
f 2679/2679/2679 2672/2672/2672 2680/2680/2680
f 2681/2681/2681 2673/2673/2673 2679/2679/2679
f 2673/2673/2673 2682/2682/2682 2674/2674/2674
f 2681/2681/2681 2682/2682/2682 2673/2673/2673
f 2674/2674/2674 2683/2683/2683 2675/2675/2675
f 2682/2682/2682 2683/2683/2683 2674/2674/2674
f 2675/2675/2675 2684/2684/2684 2676/2676/2676
f 2683/2683/2683 2684/2684/2684 2675/2675/2675
f 2676/2676/2676 2685/2685/2685 2677/2677/2677
f 2684/2684/2684 2685/2685/2685 2676/2676/2676
f 2677/2677/2677 2686/2686/2686 2678/2678/2678
f 2685/2685/2685 2686/2686/2686 2677/2677/2677
f 2678/2678/2678 2687/2687/2687 2668/2668/2668
f 2686/2686/2686 2687/2687/2687 2678/2678/2678
f 2687/2687/2687 2667/2667/2667 2668/2668/2668
f 2688/2688/2688 2667/2667/2667 2687/2687/2687
f 2688/2688/2688 2669/2669/2669 2667/2667/2667
f 2689/2689/2689 2669/2669/2669 2688/2688/2688
f 2689/2689/2689 2670/2670/2670 2669/2669/2669
f 2690/2690/2690 2670/2670/2670 2689/2689/2689
f 2690/2690/2690 2671/2671/2671 2670/2670/2670
f 2680/2680/2680 2671/2671/2671 2690/2690/2690
f 2680/2680/2680 2672/2672/2672 2671/2671/2671
f 2688/2688/2688 2687/2687/2687 2691/2691/2691
f 2691/2691/2691 2687/2687/2687 2692/2692/2692
f 2693/2693/2693 2688/2688/2688 2691/2691/2691
f 2689/2689/2689 2688/2688/2688 2693/2693/2693
f 2693/2693/2693 2690/2690/2690 2689/2689/2689
f 2694/2694/2694 2690/2690/2690 2693/2693/2693
f 2694/2694/2694 2680/2680/2680 2690/2690/2690
f 2695/2695/2695 2680/2680/2680 2694/2694/2694
f 2695/2695/2695 2679/2679/2679 2680/2680/2680
f 2696/2696/2696 2679/2679/2679 2695/2695/2695
f 2696/2696/2696 2681/2681/2681 2679/2679/2679
f 2697/2697/2697 2681/2681/2681 2696/2696/2696
f 2697/2697/2697 2698/2698/2698 2681/2681/2681
f 2681/2681/2681 2698/2698/2698 2682/2682/2682
f 2698/2698/2698 2699/2699/2699 2682/2682/2682
f 2682/2682/2682 2699/2699/2699 2683/2683/2683
f 2699/2699/2699 2700/2700/2700 2683/2683/2683
f 2683/2683/2683 2700/2700/2700 2684/2684/2684
f 2684/2684/2684 2700/2700/2700 2685/2685/2685
f 2685/2685/2685 2700/2700/2700 2701/2701/2701
f 2685/2685/2685 2701/2701/2701 2686/2686/2686
f 2686/2686/2686 2701/2701/2701 2702/2702/2702
f 2686/2686/2686 2702/2702/2702 2687/2687/2687
f 2687/2687/2687 2702/2702/2702 2692/2692/2692
f 2569/2569/2569 2697/2697/2697 2696/2696/2696
f 2569/2569/2569 2696/2696/2696 2567/2567/2567
f 2571/2571/2571 2697/2697/2697 2569/2569/2569
f 2697/2697/2697 2574/2574/2574 2698/2698/2698
f 2571/2571/2571 2574/2574/2574 2697/2697/2697
f 2698/2698/2698 2576/2576/2576 2699/2699/2699
f 2574/2574/2574 2576/2576/2576 2698/2698/2698
f 2699/2699/2699 2578/2578/2578 2700/2700/2700
f 2576/2576/2576 2578/2578/2578 2699/2699/2699
f 2700/2700/2700 2578/2578/2578 2701/2701/2701
f 2701/2701/2701 2578/2578/2578 2579/2579/2579
f 2701/2701/2701 2579/2579/2579 2702/2702/2702
f 2702/2702/2702 2579/2579/2579 2581/2581/2581
f 2581/2581/2581 2692/2692/2692 2702/2702/2702
f 2560/2560/2560 2692/2692/2692 2581/2581/2581
f 2560/2560/2560 2561/2561/2561 2692/2692/2692
f 2692/2692/2692 2561/2561/2561 2691/2691/2691
f 2564/2564/2564 2691/2691/2691 2561/2561/2561
f 2693/2693/2693 2691/2691/2691 2564/2564/2564
f 2564/2564/2564 2694/2694/2694 2693/2693/2693
f 2565/2565/2565 2694/2694/2694 2564/2564/2564
f 2565/2565/2565 2695/2695/2695 2694/2694/2694
f 2567/2567/2567 2695/2695/2695 2565/2565/2565
f 2567/2567/2567 2696/2696/2696 2695/2695/2695
f 2704/2704/2704 2703/2703/2703 2705/2705/2705
f 2706/2706/2706 2703/2703/2703 2704/2704/2704
f 2708/2708/2708 2707/2707/2707 2709/2709/2709
f 2710/2710/2710 2707/2707/2707 2708/2708/2708
f 2712/2712/2712 2711/2711/2711 2713/2713/2713
f 2714/2714/2714 2711/2711/2711 2712/2712/2712
f 2712/2712/2712 2713/2713/2713 2715/2715/2715
f 2715/2715/2715 2713/2713/2713 2716/2716/2716
f 2715/2715/2715 2716/2716/2716 2717/2717/2717
f 2717/2717/2717 2716/2716/2716 2718/2718/2718
f 2717/2717/2717 2718/2718/2718 2719/2719/2719
f 2719/2719/2719 2718/2718/2718 2720/2720/2720
f 2719/2719/2719 2720/2720/2720 2721/2721/2721
f 2721/2721/2721 2720/2720/2720 2722/2722/2722
f 2287/2287/2287 2271/2271/2271 2272/2272/2272
f 2505/2505/2505 2723/2723/2723 2503/2503/2503
f 2506/2506/2506 2723/2723/2723 2505/2505/2505
f 2723/2723/2723 2724/2724/2724 2503/2503/2503
f 2503/2503/2503 2724/2724/2724 2501/2501/2501
f 2724/2724/2724 2725/2725/2725 2501/2501/2501
f 2501/2501/2501 2725/2725/2725 2499/2499/2499
f 2725/2725/2725 2522/2522/2522 2499/2499/2499
f 2499/2499/2499 2522/2522/2522 2497/2497/2497
f 2522/2522/2522 2520/2520/2520 2497/2497/2497
f 2497/2497/2497 2520/2520/2520 2495/2495/2495
f 2520/2520/2520 2518/2518/2518 2495/2495/2495
f 2495/2495/2495 2518/2518/2518 2493/2493/2493
f 2518/2518/2518 2516/2516/2516 2493/2493/2493
f 2493/2493/2493 2516/2516/2516 2491/2491/2491
f 2516/2516/2516 2514/2514/2514 2491/2491/2491
f 2491/2491/2491 2514/2514/2514 2489/2489/2489
f 2514/2514/2514 2512/2512/2512 2489/2489/2489
f 2489/2489/2489 2512/2512/2512 2487/2487/2487
f 2512/2512/2512 2511/2511/2511 2487/2487/2487
f 2487/2487/2487 2511/2511/2511 2482/2482/2482
f 2482/2482/2482 2511/2511/2511 2484/2484/2484
f 2726/2726/2726 2504/2504/2504 2727/2727/2727
f 2483/2483/2483 2504/2504/2504 2726/2726/2726
f 2504/2504/2504 2502/2502/2502 2727/2727/2727
f 2727/2727/2727 2502/2502/2502 2728/2728/2728
f 2502/2502/2502 2500/2500/2500 2728/2728/2728
f 2728/2728/2728 2500/2500/2500 2729/2729/2729
f 2500/2500/2500 2498/2498/2498 2729/2729/2729
f 2729/2729/2729 2498/2498/2498 2730/2730/2730
f 2498/2498/2498 2496/2496/2496 2730/2730/2730
f 2730/2730/2730 2496/2496/2496 2731/2731/2731
f 2496/2496/2496 2494/2494/2494 2731/2731/2731
f 2731/2731/2731 2494/2494/2494 2732/2732/2732
f 2494/2494/2494 2492/2492/2492 2732/2732/2732
f 2732/2732/2732 2492/2492/2492 2733/2733/2733
f 2492/2492/2492 2490/2490/2490 2733/2733/2733
f 2733/2733/2733 2490/2490/2490 2734/2734/2734
f 2490/2490/2490 2488/2488/2488 2734/2734/2734
f 2734/2734/2734 2488/2488/2488 2735/2735/2735
f 2488/2488/2488 2486/2486/2486 2735/2735/2735
f 2735/2735/2735 2486/2486/2486 2736/2736/2736
f 2486/2486/2486 2485/2485/2485 2736/2736/2736
f 2736/2736/2736 2485/2485/2485 2737/2737/2737
f 2737/2737/2737 2485/2485/2485 2726/2726/2726
f 2726/2726/2726 2485/2485/2485 2483/2483/2483
f 2739/2739/2739 2738/2738/2738 2740/2740/2740
f 2741/2741/2741 2738/2738/2738 2739/2739/2739
f 2739/2739/2739 2740/2740/2740 2742/2742/2742
f 2742/2742/2742 2740/2740/2740 2743/2743/2743
f 2742/2742/2742 2743/2743/2743 2744/2744/2744
f 2744/2744/2744 2743/2743/2743 2745/2745/2745
f 2744/2744/2744 2745/2745/2745 2746/2746/2746
f 2746/2746/2746 2745/2745/2745 2747/2747/2747
f 2746/2746/2746 2747/2747/2747 2748/2748/2748
f 2748/2748/2748 2747/2747/2747 2749/2749/2749
f 2625/2625/2625 2596/2596/2596 2597/2597/2597
f 2595/2595/2595 2625/2625/2625 2597/2597/2597
f 2595/2595/2595 2623/2623/2623 2625/2625/2625
f 2599/2599/2599 2623/2623/2623 2595/2595/2595
f 2599/2599/2599 2621/2621/2621 2623/2623/2623
f 2601/2601/2601 2621/2621/2621 2599/2599/2599
f 2601/2601/2601 2619/2619/2619 2621/2621/2621
f 2603/2603/2603 2619/2619/2619 2601/2601/2601
f 2603/2603/2603 2617/2617/2617 2619/2619/2619
f 2196/2196/2196 2750/2750/2750 2190/2190/2190
v 2.502574 -0.3779151 -0.04481531
v 2.699055 -0.3348964 -0.07327213
v 2.540172 -0.3209962 -0.03767993
v 2.661407 -0.35013 -0.01795024
v 2.524414 -0.2897072 -0.06670119
v 2.676981 -0.2810806 -0.06689806
v 2.677205 -0.3889762 -0.0001991429
v 2.524643 -0.3926167 0.007331959
v 2.677247 -0.3992079 0.04316849
v 2.524683 -0.3997932 0.05125284
v 2.677255 -0.3920512 0.08715481
v 2.524687 -0.3896276 0.09457505
v 2.677228 -0.3685979 0.1250448
v 2.524656 -0.3636659 0.1307193
v 2.676981 -0.2810806 -0.06689806
v 2.524339 -0.245756 -0.05953039
v 2.524414 -0.2897072 -0.06670119
v 2.676886 -0.2377546 -0.05665172
v 2.524253 -0.2078659 -0.03610088
v 2.676814 -0.2016518 -0.03062011
v 2.524221 -0.181848 7.670253E-05
v 2.676787 -0.1782437 0.007225928
v 2.524225 -0.1716669 0.04346072
v 2.676795 -0.171088 0.0511455
v 2.676795 -0.171088 0.0511455
v 2.524264 -0.1788741 0.08743453
v 2.524225 -0.1716669 0.04346072
v 2.676839 -0.1812733 0.09446783
v 2.52434 -0.2023734 0.1252863
v 2.676927 -0.2072484 0.1306216
v 2.524434 -0.2385621 0.1512516
v 2.677001 -0.2451042 0.1540665
v 2.524494 -0.2819149 0.1614256
v 2.677062 -0.2890563 0.1612224
v 2.524568 -0.3258554 0.1542139
v 2.677157 -0.3324208 0.1510524
v 2.524656 -0.3636659 0.1307193
v 2.677228 -0.3685979 0.1250448
v 2.918299 -0.2693123 0.0624418
v 2.867116 -0.2797319 0.05963015
v 2.955955 -0.2910121 0.03176089
v 2.886682 -0.2901842 0.04183875
v 2.940197 -0.2807443 0.05253335
v 2.863136 -0.2895696 0.06332886
v 2.940145 -0.2831379 0.05362519
v 2.842669 -0.2999162 0.06941057
v 2.940105 -0.2857687 0.05371543
v 2.875951 -0.2915669 0.04819881
v 2.940086 -0.2882345 0.05279371
v 2.875932 -0.2914733 0.04556929
v 2.940091 -0.2901583 0.05099925
v 2.875937 -0.2903802 0.04317628
v 2.940116 -0.2912489 0.04860386
v 2.883761 -0.2802548 0.04543673
v 2.940161 -0.2913406 0.04597327
v 2.876007 -0.2859885 0.04046165
v 2.940217 -0.2904178 0.04350885
v 2.876063 -0.2833572 0.04055463
v 2.940277 -0.2886226 0.04158362
v 2.842801 -0.2795724 0.02078187
v 2.94033 -0.2862273 0.04049334
v 2.863268 -0.2743987 0.03392708
v 2.940369 -0.2835983 0.04040071
v 2.876215 -0.2782508 0.04603862
v 2.940388 -0.2811334 0.04132303
v 2.876234 -0.278344 0.04866849
v 2.940383 -0.2792089 0.04311952
v 2.863322 -0.2686994 0.05178105
v 2.940357 -0.2781173 0.04551538
v 2.876204 -0.281362 0.05285703
v 2.835299 -0.3351922 -0.07497788
v 2.790953 -0.378381 -0.04627644
v 2.797645 -0.3509787 -0.01927077
v 2.828607 -0.3208793 -0.03949666
v 2.812847 -0.2889249 -0.06865114
v 2.813223 -0.28071 -0.06873596
v 2.812792 -0.2443127 -0.06132686
v 2.813168 -0.236701 -0.05839539
v 2.812751 -0.2058996 -0.03748834
v 2.813127 -0.1999964 -0.0319997
v 2.812731 -0.1795316 -0.0007622169
v 2.813107 -0.1761874 0.006435283
v 2.812735 -0.1692267 0.04325749
v 2.813111 -0.1689 0.05105223
v 2.812763 -0.1765511 0.08786847
v 2.813139 -0.1792409 0.09506263
v 2.812809 -0.200389 0.1262811
v 2.813185 -0.2056364 0.1317661
v 2.812868 -0.2371136 0.1526481
v 2.813244 -0.2440692 0.1555745
v 2.812929 -0.2811336 0.1629545
v 2.813305 -0.2886883 0.1628622
v 2.812985 -0.3257459 0.1556298
v 2.813362 -0.332698 0.152521
v 2.813025 -0.3641579 0.1317915
v 2.813402 -0.3694004 0.1261267
v 2.813046 -0.3905258 0.09506644
v 2.813421 -0.3932093 0.08769299
v 2.813041 -0.4008313 0.05104639
v 2.813417 -0.4004981 0.0430745
v 2.813014 -0.3935066 0.006433852
v 2.81339 -0.3901567 -0.0009365011
v 2.813408 -0.4005758 0.003277309
v 2.835368 -0.3837132 -0.05203129
v 2.94038 -0.3975407 -0.004009405
v 2.940412 -0.4084931 0.04306611
v 2.813439 -0.4085113 0.05095555
v 2.940417 -0.400596 0.0907515
v 2.813444 -0.3975968 0.09804084
v 2.940393 -0.3750518 0.1317831
v 2.813421 -0.3694956 0.1373637
v 2.940348 -0.3357513 0.1599159
v 2.813375 -0.3284831 0.1629411
v 2.940283 -0.2886751 0.1708683
v 2.813312 -0.2808066 0.1708757
v 2.940214 -0.240992 0.1629716
v 2.813241 -0.2337222 0.1599623
v 2.940146 -0.1999593 0.1374281
v 2.813175 -0.1943985 0.1318599
v 2.940094 -0.1718267 0.09812793
v 2.813121 -0.1688214 0.09084858
v 2.940063 -0.1608739 0.05104991
v 2.813089 -0.1608868 0.04316963
v 2.940057 -0.1687706 0.003367386
v 2.813085 -0.1718008 -0.003913694
v 2.94008 -0.194314 -0.03766541
v 2.813107 -0.1999025 -0.04323756
v 2.940126 -0.2336158 -0.06579874
v 2.813154 -0.2409138 -0.06881469
v 2.940189 -0.2806923 -0.07675116
v 2.813217 -0.2885926 -0.07674921
v 2.918247 -0.3382391 -0.08238391
v 2.79759 -0.3236117 -0.04698681
v 2.956025 -0.3566258 -0.02494089
v 2.940357 -0.2781173 0.04551538
v 2.918299 -0.2693123 0.0624418
v 2.940383 -0.2792089 0.04311952
v 2.940388 -0.2811334 0.04132303
v 2.940369 -0.2835983 0.04040071
v 2.94033 -0.2862273 0.04049334
v 2.940277 -0.2886226 0.04158362
v 2.940217 -0.2904178 0.04350885
v 2.940161 -0.2913406 0.04597327
v 2.940116 -0.2912489 0.04860386
v 2.940091 -0.2901583 0.05099925
v 2.940086 -0.2882345 0.05279371
v 2.940105 -0.2857687 0.05371543
v 2.940145 -0.2831379 0.05362519
v 2.940197 -0.2807443 0.05253335
v 2.955955 -0.2910121 0.03176089
v 2.742232 -0.2123985 0.05425493
v 2.870395 -0.2012462 0.03319036
v 2.886089 -0.2241103 0.01808952
v 2.780248 -0.1844388 0.05289283
v 2.87068 -0.1766111 0.01687824
v 2.780248 -0.1519163 0.02804723
v 2.857773 -0.146475 -0.006248245
v 2.780248 -0.129033 -0.01014863
v 2.837359 -0.1270016 -0.0432464
v 2.780248 -0.1225089 -0.05419575
v 2.87068 -0.153106 -0.07884296
v 2.780248 -0.1333383 -0.09738659
v 2.87068 -0.1710385 -0.1084477
v 2.780248 -0.1598695 -0.1331422
v 2.870681 -0.1989332 -0.1289354
v 2.780248 -0.1980694 -0.1560266
v 2.857351 -0.2272661 -0.1477607
v 2.780248 -0.2309388 -0.1625531
v 2.886153 -0.2923244 -0.1152483
v 2.780248 -0.3009555 -0.1617178
v 2.857773 -0.3274214 -0.1410896
v 2.780248 -0.3425115 -0.1506648
v 2.878479 -0.3508063 -0.1039057
v 2.780248 -0.3815269 -0.1219559
v 2.857773 -0.3891472 -0.08439948
v 2.780248 -0.4065892 -0.08049916
v 2.83736 -0.4093856 -0.04355419
v 2.75295 -0.4093852 -0.0329015
v 2.87068 -0.3825148 -0.004110589
v 2.71183 -0.3712974 -0.0008793636
v 2.857773 -0.3705015 0.03584158
v 2.71963 -0.356831 0.03432636
v 2.879074 -0.3236155 0.04393815
v 2.752333 -0.3190337 0.0770233
v 2.857319 -0.2704367 0.06773436
v 2.732991 -0.2663905 0.06728713
v 2.857773 -0.2386042 0.06095922
v 2.719629 -0.2347727 0.04775016
v 2.848395 -0.2158308 0.05432558
v 2.719829 -0.2227417 0.03980999
v 2.629776 -0.1197104 -0.07809239
v 2.829216 -0.1519448 0.03122652
v 2.646202 -0.1543542 0.05298705
v 2.535517 -0.1323388 0.01705026
v 2.513517 -0.1734951 -0.1183832
v 2.814843 -0.1316773 -0.1166901
v 2.58955 -0.1731523 -0.1386721
v 2.572614 -0.3710778 -0.09138755
v 2.590002 -0.4101686 -0.1103549
v 2.586493 -0.3414856 -0.1421075
v 2.575924 -0.4006485 -0.06179634
v 2.609554 -0.3600537 0.05641004
v 2.597675 -0.4026055 0.03132293
v 2.58955 -0.1731523 -0.1386721
v 2.629776 -0.1197104 -0.07809239
v 2.803517 -0.4212238 0.02754701
v 2.826154 -0.375719 -0.1501584
v 2.562236 -0.3922973 -0.134417
v 2.700685 -0.3956057 -0.06178739
v 2.689644 -0.3845693 -0.1268621
v 2.514555 -0.3736497 -0.06175132
v 2.678279 -0.1434753 -0.06174035
v 2.533588 -0.1629639 -0.1060376
v 2.696921 -0.1911622 -0.1344071
v 2.530162 -0.1595335 -0.0617043
v 2.521599 -0.3908721 0.0312922
v 2.572614 -0.3710778 -0.09138755
v 2.521567 -0.3908551 -0.1107688
v 2.609554 -0.3600537 0.05641004
v 2.533588 -0.1629639 -0.1060376
v 2.514555 -0.3736497 -0.06175132
v 2.562236 -0.3922973 -0.134417
v 2.530162 -0.1595335 -0.0617043
v 2.513517 -0.1734951 -0.1183832
v 2.521599 -0.3908721 0.0312922
v 2.521567 -0.3908551 -0.1107688
v 2.535517 -0.1323388 0.01705026
v 2.829216 -0.1519448 0.03122652
v 2.826154 -0.375719 -0.1501584
v 2.803517 -0.4212238 0.02754701
v 2.814843 -0.1316773 -0.1166901
v 2.696921 -0.1911622 -0.1344071
v 2.562236 -0.3922973 -0.134417
v 2.689644 -0.3845693 -0.1268621
v 2.533588 -0.1629639 -0.1060376
v 2.521599 -0.3908721 0.0312922
v 2.646202 -0.1543542 0.05298705
v 2.609554 -0.3600537 0.05641004
v 2.535517 -0.1323388 0.01705026
v 2.829216 -0.1519448 0.03122652
v 2.803517 -0.4212238 0.02754701
v 2.597675 -0.4026055 0.03132293
v 2.826154 -0.375719 -0.1501584
v 2.58955 -0.1731523 -0.1386721
v 2.586493 -0.3414856 -0.1421075
v 2.814843 -0.1316773 -0.1166901
v 2.590002 -0.4101686 -0.1103549
v 2.625923 -0.3441578 -0.1197385
v 2.563995 -0.2337403 -0.1413309
v 2.589356 -0.3402932 -0.136901
v 2.590604 -0.3000776 -0.1446384
v 2.590487 -0.1810513 -0.09763454
v 2.437756 -0.2354632 -0.1199829
v 2.423074 -0.2622885 -0.1199839
v 2.590529 -0.3692851 -0.1284608
v 2.406703 -0.2918032 -0.107062
v 2.42129 -0.3226696 -0.1199928
v 2.509034 -0.3929304 -0.1197799
v 2.434362 -0.3503138 -0.120001
v 2.478347 -0.3972569 -0.1070962
v 2.442302 -0.3887444 -0.0867235
v 2.454154 -0.2055191 -0.1070608
v 2.484855 -0.1910776 -0.1070669
v 2.511707 -0.1748397 -0.08022834
v 2.512149 -0.3931867 0.04458737
v 2.590529 -0.3692851 -0.1284608
v 2.509034 -0.3929304 -0.1197799
v 2.586901 -0.3516893 0.06144545
v 2.485455 -0.3995518 0.03192163
v 2.478347 -0.3972569 -0.1070962
v 2.449218 -0.3937337 0.01156892
v 2.442302 -0.3887444 -0.0867235
v 2.438114 -0.3554225 0.04486659
v 2.434362 -0.3503138 -0.120001
v 2.423286 -0.3286752 0.04487422
v 2.42129 -0.3226696 -0.1199928
v 2.406755 -0.2992526 0.0319554
v 2.406703 -0.2918032 -0.107062
v 2.41082 -0.2655658 0.03195838
v 2.423074 -0.2622885 -0.1199839
v 2.434097 -0.2405905 0.04488423
v 2.437756 -0.2354632 -0.1199829
v 2.448185 -0.2099211 0.03195634
v 2.454154 -0.2055191 -0.1070608
v 2.477826 -0.1934103 0.03195025
v 2.484855 -0.1910776 -0.1070669
v 2.50645 -0.177084 0.01138186
v 2.511707 -0.1748397 -0.08022834
v 2.599149 -0.225404 0.0550116
v 2.58085 -0.191071 -0.0003870419
v 2.563995 -0.2337403 -0.1413309
v 2.599149 -0.225404 0.0550116
v 2.636349 -0.3524913 -0.03635555
v 2.586901 -0.3516893 0.06144545
v 2.58085 -0.191071 -0.0003870419
v 2.610929 -0.3279433 0.02479406
v 2.59061 -0.3000806 0.03376374
v 2.590493 -0.1969775 0.008884875
v 2.590487 -0.1810513 -0.09763454
v 2.563995 -0.2337403 -0.1413309
v 2.625923 -0.3441578 -0.1197385
v 2.589356 -0.3402932 -0.136901
v 2.590529 -0.3692851 -0.1284608
v 2.434097 -0.2405905 0.04488423
v 2.41082 -0.2655658 0.03195838
v 2.406755 -0.2992526 0.0319554
v 2.423286 -0.3286752 0.04487422
v 2.512149 -0.3931867 0.04458737
v 2.438114 -0.3554225 0.04486659
v 2.485455 -0.3995518 0.03192163
v 2.449218 -0.3937337 0.01156892
v 2.448185 -0.2099211 0.03195634
v 2.477826 -0.1934103 0.03195025
v 2.50645 -0.177084 0.01138186
v 2.413175 -0.3149729 -0.0423083
v 2.394439 -0.3470359 -0.01384577
v 2.376239 -0.3257451 0.007437274
v 2.374395 -0.3063998 -0.01395758
v 2.398883 -0.2858526 -0.04237655
v 2.392411 -0.2858346 -0.03176137
v 2.418178 -0.2630977 -0.04900966
v 2.391233 -0.2558489 -0.02457663
v 2.38538 -0.2331288 -0.01088562
v 2.391864 -0.2275387 -0.005313001
v 2.384732 -0.2138916 0.01742486
v 2.391216 -0.2104371 0.02875714
v 2.38589 -0.2067285 0.04738276
v 2.392374 -0.2067115 0.04737775
v 2.377066 -0.2194897 0.06424242
v 2.391224 -0.2138947 0.07736234
v 2.3854 -0.2275985 0.1001046
v 2.391884 -0.2331591 0.1056738
v 2.384779 -0.2559099 0.1193438
v 2.391262 -0.2672314 0.1227758
v 2.419181 -0.2858676 0.1470399
v 2.392439 -0.2858496 0.1265009
v 2.397655 -0.3066081 0.1335002
v 2.391299 -0.3158353 0.1193171
v 2.385473 -0.3385913 0.1056351
v 2.391957 -0.3441455 0.1000535
v 2.384838 -0.3578286 0.07732456
v 2.391321 -0.3612471 0.06598334
v 2.398947 -0.3756109 0.04736678
v 2.392477 -0.3649737 0.04736273
v 2.384825 -0.3612531 0.02873425
v 2.391309 -0.3577899 0.01737873
v 2.392049 -0.4000051 0.004296342
v 2.414012 -0.3835454 -0.05041108
v 2.524593 -0.3969548 -0.002994964
v 2.524623 -0.4077652 0.04337096
v 2.39208 -0.4077984 0.05126302
v 2.524628 -0.4000091 0.09034467
v 2.392084 -0.3970249 0.09763782
v 2.524606 -0.3748672 0.130774
v 2.392062 -0.3693262 0.1363586
v 2.524561 -0.3361685 0.1585049
v 2.392017 -0.3289163 0.1615332
v 2.524499 -0.2898021 0.1693154
v 2.391956 -0.2819492 0.1693266
v 2.524431 -0.2428293 0.1615596
v 2.391887 -0.2355753 0.1585537
v 2.524366 -0.2023995 0.1364181
v 2.391823 -0.1968535 0.1308537
v 2.524315 -0.1746691 0.097718
v 2.391771 -0.1716794 0.09044486
v 2.524284 -0.163859 0.0513525
v 2.391741 -0.1638858 0.04347758
v 2.52428 -0.1716148 0.004379383
v 2.391736 -0.1746587 -0.00289633
v 2.524302 -0.1967558 -0.03605003
v 2.391758 -0.2023592 -0.04161974
v 2.524347 -0.2354555 -0.06378104
v 2.391804 -0.2427691 -0.06679294
v 2.524408 -0.2818203 -0.07459189
v 2.391865 -0.289736 -0.07458606
v 2.502464 -0.3386583 -0.08036567
v 2.376235 -0.3240457 -0.04496475
v 2.540241 -0.3564419 -0.02332474
v 2.829857 -0.04487723 0.06310559
v 2.785011 -0.03067625 0.1051437
v 2.784981 -0.03065926 0.06314363
v 2.829887 -0.04489425 0.1051055
v 2.513517 -0.1734951 -0.1183832
v 2.572614 -0.3710778 -0.09138755
v 2.629776 -0.1197104 -0.07809239
v 2.521567 -0.3908551 -0.1107688
v 2.700685 -0.3956057 -0.06178739
v 2.696921 -0.1911622 -0.1344071
v 2.689644 -0.3845693 -0.1268621
v 2.678279 -0.1434753 -0.06174035
v 2.939971 -0.4167178 0.1083239
v 3.031399 -0.3773744 0.1339069
v 3.044977 -0.4280427 0.1001819
v 2.912534 -0.3803563 0.134539
v 3.027738 -0.3424069 0.1346017
v 2.90713 -0.3495655 0.1345254
v 3.025566 -0.3038195 0.1180931
v 2.928456 -0.3017435 0.09974561
v 3.023612 -0.2680345 0.06626064
v 2.906361 -0.2745888 0.05428265
v 3.023399 -0.2663621 0.02518707
v 2.907836 -0.2757864 0.02348385
v 3.025063 -0.2826973 -0.01290054
v 2.929225 -0.3097379 -0.02334742
v 3.027195 -0.3347748 -0.04913481
v 2.910623 -0.3558029 -0.05084959
v 3.030621 -0.3697547 -0.05125912
v 2.912763 -0.3865437 -0.0495219
v 3.034406 -0.4081489 -0.03718771
v 2.940782 -0.4251457 -0.01668338
v 3.043325 -0.4468082 0.01741485
v 2.920046 -0.4586337 0.02886805
v 3.042532 -0.4488643 0.05870395
v 2.921216 -0.4571455 0.0616319
v 3.063889 -0.438802 0.05274563
v 3.063568 -0.4006355 0.1105614
v 2.938928 -0.3780836 0.04291448
v 2.940659 -0.3618205 0.06769034
v 3.063197 -0.439755 0.03980557
v 2.940826 -0.3862082 0.04091057
v 3.061563 -0.4175731 -0.01521745
v 2.938282 -0.3735163 0.03917452
v 3.039538 -0.3614625 -0.04830285
v 2.99413 -0.3600866 -0.04200536
v 3.101078 -0.3580875 0.006473446
v 3.03707 -0.3572595 -0.0488257
v 3.041464 -0.2990939 -0.02465572
v 2.940468 -0.3563566 0.01544985
v 3.034014 -0.2685257 0.03119903
v 2.938845 -0.3378397 0.04091355
v 3.033538 -0.2679893 0.04402762
v 2.941015 -0.3296114 0.04291758
v 3.040968 -0.2910383 0.1003852
v 2.938178 -0.3428252 0.04465255
v 3.036958 -0.3478136 0.1321483
v 2.992739 -0.3580905 0.1253789
v 3.037957 -0.3614695 0.1325245
v 3.101249 -0.3600895 0.07728937
v 2.934814 -0.4267426 0.1087473
v 2.922308 -0.3015002 0.1080724
v 2.924624 -0.301987 -0.02340517
v 2.935113 -0.4268565 -0.02438847
v 2.8642 -0.4442663 -0.02866544
v 2.861034 -0.4444419 0.112816
v 2.851918 -0.2989637 -0.02859719
v 2.853732 -0.2986011 0.1122211
v 2.788828 -0.4447266 -0.02853047
v 2.788844 -0.4445129 0.1129155
v 2.791464 -0.307753 -0.0287451
v 2.78632 -0.3076162 0.1125491
v 2.759625 -0.4445357 -0.02857146
v 2.756938 -0.4443609 0.1127738
v 2.753187 -0.305297 -0.02910325
v 2.761694 -0.3046103 0.1130855
v 2.676552 -0.4342145 0.004837451
v 2.698812 -0.4147981 0.1205229
v 2.694559 -0.3399331 -0.03466101
v 2.67214 -0.3232893 0.07766361
v 2.939225 -0.1524888 -0.02437035
v 3.030778 -0.1912529 -0.05003246
v 3.04409 -0.1404428 -0.01634939
v 2.911961 -0.1889244 -0.05047313
v 3.027352 -0.226188 -0.05069347
v 2.906716 -0.219726 -0.05043278
v 3.02537 -0.2647519 -0.03419478
v 2.928262 -0.2674287 -0.01563433
v 3.023581 -0.3005571 0.01763898
v 2.906293 -0.2946471 0.02980123
v 3.023439 -0.3022285 0.05871898
v 2.907833 -0.2934315 0.06061051
v 3.025066 -0.2858814 0.09680742
v 2.929168 -0.2594097 0.1073438
v 3.027009 -0.2338231 0.133024
v 2.910301 -0.2134889 0.1349147
v 3.030206 -0.1988742 0.1351703
v 2.912303 -0.1827313 0.1336073
v 3.033804 -0.160413 0.1211035
v 2.940161 -0.1440518 0.1008113
v 3.042479 -0.1216744 0.06647604
v 2.919254 -0.1105592 0.05522428
v 3.041616 -0.1196123 0.02519207
v 2.920363 -0.1120266 0.02243301
v 3.062975 -0.1295198 0.03115157
v 3.062794 -0.1677569 -0.02676645
v 2.93852 -0.1903979 0.04098448
v 2.94025 -0.2067686 0.01615282
v 3.062319 -0.1285912 0.04409866
v 2.940431 -0.1822744 0.04298862
v 3.060873 -0.1507918 0.09908848
v 2.937876 -0.1949977 0.0447236
v 3.039154 -0.2071465 0.1322009
v 2.993735 -0.2085026 0.125908
v 3.10071 -0.2105025 0.07735458
v 3.036791 -0.2113525 0.1327067
v 3.041361 -0.269412 0.1085548
v 2.940064 -0.2122335 0.06838962
v 3.03393 -0.3000331 0.05270987
v 2.938444 -0.2306712 0.04298648
v 3.033431 -0.3005741 0.03987866
v 2.940604 -0.2389055 0.04098257
v 3.040771 -0.2774643 -0.0165294
v 2.937773 -0.225706 0.03924653
v 3.036551 -0.2207432 -0.04824897
v 2.992327 -0.2104996 -0.04147786
v 3.037438 -0.2071405 -0.04864021
v 3.10081 -0.2084996 0.006554032
v 2.934059 -0.1424439 -0.02473853
v 2.9221 -0.267696 -0.02397457
v 2.924575 -0.2671866 0.1074227
v 2.934509 -0.142362 0.1084933
v 2.863458 -0.1251873 0.1127989
v 2.860368 -0.1250298 -0.02867104
v 2.851855 -0.2705491 0.1127354
v 2.853638 -0.2709031 -0.02808173
v 2.788302 -0.1251305 0.1127698
v 2.788287 -0.1253443 -0.0286765
v 2.791356 -0.2620876 0.1129843
v 2.786179 -0.2622536 -0.02830981
v 2.758992 -0.1254753 0.1128548
v 2.756167 -0.1256642 -0.02850149
v 2.753093 -0.2647524 0.1133817
v 2.761573 -0.265393 -0.02880744
v 2.675888 -0.1360742 0.07942004
v 2.698126 -0.1553923 -0.03615029
v 2.694244 -0.2302809 0.1190278
v 2.671799 -0.2470144 0.006604373
v 2.828678 -0.3575978 -0.02547586
v 2.813033 -0.3987055 -0.004256957
v 2.813065 -0.4097261 0.04315985
v 2.81307 -0.4017611 0.09118356
v 2.813047 -0.3760251 0.1325029
v 2.813 -0.3364362 0.160829
v 2.812936 -0.2890211 0.1718484
v 2.812864 -0.2409987 0.1638846
v 2.812798 -0.1996771 0.1381479
v 2.812743 -0.1713524 0.09855964
v 2.812711 -0.160332 0.05114307
v 2.812706 -0.1682966 0.003121503
v 2.812729 -0.1940317 -0.03819918
v 2.812776 -0.2336211 -0.0665257
v 2.812841 -0.2810364 -0.07754505
v 2.790899 -0.3389242 -0.08311086
v 2.676876 -0.1683714 0.09128804
v 2.67693 -0.1941402 0.1325864
v 2.676844 -0.1603688 0.04327005
v 2.67684 -0.1713498 -0.004153554
v 2.676862 -0.1996446 -0.04376561
v 2.67691 -0.2409437 -0.06953473
v 2.676974 -0.2889606 -0.07753809
v 2.661347 -0.324321 -0.04770774
v 2.699127 -0.38471 -0.05256053
v 2.677167 -0.4017658 0.003036436
v 2.677198 -0.4097683 0.0510543
v 2.677203 -0.398787 0.0984785
v 2.67718 -0.3704928 0.1380907
v 2.677134 -0.3291928 0.1638603
v 2.67707 -0.2811766 0.1718628
v 2.676997 -0.233752 0.1608812
v 2.677205 -0.3889762 -0.0001991429
v 2.677247 -0.3992079 0.04316849
v 2.677255 -0.3920512 0.08715481
v 2.677228 -0.3685979 0.1250448
v 2.677157 -0.3324208 0.1510524
v 2.677062 -0.2890563 0.1612224
v 2.677001 -0.2451042 0.1540665
v 2.676927 -0.2072484 0.1306216
v 2.676839 -0.1812733 0.09446783
v 2.676795 -0.171088 0.0511455
v 2.676787 -0.1782437 0.007225928
v 2.676814 -0.2016518 -0.03062011
v 2.676886 -0.2377546 -0.05665172
v 2.676981 -0.2810806 -0.06689806
v 2.699055 -0.3348964 -0.07327213
v 2.661407 -0.35013 -0.01795024
v 2.524643 -0.3926167 0.007331959
v 2.540241 -0.3564419 -0.02332474
v 2.524593 -0.3969548 -0.002994964
v 2.502574 -0.3779151 -0.04481531
v 2.524683 -0.3997932 0.05125284
v 2.524623 -0.4077652 0.04337096
v 2.524687 -0.3896276 0.09457505
v 2.524628 -0.4000091 0.09034467
v 2.524656 -0.3636659 0.1307193
v 2.524606 -0.3748672 0.130774
v 2.524568 -0.3258554 0.1542139
v 2.524561 -0.3361685 0.1585049
v 2.524494 -0.2819149 0.1614256
v 2.524499 -0.2898021 0.1693154
v 2.524434 -0.2385621 0.1512516
v 2.524431 -0.2428293 0.1615596
v 2.52434 -0.2023734 0.1252863
v 2.524366 -0.2023995 0.1364181
v 2.524264 -0.1788741 0.08743453
v 2.524315 -0.1746691 0.097718
v 2.524225 -0.1716669 0.04346072
v 2.524284 -0.163859 0.0513525
v 2.524221 -0.181848 7.670253E-05
v 2.52428 -0.1716148 0.004379383
v 2.524253 -0.2078659 -0.03610088
v 2.524302 -0.1967558 -0.03605003
v 2.524339 -0.245756 -0.05953039
v 2.524347 -0.2354555 -0.06378104
v 2.524414 -0.2897072 -0.06670119
v 2.524408 -0.2818203 -0.07459189
v 2.540172 -0.3209962 -0.03767993
v 2.502464 -0.3386583 -0.08036567
v 2.876234 -0.278344 0.04866849
v 2.883761 -0.2802548 0.04543673
v 2.863322 -0.2686994 0.05178105
v 2.876204 -0.281362 0.05285703
v 2.875937 -0.2903802 0.04317628
v 2.886682 -0.2901842 0.04183875
v 2.875932 -0.2914733 0.04556929
v 2.867116 -0.2797319 0.05963015
v 2.875951 -0.2915669 0.04819881
v 2.863136 -0.2895696 0.06332886
v 2.842669 -0.2999162 0.06941057
v 2.876007 -0.2859885 0.04046165
v 2.876215 -0.2782508 0.04603862
v 2.876063 -0.2833572 0.04055463
v 2.863268 -0.2743987 0.03392708
v 2.842801 -0.2795724 0.02078187
v 2.828453 -0.2780912 0.1696531
v 2.809275 -0.3723093 0.1761002
v 2.781067 -0.2771307 0.1380868
v 2.798101 -0.4044774 0.1476871
v 2.83918 -0.4091606 0.1605511
v 2.896427 -0.2839969 0.1697842
v 2.865821 -0.421129 0.1476367
v 2.888631 -0.4040574 0.1601795
v 2.831166 -0.2976892 0.1617536
v 2.863011 -0.4095644 0.1523827
v 2.816373 -0.2829702 0.02263535
v 2.807466 -0.3044816 0.01618828
v 2.810163 -0.3989693 0.03168524
v 2.78504 -0.4015951 0.05420151
v 2.844609 -0.4209342 0.04465806
v 2.871291 -0.4093371 0.03173112
v 2.883931 -0.2787173 0.02250408
v 2.891558 -0.4142788 0.04506312
v 2.867773 -0.384393 0.01798593
v 2.84963 -0.2693247 0.04309297
v 2.831658 -0.3457728 0.02154124
v 2.850816 -0.4105065 0.05162632
v 2.830407 -0.2931761 0.03751266
v 2.840174 -0.2586797 0.08854688
v 2.830404 -0.2797955 0.1413905
v 2.830406 -0.328977 0.1696052
v 2.838951 -0.3764731 0.1656904
v 2.830406 -0.4118949 0.1056069
v 2.856238 -0.376944 0.04642093
v 2.856238 -0.3305016 0.03375518
v 2.835164 -0.3384346 0.09184957
v 2.835164 -0.3414716 0.09310759
v 2.837132 -0.3384346 0.09397662
v 2.837132 -0.3399675 0.09461153
v 2.837132 -0.3362676 0.09614456
v 2.837132 -0.3369026 0.09767664
v 2.837132 -0.3406016 0.09614456
v 2.837132 -0.3384346 0.09831155
v 2.837132 -0.3399675 0.09767664
v 2.837132 -0.3369026 0.09461153
v 2.835164 -0.3353976 0.09310759
v 2.835164 -0.3341406 0.09614361
v 2.835164 -0.3353976 0.09918059
v 2.835164 -0.3384346 0.1004386
v 2.835164 -0.3414716 0.09918059
v 2.835164 -0.3427296 0.09614456
v 2.856239 -0.2887124 0.05763268
v 2.856239 -0.2760426 0.1040613
v 2.856237 -0.2999225 0.1458634
v 2.856238 -0.3463636 0.1585342
v 2.856239 -0.3881562 0.1346566
v 2.856238 -0.4008248 0.08821738
v 2.828453 -0.290615 0.1696519
v 2.809275 -0.1963968 0.176098
v 2.7981 -0.1642293 0.147685
v 2.781067 -0.2915755 0.1380858
v 2.83918 -0.1595448 0.1605491
v 2.896427 -0.2847092 0.1697832
v 2.865821 -0.1475771 0.1476346
v 2.88863 -0.1646487 0.1601775
v 2.831166 -0.271017 0.1617526
v 2.863011 -0.1591417 0.1523808
v 2.816373 -0.2857359 0.02263344
v 2.807466 -0.2642245 0.01618625
v 2.810161 -0.1697372 0.03168334
v 2.78504 -0.1671109 0.05419948
v 2.844609 -0.147772 0.04465604
v 2.871291 -0.159369 0.03172909
v 2.883931 -0.2899888 0.02250205
v 2.891558 -0.1544273 0.04506122
v 2.867773 -0.1843131 0.0179839
v 2.84963 -0.2993814 0.04309106
v 2.831658 -0.2229333 0.02153921
v 2.850816 -0.1581996 0.0516243
v 2.830406 -0.2755295 0.03751099
v 2.840174 -0.3100277 0.08856023
v 2.830407 -0.2889025 0.1414011
v 2.830406 -0.2397338 0.1696021
v 2.838951 -0.1922331 0.1656884
v 2.830406 -0.1568112 0.1056048
v 2.856238 -0.1917621 0.04641902
v 2.856238 -0.2382026 0.03375256
v 2.835164 -0.2302716 0.09184755
v 2.835164 -0.2272346 0.09310556
v 2.837132 -0.2302716 0.09397567
v 2.837132 -0.2287385 0.09460963
v 2.837132 -0.2324386 0.09614266
v 2.837132 -0.2318036 0.09767462
v 2.837132 -0.2281046 0.09614266
v 2.837132 -0.2302716 0.09830964
v 2.837132 -0.2287385 0.09767462
v 2.837132 -0.2318036 0.09460963
v 2.835164 -0.2333086 0.09310556
v 2.835165 -0.2345656 0.09614266
v 2.835164 -0.2333086 0.09917963
v 2.835164 -0.2302716 0.1004366
v 2.835164 -0.2272346 0.09917963
v 2.835164 -0.2259766 0.09614266
v 2.856237 -0.2799976 0.05763745
v 2.856239 -0.2926607 0.1040801
v 2.856239 -0.2687824 0.1458649
v 2.856238 -0.2223444 0.1585318
v 2.856239 -0.1805499 0.1346545
v 2.856238 -0.1678813 0.08821547
v 2.828456 -0.2906174 -0.07544006
v 2.809275 -0.1963987 -0.08188772
v 2.781073 -0.2915835 -0.04387455
v 2.7981 -0.1642313 -0.05347466
v 2.839178 -0.1595472 -0.06633902
v 2.896428 -0.2847103 -0.07557204
v 2.865821 -0.1475791 -0.0534245
v 2.888627 -0.1646495 -0.06596723
v 2.831166 -0.271019 -0.06754137
v 2.863011 -0.159144 -0.05817224
v 2.816377 -0.2857394 0.07157637
v 2.807468 -0.2642275 0.07802393
v 2.81016 -0.1697396 0.06252684
v 2.78504 -0.1671129 0.04001083
v 2.844608 -0.1477731 0.04955423
v 2.87129 -0.1593706 0.06248092
v 2.883932 -0.2899901 0.07170831
v 2.891553 -0.154427 0.0491489
v 2.867776 -0.1843172 0.07622838
v 2.849631 -0.2993822 0.05112004
v 2.831658 -0.2229289 0.07267035
v 2.850817 -0.1582011 0.04258633
v 2.830407 -0.275528 0.05670203
v 2.840173 -0.3100283 0.005661128
v 2.830405 -0.2889054 -0.04718823
v 2.830405 -0.2397279 -0.07539273
v 2.838951 -0.1922314 -0.07147647
v 2.830405 -0.1568132 -0.01139468
v 2.856239 -0.1917606 0.04778921
v 2.856238 -0.2381997 0.06045783
v 2.835164 -0.2302726 0.002362608
v 2.835164 -0.2272366 0.001104593
v 2.837132 -0.2302726 0.0002355562
v 2.837132 -0.2287406 -0.0003994121
v 2.837132 -0.2324406 -0.001931431
v 2.837132 -0.2318056 -0.003464403
v 2.837132 -0.2281055 -0.001931431
v 2.837132 -0.2302726 -0.004099431
v 2.837132 -0.2287406 -0.003464403
v 2.837132 -0.2318056 -0.0003994121
v 2.835164 -0.2333096 0.001104593
v 2.835163 -0.2345676 -0.00193143
v 2.835164 -0.2333096 -0.004968406
v 2.835164 -0.2302726 -0.006226422
v 2.835163 -0.2272366 -0.004968406
v 2.835163 -0.2259786 -0.001932384
v 2.856239 -0.2799942 0.03658056
v 2.856238 -0.2926628 -0.009858618
v 2.856238 -0.268782 -0.05165507
v 2.856238 -0.2223396 -0.06432088
v 2.856239 -0.1805504 -0.04044331
v 2.856238 -0.1678833 0.005994789
v 2.828453 -0.2780932 -0.07543964
v 2.809269 -0.3723052 -0.0818857
v 2.798093 -0.4044736 -0.05347335
v 2.781067 -0.2771326 -0.04387258
v 2.83918 -0.4091626 -0.06633688
v 2.896429 -0.2839996 -0.07557121
v 2.865819 -0.4211303 -0.05342229
v 2.888627 -0.4040604 -0.06596521
v 2.831167 -0.2976918 -0.06754006
v 2.863013 -0.4095651 -0.05817087
v 2.816373 -0.2829722 0.07157888
v 2.807466 -0.3044836 0.07802595
v 2.810159 -0.398969 0.06252946
v 2.785027 -0.4015858 0.04001274
v 2.844609 -0.4209362 0.04955614
v 2.871289 -0.409339 0.06248283
v 2.883932 -0.278719 0.07171034
v 2.891556 -0.4142814 0.04915093
v 2.867776 -0.3843919 0.07623041
v 2.849632 -0.2693273 0.0511229
v 2.831658 -0.3457802 0.07267237
v 2.850817 -0.410508 0.04258835
v 2.830406 -0.2931798 0.0567025
v 2.840173 -0.2586802 0.005656598
v 2.830406 -0.2798063 -0.04719043
v 2.830406 -0.328979 -0.07539082
v 2.83895 -0.3764781 -0.07147384
v 2.830407 -0.4118985 -0.01138133
v 2.856239 -0.3769486 0.04779124
v 2.856238 -0.3305094 0.06045985
v 2.835163 -0.3384366 0.002364516
v 2.835163 -0.3414736 0.001106619
v 2.837132 -0.3384366 0.0002365695
v 2.837132 -0.3399686 -0.0003974452
v 2.837132 -0.3362696 -0.001930417
v 2.837132 -0.3369036 -0.003462436
v 2.837132 -0.3406036 -0.001930417
v 2.837132 -0.3384366 -0.004097404
v 2.837132 -0.3399686 -0.003462436
v 2.837132 -0.3369036 -0.0003974452
v 2.835164 -0.3353996 0.001106619
v 2.835164 -0.3341416 -0.001930417
v 2.835163 -0.3353996 -0.004967452
v 2.835164 -0.3384366 -0.006224395
v 2.835163 -0.3414736 -0.00496638
v 2.835163 -0.3427316 -0.001930417
v 2.856238 -0.2887129 0.03657901
v 2.856238 -0.2760471 -0.009863386
v 2.856239 -0.2999282 -0.05165459
v 2.856238 -0.3463656 -0.06431998
v 2.856237 -0.388163 -0.04043384
v 2.856239 -0.4008265 0.006001227

vn -0.6294771 0.6299772 -0.45485
vn -0.3405984 0.8232327 0.4541818
vn -0.1683244 0.406855 -0.8978514
vn -0.3113345 0.3115755 0.8977705
vn -0.04608973 0.699481 -0.7131643
vn 0.046658 0.6994433 0.7131636
vn -0.6290081 0.3111031 0.7124355
vn -0.663096 0.2248449 -0.7139675
vn -0.7003691 0.0467319 0.7122501
vn -0.6985133 -0.04603719 -0.7141153
vn -0.6649846 -0.2248832 0.7121968
vn -0.6277305 -0.3098385 -0.7141114
vn -0.528239 -0.4621664 0.712297
vn -0.4614747 -0.5265829 -0.7139692
vn 0.046658 0.6994433 0.7131636
vn 0.2251598 0.6641194 -0.7129165
vn -0.04608973 0.699481 -0.7131643
vn 0.3105403 0.6278985 0.7136584
vn 0.4625492 0.5278184 -0.7123603
vn 0.526916 0.460997 0.7140321
vn 0.6294656 0.3106833 -0.712215
vn 0.6631286 0.2242326 0.7141295
vn 0.7004442 0.04615345 -0.712214
vn 0.698513 -0.04659713 0.7140794
vn 0.698513 -0.04659713 0.7140794
vn 0.6646526 -0.2253496 -0.7123588
vn 0.7004442 0.04615345 -0.712214
vn 0.6276855 -0.3104376 0.7138911
vn 0.5275324 -0.4623008 -0.7127327
vn 0.4614369 -0.5274116 0.7133823
vn 0.3102645 -0.6285977 -0.7131626
vn 0.2245575 -0.6640574 0.713164
vn 0.04610268 -0.6994796 -0.7131642
vn -0.04665592 -0.6994438 0.713164
vn -0.2250094 -0.6636366 -0.7134126
vn -0.3109913 -0.6287966 0.7126713
vn -0.4614747 -0.5265829 -0.7139692
vn -0.528239 -0.4621664 0.712297
vn 0.6297206 -0.6302151 -0.4541822
vn 0.3036907 -0.7340191 -0.6074439
vn 0.1683348 -0.4068509 -0.8978508
vn 0.3868159 -0.3871196 -0.8369662
vn 0.04608618 -0.69948 -0.7131648
vn -0.05509508 -0.8257689 -0.5613114
vn -0.2250867 -0.6638782 -0.7131632
vn -0.4198315 -0.8488824 -0.3211549
vn -0.4620134 -0.5271987 -0.7131658
vn -0.527581 -0.4615785 -0.7131649
vn -0.6285993 -0.3102604 -0.7131634
vn -0.6640561 -0.2245605 -0.7131639
vn -0.6994797 -0.04610302 -0.7131645
vn -0.6994435 0.04665134 -0.7131644
vn -0.6638752 0.2250902 -0.7131658
vn -0.5318859 0.2630697 -0.8049179
vn -0.5272008 0.4620155 -0.7131635
vn -0.4615872 0.5275751 -0.7131642
vn -0.3102615 0.6285963 -0.7131661
vn -0.2245493 0.6640593 -0.7131649
vn -0.04609464 0.6994811 -0.7131639
vn 0.06303684 0.9449267 -0.3211558
vn 0.2250973 0.6638737 -0.713165
vn 0.3669038 0.7418304 -0.5613116
vn 0.4620035 0.5272105 -0.7131642
vn 0.5275628 0.4615996 -0.7131652
vn 0.6285901 0.3102767 -0.7131648
vn 0.6640543 0.2245655 -0.7131643
vn 0.6994788 0.04609467 -0.713166
vn 0.8257671 -0.05510003 -0.5613143
vn 0.6638736 -0.2251031 -0.7131628
vn 0.6283479 -0.3107707 -0.7131627
vn -0.3406076 0.8232293 0.4541809
vn -0.6297119 0.6302245 -0.4541819
vn -0.3112141 0.3114632 0.8978513
vn -0.1683378 0.4068505 -0.8978509
vn -0.04609788 0.6994795 -0.7131654
vn 0.04666518 0.6994423 0.7131641
vn 0.2250929 0.6638759 -0.7131642
vn 0.31076 0.6283525 0.7131631
vn 0.4619998 0.5272116 -0.7131658
vn 0.5275671 0.4615919 0.7131663
vn 0.6285995 0.3102568 -0.7131651
vn 0.6640611 0.2245444 0.7131644
vn 0.6994812 0.04608354 -0.7131644
vn 0.6994424 -0.04666643 0.7131645
vn 0.6638764 -0.2250926 -0.7131636
vn 0.6283494 -0.3107654 0.713164
vn 0.5272068 -0.4620056 -0.7131649
vn 0.46159 -0.5275708 0.7131655
vn 0.3102701 -0.628594 -0.7131635
vn 0.2245574 -0.6640566 0.7131649
vn 0.04609384 -0.6994798 -0.7131645
vn -0.04666734 -0.6994426 0.7131644
vn -0.2250981 -0.6638732 -0.7131644
vn -0.3107705 -0.6283466 0.7131643
vn -0.4620034 -0.5272108 -0.7131634
vn -0.5275627 -0.4616 0.7131649
vn -0.628592 -0.3102696 -0.7131659
vn -0.6640564 -0.224558 0.7131648
vn -0.6994799 -0.04609175 -0.713165
vn -0.6994417 0.04666007 0.7131656
vn -0.6638718 0.2251026 -0.7131649
vn -0.6283429 0.3107775 0.7131642
vn -0.6638741 0.2250975 0.7131642
vn -0.6297142 0.6302223 0.4541813
vn -0.6283438 0.3107761 -0.7131644
vn -0.6994421 0.04666452 -0.7131649
vn -0.6994802 -0.04609398 0.7131647
vn -0.6640531 -0.2245644 -0.7131655
vn -0.6285914 -0.3102736 0.7131651
vn -0.5275678 -0.4615947 -0.7131641
vn -0.4620127 -0.5272016 0.7131648
vn -0.3107738 -0.6283446 -0.7131642
vn -0.2250884 -0.6638762 0.7131654
vn -0.04665392 -0.6994433 -0.7131637
vn 0.04609391 -0.6994817 0.7131634
vn 0.2245485 -0.664059 -0.7131647
vn 0.3102632 -0.6285951 0.7131663
vn 0.4615919 -0.5275705 -0.7131639
vn 0.5272009 -0.4620154 0.7131634
vn 0.6283405 -0.3107811 -0.7131648
vn 0.6638734 -0.2250939 0.7131662
vn 0.6994436 -0.04665168 -0.7131642
vn 0.6994804 0.04610457 0.7131637
vn 0.6640583 0.2245549 -0.7131638
vn 0.6285977 0.3102621 0.7131641
vn 0.5275719 0.4615879 -0.7131659
vn 0.4620126 0.5272015 0.7131644
vn 0.3107739 0.6283447 -0.7131646
vn 0.2250911 0.6638743 0.7131656
vn 0.04665035 0.6994436 -0.7131646
vn -0.04610695 0.6994802 0.7131632
vn -0.340607 0.8232295 -0.454182
vn -0.1683318 0.4068519 0.8978509
vn -0.3112143 0.311464 -0.8978513
vn 0.6638736 -0.2251031 -0.7131628
vn 0.6297206 -0.6302151 -0.4541822
vn 0.6994788 0.04609467 -0.713166
vn 0.6285901 0.3102767 -0.7131648
vn 0.4620035 0.5272105 -0.7131642
vn 0.2250973 0.6638737 -0.713165
vn -0.04609464 0.6994811 -0.7131639
vn -0.3102615 0.6285963 -0.7131661
vn -0.5272008 0.4620155 -0.7131635
vn -0.6638752 0.2250902 -0.7131658
vn -0.6994797 -0.04610302 -0.7131645
vn -0.6285993 -0.3102604 -0.7131634
vn -0.4620134 -0.5271987 -0.7131658
vn -0.2250867 -0.6638782 -0.7131632
vn 0.04608618 -0.69948 -0.7131648
vn 0.1683348 -0.4068509 -0.8978508
vn 0.275542 -0.8509102 0.4472466
vn 0.2832865 -0.644915 -0.7098124
vn 0.1377559 -0.4254343 -0.8944436
vn 0.4810208 -0.8767097 4.600998E-07
vn 0.4618063 -0.5273844 -0.7131626
vn 0.7523335 -0.6587833 3.799033E-07
vn 0.7419719 -0.3666136 -0.5613136
vn 0.9471721 -0.3207272 2.35739E-07
vn 0.9449529 -0.06264722 -0.3211551
vn 0.9978091 0.0661686 5.567958E-08
vn 0.6639593 0.2248414 -0.7131658
vn 0.8965213 0.443002 -1.328634E-07
vn 0.5273777 0.4618153 -0.7131624
vn 0.6587774 0.7523386 -3.011507E-07
vn 0.31051 0.6284708 -0.7131685
vn 0.3206726 0.9471905 -4.236214E-07
vn 0.1084882 0.8238388 -0.5563463
vn 0.0652795 0.9978673 -4.701132E-07
vn -0.02911581 0.444728 -0.895193
vn -0.1306583 0.9914279 -4.84172E-07
vn -0.2654685 0.7838728 -0.561312
vn -0.4429997 0.8965222 -4.662232E-07
vn -0.3909146 0.4464271 -0.804916
vn -0.7523341 0.6587825 -3.79903E-07
vn -0.7419726 0.3666123 -0.561314
vn -0.9471724 0.3207264 -2.357386E-07
vn -0.9449534 0.06263282 -0.3211565
vn -0.9449494 -0.06269328 0.3211563
vn -0.6639563 -0.224857 -0.7131634
vn -0.5319867 -0.2628711 0.8049161
vn -0.6226353 -0.5452117 -0.561311
vn -0.4618056 -0.527385 0.7131633
vn -0.2207052 -0.5404543 -0.8119106
vn -0.1668013 -0.9296909 0.32841
vn 0.06750393 -0.8284556 -0.5559719
vn 0.1151071 -0.8231929 0.5559722
vn 0.2654514 -0.7838777 -0.5613123
vn 0.3105277 -0.6284651 0.7131658
vn 0.3837031 -0.8058474 -0.4509791
vn 0.3023984 -0.6350632 0.7108103
vn 0.9620618 0.1924126 0.1934309
vn 0.5787622 -0.5771992 -0.5760866
vn 0.5546998 -0.8320509 0.0005506204
vn 0.8161277 -0.4086184 0.4086171
vn 0.3317239 0.6670693 0.6670666
vn 0.8172154 0.4080553 -0.4070025
vn 0.3333335 0.6666669 0.6666666
vn -0.3481556 0.3481553 0.8703884
vn -0.6670479 0.3335243 0.6661901
vn -6.181726E-08 0.7071069 0.7071067
vn -0.5550468 -9.916061E-08 0.8318196
vn -0.2182481 -0.872992 0.436181
vn -0.5778705 -0.5778726 0.5763074
vn 0.3333335 0.6666669 0.6666666
vn 0.9620618 0.1924126 0.1934309
vn -0.8011804 -0.5346044 -0.2689036
vn -0.2658167 0.8017998 -0.5352195
vn -0.6666671 0.6666669 0.3333331
vn -0.7071071 8.429368E-08 -0.7071071
vn -0.5773506 0.5773506 -0.5773508
vn -0.4472139 -1.06624E-07 0.8944275
vn 0.8944278 5.331203E-08 -0.4472137
vn 0.666667 0.3333334 0.6666668
vn 0.3333336 0.666667 -0.6666672
vn 0.7071071 -8.429368E-08 0.7071071
vn -0.5783948 -0.5768288 0.5768268
vn -0.3481556 0.3481553 0.8703884
vn -0.5783948 0.5768287 0.5768263
vn -0.2182481 -0.872992 0.436181
vn 0.666667 0.3333334 0.6666668
vn -0.4472139 -1.06624E-07 0.8944275
vn -0.6666671 0.6666669 0.3333331
vn 0.7071071 -8.429368E-08 0.7071071
vn 0.3317239 0.6670693 0.6670666
vn -0.5783948 -0.5768288 0.5768268
vn -0.5783948 0.5768287 0.5768263
vn 0.8161277 -0.4086184 0.4086171
vn 0.5787622 -0.5771992 -0.5760866
vn -0.2658167 0.8017998 -0.5352195
vn -0.8011804 -0.5346044 -0.2689036
vn 0.8172154 0.4080553 -0.4070025
vn 0.3333336 0.666667 -0.6666672
vn -0.6666671 0.6666669 0.3333331
vn -0.5773506 0.5773506 -0.5773508
vn 0.666667 0.3333334 0.6666668
vn -0.5783948 -0.5768288 0.5768268
vn 0.5546998 -0.8320509 0.0005506204
vn -0.2182481 -0.872992 0.436181
vn 0.8161277 -0.4086184 0.4086171
vn 0.5787622 -0.5771992 -0.5760866
vn -0.8011804 -0.5346044 -0.2689036
vn -0.5778705 -0.5778726 0.5763074
vn -0.2658167 0.8017998 -0.5352195
vn 0.3333335 0.6666669 0.6666666
vn -6.181726E-08 0.7071069 0.7071067
vn 0.8172154 0.4080553 -0.4070025
vn -0.6670479 0.3335243 0.6661901
vn -0.5190971 0.7071071 -0.4801448
vn 0.2747213 0.9615243 -4.344735E-07
vn -0.166854 0.9091372 -0.3816152
vn -3.552714E-15 1 -4.768372E-07
vn 0.8944277 0.4472137 -1.350547E-07
vn 0.4412754 0.7109839 0.5475201
vn 0.2504835 0.7109843 0.6570841
vn -0.4255589 0.809817 -0.403853
vn 0.04146341 0.5589258 0.8281805
vn -0.1835884 0.7109825 0.678822
vn -0.7024332 0.7080426 0.07255509
vn -0.3843561 0.7109854 0.5888721
vn -0.7748282 0.5589286 0.2953657
vn -0.7378451 0.3193674 0.5946342
vn 0.6943938 0.5589237 0.453235
vn 0.8004597 0.5589245 0.2164914
vn 0.9692345 0.2430829 0.03868214
vn -0.705237 -0.7080431 0.03628772
vn -0.4255589 0.809817 -0.403853
vn -0.7024332 0.7080426 0.07255509
vn -0.2183379 -0.9067265 -0.3607987
vn -0.8016264 -0.5589275 0.2121232
vn -0.7748282 0.5589286 0.2953657
vn -0.7963433 -0.319367 0.5136567
vn -0.7378451 0.3193674 0.5946342
vn -0.4442466 -0.7109863 0.5451098
vn -0.3843561 0.7109854 0.5888721
vn -0.25403 -0.7109828 0.6557236
vn -0.1835884 0.7109825 0.678822
vn -0.04597613 -0.558926 0.8279428
vn 0.04146341 0.5589258 0.8281805
vn 0.212139 -0.5589253 0.8016239
vn 0.2504835 0.7109843 0.6570841
vn 0.3811662 -0.7109832 0.5909454
vn 0.4412754 0.7109839 0.5475201
vn 0.6428061 -0.5589247 0.5238367
vn 0.6943938 0.5589237 0.453235
vn 0.7732158 -0.5589246 0.2995696
vn 0.8004597 0.5589245 0.2164914
vn 0.9430311 -0.3170369 0.1009014
vn 0.9692345 0.2430829 0.03868214
vn 0.3730074 -0.8307398 -0.4132036
vn 0.7767483 -0.597803 -0.1982283
vn 0.2747213 0.9615243 -4.344735E-07
vn 0.3730074 -0.8307398 -0.4132036
vn -0.3103144 -0.1749034 -0.9344059
vn -0.2183379 -0.9067265 -0.3607987
vn 0.7767483 -0.597803 -0.1982283
vn -0.328303 -0.8944275 -0.3036727
vn 3.552714E-15 -1 4.768372E-07
vn 0.7071072 -0.707107 3.98992E-07
vn 0.8944277 0.4472137 -1.350547E-07
vn 0.2747213 0.9615243 -4.344735E-07
vn -0.5190971 0.7071071 -0.4801448
vn -0.166854 0.9091372 -0.3816152
vn -0.4255589 0.809817 -0.403853
vn 0.3811662 -0.7109832 0.5909454
vn 0.212139 -0.5589253 0.8016239
vn -0.04597613 -0.558926 0.8279428
vn -0.25403 -0.7109828 0.6557236
vn -0.705237 -0.7080431 0.03628772
vn -0.4442466 -0.7109863 0.5451098
vn -0.8016264 -0.5589275 0.2121232
vn -0.7963433 -0.319367 0.5136567
vn 0.6428061 -0.5589247 0.5238367
vn 0.7732158 -0.5589246 0.2995696
vn 0.9430311 -0.3170369 0.1009014
vn -0.2571334 0.8482006 0.463075
vn -0.5614984 0.5619006 0.6074437
vn -0.311218 0.3114524 0.8978537
vn -0.1560613 0.5147096 0.8430416
vn -4.849345E-08 0.8320506 0.5547001
vn -6.181726E-08 0.7071069 0.7071067
vn 0.1820455 0.9271575 0.3274732
vn 0.2671144 0.639663 0.7207506
vn 0.4620209 0.5271925 0.7131656
vn 0.5275759 0.461585 0.7131644
vn 0.6398475 0.2667745 0.720713
vn 0.6802769 0.133395 0.7207148
vn 0.7071071 -8.429368E-08 0.7071071
vn 0.7071071 -8.429368E-08 0.7071071
vn 0.5740578 -0.1127024 0.8110221
vn 0.6396699 -0.2671022 0.7207496
vn 0.5272134 -0.4619992 0.7131648
vn 0.4615821 -0.5275787 0.7131648
vn 0.2667727 -0.6398485 0.7207132
vn 0.1333786 -0.6802841 0.7207115
vn -2.764552E-08 -0.9486837 0.3162284
vn -6.181725E-08 -0.7071071 0.7071074
vn -0.1583473 -0.8064629 0.5696884
vn -0.2671144 -0.6396633 0.7207511
vn -0.4620208 -0.5271929 0.713166
vn -0.5275759 -0.4615851 0.7131649
vn -0.6398476 -0.2667747 0.7207132
vn -0.6802772 -0.1333951 0.7207148
vn -0.8320509 -6.612544E-08 0.5547004
vn -0.7071072 -8.429371E-08 0.7071069
vn -0.6802065 0.1335587 0.720751
vn -0.6396742 0.2670943 0.7207484
vn -0.6638773 0.2250879 0.7131643
vn -0.6297157 0.630221 0.4541809
vn -0.6283443 0.3107734 -0.7131652
vn -0.699443 0.04665637 -0.7131646
vn -0.6994802 -0.04609706 0.7131644
vn -0.6640533 -0.2245643 -0.7131654
vn -0.6285924 -0.3102716 0.713165
vn -0.5275723 -0.4615904 -0.7131636
vn -0.4620188 -0.5271968 0.7131645
vn -0.3107757 -0.6283424 -0.7131652
vn -0.2250907 -0.6638752 0.7131657
vn -0.04665317 -0.6994432 -0.713164
vn 0.04609874 -0.6994801 0.7131646
vn 0.2245569 -0.664057 -0.713164
vn 0.3102627 -0.6285973 0.7131646
vn 0.4615898 -0.5275699 -0.7131656
vn 0.5272017 -0.4620117 0.7131653
vn 0.6283472 -0.3107685 -0.7131643
vn 0.6638736 -0.2250951 0.7131656
vn 0.6994432 -0.04665622 -0.7131644
vn 0.6994801 0.0460969 0.7131646
vn 0.6640568 0.2245575 -0.7131645
vn 0.6285989 0.3102598 0.713164
vn 0.5275745 0.4615851 -0.7131658
vn 0.4620051 0.5272056 0.7131662
vn 0.3107661 0.6283504 -0.713163
vn 0.2250879 0.6638784 0.7131627
vn 0.04666261 0.6994421 -0.7131652
vn -0.04609907 0.6994799 0.713164
vn -0.3406089 0.8232285 -0.4541824
vn -0.1683304 0.4068525 0.8978509
vn -0.3112151 0.311465 -0.8978506
vn 0.9532983 3.600506E-08 -0.3020322
vn 0.9532983 3.600506E-08 -0.3020322
vn 0.9532983 3.600507E-08 -0.3020323
vn 0.9532983 3.600506E-08 -0.3020322
vn 0.3317239 0.6670693 0.6670666
vn -0.3481556 0.3481553 0.8703884
vn 0.9620618 0.1924126 0.1934309
vn -0.5783948 0.5768287 0.5768263
vn -0.7071071 8.429368E-08 -0.7071071
vn 0.3333336 0.666667 -0.6666672
vn -0.5773506 0.5773506 -0.5773508
vn 0.8944278 5.331203E-08 -0.4472137
vn -0.4859914 -0.6938851 -0.5313532
vn -0.1770456 -0.9642041 -0.1973971
vn -0.7185197 -0.5990853 -0.3533089
vn -0.1128321 -0.9706509 -0.2123822
vn 0.1712543 -0.9723544 -0.1587435
vn 0.1863188 -0.9704679 -0.1532251
vn 0.5705655 -0.809735 -0.1370583
vn 0.6942831 -0.5928816 -0.4079987
vn 0.960001 -0.2546948 -0.1163182
vn 0.9821863 -0.1127888 -0.1502998
vn 0.979653 0.1652765 -0.1138632
vn 0.9680727 0.1863153 -0.1676995
vn 0.8189923 0.5585888 -0.1312684
vn 0.6001615 0.6824821 -0.4171636
vn 0.2609384 0.9532275 -0.1525433
vn 0.1128431 0.9743906 -0.1945005
vn -0.08749651 0.9781846 -0.1884145
vn -0.185731 0.9587348 -0.2152499
vn -0.4845455 0.8442383 -0.2290816
vn -0.585214 0.6039993 -0.5410275
vn -0.9077967 0.2566088 -0.3317504
vn -0.9476255 0.1228654 -0.2948074
vn -0.9319624 -0.1658987 -0.3223737
vn -0.9300936 -0.1993573 -0.3085185
vn -0.8422652 -0.1026586 -0.529199
vn -0.4179527 -0.739892 -0.5271391
vn -0.1795888 -1.172712E-07 0.9837422
vn -8.41497E-08 -0.2710684 0.9625607
vn -0.8535002 6.211914E-08 -0.5210935
vn -0.2751732 -1.146072E-07 0.9613951
vn -0.6172777 0.6044117 -0.5036426
vn -0.137632 -1.180748E-07 0.9904839
vn 2.164155E-08 0.9688753 -0.247551
vn -2.902396E-08 0.9432814 0.331995
vn 8.111522E-08 0.3729545 -0.9278502
vn 1.940691E-08 0.9750495 -0.2219897
vn 0.6414789 0.7155096 -0.2766805
vn -8.394755E-08 0.2791492 0.960248
vn 0.9763982 0.1013358 -0.190732
vn 0.2060922 -1.166502E-07 0.978533
vn 0.9827206 2.206547E-08 -0.1850984
vn 0.302908 -1.136088E-07 0.9530202
vn 0.736309 -0.6201149 -0.2707534
vn 0.159216 -1.176886E-07 0.9872441
vn 0.1111991 -0.9690207 -0.2205313
vn -3.031674E-08 -0.9379458 0.3467836
vn 2.00038E-08 -0.9734699 -0.2288164
vn 8.114174E-08 -0.3721986 -0.9281533
vn -0.5615653 -0.661537 -0.4970048
vn 0.6588983 -0.6562672 -0.3676507
vn 0.6530777 0.6460677 -0.395079
vn -0.5629992 0.6575183 -0.5007023
vn -0.7021156 0.7081062 -0.07496899
vn -0.7040743 -0.709134 -0.03754217
vn 0.7034456 0.7074208 0.06871038
vn 0.7078173 -0.7047942 0.04754703
vn -0.7071072 0.707107 -3.98992E-07
vn -0.704487 -0.7097175 2.768313E-07
vn 0.7037832 0.7097142 -0.03155816
vn 0.7054991 -0.7081116 0.02915149
vn -0.705673 0.7078247 0.03179292
vn -0.7035212 -0.7078246 0.06358566
vn 0.6917601 0.7141747 0.1068799
vn 0.6999327 -0.7141753 0.006980765
vn -0.6242584 0.3150019 0.7148957
vn -0.3957358 -0.7987558 0.4531926
vn 0.3731708 0.7797375 0.5027457
vn 0.5690742 -0.2972691 0.7666727
vn 0.4868794 0.6954345 -0.5285078
vn 0.1770901 0.9646355 -0.1952395
vn 0.7202084 0.5999997 -0.3482837
vn 0.1128724 0.9708791 -0.2113165
vn -0.1708054 0.9723882 -0.1590212
vn -0.1863938 0.9703809 -0.1536851
vn -0.5698283 0.8098858 -0.1392175
vn -0.6929318 0.5925991 -0.4106983
vn -0.9594891 0.2548301 -0.1201807
vn -0.981572 0.1128158 -0.154241
vn -0.9791177 -0.1652156 -0.118463
vn -0.9672472 -0.1863993 -0.1723058
vn -0.8183397 -0.5585277 -0.1355281
vn -0.5985202 -0.6814251 -0.4212291
vn -0.2605359 -0.952971 -0.1548151
vn -0.1129217 -0.974142 -0.1956947
vn 0.08752141 -0.9781971 -0.1883373
vn 0.1858264 -0.9587368 -0.2151574
vn 0.4853365 -0.8443046 -0.2271542
vn 0.5862093 -0.604502 -0.5393855
vn 0.909508 -0.2563939 -0.3271977
vn 0.9486634 -0.1229503 -0.2914138
vn 0.933745 0.1660651 -0.3170864
vn 0.931365 0.1995829 -0.3045114
vn 0.845633 0.1027416 -0.5237844
vn 0.4205026 0.7411767 -0.5232932
vn 0.1808318 -1.17244E-07 0.9835143
vn -8.413379E-08 0.271714 0.9623783
vn 0.8565695 6.151589E-08 -0.5160327
vn 0.2764139 -1.145647E-07 0.9610391
vn 0.6201504 -0.6040113 -0.5005841
vn 0.1385038 -1.180603E-07 0.9903623
vn 2.166589E-08 -0.9688041 -0.2478284
vn -2.901381E-08 -0.9433222 0.3318798
vn 8.114458E-08 -0.3721179 -0.9281856
vn 1.951499E-08 -0.9747672 -0.2232249
vn -0.6402181 -0.7154263 -0.2797973
vn -8.396535E-08 -0.278448 0.9604518
vn -0.9757481 -0.1013801 -0.1940073
vn -0.2051484 -1.166738E-07 0.9787313
vn -0.9821365 2.243193E-08 -0.1881729
vn -0.302035 -1.136419E-07 0.9532973
vn -0.7350092 0.6206941 -0.2729495
vn -0.1585237 -1.177019E-07 0.9873555
vn -0.110561 0.9690885 -0.2205557
vn -3.032229E-08 0.9379222 0.3468461
vn 1.991269E-08 0.9737143 -0.2277751
vn 8.111878E-08 0.3728533 -0.927891
vn 0.56282 0.6624719 -0.4943338
vn -0.6576529 0.6561783 -0.3700326
vn -0.6515659 -0.6452013 -0.3989709
vn 0.5638888 -0.6577142 -0.4994415
vn 0.70245 -0.7080392 -0.07242458
vn 0.7042091 0.7090666 -0.03626247
vn -0.7038074 -0.7074207 0.06490054
vn -0.708065 0.7047922 0.04373615
vn 0.7071072 -0.707107 3.98992E-07
vn 0.704486 0.7097186 -2.76832E-07
vn -0.7036003 -0.7097148 -0.0353867
vn -0.7056474 0.7081105 0.02534013
vn 0.7055562 -0.7078832 0.03305868
vn 0.7032278 0.7078834 0.0661255
vn -0.6923285 -0.7141767 0.1031215
vn -0.6999584 0.7141773 0.003176505
vn 0.622463 -0.3143326 0.7167538
vn 0.395097 0.7980694 0.454955
vn -0.3740744 -0.7803551 0.5011144
vn -0.5710453 0.2978153 0.7649927
vn -0.3112149 0.3114646 -0.8978509
vn -0.62834 0.3107834 -0.7131646
vn -0.6994421 0.04665511 -0.7131655
vn -0.6640535 -0.2245645 -0.7131651
vn -0.527571 -0.4615914 -0.7131637
vn -0.310772 -0.6283444 -0.713165
vn -0.04665338 -0.6994439 -0.7131633
vn 0.2245509 -0.6640583 -0.7131647
vn 0.4615937 -0.527568 -0.7131646
vn 0.6283439 -0.3107766 -0.7131636
vn 0.6994421 -0.04665318 -0.7131656
vn 0.6640588 0.2245551 -0.7131634
vn 0.5275759 0.4615854 -0.7131646
vn 0.3107703 0.6283451 -0.7131658
vn 0.04666084 0.6994431 -0.7131643
vn -0.3406078 0.8232291 -0.454182
vn 0.6638734 -0.2250974 0.7131652
vn 0.5272051 -0.4620094 0.7131643
vn 0.6994799 0.04610268 0.7131644
vn 0.6285973 0.3102611 0.7131649
vn 0.4620117 0.5272034 0.7131634
vn 0.2250928 0.6638747 0.7131646
vn -0.04609403 0.6994793 0.713165
vn -0.1683342 0.4068519 0.8978504
vn -0.6297108 0.630226 0.4541807
vn -0.6638736 0.2250972 0.7131649
vn -0.6994802 -0.04610106 0.7131642
vn -0.6285936 -0.310268 0.7131656
vn -0.4620152 -0.5271998 0.7131645
vn -0.2250858 -0.6638768 0.7131656
vn 0.0460939 -0.6994813 0.7131637
vn 0.3102662 -0.6285945 0.7131656
vn -0.6290081 0.3111031 0.7124355
vn -0.7003691 0.0467319 0.7122501
vn -0.6649846 -0.2248832 0.7121968
vn -0.528239 -0.4621664 0.712297
vn -0.3109913 -0.6287966 0.7126713
vn -0.04665592 -0.6994438 0.713164
vn 0.2245575 -0.6640574 0.713164
vn 0.4614369 -0.5274116 0.7133823
vn 0.6276855 -0.3104376 0.7138911
vn 0.698513 -0.04659713 0.7140794
vn 0.6631286 0.2242326 0.7141295
vn 0.526916 0.460997 0.7140321
vn 0.3105403 0.6278985 0.7136584
vn 0.046658 0.6994433 0.7131636
vn -0.3405984 0.8232327 0.4541818
vn -0.3113345 0.3115755 0.8977705
vn -0.663096 0.2248449 -0.7139675
vn -0.3112151 0.311465 -0.8978506
vn -0.6283443 0.3107734 -0.7131652
vn -0.6294771 0.6299772 -0.45485
vn -0.6985133 -0.04603719 -0.7141153
vn -0.699443 0.04665637 -0.7131646
vn -0.6277305 -0.3098385 -0.7141114
vn -0.6640533 -0.2245643 -0.7131654
vn -0.4614747 -0.5265829 -0.7139692
vn -0.5275723 -0.4615904 -0.7131636
vn -0.2250094 -0.6636366 -0.7134126
vn -0.3107757 -0.6283424 -0.7131652
vn 0.04610268 -0.6994796 -0.7131642
vn -0.04665317 -0.6994432 -0.713164
vn 0.3102645 -0.6285977 -0.7131626
vn 0.2245569 -0.664057 -0.713164
vn 0.5275324 -0.4623008 -0.7127327
vn 0.4615898 -0.5275699 -0.7131656
vn 0.6646526 -0.2253496 -0.7123588
vn 0.6283472 -0.3107685 -0.7131643
vn 0.7004442 0.04615345 -0.712214
vn 0.6994432 -0.04665622 -0.7131644
vn 0.6294656 0.3106833 -0.712215
vn 0.6640568 0.2245575 -0.7131645
vn 0.4625492 0.5278184 -0.7123603
vn 0.5275745 0.4615851 -0.7131658
vn 0.2251598 0.6641194 -0.7129165
vn 0.3107661 0.6283504 -0.713163
vn -0.04608973 0.699481 -0.7131643
vn 0.04666261 0.6994421 -0.7131652
vn -0.1683244 0.406855 -0.8978514
vn -0.3406089 0.8232285 -0.4541824
vn 0.6640543 0.2245655 -0.7131643
vn -0.5318859 0.2630697 -0.8049179
vn 0.8257671 -0.05510003 -0.5613143
vn 0.6283479 -0.3107707 -0.7131627
vn -0.6994435 0.04665134 -0.7131644
vn 0.3868159 -0.3871196 -0.8369662
vn -0.6640561 -0.2245605 -0.7131639
vn 0.3036907 -0.7340191 -0.6074439
vn -0.527581 -0.4615785 -0.7131649
vn -0.05509508 -0.8257689 -0.5613114
vn -0.4198315 -0.8488824 -0.3211549
vn -0.4615872 0.5275751 -0.7131642
vn 0.5275628 0.4615996 -0.7131652
vn -0.2245493 0.6640593 -0.7131649
vn 0.3669038 0.7418304 -0.5613116
vn 0.06303684 0.9449267 -0.3211558
vn 0.5565343 -0.8185793 0.142122
vn -0.3445388 -0.8944275 0.2851201
vn 0.6435522 -0.4472139 0.6211615
vn -0.696116 -0.5601577 0.4490514
vn -0.6852243 -0.7114999 0.155681
vn 0.4908663 -0.8201234 -0.2940213
vn -0.8236055 -0.5595655 -0.09252784
vn -0.6690573 -0.7071274 -0.228766
vn 0.4104871 -0.7256463 0.5522128
vn -0.7679517 -0.6154013 0.1775739
vn 0.499134 0.8185792 0.2842427
vn 0.3217761 0.8944275 0.3105802
vn -0.6313152 0.7121106 0.3071485
vn -0.6890777 0.4472137 0.5702391
vn -0.8237372 0.559489 0.09181449
vn -0.6848772 0.7115699 -0.1568844
vn 0.5529795 0.8201234 -0.1470112
vn -0.7893091 0.5547225 -0.2632018
vn -0.4718176 0.8732792 0.1215411
vn 0.7441872 0.5779013 0.3349868
vn -0.08633228 0.8193228 0.5667955
vn -0.8066349 0.4824736 0.3414092
vn 0.4911939 0.6485173 0.5815104
vn 0.8799395 0.08937385 0.4666046
vn 0.6486014 -0.4910465 0.5815419
vn 0.1112654 -0.8058873 0.5815212
vn -0.4062418 -0.7769277 0.4809908
vn -0.8058751 -0.1113208 0.5815275
vn -0.4117814 0.5437134 0.7313085
vn 0.093329 0.6756288 0.7313108
vn -8.74228E-08 -1.192093E-07 1
vn -8.74228E-08 -1.192093E-07 1
vn -8.74228E-08 -1.192093E-07 1
vn -8.74228E-08 -1.192093E-07 1
vn -8.74228E-08 -1.192093E-07 1
vn -8.74228E-08 -1.192093E-07 1
vn -8.74228E-08 -1.192093E-07 1
vn -8.74228E-08 -1.192093E-07 1
vn -8.74228E-08 -1.192093E-07 1
vn -8.74228E-08 -1.192093E-07 1
vn -8.74228E-08 -1.192093E-07 1
vn -8.74228E-08 -1.192093E-07 1
vn -8.74228E-08 -1.192093E-07 1
vn -8.74228E-08 -1.192093E-07 1
vn -8.74228E-08 -1.192093E-07 1
vn -8.74228E-08 -1.192093E-07 1
vn 0.5437079 0.4118108 0.7312961
vn 0.6756698 -0.09314937 0.7312964
vn 0.4118131 -0.5436696 0.7313238
vn -0.09328307 -0.6756418 0.7313055
vn -0.5436904 -0.4118233 0.7313026
vn -0.6756386 0.09326041 0.731311
vn -0.5565343 -0.8185792 0.1421218
vn 0.344539 -0.8944275 0.2851198
vn 0.696109 -0.560156 0.4490644
vn -0.6435525 -0.4472138 0.6211612
vn 0.6852208 -0.7115006 0.1556937
vn -0.4908663 -0.8201234 -0.2940214
vn 0.8236055 -0.5595655 -0.09252767
vn 0.6690573 -0.7071274 -0.2287659
vn -0.4104873 -0.7256463 0.5522128
vn 0.7679517 -0.6154013 0.177574
vn -0.4991342 0.8185791 0.2842425
vn -0.3217762 0.8944275 0.31058
vn 0.6313102 0.7121099 0.3071606
vn 0.689078 0.4472137 0.5702386
vn 0.8237372 0.559489 0.09181463
vn 0.6848772 0.7115699 -0.1568842
vn -0.5529795 0.8201234 -0.1470113
vn 0.7893091 0.5547226 -0.2632018
vn 0.4718178 0.873279 0.1215421
vn -0.7441873 0.5779008 0.3349876
vn 0.08633278 0.8193222 0.5667962
vn 0.8066348 0.4824738 0.3414092
vn -0.4911877 0.6485127 0.5815208
vn -0.8799551 0.08920443 0.4666078
vn -0.6485172 -0.4911941 0.581511
vn -0.1113205 -0.8058749 0.5815279
vn 0.4062411 -0.7769281 0.4809909
vn 0.8058749 -0.1113203 0.5815278
vn 0.411782 0.5437132 0.7313083
vn -0.09330618 0.6756352 0.7313079
vn -8.74228E-08 -1.192093E-07 1
vn -8.74228E-08 -1.192093E-07 1
vn -8.74228E-08 -1.192093E-07 1
vn -8.74228E-08 -1.192093E-07 1
vn -8.74228E-08 -1.192093E-07 1
vn -8.74228E-08 -1.192093E-07 1
vn -8.74228E-08 -1.192093E-07 1
vn -8.74228E-08 -1.192093E-07 1
vn -8.74228E-08 -1.192093E-07 1
vn -8.74228E-08 -1.192093E-07 1
vn -8.74228E-08 -1.192093E-07 1
vn -8.74228E-08 -1.192093E-07 1
vn -8.74228E-08 -1.192093E-07 1
vn -8.74228E-08 -1.192093E-07 1
vn -8.74228E-08 -1.192093E-07 1
vn -8.74228E-08 -1.192093E-07 1
vn -0.543742 0.411731 0.7313159
vn -0.675638 -0.09338167 0.7312962
vn -0.4118105 -0.5437083 0.7312966
vn 0.09326068 -0.6756384 0.7313114
vn 0.5436901 -0.4118234 0.7313028
vn 0.6756383 0.09326103 0.7313112
vn -0.5565512 0.818572 0.1420973
vn 0.3445391 0.8944275 0.2851188
vn -0.6436231 0.4472137 0.6210876
vn 0.6961091 0.5601557 0.4490637
vn 0.6852171 0.7115014 0.1557056
vn -0.4908566 0.8201252 -0.2940331
vn 0.8236055 0.5595656 -0.09252819
vn 0.669071 0.7071276 -0.2287262
vn -0.4104873 0.7256462 0.5522121
vn 0.767936 0.6154213 0.1775717
vn -0.4991631 -0.8185737 0.2842079
vn -0.3217995 -0.8944275 0.3105568
vn 0.6313053 -0.7121091 0.3071733
vn 0.6890782 -0.4472138 0.5702387
vn 0.8237346 -0.5594907 0.09183007
vn 0.6848824 -0.7115688 -0.1568656
vn -0.5529712 -0.820127 -0.1470215
vn 0.7893249 -0.5547225 -0.2631537
vn 0.4717809 -0.8733037 0.121509
vn -0.744184 -0.5779111 0.3349778
vn 0.08639574 -0.8193153 0.5667976
vn 0.8066414 -0.4824791 0.3413866
vn -0.491146 -0.6485474 0.581518
vn -0.8799389 -0.08932335 0.4666155
vn -0.6485283 0.4911627 0.5815245
vn -0.1112394 0.805886 0.5815272
vn 0.4062845 0.7769064 0.4809884
vn 0.8058748 0.1113206 0.5815277
vn 0.4118235 -0.5436902 0.7313027
vn -0.09326089 -0.6756383 0.7313116
vn -8.74228E-08 -1.192093E-07 1
vn -8.74228E-08 -1.192093E-07 1
vn -8.74228E-08 -1.192093E-07 1
vn -8.74228E-08 -1.192093E-07 1
vn -8.74228E-08 -1.192093E-07 1
vn -8.74228E-08 -1.192093E-07 1
vn -8.74228E-08 -1.192093E-07 1
vn -8.74228E-08 -1.192093E-07 1
vn -8.74228E-08 -1.192093E-07 1
vn -8.74228E-08 -1.192093E-07 1
vn -8.74228E-08 -1.192093E-07 1
vn -8.74228E-08 -1.192093E-07 1
vn -8.74228E-08 -1.192093E-07 1
vn -8.74228E-08 -1.192093E-07 1
vn -8.74228E-08 -1.192093E-07 1
vn -8.74228E-08 -1.192093E-07 1
vn -0.5436903 -0.4118235 0.7313026
vn -0.6756385 0.09326062 0.731311
vn -0.4117816 0.5437133 0.7313084
vn 0.09332891 0.6756288 0.7313108
vn 0.5437081 0.4118106 0.7312961
vn 0.6756383 -0.09326101 0.7313113
vn 0.5565343 0.8185792 0.1421211
vn -0.3444781 0.8944275 0.2851926
vn -0.696048 0.560164 0.449148
vn 0.6435525 0.4472137 0.6211607
vn -0.6852243 0.7114998 0.1556803
vn 0.4908471 0.8201271 -0.2940442
vn -0.8236094 0.5595633 -0.09250708
vn -0.6690694 0.7071273 -0.2287314
vn 0.4104794 0.7256548 0.5522064
vn -0.7679362 0.615429 0.1775442
vn 0.4991342 -0.8185792 0.2842434
vn 0.3217762 -0.8944275 0.3105809
vn -0.6312883 -0.7121167 0.3071908
vn -0.6889561 -0.4472138 0.5703862
vn -0.8237372 -0.5594891 0.09181502
vn -0.6848876 -0.7115678 -0.1568478
vn 0.5529712 -0.820127 -0.1470215
vn -0.7893162 -0.5547224 -0.2631806
vn -0.4717809 -0.8733037 0.1215089
vn 0.7441806 -0.5779212 0.3349679
vn -0.08639601 -0.8193153 0.5667976
vn -0.8066413 -0.4824794 0.3413864
vn 0.4911628 -0.6485284 0.581525
vn 0.8799458 -0.08925819 0.4666148
vn 0.6484975 0.4912117 0.5815175
vn 0.1112648 0.8058875 0.5815203
vn -0.4062771 0.7768995 0.4810058
vn -0.8059055 0.1111872 0.5815107
vn -0.4118237 -0.5436902 0.7313026
vn 0.09326064 -0.6756383 0.7313115
vn -8.74228E-08 -1.192093E-07 1
vn -8.74228E-08 -1.192093E-07 1
vn -8.74228E-08 -1.192093E-07 1
vn -8.74228E-08 -1.192093E-07 1
vn -8.74228E-08 -1.192093E-07 1
vn -8.74228E-08 -1.192093E-07 1
vn -8.74228E-08 -1.192093E-07 1
vn -8.74228E-08 -1.192093E-07 1
vn -8.74228E-08 -1.192093E-07 1
vn -8.74228E-08 -1.192093E-07 1
vn -8.74228E-08 -1.192093E-07 1
vn -8.74228E-08 -1.192093E-07 1
vn -8.74228E-08 -1.192093E-07 1
vn -8.74228E-08 -1.192093E-07 1
vn -8.74228E-08 -1.192093E-07 1
vn -8.74228E-08 -1.192093E-07 1
vn 0.5437132 -0.4117821 0.7313089
vn 0.6756287 0.09332916 0.7313114
vn 0.4117684 0.5437318 0.7313023
vn -0.09328309 0.6756418 0.7313048
vn -0.5437465 0.4117227 0.731317
vn -0.6756471 -0.09331399 0.7312964

vt 0.324157 0.052004
vt 0.321513 0.028754
vt 0.319379 0.052675
vt 0.325002 0.028106
vt 0.316015 0.053779
vt 0.319012 0.029947
vt 0.328861 0.028132
vt 0.32946 0.051908
vt 0.332388 0.028819
vt 0.334267 0.052395
vt 0.334984 0.030022
vt 0.337732 0.053348
vt 0.336276 0.031513
vt 0.339375 0.054567
vt 0.371529 0.3661
vt 0.360804 0.501416
vt 0.372939 0.501655
vt 0.361531 0.365071
vt 0.348785 0.501726
vt 0.351619 0.366196
vt 0.339178 0.502515
vt 0.34362 0.369228
vt 0.33358 0.503612
vt 0.33885 0.37354
vt 0.339224 0.209765
vt 0.24197 0.274125
vt 0.243894 0.279532
vt 0.338906 0.20391
vt 0.237942 0.266458
vt 0.336197 0.196429
vt 0.232452 0.257809
vt 0.3315 0.188571
vt 0.226458 0.249689
vt 0.325619 0.181695
vt 0.221003 0.243495
vt 0.319575 0.176959
vt 0.216979 0.240189
vt 0.314374 0.175077
vt 0.647428 0.733872
vt 0.639135 0.739452
vt 0.639027 0.739481
vt 0.647536 0.733843
vt 0.629119 0.741447
vt 0.629227 0.741418
vt 0.619213 0.739473
vt 0.619321 0.739444
vt 0.610817 0.733858
vt 0.610924 0.733829
vt 0.605208 0.725457
vt 0.605316 0.725428
vt 0.603242 0.715549
vt 0.603349 0.71552
vt 0.605216 0.705643
vt 0.605324 0.705614
vt 0.610831 0.697246
vt 0.610939 0.697217
vt 0.619232 0.691638
vt 0.61934 0.691609
vt 0.62914 0.689671
vt 0.629248 0.689642
vt 0.639046 0.691646
vt 0.639154 0.691617
vt 0.647443 0.697261
vt 0.64755 0.697232
vt 0.653051 0.705662
vt 0.653159 0.705633
vt 0.655018 0.71557
vt 0.655125 0.715541
vt 0.653043 0.725476
vt 0.653151 0.725447
vt 0.337727 0.727925
vt 0.341435 0.763512
vt 0.347118 0.722752
vt 0.333242 0.768436
vt 0.323394 0.769924
vt 0.326369 0.729418
vt 0.313559 0.767674
vt 0.314998 0.726912
vt 0.305416 0.762091
vt 0.305588 0.720866
vt 0.300284 0.754185
vt 0.299675 0.712401
vt 0.298874 0.745316
vt 0.298067 0.702994
vt 0.301234 0.736891
vt 0.300786 0.694142
vt 0.306842 0.730126
vt 0.307207 0.687107
vt 0.314779 0.725904
vt 0.316265 0.682784
vt 0.323896 0.724728
vt 0.326661 0.681661
vt 0.332953 0.726717
vt 0.337006 0.683842
vt 0.340729 0.731619
vt 0.345928 0.689056
vt 0.346119 0.738824
vt 0.352176 0.696673
vt 0.348259 0.747382
vt 0.354744 0.705712
vt 0.346675 0.756067
vt 0.353049 0.714889
vt 0.356886 0.716412
vt 0.350157 0.725467
vt 0.357262 0.714168
vt 0.359118 0.703636
vt 0.358737 0.705903
vt 0.356083 0.693317
vt 0.35573 0.695608
vt 0.348871 0.68466
vt 0.348572 0.686971
vt 0.338647 0.678748
vt 0.33842 0.681075
vt 0.326829 0.67627
vt 0.32668 0.678607
vt 0.314948 0.677521
vt 0.314877 0.679864
vt 0.30456 0.682401
vt 0.304558 0.684742
vt 0.297141 0.690383
vt 0.29719 0.692714
vt 0.29393 0.700488
vt 0.294003 0.702799
vt 0.295695 0.711291
vt 0.295757 0.713575
vt 0.302464 0.721065
vt 0.302477 0.723319
vt 0.313333 0.728073
vt 0.313267 0.730301
vt 0.32651 0.730981
vt 0.326346 0.733194
vt 0.339664 0.729242
vt 0.339404 0.731453
vt 0.350492 0.723244
vt 0.352258 0.712189
vt 0.34653 0.719721
vt 0.353909 0.703384
vt 0.351444 0.694698
vt 0.345419 0.687368
vt 0.336802 0.682344
vt 0.326806 0.68024
vt 0.316762 0.681317
vt 0.308019 0.685477
vt 0.301835 0.69224
vt 0.299231 0.700744
vt 0.300803 0.709771
vt 0.306516 0.717886
vt 0.315588 0.72368
vt 0.326539 0.726086
vt 0.337477 0.724666
vt 0.301132 0.775071
vt 0.295235 0.767094
vt 0.301029 0.765689
vt 0.295539 0.776463
vt 0.289857 0.769809
vt 0.29035 0.77914
vt 0.286013 0.774096
vt 0.286645 0.783356
vt 0.284314 0.779357
vt 0.285013 0.788521
vt 0.285083 0.784813
vt 0.285761 0.793868
vt 0.288268 0.78961
vt 0.288837 0.798564
vt 0.293413 0.792961
vt 0.293797 0.801836
vt 0.299704 0.794298
vt 0.299861 0.803134
vt 0.330008 0.795183
vt 0.329069 0.803949
vt 0.338465 0.793972
vt 0.337226 0.802749
vt 0.345513 0.789995
vt 0.344033 0.79884
vt 0.350044 0.783961
vt 0.348421 0.792918
vt 0.351432 0.776885
vt 0.349782 0.785973
vt 0.349587 0.769876
vt 0.34802 0.779093
vt 0.344891 0.76395
vt 0.3435 0.773278
vt 0.338091 0.759912
vt 0.336939 0.76932
vt 0.322912 0.759622
vt 0.322272 0.769065
vt 0.314898 0.760635
vt 0.314528 0.770077
vt 0.307933 0.764181
vt 0.307799 0.773576
vt 0.392469 0.902902
vt 0.459262 0.881023
vt 0.392485 0.880975
vt 0.429245 0.880947
vt 0.429229 0.902874
vt 0.459262 0.913002
vt 0.392469 0.913002
vt 0.443371 0.900193
vt 0.447129 0.906635
vt 0.443538 0.906528
vt 0.446908 0.900303
vt 0.443031 0.887031
vt 0.446456 0.887146
vt 0.401195 0.905283
vt 0.401668 0.898893
vt 0.456271 0.859787
vt 0.45733 0.881026
vt 0.441541 0.899301
vt 0.44227 0.885828
vt 0.442651 0.891447
vt 0.441191 0.893868
vt 0.404556 0.888716
vt 0.405299 0.902258
vt 0.404474 0.894382
vt 0.405368 0.89678
vt 0.439297 0.888291
vt 0.441909 0.890505
vt 0.439587 0.902469
vt 0.441524 0.875633
vt 0.411065 0.897061
vt 0.453504 0.906296
vt 0.456877 0.904119
vt 0.408696 0.899617
vt 0.440891 0.899571
vt 0.404596 0.888417
vt 0.404084 0.899625
vt 0.440956 0.88835
vt 0.287758 0.776332
vt 0.364773 0.803996
vt 0.363331 0.775096
vt 0.285315 0.805432
vt 0.359813 0.379625
vt 0.421633 0.416567
vt 0.419807 0.390949
vt 0.359296 0.406962
vt 0.344076 0.829796
vt 0.285021 0.810467
vt 0.347106 0.812572
vt 0.286367 0.827975
vt 0.28207 0.772081
vt 0.359805 0.775117
vt 0.352372 0.81275
vt 0.45373 0.846526
vt 0.390463 0.902619
vt 0.448874 0.90246
vt 0.390319 0.846698
vt 0.453874 0.902447
vt 0.39739 0.432329
vt 0.374889 0.440751
vt 0.411274 0.449402
vt 0.397308 0.429414
vt 0.374833 0.426076
vt 0.384263 0.489572
vt 0.390379 0.493416
vt 0.414797 0.45024
vt 0.397018 0.495013
vt 0.403462 0.494238
vt 0.416227 0.473414
vt 0.409047 0.491241
vt 0.41569 0.480251
vt 0.413241 0.4864
vt 0.37935 0.483882
vt 0.376176 0.476974
vt 0.37506 0.469614
vt 0.387921 0.46165
vt 0.390682 0.455013
vt 0.391171 0.459404
vt 0.387614 0.457386
vt 0.38783 0.462899
vt 0.391129 0.46069
vt 0.387367 0.463958
vt 0.390701 0.461772
vt 0.38656 0.464711
vt 0.389905 0.462531
vt 0.385473 0.465064
vt 0.388806 0.46287
vt 0.384214 0.464961
vt 0.387509 0.462732
vt 0.382916 0.464396
vt 0.386152 0.462112
vt 0.381728 0.463424
vt 0.384892 0.461073
vt 0.380786 0.462156
vt 0.383875 0.459733
vt 0.380194 0.460737
vt 0.383214 0.458249
vt 0.380009 0.459331
vt 0.382973 0.45679
vt 0.3801 0.454127
vt 0.382324 0.451977
vt 0.38288 0.451439
vt 0.309733 0.821479
vt 0.336937 0.838663
vt 0.339506 0.824031
vt 0.309223 0.836447
vt 0.327103 0.832807
vt 0.327246 0.831693
vt 0.309366 0.831154
vt 0.30924 0.834856
vt 0.309099 0.840086
vt 0.327081 0.836489
vt 0.336972 0.842276
vt 0.339766 0.842495
vt 0.315168 0.836802
vt 0.319008 0.837866
vt 0.323284 0.838316
vt 0.327614 0.838117
vt 0.338248 0.83191
vt 0.331614 0.837286
vt 0.337211 0.834042
vt 0.334918 0.835888
vt 0.312118 0.835213
vt 0.310161 0.833234
vt 0.309512 0.831043
vt 0.326615 0.602366
vt 0.322714 0.599766
vt 0.322725 0.599769
vt 0.326604 0.602363
vt 0.331192 0.603274
vt 0.331203 0.603277
vt 0.335779 0.60236
vt 0.33579 0.602363
vt 0.339668 0.599759
vt 0.339679 0.599762
vt 0.342265 0.595869
vt 0.342276 0.595872
vt 0.343176 0.591281
vt 0.343187 0.591284
vt 0.342261 0.586694
vt 0.342272 0.586697
vt 0.339661 0.582805
vt 0.339672 0.582808
vt 0.33577 0.580208
vt 0.335782 0.580211
vt 0.331182 0.579297
vt 0.331193 0.5793
vt 0.326595 0.580212
vt 0.326606 0.580215
vt 0.322707 0.582812
vt 0.322718 0.582815
vt 0.32011 0.586702
vt 0.320121 0.586705
vt 0.319199 0.591291
vt 0.31921 0.591294
vt 0.320113 0.595878
vt 0.320124 0.595881
vt 0.294822 0.606374
vt 0.303364 0.619146
vt 0.294841 0.606379
vt 0.291838 0.59131
vt 0.291818 0.591305
vt 0.294829 0.576239
vt 0.29481 0.576233
vt 0.303361 0.563459
vt 0.303341 0.563454
vt 0.316133 0.554918
vt 0.316114 0.554912
vt 0.331202 0.551914
vt 0.331182 0.551909
vt 0.346273 0.554905
vt 0.346254 0.5549
vt 0.359052 0.563437
vt 0.359033 0.563432
vt 0.367594 0.576209
vt 0.367574 0.576204
vt 0.370597 0.591278
vt 0.370578 0.591273
vt 0.367606 0.606349
vt 0.367587 0.606344
vt 0.359075 0.619129
vt 0.359055 0.619123
vt 0.346302 0.62767
vt 0.346283 0.627665
vt 0.331233 0.630674
vt 0.331214 0.630669
vt 0.316162 0.627682
vt 0.316143 0.627677
vt 0.303383 0.619151
vt 0.231857 0.748297
vt 0.231623 0.748078
vt 0.231467 0.750736
vt 0.232008 0.745591
vt 0.455302 0.882878
vt 0.412335 0.906354
vt 0.455365 0.906238
vt 0.412272 0.882995
vt 0.450046 0.899524
vt 0.397152 0.908053
vt 0.450564 0.907168
vt 0.397264 0.900343
vt 0.282282 0.7048
vt 0.281815 0.648263
vt 0.284678 0.649125
vt 0.279852 0.70393
vt 0.27877 0.648529
vt 0.277261 0.704154
vt 0.276335 0.649854
vt 0.275186 0.705412
vt 0.275153 0.651898
vt 0.274177 0.70738
vt 0.275555 0.654129
vt 0.274514 0.709543
vt 0.277458 0.655946
vt 0.276124 0.71132
vt 0.280361 0.656847
vt 0.278583 0.712221
vt 0.283472 0.656576
vt 0.281222 0.711994
vt 0.285932 0.655207
vt 0.283315 0.7107
vt 0.287074 0.653124
vt 0.284296 0.7087
vt 0.286606 0.650899
vt 0.283911 0.706541
vt 0.285516 0.649093
vt 0.283997 0.6477
vt 0.283323 0.64758
vt 0.282599 0.646914
vt 0.285879 0.650839
vt 0.283492 0.648411
vt 0.284976 0.65247
vt 0.283057 0.649184
vt 0.283038 0.65354
vt 0.282133 0.64969
vt 0.280967 0.649792
vt 0.280591 0.653754
vt 0.278305 0.653052
vt 0.279877 0.649462
vt 0.276803 0.651631
vt 0.279156 0.64879
vt 0.276479 0.649882
vt 0.278996 0.647958
vt 0.277408 0.648275
vt 0.279437 0.647191
vt 0.27933 0.647232
vt 0.280358 0.64669
vt 0.281736 0.647021
vt 0.281514 0.646589
vt 0.283672 0.704379
vt 0.273332 0.705366
vt 0.274624 0.713721
vt 0.285176 0.712812
vt 0.28595 0.725714
vt 0.284495 0.717399
vt 0.273878 0.726132
vt 0.27265 0.717887
vt 0.282548 0.748545
vt 0.281258 0.740478
vt 0.275192 0.748825
vt 0.274035 0.740835
vt 0.281341 0.756412
vt 0.280107 0.748445
vt 0.272762 0.75675
vt 0.271677 0.748856
vt 0.278903 0.763487
vt 0.277739 0.755614
vt 0.275024 0.763644
vt 0.273932 0.755852
vt 0.274739 0.713039
vt 0.279229 0.656662
vt 0.276586 0.655077
vt 0.276976 0.714482
vt 0.282467 0.657126
vt 0.279722 0.714825
vt 0.285405 0.656345
vt 0.282223 0.713977
vt 0.287245 0.654544
vt 0.2838 0.712179
vt 0.287511 0.652222
vt 0.284042 0.709926
vt 0.286155 0.650002
vt 0.282902 0.707821
vt 0.283552 0.648462
vt 0.280694 0.706414
vt 0.280384 0.647999
vt 0.277999 0.70607
vt 0.277477 0.648736
vt 0.27552 0.706881
vt 0.275596 0.650492
vt 0.273914 0.708642
vt 0.275261 0.652812
vt 0.273622 0.710897
vt 0.276667 0.650497
vt 0.277715 0.652271
vt 0.279301 0.648106
vt 0.279805 0.648947
vt 0.276925 0.648678
vt 0.279418 0.647241
vt 0.278404 0.647299
vt 0.280123 0.646582
vt 0.280699 0.646721
vt 0.281223 0.646306
vt 0.282425 0.646482
vt 0.283202 0.647088
vt 0.285258 0.648303
vt 0.283412 0.647065
vt 0.286325 0.650049
vt 0.28392 0.6479
vt 0.286111 0.65187
vt 0.283812 0.648766
vt 0.284656 0.653276
vt 0.283114 0.64943
vt 0.282342 0.653882
vt 0.282009 0.649713
vt 0.279796 0.653514
vt 0.280797 0.649536
vt 0.272781 0.715182
vt 0.283773 0.71645
vt 0.2847 0.70775
vt 0.27393 0.706377
vt 0.272026 0.719911
vt 0.270891 0.728597
vt 0.284415 0.720782
vt 0.28352 0.729368
vt 0.273586 0.744064
vt 0.272565 0.752487
vt 0.281142 0.744567
vt 0.280261 0.752893
vt 0.274159 0.75239
vt 0.273178 0.760707
vt 0.282966 0.752966
vt 0.282141 0.761187
vt 0.276071 0.759912
vt 0.275146 0.768127
vt 0.280055 0.760168
vt 0.279204 0.768289
vt 0.344336 0.766312
vt 0.350367 0.757624
vt 0.352128 0.747543
vt 0.349587 0.737662
vt 0.343326 0.729379
vt 0.334355 0.723758
vt 0.323932 0.721475
vt 0.313437 0.722812
vt 0.30427 0.727643
vt 0.297747 0.735419
vt 0.294945 0.745151
vt 0.296507 0.755451
vt 0.302422 0.764675
vt 0.311885 0.77121
vt 0.32335 0.773842
vt 0.334826 0.772085
vt 0.297845 0.739852
vt 0.304271 0.732119
vt 0.295088 0.74952
vt 0.296629 0.759741
vt 0.302451 0.768886
vt 0.311763 0.775357
vt 0.323044 0.777956
vt 0.334338 0.776205
vt 0.343704 0.770472
vt 0.349652 0.761848
vt 0.3514 0.75184
vt 0.34891 0.742028
vt 0.342751 0.733804
vt 0.333916 0.728225
vt 0.323646 0.725967
vt 0.313303 0.727308
vt 0.345311 0.760005
vt 0.346845 0.751653
vt 0.344822 0.743414
vt 0.339686 0.736472
vt 0.33226 0.731749
vt 0.323601 0.729838
vt 0.314884 0.730984
vt 0.307302 0.735067
vt 0.301953 0.741596
vt 0.299713 0.749711
vt 0.301071 0.758236
vt 0.305971 0.765822
vt 0.313731 0.77117
vt 0.323098 0.77332
vt 0.33248 0.771886
vt 0.340297 0.767158
vt 0.3361 0.820616
vt 0.334046 0.828901
vt 0.338582 0.821762
vt 0.332121 0.826822
vt 0.337407 0.813364
vt 0.340042 0.813449
vt 0.33594 0.806199
vt 0.338331 0.805264
vt 0.332004 0.800164
vt 0.333815 0.798391
vt 0.326226 0.796085
vt 0.327218 0.793754
vt 0.319441 0.794498
vt 0.319486 0.79195
vt 0.312596 0.795613
vt 0.311682 0.793211
vt 0.306648 0.799301
vt 0.304887 0.797398
vt 0.30247 0.805088
vt 0.30009 0.803989
vt 0.300736 0.812185
vt 0.298071 0.812099
vt 0.3018 0.819549
vt 0.299253 0.820545
vt 0.30559 0.826021
vt 0.303578 0.827991
vt 0.311567 0.830519
vt 0.310436 0.833176
vt 0.318779 0.832261
vt 0.318727 0.835185
vt 0.326028 0.830946
vt 0.327061 0.833661
vt 0.655062 0.703956
vt 0.603492 0.703935
vt 0.657182 0.714637
vt 0.655053 0.725317
vt 0.601363 0.714615
vt 0.649 0.734369
vt 0.603483 0.725296
vt 0.639943 0.740415
vt 0.60953 0.734353
vt 0.629261 0.742535
vt 0.618582 0.740407
vt 0.609546 0.694883
vt 0.649016 0.694899
vt 0.618486 0.688868
vt 0.639964 0.688845
vt 0.629284 0.686716
vt 0.355071 0.745858
vt 0.362804 0.749123
vt 0.357663 0.748583
vt 0.364041 0.748186
vt 0.367785 0.742297
vt 0.357071 0.733836
vt 0.368287 0.740161
vt 0.367239 0.73558
vt 0.360819 0.731398
vt 0.366497 0.731864
vt 0.355083 0.74892
vt 0.357691 0.751637
vt 0.36411 0.751244
vt 0.362864 0.752178
vt 0.367878 0.745372
vt 0.368385 0.743241
vt 0.357096 0.736928
vt 0.367331 0.738671
vt 0.366585 0.734963
vt 0.360869 0.734497
vt 0.36386 0.734433
vt 0.365562 0.733995
vt 0.362131 0.733715
vt 0.361396 0.732269
vt 0.362079 0.730948
vt 0.363771 0.730518
vt 0.365489 0.731227
vt 0.366233 0.732665
vt 0.368505 0.717467
vt 0.366727 0.7179
vt 0.366857 0.716838
vt 0.368399 0.716464
vt 0.366985 0.715094
vt 0.367764 0.714907
vt 0.365847 0.714134
vt 0.366155 0.713551
vt 0.368069 0.714322
vt 0.366932 0.713365
vt 0.367724 0.713684
vt 0.366191 0.714774
vt 0.365284 0.716202
vt 0.364608 0.714933
vt 0.365219 0.713781
vt 0.366754 0.713413
vt 0.368317 0.714043
vt 0.369001 0.715305
vt 0.364914 0.717165
vt 0.364136 0.7157
vt 0.364841 0.714369
vt 0.366609 0.713946
vt 0.368411 0.714671
vt 0.369199 0.716128
vt 0.303361 0.746641
vt 0.295512 0.748764
vt 0.294479 0.747724
vt 0.300481 0.748889
vt 0.291827 0.741688
vt 0.303328 0.735059
vt 0.291681 0.739604
vt 0.293394 0.735406
vt 0.300152 0.73228
vt 0.29468 0.731989
vt 0.303221 0.749543
vt 0.300324 0.751785
vt 0.294283 0.750624
vt 0.295323 0.75166
vt 0.291611 0.744603
vt 0.291462 0.742524
vt 0.303184 0.737989
vt 0.293183 0.738336
vt 0.294476 0.734926
vt 0.299985 0.735216
vt 0.297201 0.734776
vt 0.295582 0.734141
vt 0.298888 0.734316
vt 0.299649 0.733037
vt 0.299045 0.731694
vt 0.297436 0.731067
vt 0.295758 0.731518
vt 0.294987 0.732789
vt 0.295366 0.718143
vt 0.297063 0.718792
vt 0.297073 0.71777
vt 0.295602 0.717209
vt 0.297119 0.716101
vt 0.296376 0.715818
vt 0.298245 0.715341
vt 0.297968 0.714746
vt 0.296101 0.715221
vt 0.297227 0.714464
vt 0.296455 0.714661
vt 0.297894 0.715903
vt 0.298606 0.717376
vt 0.299298 0.716261
vt 0.29875 0.715083
vt 0.297287 0.714528
vt 0.295761 0.714916
vt 0.295061 0.716025
vt 0.298831 0.718335
vt 0.299628 0.717047
vt 0.298995 0.715688
vt 0.29731 0.715048
vt 0.295552 0.715496
vt 0.294744 0.716775
vt 0.304165 0.754605
vt 0.294592 0.756857
vt 0.300664 0.756989
vt 0.293319 0.755755
vt 0.290007 0.749343
vt 0.304035 0.742275
vt 0.289803 0.747124
vt 0.291853 0.742646
vt 0.300114 0.739304
vt 0.293393 0.738992
vt 0.304349 0.750776
vt 0.300871 0.753173
vt 0.293577 0.751932
vt 0.29484 0.753039
vt 0.290293 0.745487
vt 0.290093 0.743257
vt 0.304227 0.738384
vt 0.292132 0.738757
vt 0.293664 0.735086
vt 0.300336 0.7354
vt 0.297021 0.733998
vt 0.294971 0.734621
vt 0.298979 0.734809
vt 0.299708 0.736587
vt 0.298771 0.738298
vt 0.296709 0.738932
vt 0.294737 0.73811
vt 0.294021 0.736321
vt 0.294564 0.717317
vt 0.296721 0.716692
vt 0.296684 0.716191
vt 0.294811 0.716734
vt 0.296597 0.716328
vt 0.295648 0.716603
vt 0.297837 0.71749
vt 0.297403 0.718249
vt 0.29521 0.71736
vt 0.296451 0.718526
vt 0.295542 0.718157
vt 0.297503 0.716695
vt 0.298472 0.716915
vt 0.299136 0.718487
vt 0.29828 0.719993
vt 0.296396 0.720545
vt 0.294597 0.719812
vt 0.293943 0.718231
vt 0.29878 0.717526
vt 0.299546 0.719339
vt 0.29856 0.721079
vt 0.296389 0.721716
vt 0.294314 0.72087
vt 0.293562 0.719045
vt 0.353724 0.750872
vt 0.36275 0.753923
vt 0.364156 0.752948
vt 0.356796 0.753528
vt 0.368341 0.746932
vt 0.355706 0.738716
vt 0.368871 0.744769
vt 0.367546 0.740184
vt 0.35999 0.736145
vt 0.366594 0.736452
vt 0.3536 0.747053
vt 0.356652 0.749723
vt 0.363962 0.74914
vt 0.362566 0.75012
vt 0.368114 0.743092
vt 0.368639 0.740918
vt 0.355563 0.734835
vt 0.36732 0.73631
vt 0.366371 0.73256
vt 0.359815 0.732252
vt 0.36319 0.731176
vt 0.365196 0.731983
vt 0.361257 0.731798
vt 0.360521 0.733492
vt 0.361423 0.735275
vt 0.363443 0.736093
vt 0.365387 0.73546
vt 0.366109 0.733754
vt 0.368156 0.715006
vt 0.366044 0.714176
vt 0.366201 0.71369
vt 0.368035 0.71441
vt 0.366419 0.71384
vt 0.367349 0.714205
vt 0.365194 0.71487
vt 0.365616 0.715665
vt 0.367773 0.714997
vt 0.366549 0.716032
vt 0.367443 0.715755
vt 0.365527 0.714114
vt 0.364441 0.714232
vt 0.363778 0.715725
vt 0.364611 0.717301
vt 0.366457 0.71803
vt 0.368226 0.717478
vt 0.368877 0.715976
vt 0.364016 0.714801
vt 0.363251 0.716524
vt 0.364209 0.718343
vt 0.366337 0.719185
vt 0.368377 0.718548
vt 0.369126 0.716813
f 2752/2752/2752 2751/2751/2751 2753/2753/2753
f 2754/2754/2754 2751/2751/2751 2752/2752/2752
f 2755/2755/2755 2752/2752/2752 2753/2753/2753
f 2756/2756/2756 2752/2752/2752 2755/2755/2755
f 2754/2754/2754 2757/2757/2757 2751/2751/2751
f 2751/2751/2751 2757/2757/2757 2758/2758/2758
f 2757/2757/2757 2759/2759/2759 2758/2758/2758
f 2758/2758/2758 2759/2759/2759 2760/2760/2760
f 2759/2759/2759 2761/2761/2761 2760/2760/2760
f 2760/2760/2760 2761/2761/2761 2762/2762/2762
f 2761/2761/2761 2763/2763/2763 2762/2762/2762
f 2762/2762/2762 2763/2763/2763 2764/2764/2764
f 2766/2766/2766 2765/2765/2765 2767/2767/2767
f 2768/2768/2768 2765/2765/2765 2766/2766/2766
f 2769/2769/2769 2768/2768/2768 2766/2766/2766
f 2770/2770/2770 2768/2768/2768 2769/2769/2769
f 2771/2771/2771 2770/2770/2770 2769/2769/2769
f 2772/2772/2772 2770/2770/2770 2771/2771/2771
f 2773/2773/2773 2772/2772/2772 2771/2771/2771
f 2774/2774/2774 2772/2772/2772 2773/2773/2773
f 2776/2776/2776 2775/2775/2775 2777/2777/2777
f 2778/2778/2778 2775/2775/2775 2776/2776/2776
f 2779/2779/2779 2778/2778/2778 2776/2776/2776
f 2780/2780/2780 2778/2778/2778 2779/2779/2779
f 2781/2781/2781 2780/2780/2780 2779/2779/2779
f 2782/2782/2782 2780/2780/2780 2781/2781/2781
f 2783/2783/2783 2782/2782/2782 2781/2781/2781
f 2784/2784/2784 2782/2782/2782 2783/2783/2783
f 2785/2785/2785 2784/2784/2784 2783/2783/2783
f 2786/2786/2786 2784/2784/2784 2785/2785/2785
f 2787/2787/2787 2786/2786/2786 2785/2785/2785
f 2788/2788/2788 2786/2786/2786 2787/2787/2787
f 2790/2790/2790 2789/2789/2789 2791/2791/2791
f 2792/2792/2792 2789/2789/2789 2790/2790/2790
f 2791/2791/2791 2793/2793/2793 2790/2790/2790
f 2790/2790/2790 2793/2793/2793 2794/2794/2794
f 2793/2793/2793 2795/2795/2795 2794/2794/2794
f 2794/2794/2794 2795/2795/2795 2796/2796/2796
f 2795/2795/2795 2797/2797/2797 2796/2796/2796
f 2796/2796/2796 2797/2797/2797 2798/2798/2798
f 2797/2797/2797 2799/2799/2799 2798/2798/2798
f 2798/2798/2798 2799/2799/2799 2800/2800/2800
f 2799/2799/2799 2801/2801/2801 2800/2800/2800
f 2800/2800/2800 2801/2801/2801 2802/2802/2802
f 2801/2801/2801 2803/2803/2803 2802/2802/2802
f 2802/2802/2802 2803/2803/2803 2804/2804/2804
f 2803/2803/2803 2805/2805/2805 2804/2804/2804
f 2804/2804/2804 2805/2805/2805 2806/2806/2806
f 2805/2805/2805 2807/2807/2807 2806/2806/2806
f 2806/2806/2806 2807/2807/2807 2808/2808/2808
f 2807/2807/2807 2809/2809/2809 2808/2808/2808
f 2808/2808/2808 2809/2809/2809 2810/2810/2810
f 2809/2809/2809 2811/2811/2811 2810/2810/2810
f 2810/2810/2810 2811/2811/2811 2812/2812/2812
f 2811/2811/2811 2813/2813/2813 2812/2812/2812
f 2812/2812/2812 2813/2813/2813 2814/2814/2814
f 2813/2813/2813 2815/2815/2815 2814/2814/2814
f 2814/2814/2814 2815/2815/2815 2816/2816/2816
f 2815/2815/2815 2817/2817/2817 2816/2816/2816
f 2816/2816/2816 2817/2817/2817 2818/2818/2818
f 2817/2817/2817 2819/2819/2819 2818/2818/2818
f 2818/2818/2818 2819/2819/2819 2820/2820/2820
f 2819/2819/2819 2789/2789/2789 2820/2820/2820
f 2820/2820/2820 2789/2789/2789 2792/2792/2792
f 2822/2822/2822 2821/2821/2821 2823/2823/2823
f 2824/2824/2824 2821/2821/2821 2822/2822/2822
f 2825/2825/2825 2821/2821/2821 2824/2824/2824
f 2826/2826/2826 2821/2821/2821 2825/2825/2825
f 2827/2827/2827 2826/2826/2826 2825/2825/2825
f 2828/2828/2828 2826/2826/2826 2827/2827/2827
f 2829/2829/2829 2828/2828/2828 2827/2827/2827
f 2830/2830/2830 2828/2828/2828 2829/2829/2829
f 2831/2831/2831 2830/2830/2830 2829/2829/2829
f 2832/2832/2832 2830/2830/2830 2831/2831/2831
f 2833/2833/2833 2832/2832/2832 2831/2831/2831
f 2834/2834/2834 2832/2832/2832 2833/2833/2833
f 2835/2835/2835 2834/2834/2834 2833/2833/2833
f 2836/2836/2836 2834/2834/2834 2835/2835/2835
f 2837/2837/2837 2836/2836/2836 2835/2835/2835
f 2838/2838/2838 2836/2836/2836 2837/2837/2837
f 2839/2839/2839 2838/2838/2838 2837/2837/2837
f 2840/2840/2840 2838/2838/2838 2839/2839/2839
f 2841/2841/2841 2840/2840/2840 2839/2839/2839
f 2842/2842/2842 2840/2840/2840 2841/2841/2841
f 2843/2843/2843 2842/2842/2842 2841/2841/2841
f 2844/2844/2844 2842/2842/2842 2843/2843/2843
f 2845/2845/2845 2844/2844/2844 2843/2843/2843
f 2846/2846/2846 2844/2844/2844 2845/2845/2845
f 2847/2847/2847 2846/2846/2846 2845/2845/2845
f 2848/2848/2848 2846/2846/2846 2847/2847/2847
f 2849/2849/2849 2848/2848/2848 2847/2847/2847
f 2850/2850/2850 2848/2848/2848 2849/2849/2849
f 2851/2851/2851 2850/2850/2850 2849/2849/2849
f 2852/2852/2852 2850/2850/2850 2851/2851/2851
f 2822/2822/2822 2852/2852/2852 2851/2851/2851
f 2823/2823/2823 2852/2852/2852 2822/2822/2822
f 2823/2823/2823 2853/2853/2853 2852/2852/2852
f 2854/2854/2854 2853/2853/2853 2823/2823/2823
f 2854/2854/2854 2855/2855/2855 2853/2853/2853
f 2855/2855/2855 2856/2856/2856 2853/2853/2853
f 2853/2853/2853 2856/2856/2856 2857/2857/2857
f 2852/2852/2852 2857/2857/2857 2850/2850/2850
f 2853/2853/2853 2857/2857/2857 2852/2852/2852
f 2856/2856/2856 2858/2858/2858 2857/2857/2857
f 2857/2857/2857 2858/2858/2858 2859/2859/2859
f 2850/2850/2850 2859/2859/2859 2848/2848/2848
f 2857/2857/2857 2859/2859/2859 2850/2850/2850
f 2858/2858/2858 2860/2860/2860 2859/2859/2859
f 2859/2859/2859 2860/2860/2860 2861/2861/2861
f 2859/2859/2859 2861/2861/2861 2848/2848/2848
f 2860/2860/2860 2862/2862/2862 2861/2861/2861
f 2861/2861/2861 2862/2862/2862 2863/2863/2863
f 2862/2862/2862 2864/2864/2864 2863/2863/2863
f 2863/2863/2863 2864/2864/2864 2865/2865/2865
f 2864/2864/2864 2866/2866/2866 2865/2865/2865
f 2865/2865/2865 2866/2866/2866 2867/2867/2867
f 2866/2866/2866 2868/2868/2868 2867/2867/2867
f 2867/2867/2867 2868/2868/2868 2869/2869/2869
f 2868/2868/2868 2870/2870/2870 2869/2869/2869
f 2869/2869/2869 2870/2870/2870 2871/2871/2871
f 2870/2870/2870 2872/2872/2872 2871/2871/2871
f 2871/2871/2871 2872/2872/2872 2873/2873/2873
f 2872/2872/2872 2874/2874/2874 2873/2873/2873
f 2873/2873/2873 2874/2874/2874 2875/2875/2875
f 2874/2874/2874 2876/2876/2876 2875/2875/2875
f 2875/2875/2875 2876/2876/2876 2877/2877/2877
f 2876/2876/2876 2878/2878/2878 2877/2877/2877
f 2877/2877/2877 2878/2878/2878 2879/2879/2879
f 2878/2878/2878 2880/2880/2880 2879/2879/2879
f 2879/2879/2879 2880/2880/2880 2881/2881/2881
f 2880/2880/2880 2882/2882/2882 2881/2881/2881
f 2881/2881/2881 2882/2882/2882 2883/2883/2883
f 2883/2883/2883 2882/2882/2882 2854/2854/2854
f 2854/2854/2854 2882/2882/2882 2884/2884/2884
f 2884/2884/2884 2855/2855/2855 2854/2854/2854
f 2871/2871/2871 2873/2873/2873 2836/2836/2836
f 2836/2836/2836 2873/2873/2873 2834/2834/2834
f 2873/2873/2873 2875/2875/2875 2834/2834/2834
f 2834/2834/2834 2875/2875/2875 2832/2832/2832
f 2875/2875/2875 2877/2877/2877 2832/2832/2832
f 2832/2832/2832 2877/2877/2877 2830/2830/2830
f 2877/2877/2877 2879/2879/2879 2830/2830/2830
f 2830/2830/2830 2879/2879/2879 2828/2828/2828
f 2879/2879/2879 2881/2881/2881 2828/2828/2828
f 2828/2828/2828 2881/2881/2881 2826/2826/2826
f 2881/2881/2881 2883/2883/2883 2826/2826/2826
f 2826/2826/2826 2883/2883/2883 2821/2821/2821
f 2823/2823/2823 2883/2883/2883 2854/2854/2854
f 2821/2821/2821 2883/2883/2883 2823/2823/2823
f 2855/2855/2855 2884/2884/2884 2885/2885/2885
f 2885/2885/2885 2884/2884/2884 2886/2886/2886
f 2887/2887/2887 2855/2855/2855 2885/2885/2885
f 2856/2856/2856 2855/2855/2855 2887/2887/2887
f 2888/2888/2888 2856/2856/2856 2887/2887/2887
f 2858/2858/2858 2856/2856/2856 2888/2888/2888
f 2889/2889/2889 2858/2858/2858 2888/2888/2888
f 2860/2860/2860 2858/2858/2858 2889/2889/2889
f 2890/2890/2890 2860/2860/2860 2889/2889/2889
f 2862/2862/2862 2860/2860/2860 2890/2890/2890
f 2891/2891/2891 2862/2862/2862 2890/2890/2890
f 2864/2864/2864 2862/2862/2862 2891/2891/2891
f 2892/2892/2892 2864/2864/2864 2891/2891/2891
f 2866/2866/2866 2864/2864/2864 2892/2892/2892
f 2893/2893/2893 2866/2866/2866 2892/2892/2892
f 2868/2868/2868 2866/2866/2866 2893/2893/2893
f 2894/2894/2894 2868/2868/2868 2893/2893/2893
f 2870/2870/2870 2868/2868/2868 2894/2894/2894
f 2895/2895/2895 2870/2870/2870 2894/2894/2894
f 2872/2872/2872 2870/2870/2870 2895/2895/2895
f 2896/2896/2896 2872/2872/2872 2895/2895/2895
f 2874/2874/2874 2872/2872/2872 2896/2896/2896
f 2897/2897/2897 2874/2874/2874 2896/2896/2896
f 2876/2876/2876 2874/2874/2874 2897/2897/2897
f 2898/2898/2898 2876/2876/2876 2897/2897/2897
f 2878/2878/2878 2876/2876/2876 2898/2898/2898
f 2899/2899/2899 2878/2878/2878 2898/2898/2898
f 2880/2880/2880 2878/2878/2878 2899/2899/2899
f 2900/2900/2900 2880/2880/2880 2899/2899/2899
f 2882/2882/2882 2880/2880/2880 2900/2900/2900
f 2900/2900/2900 2884/2884/2884 2882/2882/2882
f 2886/2886/2886 2884/2884/2884 2900/2900/2900
f 2902/2902/2902 2901/2901/2901 2903/2903/2903
f 2904/2904/2904 2901/2901/2901 2902/2902/2902
f 2905/2905/2905 2904/2904/2904 2902/2902/2902
f 2906/2906/2906 2904/2904/2904 2905/2905/2905
f 2907/2907/2907 2906/2906/2906 2905/2905/2905
f 2908/2908/2908 2906/2906/2906 2907/2907/2907
f 2909/2909/2909 2908/2908/2908 2907/2907/2907
f 2910/2910/2910 2908/2908/2908 2909/2909/2909
f 2911/2911/2911 2910/2910/2910 2909/2909/2909
f 2909/2909/2909 2907/2907/2907 2911/2911/2911
f 2907/2907/2907 2905/2905/2905 2911/2911/2911
f 2912/2912/2912 2910/2910/2910 2911/2911/2911
f 2913/2913/2913 2912/2912/2912 2911/2911/2911
f 2911/2911/2911 2905/2905/2905 2913/2913/2913
f 2905/2905/2905 2902/2902/2902 2913/2913/2913
f 2914/2914/2914 2912/2912/2912 2913/2913/2913
f 2915/2915/2915 2914/2914/2914 2913/2913/2913
f 2913/2913/2913 2902/2902/2902 2915/2915/2915
f 2902/2902/2902 2903/2903/2903 2915/2915/2915
f 2916/2916/2916 2914/2914/2914 2915/2915/2915
f 2917/2917/2917 2916/2916/2916 2915/2915/2915
f 2915/2915/2915 2903/2903/2903 2917/2917/2917
f 2918/2918/2918 2916/2916/2916 2917/2917/2917
f 2919/2919/2919 2918/2918/2918 2917/2917/2917
f 2920/2920/2920 2918/2918/2918 2919/2919/2919
f 2921/2921/2921 2920/2920/2920 2919/2919/2919
f 2922/2922/2922 2920/2920/2920 2921/2921/2921
f 2921/2921/2921 2923/2923/2923 2922/2922/2922
f 2922/2922/2922 2923/2923/2923 2924/2924/2924
f 2925/2925/2925 2924/2924/2924 2923/2923/2923
f 2926/2926/2926 2924/2924/2924 2925/2925/2925
f 2927/2927/2927 2926/2926/2926 2925/2925/2925
f 2928/2928/2928 2926/2926/2926 2927/2927/2927
f 2929/2929/2929 2928/2928/2928 2927/2927/2927
f 2927/2927/2927 2925/2925/2925 2929/2929/2929
f 2925/2925/2925 2923/2923/2923 2929/2929/2929
f 2930/2930/2930 2928/2928/2928 2929/2929/2929
f 2931/2931/2931 2930/2930/2930 2929/2929/2929
f 2929/2929/2929 2923/2923/2923 2931/2931/2931
f 2932/2932/2932 2930/2930/2930 2931/2931/2931
f 2933/2933/2933 2932/2932/2932 2931/2931/2931
f 2933/2933/2933 2923/2923/2923 2921/2921/2921
f 2931/2931/2931 2923/2923/2923 2933/2933/2933
f 2919/2919/2919 2933/2933/2933 2921/2921/2921
f 2934/2934/2934 2932/2932/2932 2933/2933/2933
f 2935/2935/2935 2934/2934/2934 2933/2933/2933
f 2936/2936/2936 2934/2934/2934 2935/2935/2935
f 2936/2936/2936 2932/2932/2932 2934/2934/2934
f 2937/2937/2937 2936/2936/2936 2935/2935/2935
f 2938/2938/2938 2936/2936/2936 2937/2937/2937
f 2938/2938/2938 2930/2930/2930 2932/2932/2932
f 2938/2938/2938 2932/2932/2932 2936/2936/2936
f 2939/2939/2939 2938/2938/2938 2937/2937/2937
f 2940/2940/2940 2938/2938/2938 2939/2939/2939
f 2940/2940/2940 2930/2930/2930 2938/2938/2938
f 2939/2939/2939 2901/2901/2901 2940/2940/2940
f 2930/2930/2930 2901/2901/2901 2928/2928/2928
f 2940/2940/2940 2901/2901/2901 2930/2930/2930
f 2903/2903/2903 2901/2901/2901 2939/2939/2939
f 2935/2935/2935 2933/2933/2933 2919/2919/2919
f 2937/2937/2937 2935/2935/2935 2919/2919/2919
f 2939/2939/2939 2937/2937/2937 2919/2919/2919
f 2919/2919/2919 2903/2903/2903 2939/2939/2939
f 2917/2917/2917 2903/2903/2903 2919/2919/2919
f 2942/2942/2942 2941/2941/2941 2943/2943/2943
f 2941/2941/2941 2944/2944/2944 2943/2943/2943
f 2945/2945/2945 2944/2944/2944 2941/2941/2941
f 2946/2946/2946 2941/2941/2941 2942/2942/2942
f 2947/2947/2947 2941/2941/2941 2946/2946/2946
f 2949/2949/2949 2948/2948/2948 2950/2950/2950
f 2951/2951/2951 2948/2948/2948 2949/2949/2949
f 2951/2951/2951 2952/2952/2952 2948/2948/2948
f 2953/2953/2953 2952/2952/2952 2951/2951/2951
f 2950/2950/2950 2948/2948/2948 2954/2954/2954
f 2954/2954/2954 2948/2948/2948 2955/2955/2955
f 2949/2949/2949 2956/2956/2956 2951/2951/2951
f 2951/2951/2951 2956/2956/2956 2953/2953/2953
f 2957/2957/2957 2956/2956/2956 2949/2949/2949
f 2959/2959/2959 2958/2958/2958 2960/2960/2960
f 2961/2961/2961 2958/2958/2958 2959/2959/2959
f 2963/2963/2963 2962/2962/2962 2964/2964/2964
f 2965/2965/2965 2962/2962/2962 2963/2963/2963
f 2967/2967/2967 2966/2966/2966 2968/2968/2968
f 2969/2969/2969 2966/2966/2966 2967/2967/2967
f 2971/2971/2971 2970/2970/2970 2972/2972/2972
f 2973/2973/2973 2970/2970/2970 2971/2971/2971
f 2975/2975/2975 2974/2974/2974 2976/2976/2976
f 2977/2977/2977 2974/2974/2974 2975/2975/2975
f 2979/2979/2979 2978/2978/2978 2980/2980/2980
f 2981/2981/2981 2978/2978/2978 2979/2979/2979
f 2983/2983/2983 2982/2982/2982 2984/2984/2984
f 2985/2985/2985 2982/2982/2982 2983/2983/2983
f 2987/2987/2987 2986/2986/2986 2988/2988/2988
f 2989/2989/2989 2986/2986/2986 2987/2987/2987
f 2988/2988/2988 2990/2990/2990 2987/2987/2987
f 2991/2991/2991 2990/2990/2990 2988/2988/2988
f 2992/2992/2992 2991/2991/2991 2988/2988/2988
f 2994/2994/2994 2993/2993/2993 2995/2995/2995
f 2996/2996/2996 2993/2993/2993 2994/2994/2994
f 2997/2997/2997 2995/2995/2995 2993/2993/2993
f 2999/2999/2999 2998/2998/2998 3000/3000/3000
f 2999/2999/2999 3001/3001/3001 2998/2998/2998
f 3002/3002/3002 3001/3001/3001 2999/2999/2999
f 3003/3003/3003 2999/2999/2999 3000/3000/3000
f 3003/3003/3003 3000/3000/3000 3004/3004/3004
f 3004/3004/3004 3000/3000/3000 3005/3005/3005
f 3004/3004/3004 3005/3005/3005 3006/3006/3006
f 3006/3006/3006 3005/3005/3005 3007/3007/3007
f 3007/3007/3007 3005/3005/3005 3008/3008/3008
f 3007/3007/3007 3008/3008/3008 3009/3009/3009
f 3009/3009/3009 3008/3008/3008 3010/3010/3010
f 3009/3009/3009 3010/3010/3010 3011/3011/3011
f 3012/3012/3012 2999/2999/2999 3003/3003/3003
f 3013/3013/3013 2999/2999/2999 3012/3012/3012
f 3014/3014/3014 2999/2999/2999 3013/3013/3013
f 3016/3016/3016 3015/3015/3015 3017/3017/3017
f 3018/3018/3018 3015/3015/3015 3016/3016/3016
f 3015/3015/3015 3019/3019/3019 3017/3017/3017
f 3017/3017/3017 3019/3019/3019 3020/3020/3020
f 3019/3019/3019 3021/3021/3021 3020/3020/3020
f 3020/3020/3020 3021/3021/3021 3022/3022/3022
f 3021/3021/3021 3023/3023/3023 3022/3022/3022
f 3022/3022/3022 3023/3023/3023 3024/3024/3024
f 3023/3023/3023 3025/3025/3025 3024/3024/3024
f 3024/3024/3024 3025/3025/3025 3026/3026/3026
f 3025/3025/3025 3027/3027/3027 3026/3026/3026
f 3026/3026/3026 3027/3027/3027 3028/3028/3028
f 3027/3027/3027 3029/3029/3029 3028/3028/3028
f 3028/3028/3028 3029/3029/3029 3030/3030/3030
f 3029/3029/3029 3031/3031/3031 3030/3030/3030
f 3030/3030/3030 3031/3031/3031 3032/3032/3032
f 3031/3031/3031 3033/3033/3033 3032/3032/3032
f 3032/3032/3032 3033/3033/3033 3034/3034/3034
f 3033/3033/3033 3035/3035/3035 3034/3034/3034
f 3034/3034/3034 3035/3035/3035 3036/3036/3036
f 3035/3035/3035 3037/3037/3037 3036/3036/3036
f 3036/3036/3036 3037/3037/3037 3038/3038/3038
f 3037/3037/3037 3039/3039/3039 3038/3038/3038
f 3038/3038/3038 3039/3039/3039 3040/3040/3040
f 3041/3041/3041 3038/3038/3038 3040/3040/3040
f 3043/3043/3043 3042/3042/3042 3044/3044/3044
f 3045/3045/3045 3042/3042/3042 3043/3043/3043
f 3046/3046/3046 3045/3045/3045 3043/3043/3043
f 3046/3046/3046 3047/3047/3047 3045/3045/3045
f 3045/3045/3045 3047/3047/3047 3048/3048/3048
f 3048/3048/3048 3049/3049/3049 3045/3045/3045
f 3045/3045/3045 3049/3049/3049 3050/3050/3050
f 3046/3046/3046 3043/3043/3043 3051/3051/3051
f 3051/3051/3051 3043/3043/3043 3052/3052/3052
f 3053/3053/3053 3043/3043/3043 3044/3044/3044
f 3043/3043/3043 3053/3053/3053 3052/3052/3052
f 3042/3042/3042 3054/3054/3054 3044/3044/3044
f 3044/3044/3044 3054/3054/3054 3055/3055/3055
f 3044/3044/3044 3055/3055/3055 3056/3056/3056
f 3044/3044/3044 3056/3056/3056 3057/3057/3057
f 3044/3044/3044 3057/3057/3057 3058/3058/3058
f 3058/3058/3058 3057/3057/3057 3059/3059/3059
f 3058/3058/3058 3059/3059/3059 3060/3060/3060
f 3060/3060/3060 3059/3059/3059 3061/3061/3061
f 3042/3042/3042 3062/3062/3062 3054/3054/3054
f 3042/3042/3042 3063/3063/3063 3062/3062/3062
f 3042/3042/3042 3064/3064/3064 3063/3063/3063
f 3066/3066/3066 3065/3065/3065 3067/3067/3067
f 3068/3068/3068 3065/3065/3065 3066/3066/3066
f 3069/3069/3069 3065/3065/3065 3068/3068/3068
f 3070/3070/3070 3065/3065/3065 3069/3069/3069
f 3071/3071/3071 3070/3070/3070 3069/3069/3069
f 3072/3072/3072 3070/3070/3070 3071/3071/3071
f 3073/3073/3073 3072/3072/3072 3071/3071/3071
f 3073/3073/3073 3069/3069/3069 3068/3068/3068
f 3071/3071/3071 3069/3069/3069 3073/3073/3073
f 3074/3074/3074 3072/3072/3072 3073/3073/3073
f 3075/3075/3075 3074/3074/3074 3073/3073/3073
f 3075/3075/3075 3068/3068/3068 3066/3066/3066
f 3073/3073/3073 3068/3068/3068 3075/3075/3075
f 3076/3076/3076 3074/3074/3074 3075/3075/3075
f 3077/3077/3077 3076/3076/3076 3075/3075/3075
f 3075/3075/3075 3066/3066/3066 3077/3077/3077
f 3078/3078/3078 3076/3076/3076 3077/3077/3077
f 3079/3079/3079 3078/3078/3078 3077/3077/3077
f 3080/3080/3080 3078/3078/3078 3079/3079/3079
f 3081/3081/3081 3080/3080/3080 3079/3079/3079
f 3082/3082/3082 3080/3080/3080 3081/3081/3081
f 3083/3083/3083 3082/3082/3082 3081/3081/3081
f 3084/3084/3084 3082/3082/3082 3083/3083/3083
f 3085/3085/3085 3084/3084/3084 3083/3083/3083
f 3086/3086/3086 3084/3084/3084 3085/3085/3085
f 3087/3087/3087 3086/3086/3086 3085/3085/3085
f 3087/3087/3087 3085/3085/3085 3083/3083/3083
f 3088/3088/3088 3086/3086/3086 3087/3087/3087
f 3089/3089/3089 3088/3088/3088 3087/3087/3087
f 3083/3083/3083 3089/3089/3089 3087/3087/3087
f 3081/3081/3081 3089/3089/3089 3083/3083/3083
f 3090/3090/3090 3088/3088/3088 3089/3089/3089
f 3091/3091/3091 3090/3090/3090 3089/3089/3089
f 3081/3081/3081 3091/3091/3091 3089/3089/3089
f 3079/3079/3079 3091/3091/3091 3081/3081/3081
f 3092/3092/3092 3090/3090/3090 3091/3091/3091
f 3093/3093/3093 3092/3092/3092 3091/3091/3091
f 3093/3093/3093 3091/3091/3091 3079/3079/3079
f 3094/3094/3094 3092/3092/3092 3093/3093/3093
f 3095/3095/3095 3094/3094/3094 3093/3093/3093
f 3096/3096/3096 3094/3094/3094 3095/3095/3095
f 3066/3066/3066 3096/3096/3096 3095/3095/3095
f 3067/3067/3067 3096/3096/3096 3066/3066/3066
f 3067/3067/3067 3097/3097/3097 3096/3096/3096
f 3098/3098/3098 3097/3097/3097 3067/3067/3067
f 3098/3098/3098 3099/3099/3099 3097/3097/3097
f 3099/3099/3099 3100/3100/3100 3097/3097/3097
f 3097/3097/3097 3100/3100/3100 3101/3101/3101
f 3096/3096/3096 3101/3101/3101 3094/3094/3094
f 3097/3097/3097 3101/3101/3101 3096/3096/3096
f 3100/3100/3100 3102/3102/3102 3101/3101/3101
f 3101/3101/3101 3102/3102/3102 3103/3103/3103
f 3094/3094/3094 3103/3103/3103 3092/3092/3092
f 3101/3101/3101 3103/3103/3103 3094/3094/3094
f 3102/3102/3102 3104/3104/3104 3103/3103/3103
f 3103/3103/3103 3104/3104/3104 3105/3105/3105
f 3103/3103/3103 3105/3105/3105 3092/3092/3092
f 3104/3104/3104 3106/3106/3106 3105/3105/3105
f 3105/3105/3105 3106/3106/3106 3107/3107/3107
f 3106/3106/3106 3108/3108/3108 3107/3107/3107
f 3107/3107/3107 3108/3108/3108 3109/3109/3109
f 3108/3108/3108 3110/3110/3110 3109/3109/3109
f 3109/3109/3109 3110/3110/3110 3111/3111/3111
f 3110/3110/3110 3112/3112/3112 3111/3111/3111
f 3111/3111/3111 3112/3112/3112 3113/3113/3113
f 3112/3112/3112 3114/3114/3114 3113/3113/3113
f 3113/3113/3113 3114/3114/3114 3115/3115/3115
f 3114/3114/3114 3116/3116/3116 3115/3115/3115
f 3115/3115/3115 3116/3116/3116 3117/3117/3117
f 3116/3116/3116 3118/3118/3118 3117/3117/3117
f 3117/3117/3117 3118/3118/3118 3119/3119/3119
f 3118/3118/3118 3120/3120/3120 3119/3119/3119
f 3119/3119/3119 3120/3120/3120 3121/3121/3121
f 3120/3120/3120 3122/3122/3122 3121/3121/3121
f 3121/3121/3121 3122/3122/3122 3123/3123/3123
f 3122/3122/3122 3124/3124/3124 3123/3123/3123
f 3123/3123/3123 3124/3124/3124 3125/3125/3125
f 3124/3124/3124 3126/3126/3126 3125/3125/3125
f 3125/3125/3125 3126/3126/3126 3127/3127/3127
f 3127/3127/3127 3126/3126/3126 3098/3098/3098
f 3098/3098/3098 3126/3126/3126 3128/3128/3128
f 3128/3128/3128 3099/3099/3099 3098/3098/3098
f 3115/3115/3115 3117/3117/3117 3080/3080/3080
f 3080/3080/3080 3117/3117/3117 3078/3078/3078
f 3117/3117/3117 3119/3119/3119 3078/3078/3078
f 3078/3078/3078 3119/3119/3119 3076/3076/3076
f 3119/3119/3119 3121/3121/3121 3076/3076/3076
f 3076/3076/3076 3121/3121/3121 3074/3074/3074
f 3121/3121/3121 3123/3123/3123 3074/3074/3074
f 3074/3074/3074 3123/3123/3123 3072/3072/3072
f 3123/3123/3123 3125/3125/3125 3072/3072/3072
f 3072/3072/3072 3125/3125/3125 3070/3070/3070
f 3125/3125/3125 3127/3127/3127 3070/3070/3070
f 3070/3070/3070 3127/3127/3127 3065/3065/3065
f 3067/3067/3067 3127/3127/3127 3098/3098/3098
f 3065/3065/3065 3127/3127/3127 3067/3067/3067
f 3082/3082/3082 3115/3115/3115 3080/3080/3080
f 3113/3113/3113 3115/3115/3115 3082/3082/3082
f 3084/3084/3084 3113/3113/3113 3082/3082/3082
f 3111/3111/3111 3113/3113/3113 3084/3084/3084
f 3086/3086/3086 3111/3111/3111 3084/3084/3084
f 3109/3109/3109 3111/3111/3111 3086/3086/3086
f 3088/3088/3088 3109/3109/3109 3086/3086/3086
f 3107/3107/3107 3109/3109/3109 3088/3088/3088
f 3090/3090/3090 3107/3107/3107 3088/3088/3088
f 3105/3105/3105 3107/3107/3107 3090/3090/3090
f 3092/3092/3092 3105/3105/3105 3090/3090/3090
f 3130/3130/3130 3129/3129/3129 3131/3131/3131
f 3132/3132/3132 3129/3129/3129 3130/3130/3130
f 3134/3134/3134 3133/3133/3133 3135/3135/3135
f 3136/3136/3136 3133/3133/3133 3134/3134/3134
f 3138/3138/3138 3137/3137/3137 3139/3139/3139
f 3140/3140/3140 3137/3137/3137 3138/3138/3138
f 3142/3142/3142 3141/3141/3141 3143/3143/3143
f 3144/3144/3144 3141/3141/3141 3142/3142/3142
f 3142/3142/3142 3145/3145/3145 3144/3144/3144
f 3144/3144/3144 3145/3145/3145 3146/3146/3146
f 3145/3145/3145 3147/3147/3147 3146/3146/3146
f 3146/3146/3146 3147/3147/3147 3148/3148/3148
f 3147/3147/3147 3149/3149/3149 3148/3148/3148
f 3148/3148/3148 3149/3149/3149 3150/3150/3150
f 3149/3149/3149 3151/3151/3151 3150/3150/3150
f 3150/3150/3150 3151/3151/3151 3152/3152/3152
f 3151/3151/3151 3153/3153/3153 3152/3152/3152
f 3152/3152/3152 3153/3153/3153 3154/3154/3154
f 3153/3153/3153 3155/3155/3155 3154/3154/3154
f 3154/3154/3154 3155/3155/3155 3156/3156/3156
f 3155/3155/3155 3157/3157/3157 3156/3156/3156
f 3156/3156/3156 3157/3157/3157 3158/3158/3158
f 3157/3157/3157 3159/3159/3159 3158/3158/3158
f 3158/3158/3158 3159/3159/3159 3160/3160/3160
f 3159/3159/3159 3161/3161/3161 3160/3160/3160
f 3160/3160/3160 3161/3161/3161 3162/3162/3162
f 3161/3161/3161 3163/3163/3163 3162/3162/3162
f 3162/3162/3162 3163/3163/3163 3164/3164/3164
f 3163/3163/3163 3143/3143/3143 3164/3164/3164
f 3164/3164/3164 3143/3143/3143 3141/3141/3141
f 3165/3165/3165 3143/3143/3143 3163/3163/3163
f 3166/3166/3166 3143/3143/3143 3165/3165/3165
f 3167/3167/3167 3166/3166/3166 3165/3165/3165
f 3168/3168/3168 3166/3166/3166 3167/3167/3167
f 3169/3169/3169 3163/3163/3163 3161/3161/3161
f 3165/3165/3165 3163/3163/3163 3169/3169/3169
f 3170/3170/3170 3165/3165/3165 3169/3169/3169
f 3167/3167/3167 3165/3165/3165 3170/3170/3170
f 3171/3171/3171 3161/3161/3161 3159/3159/3159
f 3169/3169/3169 3161/3161/3161 3171/3171/3171
f 3172/3172/3172 3169/3169/3169 3171/3171/3171
f 3170/3170/3170 3169/3169/3169 3172/3172/3172
f 3172/3172/3172 3167/3167/3167 3170/3170/3170
f 3168/3168/3168 3167/3167/3167 3172/3172/3172
f 3171/3171/3171 3159/3159/3159 3173/3173/3173
f 3174/3174/3174 3171/3171/3171 3173/3173/3173
f 3172/3172/3172 3171/3171/3171 3174/3174/3174
f 3174/3174/3174 3168/3168/3168 3172/3172/3172
f 3174/3174/3174 3173/3173/3173 3175/3175/3175
f 3175/3175/3175 3173/3173/3173 3176/3176/3176
f 3173/3173/3173 3157/3157/3157 3176/3176/3176
f 3173/3173/3173 3159/3159/3159 3157/3157/3157
f 3176/3176/3176 3157/3157/3157 3155/3155/3155
f 3176/3176/3176 3155/3155/3155 3177/3177/3177
f 3177/3177/3177 3155/3155/3155 3153/3153/3153
f 3178/3178/3178 3176/3176/3176 3177/3177/3177
f 3175/3175/3175 3176/3176/3176 3178/3178/3178
f 3177/3177/3177 3153/3153/3153 3179/3179/3179
f 3179/3179/3179 3153/3153/3153 3151/3151/3151
f 3180/3180/3180 3177/3177/3177 3179/3179/3179
f 3178/3178/3178 3177/3177/3177 3180/3180/3180
f 3179/3179/3179 3151/3151/3151 3181/3181/3181
f 3181/3181/3181 3151/3151/3151 3149/3149/3149
f 3182/3182/3182 3179/3179/3179 3181/3181/3181
f 3180/3180/3180 3179/3179/3179 3182/3182/3182
f 3181/3181/3181 3149/3149/3149 3183/3183/3183
f 3183/3183/3183 3149/3149/3149 3147/3147/3147
f 3184/3184/3184 3181/3181/3181 3183/3183/3183
f 3182/3182/3182 3181/3181/3181 3184/3184/3184
f 3180/3180/3180 3184/3184/3184 3178/3178/3178
f 3182/3182/3182 3184/3184/3184 3180/3180/3180
f 3183/3183/3183 3147/3147/3147 3185/3185/3185
f 3185/3185/3185 3147/3147/3147 3145/3145/3145
f 3186/3186/3186 3183/3183/3183 3185/3185/3185
f 3184/3184/3184 3183/3183/3183 3186/3186/3186
f 3184/3184/3184 3186/3186/3186 3178/3178/3178
f 3185/3185/3185 3145/3145/3145 3187/3187/3187
f 3187/3187/3187 3145/3145/3145 3142/3142/3142
f 3188/3188/3188 3185/3185/3185 3187/3187/3187
f 3186/3186/3186 3185/3185/3185 3188/3188/3188
f 3187/3187/3187 3142/3142/3142 3166/3166/3166
f 3166/3166/3166 3142/3142/3142 3143/3143/3143
f 3168/3168/3168 3187/3187/3187 3166/3166/3166
f 3188/3188/3188 3187/3187/3187 3168/3168/3168
f 3188/3188/3188 3168/3168/3168 3174/3174/3174
f 3175/3175/3175 3188/3188/3188 3174/3174/3174
f 3186/3186/3186 3188/3188/3188 3175/3175/3175
f 3178/3178/3178 3186/3186/3186 3175/3175/3175
f 3141/3141/3141 3144/3144/3144 3189/3189/3189
f 3144/3144/3144 3146/3146/3146 3189/3189/3189
f 3189/3189/3189 3146/3146/3146 3190/3190/3190
f 3146/3146/3146 3148/3148/3148 3190/3190/3190
f 3148/3148/3148 3150/3150/3150 3190/3190/3190
f 3150/3150/3150 3152/3152/3152 3190/3190/3190
f 3190/3190/3190 3152/3152/3152 3191/3191/3191
f 3152/3152/3152 3154/3154/3154 3191/3191/3191
f 3154/3154/3154 3156/3156/3156 3191/3191/3191
f 3156/3156/3156 3158/3158/3158 3191/3191/3191
f 3191/3191/3191 3158/3158/3158 3192/3192/3192
f 3158/3158/3158 3160/3160/3160 3192/3192/3192
f 3160/3160/3160 3162/3162/3162 3192/3192/3192
f 3192/3192/3192 3164/3164/3164 3189/3189/3189
f 3162/3162/3162 3164/3164/3164 3192/3192/3192
f 3164/3164/3164 3141/3141/3141 3189/3189/3189
f 3192/3192/3192 3189/3189/3189 3193/3193/3193
f 3193/3193/3193 3189/3189/3189 3194/3194/3194
f 3189/3189/3189 3190/3190/3190 3194/3194/3194
f 3195/3195/3195 3192/3192/3192 3193/3193/3193
f 3191/3191/3191 3192/3192/3192 3195/3195/3195
f 3196/3196/3196 3191/3191/3191 3195/3195/3195
f 3190/3190/3190 3191/3191/3191 3196/3196/3196
f 3194/3194/3194 3190/3190/3190 3196/3196/3196
f 3193/3193/3193 3194/3194/3194 3197/3197/3197
f 3197/3197/3197 3194/3194/3194 3198/3198/3198
f 3194/3194/3194 3196/3196/3196 3198/3198/3198
f 3199/3199/3199 3193/3193/3193 3197/3197/3197
f 3195/3195/3195 3193/3193/3193 3199/3199/3199
f 3200/3200/3200 3195/3195/3195 3199/3199/3199
f 3196/3196/3196 3195/3195/3195 3200/3200/3200
f 3198/3198/3198 3196/3196/3196 3200/3200/3200
f 3197/3197/3197 3198/3198/3198 3201/3201/3201
f 3201/3201/3201 3198/3198/3198 3202/3202/3202
f 3198/3198/3198 3200/3200/3200 3202/3202/3202
f 3203/3203/3203 3197/3197/3197 3201/3201/3201
f 3199/3199/3199 3197/3197/3197 3203/3203/3203
f 3204/3204/3204 3199/3199/3199 3203/3203/3203
f 3200/3200/3200 3199/3199/3199 3204/3204/3204
f 3202/3202/3202 3200/3200/3200 3204/3204/3204
f 3201/3201/3201 3202/3202/3202 3205/3205/3205
f 3205/3205/3205 3202/3202/3202 3206/3206/3206
f 3202/3202/3202 3204/3204/3204 3206/3206/3206
f 3207/3207/3207 3201/3201/3201 3205/3205/3205
f 3203/3203/3203 3201/3201/3201 3207/3207/3207
f 3208/3208/3208 3203/3203/3203 3207/3207/3207
f 3204/3204/3204 3203/3203/3203 3208/3208/3208
f 3206/3206/3206 3204/3204/3204 3208/3208/3208
f 3208/3208/3208 3205/3205/3205 3206/3206/3206
f 3207/3207/3207 3205/3205/3205 3208/3208/3208
f 3210/3210/3210 3209/3209/3209 3211/3211/3211
f 3212/3212/3212 3209/3209/3209 3210/3210/3210
f 3210/3210/3210 3213/3213/3213 3212/3212/3212
f 3212/3212/3212 3213/3213/3213 3214/3214/3214
f 3213/3213/3213 3215/3215/3215 3214/3214/3214
f 3214/3214/3214 3215/3215/3215 3216/3216/3216
f 3215/3215/3215 3217/3217/3217 3216/3216/3216
f 3216/3216/3216 3217/3217/3217 3218/3218/3218
f 3217/3217/3217 3219/3219/3219 3218/3218/3218
f 3218/3218/3218 3219/3219/3219 3220/3220/3220
f 3219/3219/3219 3221/3221/3221 3220/3220/3220
f 3220/3220/3220 3221/3221/3221 3222/3222/3222
f 3221/3221/3221 3223/3223/3223 3222/3222/3222
f 3222/3222/3222 3223/3223/3223 3224/3224/3224
f 3223/3223/3223 3225/3225/3225 3224/3224/3224
f 3224/3224/3224 3225/3225/3225 3226/3226/3226
f 3225/3225/3225 3227/3227/3227 3226/3226/3226
f 3226/3226/3226 3227/3227/3227 3228/3228/3228
f 3227/3227/3227 3229/3229/3229 3228/3228/3228
f 3228/3228/3228 3229/3229/3229 3230/3230/3230
f 3229/3229/3229 3231/3231/3231 3230/3230/3230
f 3230/3230/3230 3231/3231/3231 3232/3232/3232
f 3231/3231/3231 3211/3211/3211 3232/3232/3232
f 3232/3232/3232 3211/3211/3211 3209/3209/3209
f 3233/3233/3233 3211/3211/3211 3231/3231/3231
f 3234/3234/3234 3211/3211/3211 3233/3233/3233
f 3235/3235/3235 3234/3234/3234 3233/3233/3233
f 3236/3236/3236 3234/3234/3234 3235/3235/3235
f 3237/3237/3237 3231/3231/3231 3229/3229/3229
f 3233/3233/3233 3231/3231/3231 3237/3237/3237
f 3238/3238/3238 3233/3233/3233 3237/3237/3237
f 3235/3235/3235 3233/3233/3233 3238/3238/3238
f 3239/3239/3239 3229/3229/3229 3227/3227/3227
f 3237/3237/3237 3229/3229/3229 3239/3239/3239
f 3240/3240/3240 3237/3237/3237 3239/3239/3239
f 3238/3238/3238 3237/3237/3237 3240/3240/3240
f 3240/3240/3240 3235/3235/3235 3238/3238/3238
f 3236/3236/3236 3235/3235/3235 3240/3240/3240
f 3239/3239/3239 3227/3227/3227 3241/3241/3241
f 3242/3242/3242 3239/3239/3239 3241/3241/3241
f 3240/3240/3240 3239/3239/3239 3242/3242/3242
f 3242/3242/3242 3236/3236/3236 3240/3240/3240
f 3242/3242/3242 3241/3241/3241 3243/3243/3243
f 3243/3243/3243 3241/3241/3241 3244/3244/3244
f 3241/3241/3241 3225/3225/3225 3244/3244/3244
f 3241/3241/3241 3227/3227/3227 3225/3225/3225
f 3244/3244/3244 3225/3225/3225 3223/3223/3223
f 3244/3244/3244 3223/3223/3223 3245/3245/3245
f 3245/3245/3245 3223/3223/3223 3221/3221/3221
f 3246/3246/3246 3244/3244/3244 3245/3245/3245
f 3243/3243/3243 3244/3244/3244 3246/3246/3246
f 3245/3245/3245 3221/3221/3221 3247/3247/3247
f 3247/3247/3247 3221/3221/3221 3219/3219/3219
f 3248/3248/3248 3245/3245/3245 3247/3247/3247
f 3246/3246/3246 3245/3245/3245 3248/3248/3248
f 3247/3247/3247 3219/3219/3219 3249/3249/3249
f 3249/3249/3249 3219/3219/3219 3217/3217/3217
f 3250/3250/3250 3247/3247/3247 3249/3249/3249
f 3248/3248/3248 3247/3247/3247 3250/3250/3250
f 3249/3249/3249 3217/3217/3217 3251/3251/3251
f 3251/3251/3251 3217/3217/3217 3215/3215/3215
f 3252/3252/3252 3249/3249/3249 3251/3251/3251
f 3250/3250/3250 3249/3249/3249 3252/3252/3252
f 3248/3248/3248 3252/3252/3252 3246/3246/3246
f 3250/3250/3250 3252/3252/3252 3248/3248/3248
f 3251/3251/3251 3215/3215/3215 3253/3253/3253
f 3253/3253/3253 3215/3215/3215 3213/3213/3213
f 3254/3254/3254 3251/3251/3251 3253/3253/3253
f 3252/3252/3252 3251/3251/3251 3254/3254/3254
f 3252/3252/3252 3254/3254/3254 3246/3246/3246
f 3253/3253/3253 3213/3213/3213 3255/3255/3255
f 3255/3255/3255 3213/3213/3213 3210/3210/3210
f 3256/3256/3256 3253/3253/3253 3255/3255/3255
f 3254/3254/3254 3253/3253/3253 3256/3256/3256
f 3255/3255/3255 3210/3210/3210 3234/3234/3234
f 3234/3234/3234 3210/3210/3210 3211/3211/3211
f 3236/3236/3236 3255/3255/3255 3234/3234/3234
f 3256/3256/3256 3255/3255/3255 3236/3236/3236
f 3256/3256/3256 3236/3236/3236 3242/3242/3242
f 3243/3243/3243 3256/3256/3256 3242/3242/3242
f 3254/3254/3254 3256/3256/3256 3243/3243/3243
f 3246/3246/3246 3254/3254/3254 3243/3243/3243
f 3209/3209/3209 3212/3212/3212 3257/3257/3257
f 3212/3212/3212 3214/3214/3214 3257/3257/3257
f 3257/3257/3257 3214/3214/3214 3258/3258/3258
f 3214/3214/3214 3216/3216/3216 3258/3258/3258
f 3216/3216/3216 3218/3218/3218 3258/3258/3258
f 3218/3218/3218 3220/3220/3220 3258/3258/3258
f 3258/3258/3258 3220/3220/3220 3259/3259/3259
f 3220/3220/3220 3222/3222/3222 3259/3259/3259
f 3222/3222/3222 3224/3224/3224 3259/3259/3259
f 3224/3224/3224 3226/3226/3226 3259/3259/3259
f 3259/3259/3259 3226/3226/3226 3260/3260/3260
f 3226/3226/3226 3228/3228/3228 3260/3260/3260
f 3228/3228/3228 3230/3230/3230 3260/3260/3260
f 3260/3260/3260 3232/3232/3232 3257/3257/3257
f 3230/3230/3230 3232/3232/3232 3260/3260/3260
f 3232/3232/3232 3209/3209/3209 3257/3257/3257
f 3260/3260/3260 3257/3257/3257 3261/3261/3261
f 3261/3261/3261 3257/3257/3257 3262/3262/3262
f 3257/3257/3257 3258/3258/3258 3262/3262/3262
f 3263/3263/3263 3260/3260/3260 3261/3261/3261
f 3259/3259/3259 3260/3260/3260 3263/3263/3263
f 3264/3264/3264 3259/3259/3259 3263/3263/3263
f 3258/3258/3258 3259/3259/3259 3264/3264/3264
f 3262/3262/3262 3258/3258/3258 3264/3264/3264
f 3261/3261/3261 3262/3262/3262 3265/3265/3265
f 3265/3265/3265 3262/3262/3262 3266/3266/3266
f 3262/3262/3262 3264/3264/3264 3266/3266/3266
f 3267/3267/3267 3261/3261/3261 3265/3265/3265
f 3263/3263/3263 3261/3261/3261 3267/3267/3267
f 3268/3268/3268 3263/3263/3263 3267/3267/3267
f 3264/3264/3264 3263/3263/3263 3268/3268/3268
f 3266/3266/3266 3264/3264/3264 3268/3268/3268
f 3265/3265/3265 3266/3266/3266 3269/3269/3269
f 3269/3269/3269 3266/3266/3266 3270/3270/3270
f 3266/3266/3266 3268/3268/3268 3270/3270/3270
f 3271/3271/3271 3265/3265/3265 3269/3269/3269
f 3267/3267/3267 3265/3265/3265 3271/3271/3271
f 3272/3272/3272 3267/3267/3267 3271/3271/3271
f 3268/3268/3268 3267/3267/3267 3272/3272/3272
f 3270/3270/3270 3268/3268/3268 3272/3272/3272
f 3269/3269/3269 3270/3270/3270 3273/3273/3273
f 3273/3273/3273 3270/3270/3270 3274/3274/3274
f 3270/3270/3270 3272/3272/3272 3274/3274/3274
f 3275/3275/3275 3269/3269/3269 3273/3273/3273
f 3271/3271/3271 3269/3269/3269 3275/3275/3275
f 3276/3276/3276 3271/3271/3271 3275/3275/3275
f 3272/3272/3272 3271/3271/3271 3276/3276/3276
f 3274/3274/3274 3272/3272/3272 3276/3276/3276
f 3276/3276/3276 3273/3273/3273 3274/3274/3274
f 3275/3275/3275 3273/3273/3273 3276/3276/3276
f 2848/2848/2848 2861/2861/2861 2846/2846/2846
f 2861/2861/2861 2863/2863/2863 2846/2846/2846
f 2846/2846/2846 2863/2863/2863 2844/2844/2844
f 2863/2863/2863 2865/2865/2865 2844/2844/2844
f 2844/2844/2844 2865/2865/2865 2842/2842/2842
f 2865/2865/2865 2867/2867/2867 2842/2842/2842
f 2842/2842/2842 2867/2867/2867 2840/2840/2840
f 2867/2867/2867 2869/2869/2869 2840/2840/2840
f 2840/2840/2840 2869/2869/2869 2838/2838/2838
f 2869/2869/2869 2871/2871/2871 2838/2838/2838
f 2838/2838/2838 2871/2871/2871 2836/2836/2836
f 3277/3277/3277 2851/2851/2851 3278/3278/3278
f 2822/2822/2822 2851/2851/2851 3277/3277/3277
f 2851/2851/2851 2849/2849/2849 3278/3278/3278
f 3278/3278/3278 2849/2849/2849 3279/3279/3279
f 2849/2849/2849 2847/2847/2847 3279/3279/3279
f 3279/3279/3279 2847/2847/2847 3280/3280/3280
f 2847/2847/2847 2845/2845/2845 3280/3280/3280
f 3280/3280/3280 2845/2845/2845 3281/3281/3281
f 2845/2845/2845 2843/2843/2843 3281/3281/3281
f 3281/3281/3281 2843/2843/2843 3282/3282/3282
f 2843/2843/2843 2841/2841/2841 3282/3282/3282
f 3282/3282/3282 2841/2841/2841 3283/3283/3283
f 2841/2841/2841 2839/2839/2839 3283/3283/3283
f 3283/3283/3283 2839/2839/2839 3284/3284/3284
f 2839/2839/2839 2837/2837/2837 3284/3284/3284
f 3284/3284/3284 2837/2837/2837 3285/3285/3285
f 2837/2837/2837 2835/2835/2835 3285/3285/3285
f 3285/3285/3285 2835/2835/2835 3286/3286/3286
f 2835/2835/2835 2833/2833/2833 3286/3286/3286
f 3286/3286/3286 2833/2833/2833 3287/3287/3287
f 2833/2833/2833 2831/2831/2831 3287/3287/3287
f 3287/3287/3287 2831/2831/2831 3288/3288/3288
f 2831/2831/2831 2829/2829/2829 3288/3288/3288
f 3288/3288/3288 2829/2829/2829 3289/3289/3289
f 2829/2829/2829 2827/2827/2827 3289/3289/3289
f 3289/3289/3289 2827/2827/2827 3290/3290/3290
f 2827/2827/2827 2825/2825/2825 3290/3290/3290
f 3290/3290/3290 2825/2825/2825 3291/3291/3291
f 2825/2825/2825 2824/2824/2824 3291/3291/3291
f 3291/3291/3291 2824/2824/2824 3292/3292/3292
f 3292/3292/3292 2824/2824/2824 3277/3277/3277
f 3277/3277/3277 2824/2824/2824 2822/2822/2822
f 3286/3286/3286 3287/3287/3287 3293/3293/3293
f 3294/3294/3294 3286/3286/3286 3293/3293/3293
f 3293/3293/3293 3287/3287/3287 3295/3295/3295
f 3287/3287/3287 3288/3288/3288 3295/3295/3295
f 3295/3295/3295 3288/3288/3288 3296/3296/3296
f 3288/3288/3288 3289/3289/3289 3296/3296/3296
f 3296/3296/3296 3289/3289/3289 3297/3297/3297
f 3289/3289/3289 3290/3290/3290 3297/3297/3297
f 3297/3297/3297 3290/3290/3290 3298/3298/3298
f 3290/3290/3290 3291/3291/3291 3298/3298/3298
f 3298/3298/3298 3291/3291/3291 3299/3299/3299
f 3291/3291/3291 3292/3292/3292 3299/3299/3299
f 3299/3299/3299 3292/3292/3292 3300/3300/3300
f 3301/3301/3301 3292/3292/3292 3277/3277/3277
f 3300/3300/3300 3292/3292/3292 3301/3301/3301
f 3277/3277/3277 3278/3278/3278 3301/3301/3301
f 3301/3301/3301 3278/3278/3278 3302/3302/3302
f 3278/3278/3278 3279/3279/3279 3302/3302/3302
f 3302/3302/3302 3279/3279/3279 3303/3303/3303
f 3279/3279/3279 3280/3280/3280 3303/3303/3303
f 3303/3303/3303 3280/3280/3280 3304/3304/3304
f 3280/3280/3280 3281/3281/3281 3304/3304/3304
f 3304/3304/3304 3281/3281/3281 3305/3305/3305
f 3281/3281/3281 3282/3282/3282 3305/3305/3305
f 3305/3305/3305 3282/3282/3282 3306/3306/3306
f 3282/3282/3282 3283/3283/3283 3306/3306/3306
f 3306/3306/3306 3283/3283/3283 3307/3307/3307
f 3283/3283/3283 3284/3284/3284 3307/3307/3307
f 3307/3307/3307 3284/3284/3284 3308/3308/3308
f 3284/3284/3284 3285/3285/3285 3308/3308/3308
f 3308/3308/3308 3285/3285/3285 3294/3294/3294
f 3285/3285/3285 3286/3286/3286 3294/3294/3294
f 3302/3302/3302 3303/3303/3303 3309/3309/3309
f 3309/3309/3309 3303/3303/3303 3310/3310/3310
f 3303/3303/3303 3304/3304/3304 3310/3310/3310
f 3310/3310/3310 3304/3304/3304 3311/3311/3311
f 3304/3304/3304 3305/3305/3305 3311/3311/3311
f 3311/3311/3311 3305/3305/3305 3312/3312/3312
f 3305/3305/3305 3306/3306/3306 3312/3312/3312
f 3312/3312/3312 3306/3306/3306 3313/3313/3313
f 3306/3306/3306 3307/3307/3307 3313/3313/3313
f 3313/3313/3313 3307/3307/3307 3314/3314/3314
f 3307/3307/3307 3308/3308/3308 3314/3314/3314
f 3314/3314/3314 3308/3308/3308 3315/3315/3315
f 3308/3308/3308 3294/3294/3294 3315/3315/3315
f 3315/3315/3315 3294/3294/3294 3316/3316/3316
f 3294/3294/3294 3293/3293/3293 3316/3316/3316
f 3316/3316/3316 3293/3293/3293 3317/3317/3317
f 3293/3293/3293 3295/3295/3295 3317/3317/3317
f 3317/3317/3317 3295/3295/3295 3318/3318/3318
f 3295/3295/3295 3296/3296/3296 3318/3318/3318
f 3318/3318/3318 3296/3296/3296 3319/3319/3319
f 3296/3296/3296 3297/3297/3297 3319/3319/3319
f 3319/3319/3319 3297/3297/3297 3320/3320/3320
f 3297/3297/3297 3298/3298/3298 3320/3320/3320
f 3320/3320/3320 3298/3298/3298 3321/3321/3321
f 3298/3298/3298 3299/3299/3299 3321/3321/3321
f 3321/3321/3321 3299/3299/3299 3322/3322/3322
f 3299/3299/3299 3300/3300/3300 3322/3322/3322
f 3322/3322/3322 3300/3300/3300 3323/3323/3323
f 3323/3323/3323 3300/3300/3300 3324/3324/3324
f 3324/3324/3324 3300/3300/3300 3301/3301/3301
f 3301/3301/3301 3302/3302/3302 3324/3324/3324
f 3324/3324/3324 3302/3302/3302 3309/3309/3309
f 3326/3326/3326 3325/3325/3325 3327/3327/3327
f 3328/3328/3328 3325/3325/3325 3326/3326/3326
f 3325/3325/3325 3329/3329/3329 3327/3327/3327
f 3327/3327/3327 3329/3329/3329 3330/3330/3330
f 3329/3329/3329 3331/3331/3331 3330/3330/3330
f 3330/3330/3330 3331/3331/3331 3332/3332/3332
f 3331/3331/3331 3333/3333/3333 3332/3332/3332
f 3332/3332/3332 3333/3333/3333 3334/3334/3334
f 3333/3333/3333 3335/3335/3335 3334/3334/3334
f 3334/3334/3334 3335/3335/3335 3336/3336/3336
f 3335/3335/3335 3337/3337/3337 3336/3336/3336
f 3336/3336/3336 3337/3337/3337 3338/3338/3338
f 3337/3337/3337 3339/3339/3339 3338/3338/3338
f 3338/3338/3338 3339/3339/3339 3340/3340/3340
f 3339/3339/3339 3341/3341/3341 3340/3340/3340
f 3340/3340/3340 3341/3341/3341 3342/3342/3342
f 3341/3341/3341 3343/3343/3343 3342/3342/3342
f 3342/3342/3342 3343/3343/3343 3344/3344/3344
f 3343/3343/3343 3345/3345/3345 3344/3344/3344
f 3344/3344/3344 3345/3345/3345 3346/3346/3346
f 3345/3345/3345 3347/3347/3347 3346/3346/3346
f 3346/3346/3346 3347/3347/3347 3348/3348/3348
f 3347/3347/3347 3349/3349/3349 3348/3348/3348
f 3348/3348/3348 3349/3349/3349 3350/3350/3350
f 3349/3349/3349 3351/3351/3351 3350/3350/3350
f 3350/3350/3350 3351/3351/3351 3352/3352/3352
f 3351/3351/3351 3353/3353/3353 3352/3352/3352
f 3352/3352/3352 3353/3353/3353 3354/3354/3354
f 3353/3353/3353 3355/3355/3355 3354/3354/3354
f 3354/3354/3354 3355/3355/3355 3356/3356/3356
f 3356/3356/3356 3355/3355/3355 3326/3326/3326
f 3326/3326/3326 3355/3355/3355 3328/3328/3328
f 3358/3358/3358 3357/3357/3357 3359/3359/3359
f 3359/3359/3359 3360/3360/3360 3358/3358/3358
f 3358/3358/3358 3360/3360/3360 3361/3361/3361
f 3360/3360/3360 3362/3362/3362 3361/3361/3361
f 3361/3361/3361 3362/3362/3362 3363/3363/3363
f 3362/3362/3362 3364/3364/3364 3363/3363/3363
f 3363/3363/3363 3364/3364/3364 3365/3365/3365
f 3364/3364/3364 3366/3366/3366 3365/3365/3365
f 3365/3365/3365 3366/3366/3366 3367/3367/3367
f 3368/3368/3368 3357/3357/3357 3358/3358/3358
f 3369/3369/3369 3357/3357/3357 3368/3368/3368
f 3370/3370/3370 3369/3369/3369 3368/3368/3368
f 3371/3371/3371 3369/3369/3369 3370/3370/3370
f 3370/3370/3370 3372/3372/3372 3371/3371/3371
f 3077/3077/3077 3066/3066/3066 3095/3095/3095
f 3077/3077/3077 3095/3095/3095 3079/3079/3079
f 3079/3079/3079 3095/3095/3095 3093/3093/3093
f 3374/3374/3374 3373/3373/3373 3375/3375/3375
f 3376/3376/3376 3373/3373/3373 3374/3374/3374
f 3377/3377/3377 3373/3373/3373 3376/3376/3376
f 3377/3377/3377 3378/3378/3378 3373/3373/3373
f 3379/3379/3379 3378/3378/3378 3377/3377/3377
f 3380/3380/3380 3378/3378/3378 3379/3379/3379
f 3380/3380/3380 3381/3381/3381 3378/3378/3378
f 3382/3382/3382 3381/3381/3381 3380/3380/3380
f 3373/3373/3373 3383/3383/3383 3375/3375/3375
f 3375/3375/3375 3383/3383/3383 3384/3384/3384
f 3383/3383/3383 3385/3385/3385 3384/3384/3384
f 3385/3385/3385 3377/3377/3377 3376/3376/3376
f 3384/3384/3384 3385/3385/3385 3386/3386/3386
f 3386/3386/3386 3376/3376/3376 3374/3374/3374
f 3385/3385/3385 3376/3376/3376 3386/3386/3386
f 3383/3383/3383 3387/3387/3387 3385/3385/3385
f 3387/3387/3387 3377/3377/3377 3385/3385/3385
f 3387/3387/3387 3379/3379/3379 3377/3377/3377
f 3383/3383/3383 3388/3388/3388 3387/3387/3387
f 3388/3388/3388 3379/3379/3379 3387/3387/3387
f 3388/3388/3388 3380/3380/3380 3379/3379/3379
f 3389/3389/3389 3388/3388/3388 3383/3383/3383
f 3389/3389/3389 3390/3390/3390 3388/3388/3388
f 3390/3390/3390 3380/3380/3380 3388/3388/3388
f 3390/3390/3390 3382/3382/3382 3380/3380/3380
f 3389/3389/3389 3391/3391/3391 3390/3390/3390
f 3391/3391/3391 3382/3382/3382 3390/3390/3390
f 3392/3392/3392 3391/3391/3391 3389/3389/3389
f 3378/3378/3378 3392/3392/3392 3389/3389/3389
f 3381/3381/3381 3392/3392/3392 3378/3378/3378
f 3373/3373/3373 3389/3389/3389 3383/3383/3383
f 3378/3378/3378 3389/3389/3389 3373/3373/3373
f 3392/3392/3392 3393/3393/3393 3391/3391/3391
f 3391/3391/3391 3393/3393/3393 3394/3394/3394
f 3391/3391/3391 3394/3394/3394 3382/3382/3382
f 3392/3392/3392 3395/3395/3395 3393/3393/3393
f 3392/3392/3392 3396/3396/3396 3395/3395/3395
f 3381/3381/3381 3396/3396/3396 3392/3392/3392
f 3381/3381/3381 3397/3397/3397 3396/3396/3396
f 3381/3381/3381 3398/3398/3398 3397/3397/3397
f 3381/3381/3381 3399/3399/3399 3398/3398/3398
f 3382/3382/3382 3399/3399/3399 3381/3381/3381
f 3382/3382/3382 3400/3400/3400 3399/3399/3399
f 3382/3382/3382 3394/3394/3394 3400/3400/3400
f 3393/3393/3393 3401/3401/3401 3394/3394/3394
f 3402/3402/3402 3401/3401/3401 3393/3393/3393
f 3393/3393/3393 3395/3395/3395 3402/3402/3402
f 3403/3403/3403 3401/3401/3401 3402/3402/3402
f 3404/3404/3404 3401/3401/3401 3403/3403/3403
f 3405/3405/3405 3404/3404/3404 3403/3403/3403
f 3406/3406/3406 3404/3404/3404 3405/3405/3405
f 3406/3406/3406 3405/3405/3405 3407/3407/3407
f 3408/3408/3408 3406/3406/3406 3407/3407/3407
f 3409/3409/3409 3406/3406/3406 3408/3408/3408
f 3410/3410/3410 3409/3409/3409 3408/3408/3408
f 3411/3411/3411 3409/3409/3409 3410/3410/3410
f 3407/3407/3407 3405/3405/3405 3412/3412/3412
f 3405/3405/3405 3403/3403/3403 3412/3412/3412
f 3412/3412/3412 3403/3403/3403 3413/3413/3413
f 3412/3412/3412 3413/3413/3413 3407/3407/3407
f 3403/3403/3403 3402/3402/3402 3413/3413/3413
f 3407/3407/3407 3413/3413/3413 3414/3414/3414
f 3407/3407/3407 3414/3414/3414 3408/3408/3408
f 3408/3408/3408 3414/3414/3414 3415/3415/3415
f 3408/3408/3408 3415/3415/3415 3410/3410/3410
f 3410/3410/3410 3415/3415/3415 3416/3416/3416
f 3410/3410/3410 3416/3416/3416 3411/3411/3411
f 3411/3411/3411 3416/3416/3416 3417/3417/3417
f 3411/3411/3411 3417/3417/3417 3409/3409/3409
f 3409/3409/3409 3417/3417/3417 3418/3418/3418
f 3406/3406/3406 3418/3418/3418 3404/3404/3404
f 3409/3409/3409 3418/3418/3418 3406/3406/3406
f 3413/3413/3413 3419/3419/3419 3414/3414/3414
f 3413/3413/3413 3402/3402/3402 3419/3419/3419
f 3414/3414/3414 3419/3419/3419 3420/3420/3420
f 3414/3414/3414 3420/3420/3420 3415/3415/3415
f 3415/3415/3415 3420/3420/3420 3421/3421/3421
f 3415/3415/3415 3421/3421/3421 3416/3416/3416
f 3416/3416/3416 3421/3421/3421 3422/3422/3422
f 3416/3416/3416 3422/3422/3422 3417/3417/3417
f 3417/3417/3417 3422/3422/3422 3423/3423/3423
f 3417/3417/3417 3423/3423/3423 3418/3418/3418
f 3418/3418/3418 3423/3423/3423 3424/3424/3424
f 3418/3418/3418 3424/3424/3424 3404/3404/3404
f 3404/3404/3404 3424/3424/3424 3401/3401/3401
f 3402/3402/3402 3395/3395/3395 3419/3419/3419
f 3419/3419/3419 3396/3396/3396 3420/3420/3420
f 3395/3395/3395 3396/3396/3396 3419/3419/3419
f 3420/3420/3420 3397/3397/3397 3421/3421/3421
f 3396/3396/3396 3397/3397/3397 3420/3420/3420
f 3421/3421/3421 3398/3398/3398 3422/3422/3422
f 3397/3397/3397 3398/3398/3398 3421/3421/3421
f 3422/3422/3422 3399/3399/3399 3423/3423/3423
f 3398/3398/3398 3399/3399/3399 3422/3422/3422
f 3423/3423/3423 3400/3400/3400 3424/3424/3424
f 3399/3399/3399 3400/3400/3400 3423/3423/3423
f 3424/3424/3424 3394/3394/3394 3401/3401/3401
f 3400/3400/3400 3394/3394/3394 3424/3424/3424
f 3426/3426/3426 3425/3425/3425 3427/3427/3427
f 3428/3428/3428 3425/3425/3425 3426/3426/3426
f 3427/3427/3427 3425/3425/3425 3429/3429/3429
f 3425/3425/3425 3430/3430/3430 3429/3429/3429
f 3429/3429/3429 3430/3430/3430 3431/3431/3431
f 3431/3431/3431 3430/3430/3430 3432/3432/3432
f 3430/3430/3430 3433/3433/3433 3432/3432/3432
f 3432/3432/3432 3433/3433/3433 3434/3434/3434
f 3428/3428/3428 3435/3435/3435 3425/3425/3425
f 3436/3436/3436 3435/3435/3435 3428/3428/3428
f 3436/3436/3436 3437/3437/3437 3435/3435/3435
f 3427/3427/3427 3429/3429/3429 3437/3437/3437
f 3438/3438/3438 3437/3437/3437 3436/3436/3436
f 3438/3438/3438 3427/3427/3427 3437/3437/3437
f 3426/3426/3426 3427/3427/3427 3438/3438/3438
f 3437/3437/3437 3439/3439/3439 3435/3435/3435
f 3437/3437/3437 3429/3429/3429 3439/3439/3439
f 3429/3429/3429 3431/3431/3431 3439/3439/3439
f 3439/3439/3439 3440/3440/3440 3435/3435/3435
f 3439/3439/3439 3431/3431/3431 3440/3440/3440
f 3431/3431/3431 3432/3432/3432 3440/3440/3440
f 3435/3435/3435 3440/3440/3440 3441/3441/3441
f 3440/3440/3440 3442/3442/3442 3441/3441/3441
f 3440/3440/3440 3432/3432/3432 3442/3442/3442
f 3432/3432/3432 3434/3434/3434 3442/3442/3442
f 3442/3442/3442 3443/3443/3443 3441/3441/3441
f 3442/3442/3442 3434/3434/3434 3443/3443/3443
f 3441/3441/3441 3443/3443/3443 3444/3444/3444
f 3430/3430/3430 3444/3444/3444 3433/3433/3433
f 3441/3441/3441 3444/3444/3444 3430/3430/3430
f 3425/3425/3425 3441/3441/3441 3430/3430/3430
f 3435/3435/3435 3441/3441/3441 3425/3425/3425
f 3443/3443/3443 3445/3445/3445 3444/3444/3444
f 3446/3446/3446 3445/3445/3445 3443/3443/3443
f 3434/3434/3434 3446/3446/3446 3443/3443/3443
f 3445/3445/3445 3447/3447/3447 3444/3444/3444
f 3444/3444/3444 3448/3448/3448 3433/3433/3433
f 3447/3447/3447 3448/3448/3448 3444/3444/3444
f 3448/3448/3448 3449/3449/3449 3433/3433/3433
f 3449/3449/3449 3450/3450/3450 3433/3433/3433
f 3450/3450/3450 3451/3451/3451 3433/3433/3433
f 3433/3433/3433 3451/3451/3451 3434/3434/3434
f 3451/3451/3451 3452/3452/3452 3434/3434/3434
f 3452/3452/3452 3446/3446/3446 3434/3434/3434
f 3446/3446/3446 3453/3453/3453 3445/3445/3445
f 3445/3445/3445 3453/3453/3453 3454/3454/3454
f 3454/3454/3454 3447/3447/3447 3445/3445/3445
f 3454/3454/3454 3453/3453/3453 3455/3455/3455
f 3455/3455/3455 3453/3453/3453 3456/3456/3456
f 3455/3455/3455 3456/3456/3456 3457/3457/3457
f 3457/3457/3457 3456/3456/3456 3458/3458/3458
f 3459/3459/3459 3457/3457/3457 3458/3458/3458
f 3459/3459/3459 3458/3458/3458 3460/3460/3460
f 3460/3460/3460 3458/3458/3458 3461/3461/3461
f 3460/3460/3460 3461/3461/3461 3462/3462/3462
f 3462/3462/3462 3461/3461/3461 3463/3463/3463
f 3464/3464/3464 3457/3457/3457 3459/3459/3459
f 3464/3464/3464 3455/3455/3455 3457/3457/3457
f 3465/3465/3465 3455/3455/3455 3464/3464/3464
f 3459/3459/3459 3465/3465/3465 3464/3464/3464
f 3465/3465/3465 3454/3454/3454 3455/3455/3455
f 3466/3466/3466 3465/3465/3465 3459/3459/3459
f 3460/3460/3460 3466/3466/3466 3459/3459/3459
f 3467/3467/3467 3466/3466/3466 3460/3460/3460
f 3462/3462/3462 3467/3467/3467 3460/3460/3460
f 3468/3468/3468 3467/3467/3467 3462/3462/3462
f 3463/3463/3463 3468/3468/3468 3462/3462/3462
f 3469/3469/3469 3468/3468/3468 3463/3463/3463
f 3461/3461/3461 3469/3469/3469 3463/3463/3463
f 3470/3470/3470 3469/3469/3469 3461/3461/3461
f 3458/3458/3458 3470/3470/3470 3461/3461/3461
f 3456/3456/3456 3470/3470/3470 3458/3458/3458
f 3466/3466/3466 3471/3471/3471 3465/3465/3465
f 3471/3471/3471 3454/3454/3454 3465/3465/3465
f 3472/3472/3472 3471/3471/3471 3466/3466/3466
f 3467/3467/3467 3472/3472/3472 3466/3466/3466
f 3473/3473/3473 3472/3472/3472 3467/3467/3467
f 3468/3468/3468 3473/3473/3473 3467/3467/3467
f 3474/3474/3474 3473/3473/3473 3468/3468/3468
f 3469/3469/3469 3474/3474/3474 3468/3468/3468
f 3475/3475/3475 3474/3474/3474 3469/3469/3469
f 3470/3470/3470 3475/3475/3475 3469/3469/3469
f 3476/3476/3476 3475/3475/3475 3470/3470/3470
f 3456/3456/3456 3476/3476/3476 3470/3470/3470
f 3453/3453/3453 3476/3476/3476 3456/3456/3456
f 3471/3471/3471 3447/3447/3447 3454/3454/3454
f 3471/3471/3471 3448/3448/3448 3447/3447/3447
f 3472/3472/3472 3448/3448/3448 3471/3471/3471
f 3472/3472/3472 3449/3449/3449 3448/3448/3448
f 3473/3473/3473 3449/3449/3449 3472/3472/3472
f 3473/3473/3473 3450/3450/3450 3449/3449/3449
f 3474/3474/3474 3450/3450/3450 3473/3473/3473
f 3474/3474/3474 3451/3451/3451 3450/3450/3450
f 3475/3475/3475 3451/3451/3451 3474/3474/3474
f 3475/3475/3475 3452/3452/3452 3451/3451/3451
f 3476/3476/3476 3452/3452/3452 3475/3475/3475
f 3476/3476/3476 3446/3446/3446 3452/3452/3452
f 3453/3453/3453 3446/3446/3446 3476/3476/3476
f 3478/3478/3478 3477/3477/3477 3479/3479/3479
f 3480/3480/3480 3477/3477/3477 3478/3478/3478
f 3481/3481/3481 3477/3477/3477 3480/3480/3480
f 3481/3481/3481 3482/3482/3482 3477/3477/3477
f 3483/3483/3483 3482/3482/3482 3481/3481/3481
f 3484/3484/3484 3482/3482/3482 3483/3483/3483
f 3484/3484/3484 3485/3485/3485 3482/3482/3482
f 3486/3486/3486 3485/3485/3485 3484/3484/3484
f 3477/3477/3477 3487/3487/3487 3479/3479/3479
f 3479/3479/3479 3487/3487/3487 3488/3488/3488
f 3487/3487/3487 3489/3489/3489 3488/3488/3488
f 3489/3489/3489 3481/3481/3481 3480/3480/3480
f 3488/3488/3488 3489/3489/3489 3490/3490/3490
f 3490/3490/3490 3480/3480/3480 3478/3478/3478
f 3489/3489/3489 3480/3480/3480 3490/3490/3490
f 3487/3487/3487 3491/3491/3491 3489/3489/3489
f 3491/3491/3491 3481/3481/3481 3489/3489/3489
f 3491/3491/3491 3483/3483/3483 3481/3481/3481
f 3487/3487/3487 3492/3492/3492 3491/3491/3491
f 3492/3492/3492 3483/3483/3483 3491/3491/3491
f 3492/3492/3492 3484/3484/3484 3483/3483/3483
f 3493/3493/3493 3492/3492/3492 3487/3487/3487
f 3493/3493/3493 3494/3494/3494 3492/3492/3492
f 3494/3494/3494 3484/3484/3484 3492/3492/3492
f 3494/3494/3494 3486/3486/3486 3484/3484/3484
f 3493/3493/3493 3495/3495/3495 3494/3494/3494
f 3495/3495/3495 3486/3486/3486 3494/3494/3494
f 3496/3496/3496 3495/3495/3495 3493/3493/3493
f 3482/3482/3482 3496/3496/3496 3493/3493/3493
f 3485/3485/3485 3496/3496/3496 3482/3482/3482
f 3477/3477/3477 3493/3493/3493 3487/3487/3487
f 3482/3482/3482 3493/3493/3493 3477/3477/3477
f 3496/3496/3496 3497/3497/3497 3495/3495/3495
f 3495/3495/3495 3497/3497/3497 3498/3498/3498
f 3495/3495/3495 3498/3498/3498 3486/3486/3486
f 3496/3496/3496 3499/3499/3499 3497/3497/3497
f 3496/3496/3496 3500/3500/3500 3499/3499/3499
f 3485/3485/3485 3500/3500/3500 3496/3496/3496
f 3485/3485/3485 3501/3501/3501 3500/3500/3500
f 3485/3485/3485 3502/3502/3502 3501/3501/3501
f 3485/3485/3485 3503/3503/3503 3502/3502/3502
f 3486/3486/3486 3503/3503/3503 3485/3485/3485
f 3486/3486/3486 3504/3504/3504 3503/3503/3503
f 3486/3486/3486 3498/3498/3498 3504/3504/3504
f 3497/3497/3497 3505/3505/3505 3498/3498/3498
f 3506/3506/3506 3505/3505/3505 3497/3497/3497
f 3497/3497/3497 3499/3499/3499 3506/3506/3506
f 3507/3507/3507 3505/3505/3505 3506/3506/3506
f 3508/3508/3508 3505/3505/3505 3507/3507/3507
f 3509/3509/3509 3508/3508/3508 3507/3507/3507
f 3510/3510/3510 3508/3508/3508 3509/3509/3509
f 3510/3510/3510 3509/3509/3509 3511/3511/3511
f 3512/3512/3512 3510/3510/3510 3511/3511/3511
f 3513/3513/3513 3510/3510/3510 3512/3512/3512
f 3514/3514/3514 3513/3513/3513 3512/3512/3512
f 3515/3515/3515 3513/3513/3513 3514/3514/3514
f 3511/3511/3511 3509/3509/3509 3516/3516/3516
f 3509/3509/3509 3507/3507/3507 3516/3516/3516
f 3516/3516/3516 3507/3507/3507 3517/3517/3517
f 3516/3516/3516 3517/3517/3517 3511/3511/3511
f 3507/3507/3507 3506/3506/3506 3517/3517/3517
f 3511/3511/3511 3517/3517/3517 3518/3518/3518
f 3511/3511/3511 3518/3518/3518 3512/3512/3512
f 3512/3512/3512 3518/3518/3518 3519/3519/3519
f 3512/3512/3512 3519/3519/3519 3514/3514/3514
f 3514/3514/3514 3519/3519/3519 3520/3520/3520
f 3514/3514/3514 3520/3520/3520 3515/3515/3515
f 3515/3515/3515 3520/3520/3520 3521/3521/3521
f 3515/3515/3515 3521/3521/3521 3513/3513/3513
f 3513/3513/3513 3521/3521/3521 3522/3522/3522
f 3510/3510/3510 3522/3522/3522 3508/3508/3508
f 3513/3513/3513 3522/3522/3522 3510/3510/3510
f 3517/3517/3517 3523/3523/3523 3518/3518/3518
f 3517/3517/3517 3506/3506/3506 3523/3523/3523
f 3518/3518/3518 3523/3523/3523 3524/3524/3524
f 3518/3518/3518 3524/3524/3524 3519/3519/3519
f 3519/3519/3519 3524/3524/3524 3525/3525/3525
f 3519/3519/3519 3525/3525/3525 3520/3520/3520
f 3520/3520/3520 3525/3525/3525 3526/3526/3526
f 3520/3520/3520 3526/3526/3526 3521/3521/3521
f 3521/3521/3521 3526/3526/3526 3527/3527/3527
f 3521/3521/3521 3527/3527/3527 3522/3522/3522
f 3522/3522/3522 3527/3527/3527 3528/3528/3528
f 3522/3522/3522 3528/3528/3528 3508/3508/3508
f 3508/3508/3508 3528/3528/3528 3505/3505/3505
f 3506/3506/3506 3499/3499/3499 3523/3523/3523
f 3523/3523/3523 3500/3500/3500 3524/3524/3524
f 3499/3499/3499 3500/3500/3500 3523/3523/3523
f 3524/3524/3524 3501/3501/3501 3525/3525/3525
f 3500/3500/3500 3501/3501/3501 3524/3524/3524
f 3525/3525/3525 3502/3502/3502 3526/3526/3526
f 3501/3501/3501 3502/3502/3502 3525/3525/3525
f 3526/3526/3526 3503/3503/3503 3527/3527/3527
f 3502/3502/3502 3503/3503/3503 3526/3526/3526
f 3527/3527/3527 3504/3504/3504 3528/3528/3528
f 3503/3503/3503 3504/3504/3504 3527/3527/3527
f 3528/3528/3528 3498/3498/3498 3505/3505/3505
f 3504/3504/3504 3498/3498/3498 3528/3528/3528
f 3530/3530/3530 3529/3529/3529 3531/3531/3531
f 3532/3532/3532 3529/3529/3529 3530/3530/3530
f 3531/3531/3531 3529/3529/3529 3533/3533/3533
f 3529/3529/3529 3534/3534/3534 3533/3533/3533
f 3533/3533/3533 3534/3534/3534 3535/3535/3535
f 3535/3535/3535 3534/3534/3534 3536/3536/3536
f 3534/3534/3534 3537/3537/3537 3536/3536/3536
f 3536/3536/3536 3537/3537/3537 3538/3538/3538
f 3532/3532/3532 3539/3539/3539 3529/3529/3529
f 3540/3540/3540 3539/3539/3539 3532/3532/3532
f 3540/3540/3540 3541/3541/3541 3539/3539/3539
f 3531/3531/3531 3533/3533/3533 3541/3541/3541
f 3542/3542/3542 3541/3541/3541 3540/3540/3540
f 3542/3542/3542 3531/3531/3531 3541/3541/3541
f 3530/3530/3530 3531/3531/3531 3542/3542/3542
f 3541/3541/3541 3543/3543/3543 3539/3539/3539
f 3541/3541/3541 3533/3533/3533 3543/3543/3543
f 3533/3533/3533 3535/3535/3535 3543/3543/3543
f 3543/3543/3543 3544/3544/3544 3539/3539/3539
f 3543/3543/3543 3535/3535/3535 3544/3544/3544
f 3535/3535/3535 3536/3536/3536 3544/3544/3544
f 3539/3539/3539 3544/3544/3544 3545/3545/3545
f 3544/3544/3544 3546/3546/3546 3545/3545/3545
f 3544/3544/3544 3536/3536/3536 3546/3546/3546
f 3536/3536/3536 3538/3538/3538 3546/3546/3546
f 3546/3546/3546 3547/3547/3547 3545/3545/3545
f 3546/3546/3546 3538/3538/3538 3547/3547/3547
f 3545/3545/3545 3547/3547/3547 3548/3548/3548
f 3534/3534/3534 3548/3548/3548 3537/3537/3537
f 3545/3545/3545 3548/3548/3548 3534/3534/3534
f 3529/3529/3529 3545/3545/3545 3534/3534/3534
f 3539/3539/3539 3545/3545/3545 3529/3529/3529
f 3547/3547/3547 3549/3549/3549 3548/3548/3548
f 3550/3550/3550 3549/3549/3549 3547/3547/3547
f 3538/3538/3538 3550/3550/3550 3547/3547/3547
f 3549/3549/3549 3551/3551/3551 3548/3548/3548
f 3548/3548/3548 3552/3552/3552 3537/3537/3537
f 3551/3551/3551 3552/3552/3552 3548/3548/3548
f 3552/3552/3552 3553/3553/3553 3537/3537/3537
f 3553/3553/3553 3554/3554/3554 3537/3537/3537
f 3554/3554/3554 3555/3555/3555 3537/3537/3537
f 3537/3537/3537 3555/3555/3555 3538/3538/3538
f 3555/3555/3555 3556/3556/3556 3538/3538/3538
f 3556/3556/3556 3550/3550/3550 3538/3538/3538
f 3550/3550/3550 3557/3557/3557 3549/3549/3549
f 3549/3549/3549 3557/3557/3557 3558/3558/3558
f 3558/3558/3558 3551/3551/3551 3549/3549/3549
f 3558/3558/3558 3557/3557/3557 3559/3559/3559
f 3559/3559/3559 3557/3557/3557 3560/3560/3560
f 3559/3559/3559 3560/3560/3560 3561/3561/3561
f 3561/3561/3561 3560/3560/3560 3562/3562/3562
f 3563/3563/3563 3561/3561/3561 3562/3562/3562
f 3563/3563/3563 3562/3562/3562 3564/3564/3564
f 3564/3564/3564 3562/3562/3562 3565/3565/3565
f 3564/3564/3564 3565/3565/3565 3566/3566/3566
f 3566/3566/3566 3565/3565/3565 3567/3567/3567
f 3568/3568/3568 3561/3561/3561 3563/3563/3563
f 3568/3568/3568 3559/3559/3559 3561/3561/3561
f 3569/3569/3569 3559/3559/3559 3568/3568/3568
f 3563/3563/3563 3569/3569/3569 3568/3568/3568
f 3569/3569/3569 3558/3558/3558 3559/3559/3559
f 3570/3570/3570 3569/3569/3569 3563/3563/3563
f 3564/3564/3564 3570/3570/3570 3563/3563/3563
f 3571/3571/3571 3570/3570/3570 3564/3564/3564
f 3566/3566/3566 3571/3571/3571 3564/3564/3564
f 3572/3572/3572 3571/3571/3571 3566/3566/3566
f 3567/3567/3567 3572/3572/3572 3566/3566/3566
f 3573/3573/3573 3572/3572/3572 3567/3567/3567
f 3565/3565/3565 3573/3573/3573 3567/3567/3567
f 3574/3574/3574 3573/3573/3573 3565/3565/3565
f 3562/3562/3562 3574/3574/3574 3565/3565/3565
f 3560/3560/3560 3574/3574/3574 3562/3562/3562
f 3570/3570/3570 3575/3575/3575 3569/3569/3569
f 3575/3575/3575 3558/3558/3558 3569/3569/3569
f 3576/3576/3576 3575/3575/3575 3570/3570/3570
f 3571/3571/3571 3576/3576/3576 3570/3570/3570
f 3577/3577/3577 3576/3576/3576 3571/3571/3571
f 3572/3572/3572 3577/3577/3577 3571/3571/3571
f 3578/3578/3578 3577/3577/3577 3572/3572/3572
f 3573/3573/3573 3578/3578/3578 3572/3572/3572
f 3579/3579/3579 3578/3578/3578 3573/3573/3573
f 3574/3574/3574 3579/3579/3579 3573/3573/3573
f 3580/3580/3580 3579/3579/3579 3574/3574/3574
f 3560/3560/3560 3580/3580/3580 3574/3574/3574
f 3557/3557/3557 3580/3580/3580 3560/3560/3560
f 3575/3575/3575 3551/3551/3551 3558/3558/3558
f 3575/3575/3575 3552/3552/3552 3551/3551/3551
f 3576/3576/3576 3552/3552/3552 3575/3575/3575
f 3576/3576/3576 3553/3553/3553 3552/3552/3552
f 3577/3577/3577 3553/3553/3553 3576/3576/3576
f 3577/3577/3577 3554/3554/3554 3553/3553/3553
f 3578/3578/3578 3554/3554/3554 3577/3577/3577
f 3578/3578/3578 3555/3555/3555 3554/3554/3554
f 3579/3579/3579 3555/3555/3555 3578/3578/3578
f 3579/3579/3579 3556/3556/3556 3555/3555/3555
f 3580/3580/3580 3556/3556/3556 3579/3579/3579
f 3580/3580/3580 3550/3550/3550 3556/3556/3556
f 3557/3557/3557 3550/3550/3550 3580/3580/3580
v 2.801929 -0.09456885 0.02603807
v 2.755293 0.01787078 -0.008538279
v 2.734383 -0.04636171 0.03573303
v 2.876896 -0.03481704 -0.01763715
v 2.735194 -0.02500623 0.09628169
v 2.765848 0.06037802 0.08568469
v 2.787947 0.005610168 0.1404392
v 2.811197 0.01511037 0.1370005
v 2.787752 0.05039567 0.09645811
v 2.821351 0.07058388 0.02847362
v 2.7826 0.07226628 0.03005996
v 2.76157 -0.0765909 0.08305446
v 2.817221 -0.05853719 0.1331872
v 2.78074 -0.07977602 0.09223416
v 2.898397 -0.02349773 0.08412121
v 2.793708 0.05570632 0.0473881
v 2.861047 0.062455 0.03550839
v 2.773833 0.01837438 0.06651917
v 2.82107 0.0696649 -0.02192676
v 2.823704 0.05606204 -0.02002483
v 2.867948 0.004367888 -0.07724728
v 2.765001 0.01199138 -0.04550169
v 2.823065 -0.04829496 -0.07274682
v 2.75671 -0.02790064 -0.03804312
v 2.788635 -0.07971472 -0.03679477
v 2.817341 -0.1010468 -0.01597064
v 2.761021 -0.03882957 0.05598823
v 2.780434 -0.086487 0.02304962
v 2.858725 -0.09237659 0.06225669
v 2.838477 -0.1085616 0.02624822
v 2.883686 0.08335012 0.05376254
v 2.758709 0.05559808 -0.01873318
v 2.899678 0.0301075 -0.01961675
v 2.814287 0.08242053 0.0952393
v 2.903866 0.02991337 0.08542357
v 2.756203 0.04584205 0.0821201
v 2.794071 0.04202408 0.1195144
v 2.893102 -0.002491832 0.1057262
v 2.852145 -0.04519725 -0.02939338
v 2.7508 -0.01550347 -0.003164858
v 2.746572 -0.02389073 0.00543681
v 2.888904 -0.06058276 0.02235995
v 2.778149 0.05607158 0.07679883
v 2.776263 0.03836244 -0.01954327
v 2.836502 0.07416016 -0.03755528
v 2.773751 -0.02883026 0.08205035
v 2.792891 0.04685169 -0.03421747
v 2.760658 -0.04407638 0.04009834
v 2.927601 0.01379007 0.09604285
v 2.91051 -0.06317317 0.06721733
v 2.914419 -0.00367111 -0.03912262
v 2.924261 0.0330537 -0.02878091
v 2.929729 -0.04890478 0.008543458
v 2.862562 -0.09543321 0.04805672
v 2.870921 0.03801209 -0.05156155
v 2.822891 0.05161363 -0.06499428
v 2.724185 -0.08637506 -0.04597684
v 2.774015 -0.1138136 -0.06773816
v 2.797224 0.07197541 -0.03104626
v 2.872092 0.03384882 -0.06775822
v 2.823193 -0.1315551 -0.06505252
v 2.91596 0.0180214 -0.04401079
v 2.864518 -0.1464743 -0.03658284
v 2.950209 -0.0298363 -0.007395251
v 2.88693 -0.1545689 0.01008342
v 2.951113 -0.008357346 0.05408045
v 2.884401 -0.1536553 0.06236349
v 2.923073 0.01544005 0.09885464
v 2.857617 -0.1439975 0.1062975
v 2.881762 0.03035134 0.1274017
v 2.813725 -0.1281584 0.1301263
v 2.832555 0.04810476 0.1301636
v 2.764555 -0.1104079 0.1274384
v 2.788688 0.06393975 0.106419
v 2.723229 -0.0954957 0.09897035
v 2.731772 0.04899001 0.06980054
v 2.700814 -0.08740449 0.05230682
v 2.738038 0.0588972 0.0008339628
v 2.710261 -0.1019102 0.008440778
v 2.766851 -0.1112278 -0.05544851
v 2.756357 -0.04591382 -0.03692225
v 2.796081 -0.06024736 -0.05818736
v 2.729712 -0.09782255 -0.02946618
v 2.811239 -0.1272427 -0.05820578
v 2.840434 -0.07625967 -0.05549467
v 2.850934 -0.1415713 -0.03701831
v 2.877585 -0.08966503 -0.02958317
v 2.87537 -0.1503965 0.002468571
v 2.897586 -0.09688342 0.01264451
v 2.877963 -0.1513318 0.04965507
v 2.895054 -0.09598106 0.05980216
v 2.858028 -0.1441439 0.09185433
v 2.870682 -0.08718598 0.09930027
v 2.820889 -0.1307439 0.1178345
v 2.830958 -0.07284606 0.1205624
v 2.776507 -0.1147198 0.1205943
v 2.786599 -0.05684337 0.1178725
v 2.736814 -0.100398 0.09940426
v 2.749448 -0.04343188 0.09196166
v 2.712375 -0.09157759 0.05992263
v 2.729449 -0.03620768 0.0497288
v 2.709782 -0.09063184 0.01273446
v 2.731982 -0.03712308 0.002571262
v 2.783203 -0.05559689 -0.06849878
v 2.697301 -0.1608153 -0.05480846
v 2.747524 -0.1789453 -0.08194766
v 2.740369 -0.04014212 -0.03901729
v 2.834161 -0.0739947 -0.07126451
v 2.814035 -0.1811218 -0.08847141
v 2.879554 -0.09037507 -0.04658367
v 2.829461 -0.2304042 -0.03325749
v 2.907287 -0.100384 -0.001047757
v 2.861993 -0.2339424 0.009134045
v 2.909886 -0.1013358 0.05313382
v 2.859466 -0.2330296 0.06328452
v 2.886671 -0.09295705 0.1013924
v 2.831806 -0.2230546 0.1088386
v 2.843837 -0.07749695 0.1308768
v 2.801157 -0.1765007 0.1544992
v 2.792872 -0.05910736 0.1336394
v 2.736316 -0.1749104 0.1411278
v 2.747478 -0.04272157 0.1089591
v 2.692607 -0.1728162 0.1015157
v 2.719749 -0.03270745 0.06341939
v 2.669313 -0.1644084 0.05323285
v 2.717149 -0.03177044 0.009240789
v 2.671842 -0.1653096 -0.0009173175
v 2.756357 -0.04591382 -0.03692225
v 2.731982 -0.03712308 0.002571262
v 2.729449 -0.03620768 0.0497288
v 2.749448 -0.04343188 0.09196166
v 2.786599 -0.05684337 0.1178725
v 2.830958 -0.07284606 0.1205624
v 2.870682 -0.08718598 0.09930027
v 2.895054 -0.09598106 0.05980216
v 2.897586 -0.09688342 0.01264451
v 2.877585 -0.08966503 -0.02958317
v 2.840434 -0.07625967 -0.05549467
v 2.796081 -0.06024736 -0.05818736
v 2.788688 0.06393975 0.106419
v 2.738038 0.0588972 0.0008339628
v 2.797224 0.07197541 -0.03104626
v 2.731772 0.04899001 0.06980054
v 2.832555 0.04810476 0.1301636
v 2.822891 0.05161363 -0.06499428
v 2.881762 0.03035134 0.1274017
v 2.872092 0.03384882 -0.06775822
v 2.923073 0.01544005 0.09885464
v 2.91596 0.0180214 -0.04401079
v 2.951113 -0.008357346 0.05408045
v 2.950209 -0.0298363 -0.007395251
v 2.724185 -0.08637506 -0.04597684
v 2.709782 -0.09063184 0.01273446
v 2.729712 -0.09782255 -0.02946618
v 2.710261 -0.1019102 0.008440778
v 2.712375 -0.09157759 0.05992263
v 2.700814 -0.08740449 0.05230682
v 2.736814 -0.100398 0.09940426
v 2.723229 -0.0954957 0.09897035
v 2.776507 -0.1147198 0.1205943
v 2.764555 -0.1104079 0.1274384
v 2.820889 -0.1307439 0.1178345
v 2.813725 -0.1281584 0.1301263
v 2.858028 -0.1441439 0.09185433
v 2.857617 -0.1439975 0.1062975
v 2.877963 -0.1513318 0.04965507
v 2.884401 -0.1536553 0.06236349
v 2.87537 -0.1503965 0.002468571
v 2.88693 -0.1545689 0.01008342
v 2.850934 -0.1415713 -0.03701831
v 2.864518 -0.1464743 -0.03658284
v 2.811239 -0.1272427 -0.05820578
v 2.823193 -0.1315551 -0.06505252
v 2.766851 -0.1112278 -0.05544851
v 2.774015 -0.1138136 -0.06773816
v 2.751239 -0.00924474 0.03040651
v 2.749943 -0.008777797 0.03279654
v 2.749941 -0.008776784 0.0296115
v 2.75124 -0.009245813 0.03199855
v 2.748645 -0.008309782 0.03200153
v 2.748644 -0.008308768 0.03040854
v 2.752647 -0.0090608 0.06077591
v 2.74882 -0.009059787 0.01661125
v 2.775854 -0.009728789 0.09490624
v 2.793021 -0.01039577 0.1054055
v 2.792964 -0.01039475 -0.04296898
v 2.766844 -0.009726822 -0.02239547
v 2.749091 -0.01891279 0.06077484
v 2.765954 -0.01891178 -0.02672921
v 2.815968 -0.01958078 0.1171257
v 2.896128 -0.02024779 0.08913766
v 2.912996 -0.02024674 0.00162998
v 2.846116 -0.01957878 -0.05472208

vn -0.8913779 0.3335819 0.3068706
vn 0.2829599 0.68728 0.6690143
vn -0.4015407 0.2195118 0.8891458
vn -0.2595917 0.7943368 -0.5492199
vn -0.1715112 -0.4277896 0.8874576
vn 0.7487506 -0.35859 0.5574827
vn 0.1808346 -0.9458197 0.2696758
vn 0.3699078 -0.9053652 0.2085259
vn 0.7086055 -0.4853365 0.5121797
vn 0.9447253 0.3061518 0.1173299
vn 0.8872129 0.2874879 0.360839
vn -0.7665902 -0.2903176 0.5727621
vn -0.4886992 -0.8619733 0.1348192
vn -0.7267562 -0.3983135 0.5596186
vn -0.02203456 -0.8525854 -0.5221234
vn 0.7654124 -0.4598428 0.4502108
vn 0.945045 -0.3200818 -0.06662389
vn 0.3703428 -0.6455032 0.6679619
vn 0.9289377 0.3472031 0.128553
vn 0.8691393 0.3248273 0.3729411
vn 0.309561 0.9364092 -0.1652594
vn 0.2990255 0.5629319 0.770514
vn -0.302085 0.882733 0.3598992
vn -0.1623751 0.4744544 0.8651749
vn -0.7243411 0.5023212 0.4722331
vn -0.8750712 0.2573308 0.4099173
vn -0.2581271 -0.537939 0.802492
vn -0.8012267 -0.1890721 0.5677048
vn -0.7878569 -0.6116859 -0.07157422
vn -0.9606933 -0.2267026 0.1602359
vn 0.7770938 -0.191201 -0.59964
vn 0.4039159 0.5344672 0.7424265
vn 0.1362975 0.5448732 -0.8273678
vn 0.7261565 -0.6791624 0.10694
vn 0.2188843 -0.5288123 -0.8200289
vn 0.4227039 -0.4547238 0.7839317
vn 0.5732103 -0.7745876 0.2672924
vn 0.09039976 -0.612374 -0.7853827
vn -0.618594 0.7517987 -0.2283448
vn -0.2594557 0.4885101 0.8330912
vn -0.1852583 0.5416796 0.8199163
vn -0.5760236 0.3425822 -0.7421829
vn 0.5033101 -0.3886275 0.7717828
vn 0.4530263 0.4896205 0.7450096
vn 0.7179875 0.6901623 0.09039317
vn -0.3230764 -0.5552688 0.7663547
vn 0.7045471 0.5030589 0.5005454
vn -0.3425012 -0.3509747 0.8714992
vn 0.07938577 -0.6150278 -0.7844992
vn -0.6571935 -0.3807512 -0.6504812
vn 0.02652531 0.7199662 -0.693503
vn 0.30417 0.5869341 -0.7503268
vn -0.3580827 1.113045E-07 -0.9336904
vn -0.8827822 -0.4446021 -0.1517423
vn 0.6644692 0.7071062 -0.2418316
vn 0.7566524 0.6535618 -0.01830548
vn -0.3870743 0.5580867 0.7339706
vn -0.6345868 0.6857608 0.3564159
vn 0.920908 0.3825027 0.07497438
vn 0.6346667 0.6858673 -0.3560694
vn -0.7562985 0.6539534 0.01893262
vn 0.5238611 0.5344498 -0.6632753
vn -0.8564182 0.4469803 -0.2583752
vn 0.004417312 0.3255377 -0.9455193
vn -0.9080604 0.1198244 -0.4013346
vn 0.2572162 -0.141412 -0.9559514
vn -0.8972069 -0.2389293 -0.371394
vn 0.4937748 -0.4460947 -0.7464491
vn -0.8269975 -0.5337295 -0.17666
vn 0.5938958 -0.653615 -0.4691223
vn -0.7159605 -0.6857383 0.1310134
vn 0.7157597 -0.6858944 -0.1312924
vn -0.5941319 -0.6539033 0.4684217
vn 0.8266539 -0.5345126 0.1758999
vn -0.4940935 -0.4469503 0.7457266
vn 0.6071743 -0.325565 0.724809
vn -0.4425028 -0.1198265 0.8887259
vn 0.7236357 0.2295124 0.6509042
vn -0.613252 0.1399386 0.777393
vn -0.5938952 0.6536121 0.4691271
vn 0.827 0.533715 0.1766927
vn 0.7159582 0.6857397 -0.1310187
vn -0.4937738 0.4461023 0.7464454
vn -0.715752 0.6858975 0.1313184
vn 0.5941309 0.6538961 -0.4684331
vn -0.8266534 0.5345032 -0.1759309
vn 0.4940913 0.4469373 -0.7457359
vn -0.8971378 0.2396463 -0.3710993
vn 0.4425102 0.1198229 -0.8887228
vn -0.9080597 -0.1194662 -0.401443
vn 0.4531971 -0.238938 -0.8587909
vn -0.8567079 -0.4460689 -0.2589881
vn 0.5234684 -0.5337748 -0.6641278
vn -0.7566494 -0.6535653 0.01830794
vn 0.634585 -0.685765 -0.356411
vn -0.6346717 -0.6858674 0.3560603
vn 0.7562995 -0.6539522 -0.01893659
vn -0.5238621 -0.5344549 0.6632704
vn 0.8564113 -0.4469893 0.2583825
vn -0.4534336 -0.2396467 0.8584687
vn 0.9080607 -0.1198277 0.401333
vn -0.4423775 0.1194715 0.888836
vn 0.8972085 0.2389324 0.371388
vn 0.7566465 0.6535682 -0.0183218
vn -0.3531943 0.6318233 0.6899662
vn -0.4847237 0.8117548 0.325726
vn 0.8567023 0.446068 0.2590084
vn 0.634672 0.6858704 -0.3560537
vn -0.4158597 0.8882814 -0.1949818
vn 0.5238442 0.5344604 -0.6632802
vn -0.9137704 0.3776585 -0.1496632
vn 0.4534212 0.2396499 -0.8584744
vn -0.9080666 0.1198286 -0.4013193
vn 0.4423408 -0.1194744 -0.8888539
vn -0.8972104 -0.2389299 -0.3713853
vn 0.4937735 -0.4460935 -0.7464508
vn -0.826998 -0.5337189 -0.1766899
vn 0.5938925 -0.6536158 -0.4691254
vn -0.3610701 -0.9315603 -0.04271579
vn 0.7157584 -0.6858919 -0.1313125
vn -0.4368424 -0.7740147 0.4583352
vn 0.8266616 -0.5344899 0.1759328
vn -0.4940753 -0.4469422 0.7457436
vn 0.8971457 -0.2396331 0.3710887
vn -0.4424901 -0.1198153 0.8887337
vn 0.9080516 0.1194683 0.4014607
vn -0.4532103 0.2389393 0.8587835
vn 0.827 0.533715 0.1766927
vn 0.8972085 0.2389324 0.371388
vn 0.9080607 -0.1198277 0.401333
vn 0.8564113 -0.4469893 0.2583825
vn 0.7562995 -0.6539522 -0.01893659
vn 0.634585 -0.685765 -0.356411
vn 0.5234684 -0.5337748 -0.6641278
vn 0.4531971 -0.238938 -0.8587909
vn 0.4425102 0.1198229 -0.8887228
vn 0.4940913 0.4469373 -0.7457359
vn 0.5941309 0.6538961 -0.4684331
vn 0.7159582 0.6857397 -0.1310187
vn 0.8266539 -0.5345126 0.1758999
vn 0.7236357 0.2295124 0.6509042
vn 0.920908 0.3825027 0.07497438
vn 0.6071743 -0.325565 0.724809
vn 0.7157597 -0.6858944 -0.1312924
vn 0.7566524 0.6535618 -0.01830548
vn 0.5938958 -0.653615 -0.4691223
vn 0.6346667 0.6858673 -0.3560694
vn 0.4937748 -0.4460947 -0.7464491
vn 0.5238611 0.5344498 -0.6632753
vn 0.2572162 -0.141412 -0.9559514
vn 0.004417312 0.3255377 -0.9455193
vn -0.3870743 0.5580867 0.7339706
vn -0.4423775 0.1194715 0.888836
vn -0.4937738 0.4461023 0.7464454
vn -0.613252 0.1399386 0.777393
vn -0.4534336 -0.2396467 0.8584687
vn -0.4425028 -0.1198265 0.8887259
vn -0.5238621 -0.5344549 0.6632704
vn -0.4940935 -0.4469503 0.7457266
vn -0.6346717 -0.6858674 0.3560603
vn -0.5941319 -0.6539033 0.4684217
vn -0.7566494 -0.6535653 0.01830794
vn -0.7159605 -0.6857383 0.1310134
vn -0.8567079 -0.4460689 -0.2589881
vn -0.8269975 -0.5337295 -0.17666
vn -0.9080597 -0.1194662 -0.401443
vn -0.8972069 -0.2389293 -0.371394
vn -0.8971378 0.2396463 -0.3710993
vn -0.9080604 0.1198244 -0.4013346
vn -0.8266534 0.5345032 -0.1759309
vn -0.8564182 0.4469803 -0.2583752
vn -0.715752 0.6858975 0.1313184
vn -0.7562985 0.6539534 0.01893262
vn -0.5938952 0.6536121 0.4691271
vn -0.6345868 0.6857608 0.3564159
vn -8.74228E-08 -1.192093E-07 1
vn -8.74228E-08 -1.192093E-07 1
vn -8.74228E-08 -1.192093E-07 1
vn -8.74228E-08 -1.192093E-07 1
vn -8.74228E-08 -1.192093E-07 1
vn -8.74228E-08 -1.192093E-07 1
vn -8.238585E-08 -0.3345336 0.9423844
vn -8.632004E-08 0.1583329 0.9873862
vn -6.042097E-08 -0.7227258 0.6911358
vn -4.466687E-08 -0.8596231 0.5109299
vn -4.472297E-08 0.8592413 0.5115707
vn -6.968401E-08 0.6038582 0.7970918
vn -8.238585E-08 -0.3345337 0.9423844
vn -6.504032E-08 0.6682084 0.7439742
vn -1.550632E-08 -0.9841443 0.1773722
vn 6.503704E-08 -0.6682503 -0.7439367
vn 8.238616E-08 0.3345234 -0.942388
vn 1.550473E-08 0.9841475 -0.1773539

vt 0.037289 0.452003
vt 0.032264 0.45989
vt 0.036244 0.458889
vt 0.033233 0.452977
vt 0.035877 0.456172
vt 0.03125 0.457057
vt 0.035516 0.456009
vt 0.036543 0.449089
vt 0.032196 0.450108
vt 0.032039 0.450403
vt 0.031096 0.457351
vt 0.036262 0.457012
vt 0.036911 0.449257
vt 0.037304 0.450108
vt 0.025884 0.416526
vt 0.02193 0.426728
vt 0.023086 0.41748
vt 0.024656 0.425755
vt 0.021797 0.427063
vt 0.02295 0.417818
vt 0.024818 0.421106
vt 0.023609 0.430281
vt 0.025231 0.421255
vt 0.024011 0.430423
vt 0.026949 0.429349
vt 0.028247 0.4202
vt 0.026759 0.42705
vt 0.027233 0.428871
vt 0.028047 0.417864
vt 0.028537 0.419718
vt 0.4954 0.138063
vt 0.493499 0.14725
vt 0.493744 0.144356
vt 0.495081 0.14169
vt 0.498826 0.136282
vt 0.501743 0.139474
vt 0.512683 0.1377
vt 0.513194 0.134032
vt 0.500354 0.13968
vt 0.503038 0.142346
vt 0.513242 0.13891
vt 0.513759 0.135251
vt 0.496671 0.13082
vt 0.501675 0.142891
vt 0.493414 0.141136
vt 0.504207 0.137262
vt 0.507609 0.151312
vt 0.509016 0.150812
vt 0.497307 0.12374
vt 0.504959 0.130656
vt 0.502366 0.136498
vt 0.493964 0.134486
vt 0.50837 0.145427
vt 0.5098 0.144933
vt 0.50837 0.145427
vt 0.027403 0.080323
vt 0.043648 0.085163
vt 0.043783 0.084634
vt 0.027756 0.080994
vt 0.027987 0.075796
vt 0.044754 0.080324
vt 0.029395 0.068525
vt 0.046325 0.073286
vt 0.031214 0.060695
vt 0.048024 0.065629
vt 0.032876 0.054734
vt 0.049326 0.059718
vt 0.033901 0.052298
vt 0.04987 0.057201
vt 0.034057 0.053785
vt 0.049562 0.058512
vt 0.033374 0.058512
vt 0.048546 0.063028
vt 0.032063 0.065166
vt 0.047105 0.069487
vt 0.030442 0.072177
vt 0.04558 0.07636
vt 0.028879 0.07794
vt 0.044322 0.082066
vt 0.674952 0.978912
vt 0.689316 0.983135
vt 0.689724 0.982874
vt 0.674863 0.979269
vt 0.675512 0.976426
vt 0.690534 0.980535
vt 0.676402 0.972436
vt 0.691527 0.976702
vt 0.677363 0.968108
vt 0.692409 0.97249
vt 0.678106 0.964735
vt 0.692919 0.969157
vt 0.678427 0.963251
vt 0.692925 0.967625
vt 0.678262 0.963951
vt 0.692453 0.968211
vt 0.677682 0.966527
vt 0.691651 0.970642
vt 0.676849 0.970263
vt 0.69073 0.974242
vt 0.675964 0.974248
vt 0.689912 0.978128
vt 0.67524 0.977531
vt 0.689394 0.981369
vt 0.066652 0.797061
vt 0.071391 0.798851
vt 0.072305 0.798539
vt 0.065904 0.797422
vt 0.068188 0.792671
vt 0.073974 0.794226
vt 0.070101 0.785305
vt 0.075941 0.786945
vt 0.071802 0.777179
vt 0.077599 0.778885
vt 0.072765 0.770825
vt 0.078438 0.772553
vt 0.072745 0.768021
vt 0.078253 0.769723
vt 0.071825 0.769257
vt 0.077175 0.770898
vt 0.070309 0.773896
vt 0.075546 0.775461
vt 0.068589 0.780634
vt 0.073783 0.782127
vt 0.067062 0.787881
vt 0.07229 0.789322
vt 0.066079 0.793989
vt 0.071411 0.795407
vt 0.066903 0.79313
vt 0.067007 0.790772
vt 0.067699 0.786444
vt 0.068791 0.781256
vt 0.07002 0.77645
vt 0.071091 0.773203
vt 0.071722 0.772421
vt 0.071714 0.774467
vt 0.071032 0.778918
vt 0.069854 0.78454
vt 0.068529 0.789659
vt 0.067448 0.792782
vt 0.035297 0.771219
vt 0.032113 0.783993
vt 0.03099 0.787047
vt 0.033676 0.77823
vt 0.036608 0.764565
vt 0.030637 0.786376
vt 0.037291 0.759838
vt 0.03122 0.78185
vt 0.037135 0.758351
vt 0.032629 0.774578
vt 0.03611 0.760787
vt 0.034448 0.766748
vt 0.046882 0.791216
vt 0.048109 0.785648
vt 0.047605 0.787968
vt 0.047555 0.788119
vt 0.049076 0.781264
vt 0.048814 0.782413
vt 0.050256 0.775944
vt 0.050339 0.77554
vt 0.051369 0.770955
vt 0.05178 0.769081
vt 0.052143 0.767516
vt 0.052796 0.764565
vt 0.052363 0.766581
vt 0.053103 0.763254
vt 0.051935 0.768563
vt 0.05256 0.765771
vt 0.050943 0.773066
vt 0.051258 0.771682
vt 0.04966 0.778846
vt 0.049559 0.779339
vt 0.048471 0.784173
vt 0.047988 0.786377
vt 0.047723 0.787491
vt 0.047016 0.790687
vt 0.179534 0.72429
vt 0.179786 0.723695
vt 0.179367 0.725167
vt 0.179744 0.723554
vt 0.179619 0.72457
vt 0.17941 0.725305
vt 0.180203 0.72479
vt 0.179906 0.725839
vt 0.180441 0.723544
vt 0.180384 0.723342
vt 0.180086 0.724392
vt 0.179847 0.725643
vt 0.186038 0.72645
vt 0.185754 0.727496
vt 0.186282 0.725212
vt 0.186243 0.725016
vt 0.185959 0.726064
vt 0.185714 0.727307
f 3582/3582/3582 3581/3581/3581 3583/3583/3583
f 3584/3584/3584 3581/3581/3581 3582/3582/3582
f 3582/3582/3582 3583/3583/3583 3585/3585/3585
f 3582/3582/3582 3585/3585/3585 3586/3586/3586
f 3586/3586/3586 3585/3585/3585 3587/3587/3587
f 3587/3587/3587 3588/3588/3588 3586/3586/3586
f 3586/3586/3586 3588/3588/3588 3589/3589/3589
f 3590/3590/3590 3586/3586/3586 3589/3589/3589
f 3589/3589/3589 3584/3584/3584 3590/3590/3590
f 3582/3582/3582 3590/3590/3590 3584/3584/3584
f 3591/3591/3591 3586/3586/3586 3590/3590/3590
f 3586/3586/3586 3591/3591/3591 3582/3582/3582
f 3591/3591/3591 3590/3590/3590 3582/3582/3582
f 3585/3585/3585 3583/3583/3583 3592/3592/3592
f 3583/3583/3583 3581/3581/3581 3592/3592/3592
f 3593/3593/3593 3589/3589/3589 3588/3588/3588
f 3584/3584/3584 3589/3589/3589 3593/3593/3593
f 3593/3593/3593 3581/3581/3581 3584/3584/3584
f 3587/3587/3587 3593/3593/3593 3588/3588/3588
f 3585/3585/3585 3593/3593/3593 3587/3587/3587
f 3594/3594/3594 3581/3581/3581 3593/3593/3593
f 3585/3585/3585 3594/3594/3594 3593/3593/3593
f 3592/3592/3592 3594/3594/3594 3585/3585/3585
f 3592/3592/3592 3581/3581/3581 3594/3594/3594
f 3596/3596/3596 3595/3595/3595 3597/3597/3597
f 3598/3598/3598 3595/3595/3595 3596/3596/3596
f 3596/3596/3596 3597/3597/3597 3599/3599/3599
f 3599/3599/3599 3597/3597/3597 3600/3600/3600
f 3600/3600/3600 3601/3601/3601 3599/3599/3599
f 3597/3597/3597 3601/3601/3601 3600/3600/3600
f 3595/3595/3595 3601/3601/3601 3597/3597/3597
f 3599/3599/3599 3601/3601/3601 3602/3602/3602
f 3596/3596/3596 3602/3602/3602 3598/3598/3598
f 3599/3599/3599 3602/3602/3602 3596/3596/3596
f 3601/3601/3601 3603/3603/3603 3602/3602/3602
f 3602/3602/3602 3603/3603/3603 3604/3604/3604
f 3604/3604/3604 3603/3603/3603 3605/3605/3605
f 3605/3605/3605 3603/3603/3603 3606/3606/3606
f 3602/3602/3602 3607/3607/3607 3598/3598/3598
f 3604/3604/3604 3607/3607/3607 3602/3602/3602
f 3607/3607/3607 3595/3595/3595 3598/3598/3598
f 3604/3604/3604 3608/3608/3608 3607/3607/3607
f 3605/3605/3605 3608/3608/3608 3604/3604/3604
f 3605/3605/3605 3606/3606/3606 3608/3608/3608
f 3601/3601/3601 3609/3609/3609 3603/3603/3603
f 3595/3595/3595 3609/3609/3609 3601/3601/3601
f 3608/3608/3608 3609/3609/3609 3607/3607/3607
f 3609/3609/3609 3595/3595/3595 3607/3607/3607
f 3603/3603/3603 3610/3610/3610 3606/3606/3606
f 3609/3609/3609 3610/3610/3610 3603/3603/3603
f 3608/3608/3608 3606/3606/3606 3610/3610/3610
f 3610/3610/3610 3609/3609/3609 3608/3608/3608
f 3612/3612/3612 3611/3611/3611 3613/3613/3613
f 3614/3614/3614 3611/3611/3611 3612/3612/3612
f 3611/3611/3611 3614/3614/3614 3615/3615/3615
f 3611/3611/3611 3615/3615/3615 3613/3613/3613
f 3615/3615/3615 3614/3614/3614 3616/3616/3616
f 3614/3614/3614 3612/3612/3612 3616/3616/3616
f 3616/3616/3616 3617/3617/3617 3615/3615/3615
f 3615/3615/3615 3617/3617/3617 3618/3618/3618
f 3619/3619/3619 3612/3612/3612 3613/3613/3613
f 3613/3613/3613 3615/3615/3615 3619/3619/3619
f 3620/3620/3620 3612/3612/3612 3619/3619/3619
f 3616/3616/3616 3612/3612/3612 3620/3620/3620
f 3620/3620/3620 3619/3619/3619 3621/3621/3621
f 3621/3621/3621 3616/3616/3616 3620/3620/3620
f 3617/3617/3617 3616/3616/3616 3621/3621/3621
f 3621/3621/3621 3619/3619/3619 3622/3622/3622
f 3622/3622/3622 3615/3615/3615 3618/3618/3618
f 3619/3619/3619 3615/3615/3615 3622/3622/3622
f 3624/3624/3624 3623/3623/3623 3625/3625/3625
f 3626/3626/3626 3623/3623/3623 3624/3624/3624
f 3627/3627/3627 3626/3626/3626 3624/3624/3624
f 3628/3628/3628 3626/3626/3626 3627/3627/3627
f 3623/3623/3623 3626/3626/3626 3629/3629/3629
f 3629/3629/3629 3625/3625/3625 3623/3623/3623
f 3629/3629/3629 3626/3626/3626 3630/3630/3630
f 3631/3631/3631 3629/3629/3629 3630/3630/3630
f 3624/3624/3624 3625/3625/3625 3631/3631/3631
f 3624/3624/3624 3631/3631/3631 3627/3627/3627
f 3632/3632/3632 3629/3629/3629 3631/3631/3631
f 3632/3632/3632 3625/3625/3625 3629/3629/3629
f 3631/3631/3631 3625/3625/3625 3632/3632/3632
f 3630/3630/3630 3633/3633/3633 3631/3631/3631
f 3634/3634/3634 3633/3633/3633 3630/3630/3630
f 3626/3626/3626 3634/3634/3634 3630/3630/3630
f 3628/3628/3628 3634/3634/3634 3626/3626/3626
f 3627/3627/3627 3631/3631/3631 3635/3635/3635
f 3637/3637/3637 3636/3636/3636 3638/3638/3638
f 3639/3639/3639 3636/3636/3636 3637/3637/3637
f 3636/3636/3636 3640/3640/3640 3638/3638/3638
f 3638/3638/3638 3640/3640/3640 3641/3641/3641
f 3640/3640/3640 3642/3642/3642 3641/3641/3641
f 3641/3641/3641 3642/3642/3642 3643/3643/3643
f 3642/3642/3642 3644/3644/3644 3643/3643/3643
f 3643/3643/3643 3644/3644/3644 3645/3645/3645
f 3644/3644/3644 3646/3646/3646 3645/3645/3645
f 3645/3645/3645 3646/3646/3646 3647/3647/3647
f 3646/3646/3646 3648/3648/3648 3647/3647/3647
f 3647/3647/3647 3648/3648/3648 3649/3649/3649
f 3648/3648/3648 3650/3650/3650 3649/3649/3649
f 3649/3649/3649 3650/3650/3650 3651/3651/3651
f 3650/3650/3650 3652/3652/3652 3651/3651/3651
f 3651/3651/3651 3652/3652/3652 3653/3653/3653
f 3652/3652/3652 3654/3654/3654 3653/3653/3653
f 3653/3653/3653 3654/3654/3654 3655/3655/3655
f 3654/3654/3654 3656/3656/3656 3655/3655/3655
f 3655/3655/3655 3656/3656/3656 3657/3657/3657
f 3656/3656/3656 3658/3658/3658 3657/3657/3657
f 3657/3657/3657 3658/3658/3658 3659/3659/3659
f 3659/3659/3659 3658/3658/3658 3637/3637/3637
f 3637/3637/3637 3658/3658/3658 3639/3639/3639
f 3661/3661/3661 3660/3660/3660 3662/3662/3662
f 3663/3663/3663 3660/3660/3660 3661/3661/3661
f 3660/3660/3660 3664/3664/3664 3662/3662/3662
f 3662/3662/3662 3664/3664/3664 3665/3665/3665
f 3664/3664/3664 3666/3666/3666 3665/3665/3665
f 3665/3665/3665 3666/3666/3666 3667/3667/3667
f 3666/3666/3666 3668/3668/3668 3667/3667/3667
f 3667/3667/3667 3668/3668/3668 3669/3669/3669
f 3668/3668/3668 3670/3670/3670 3669/3669/3669
f 3669/3669/3669 3670/3670/3670 3671/3671/3671
f 3670/3670/3670 3672/3672/3672 3671/3671/3671
f 3671/3671/3671 3672/3672/3672 3673/3673/3673
f 3672/3672/3672 3674/3674/3674 3673/3673/3673
f 3673/3673/3673 3674/3674/3674 3675/3675/3675
f 3674/3674/3674 3676/3676/3676 3675/3675/3675
f 3675/3675/3675 3676/3676/3676 3677/3677/3677
f 3676/3676/3676 3678/3678/3678 3677/3677/3677
f 3677/3677/3677 3678/3678/3678 3679/3679/3679
f 3678/3678/3678 3680/3680/3680 3679/3679/3679
f 3679/3679/3679 3680/3680/3680 3681/3681/3681
f 3680/3680/3680 3682/3682/3682 3681/3681/3681
f 3681/3681/3681 3682/3682/3682 3683/3683/3683
f 3682/3682/3682 3663/3663/3663 3683/3683/3683
f 3683/3683/3683 3663/3663/3663 3661/3661/3661
f 3685/3685/3685 3684/3684/3684 3686/3686/3686
f 3687/3687/3687 3684/3684/3684 3685/3685/3685
f 3684/3684/3684 3688/3688/3688 3686/3686/3686
f 3686/3686/3686 3688/3688/3688 3689/3689/3689
f 3688/3688/3688 3690/3690/3690 3689/3689/3689
f 3689/3689/3689 3690/3690/3690 3691/3691/3691
f 3691/3691/3691 3686/3686/3686 3689/3689/3689
f 3685/3685/3685 3686/3686/3686 3691/3691/3691
f 3690/3690/3690 3692/3692/3692 3691/3691/3691
f 3691/3691/3691 3692/3692/3692 3693/3693/3693
f 3692/3692/3692 3694/3694/3694 3693/3693/3693
f 3693/3693/3693 3694/3694/3694 3695/3695/3695
f 3694/3694/3694 3696/3696/3696 3695/3695/3695
f 3695/3695/3695 3696/3696/3696 3697/3697/3697
f 3696/3696/3696 3698/3698/3698 3697/3697/3697
f 3697/3697/3697 3698/3698/3698 3699/3699/3699
f 3698/3698/3698 3700/3700/3700 3699/3699/3699
f 3699/3699/3699 3700/3700/3700 3701/3701/3701
f 3701/3701/3701 3697/3697/3697 3699/3699/3699
f 3700/3700/3700 3702/3702/3702 3701/3701/3701
f 3701/3701/3701 3702/3702/3702 3703/3703/3703
f 3703/3703/3703 3697/3697/3697 3701/3701/3701
f 3703/3703/3703 3695/3695/3695 3697/3697/3697
f 3702/3702/3702 3704/3704/3704 3703/3703/3703
f 3703/3703/3703 3704/3704/3704 3705/3705/3705
f 3705/3705/3705 3695/3695/3695 3703/3703/3703
f 3705/3705/3705 3693/3693/3693 3695/3695/3695
f 3704/3704/3704 3706/3706/3706 3705/3705/3705
f 3705/3705/3705 3706/3706/3706 3707/3707/3707
f 3707/3707/3707 3693/3693/3693 3705/3705/3705
f 3706/3706/3706 3687/3687/3687 3707/3707/3707
f 3707/3707/3707 3687/3687/3687 3685/3685/3685
f 3685/3685/3685 3691/3691/3691 3707/3707/3707
f 3707/3707/3707 3691/3691/3691 3693/3693/3693
f 3706/3706/3706 3708/3708/3708 3687/3687/3687
f 3709/3709/3709 3708/3708/3708 3706/3706/3706
f 3704/3704/3704 3709/3709/3709 3706/3706/3706
f 3710/3710/3710 3709/3709/3709 3704/3704/3704
f 3702/3702/3702 3710/3710/3710 3704/3704/3704
f 3711/3711/3711 3710/3710/3710 3702/3702/3702
f 3700/3700/3700 3711/3711/3711 3702/3702/3702
f 3712/3712/3712 3711/3711/3711 3700/3700/3700
f 3698/3698/3698 3712/3712/3712 3700/3700/3700
f 3713/3713/3713 3712/3712/3712 3698/3698/3698
f 3696/3696/3696 3713/3713/3713 3698/3698/3698
f 3714/3714/3714 3713/3713/3713 3696/3696/3696
f 3694/3694/3694 3714/3714/3714 3696/3696/3696
f 3715/3715/3715 3714/3714/3714 3694/3694/3694
f 3692/3692/3692 3715/3715/3715 3694/3694/3694
f 3716/3716/3716 3715/3715/3715 3692/3692/3692
f 3690/3690/3690 3716/3716/3716 3692/3692/3692
f 3717/3717/3717 3716/3716/3716 3690/3690/3690
f 3688/3688/3688 3717/3717/3717 3690/3690/3690
f 3718/3718/3718 3717/3717/3717 3688/3688/3688
f 3684/3684/3684 3718/3718/3718 3688/3688/3688
f 3719/3719/3719 3718/3718/3718 3684/3684/3684
f 3687/3687/3687 3719/3719/3719 3684/3684/3684
f 3708/3708/3708 3719/3719/3719 3687/3687/3687
f 3721/3721/3721 3720/3720/3720 3722/3722/3722
f 3723/3723/3723 3720/3720/3720 3721/3721/3721
f 3724/3724/3724 3722/3722/3722 3720/3720/3720
f 3725/3725/3725 3722/3722/3722 3724/3724/3724
f 3726/3726/3726 3725/3725/3725 3724/3724/3724
f 3727/3727/3727 3725/3725/3725 3726/3726/3726
f 3728/3728/3728 3727/3727/3727 3726/3726/3726
f 3729/3729/3729 3727/3727/3727 3728/3728/3728
f 3730/3730/3730 3729/3729/3729 3728/3728/3728
f 3731/3731/3731 3729/3729/3729 3730/3730/3730
f 3733/3733/3733 3732/3732/3732 3734/3734/3734
f 3735/3735/3735 3732/3732/3732 3733/3733/3733
f 3736/3736/3736 3735/3735/3735 3733/3733/3733
f 3737/3737/3737 3735/3735/3735 3736/3736/3736
f 3738/3738/3738 3737/3737/3737 3736/3736/3736
f 3739/3739/3739 3737/3737/3737 3738/3738/3738
f 3740/3740/3740 3739/3739/3739 3738/3738/3738
f 3741/3741/3741 3739/3739/3739 3740/3740/3740
f 3742/3742/3742 3741/3741/3741 3740/3740/3740
f 3743/3743/3743 3741/3741/3741 3742/3742/3742
f 3744/3744/3744 3743/3743/3743 3742/3742/3742
f 3745/3745/3745 3743/3743/3743 3744/3744/3744
f 3746/3746/3746 3745/3745/3745 3744/3744/3744
f 3747/3747/3747 3745/3745/3745 3746/3746/3746
f 3748/3748/3748 3747/3747/3747 3746/3746/3746
f 3749/3749/3749 3747/3747/3747 3748/3748/3748
f 3750/3750/3750 3749/3749/3749 3748/3748/3748
f 3751/3751/3751 3749/3749/3749 3750/3750/3750
f 3752/3752/3752 3751/3751/3751 3750/3750/3750
f 3753/3753/3753 3751/3751/3751 3752/3752/3752
f 3754/3754/3754 3753/3753/3753 3752/3752/3752
f 3755/3755/3755 3753/3753/3753 3754/3754/3754
f 3734/3734/3734 3755/3755/3755 3754/3754/3754
f 3732/3732/3732 3755/3755/3755 3734/3734/3734
f 3757/3757/3757 3756/3756/3756 3758/3758/3758
f 3759/3759/3759 3756/3756/3756 3757/3757/3757
f 3757/3757/3757 3758/3758/3758 3760/3760/3760
f 3760/3760/3760 3758/3758/3758 3761/3761/3761
f 3761/3761/3761 3762/3762/3762 3760/3760/3760
f 3763/3763/3763 3762/3762/3762 3761/3761/3761
f 3758/3758/3758 3763/3763/3763 3761/3761/3761
f 3760/3760/3760 3764/3764/3764 3757/3757/3757
f 3762/3762/3762 3764/3764/3764 3760/3760/3760
f 3757/3757/3757 3765/3765/3765 3759/3759/3759
f 3764/3764/3764 3765/3765/3765 3757/3757/3757
f 3759/3759/3759 3766/3766/3766 3756/3756/3756
f 3765/3765/3765 3766/3766/3766 3759/3759/3759
f 3756/3756/3756 3767/3767/3767 3758/3758/3758
f 3766/3766/3766 3767/3767/3767 3756/3756/3756
f 3767/3767/3767 3763/3763/3763 3758/3758/3758
f 3763/3763/3763 3768/3768/3768 3762/3762/3762
f 3769/3769/3769 3768/3768/3768 3763/3763/3763
f 3767/3767/3767 3769/3769/3769 3763/3763/3763
f 3762/3762/3762 3770/3770/3770 3764/3764/3764
f 3768/3768/3768 3770/3770/3770 3762/3762/3762
f 3764/3764/3764 3771/3771/3771 3765/3765/3765
f 3770/3770/3770 3771/3771/3771 3764/3764/3764
f 3765/3765/3765 3772/3772/3772 3766/3766/3766
f 3771/3771/3771 3772/3772/3772 3765/3765/3765
f 3766/3766/3766 3773/3773/3773 3767/3767/3767
f 3772/3772/3772 3773/3773/3773 3766/3766/3766
f 3773/3773/3773 3769/3769/3769 3767/3767/3767
v 2.501149 -0.08631933 0.09225643
v 2.61203 -0.1706115 0.1483664
v 2.558783 -0.1785081 0.06799935
v 2.52868 -0.01668954 0.1296759
v 2.61034 -0.007307351 0.188334
v 2.711366 -0.08290932 0.1729705
v 2.660641 0.04093003 0.064717
v 2.73665 -0.1109102 0.07498471
v 2.519335 -0.04235619 0.01716399
v 2.594142 -0.2496212 0.03328082
v 2.78432 -0.1246269 0.09372869
v 2.709914 -0.1431466 -0.08927903
v 2.660504 -0.1945375 0.1665868
v 2.708741 0.01065367 0.05224483
v 2.64238 -0.04442859 -0.08106124
v 2.518564 -0.1143404 -0.008203633
v 2.708741 0.01065367 0.05224483
v 2.592969 -0.09581959 0.1748044
v 2.64238 -0.04442859 -0.08106124
v 2.709914 -0.1431466 -0.08927903
v 2.594142 -0.2496212 0.03328082
v 2.660504 -0.1945375 0.1665868
v 2.774171 -0.07198974 0.0340648
v 2.659816 -0.1521345 -0.04349012
v 2.723474 -0.08094668 0.1160607
v 2.712857 -0.1050762 -0.0713596
v 2.676029 0.05981964 0.06981272
v 2.636199 0.03865451 0.09960087
v 2.645841 0.003075898 -0.08402008
v 2.567405 0.01017243 -0.02770355
v 2.676029 0.05981964 0.06981272
v 2.636199 0.03865451 0.09960087
v 2.645841 0.003075898 -0.08402008
v 2.659816 -0.1521345 -0.04349012
v 2.712857 -0.1050762 -0.0713596
v 2.592969 -0.09581959 0.1748044
v 2.78432 -0.1246269 0.09372869
v 2.660504 -0.1945375 0.1665868
v 2.708741 0.01065367 0.05224483
v 2.561817 -0.03087553 0.1165872
v 2.599122 -0.1397336 0.1009841
v 2.631163 -0.119062 0.1195862
v 2.532526 -0.05002588 0.09318972
v 2.521016 -0.1130932 0.02667188
v 2.516829 -0.06122369 0.05561185
v 2.5112 -0.05286407 0.02328515
v 2.519298 -0.05969769 0.01331567
v 2.527259 -0.05805242 -0.02173729
v 2.53912 -0.04728836 -0.02208014
v 2.569151 -0.05567789 -0.05809119
v 2.57098 -0.02640384 -0.04061022
v 2.591642 -0.0006272792 -0.04102174
v 2.606311 -0.004122019 -0.0386623
v 2.630612 -0.04508159 -0.06176382
v 2.636544 0.01570731 -0.01467179
v 2.709759 -0.06891763 0.01335494
v 2.651373 0.02630407 0.02361793
v 2.71198 -0.06691211 0.0554487
v 2.64858 0.02506363 0.0657434
v 2.696168 -0.07668597 0.09354442
v 2.628613 0.01254755 0.1006393
v 2.666525 -0.09586948 0.1170327
v 2.597147 -0.008084953 0.1194849
v 2.606456 -0.001754343 0.1210489
v 2.569332 -0.02607441 0.1238835
v 2.671669 -0.1203923 0.1244481
v 2.705262 -0.0984056 0.1047353
v 2.637574 0.01836777 0.09653421
v 2.726097 -0.08538353 0.06729071
v 2.654685 0.0289517 0.05679507
v 2.728469 -0.08445272 0.02269952
v 2.652932 0.02718771 0.01223821
v 2.711923 -0.09576282 -0.01700713
v 2.632633 0.01346511 -0.02521729
v 2.680925 -0.1160516 -0.04158969
v 2.598879 -0.008344889 -0.04500852
v 2.643611 -0.1401328 -0.04448944
v 2.561537 -0.03282711 -0.04245695
v 2.610418 -0.1618667 -0.0244628
v 2.530158 -0.05311203 -0.01778658
v 2.589425 -0.1749989 0.01248643
v 2.513331 -0.06350243 0.02235937
v 2.586603 -0.1762044 0.05697844
v 2.515528 -0.06145906 0.0668242
v 2.60287 -0.1650828 0.09709046
v 2.535979 -0.0476349 0.1037805
v 2.634129 -0.1446338 0.1218302
v 2.679585 -0.1151185 0.1191546
v 2.64346 -0.1388068 0.1217074
v 2.611633 -0.02952248 0.1216537
v 2.64377 -0.008464694 0.1023512
v 2.709897 -0.09550822 0.09521096
v 2.664125 0.004287601 0.06666655
v 2.726098 -0.08550137 0.05632691
v 2.666924 0.005515516 0.02362889
v 2.723885 -0.08752257 0.01331655
v 2.651263 -0.005193055 -0.01521992
v 2.704032 -0.1009301 -0.02237602
v 2.621056 -0.02494246 -0.03922998
v 2.671732 -0.1217905 -0.04174734
v 2.584736 -0.04839009 -0.04184702
v 2.635827 -0.1453186 -0.03891134
v 2.55221 -0.06969851 -0.02286091
v 2.605782 -0.1647607 -0.01512698
v 2.531996 -0.08234769 0.01332497
v 2.589295 -0.1749674 0.02335259
v 2.529639 -0.08330306 0.05645907
v 2.591049 -0.173223 0.06645248
v 2.545587 -0.07240352 0.09490012
v 2.610754 -0.1599188 0.1026448
v 2.575537 -0.05281156 0.1187548
v 2.62163 -0.02267298 0.1264392
v 2.582292 -0.04843611 0.129272
v 2.658135 -0.08909386 0.1551575
v 2.607161 -0.1217098 0.1512027
v 2.703356 -0.05900681 0.1283514
v 2.654682 -0.001325846 0.1006093
v 2.732089 -0.0414004 0.07794087
v 2.672923 0.009944379 0.05858452
v 2.747235 -0.06577829 0.01872853
v 2.671194 0.008142829 0.01138872
v 2.730542 -0.1172917 -0.0192252
v 2.649812 -0.006334364 -0.02835566
v 2.697518 -0.1389235 -0.04558964
v 2.614162 -0.02940798 -0.04946469
v 2.649186 -0.1545371 -0.05960619
v 2.574604 -0.05532902 -0.04691616
v 2.593272 -0.1671256 -0.0438991
v 2.541295 -0.07684061 -0.02092739
v 2.60045 -0.2010845 0.01200601
v 2.523339 -0.08791327 0.0215032
v 2.597639 -0.2020329 0.05987832
v 2.525507 -0.08584011 0.06860459
v 2.600909 -0.1835074 0.108803
v 2.547036 -0.07126611 0.107846
v 2.621764 -0.1249256 0.1199947
v 2.65867 -0.101097 0.1226117
v 2.691704 -0.07946765 0.1032775
v 2.712217 -0.06663504 0.06648605
v 2.714579 -0.06569716 0.02265899
v 2.681301 -0.04685169 -0.04403658
v 2.591056 -0.1450099 0.09563635
v 2.588163 -0.1564864 0.03023574
v 2.55813 -0.00821346 0.121894
v 2.604763 0.006972253 0.1294298
v 2.656906 0.0166434 0.1087689
v 2.64209 0.04571569 0.05603667
v 2.640306 0.04379022 0.01154871
v 2.589458 0.008191228 -0.04026649
v 2.510583 -0.07939595 0.007901666
v 2.525006 -0.02933666 0.1015754
v 2.591909 -0.08871627 -0.06188081
v 2.537743 -0.03105351 -0.04107423
v 2.533328 -0.07626292 -0.04239317
v 2.593489 0.009009898 -0.03031776
v 2.650645 -0.09156814 -0.03798872
v 2.616578 0.01659733 -0.01036201
v 2.672847 -0.1006449 0.001615343
v 2.618932 0.02495277 0.01991316
v 2.684146 -0.06906813 0.0297659
v 2.613065 0.02183992 0.05920645
v 2.652587 -0.06059438 0.09810658
v 2.59856 -0.02854788 0.1123132
v 2.544284 -0.05851966 0.120105
v 2.570279 -0.06876636 0.1281124
v 2.521297 -0.04214942 0.1011925
v 2.499093 -0.03307563 0.06159378
v 2.488998 -0.05607343 0.02402819
v 2.508449 -0.06124502 -0.02350003
v 2.511438 -0.1072021 -0.0158583
v 2.553014 -0.1586723 0.04329823
v 2.529018 -0.1461271 0.02029442
v 2.614609 -0.1008266 0.1169877
v 2.571056 -0.1435912 0.09114979
v 2.555367 -0.1503149 0.07356953
v 2.548742 -0.1216087 -0.008043189
v 2.524087 -0.05530316 -0.02634681
v 2.514118 -0.04791462 0.01547098
v 2.549775 -0.08210176 -0.05095734
v 2.579336 -0.1419348 0.02532766
v 2.525418 -0.01633561 0.04362034
v 2.581686 -0.1335784 0.05559728
v 2.54762 -0.02541178 0.08322143
v 2.604768 -0.1259951 0.07554671
v 2.562587 -0.03114799 0.09606384
v 2.614165 -0.09323698 0.1015165
v 2.618657 -0.03661799 0.1086176
v 2.647419 0.003647208 0.08197828
v 2.667782 0.02821773 0.02593154
v 2.643791 0.04076016 0.00293822
v 2.641436 0.03240412 -0.02733504
v 2.580121 0.02106792 -0.0414413
v 2.546376 -0.02652553 -0.04548915
v 2.575529 -0.04906243 -0.07271502
v 2.652519 -0.05939192 -0.07387257
v 2.67551 -0.0757612 -0.0549577
v 2.697707 -0.08483845 -0.01536102
v 2.705142 -0.0702523 0.02927702
v 2.649599 -0.06096923 0.0951912
v 2.623708 -0.1308169 -0.02344649
v 2.644992 -0.1341429 0.03403826
v 2.663914 -0.1115001 0.0534404
v 2.591276 -0.1250839 -0.03620932
v 2.564289 -0.07439899 -0.05794266
v 2.540045 -0.05283535 -0.0439687
v 2.545083 0.001342595 -0.01553412
v 2.542539 0.01033741 0.01852201
v 2.585289 0.02065939 0.06135283
v 2.596255 0.00127846 0.08876965
v 2.644708 -0.03575855 0.09584888
v 2.647486 -0.07097018 0.09652896
v 2.558783 -0.1785081 0.06799935
v 2.519335 -0.04235619 0.01716399
v 2.501149 -0.08631933 0.09225643
v 2.641233 -0.1594436 0.003795812
v 2.660641 0.04093003 0.064717
v 2.73665 -0.1109102 0.07498471
v 2.589063 -0.06923914 0.08835778
v 2.732019 -0.0353559 0.1014295
v 2.727232 0.008132994 0.06165044
v 2.61535 -0.1045732 0.09188768
v 2.647401 0.002994418 -0.07337058
v 2.677626 -0.1046147 -0.08856846
v 2.531082 -0.04361504 -0.02938892
v 2.608388 -0.1684073 0.004136167
v 2.663062 0.06033128 0.06441612
v 2.565143 -0.003490806 0.05270098
v 2.600055 0.03386331 0.1340077
v 2.582463 0.01632369 0.04435847
v 2.578413 -0.03038853 -0.01382944
v 2.496844 -0.0772582 0.075611
v 2.589401 -0.06202102 -0.01234553
v 2.645992 -0.03936249 0.005103298
v 2.692264 -0.07235622 0.04635352
v 2.538408 -0.1115632 0.122063
v 2.611452 -0.08866948 0.1581676
v 2.617318 -0.06426573 0.1588039
v 2.709972 -0.09032229 0.1244707
v 2.649729 -0.1010123 0.02667172
v 2.497689 -0.09945834 0.02878762
v 2.586925 -0.07678396 -0.05450103
v 2.620225 0.002851427 0.1346736
v 2.602634 -0.01468855 0.04502329
v 2.669898 -0.1320238 0.02733797
v 2.68593 -0.1467623 0.03093797
v 2.730143 -0.1213341 0.125137
v 2.679034 -0.1538678 0.06179446
v 2.754476 -0.1047904 0.05717412
v 2.644536 -0.1600738 0.1328618
v 2.677416 -0.1314625 0.01418298
v 2.600848 -0.179953 0.1165516
v 2.641198 -0.1754137 -0.02342104
v 2.555265 -0.1903008 -0.01732268
v 2.73665 -0.1109102 0.07498471
v 2.61203 -0.1706115 0.1483664
v 2.711366 -0.08290932 0.1729705
v 2.641233 -0.1594436 0.003795812
v 2.558783 -0.1785081 0.06799935

vn -0.2071425 -0.2170794 0.9539232
vn -0.7930503 -0.6016201 0.09552775
vn -0.7986927 0.07888622 0.5965465
vn 0.5247736 -0.3923211 0.7554455
vn 0.3882813 -0.9060142 0.1684547
vn -0.008130314 -0.714679 -0.6994053
vn 0.8971683 0.2991256 -0.3249834
vn -0.3961651 0.1889164 -0.8985349
vn 0.2891892 0.5611609 0.775544
vn -0.9637882 -0.05600114 0.2607247
vn -0.2136079 -0.4231554 -0.8805178
vn -0.1596394 0.904324 -0.3958719
vn -0.5876027 -0.7987548 -0.1292846
vn 0.9637879 0.05599828 -0.2607266
vn 0.5876081 0.7987509 0.1292845
vn 0.21361 0.4231558 0.880517
vn 0.9637879 0.05599828 -0.2607266
vn 0.1596428 -0.9043247 0.395869
vn 0.5876081 0.7987509 0.1292845
vn -0.1596394 0.904324 -0.3958719
vn -0.9637882 -0.05600114 0.2607247
vn -0.5876027 -0.7987548 -0.1292846
vn -0.1537472 0.03199732 -0.9875924
vn -0.7943925 0.5998436 -0.09554705
vn -0.1196642 -0.7829067 -0.6105225
vn -0.3802229 0.7779661 -0.5002006
vn 0.9039161 -0.3991552 -0.1536612
vn 0.7943857 -0.5998503 0.09556238
vn 0.3991196 0.9163253 -0.03244054
vn 0.6220791 0.4035316 0.6709549
vn 0.9039161 -0.3991552 -0.1536612
vn 0.7943857 -0.5998503 0.09556238
vn 0.3991196 0.9163253 -0.03244054
vn -0.7943925 0.5998436 -0.09554705
vn -0.3802229 0.7779661 -0.5002006
vn 0.1596428 -0.9043247 0.395869
vn -0.2136079 -0.4231554 -0.8805178
vn -0.5876027 -0.7987548 -0.1292846
vn 0.9637879 0.05599828 -0.2607266
vn 0.4748676 -0.6500642 0.5932273
vn -0.8432745 -0.5373591 -0.01159301
vn -0.6658208 -0.6875588 -0.2897345
vn 0.3153105 -0.4434471 0.8390084
vn -0.4880347 0.2099149 0.8472063
vn 0.222689 -0.1201311 0.9674601
vn 0.2198377 0.1208756 0.9680192
vn 0.2426418 0.2403762 0.9398642
vn 0.1231508 0.531893 0.8378091
vn 0.3529873 0.5381388 0.7653802
vn 0.08734522 0.8911505 0.4452211
vn 0.5349461 0.6877043 0.4908115
vn 0.6602468 0.6904519 0.2955522
vn 0.7223324 0.6649051 0.1900996
vn 0.07420785 0.9949229 -0.06798843
vn 0.889866 0.4513108 -0.0667692
vn -0.2480281 0.2381488 -0.9390252
vn 0.975428 0.1196192 -0.1850207
vn -0.226434 -0.1199904 -0.9666077
vn 0.9588225 -0.2388804 -0.1536119
vn -0.3057852 -0.449516 -0.8393039
vn 0.8472217 -0.5307606 0.02257744
vn -0.4677208 -0.657402 -0.5908133
vn 0.668227 -0.6840381 0.2925162
vn 0.734352 -0.6504141 0.1941384
vn 0.5381867 -0.6839039 0.4925768
vn -0.5349309 -0.6877 -0.4908342
vn -0.3529693 -0.5381367 -0.76539
vn 0.894377 -0.4443609 -0.05132411
vn -0.2426507 -0.2403887 -0.9398587
vn 0.9759998 -0.1196288 -0.1819733
vn -0.2292881 0.1192471 -0.9660269
vn 0.9576587 0.2396171 -0.1596078
vn -0.3152894 0.4434553 -0.839012
vn 0.8432868 0.5373406 0.01155672
vn -0.4748638 0.6500622 -0.5932325
vn 0.6658046 0.6875663 0.2897542
vn -0.668218 0.6840358 -0.2925421
vn 0.4677432 0.6574072 0.5907896
vn -0.8472055 0.530782 -0.02267756
vn 0.305791 0.4495199 0.8392998
vn -0.9588199 0.2388721 0.1536419
vn 0.226445 0.1200041 0.9666034
vn -0.9754143 -0.1196091 0.1850992
vn 0.2480729 -0.2381602 0.9390103
vn -0.8916308 -0.4485855 0.0613734
vn 0.3636395 -0.5300096 0.7660662
vn -0.7301719 -0.6570419 -0.1874724
vn -0.4677443 -0.6574004 -0.5907964
vn -0.6658185 -0.6875623 -0.2897319
vn 0.6682327 -0.6840358 0.2925087
vn 0.8472306 -0.5307479 0.02254233
vn -0.3057645 -0.4495106 -0.8393143
vn 0.9588223 -0.2388812 -0.1536124
vn -0.2264724 -0.1200043 -0.966597
vn 0.9754334 0.1196324 -0.184984
vn -0.2480983 0.2381769 -0.9389994
vn 0.8916266 0.4485947 -0.06136722
vn -0.3636571 0.5300182 -0.7660518
vn 0.7301742 0.6570429 0.187459
vn -0.5381799 0.683893 -0.4925993
vn 0.5349317 0.6877023 0.4908301
vn -0.7343697 0.6503989 -0.1941222
vn 0.3529736 0.538136 0.7653885
vn -0.8943707 0.4443839 0.05123674
vn 0.2425947 0.2403718 0.9398776
vn -0.976014 0.119635 0.1818937
vn 0.2291905 -0.1192635 0.9660479
vn -0.9576454 -0.2396096 0.1596993
vn 0.315244 -0.4434405 0.8390369
vn -0.8433008 -0.5373194 -0.01151551
vn 0.4748552 -0.6500613 0.5932404
vn 0.7343562 -0.6504063 0.1941485
vn 0.5381548 -0.6838986 0.4926189
vn 0.09806341 -0.9851516 -0.1409276
vn -0.1787599 -0.9388013 0.2944451
vn 0.3608994 -0.7676454 -0.5295965
vn 0.8943699 -0.4443724 -0.05134757
vn 0.517069 -0.3442278 -0.7836756
vn 0.975996 -0.1196221 -0.1819986
vn 0.2331289 0.156388 -0.9597888
vn 0.9576603 0.2396224 -0.1595902
vn -0.3169827 0.4330679 -0.8437862
vn 0.8432693 0.5373674 0.01158438
vn -0.4774741 0.645097 -0.5965481
vn 0.6658149 0.6875688 0.2897243
vn -0.5542814 0.8098207 -0.1922595
vn 0.4677442 0.6574098 0.590786
vn -0.6112402 0.722891 0.3222027
vn 0.3058077 0.4495183 0.8392945
vn -0.9597918 0.2348306 0.1538031
vn 0.226494 0.119993 0.9665934
vn -0.9738203 -0.1323722 0.1848045
vn 0.2480252 -0.2381402 0.9390281
vn -0.8118024 -0.538123 0.2267195
vn 0.3635667 -0.5299817 0.7661201
vn -0.7301567 -0.6570603 -0.1874669
vn -0.5349036 -0.6877062 -0.4908552
vn -0.3529815 -0.5381401 -0.765382
vn -0.2425743 -0.2403472 -0.939889
vn -0.229258 0.119253 -0.9660334
vn 0.0369595 0.7687313 -0.638504
vn -0.8916202 -0.4486093 0.06135387
vn -0.9821197 0.1856224 0.03140868
vn 0.5397271 -0.6816158 0.4940605
vn 0.6333004 -0.7701437 0.07622525
vn 0.6745373 -0.6049573 -0.4231153
vn 0.9759996 -0.1196244 -0.1819775
vn 0.9556295 0.2477513 -0.1593508
vn 0.5813353 0.7221547 0.3748898
vn -0.1783734 0.4461647 0.876995
vn 0.3660426 -0.5207035 0.771286
vn -0.2527534 0.9674286 0.014079
vn 0.3467384 0.7209513 0.6000017
vn -0.1420904 0.7263854 0.6724395
vn 0.7793785 0.6236288 -0.060477
vn -0.2672579 0.7168037 -0.6440241
vn 0.8446428 0.4293962 -0.3196855
vn -0.3769019 0.2918734 -0.8790654
vn 0.9400946 0.1142054 -0.3212172
vn -0.0294103 0.001232011 -0.999567
vn 0.9225197 -0.317598 -0.2192939
vn 0.03158646 -0.7735515 -0.632946
vn 0.3655572 -0.9306188 -0.01781105
vn 0.09372442 -0.9088397 0.4064817
vn 0.009022173 -0.9912795 0.13147
vn 0.2672684 -0.7168107 0.6440119
vn 0.3768783 -0.2919309 0.8790565
vn 0.1303036 0.1094757 0.9854119
vn 0.1081676 0.6393957 0.7612314
vn -0.3894691 0.5394229 0.7465501
vn -0.9401073 -0.1142998 0.3211464
vn -0.8115636 0.1258626 0.5705472
vn -0.3251218 -0.8704704 -0.3695635
vn -0.7895293 -0.5957314 0.1474744
vn -0.8446436 -0.4294329 0.3196339
vn -0.7200062 0.2478453 0.6482009
vn -0.01883412 0.4614877 0.8869469
vn 0.02939579 -0.001261699 0.9995674
vn -0.2910651 0.7409409 0.6052172
vn -0.9401005 -0.1142944 0.3211683
vn 0.3769138 -0.2918912 0.8790544
vn -0.844638 -0.4294065 0.319684
vn 0.2672763 -0.7167982 0.6440227
vn -0.779422 -0.6235657 0.060566
vn 0.2188388 -0.8374142 0.5008476
vn -0.4327264 -0.8998678 -0.05464868
vn 0.1903326 -0.9733411 -0.1279891
vn 0.5583705 -0.7733969 -0.3001337
vn 0.8115887 -0.1257996 -0.5705253
vn 0.9400992 0.1142518 -0.3211872
vn 0.8446513 0.4294077 -0.3196472
vn 0.7352731 0.5548225 0.3892893
vn 0.2140559 0.5732206 0.7909478
vn -0.008049106 0.8834543 0.4684483
vn -0.0937255 0.908837 -0.4064873
vn -0.2672585 0.7167683 -0.6440632
vn -0.3769085 0.2919242 -0.8790457
vn -0.2292947 -0.1926887 -0.9540942
vn -0.1587879 -0.9389253 -0.305297
vn -0.8539606 0.4708251 -0.2215312
vn -0.8155491 -0.07999544 -0.5731328
vn -0.6294461 -0.3944561 -0.6694793
vn -0.7062321 0.7071764 0.03374193
vn -0.2245616 0.8653796 0.4479852
vn 0.1094109 0.7871805 0.6069402
vn 0.6294462 0.394456 0.6694793
vn 0.8155493 0.07999482 0.5731327
vn 0.8539604 -0.4708257 0.2215308
vn 0.706232 -0.7071766 -0.03374189
vn 0.2245613 -0.8653795 -0.4479853
vn -0.1094111 -0.7871804 -0.6069403
vn -0.7986927 0.07888622 0.5965465
vn 0.2891892 0.5611609 0.775544
vn -0.2071425 -0.2170794 0.9539232
vn -0.5952863 0.7290205 -0.3378821
vn 0.8971683 0.2991256 -0.3249834
vn -0.3961651 0.1889164 -0.8985349
vn -0.1557284 -0.3552138 0.9217228
vn 0.01262767 -0.4917753 -0.8706306
vn 0.7362618 -0.0192329 -0.6764242
vn -0.7834241 -0.4012938 0.4745643
vn 0.5895374 0.7154723 -0.3748949
vn -0.1587816 0.9053887 -0.3937774
vn 0.05211999 0.2097823 0.9763582
vn -0.8983418 -0.1735124 0.4035798
vn 0.9855126 -0.05960541 -0.1587871
vn 0.2529461 0.05644415 0.9658329
vn 0.7544893 -0.4816476 0.4458282
vn 0.5615643 0.5322849 0.6334974
vn 0.4263142 0.9029305 0.05452925
vn -0.1076231 -0.1236629 0.9864713
vn 0.4190146 0.8933085 0.1625649
vn 0.5265978 0.8084876 -0.2627614
vn -0.0735762 0.3186364 -0.9450177
vn -0.1463759 -0.6623223 0.7347819
vn -0.2593324 -0.9657766 -0.004793896
vn 0.2397829 -0.9687089 0.06409551
vn -0.5536832 -0.366165 -0.7479028
vn -0.6660134 0.7436461 -0.05845867
vn 0.1537753 -0.04398842 0.9871266
vn 0.4013922 0.9153261 -0.03260924
vn 0.7544907 -0.4816473 0.4458262
vn 0.5615615 0.5322984 0.6334884
vn -0.6660187 0.7436427 -0.05844464
vn -0.5840945 0.5078313 -0.6331999
vn -0.5536807 -0.3661692 -0.7479025
vn -0.9985248 -0.03942123 -0.0373557
vn -0.4394135 0.03671071 -0.8975348
vn -0.7345367 -0.6602252 -0.1567144
vn -0.2451088 0.584489 -0.7734957
vn -0.7981272 -0.5941991 0.09960695
vn -0.6061234 0.5529606 -0.5717082
vn -0.7621122 0.5017686 0.4091626
vn -0.3961651 0.1889164 -0.8985349
vn -0.7930503 -0.6016201 0.09552775
vn -0.008130314 -0.714679 -0.6994053
vn -0.5952863 0.7290205 -0.3378821
vn -0.7986927 0.07888622 0.5965465

vt 0.357254 0.30872
vt 0.35874 0.27648
vt 0.350909 0.282563
vt 0.365458 0.302953
vt 0.387589 0.295987
vt 0.380119 0.269488
vt 0.391403 0.299396
vt 0.383967 0.273327
vt 0.358774 0.310086
vt 0.262573 0.804079
vt 0.233106 0.771182
vt 0.243458 0.807156
vt 0.252822 0.771228
vt 0.220513 0.778097
vt 0.23045 0.813449
vt 0.37038 0.387892
vt 0.383247 0.391417
vt 0.374699 0.380638
vt 0.379888 0.399548
vt 0.373896 0.402289
vt 0.364622 0.39118
vt 0.369291 0.383904
vt 0.211965 0.790315
vt 0.220566 0.806796
vt 0.21737 0.790459
vt 0.215202 0.80713
vt 0.200417 0.795433
vt 0.206015 0.795433
vt 0.203465 0.811894
vt 0.207636 0.706478
vt 0.205375 0.702279
vt 0.206844 0.702279
vt 0.206175 0.706599
vt 0.210663 0.705261
vt 0.209255 0.705349
vt 0.358732 0.271711
vt 0.387601 0.254101
vt 0.353428 0.250931
vt 0.393519 0.274059
vt 0.592892 0.822623
vt 0.588491 0.825119
vt 0.592662 0.822701
vt 0.588721 0.825041
vt 0.585921 0.829591
vt 0.586317 0.829224
vt 0.586096 0.83413
vt 0.586326 0.834052
vt 0.588515 0.838309
vt 0.588745 0.838231
vt 0.592695 0.840719
vt 0.592925 0.840641
vt 0.597517 0.840715
vt 0.597747 0.840637
vt 0.601522 0.838586
vt 0.601918 0.838219
vt 0.604091 0.834114
vt 0.604321 0.834036
vt 0.604083 0.829286
vt 0.604313 0.829208
vt 0.601664 0.825107
vt 0.601894 0.825029
vt 0.597484 0.822697
vt 0.597714 0.822619
vt 0.598201 0.820787
vt 0.592399 0.820792
vt 0.598483 0.820691
vt 0.603513 0.823592
vt 0.603231 0.823687
vt 0.606423 0.82862
vt 0.606141 0.828716
vt 0.606433 0.83443
vt 0.606152 0.834525
vt 0.603542 0.839463
vt 0.60326 0.839559
vt 0.598522 0.842372
vt 0.59824 0.842468
vt 0.59272 0.842377
vt 0.592438 0.842473
vt 0.58769 0.839477
vt 0.587408 0.839573
vt 0.58478 0.834448
vt 0.584498 0.834544
vt 0.584769 0.828639
vt 0.584487 0.828735
vt 0.587661 0.823605
vt 0.587379 0.823701
vt 0.59268 0.820696
vt 0.598183 0.821818
vt 0.592984 0.821822
vt 0.598471 0.82172
vt 0.602978 0.824319
vt 0.602691 0.824417
vt 0.605586 0.828825
vt 0.605299 0.828923
vt 0.605596 0.834031
vt 0.605308 0.834129
vt 0.603004 0.838542
vt 0.602717 0.838639
vt 0.598506 0.841149
vt 0.598219 0.841246
vt 0.593307 0.841153
vt 0.593019 0.841251
vt 0.588799 0.838554
vt 0.588512 0.838652
vt 0.586191 0.834048
vt 0.585904 0.834146
vt 0.586182 0.828842
vt 0.585894 0.82894
vt 0.588773 0.824332
vt 0.588486 0.824429
vt 0.593271 0.821725
vt 0.599312 0.818553
vt 0.592418 0.818559
vt 0.599636 0.818443
vt 0.592742 0.81845
vt 0.605612 0.82189
vt 0.605289 0.821999
vt 0.60907 0.827864
vt 0.608747 0.827974
vt 0.609083 0.834767
vt 0.608759 0.834877
vt 0.605647 0.840748
vt 0.605323 0.840858
vt 0.599683 0.844205
vt 0.599359 0.844314
vt 0.592789 0.844211
vt 0.592465 0.84432
vt 0.586812 0.840764
vt 0.586488 0.840874
vt 0.583354 0.83479
vt 0.58303 0.834899
vt 0.583341 0.827887
vt 0.583018 0.827997
vt 0.586778 0.821906
vt 0.586454 0.822016
vt 0.592327 0.821458
vt 0.597814 0.821453
vt 0.602572 0.824196
vt 0.605324 0.828952
vt 0.605334 0.834446
vt 0.602599 0.839207
vt 0.587579 0.824209
vt 0.584844 0.82897
vt 0.592097 0.821536
vt 0.597584 0.821531
vt 0.602342 0.824274
vt 0.605094 0.82903
vt 0.605104 0.834524
vt 0.602369 0.839285
vt 0.584614 0.829048
vt 0.58735 0.824287
vt 0.584026 0.844453
vt 0.583824 0.844542
vt 0.583702 0.844976
vt 0.58436 0.843267
vt 0.58471 0.843114
vt 0.585165 0.841494
vt 0.58557 0.841317
vt 0.586026 0.839697
vt 0.586376 0.839543
vt 0.58671 0.838357
vt 0.586912 0.838269
vt 0.587034 0.837835
vt 0.577198 0.833901
vt 0.577523 0.833378
vt 0.576514 0.83524
vt 0.575654 0.837037
vt 0.574848 0.838811
vt 0.574312 0.840085
vt 0.57419 0.84052
vt 0.575199 0.838658
vt 0.574515 0.839997
vt 0.577401 0.833812
vt 0.576865 0.835087
vt 0.576059 0.83686
vt 0.590574 0.847521
vt 0.590372 0.84761
vt 0.590908 0.846335
vt 0.59025 0.848044
vt 0.591258 0.846182
vt 0.591714 0.844562
vt 0.592119 0.844385
vt 0.592574 0.842765
vt 0.592924 0.842611
vt 0.593258 0.841425
vt 0.59346 0.841337
vt 0.593582 0.840903
vt 0.602202 0.844941
vt 0.601877 0.845464
vt 0.601193 0.846803
vt 0.600333 0.8486
vt 0.599527 0.850374
vt 0.598991 0.851648
vt 0.598869 0.852082
vt 0.599194 0.85156
vt 0.599878 0.85022
vt 0.600738 0.848423
vt 0.601544 0.84665
vt 0.60208 0.845375
vt 0.591403 0.845694
vt 0.585679 0.840905
vt 0.592227 0.843973
vt 0.584855 0.842626
vt 0.591092 0.846195
vt 0.584544 0.843127
vt 0.591605 0.844974
vt 0.585057 0.841906
vt 0.592429 0.843252
vt 0.585881 0.840184
vt 0.59274 0.842752
vt 0.586192 0.839684
vt 0.251386 0.779808
vt 0.234354 0.788956
vt 0.235808 0.786269
vt 0.250037 0.782498
vt 0.219781 0.766435
vt 0.235601 0.759272
vt 0.216113 0.782775
vt 0.20926 0.784864
vt 0.215352 0.781524
vt 0.21002 0.786098
vt 0.214524 0.822351
vt 0.229888 0.814948
vt 0.215069 0.82224
vt 0.230413 0.814851
vt 0.204943 0.78723
vt 0.205702 0.788453
vt 0.210161 0.777716
vt 0.210604 0.779319
vt 0.227232 0.800343
vt 0.228009 0.800047
vt 0.237318 0.795226
vt 0.231095 0.787126
vt 0.225178 0.790235
vt 0.238071 0.794944
vt 0.225522 0.78949
vt 0.231426 0.786383
vt 0.214367 0.775364
vt 0.214817 0.776977
vt 0.243454 0.813704
vt 0.242656 0.813856
vt 0.220299 0.772047
vt 0.220758 0.773673
vt 0.225113 0.771251
vt 0.235431 0.784848
vt 0.224648 0.769615
vt 0.220583 0.780337
vt 0.219821 0.779075
vt 0.235754 0.784106
vt 0.241642 0.793032
vt 0.242384 0.792756
vt 0.247054 0.811773
vt 0.24784 0.811627
vt 0.301532 0.772386
vt 0.309446 0.777709
vt 0.303856 0.769065
vt 0.310034 0.786065
vt 0.310828 0.784481
f 3775/3775/3775 3774/3774/3774 3776/3776/3776
f 3777/3777/3777 3774/3774/3774 3775/3775/3775
f 3775/3775/3775 3778/3778/3778 3777/3777/3777
f 3779/3779/3779 3778/3778/3778 3775/3775/3775
f 3779/3779/3779 3780/3780/3780 3778/3778/3778
f 3780/3780/3780 3777/3777/3777 3778/3778/3778
f 3781/3781/3781 3780/3780/3780 3779/3779/3779
f 3782/3782/3782 3777/3777/3777 3780/3780/3780
f 3782/3782/3782 3774/3774/3774 3777/3777/3777
f 3784/3784/3784 3783/3783/3783 3785/3785/3785
f 3786/3786/3786 3783/3783/3783 3784/3784/3784
f 3785/3785/3785 3787/3787/3787 3784/3784/3784
f 3788/3788/3788 3787/3787/3787 3785/3785/3785
f 3790/3790/3790 3789/3789/3789 3791/3791/3791
f 3792/3792/3792 3789/3789/3789 3790/3790/3790
f 3792/3792/3792 3793/3793/3793 3789/3789/3789
f 3789/3789/3789 3793/3793/3793 3794/3794/3794
f 3789/3789/3789 3794/3794/3794 3791/3791/3791
f 3791/3791/3791 3794/3794/3794 3795/3795/3795
f 3797/3797/3797 3796/3796/3796 3798/3798/3798
f 3799/3799/3799 3796/3796/3796 3797/3797/3797
f 3796/3796/3796 3800/3800/3800 3798/3798/3798
f 3798/3798/3798 3800/3800/3800 3801/3801/3801
f 3796/3796/3796 3802/3802/3802 3800/3800/3800
f 3799/3799/3799 3802/3802/3802 3796/3796/3796
f 3804/3804/3804 3803/3803/3803 3805/3805/3805
f 3806/3806/3806 3803/3803/3803 3804/3804/3804
f 3806/3806/3806 3807/3807/3807 3803/3803/3803
f 3808/3808/3808 3807/3807/3807 3806/3806/3806
f 3810/3810/3810 3809/3809/3809 3811/3811/3811
f 3812/3812/3812 3809/3809/3809 3810/3810/3810
f 3814/3814/3814 3813/3813/3813 3815/3815/3815
f 3816/3816/3816 3813/3813/3813 3814/3814/3814
f 3817/3817/3817 3816/3816/3816 3814/3814/3814
f 3818/3818/3818 3816/3816/3816 3817/3817/3817
f 3819/3819/3819 3818/3818/3818 3817/3817/3817
f 3820/3820/3820 3818/3818/3818 3819/3819/3819
f 3821/3821/3821 3820/3820/3820 3819/3819/3819
f 3822/3822/3822 3820/3820/3820 3821/3821/3821
f 3823/3823/3823 3822/3822/3822 3821/3821/3821
f 3824/3824/3824 3822/3822/3822 3823/3823/3823
f 3825/3825/3825 3824/3824/3824 3823/3823/3823
f 3821/3821/3821 3825/3825/3825 3823/3823/3823
f 3819/3819/3819 3825/3825/3825 3821/3821/3821
f 3826/3826/3826 3824/3824/3824 3825/3825/3825
f 3827/3827/3827 3826/3826/3826 3825/3825/3825
f 3819/3819/3819 3827/3827/3827 3825/3825/3825
f 3817/3817/3817 3827/3827/3827 3819/3819/3819
f 3828/3828/3828 3826/3826/3826 3827/3827/3827
f 3829/3829/3829 3828/3828/3828 3827/3827/3827
f 3830/3830/3830 3828/3828/3828 3829/3829/3829
f 3831/3831/3831 3830/3830/3830 3829/3829/3829
f 3832/3832/3832 3830/3830/3830 3831/3831/3831
f 3833/3833/3833 3832/3832/3832 3831/3831/3831
f 3834/3834/3834 3832/3832/3832 3833/3833/3833
f 3835/3835/3835 3834/3834/3834 3833/3833/3833
f 3836/3836/3836 3834/3834/3834 3835/3835/3835
f 3815/3815/3815 3836/3836/3836 3835/3835/3835
f 3813/3813/3813 3836/3836/3836 3815/3815/3815
f 3813/3813/3813 3837/3837/3837 3836/3836/3836
f 3838/3838/3838 3837/3837/3837 3813/3813/3813
f 3838/3838/3838 3839/3839/3839 3837/3837/3837
f 3839/3839/3839 3840/3840/3840 3837/3837/3837
f 3837/3837/3837 3840/3840/3840 3841/3841/3841
f 3836/3836/3836 3841/3841/3841 3834/3834/3834
f 3837/3837/3837 3841/3841/3841 3836/3836/3836
f 3840/3840/3840 3842/3842/3842 3841/3841/3841
f 3841/3841/3841 3842/3842/3842 3843/3843/3843
f 3834/3834/3834 3843/3843/3843 3832/3832/3832
f 3841/3841/3841 3843/3843/3843 3834/3834/3834
f 3842/3842/3842 3844/3844/3844 3843/3843/3843
f 3843/3843/3843 3844/3844/3844 3845/3845/3845
f 3843/3843/3843 3845/3845/3845 3832/3832/3832
f 3844/3844/3844 3846/3846/3846 3845/3845/3845
f 3845/3845/3845 3846/3846/3846 3847/3847/3847
f 3846/3846/3846 3848/3848/3848 3847/3847/3847
f 3847/3847/3847 3848/3848/3848 3849/3849/3849
f 3848/3848/3848 3850/3850/3850 3849/3849/3849
f 3849/3849/3849 3850/3850/3850 3851/3851/3851
f 3850/3850/3850 3852/3852/3852 3851/3851/3851
f 3851/3851/3851 3852/3852/3852 3853/3853/3853
f 3852/3852/3852 3854/3854/3854 3853/3853/3853
f 3853/3853/3853 3854/3854/3854 3855/3855/3855
f 3854/3854/3854 3856/3856/3856 3855/3855/3855
f 3855/3855/3855 3856/3856/3856 3857/3857/3857
f 3856/3856/3856 3858/3858/3858 3857/3857/3857
f 3857/3857/3857 3858/3858/3858 3859/3859/3859
f 3858/3858/3858 3860/3860/3860 3859/3859/3859
f 3859/3859/3859 3860/3860/3860 3838/3838/3838
f 3860/3860/3860 3839/3839/3839 3838/3838/3838
f 3860/3860/3860 3861/3861/3861 3839/3839/3839
f 3862/3862/3862 3861/3861/3861 3860/3860/3860
f 3858/3858/3858 3862/3862/3862 3860/3860/3860
f 3862/3862/3862 3863/3863/3863 3861/3861/3861
f 3863/3863/3863 3864/3864/3864 3861/3861/3861
f 3861/3861/3861 3864/3864/3864 3865/3865/3865
f 3861/3861/3861 3865/3865/3865 3839/3839/3839
f 3864/3864/3864 3866/3866/3866 3865/3865/3865
f 3865/3865/3865 3866/3866/3866 3867/3867/3867
f 3866/3866/3866 3868/3868/3868 3867/3867/3867
f 3867/3867/3867 3868/3868/3868 3869/3869/3869
f 3868/3868/3868 3870/3870/3870 3869/3869/3869
f 3869/3869/3869 3870/3870/3870 3871/3871/3871
f 3870/3870/3870 3872/3872/3872 3871/3871/3871
f 3871/3871/3871 3872/3872/3872 3873/3873/3873
f 3872/3872/3872 3874/3874/3874 3873/3873/3873
f 3873/3873/3873 3874/3874/3874 3875/3875/3875
f 3874/3874/3874 3876/3876/3876 3875/3875/3875
f 3875/3875/3875 3876/3876/3876 3877/3877/3877
f 3876/3876/3876 3878/3878/3878 3877/3877/3877
f 3877/3877/3877 3878/3878/3878 3879/3879/3879
f 3878/3878/3878 3880/3880/3880 3879/3879/3879
f 3879/3879/3879 3880/3880/3880 3881/3881/3881
f 3880/3880/3880 3882/3882/3882 3881/3881/3881
f 3881/3881/3881 3882/3882/3882 3883/3883/3883
f 3882/3882/3882 3884/3884/3884 3883/3883/3883
f 3883/3883/3883 3884/3884/3884 3862/3862/3862
f 3884/3884/3884 3863/3863/3863 3862/3862/3862
f 3884/3884/3884 3885/3885/3885 3863/3863/3863
f 3886/3886/3886 3885/3885/3885 3884/3884/3884
f 3882/3882/3882 3886/3886/3886 3884/3884/3884
f 3885/3885/3885 3886/3886/3886 3887/3887/3887
f 3887/3887/3887 3886/3886/3886 3888/3888/3888
f 3889/3889/3889 3885/3885/3885 3887/3887/3887
f 3890/3890/3890 3885/3885/3885 3889/3889/3889
f 3885/3885/3885 3890/3890/3890 3863/3863/3863
f 3891/3891/3891 3890/3890/3890 3889/3889/3889
f 3892/3892/3892 3890/3890/3890 3891/3891/3891
f 3893/3893/3893 3892/3892/3892 3891/3891/3891
f 3894/3894/3894 3892/3892/3892 3893/3893/3893
f 3895/3895/3895 3894/3894/3894 3893/3893/3893
f 3896/3896/3896 3894/3894/3894 3895/3895/3895
f 3897/3897/3897 3896/3896/3896 3895/3895/3895
f 3898/3898/3898 3896/3896/3896 3897/3897/3897
f 3899/3899/3899 3898/3898/3898 3897/3897/3897
f 3900/3900/3900 3898/3898/3898 3899/3899/3899
f 3901/3901/3901 3900/3900/3900 3899/3899/3899
f 3902/3902/3902 3900/3900/3900 3901/3901/3901
f 3903/3903/3903 3902/3902/3902 3901/3901/3901
f 3899/3899/3899 3903/3903/3903 3901/3901/3901
f 3897/3897/3897 3903/3903/3903 3899/3899/3899
f 3904/3904/3904 3902/3902/3902 3903/3903/3903
f 3905/3905/3905 3904/3904/3904 3903/3903/3903
f 3897/3897/3897 3905/3905/3905 3903/3903/3903
f 3895/3895/3895 3905/3905/3905 3897/3897/3897
f 3906/3906/3906 3904/3904/3904 3905/3905/3905
f 3907/3907/3907 3906/3906/3906 3905/3905/3905
f 3895/3895/3895 3907/3907/3907 3905/3905/3905
f 3893/3893/3893 3907/3907/3907 3895/3895/3895
f 3908/3908/3908 3906/3906/3906 3907/3907/3907
f 3888/3888/3888 3908/3908/3908 3907/3907/3907
f 3886/3886/3886 3908/3908/3908 3888/3888/3888
f 3896/3896/3896 3898/3898/3898 3870/3870/3870
f 3868/3868/3868 3896/3896/3896 3870/3870/3870
f 3870/3870/3870 3898/3898/3898 3872/3872/3872
f 3898/3898/3898 3900/3900/3900 3872/3872/3872
f 3872/3872/3872 3900/3900/3900 3874/3874/3874
f 3900/3900/3900 3902/3902/3902 3874/3874/3874
f 3874/3874/3874 3902/3902/3902 3876/3876/3876
f 3902/3902/3902 3904/3904/3904 3876/3876/3876
f 3876/3876/3876 3904/3904/3904 3878/3878/3878
f 3904/3904/3904 3906/3906/3906 3878/3878/3878
f 3878/3878/3878 3906/3906/3906 3880/3880/3880
f 3906/3906/3906 3908/3908/3908 3880/3880/3880
f 3880/3880/3880 3908/3908/3908 3882/3882/3882
f 3908/3908/3908 3886/3886/3886 3882/3882/3882
f 3866/3866/3866 3894/3894/3894 3868/3868/3868
f 3892/3892/3892 3894/3894/3894 3866/3866/3866
f 3864/3864/3864 3892/3892/3892 3866/3866/3866
f 3890/3890/3890 3892/3892/3892 3864/3864/3864
f 3863/3863/3863 3890/3890/3890 3864/3864/3864
f 3894/3894/3894 3896/3896/3896 3868/3868/3868
f 3839/3839/3839 3865/3865/3865 3840/3840/3840
f 3865/3865/3865 3867/3867/3867 3840/3840/3840
f 3840/3840/3840 3867/3867/3867 3842/3842/3842
f 3867/3867/3867 3869/3869/3869 3842/3842/3842
f 3842/3842/3842 3869/3869/3869 3844/3844/3844
f 3869/3869/3869 3871/3871/3871 3844/3844/3844
f 3844/3844/3844 3871/3871/3871 3846/3846/3846
f 3871/3871/3871 3873/3873/3873 3846/3846/3846
f 3846/3846/3846 3873/3873/3873 3848/3848/3848
f 3873/3873/3873 3875/3875/3875 3848/3848/3848
f 3848/3848/3848 3875/3875/3875 3850/3850/3850
f 3875/3875/3875 3877/3877/3877 3850/3850/3850
f 3850/3850/3850 3877/3877/3877 3852/3852/3852
f 3877/3877/3877 3879/3879/3879 3852/3852/3852
f 3852/3852/3852 3879/3879/3879 3854/3854/3854
f 3879/3879/3879 3881/3881/3881 3854/3854/3854
f 3854/3854/3854 3881/3881/3881 3856/3856/3856
f 3881/3881/3881 3883/3883/3883 3856/3856/3856
f 3856/3856/3856 3883/3883/3883 3858/3858/3858
f 3883/3883/3883 3862/3862/3862 3858/3858/3858
f 3832/3832/3832 3845/3845/3845 3830/3830/3830
f 3845/3845/3845 3847/3847/3847 3830/3830/3830
f 3830/3830/3830 3847/3847/3847 3828/3828/3828
f 3847/3847/3847 3849/3849/3849 3828/3828/3828
f 3828/3828/3828 3849/3849/3849 3826/3826/3826
f 3849/3849/3849 3851/3851/3851 3826/3826/3826
f 3826/3826/3826 3851/3851/3851 3824/3824/3824
f 3851/3851/3851 3853/3853/3853 3824/3824/3824
f 3824/3824/3824 3853/3853/3853 3822/3822/3822
f 3853/3853/3853 3855/3855/3855 3822/3822/3822
f 3822/3822/3822 3855/3855/3855 3820/3820/3820
f 3855/3855/3855 3857/3857/3857 3820/3820/3820
f 3820/3820/3820 3857/3857/3857 3818/3818/3818
f 3857/3857/3857 3859/3859/3859 3818/3818/3818
f 3818/3818/3818 3859/3859/3859 3816/3816/3816
f 3859/3859/3859 3838/3838/3838 3816/3816/3816
f 3816/3816/3816 3838/3838/3838 3813/3813/3813
f 3909/3909/3909 3835/3835/3835 3910/3910/3910
f 3815/3815/3815 3835/3835/3835 3909/3909/3909
f 3835/3835/3835 3833/3833/3833 3910/3910/3910
f 3910/3910/3910 3833/3833/3833 3911/3911/3911
f 3833/3833/3833 3831/3831/3831 3911/3911/3911
f 3911/3911/3911 3831/3831/3831 3912/3912/3912
f 3831/3831/3831 3829/3829/3829 3912/3912/3912
f 3912/3912/3912 3829/3829/3829 3913/3913/3913
f 3829/3829/3829 3827/3827/3827 3913/3913/3913
f 3913/3913/3913 3827/3827/3827 3914/3914/3914
f 3915/3915/3915 3815/3815/3815 3909/3909/3909
f 3814/3814/3814 3815/3815/3815 3915/3915/3915
f 3916/3916/3916 3814/3814/3814 3915/3915/3915
f 3817/3817/3817 3814/3814/3814 3916/3916/3916
f 3909/3909/3909 3910/3910/3910 3917/3917/3917
f 3917/3917/3917 3910/3910/3910 3918/3918/3918
f 3910/3910/3910 3911/3911/3911 3918/3918/3918
f 3918/3918/3918 3911/3911/3911 3919/3919/3919
f 3911/3911/3911 3912/3912/3912 3919/3919/3919
f 3919/3919/3919 3912/3912/3912 3920/3920/3920
f 3912/3912/3912 3913/3913/3913 3920/3920/3920
f 3920/3920/3920 3918/3918/3918 3919/3919/3919
f 3917/3917/3917 3918/3918/3918 3920/3920/3920
f 3920/3920/3920 3913/3913/3913 3921/3921/3921
f 3913/3913/3913 3914/3914/3914 3921/3921/3921
f 3921/3921/3921 3917/3917/3917 3920/3920/3920
f 3921/3921/3921 3914/3914/3914 3922/3922/3922
f 3914/3914/3914 3827/3827/3827 3922/3922/3922
f 3916/3916/3916 3915/3915/3915 3923/3923/3923
f 3923/3923/3923 3817/3817/3817 3916/3916/3916
f 3923/3923/3923 3827/3827/3827 3817/3817/3817
f 3922/3922/3922 3827/3827/3827 3923/3923/3923
f 3923/3923/3923 3915/3915/3915 3924/3924/3924
f 3924/3924/3924 3917/3917/3917 3921/3921/3921
f 3922/3922/3922 3924/3924/3924 3921/3921/3921
f 3923/3923/3923 3924/3924/3924 3922/3922/3922
f 3924/3924/3924 3909/3909/3909 3917/3917/3917
f 3915/3915/3915 3909/3909/3909 3924/3924/3924
f 3926/3926/3926 3925/3925/3925 3927/3927/3927
f 3928/3928/3928 3925/3925/3925 3926/3926/3926
f 3928/3928/3928 3929/3929/3929 3925/3925/3925
f 3930/3930/3930 3929/3929/3929 3928/3928/3928
f 3930/3930/3930 3931/3931/3931 3929/3929/3929
f 3932/3932/3932 3931/3931/3931 3930/3930/3930
f 3932/3932/3932 3933/3933/3933 3931/3931/3931
f 3934/3934/3934 3933/3933/3933 3932/3932/3932
f 3934/3934/3934 3935/3935/3935 3933/3933/3933
f 3936/3936/3936 3935/3935/3935 3934/3934/3934
f 3934/3934/3934 3937/3937/3937 3936/3936/3936
f 3936/3936/3936 3937/3937/3937 3938/3938/3938
f 3936/3936/3936 3938/3938/3938 3935/3935/3935
f 3934/3934/3934 3939/3939/3939 3937/3937/3937
f 3932/3932/3932 3939/3939/3939 3934/3934/3934
f 3932/3932/3932 3940/3940/3940 3939/3939/3939
f 3930/3930/3930 3940/3940/3940 3932/3932/3932
f 3930/3930/3930 3928/3928/3928 3940/3940/3940
f 3940/3940/3940 3928/3928/3928 3941/3941/3941
f 3928/3928/3928 3926/3926/3926 3941/3941/3941
f 3941/3941/3941 3926/3926/3926 3942/3942/3942
f 3942/3942/3942 3927/3927/3927 3943/3943/3943
f 3942/3942/3942 3943/3943/3943 3941/3941/3941
f 3929/3929/3929 3931/3931/3931 3944/3944/3944
f 3940/3940/3940 3944/3944/3944 3939/3939/3939
f 3945/3945/3945 3929/3929/3929 3944/3944/3944
f 3941/3941/3941 3943/3943/3943 3945/3945/3945
f 3941/3941/3941 3945/3945/3945 3940/3940/3940
f 3940/3940/3940 3945/3945/3945 3944/3944/3944
f 3943/3943/3943 3925/3925/3925 3945/3945/3945
f 3927/3927/3927 3925/3925/3925 3943/3943/3943
f 3926/3926/3926 3927/3927/3927 3942/3942/3942
f 3925/3925/3925 3929/3929/3929 3945/3945/3945
f 3935/3935/3935 3938/3938/3938 3946/3946/3946
f 3935/3935/3935 3946/3946/3946 3933/3933/3933
f 3933/3933/3933 3946/3946/3946 3947/3947/3947
f 3937/3937/3937 3947/3947/3947 3938/3938/3938
f 3947/3947/3947 3946/3946/3946 3938/3938/3938
f 3933/3933/3933 3947/3947/3947 3931/3931/3931
f 3944/3944/3944 3931/3931/3931 3948/3948/3948
f 3931/3931/3931 3947/3947/3947 3948/3948/3948
f 3939/3939/3939 3944/3944/3944 3948/3948/3948
f 3939/3939/3939 3948/3948/3948 3937/3937/3937
f 3937/3937/3937 3948/3948/3948 3947/3947/3947
f 3950/3950/3950 3949/3949/3949 3951/3951/3951
f 3952/3952/3952 3949/3949/3949 3950/3950/3950
f 3949/3949/3949 3953/3953/3953 3951/3951/3951
f 3951/3951/3951 3953/3953/3953 3954/3954/3954
f 3953/3953/3953 3955/3955/3955 3954/3954/3954
f 3954/3954/3954 3955/3955/3955 3956/3956/3956
f 3955/3955/3955 3957/3957/3957 3956/3956/3956
f 3956/3956/3956 3957/3957/3957 3958/3958/3958
f 3957/3957/3957 3959/3959/3959 3958/3958/3958
f 3958/3958/3958 3959/3959/3959 3960/3960/3960
f 3961/3961/3961 3958/3958/3958 3960/3960/3960
f 3962/3962/3962 3958/3958/3958 3961/3961/3961
f 3962/3962/3962 3956/3956/3956 3958/3958/3958
f 3963/3963/3963 3956/3956/3956 3962/3962/3962
f 3963/3963/3963 3954/3954/3954 3956/3956/3956
f 3964/3964/3964 3954/3954/3954 3963/3963/3963
f 3954/3954/3954 3965/3965/3965 3951/3951/3951
f 3964/3964/3964 3965/3965/3965 3954/3954/3954
f 3951/3951/3951 3966/3966/3966 3950/3950/3950
f 3965/3965/3965 3966/3966/3966 3951/3951/3951
f 3966/3966/3966 3967/3967/3967 3950/3950/3950
f 3967/3967/3967 3966/3966/3966 3965/3965/3965
f 3950/3950/3950 3967/3967/3967 3952/3952/3952
f 3967/3967/3967 3968/3968/3968 3952/3952/3952
f 3967/3967/3967 3965/3965/3965 3968/3968/3968
f 3968/3968/3968 3965/3965/3965 3964/3964/3964
f 3952/3952/3952 3968/3968/3968 3949/3949/3949
f 3968/3968/3968 3969/3969/3969 3949/3949/3949
f 3968/3968/3968 3964/3964/3964 3969/3969/3969
f 3969/3969/3969 3964/3964/3964 3963/3963/3963
f 3949/3949/3949 3969/3969/3969 3953/3953/3953
f 3969/3969/3969 3970/3970/3970 3953/3953/3953
f 3969/3969/3969 3963/3963/3963 3970/3970/3970
f 3970/3970/3970 3963/3963/3963 3962/3962/3962
f 3953/3953/3953 3970/3970/3970 3955/3955/3955
f 3970/3970/3970 3957/3957/3957 3955/3955/3955
f 3971/3971/3971 3957/3957/3957 3970/3970/3970
f 3971/3971/3971 3959/3959/3959 3957/3957/3957
f 3972/3972/3972 3959/3959/3959 3971/3971/3971
f 3972/3972/3972 3960/3960/3960 3959/3959/3959
f 3961/3961/3961 3960/3960/3960 3972/3972/3972
f 3971/3971/3971 3961/3961/3961 3972/3972/3972
f 3970/3970/3970 3962/3962/3962 3971/3971/3971
f 3971/3971/3971 3962/3962/3962 3961/3961/3961
f 3974/3974/3974 3973/3973/3973 3975/3975/3975
f 3976/3976/3976 3973/3973/3973 3974/3974/3974
f 3976/3976/3976 3977/3977/3977 3973/3973/3973
f 3978/3978/3978 3977/3977/3977 3976/3976/3976
f 3978/3978/3978 3979/3979/3979 3977/3977/3977
f 3980/3980/3980 3979/3979/3979 3978/3978/3978
f 3980/3980/3980 3981/3981/3981 3979/3979/3979
f 3982/3982/3982 3981/3981/3981 3980/3980/3980
f 3982/3982/3982 3983/3983/3983 3981/3981/3981
f 3984/3984/3984 3983/3983/3983 3982/3982/3982
f 3984/3984/3984 3975/3975/3975 3983/3983/3983
f 3974/3974/3974 3975/3975/3975 3984/3984/3984
f 3986/3986/3986 3985/3985/3985 3987/3987/3987
f 3988/3988/3988 3985/3985/3985 3986/3986/3986
f 3989/3989/3989 3988/3988/3988 3986/3986/3986
f 3990/3990/3990 3988/3988/3988 3989/3989/3989
f 3992/3992/3992 3991/3991/3991 3993/3993/3993
f 3994/3994/3994 3991/3991/3991 3992/3992/3992
f 3992/3992/3992 3993/3993/3993 3995/3995/3995
f 3995/3995/3995 3993/3993/3993 3996/3996/3996
f 3995/3995/3995 3996/3996/3996 3997/3997/3997
f 3997/3997/3997 3996/3996/3996 3998/3998/3998
f 3994/3994/3994 3998/3998/3998 3991/3991/3991
f 3997/3997/3997 3998/3998/3998 3994/3994/3994
f 3995/3995/3995 3997/3997/3997 3999/3999/3999
f 3992/3992/3992 3995/3995/3995 3999/3999/3999
f 3999/3999/3999 3997/3997/3997 4000/4000/4000
f 3994/3994/3994 4000/4000/4000 3997/3997/3997
f 3999/3999/3999 4000/4000/4000 4001/4001/4001
f 4001/4001/4001 4000/4000/4000 4002/4002/4002
f 4003/4003/4003 4001/4001/4001 4002/4002/4002
f 4004/4004/4004 4001/4001/4001 4003/4003/4003
f 4003/4003/4003 4005/4005/4005 4004/4004/4004
f 4003/4003/4003 4006/4006/4006 4005/4005/4005
f 4007/4007/4007 4006/4006/4006 4003/4003/4003
f 4004/4004/4004 4005/4005/4005 4008/4008/4008
f 4004/4004/4004 4008/4008/4008 4009/4009/4009
f 4009/4009/4009 4001/4001/4001 4004/4004/4004
f 4009/4009/4009 4008/4008/4008 4010/4010/4010
f 4007/4007/4007 4010/4010/4010 4006/4006/4006
f 4009/4009/4009 4010/4010/4010 4007/4007/4007
f 4009/4009/4009 4007/4007/4007 4011/4011/4011
f 4011/4011/4011 4001/4001/4001 4009/4009/4009
f 4011/4011/4011 3999/3999/3999 4001/4001/4001
f 4011/4011/4011 4007/4007/4007 4012/4012/4012
f 4003/4003/4003 4012/4012/4012 4007/4007/4007
f 4002/4002/4002 4012/4012/4012 4003/4003/4003
f 4000/4000/4000 4012/4012/4012 4002/4002/4002
f 3994/3994/3994 4011/4011/4011 4012/4012/4012
f 3994/3994/3994 4012/4012/4012 4000/4000/4000
f 3992/3992/3992 4011/4011/4011 3994/3994/3994
f 3992/3992/3992 3999/3999/3999 4011/4011/4011
f 4008/4008/4008 4005/4005/4005 4013/4013/4013
f 4013/4013/4013 4005/4005/4005 4014/4014/4014
f 4010/4010/4010 4015/4015/4015 4006/4006/4006
f 4006/4006/4006 4015/4015/4015 4016/4016/4016
f 4015/4015/4015 3991/3991/3991 4016/4016/4016
f 3993/3993/3993 3991/3991/3991 4015/4015/4015
f 4016/4016/4016 4017/4017/4017 4006/4006/4006
f 3991/3991/3991 4017/4017/4017 4016/4016/4016
f 4006/4006/4006 4017/4017/4017 4018/4018/4018
f 4019/4019/4019 4018/4018/4018 4017/4017/4017
f 4019/4019/4019 3993/3993/3993 4015/4015/4015
f 4020/4020/4020 4019/4019/4019 4017/4017/4017
f 4020/4020/4020 4017/4017/4017 3991/3991/3991
f 4021/4021/4021 4019/4019/4019 4020/4020/4020
f 4021/4021/4021 3993/3993/3993 4019/4019/4019
f 3998/3998/3998 4021/4021/4021 4020/4020/4020
f 4020/4020/4020 3991/3991/3991 3998/3998/3998
f 3996/3996/3996 4021/4021/4021 3998/3998/3998
f 4021/4021/4021 3996/3996/3996 3993/3993/3993
f 4022/4022/4022 4018/4018/4018 4019/4019/4019
f 4019/4019/4019 4015/4015/4015 4022/4022/4022
f 4022/4022/4022 4023/4023/4023 4018/4018/4018
f 4024/4024/4024 4023/4023/4023 4022/4022/4022
f 4023/4023/4023 4024/4024/4024 4025/4025/4025
f 4025/4025/4025 4014/4014/4014 4023/4023/4023
f 4025/4025/4025 4024/4024/4024 4026/4026/4026
f 4023/4023/4023 4006/4006/4006 4018/4018/4018
f 4005/4005/4005 4006/4006/4006 4023/4023/4023
f 4010/4010/4010 4024/4024/4024 4022/4022/4022
f 4022/4022/4022 4015/4015/4015 4010/4010/4010
f 4008/4008/4008 4024/4024/4024 4010/4010/4010
f 4023/4023/4023 4014/4014/4014 4005/4005/4005
f 4025/4025/4025 4026/4026/4026 4014/4014/4014
f 4024/4024/4024 4013/4013/4013 4026/4026/4026
f 4008/4008/4008 4013/4013/4013 4024/4024/4024
f 4014/4014/4014 4026/4026/4026 4013/4013/4013
f 4028/4028/4028 4027/4027/4027 4029/4029/4029
f 4028/4028/4028 4030/4030/4030 4027/4027/4027
f 4031/4031/4031 4030/4030/4030 4028/4028/4028
v 2.713583 -0.08519632 -0.003928679
v 2.593135 -0.1632389 0.08292613
v 2.683205 -0.07870626 0.123995
v 2.599625 -0.1328604 -0.04499744
v 2.658172 0.02374274 0.08929391
v 2.611762 0.01984495 -0.03226195
v 2.538871 -0.02738398 0.1112595
v 2.516348 -0.06815025 -0.01029635

vn -0.1969769 0.3333331 -0.922003
vn -0.9220029 -0.3333334 0.196977
vn -0.1206232 -0.8164967 -0.5646089
vn -0.5646092 0.8164966 0.120623
vn 0.7866021 -0.4082483 -0.4632393
vn 0.7407464 0.6666667 0.0827679
vn 0.3782335 -0.6666665 0.6422581
vn -0.1013698 0.4082485 0.9072252

vt 0 0
vt 0 0
vt 0 0
vt 0 0
vt 0 0
vt 0 0
vt 0 0
vt 0 0
f 4033/4033/4033 4032/4032/4032 4034/4034/4034
f 4035/4035/4035 4032/4032/4032 4033/4033/4033
f 4034/4034/4034 4032/4032/4032 4036/4036/4036
f 4036/4036/4036 4032/4032/4032 4037/4037/4037
f 4035/4035/4035 4037/4037/4037 4032/4032/4032
f 4036/4036/4036 4037/4037/4037 4038/4038/4038
f 4038/4038/4038 4034/4034/4034 4036/4036/4036
f 4033/4033/4033 4034/4034/4034 4038/4038/4038
f 4038/4038/4038 4037/4037/4037 4039/4039/4039
f 4039/4039/4039 4033/4033/4033 4038/4038/4038
f 4035/4035/4035 4033/4033/4033 4039/4039/4039
f 4039/4039/4039 4037/4037/4037 4035/4035/4035
v 2.939503 -0.09040868 -0.001322188
v 2.939503 -0.1904086 -0.001322188
v 2.839503 -0.09040868 -0.001322153
v 2.839503 -0.1904087 -0.001322153
v 2.831003 -0.09040868 0.1071779
v 2.831003 -0.1904087 0.1071779
v 2.939503 -0.09040868 0.1156779
v 2.939503 -0.1904086 0.1156779
v 2.831003 -0.09040868 0.007177832
v 2.831003 -0.1904087 0.007177832
v 2.839503 -0.09040868 0.1156778
v 2.839503 -0.1904087 0.1156778
v 2.948003 -0.09040868 0.1071778
v 2.948003 -0.1904086 0.00717779
v 2.948003 -0.1904086 0.1071778
v 2.948003 -0.09040868 0.00717779
v 2.939503 -0.1989087 0.007177792
v 2.839503 -0.1989087 0.1071779
v 2.939503 -0.1989087 0.1071778
v 2.839503 -0.1989087 0.007177828
v 2.939503 -0.08190864 0.1071778
v 2.839503 -0.08190864 0.007177828
v 2.939503 -0.08190864 0.007177792
v 2.839503 -0.08190864 0.1071779

vn -3.552714E-15 1 -4.768372E-07
vn -3.552714E-15 1 -4.768372E-07
vn -3.552714E-15 1 -4.768372E-07
vn -3.552714E-15 1 -4.768372E-07
vn -8.74228E-08 -1.192093E-07 1
vn -8.74228E-08 -1.192093E-07 1
vn 3.552714E-15 -1 4.768372E-07
vn 3.552714E-15 -1 4.768372E-07
vn -8.74228E-08 -1.192093E-07 1
vn -8.74228E-08 -1.192093E-07 1
vn 3.552714E-15 -1 4.768372E-07
vn 3.552714E-15 -1 4.768372E-07
vn 8.74228E-08 1.192093E-07 -1
vn 8.74228E-08 1.192093E-07 -1
vn 8.74228E-08 1.192093E-07 -1
vn 8.74228E-08 1.192093E-07 -1
vn -1.000001 -1.776357E-14 -8.74228E-08
vn -1.000001 -1.776357E-14 -8.74228E-08
vn -1.000001 -1.776357E-14 -8.74228E-08
vn -1.000001 -1.776357E-14 -8.74228E-08
vn 1.000001 1.776357E-14 8.74228E-08
vn 1.000001 1.776357E-14 8.74228E-08
vn 1.000001 1.776357E-14 8.74228E-08
vn 1.000001 1.776357E-14 8.74228E-08

vt 0 0
vt 1 0
vt 0 1
vt 1 1
vt 0 1
vt 1 1
vt 0 1
vt 1 1
vt 0 0
vt 1 0
vt 0 0
vt 1 0
vt 0 0
vt 1 1
vt 1 0
vt 0 1
vt 0 0
vt 1 1
vt 1 0
vt 0 1
vt 0 0
vt 1 1
vt 1 0
vt 0 1
f 4043/4043/4043 4040/4040/4040 4041/4041/4041
f 4042/4042/4042 4040/4040/4040 4043/4043/4043
f 4045/4045/4045 4048/4048/4048 4049/4049/4049
f 4044/4044/4044 4048/4048/4048 4045/4045/4045
f 4047/4047/4047 4050/4050/4050 4051/4051/4051
f 4046/4046/4046 4050/4050/4050 4047/4047/4047
f 4053/4053/4053 4052/4052/4052 4054/4054/4054
f 4055/4055/4055 4052/4052/4052 4053/4053/4053
f 4057/4057/4057 4056/4056/4056 4058/4058/4058
f 4059/4059/4059 4056/4056/4056 4057/4057/4057
f 4061/4061/4061 4060/4060/4060 4062/4062/4062
f 4063/4063/4063 4060/4060/4060 4061/4061/4061
