v 2.764822 -0.2134198 0.4401579
v 2.782669 -0.2372936 0.4401526
v 2.773878 -0.1915544 0.4068863
v 2.813728 -0.2062346 0.4068713
v 2.731839 -0.1982425 0.4263212
v 2.738796 -0.1881135 0.4263212
v 2.699038 -0.2061511 0.4263322
v 2.701591 -0.1941302 0.4263353
v 2.671762 -0.2260095 0.4263411
v 2.669518 -0.2139271 0.4263473
v 2.654161 -0.2547936 0.4263473
v 2.647464 -0.2444917 0.4263554
v 2.648915 -0.2881235 0.4263504
v 2.638785 -0.2811674 0.426358
v 2.656823 -0.3209233 0.4263482
v 2.644802 -0.3183716 0.4263563
v 2.676682 -0.3482014 0.4263422
v 2.664599 -0.3504444 0.4263482
v 2.705465 -0.3658016 0.4263332
v 2.695163 -0.3724984 0.4263363
v 2.738796 -0.3710475 0.4263222
v 2.731839 -0.3811776 0.4263222
v 2.771595 -0.3631397 0.426311
v 2.769047 -0.37516 0.4263083
v 2.798872 -0.3432828 0.4263024
v 2.801116 -0.3553631 0.4262962
v 2.816474 -0.3144963 0.4262952
v 2.823169 -0.3248007 0.4262871
v 2.82172 -0.2811676 0.4262931
v 2.831849 -0.2881233 0.4262843
v 2.813811 -0.248366 0.4262952
v 2.825831 -0.2509174 0.4262871
v 2.823138 -0.2444904 0.4029121
v 2.7898 -0.2301314 0.4167716
v 2.833836 -0.2475896 0.4029052
v 2.840515 -0.2881245 0.4029023
v 2.831818 -0.2811674 0.4029102
v 2.831173 -0.3281293 0.4029061
v 2.8258 -0.3183745 0.4029133
v 2.807234 -0.3615137 0.4029161
v 2.806003 -0.350446 0.4029211
v 2.772343 -0.3831953 0.4029302
v 2.775441 -0.372498 0.4029331
v 2.731808 -0.3898746 0.4029483
v 2.738765 -0.3811776 0.4029472
v 2.691804 -0.3805338 0.4029641
v 2.701559 -0.3751606 0.4029612
v 2.658418 -0.3565938 0.4029794
v 2.669488 -0.3553645 0.4029732
v 2.636737 -0.3217011 0.4029882
v 2.647433 -0.3248008 0.4029813
v 2.630058 -0.2811685 0.4029913
v 2.638754 -0.2881235 0.4029839
v 2.639399 -0.241163 0.4029872
v 2.644771 -0.2509193 0.4029813
v 2.663337 -0.2077791 0.4029772
v 2.664568 -0.2188472 0.4029722
v 2.69823 -0.1860967 0.4029631
v 2.695133 -0.1967924 0.4029603
v 2.738765 -0.1794176 0.4029462
v 2.731809 -0.1881144 0.4029462
v 2.768118 -0.2053855 0.4167807
v 2.777724 -0.1821976 0.3835086
v 2.819847 -0.2000851 0.3834915
v 2.831107 -0.2411634 0.2172104
v 2.795884 -0.2239833 0.2033691
v 2.776447 -0.2675701 0.1957049
v 2.779844 -0.2846471 0.1957018
v 2.840449 -0.2811686 0.2172073
v 2.776447 -0.3017241 0.1957049
v 2.83377 -0.3217031 0.2172114
v 2.766775 -0.3162021 0.1957139
v 2.812087 -0.3565968 0.2172214
v 2.752297 -0.3258751 0.1957259
v 2.778702 -0.3805346 0.2172355
v 2.735219 -0.3292721 0.1957399
v 2.738698 -0.3898756 0.2172524
v 2.718143 -0.3258751 0.1957547
v 2.698165 -0.3831968 0.2172696
v 2.703665 -0.3162011 0.1957669
v 2.663272 -0.3615156 0.2172844
v 2.693993 -0.3017241 0.1957747
v 2.639332 -0.3281289 0.2172935
v 2.690596 -0.2846471 0.1957769
v 2.629992 -0.2881255 0.2172966
v 2.693993 -0.2675701 0.1957738
v 2.63667 -0.2475914 0.2172925
v 2.703665 -0.2530931 0.1957659
v 2.658352 -0.212699 0.2172825
v 2.718143 -0.2434201 0.1957528
v 2.691738 -0.1887597 0.2172687
v 2.73522 -0.2400231 0.1957387
v 2.731742 -0.1794185 0.2172515
v 2.752297 -0.2434201 0.1957249
v 2.780984 -0.1741633 0.2366583
v 2.766775 -0.2530931 0.1957127
v 2.676762 -0.2210882 0.4649432
v 2.739506 -0.1887669 0.4535334
v 2.764095 -0.2153653 0.4741962
v 2.699628 -0.1860102 0.4355325
v 2.656904 -0.2483649 0.4649491
v 2.801527 -0.2185151 0.456973
v 2.648996 -0.2811656 0.4649513
v 2.816555 -0.2547922 0.4648964
v 2.654242 -0.3144946 0.4649491
v 2.8218 -0.2881228 0.464894
v 2.682732 -0.3337437 0.4760578
v 2.813893 -0.3209213 0.4648973
v 2.76525 -0.3658003 0.4649121
v 2.806189 -0.3620824 0.4355025
v 2.731292 -0.3805213 0.4535343
v 2.690946 -0.3796816 0.4355335
v 2.777583 -0.4281068 0.06916931
v 2.618778 -0.3787582 0.06925746
v 2.718844 -0.4429142 0.08058541
v 2.5916 -0.3270724 0.06928346
v 2.829269 -0.4009286 0.06915129
v 2.594324 -0.2694203 0.06241903
v 2.655564 -0.4326863 0.09862716
v 2.875151 -0.3602104 0.08053314
v 2.883949 -0.3002746 0.06915032
v 2.603599 -0.2131558 0.06930646
v 2.86851 -0.2484643 0.05988228
v 2.640949 -0.168267 0.06929941
v 2.859201 -0.1888438 0.07712245
v 2.692635 -0.1410884 0.0692814
v 2.810721 -0.1445558 0.08061315
v 2.75193 -0.1173414 0.0986561
v 2.831812 -0.2100751 0.2910697
v 2.81013 -0.2643388 0.2910716
v 2.823412 -0.2165571 0.2578086
v 2.885611 -0.2438932 0.2577704
v 2.78048 -0.1986989 0.2772462
v 2.808612 -0.1636446 0.2772461
v 2.744143 -0.1879062 0.2772612
v 2.756721 -0.1447546 0.2772741
v 2.706445 -0.1918402 0.2772731
v 2.70155 -0.1471606 0.2772991
v 2.67312 -0.209902 0.2772813
v 2.651499 -0.170496 0.2773153
v 2.649243 -0.2393415 0.2772841
v 2.614189 -0.2112098 0.2773211
v 2.638451 -0.2756779 0.2772822
v 2.595299 -0.2631008 0.2773163
v 2.642385 -0.3133779 0.2772741
v 2.597705 -0.3182718 0.2773004
v 2.660448 -0.346703 0.2772622
v 2.621041 -0.3683228 0.2772772
v 2.689886 -0.3705773 0.2772481
v 2.661754 -0.4056324 0.2772481
v 2.726221 -0.3813699 0.2772331
v 2.713645 -0.4245225 0.2772202
v 2.763921 -0.3774368 0.2772214
v 2.768817 -0.4221164 0.2771961
v 2.797247 -0.3593741 0.277213
v 2.818867 -0.39878 0.2771792
v 2.821123 -0.329935 0.2772101
v 2.856177 -0.3580675 0.2771732
v 2.831915 -0.2935996 0.2772121
v 2.875067 -0.3061752 0.2771782
v 2.838202 -0.2050804 0.2250196
v 2.852942 -0.2527027 0.2249986
v 2.858519 -0.1894019 0.1917473
v 2.893413 -0.2417399 0.1917185
v 2.80253 -0.1601559 0.2111992
v 2.812612 -0.156563 0.2111992
v 2.749773 -0.1438383 0.2112271
v 2.757711 -0.1366614 0.21123
v 2.694788 -0.1489523 0.2112522
v 2.699375 -0.1392837 0.2112562
v 2.645943 -0.1747201 0.2112682
v 2.646482 -0.164031 0.2112741
v 2.610679 -0.2172163 0.2112741
v 2.607086 -0.2071361 0.2112813
v 2.594362 -0.2699734 0.2112691
v 2.587185 -0.2620352 0.2112751
v 2.599476 -0.3249607 0.2112532
v 2.589807 -0.3203717 0.2112582
v 2.625243 -0.3738033 0.2112303
v 2.614554 -0.3732646 0.2112322
v 2.66774 -0.4090672 0.2112012
v 2.65766 -0.4126607 0.2112012
v 2.720497 -0.4253849 0.2111732
v 2.712559 -0.4325617 0.2111711
v 2.775483 -0.4202706 0.2111491
v 2.770895 -0.4299395 0.2111441
v 2.824327 -0.3945033 0.2111322
v 2.823788 -0.4051923 0.211126
v 2.859591 -0.3520066 0.211126
v 2.863184 -0.3620884 0.2111191
v 2.875908 -0.2992496 0.211131
v 2.883085 -0.3071876 0.211125
v 2.883949 -0.3002746 0.06915032
v 2.86851 -0.2484643 0.05988228
v 2.875151 -0.3602104 0.08053314
v 2.829269 -0.4009286 0.06915129
v 2.777583 -0.4281068 0.06916931
v 2.718844 -0.4429142 0.08058541
v 2.655564 -0.4326863 0.09862716
v 2.618778 -0.3787582 0.06925746
v 2.5916 -0.3270724 0.06928346
v 2.594324 -0.2694203 0.06241903
v 2.603599 -0.2131558 0.06930646
v 2.640949 -0.168267 0.06929941
v 2.692635 -0.1410884 0.0692814
v 2.75193 -0.1173414 0.0986561
v 2.810721 -0.1445558 0.08061315
v 2.859201 -0.1888438 0.07712245
v 2.885611 -0.2438932 0.2577704
v 2.875067 -0.3061752 0.2771782
v 2.856177 -0.3580675 0.2771732
v 2.818867 -0.39878 0.2771792
v 2.768817 -0.4221164 0.2771961
v 2.713645 -0.4245225 0.2772202
v 2.661754 -0.4056324 0.2772481
v 2.621041 -0.3683228 0.2772772
v 2.597705 -0.3182718 0.2773004
v 2.595299 -0.2631008 0.2773163
v 2.614189 -0.2112098 0.2773211
v 2.651499 -0.170496 0.2773153
v 2.70155 -0.1471606 0.2772991
v 2.756721 -0.1447546 0.2772741
v 2.808612 -0.1636446 0.2772461
v 2.831812 -0.2100751 0.2910697
v 2.831915 -0.2935996 0.2772121
v 2.850681 -0.2533825 0.2707128
v 2.81013 -0.2643388 0.2910716
v 2.853063 -0.3048505 0.2707049
v 2.821123 -0.329935 0.2772101
v 2.836365 -0.3484103 0.2707018
v 2.797247 -0.3593741 0.277213
v 2.804268 -0.3822644 0.2707049
v 2.763921 -0.3774368 0.2772214
v 2.761658 -0.4012595 0.2707137
v 2.726221 -0.3813699 0.2772331
v 2.715024 -0.4025024 0.2707259
v 2.689886 -0.3705773 0.2772481
v 2.671465 -0.385805 0.2707398
v 2.660448 -0.346703 0.2772622
v 2.63761 -0.35371 0.2707538
v 2.642385 -0.3133779 0.2772741
v 2.618615 -0.3110996 0.2707658
v 2.638451 -0.2756779 0.2772822
v 2.617372 -0.2644641 0.2707739
v 2.649243 -0.2393415 0.2772841
v 2.634069 -0.2209047 0.270777
v 2.67312 -0.209902 0.2772813
v 2.666166 -0.1870496 0.2707739
v 2.706445 -0.1918402 0.2772731
v 2.708775 -0.1680549 0.2707648
v 2.744143 -0.1879062 0.2772612
v 2.75541 -0.1668117 0.2707528
v 2.78048 -0.1986989 0.2772462
v 2.79897 -0.1835092 0.2707388
v 2.823412 -0.2165571 0.2578086
v 2.829923 -0.211576 0.2707247
v 2.801527 -0.2185151 0.456973
v 2.816555 -0.2547922 0.4648964
v 2.8218 -0.2881228 0.464894
v 2.813893 -0.3209213 0.4648973
v 2.806189 -0.3620824 0.4355025
v 2.76525 -0.3658003 0.4649121
v 2.731292 -0.3805213 0.4535343
v 2.690946 -0.3796816 0.4355335
v 2.682732 -0.3337437 0.4760578
v 2.654242 -0.3144946 0.4649491
v 2.648996 -0.2811656 0.4649513
v 2.656904 -0.2483649 0.4649491
v 2.676762 -0.2210882 0.4649432
v 2.699628 -0.1860102 0.4355325
v 2.739506 -0.1887669 0.4535334
v 2.764095 -0.2153653 0.4741962
v 2.791617 -0.5604175 0.09557
v 2.815851 -0.5490617 0.1734082
v 2.827656 -0.5309587 0.1276037
v 2.785139 -0.5604176 0.2029568
v 2.758777 -0.560415 0.07386629
v 2.749884 -0.5604193 0.2205588
v 2.719486 -0.5604203 0.07148986
v 2.710592 -0.5604141 0.2181832
v 2.67583 -0.5525737 0.0872689
v 2.677752 -0.5604177 0.1964783
v 2.661232 -0.5605183 0.126386
v 2.641714 -0.5309585 0.1644439
v 2.710499 -0.3297338 0.07390016
v 2.689017 -0.3205201 0.1004316
v 2.719553 -0.3297381 0.2205779
v 2.758871 -0.3297329 0.2181446
v 2.749817 -0.3297391 0.07146756
v 2.791703 -0.3297365 0.1963808
v 2.785043 -0.3297366 0.08900502
v 2.818689 -0.3410925 0.1628005
v 2.824379 -0.3591955 0.1153926
v 2.684327 -0.3297355 0.2030401
v 2.647227 -0.3491026 0.1226375
v 2.64499 -0.3591956 0.1766503
v 2.637479 -0.3157225 0.2075023
v 2.768152 -0.2557198 0.1978747
v 2.741052 -0.324328 0.1787021
v 2.731756 -0.1764059 0.2050228
v 2.618507 -0.1943996 0.2202105
v 2.731456 -0.2088189 0.2112285
v 2.636374 -0.1589073 0.2096159
v 2.591345 -0.1649854 0.1759627
v 2.720832 -0.1523498 0.2049724
v 2.66992 -0.1275437 0.1830925
v 2.599861 -0.2920653 0.2061882
v 2.642851 -0.1646504 0.2003162
v 2.567023 -0.224721 0.2135019
v 2.680469 -0.1977356 0.1971733
v 2.670907 -0.2269792 0.2065873
v 2.563097 -0.1822582 0.204495
v 2.670527 -0.2164909 0.2118673
v 2.576497 -0.145891 0.1903744
v 2.635854 -0.1202316 0.2036907
v 2.703874 -0.1337205 0.17966
v 2.716087 -0.1802637 0.1124455
v 2.670281 -0.2172918 0.08146245
v 2.633561 -0.1060649 0.1068029
v 2.573601 -0.1492979 0.1025214
v 2.559541 -0.1926429 0.08828508
v 2.674107 -0.2164316 0.08715934
v 2.569907 -0.2339506 0.07985328
v 2.670772 -0.1793223 0.09628124
v 2.638832 -0.1831567 0.07659885
v 2.603841 -0.2960147 0.08728561
v 2.625755 -0.1898876 0.07330998
v 2.643378 -0.2970255 0.0726058
v 2.737206 -0.1842648 0.08798413
v 2.764627 -0.2772 0.09539596
v 2.720827 -0.3341239 0.1146875
v 2.726967 -0.1831155 0.08338921
v 2.63062 -0.1625521 0.08323809
v 2.587981 -0.1689869 0.1174161
v 2.742581 -0.1961268 0.08578365
v 2.669144 -0.1223095 0.1246063
v 2.726389 -0.1834961 0.2074005
v 2.757903 -0.3238245 0.1978692
v 2.696403 -0.2830851 0.1786513
v 2.843167 -0.304459 0.2050952
v 2.848957 -0.1897492 0.2199565
v 2.811358 -0.2971918 0.2114903
v 2.879944 -0.2145191 0.2093874
v 2.883388 -0.1697769 0.1758095
v 2.86911 -0.2982033 0.2052173
v 2.903728 -0.2537751 0.182978
v 2.757257 -0.1516796 0.2060315
v 2.873151 -0.219524 0.2003366
v 2.829959 -0.13335 0.2131628
v 2.832822 -0.2501434 0.1970014
v 2.806079 -0.2342244 0.2067234
v 2.872138 -0.1378377 0.2038871
v 2.816391 -0.2355204 0.2121328
v 2.904901 -0.1586129 0.1899689
v 2.917967 -0.2215117 0.2035199
v 2.890788 -0.2861449 0.1796967
v 2.932261 -0.2226646 0.1065739
v 2.842344 -0.2884693 0.1120558
v 2.81559 -0.2352225 0.08092918
v 2.902148 -0.1551617 0.1025063
v 2.862706 -0.1323543 0.0884887
v 2.815724 -0.2396614 0.08668663
v 2.820319 -0.1343061 0.07979859
v 2.852839 -0.2444986 0.09611071
v 2.855717 -0.2119731 0.07631648
v 2.752552 -0.1547834 0.08718435
v 2.851789 -0.1975455 0.07319796
v 2.74333 -0.1932522 0.07253031
v 2.83414 -0.3083011 0.08772362
v 2.737571 -0.3159482 0.09535186
v 2.691013 -0.2612718 0.1146366
v 2.837476 -0.2982388 0.08294965
v 2.8775 -0.2082187 0.08315884
v 2.880162 -0.165662 0.1172627
v 2.821343 -0.3106362 0.08518697
v 2.908973 -0.254445 0.1244589
v 2.683518 -0.2044784 0.2699656
v 2.754346 -0.3952603 0.2541758
v 2.754346 -0.1743276 0.254173
v 2.687465 -0.379089 0.2810735
v 2.752386 -0.4047723 0.2772321
v 2.765327 -0.1553424 0.2901711
v 2.755596 -0.1575878 0.2953019
v 2.769289 -0.4120004 0.3089969
v 2.746166 -0.176295 0.3353197
v 2.746166 -0.3932931 0.3353216
v 2.682717 -0.2179399 0.3272414
v 2.683496 -0.3651097 0.3195691
v 2.844237 -0.3965681 0.3078438
v 2.844215 -0.3965681 0.2816037
v 2.844237 -0.1730201 0.3078417
v 2.85552 -0.1874659 0.3127617
v 2.844242 -0.3965671 0.3127638
v 2.855494 -0.1874659 0.2816018
v 2.769281 -0.4120004 0.2452046
v 2.853578 -0.3851376 0.2725839
v 2.834448 -0.4031107 0.2526073
v 2.739691 -0.3977681 0.2383777
v 2.851174 -0.1810531 0.2725817
v 2.744977 -0.1626665 0.3254461
v 2.739735 -0.1664769 0.3335666
v 2.845764 -0.1804816 0.3432495
v 2.746192 -0.176295 0.3664787
v 2.756897 -0.4088132 0.3388824
v 2.746192 -0.3932919 0.3664818
v 2.697197 -0.2128391 0.3698628
v 2.672877 -0.3552228 0.3396222
v 2.826544 -0.4054735 0.3425669
v 2.71939 -0.3807142 0.3332829
v 2.739037 -0.1979463 0.3759968
v 2.712304 -0.2602068 0.3370075
v 2.758018 -0.2925291 0.3750688
v 2.845784 -0.2789094 0.355703
v 2.852456 -0.2731477 0.3556813
v 2.816746 -0.2118431 0.392913
v 2.717548 -0.3106917 0.3520636
v 2.733018 -0.2770581 0.3500709
v 2.763159 -0.3684328 0.390918
v 2.859679 -0.2996719 0.3330168
v 2.846676 -0.3594035 0.3710348
v 2.821837 -0.2964394 0.386301
v 2.695115 -0.1976486 0.2270324
v 2.754316 -0.3952605 0.2189159
v 2.756573 -0.1886371 0.207874
v 2.677288 -0.3689003 0.251538
v 2.738848 -0.1672182 0.2578802
v 2.816153 -0.1572742 0.2504012
v 2.757986 -0.1634448 0.2339696
v 2.827266 -0.2031681 0.2020666
v 2.727509 -0.2094717 0.2159554
v 2.738206 -0.2596726 0.2046887
v 2.835925 -0.2782482 0.2145795
v 2.766487 -0.2756298 0.2047366
v 2.847023 -0.2637118 0.2249676
v 2.746439 -0.3011118 0.2102899
v 2.861897 -0.3095883 0.2505497
v 2.811606 -0.2945607 0.1982383
v 2.745996 -0.2978078 0.2043399
v 2.738984 -0.3557985 0.2034814
v 2.835147 -0.37236 0.2109975
v 2.858031 -0.2025318 0.1344581
v 2.875477 -0.2557882 0.2814521
v 2.853392 -0.2106965 0.2715422
v 2.874604 -0.253464 0.1062714
v 2.873089 -0.251357 0.281757
v 2.869604 -0.2461598 0.1059624
v 2.864964 -0.2412222 0.2817608
v 2.859847 -0.2374974 0.1059527
v 2.854334 -0.2345567 0.2816669
v 2.849058 -0.2329271 0.1060386
v 2.817485 -0.2183209 0.2549979
v 2.842616 -0.2512742 0.09223069
v 2.815747 -0.3402209 0.281659
v 2.8212 -0.3628637 0.2426597
v 2.820812 -0.3418329 0.1060504
v 2.798461 -0.3315445 0.1059571
v 2.793457 -0.3278233 0.2817647
v 2.779526 -0.3132887 0.1059854
v 2.776216 -0.3082392 0.2817439
v 2.768896 -0.2932158 0.1062687
v 2.768064 -0.29072 0.2814669
v 2.761261 -0.2546633 0.1092806
v 2.779058 -0.223842 0.2784583
v 2.835766 -0.3444497 0.1062392
v 2.771663 -0.3144052 0.2270731
v 2.772792 -0.2621577 0.2773024
v 2.789189 -0.3530237 0.1992504
v 2.971957 -0.3280284 0.2119044
v 2.967387 -0.3776481 0.2232858
v 2.81489 -0.3776481 0.3033508
v 2.971961 -0.2482677 0.2896651
v 2.960692 -0.3709493 0.2965871
v 2.967311 -0.2346491 0.1342847
v 2.942311 -0.3416491 0.1092847
v 2.862432 -0.3610318 0.2869712
v 2.827751 -0.387115 0.3150875
v 2.827532 -0.3883904 0.2791583
v 2.865028 -0.3537597 0.3130039
v 2.823148 -0.3735921 0.3516514
v 2.855929 -0.3521062 0.3443574
v 2.815053 -0.3493842 0.3800394
v 2.847101 -0.3345358 0.3709351
v 2.805741 -0.3154781 0.3980576
v 2.810703 -0.3029004 0.399903
v 2.803267 -0.2737741 0.4020254
v 2.798267 -0.2751429 0.4021923
v 2.813977 -0.2514246 0.3956968
v 2.809563 -0.2354854 0.3905138
v 2.852163 -0.2247463 0.3579732
v 2.819397 -0.2065076 0.3669295
v 2.85891 -0.2121889 0.3302845
v 2.825937 -0.1876721 0.3348073
v 2.865598 -0.2144418 0.3027717
v 2.828155 -0.1802684 0.3005013
v 2.862308 -0.2095524 0.2785544
v 2.82594 -0.1840221 0.2626239
v 2.85881 -0.2169269 0.2495557
v 2.819256 -0.2000206 0.2280962
v 2.852052 -0.2320185 0.2238463
v 2.809451 -0.2265715 0.2019848
v 2.810808 -0.2588395 0.188805
v 2.803211 -0.2629086 0.1871163
v 2.798212 -0.2961114 0.1854097
v 2.80321 -0.2957707 0.1854073
v 2.805662 -0.3262342 0.1931829
v 2.814473 -0.3242834 0.1937026
v 2.814911 -0.3571945 0.2138368
v 2.855818 -0.3460057 0.23637
v 2.823023 -0.3785985 0.2442888
v 2.860898 -0.3567736 0.2628807
v 2.841191 -0.2214575 0.2050921
v 2.846322 -0.1944852 0.2334591
v 2.867954 -0.2172686 0.2120513
v 2.871001 -0.2532274 0.1905226
v 2.838743 -0.2563488 0.1885468
v 2.880336 -0.2972326 0.1851908
v 2.838212 -0.2941373 0.1852173
v 2.837801 -0.3308342 0.1950871
v 2.89083 -0.3384486 0.1974221
v 2.836958 -0.3618368 0.2169134
v 2.89999 -0.3683589 0.2207168
v 2.836772 -0.3834169 0.2479118
v 2.906817 -0.3882943 0.2524022
v 2.836718 -0.3931001 0.2843219
v 2.909939 -0.3963023 0.2886914
v 2.876134 -0.1949365 0.249657
v 2.856765 -0.1804722 0.2716672
v 2.887921 -0.1951797 0.2849027
v 2.864006 -0.1807068 0.3024057
v 2.886246 -0.1937846 0.2997347
v 2.857592 -0.1869567 0.3356084
v 2.869328 -0.1921815 0.3367225
v 2.846884 -0.2071127 0.3693861
v 2.862016 -0.2110445 0.3700568
v 2.84088 -0.2379042 0.3919474
v 2.864134 -0.2435877 0.3931707
v 2.838267 -0.2749621 0.4021122
v 2.874143 -0.2775698 0.4020456
v 2.885863 -0.3123853 0.3996262
v 2.837663 -0.3131422 0.398746
v 2.895714 -0.3475337 0.384484
v 2.837158 -0.3473643 0.3826539
v 2.903943 -0.3748541 0.358673
v 2.8369 -0.3739448 0.355931
v 2.90893 -0.3916568 0.3254756
v 2.836762 -0.3898042 0.3218068
v 2.853964 -0.2073195 0.374838
v 2.805871 -0.3779198 0.3464317
v 2.827286 -0.1940837 0.3523578
v 2.828932 -0.3779262 0.3681971
v 2.873641 -0.2326422 0.3938159
v 2.856217 -0.3665337 0.3900148
v 2.791656 -0.3779154 0.3181826
v 2.810009 -0.1852745 0.3176708
v 2.78774 -0.3778079 0.287841
v 2.807076 -0.1839442 0.2798606
v 2.89793 -0.2601177 0.4009949
v 2.892631 -0.3485468 0.4006089
v 2.940642 -0.2490291 0.3711735
v 2.920274 -0.377929 0.3730298
v 2.961908 -0.2592019 0.3523389
v 2.945487 -0.377923 0.3538123
v 2.790104 -0.3776831 0.2712781
v 2.808457 -0.1853775 0.272932
v 2.794394 -0.3800949 0.2844939
v 2.830513 -0.1899447 0.3100907
v 2.799814 -0.3800958 0.2978217
v 2.816436 -0.1830359 0.2901787
v 2.789065 -0.3783566 0.2503423
v 2.813698 -0.1856114 0.23303
v 2.80118 -0.3781282 0.2234399
v 2.835629 -0.1955283 0.2068166
v 2.816928 -0.3491696 0.1888477
v 2.845292 -0.2330196 0.1817073
v 2.924373 -0.367353 0.1933437
v 2.956707 -0.2689196 0.2024928
v 2.950958 -0.3781285 0.2175754
v 2.974696 -0.2662897 0.2288099
v 2.965974 -0.3783617 0.2413353
v 2.982718 -0.2688862 0.2520414
v 2.965057 -0.3800871 0.2829126
v 2.976984 -0.2664959 0.2925967
v 2.955913 -0.3805007 0.2980751
v 2.979531 -0.2659381 0.2793835
v 2.968647 -0.3775656 0.2774204
v 2.982212 -0.2686875 0.2780641
v 2.969608 -0.3779151 0.2964374
v 2.98306 -0.2692289 0.3010031
v 2.962574 -0.3779172 0.3272082
v 2.976365 -0.2661047 0.3281919
v 2.863065 -0.3747972 0.3375115
v 2.746613 -0.3909108 0.233792
v 2.75669 -0.3766074 0.3802144
v 2.869757 -0.3583888 0.259005
v 2.733654 -0.309242 0.2095301
v 2.740909 -0.2918569 0.2003297
v 2.719067 -0.2690282 0.2280912
v 2.726264 -0.2984213 0.3712566
v 2.723701 -0.2791819 0.3687606
v 2.74581 -0.2611756 0.3879494
v 2.758018 -0.1838402 0.2198982
v 2.865498 -0.1966349 0.261275
v 2.745137 -0.1812606 0.3648143
v 2.868752 -0.2085243 0.3396417
v 2.856217 -0.3665337 0.3900148
v 2.892631 -0.3485468 0.4006089
v 2.920274 -0.377929 0.3730298
v 2.828932 -0.3779262 0.3681971
v 2.945487 -0.377923 0.3538123
v 2.805871 -0.3779198 0.3464317
v 2.962574 -0.3779172 0.3272082
v 2.791656 -0.3779154 0.3181826
v 2.969608 -0.3779151 0.2964374
v 2.78774 -0.3778079 0.287841
v 2.968647 -0.3775656 0.2774204
v 2.790104 -0.3776831 0.2712781
v 2.955913 -0.3805007 0.2980751
v 2.794394 -0.3800949 0.2844939
v 2.965057 -0.3800871 0.2829126
v 2.799814 -0.3800958 0.2978217
v 2.965974 -0.3783617 0.2413353
v 2.789065 -0.3783566 0.2503423
v 2.950958 -0.3781285 0.2175754
v 2.80118 -0.3781282 0.2234399
v 2.924373 -0.367353 0.1933437
v 2.816928 -0.3491696 0.1888477
v 2.956707 -0.2689196 0.2024928
v 2.835629 -0.1955283 0.2068166
v 2.845292 -0.2330196 0.1817073
v 2.974696 -0.2662897 0.2288099
v 2.813698 -0.1856114 0.23303
v 2.982718 -0.2688862 0.2520414
v 2.816436 -0.1830359 0.2901787
v 2.976984 -0.2664959 0.2925967
v 2.830513 -0.1899447 0.3100907
v 2.979531 -0.2659381 0.2793835
v 2.808457 -0.1853775 0.272932
v 2.982212 -0.2686875 0.2780641
v 2.807076 -0.1839442 0.2798606
v 2.98306 -0.2692289 0.3010031
v 2.810009 -0.1852745 0.3176708
v 2.976365 -0.2661047 0.3281919
v 2.827286 -0.1940837 0.3523578
v 2.961908 -0.2592019 0.3523389
v 2.853964 -0.2073195 0.374838
v 2.940642 -0.2490291 0.3711735
v 2.873641 -0.2326422 0.3938159
v 2.89793 -0.2601177 0.4009949

vn 0.4067774 -0.8978521 -0.1685062
vn 0.3113392 -0.8978514 -0.3113382
vn 0.8230889 -0.454181 -0.3409463
vn 0.6299662 -0.4541804 -0.6299708
vn 0.6994601 -0.7131656 0.04637636
vn 0.6994604 -0.7131651 -0.04637876
vn 0.6284668 -0.7131644 0.3105259
vn 0.6639712 -0.7131642 0.22481
vn 0.4617943 -0.713163 0.5273947
vn 0.5273867 -0.713165 0.4618004
vn 0.2248334 -0.7131637 0.6639639
vn 0.310512 -0.7131655 0.6284726
vn -0.04637941 -0.7131656 0.6994602
vn 0.04636827 -0.7131615 0.6994652
vn -0.3105093 -0.713163 0.6284767
vn -0.224807 -0.7131664 0.6639701
vn -0.5273905 -0.7131647 0.4617965
vn -0.4618044 -0.7131632 0.5273855
vn -0.6639665 -0.7131636 0.2248256
vn -0.6284709 -0.713164 0.3105187
vn -0.6994594 -0.7131656 -0.0463859
vn -0.6994604 -0.713165 0.0463794
vn -0.6284755 -0.713163 -0.3105114
vn -0.6639587 -0.7131658 -0.2248417
vn -0.4618104 -0.7131667 -0.5273755
vn -0.5273877 -0.7131639 -0.4618007
vn -0.224817 -0.7131657 -0.6639675
vn -0.3105286 -0.7131652 -0.6284648
vn 0.04636579 -0.7131646 -0.6994621
vn -0.04637651 -0.7131658 -0.6994601
vn 0.3105339 -0.7131649 -0.6284626
vn 0.2248355 -0.713165 -0.6639618
vn 0.3105286 -0.7131652 -0.6284648
vn 0.3113419 -0.897851 -0.3113363
vn 0.2248329 -0.7131653 -0.6639625
vn -0.04637916 -0.7131654 -0.6994603
vn 0.04638174 -0.7131656 -0.69946
vn -0.3105229 -0.7131648 -0.6284682
vn -0.224833 -0.7131652 -0.6639625
vn -0.5273951 -0.7131647 -0.4617911
vn -0.4618118 -0.7131652 -0.5273764
vn -0.6639628 -0.713165 -0.2248322
vn -0.6284662 -0.7131645 -0.3105271
vn -0.6994602 -0.7131652 0.0463815
vn -0.6994601 -0.7131653 -0.0463814
vn -0.6284764 -0.7131633 0.3105092
vn -0.6639677 -0.7131633 0.224823
vn -0.4617958 -0.7131651 0.5273906
vn -0.5273924 -0.713164 0.4617953
vn -0.2248135 -0.7131641 0.6639704
vn -0.3105161 -0.7131664 0.6284696
vn 0.0463679 -0.7131641 0.6994626
vn -0.04636564 -0.7131613 0.6994655
vn 0.3105202 -0.713164 0.6284704
vn 0.2248096 -0.7131662 0.6639694
vn 0.527386 -0.7131654 0.4618006
vn 0.4617983 -0.7131637 0.5273902
vn 0.6639656 -0.7131639 0.2248272
vn 0.628475 -0.7131658 0.3105063
vn 0.6994602 -0.7131652 -0.04638082
vn 0.6994623 -0.7131642 0.04636592
vn 0.4067812 -0.8978516 -0.1685
vn 0.8230866 -0.4541825 -0.34095
vn 0.6299726 -0.4541812 -0.6299638
vn 0.3105285 0.7131646 -0.6284655
vn 0.3113432 0.8978509 -0.3113353
vn 0 1 -4.768372E-07
vn 0 1 -4.768372E-07
vn 0.04637898 0.7131648 -0.699461
vn 0 1 -4.768372E-07
vn -0.2248272 0.7131637 -0.663966
vn 0 1 -4.768372E-07
vn -0.4618095 0.7131657 -0.5273777
vn 0 1 -4.768372E-07
vn -0.6284732 0.7131637 -0.3105147
vn 0 1 -4.768372E-07
vn -0.6994604 0.7131653 -0.04637717
vn 0 1 -4.768372E-07
vn -0.6639692 0.7131628 0.2248204
vn 0 1 -4.768372E-07
vn -0.5273942 0.7131659 0.4617902
vn 0 1 -4.768372E-07
vn -0.3105041 0.7131656 0.6284764
vn 0 1 -4.768372E-07
vn -0.04637893 0.7131633 0.6994626
vn 0 1 -4.768372E-07
vn 0.2248219 0.713166 0.6639654
vn 0 1 -4.768372E-07
vn 0.4618008 0.7131652 0.527386
vn 0 1 -4.768372E-07
vn 0.6284716 0.7131642 0.3105168
vn 0 1 -4.768372E-07
vn 0.6994604 0.7131654 0.04637641
vn 0 1 -4.768372E-07
vn 0.8230901 0.4541813 -0.3409435
vn 0 1 -4.768372E-07
vn 0.5273846 -0.713164 0.4618043
vn 0.8257892 -0.5613139 -0.05476386
vn 0.5055966 -0.8369653 -0.2094319
vn 0.8969988 -0.321154 0.3037323
vn 0.3105219 -0.7131641 0.6284695
vn 0.5617061 -0.6074435 -0.5616933
vn 0.04637963 -0.7131655 0.6994602
vn 0.2248254 -0.7131669 -0.6639633
vn -0.2248205 -0.7131619 0.6639704
vn -0.04638266 -0.7131624 -0.6994632
vn -0.3346485 -0.8613592 0.3821928
vn -0.3105094 -0.7131664 -0.6284729
vn -0.6639626 -0.7131639 -0.224836
vn -0.7124982 -0.321156 -0.6238633
vn -0.82579 -0.5613139 0.05475217
vn -0.8490467 -0.3211543 0.4194995
vn -0.663009 0.7131646 -0.2276305
vn -0.464028 0.7131649 0.5254278
vn -0.8260154 0.5613121 0.05125897
vn -0.2276306 0.7131651 0.6630087
vn -0.525434 0.713164 -0.4640225
vn 0.03675714 0.8049174 0.5922479
vn -0.8508162 0.3211555 0.4158981
vn -0.3634582 0.5613132 -0.7435228
vn -0.04342094 0.7131642 -0.6996515
vn 0.3078565 0.7131649 0.6297785
vn 0.1430765 0.836966 -0.5282213
vn 0.5254281 0.713165 0.4640277
vn 0.4852832 0.6074424 -0.6288995
vn 0.663009 0.7131649 0.2276299
vn 0.7435237 0.5613138 -0.3634549
vn 0.9452086 0.3211544 -0.05865609
vn 0.2689855 -0.8978519 -0.348582
vn 0.11511 -0.8978511 -0.4249867
vn 0.544267 -0.4541831 -0.7053308
vn 0.2329179 -0.454182 -0.8599236
vn 0.6297759 -0.7131649 -0.3078613
vn 0.58362 -0.7131642 -0.3883104
vn 0.6996512 -0.7131646 -0.043416
vn 0.6877925 -0.7131649 -0.1354168
vn 0.6630114 -0.7131639 0.2276258
vn 0.6872602 -0.7131638 0.1380978
vn 0.5254269 -0.7131653 0.4640284
vn 0.5820939 -0.7131652 0.3905924
vn 0.3078614 -0.7131644 0.6297765
vn 0.3883106 -0.7131637 0.5836205
vn 0.04341597 -0.7131642 0.6996518
vn 0.1354168 -0.7131646 0.6877931
vn -0.227637 -0.7131644 0.6630073
vn -0.1381031 -0.7131645 0.6872589
vn -0.464039 -0.7131637 0.5254197
vn -0.390597 -0.713164 0.5820926
vn -0.6297767 -0.7131644 0.3078609
vn -0.5836173 -0.7131641 0.3883146
vn -0.6996512 -0.7131637 0.04342922
vn -0.6877924 -0.7131647 0.1354179
vn -0.6630093 -0.7131667 -0.2276234
vn -0.6872574 -0.7131652 -0.1381051
vn -0.5254275 -0.7131634 -0.4640304
vn -0.5820923 -0.7131644 -0.3905964
vn -0.3078655 -0.7131647 -0.6297743
vn -0.3883123 -0.7131649 -0.5836181
vn -0.04342004 -0.7131654 -0.6996503
vn -0.1354146 -0.7131651 -0.687793
vn 0.268982 -0.8978507 -0.348588
vn 0.1151125 -0.8978516 -0.4249851
vn 0.5442697 -0.4541825 -0.7053292
vn 0.2329228 -0.4541827 -0.8599219
vn 0.6297756 -0.7131644 -0.307863
vn 0.5836141 -0.7131662 -0.3883156
vn 0.6996505 -0.7131649 -0.04342126
vn 0.687796 -0.7131639 -0.1354041
vn 0.6630107 -0.7131642 0.2276271
vn 0.6872588 -0.7131647 0.138101
vn 0.5254263 -0.7131646 0.4640303
vn 0.5820937 -0.7131646 0.3905942
vn 0.3078631 -0.713164 0.6297762
vn 0.3883068 -0.7131646 0.583622
vn 0.04342176 -0.7131646 0.6996511
vn 0.1354118 -0.7131641 0.6877947
vn -0.2276351 -0.7131647 0.6630076
vn -0.1381011 -0.7131644 0.6872593
vn -0.4640292 -0.7131637 0.5254282
vn -0.390594 -0.7131644 0.582094
vn -0.6297756 -0.7131642 0.3078637
vn -0.5836215 -0.7131647 0.3883073
vn -0.6996505 -0.7131649 0.04342247
vn -0.6877955 -0.7131639 0.1354067
vn -0.6630071 -0.713165 -0.2276349
vn -0.6872588 -0.7131648 -0.1381003
vn -0.5254296 -0.7131647 -0.4640264
vn -0.5820964 -0.7131644 -0.3905904
vn -0.3078611 -0.7131647 -0.6297764
vn -0.3883116 -0.713166 -0.5836172
vn -0.04342122 -0.7131652 -0.6996504
vn -0.1354078 -0.7131644 -0.6877949
vn -0.04342094 0.7131642 -0.6996515
vn 0.1430765 0.836966 -0.5282213
vn -0.3634582 0.5613132 -0.7435228
vn -0.525434 0.713164 -0.4640225
vn -0.663009 0.7131646 -0.2276305
vn -0.8260154 0.5613121 0.05125897
vn -0.8508162 0.3211555 0.4158981
vn -0.464028 0.7131649 0.5254278
vn -0.2276306 0.7131651 0.6630087
vn 0.03675714 0.8049174 0.5922479
vn 0.3078565 0.7131649 0.6297785
vn 0.5254281 0.713165 0.4640277
vn 0.663009 0.7131649 0.2276299
vn 0.9452086 0.3211544 -0.05865609
vn 0.7435237 0.5613138 -0.3634549
vn 0.4852832 0.6074424 -0.6288995
vn 0.2329179 -0.454182 -0.8599236
vn -0.1354146 -0.7131651 -0.687793
vn -0.3883123 -0.7131649 -0.5836181
vn -0.5820923 -0.7131644 -0.3905964
vn -0.6872574 -0.7131652 -0.1381051
vn -0.6877924 -0.7131647 0.1354179
vn -0.5836173 -0.7131641 0.3883146
vn -0.390597 -0.713164 0.5820926
vn -0.1381031 -0.7131645 0.6872589
vn 0.1354168 -0.7131646 0.6877931
vn 0.3883106 -0.7131637 0.5836205
vn 0.5820939 -0.7131652 0.3905924
vn 0.6872602 -0.7131638 0.1380978
vn 0.6877925 -0.7131649 -0.1354168
vn 0.58362 -0.7131642 -0.3883104
vn 0.2689855 -0.8978519 -0.348582
vn -0.04342004 -0.7131654 -0.6996503
vn 0.2614342 -4.602534E-07 -0.9652216
vn 0.11511 -0.8978511 -0.4249867
vn -0.1931785 -4.678552E-07 -0.9811639
vn -0.3078655 -0.7131647 -0.6297743
vn -0.5539499 -3.969908E-07 -0.8325503
vn -0.5254275 -0.7131634 -0.4640304
vn -0.8303784 -2.656936E-07 -0.5572001
vn -0.6630093 -0.7131667 -0.2276234
vn -0.9804058 -9.393139E-08 -0.1969885
vn -0.6996512 -0.7131637 0.04342922
vn -0.9811651 9.21114E-08 0.1931717
vn -0.6297767 -0.7131644 0.3078609
vn -0.8325592 2.641372E-07 0.5539361
vn -0.464039 -0.7131637 0.5254197
vn -0.5572119 3.959514E-07 0.8303705
vn -0.227637 -0.7131644 0.6630073
vn -0.1970065 4.674922E-07 0.9804025
vn 0.04341597 -0.7131642 0.6996518
vn 0.1931726 4.678558E-07 0.9811652
vn 0.3078614 -0.7131644 0.6297765
vn 0.5539376 3.969947E-07 0.8325586
vn 0.5254269 -0.7131653 0.4640284
vn 0.8303802 2.656923E-07 0.5571974
vn 0.6630114 -0.7131639 0.2276258
vn 0.9804022 9.393973E-08 0.197006
vn 0.6996512 -0.7131646 -0.043416
vn 0.9811647 -9.211202E-08 -0.193173
vn 0.6297759 -0.7131649 -0.3078613
vn 0.8325582 -2.64138E-07 -0.5539378
vn 0.544267 -0.4541831 -0.7053308
vn 0.6109208 -3.77508E-07 -0.791692
vn 0.5617061 -0.6074435 -0.5616933
vn 0.2248254 -0.7131669 -0.6639633
vn -0.04638266 -0.7131624 -0.6994632
vn -0.3105094 -0.7131664 -0.6284729
vn -0.7124982 -0.321156 -0.6238633
vn -0.6639626 -0.7131639 -0.224836
vn -0.82579 -0.5613139 0.05475217
vn -0.8490467 -0.3211543 0.4194995
vn -0.3346485 -0.8613592 0.3821928
vn -0.2248205 -0.7131619 0.6639704
vn 0.04637963 -0.7131655 0.6994602
vn 0.3105219 -0.7131641 0.6284695
vn 0.5273846 -0.713164 0.4618043
vn 0.8969988 -0.321154 0.3037323
vn 0.8257892 -0.5613139 -0.05476386
vn 0.5055966 -0.8369653 -0.2094319
vn -0.7178727 0.4469817 -0.533729
vn -0.5664614 -0.2828205 -0.7740377
vn -0.3250874 0.162787 -0.9315683
vn -0.7178735 -0.5337345 -0.4469738
vn -0.7178395 0.653925 -0.2389331
vn -0.7179095 -0.6857456 -0.1198307
vn -0.7179095 0.6857456 0.1198307
vn -0.7178395 -0.653925 0.2389331
vn -0.613289 0.5580391 0.5589897
vn -0.7178743 -0.4469659 0.5337399
vn -0.7192157 0.1795436 0.6711879
vn -0.325086 -0.1627748 0.9315708
vn 0.7179095 0.6535814 0.2396617
vn 0.8407592 0.3825085 0.38316
vn 0.7178395 -0.6858823 0.1194667
vn 0.7179086 -0.6535854 -0.2396531
vn 0.7178395 0.6858823 -0.1194667
vn 0.7178743 -0.4460785 -0.5344818
vn 0.7178727 0.534489 -0.4460725
vn 0.5664614 -0.1414104 -0.8118652
vn 0.3250873 0.3255745 -0.8878739
vn 0.7178743 -0.5344819 0.4460783
vn 0.4596602 0.2294973 0.85793
vn 0.3250859 -0.3255501 0.8878833
vn -0.6543123 -0.7269004 0.2085468
vn 0.01905688 -0.599146 -0.8004134
vn -0.7690524 -0.3434285 -0.5390877
vn 0.4699094 -0.7070387 -0.5284715
vn 0.3433264 -0.8981023 0.2748451
vn -0.02893106 -0.7960896 -0.6044875
vn 0.5698899 -0.7806267 0.2566084
vn 0.6355155 -0.3177567 0.7036699
vn 0.5839897 -0.7261546 -0.3628445
vn 0.8947376 -0.4361567 0.09597991
vn -0.4722166 -0.7092178 0.5234713
vn 0.7599828 -0.6308457 -0.1563973
vn -0.1009594 -0.8121598 0.5746341
vn 0.2455128 -0.5958617 -0.7646392
vn -0.2444013 -0.7309539 -0.6371619
vn 0.3318775 -0.7048131 0.6269739
vn -0.2845575 -0.8186852 -0.4987806
vn 0.5901084 -0.5383521 0.6016226
vn 0.6655664 -0.7416514 0.0835163
vn 0.5323805 -0.4168569 -0.736751
vn -0.08819469 0.427629 -0.8996421
vn -0.2952361 0.8168442 -0.4955823
vn 0.854456 0.5068527 0.1140409
vn 0.5446823 0.5417798 0.6401535
vn 0.1934154 0.7127037 0.6742734
vn -0.1037667 0.7258851 -0.6799443
vn -0.224021 0.8139281 0.5360376
vn 0.491024 0.5958606 -0.6354889
vn 0.5132321 0.8520522 -0.1029583
vn -0.5248756 0.7094828 0.4702555
vn 0.4034867 0.8974913 0.1780682
vn -0.405019 0.9050529 0.1297663
vn 0.365123 0.7107546 -0.6012601
vn -0.2673456 0.6005697 -0.7535536
vn -0.899665 0.3434302 -0.2695526
vn 0.3137815 0.7776865 -0.5447435
vn 0.5212926 0.785637 0.3332102
vn 0.5821631 0.3177572 0.7484096
vn 0.0002965443 0.7574268 -0.6529205
vn 0.9645274 0.241659 0.106244
vn 0.3409202 -0.7268751 0.5961766
vn -0.7864857 -0.5997524 0.1474371
vn -0.3674403 -0.3434312 0.8643166
vn -0.6108118 -0.7093926 -0.3516695
vn 0.2038655 -0.8967442 -0.3927969
vn -0.5783026 -0.8011011 0.154284
vn 0.1400796 -0.7795835 -0.6104327
vn 0.5561628 -0.3177586 -0.7679277
vn -0.4648694 -0.7309552 -0.4996013
vn -0.08352098 -0.4364048 -0.8958659
vn 0.6102732 -0.7087703 0.3538526
vn -0.3016253 -0.6332384 -0.7127636
vn 0.5859616 -0.8100929 -0.01997891
vn -0.7989774 -0.595861 -0.08114723
vn -0.5659242 -0.7351395 0.3732293
vn 0.5538448 -0.6992846 -0.4519487
vn -0.4153648 -0.8246 0.384067
vn 0.4739494 -0.5355375 -0.6989794
vn -0.04190188 -0.741895 -0.669206
vn -0.8285978 -0.4197328 -0.3704728
vn -0.05727399 0.507384 -0.8598149
vn -0.8595895 0.4304253 0.2753906
vn -0.4113923 0.8215806 0.3946671
vn 0.5199646 0.5393918 -0.6623397
vn 0.6269565 0.7074264 -0.3263032
vn -0.638418 0.7298141 0.2445286
vn 0.5732125 0.812201 0.1084319
vn -0.7237001 0.5958536 -0.3481624
vn -0.2009478 0.853695 -0.480443
vn 0.5688885 0.7091914 0.4164299
vn 0.09991483 0.8969555 -0.4306838
vn 0.2108385 0.9047262 0.3701599
vn -0.6620404 0.7128399 -0.2314349
vn -0.6814554 0.6004778 0.4183843
vn -0.0765968 0.3434284 0.9360505
vn -0.5922627 0.7820269 -0.1940597
vn 0.224085 0.7847038 -0.5779504
vn 0.6110277 0.3177581 -0.7250347
vn -0.630641 0.7638504 0.1372041
vn -0.09245298 0.2418511 -0.9658992
vn 0.4500358 0.5056167 0.7360843
vn -0.6896703 0.7159065 0.1087807
vn 0.6896726 0.7159052 0.1087734
vn -0.6364388 0.3575237 0.6834638
vn -0.8164966 0.4082486 0.4082482
vn 0.9428091 0.2357025 0.2357022
vn 0.9128709 -0.1825741 0.3651486
vn -0.9128709 -0.3651484 0.1825744
vn 0.6634405 -0.7159051 0.2175478
vn -0.6634404 -0.7159051 0.2175478
vn 0.2705496 -0.607926 0.746478
vn -0.4500358 -0.505616 0.7360848
vn -0.7071068 -3.371748E-07 -0.707107
vn -0.7071068 -3.371748E-07 -0.707107
vn 0.7071068 -3.371748E-07 -0.707107
vn 0.5144958 -4.088845E-07 -0.8574932
vn -0.7071068 -3.371748E-07 -0.707107
vn 0.5144958 -4.088845E-07 -0.8574932
vn -0.9128709 0.3651486 0.1825741
vn -0.5547003 -3.967525E-07 -0.8320506
vn -0.7943423 0.1898201 -0.5770518
vn -0.7231076 0.3796411 0.5770515
vn 0.6 -3.814697E-07 -0.8000003
vn 0.8451542 -0.1690307 0.5070928
vn 0.7943356 -0.1898358 0.5770559
vn 0.6076065 -0.3190366 -0.7273449
vn 0.6634405 -0.7159051 0.2175478
vn -0.8703883 -0.3481553 0.3481556
vn -0.6634374 -0.7159057 0.2175551
vn 0.3385601 -0.760746 0.5537537
vn -0.3182233 -0.3575243 0.8780153
vn -0.8258591 -0.3099089 -0.4710771
vn -0.4957358 -0.1860275 0.8483162
vn 0.4416099 -0.6790401 0.5864179
vn -0.2357023 -0.2357019 0.9428096
vn -0.6666667 -0.6666667 0.3333338
vn -0.4850713 -0.4850718 -0.7276069
vn -0.4082483 -0.4082488 -0.8164967
vn 0.2563196 -0.9046825 -0.3403684
vn 0.2182179 -0.4364355 0.8728721
vn 0.6666667 -0.3333331 0.6666671
vn -0.3988361 -0.8779627 0.2647864
vn 0.3651484 -0.1825747 -0.9128711
vn -0.2784456 -0.612946 -0.7394362
vn 0.4082483 -0.816497 -0.408248
vn 0.5410993 0.6079267 0.5810657
vn -0.6896726 0.7159052 0.1087734
vn 0.49888 0.8630925 0.07868189
vn -0.5005764 0.2811998 0.8187494
vn 0.7844645 0.1961165 0.5883485
vn 0.9170511 0.2192088 -0.3331141
vn 0.8347763 0.4383897 0.3331114
vn 0.3624526 0.7980818 -0.4813462
vn 0.2784052 0.612978 0.7394249
vn -0.2476743 0.7632162 0.5967906
vn -0.4953485 0.6312452 -0.5967913
vn -0.3649297 0.9047105 0.2198314
vn -0.2060236 0.634868 -0.744646
vn 0.2695501 0.8306808 0.4871477
vn 0.1565296 0.2937879 -0.9429676
vn 0.4524186 0.8491385 -0.2725469
vn 0.4091238 0.7678796 0.4929294
vn -0.2208195 0.7793257 0.5864221
vn -0.441639 0.6790168 -0.5864228
vn 0.8176435 0.3320751 -0.4703035
vn 0.2182377 -0.7078703 -0.6717831
vn 0.708768 -0.5757139 -0.4076788
vn 0.2492415 0.7078696 -0.6609084
vn 0.3511747 -0.7119637 -0.6080993
vn 0.4204836 0.7119631 -0.5624079
vn 0.5395313 -0.7120531 -0.4493183
vn 0.5892084 0.7120526 -0.3818572
vn 0.6595516 -0.7108543 -0.2442916
vn 0.6812931 0.7108542 -0.1747184
vn 0.884362 -0.3553081 0.3027541
vn 0.4449989 0.8949199 -0.03309277
vn -0.6594641 -0.7107245 0.2449043
vn -0.9495424 -0.1907991 0.2489276
vn -0.6809447 0.7107254 0.1765897
vn -0.5895791 0.7120491 0.3812913
vn -0.539977 -0.7120508 0.4487862
vn -0.4228214 0.7117239 0.5609562
vn -0.3555086 -0.7117204 0.6058615
vn -0.2534368 0.7079878 0.6591842
vn -0.2201724 -0.7079884 0.6710269
vn 0.1464764 0.6678554 0.729736
vn 0.5574147 -0.6678467 0.4932242
vn -0.7040085 0.7081409 0.05393498
vn -0.303429 0.2836881 0.9096442
vn 0.2998579 -0.3193665 0.8989388
vn -0.3383418 0.6546714 0.6759667
vn -0.4850713 0.4850711 -0.7276074
vn -0.6666667 0.3333331 -0.6666671
vn -0.6666667 -0.6666667 0.3333338
vn 0.4850713 -0.4850718 -0.7276069
vn -0.5773503 -0.5773507 -0.5773502
vn 0.6666667 0.3333331 -0.6666671
vn -0.6666667 0.6666667 -0.3333338
vn -0.5145962 0.05046146 -0.8559468
vn -0.9300253 -0.1682368 -0.3267252
vn -0.9333643 0.1545793 -0.3239391
vn -0.4329417 -0.1404027 -0.8904207
vn -0.8160006 -0.5136082 -0.2652356
vn -0.4851344 -0.4163005 -0.7689857
vn -0.6041356 -0.7812203 -0.1572116
vn -0.3750768 -0.6597654 -0.6511741
vn -0.2942133 -0.9551703 -0.03299936
vn -0.1124708 -0.9797223 -0.165817
vn 0.1055991 -0.9944091 4.741711E-07
vn 0.08262923 -0.9965807 4.752065E-07
vn 0.2291925 -0.950573 -0.2094813
vn 0.4646218 -0.8815193 -0.0839697
vn 0.44101 -0.5375528 -0.7187126
vn 0.7225136 -0.657021 -0.2151692
vn 0.507696 -0.2968502 -0.8087801
vn 0.8836924 -0.3572063 -0.3024756
vn 0.4321896 -0.08150749 -0.898092
vn 0.9418221 -0.05130103 -0.3321738
vn 0.5126889 0.08513822 -0.8543431
vn 0.9054399 0.2974909 -0.3027835
vn 0.4886028 0.329641 -0.8078394
vn 0.7584196 0.6157143 -0.213766
vn 0.411607 0.5615399 -0.7178115
vn 0.5153144 0.8529609 -0.08312225
vn 0.2131941 0.9624652 -0.1679569
vn 0.1729658 0.9849283 -4.696502E-07
vn -0.1087646 0.9940679 -4.740083E-07
vn -0.1089547 0.994047 -4.739984E-07
vn -0.3636282 0.9309723 -0.03264403
vn -0.3147239 0.9240951 -0.2167897
vn -0.6479655 0.7455458 -0.1558927
vn -0.4604619 0.4451715 -0.767983
vn -0.8433925 0.467998 -0.2639452
vn -0.5032741 0.220162 -0.8356103
vn 0.583501 0.8111433 -0.0396678
vn 0.8322241 0.5438218 -0.1079864
vn 0.6793531 0.7181545 -0.1507778
vn 0.342049 0.9387895 -0.04095602
vn 0.2604308 0.9654669 -0.007083483
vn -0.0884475 0.9960812 -4.749683E-07
vn -0.08717629 0.9961933 -4.750218E-07
vn -0.4249618 0.9051949 0.005490111
vn -0.4864875 0.8734466 0.02052973
vn -0.7098632 0.7041391 0.01681357
vn -0.7568245 0.6527061 0.03451981
vn -0.9076375 0.4193067 0.01939704
vn -0.9326695 0.3586347 0.03884122
vn -0.9961467 0.08533285 0.02024948
vn -0.9988424 0.02623054 0.04032122
vn 0.8662069 0.3277425 -0.3771878
vn 0.9527718 0.1765285 -0.2471106
vn 0.7966717 -2.882062E-07 -0.6044124
vn 0.9359773 -0.07708106 -0.3435186
vn 0.8016059 -0.04150552 -0.5964105
vn 0.8932318 -0.3682879 -0.2578779
vn 0.8635678 -0.3832091 -0.3277218
vn 0.7144447 -0.6901786 -0.1149894
vn 0.7020208 -0.6992673 -0.1348787
vn 0.4323721 -0.9010212 -0.03486808
vn 0.3965918 -0.9175982 -0.02700161
vn 0.08975936 -0.9959638 4.749124E-07
vn 0.0949897 -0.9954787 4.746811E-07
vn -0.2129627 -0.9770179 0.009140712
vn -0.2630548 -0.9647477 0.008049263
vn -0.5394617 -0.8415366 0.0282434
vn -0.5772036 -0.8164678 0.0147226
vn -0.792827 -0.6083906 0.03586778
vn -0.8207027 -0.5710698 0.0180684
vn -0.9505823 -0.3079581 0.03943649
vn -0.9658812 -0.2582282 0.01979443
vn 0.7278341 -0.6847358 0.03734589
vn -0.7118496 -0.4330793 0.5529131
vn 0.816245 -0.5121072 0.2673769
vn -0.7119347 -0.5961777 0.3711084
vn 0.503078 -0.8618696 -0.06398359
vn -0.5600353 -0.8111864 0.168338
vn -0.7117907 -0.2194113 0.667243
vn 0.8810607 -0.2125999 0.4225322
vn -0.7103445 0.005931439 0.7038293
vn 0.8879444 0.1123213 0.4460256
vn 0.2608179 -0.9420698 -0.2109008
vn -0.3202103 -0.9369087 -0.1402434
vn 0.5289726 -0.5911445 -0.6088815
vn -0.7119725 -0.6158947 -0.3372967
vn 0.4953622 -0.4433365 -0.7470406
vn -0.7118924 -0.4629686 -0.5280809
vn -0.7086799 0.09391566 0.6992517
vn 0.8878207 0.07185217 0.4545459
vn -0.7408376 -0.1976391 0.6419493
vn 0.8269254 -0.5389594 0.1603665
vn -0.7408493 -0.395333 0.543005
vn 0.9003362 -0.2934401 0.3213841
vn -0.7176602 0.1185267 0.6862329
vn 0.8659956 0.3493439 0.3577858
vn -0.7146156 0.4305452 0.5513217
vn 0.7524772 0.6521616 0.09199823
vn -0.3285004 0.8650676 0.3791386
vn 0.2791122 0.9602584 0.0009546528
vn -0.5709454 0.8043724 -0.1643376
vn 0.4239921 0.6823847 -0.5954682
vn -0.7146193 0.507924 -0.4809706
vn 0.4855786 0.3581298 -0.7974692
vn -0.7177281 0.2377667 -0.6544721
vn 0.4696516 0.09501557 -0.8777243
vn -0.7407334 -0.1973985 -0.6421433
vn 0.5015222 -0.3265188 -0.8011626
vn -0.7462479 -0.3795368 -0.5468696
vn 0.4902531 -0.1303307 -0.8617809
vn -0.7071139 0.05504261 -0.7049543
vn 0.4617145 0.04644785 -0.885812
vn -0.7117742 -0.01924768 -0.7021449
vn 0.4653491 -0.08012401 -0.8814936
vn -0.7118151 -0.2557132 -0.654164
vn 0.4747647 -0.2688287 -0.8380514
vn -0.4553477 -0.2147435 -0.864028
vn -0.6701831 0.5214925 0.5281106
vn -0.4794841 -0.7839801 0.3942978
vn -0.2365568 0.1851825 -0.9538077
vn -0.154279 0.6965042 0.7007715
vn -0.0520371 0.7952686 0.6040204
vn 0.07734532 0.438781 0.8952596
vn -0.05274995 -0.5976372 0.80003
vn 0.02877612 -0.5506883 0.8342152
vn 0.1392866 -0.8304347 0.539424
vn 0.5774252 0.7246761 0.3760651
vn 0.4068296 0.1728513 -0.8970021
vn 0.6118069 -0.5700839 0.5483587
vn 0.2482909 -0.2345852 -0.9398522
vn -0.5600353 -0.8111864 0.168338
vn -0.3202103 -0.9369087 -0.1402434
vn -0.7119725 -0.6158947 -0.3372967
vn -0.7119347 -0.5961777 0.3711084
vn -0.7118924 -0.4629686 -0.5280809
vn -0.7118496 -0.4330793 0.5529131
vn -0.7118151 -0.2557132 -0.654164
vn -0.7117907 -0.2194113 0.667243
vn -0.7117742 -0.01924768 -0.7021449
vn -0.7103445 0.005931439 0.7038293
vn -0.7071139 0.05504261 -0.7049543
vn -0.7086799 0.09391566 0.6992517
vn -0.7462479 -0.3795368 -0.5468696
vn -0.7408376 -0.1976391 0.6419493
vn -0.7407334 -0.1973985 -0.6421433
vn -0.7408493 -0.395333 0.543005
vn -0.7177281 0.2377667 -0.6544721
vn -0.7176602 0.1185267 0.6862329
vn -0.7146193 0.507924 -0.4809706
vn -0.7146156 0.4305452 0.5513217
vn -0.5709454 0.8043724 -0.1643376
vn -0.3285004 0.8650676 0.3791386
vn 0.4239921 0.6823847 -0.5954682
vn 0.7524772 0.6521616 0.09199823
vn 0.2791122 0.9602584 0.0009546528
vn 0.4855786 0.3581298 -0.7974692
vn 0.8659956 0.3493439 0.3577858
vn 0.4696516 0.09501557 -0.8777243
vn 0.9003362 -0.2934401 0.3213841
vn 0.5015222 -0.3265188 -0.8011626
vn 0.8269254 -0.5389594 0.1603665
vn 0.4902531 -0.1303307 -0.8617809
vn 0.8878207 0.07185217 0.4545459
vn 0.4617145 0.04644785 -0.885812
vn 0.8879444 0.1123213 0.4460256
vn 0.4653491 -0.08012401 -0.8814936
vn 0.8810607 -0.2125999 0.4225322
vn 0.4747647 -0.2688287 -0.8380514
vn 0.816245 -0.5121072 0.2673769
vn 0.4953622 -0.4433365 -0.7470406
vn 0.7278341 -0.6847358 0.03734589
vn 0.5289726 -0.5911445 -0.6088815
vn 0.503078 -0.8618696 -0.06398359
vn 0.2608179 -0.9420698 -0.2109008

vt 0.115216 0.510867
vt 0.110967 0.510868
vt 0.112837 0.510866
vt 0.112788 0.51087
vt 0.113494 0.510863
vt 0.116069 0.510863
vt 0.112837 0.51086
vt 0.115216 0.510859
vt 0.110967 0.510858
vt 0.112788 0.510856
vt 0.108168 0.510856
vt 0.109153 0.510854
vt 0.104866 0.510856
vt 0.104866 0.510853
vt 0.101565 0.510856
vt 0.100579 0.510854
vt 0.098766 0.510858
vt 0.096945 0.510856
vt 0.096895 0.51086
vt 0.094517 0.510859
vt 0.096239 0.510863
vt 0.093664 0.510863
vt 0.096895 0.510866
vt 0.094517 0.510866
vt 0.098766 0.510868
vt 0.096945 0.510869
vt 0.101565 0.51087
vt 0.100579 0.510872
vt 0.104866 0.51087
vt 0.104866 0.510872
vt 0.108168 0.51087
vt 0.109153 0.510872
vt 0.109153 0.526263
vt 0.112787 0.526261
vt 0.109999 0.526264
vt 0.104866 0.526265
vt 0.104866 0.526263
vt 0.099733 0.526264
vt 0.100579 0.526263
vt 0.095382 0.526262
vt 0.096945 0.52626
vt 0.092474 0.526258
vt 0.094516 0.526257
vt 0.091453 0.526254
vt 0.093664 0.526254
vt 0.092474 0.526249
vt 0.094516 0.52625
vt 0.095382 0.526246
vt 0.096945 0.526247
vt 0.099733 0.526243
vt 0.100579 0.526245
vt 0.104866 0.526243
vt 0.104866 0.526244
vt 0.109999 0.526244
vt 0.109153 0.526245
vt 0.11435 0.526246
vt 0.112787 0.526247
vt 0.117258 0.52625
vt 0.115216 0.52625
vt 0.118279 0.526254
vt 0.116068 0.526254
vt 0.117258 0.526258
vt 0.115216 0.526258
vt 0.11435 0.526262
vt 0.109999 0.540262
vt 0.11435 0.54026
vt 0.109206 0.54026
vt 0.104866 0.540261
vt 0.104866 0.540263
vt 0.100525 0.54026
vt 0.099733 0.540262
vt 0.096845 0.540258
vt 0.095381 0.540259
vt 0.094386 0.540255
vt 0.092474 0.540256
vt 0.093523 0.540251
vt 0.091453 0.540251
vt 0.094386 0.540248
vt 0.092474 0.540247
vt 0.096845 0.540245
vt 0.095381 0.540243
vt 0.100525 0.540243
vt 0.099733 0.540241
vt 0.104866 0.540242
vt 0.104866 0.54024
vt 0.109206 0.540243
vt 0.109999 0.540241
vt 0.112886 0.540245
vt 0.11435 0.540244
vt 0.115345 0.540248
vt 0.117258 0.540247
vt 0.116209 0.540252
vt 0.118279 0.540252
vt 0.115345 0.540255
vt 0.117258 0.540256
vt 0.112886 0.540258
vt 0.053931 0.837827
vt 0.060244 0.822586
vt 0.058604 0.814337
vt 0.058604 0.830834
vt 0.046938 0.8425
vt 0.053931 0.807344
vt 0.038689 0.844141
vt 0.046938 0.802671
vt 0.030441 0.8425
vt 0.038689 0.801031
vt 0.023448 0.837827
vt 0.030441 0.802671
vt 0.018775 0.814337
vt 0.023448 0.807344
vt 0.017134 0.822586
vt 0.018775 0.830834
vt 0.029911 0.523367
vt 0.034159 0.523356
vt 0.029592 0.523363
vt 0.038349 0.523352
vt 0.031991 0.523369
vt 0.043016 0.52335
vt 0.031084 0.523359
vt 0.035517 0.52337
vt 0.039951 0.523369
vt 0.04745 0.52335
vt 0.044618 0.523367
vt 0.050975 0.52335
vt 0.048808 0.523364
vt 0.053056 0.523353
vt 0.051883 0.52336
vt 0.053375 0.523356
vt 0.056824 0.579888
vt 0.055279 0.585046
vt 0.057423 0.584661
vt 0.052614 0.58063
vt 0.059661 0.58502
vt 0.061214 0.58058
vt 0.061668 0.586074
vt 0.065178 0.582624
vt 0.063147 0.587677
vt 0.068149 0.585758
vt 0.063868 0.589597
vt 0.069659 0.589563
vt 0.063708 0.59155
vt 0.069419 0.593486
vt 0.062673 0.593233
vt 0.067396 0.59691
vt 0.060911 0.594375
vt 0.063859 0.599257
vt 0.058696 0.594787
vt 0.059365 0.600111
vt 0.05638 0.594402
vt 0.054662 0.599314
vt 0.054334 0.593283
vt 0.05054 0.597012
vt 0.052877 0.591615
vt 0.047658 0.593616
vt 0.052227 0.589667
vt 0.046433 0.589701
vt 0.052465 0.58774
vt 0.046985 0.585883
vt 0.05354 0.586122
vt 0.049166 0.582717
vt 0.057359 0.592827
vt 0.048307 0.592832
vt 0.056112 0.592826
vt 0.04884 0.592834
vt 0.06184 0.592819
vt 0.06361 0.592819
vt 0.064619 0.592812
vt 0.066643 0.592811
vt 0.064026 0.592806
vt 0.065995 0.592805
vt 0.06015 0.592802
vt 0.061765 0.5928
vt 0.053582 0.5928
vt 0.054598 0.592799
vt 0.045323 0.592802
vt 0.045583 0.5928
vt 0.036628 0.592806
vt 0.036095 0.592804
vt 0.028823 0.592812
vt 0.027576 0.592811
vt 0.023094 0.592819
vt 0.021325 0.592819
vt 0.020315 0.592826
vt 0.018292 0.592826
vt 0.020909 0.592832
vt 0.01894 0.592833
vt 0.024785 0.592836
vt 0.023169 0.592838
vt 0.031352 0.592838
vt 0.030337 0.592839
vt 0.039612 0.592836
vt 0.039351 0.592838
vt 0.039355 0.601618
vt 0.048844 0.601614
vt 0.03034 0.60162
vt 0.023173 0.601618
vt 0.018943 0.601614
vt 0.018295 0.601607
vt 0.021328 0.601599
vt 0.02758 0.601591
vt 0.036098 0.601585
vt 0.045587 0.601581
vt 0.054601 0.601579
vt 0.061769 0.601581
vt 0.065999 0.601585
vt 0.066646 0.601592
vt 0.063614 0.6016
vt 0.057362 0.601608
vt 0.0483 0.576263
vt 0.039605 0.576267
vt 0.031346 0.576268
vt 0.024778 0.576267
vt 0.020902 0.576262
vt 0.020309 0.576256
vt 0.023088 0.576249
vt 0.028816 0.576242
vt 0.036621 0.576236
vt 0.045316 0.576232
vt 0.053576 0.576231
vt 0.060143 0.576232
vt 0.064019 0.576237
vt 0.064613 0.576243
vt 0.061834 0.57625
vt 0.056106 0.576257
vt 0.040099 0.575953
vt 0.045514 0.561289
vt 0.04552 0.57595
vt 0.040093 0.561292
vt 0.034949 0.575953
vt 0.034943 0.561292
vt 0.030854 0.575953
vt 0.030848 0.561291
vt 0.028438 0.57595
vt 0.028432 0.561289
vt 0.028068 0.575946
vt 0.028062 0.561285
vt 0.0298 0.575942
vt 0.029794 0.561281
vt 0.033372 0.575937
vt 0.033366 0.561276
vt 0.038239 0.575934
vt 0.038233 0.561272
vt 0.04366 0.575931
vt 0.043654 0.56127
vt 0.04881 0.57593
vt 0.048804 0.561269
vt 0.052905 0.575931
vt 0.052899 0.56127
vt 0.055321 0.575934
vt 0.055316 0.561273
vt 0.055692 0.575938
vt 0.055686 0.561276
vt 0.053959 0.575942
vt 0.053953 0.561281
vt 0.050387 0.575947
vt 0.050381 0.561285
vt 0.110967 0.486411
vt 0.108168 0.486412
vt 0.104867 0.486413
vt 0.101565 0.486412
vt 0.098766 0.486411
vt 0.096896 0.486408
vt 0.096239 0.486405
vt 0.096896 0.486403
vt 0.098766 0.4864
vt 0.101565 0.486399
vt 0.104867 0.486398
vt 0.108168 0.486399
vt 0.110967 0.4864
vt 0.112838 0.486403
vt 0.113494 0.486406
vt 0.112838 0.486408
vt 0.298554 0.274325
vt 0.296139 0.266117
vt 0.296247 0.270545
vt 0.29826 0.262229
vt 0.302442 0.276446
vt 0.30204 0.259922
vt 0.30687 0.276338
vt 0.306468 0.259814
vt 0.310651 0.274031
vt 0.310357 0.261934
vt 0.312771 0.270143
vt 0.312664 0.265715
vt 0.30687 0.276339
vt 0.310651 0.274032
vt 0.306468 0.259815
vt 0.302041 0.259922
vt 0.302442 0.276447
vt 0.29826 0.262229
vt 0.298554 0.274326
vt 0.296139 0.266118
vt 0.296247 0.270545
vt 0.310357 0.261935
vt 0.312771 0.270144
vt 0.312664 0.265716
vt 0.226517 0.025943
vt 0.224541 0.013399
vt 0.226649 0.015134
vt 0.213993 0.016676
vt 0.215574 0.029161
vt 0.212761 0.018017
vt 0.211277 0.025159
vt 0.213822 0.027947
vt 0.210332 0.016185
vt 0.209802 0.020023
vt 0.224166 0.029204
vt 0.21587 0.031087
vt 0.214618 0.036212
vt 0.214485 0.033027
vt 0.212666 0.033031
vt 0.212177 0.036238
vt 0.209458 0.030581
vt 0.20809 0.033415
vt 0.203321 0.028331
vt 0.204291 0.026745
vt 0.204219 0.0267
vt 0.209403 0.030558
vt 0.203253 0.028305
vt 0.20802 0.033438
vt 0.212167 0.036333
vt 0.212667 0.033056
vt 0.21467 0.036324
vt 0.214533 0.033054
vt 0.21596 0.031063
vt 0.224481 0.02913
vt 0.215654 0.029086
vt 0.226891 0.025781
vt 0.214024 0.016322
vt 0.224855 0.012908
vt 0.227019 0.01469
vt 0.212763 0.01772
vt 0.21125 0.025025
vt 0.21385 0.027851
vt 0.210292 0.015914
vt 0.209754 0.019823
vt 0.21255 0.034241
vt 0.23153 0.038403
vt 0.228399 0.040567
vt 0.230085 0.021881
vt 0.21225 0.017172
vt 0.22868 0.019495
vt 0.219547 0.013653
vt 0.214697 0.01548
vt 0.23191 0.01727
vt 0.226985 0.014524
vt 0.208689 0.028935
vt 0.209402 0.016496
vt 0.202733 0.011916
vt 0.207302 0.013534
vt 0.208134 0.011121
vt 0.203886 0.008686
vt 0.212911 0.008339
vt 0.209649 0.005059
vt 0.218349 0.00202
vt 0.220061 0.004034
vt 0.218809 0.001524
vt 0.220619 0.003454
vt 0.213979 0.007193
vt 0.210562 0.00401
vt 0.205153 0.007184
vt 0.209492 0.009628
vt 0.204224 0.010182
vt 0.208837 0.011873
vt 0.21111 0.014749
vt 0.210431 0.027385
vt 0.213962 0.015486
vt 0.214367 0.032796
vt 0.231797 0.020544
vt 0.233622 0.037103
vt 0.230461 0.039291
vt 0.230227 0.018237
vt 0.220853 0.012415
vt 0.216244 0.013969
vt 0.233177 0.016244
vt 0.228166 0.013493
vt 0.259747 0.014601
vt 0.251245 0.014807
vt 0.251245 0.014808
vt 0.259747 0.0146
vt 0.243916 0.014985
vt 0.243916 0.014986
vt 0.244144 0.024368
vt 0.244144 0.024367
vt 0.251473 0.024189
vt 0.251473 0.024189
vt 0.259975 0.023982
vt 0.259975 0.023982
vt 0.240984 0.015057
vt 0.241212 0.024438
vt 0.240984 0.015057
vt 0.240941 0.013298
vt 0.240941 0.013297
vt 0.241212 0.024439
vt 0.244222 0.027592
vt 0.24129 0.027663
vt 0.24134 0.029716
vt 0.244272 0.029644
vt 0.24129 0.027664
vt 0.243873 0.013227
vt 0.243816 0.010881
vt 0.240884 0.010953
vt 0.251202 0.013049
vt 0.243873 0.013226
vt 0.251202 0.013048
vt 0.259704 0.012842
vt 0.259704 0.012841
vt 0.240884 0.010952
vt 0.243816 0.010881
vt 0.243766 0.008829
vt 0.243816 0.010881
vt 0.243766 0.008829
vt 0.240884 0.010953
vt 0.240834 0.0089
vt 0.240834 0.0089
vt 0.243816 0.010881
vt 0.243766 0.008829
vt 0.243766 0.008828
vt 0.240884 0.010952
vt 0.240834 0.0089
vt 0.240834 0.0089
vt 0.260054 0.027208
vt 0.251552 0.027414
vt 0.251552 0.027414
vt 0.260054 0.027207
vt 0.244222 0.027593
vt 0.24134 0.029716
vt 0.244272 0.029645
vt 0.241383 0.031475
vt 0.244315 0.031404
vt 0.244315 0.031404
vt 0.241383 0.031475
vt 0.244222 0.027592
vt 0.24129 0.027664
vt 0.244222 0.027592
vt 0.24129 0.027663
vt 0.241383 0.031475
vt 0.244315 0.031403
vt 0.244315 0.031403
vt 0.241383 0.031475
vt 0.230932 0.067733
vt 0.229518 0.043083
vt 0.230332 0.043063
vt 0.230118 0.067753
vt 0.228664 0.043104
vt 0.229264 0.067774
vt 0.227312 0.043137
vt 0.227912 0.067807
vt 0.225614 0.043178
vt 0.226214 0.067848
vt 0.22412 0.043214
vt 0.22472 0.067884
vt 0.226293 0.043161
vt 0.224235 0.043211
vt 0.226893 0.067831
vt 0.229395 0.067771
vt 0.228795 0.043101
vt 0.231347 0.067723
vt 0.230747 0.043053
vt 0.232514 0.067695
vt 0.231914 0.043025
vt 0.233352 0.067675
vt 0.232752 0.043005
vt 0.224835 0.067881
vt 0.224061 0.036061
vt 0.223903 0.034276
vt 0.224061 0.036061
vt 0.196352 0.036735
vt 0.196352 0.036735
vt 0.224018 0.034273
vt 0.196309 0.034947
vt 0.196309 0.034947
vt 0.197126 0.068555
vt 0.197126 0.068555
vt 0.242996 0.035076
vt 0.244588 0.036698
vt 0.244586 0.036372
vt 0.242998 0.035442
vt 0.244585 0.038283
vt 0.242995 0.037217
vt 0.244579 0.040935
vt 0.242987 0.040186
vt 0.244569 0.044333
vt 0.242976 0.043993
vt 0.244557 0.048069
vt 0.242963 0.048177
vt 0.242949 0.052233
vt 0.244545 0.051691
vt 0.242936 0.055674
vt 0.244533 0.054763
vt 0.242925 0.058082
vt 0.244523 0.056913
vt 0.242919 0.059169
vt 0.244517 0.057884
vt 0.242917 0.058803
vt 0.244515 0.057557
vt 0.24292 0.057028
vt 0.244517 0.055972
vt 0.242927 0.054058
vt 0.244524 0.05332
vt 0.242938 0.050252
vt 0.244533 0.049922
vt 0.242952 0.046068
vt 0.244545 0.046186
vt 0.244558 0.042564
vt 0.242966 0.042012
vt 0.24457 0.039493
vt 0.242979 0.038571
vt 0.244579 0.037342
vt 0.242989 0.036162
vt 0.255681 0.053357
vt 0.255674 0.056008
vt 0.261559 0.05242
vt 0.265167 0.049033
vt 0.255691 0.049958
vt 0.269134 0.04531
vt 0.255702 0.046223
vt 0.255715 0.042601
vt 0.272982 0.041701
vt 0.255727 0.039529
vt 0.276246 0.03864
vt 0.255737 0.037378
vt 0.278533 0.036496
vt 0.255743 0.036408
vt 0.279567 0.035529
vt 0.258745 0.055062
vt 0.255672 0.057593
vt 0.257065 0.056641
vt 0.255674 0.05792
vt 0.256721 0.056967
vt 0.25568 0.05695
vt 0.257755 0.056
vt 0.25569 0.054799
vt 0.260042 0.053857
vt 0.255702 0.051727
vt 0.263306 0.050796
vt 0.255714 0.048105
vt 0.267153 0.047186
vt 0.271121 0.043464
vt 0.255726 0.04437
vt 0.274729 0.040077
vt 0.255736 0.040971
vt 0.277543 0.037434
vt 0.255743 0.03832
vt 0.279223 0.035855
vt 0.255745 0.036735
vt 0.259455 0.060617
vt 0.255714 0.0352
vt 0.255622 0.063284
vt 0.259538 0.035212
vt 0.264365 0.057198
vt 0.264437 0.035228
vt 0.253426 0.035192
vt 0.253329 0.064878
vt 0.25295 0.035191
vt 0.252852 0.065206
vt 0.269761 0.053441
vt 0.26982 0.035246
vt 0.274991 0.049797
vt 0.275038 0.035263
vt 0.279425 0.046708
vt 0.279462 0.035277
vt 0.25377 0.035193
vt 0.253674 0.064631
vt 0.253767 0.035193
vt 0.253671 0.064631
vt 0.252955 0.03519
vt 0.252858 0.065198
vt 0.252952 0.03519
vt 0.252854 0.065198
vt 0.253763 0.035193
vt 0.253666 0.064631
vt 0.254912 0.035197
vt 0.254819 0.063828
vt 0.281964 0.035285
vt 0.281932 0.044945
vt 0.283115 0.035289
vt 0.283086 0.044142
vt 0.283927 0.035291
vt 0.2839 0.043576
vt 0.283931 0.035292
vt 0.283903 0.043576
vt 0.28312 0.035289
vt 0.283091 0.044142
vt 0.283476 0.03529
vt 0.283448 0.043897
vt 0.283952 0.035292
vt 0.283925 0.043568
vt 0.282558 0.035287
vt 0.282527 0.044544
vt 0.243023 0.029271
vt 0.239185 0.029258
vt 0.239198 0.029259
vt 0.24301 0.029271
vt 0.239137 0.042958
vt 0.239126 0.046056
vt 0.239113 0.05024
vt 0.239151 0.04398
vt 0.239138 0.048164
vt 0.239127 0.051262
vt 0.239067 0.06544
vt 0.242892 0.065452
vt 0.23908 0.06544
vt 0.242905 0.065452
vt 0.282598 0.037395
vt 0.286073 0.037407
vt 0.289441 0.037418
vt 0.279435 0.037385
vt 0.292296 0.037427
vt 0.276967 0.037377
vt 0.294295 0.037433
vt 0.27549 0.037372
vt 0.295194 0.037436
vt 0.275183 0.037371
vt 0.294887 0.037435
vt 0.275712 0.037372
vt 0.294657 0.037434
vt 0.27571 0.037372
vt 0.295181 0.037436
vt 0.275186 0.037371
vt 0.295179 0.037436
vt 0.275184 0.037371
vt 0.294654 0.037434
vt 0.275707 0.037372
vt 0.293911 0.037432
vt 0.27645 0.037375
vt 0.072555 0.821419
vt 0.056655 0.833736
vt 0.057632 0.833637
vt 0.072872 0.820492
vt 0.055636 0.833338
vt 0.072794 0.819388
vt 0.054233 0.83133
vt 0.071505 0.817452
vt 0.054474 0.83061
vt 0.070858 0.817471
vt 0.053113 0.828657
vt 0.06931 0.814717
vt 0.051046 0.826782
vt 0.067596 0.811567
vt 0.049184 0.823491
vt 0.064916 0.809268
vt 0.048602 0.819634
vt 0.061556 0.808094
vt 0.049375 0.815713
vt 0.057892 0.808209
vt 0.051385 0.812237
vt 0.054355 0.809636
f 2/2/2 1/1/1 3/3/3
f 4/4/4 1/1/1 2/2/2
f 3/3/3 1/1/1 5/5/5
f 5/5/5 1/1/1 6/6/6
f 5/5/5 6/6/6 7/7/7
f 7/7/7 6/6/6 8/8/8
f 7/7/7 8/8/8 9/9/9
f 9/9/9 8/8/8 10/10/10
f 9/9/9 10/10/10 11/11/11
f 11/11/11 10/10/10 12/12/12
f 11/11/11 12/12/12 13/13/13
f 13/13/13 12/12/12 14/14/14
f 13/13/13 14/14/14 15/15/15
f 15/15/15 14/14/14 16/16/16
f 15/15/15 16/16/16 17/17/17
f 17/17/17 16/16/16 18/18/18
f 17/17/17 18/18/18 19/19/19
f 19/19/19 18/18/18 20/20/20
f 19/19/19 20/20/20 21/21/21
f 21/21/21 20/20/20 22/22/22
f 21/21/21 22/22/22 23/23/23
f 23/23/23 22/22/22 24/24/24
f 23/23/23 24/24/24 25/25/25
f 25/25/25 24/24/24 26/26/26
f 25/25/25 26/26/26 27/27/27
f 27/27/27 26/26/26 28/28/28
f 27/27/27 28/28/28 29/29/29
f 29/29/29 28/28/28 30/30/30
f 29/29/29 30/30/30 31/31/31
f 31/31/31 30/30/30 32/32/32
f 31/31/31 32/32/32 2/2/2
f 2/2/2 32/32/32 4/4/4
f 32/32/32 33/33/33 4/4/4
f 4/4/4 33/33/33 34/34/34
f 33/33/33 35/35/35 34/34/34
f 33/33/33 36/36/36 35/35/35
f 37/37/37 36/36/36 33/33/33
f 32/32/32 37/37/37 33/33/33
f 30/30/30 37/37/37 32/32/32
f 37/37/37 38/38/38 36/36/36
f 39/39/39 38/38/38 37/37/37
f 30/30/30 39/39/39 37/37/37
f 28/28/28 39/39/39 30/30/30
f 39/39/39 40/40/40 38/38/38
f 41/41/41 40/40/40 39/39/39
f 28/28/28 41/41/41 39/39/39
f 41/41/41 42/42/42 40/40/40
f 43/43/43 42/42/42 41/41/41
f 43/43/43 44/44/44 42/42/42
f 45/45/45 44/44/44 43/43/43
f 45/45/45 46/46/46 44/44/44
f 47/47/47 46/46/46 45/45/45
f 47/47/47 48/48/48 46/46/46
f 49/49/49 48/48/48 47/47/47
f 49/49/49 50/50/50 48/48/48
f 51/51/51 50/50/50 49/49/49
f 51/51/51 52/52/52 50/50/50
f 53/53/53 52/52/52 51/51/51
f 53/53/53 54/54/54 52/52/52
f 55/55/55 54/54/54 53/53/53
f 55/55/55 56/56/56 54/54/54
f 57/57/57 56/56/56 55/55/55
f 57/57/57 58/58/58 56/56/56
f 59/59/59 58/58/58 57/57/57
f 59/59/59 60/60/60 58/58/58
f 61/61/61 60/60/60 59/59/59
f 61/61/61 62/62/62 60/60/60
f 63/63/63 62/62/62 61/61/61
f 34/34/34 62/62/62 63/63/63
f 64/64/64 62/62/62 34/34/34
f 34/34/34 35/35/35 64/64/64
f 35/35/35 65/65/65 64/64/64
f 64/64/64 65/65/65 66/66/66
f 65/65/65 67/67/67 66/66/66
f 65/65/65 68/68/68 67/67/67
f 69/69/69 68/68/68 65/65/65
f 35/35/35 69/69/69 65/65/65
f 69/69/69 70/70/70 68/68/68
f 71/71/71 70/70/70 69/69/69
f 71/71/71 72/72/72 70/70/70
f 73/73/73 72/72/72 71/71/71
f 73/73/73 74/74/74 72/72/72
f 75/75/75 74/74/74 73/73/73
f 75/75/75 76/76/76 74/74/74
f 77/77/77 76/76/76 75/75/75
f 77/77/77 78/78/78 76/76/76
f 79/79/79 78/78/78 77/77/77
f 79/79/79 80/80/80 78/78/78
f 81/81/81 80/80/80 79/79/79
f 81/81/81 82/82/82 80/80/80
f 83/83/83 82/82/82 81/81/81
f 83/83/83 84/84/84 82/82/82
f 85/85/85 84/84/84 83/83/83
f 85/85/85 86/86/86 84/84/84
f 87/87/87 86/86/86 85/85/85
f 87/87/87 88/88/88 86/86/86
f 89/89/89 88/88/88 87/87/87
f 89/89/89 90/90/90 88/88/88
f 91/91/91 90/90/90 89/89/89
f 91/91/91 92/92/92 90/90/90
f 93/93/93 92/92/92 91/91/91
f 93/93/93 94/94/94 92/92/92
f 95/95/95 94/94/94 93/93/93
f 66/66/66 94/94/94 95/95/95
f 96/96/96 94/94/94 66/66/66
f 66/66/66 67/67/67 96/96/96
f 50/50/50 85/85/85 83/83/83
f 50/50/50 83/83/83 48/48/48
f 48/48/48 83/83/83 81/81/81
f 48/48/48 81/81/81 46/46/46
f 46/46/46 81/81/81 79/79/79
f 46/46/46 79/79/79 44/44/44
f 44/44/44 79/79/79 77/77/77
f 44/44/44 77/77/77 42/42/42
f 42/42/42 77/77/77 75/75/75
f 42/42/42 75/75/75 40/40/40
f 40/40/40 75/75/75 73/73/73
f 40/40/40 73/73/73 38/38/38
f 38/38/38 73/73/73 71/71/71
f 38/38/38 71/71/71 36/36/36
f 36/36/36 71/71/71 69/69/69
f 36/36/36 69/69/69 35/35/35
f 98/98/98 97/97/97 99/99/99
f 100/100/100 97/97/97 98/98/98
f 101/101/101 99/99/99 97/97/97
f 102/102/102 99/99/99 101/101/101
f 103/103/103 102/102/102 101/101/101
f 104/104/104 102/102/102 103/103/103
f 105/105/105 104/104/104 103/103/103
f 106/106/106 104/104/104 105/105/105
f 107/107/107 106/106/106 105/105/105
f 108/108/108 106/106/106 107/107/107
f 109/109/109 108/108/108 107/107/107
f 110/110/110 108/108/108 109/109/109
f 109/109/109 107/107/107 111/111/111
f 111/111/111 107/107/107 112/112/112
f 114/114/114 113/113/113 115/115/115
f 116/116/116 113/113/113 114/114/114
f 116/116/116 117/117/117 113/113/113
f 118/118/118 117/117/117 116/116/116
f 115/115/115 119/119/119 114/114/114
f 120/120/120 117/117/117 118/118/118
f 118/118/118 121/121/121 120/120/120
f 122/122/122 121/121/121 118/118/118
f 122/122/122 123/123/123 121/121/121
f 124/124/124 123/123/123 122/122/122
f 123/123/123 124/124/124 125/125/125
f 125/125/125 124/124/124 126/126/126
f 126/126/126 127/127/127 125/125/125
f 128/128/128 127/127/127 126/126/126
f 130/130/130 129/129/129 131/131/131
f 132/132/132 129/129/129 130/130/130
f 131/131/131 129/129/129 133/133/133
f 133/133/133 129/129/129 134/134/134
f 133/133/133 134/134/134 135/135/135
f 135/135/135 134/134/134 136/136/136
f 135/135/135 136/136/136 137/137/137
f 137/137/137 136/136/136 138/138/138
f 137/137/137 138/138/138 139/139/139
f 139/139/139 138/138/138 140/140/140
f 139/139/139 140/140/140 141/141/141
f 141/141/141 140/140/140 142/142/142
f 141/141/141 142/142/142 143/143/143
f 143/143/143 142/142/142 144/144/144
f 143/143/143 144/144/144 145/145/145
f 145/145/145 144/144/144 146/146/146
f 145/145/145 146/146/146 147/147/147
f 147/147/147 146/146/146 148/148/148
f 147/147/147 148/148/148 149/149/149
f 149/149/149 148/148/148 150/150/150
f 149/149/149 150/150/150 151/151/151
f 151/151/151 150/150/150 152/152/152
f 151/151/151 152/152/152 153/153/153
f 153/153/153 152/152/152 154/154/154
f 153/153/153 154/154/154 155/155/155
f 155/155/155 154/154/154 156/156/156
f 155/155/155 156/156/156 157/157/157
f 157/157/157 156/156/156 158/158/158
f 157/157/157 158/158/158 159/159/159
f 159/159/159 158/158/158 160/160/160
f 159/159/159 160/160/160 130/130/130
f 130/130/130 160/160/160 132/132/132
f 162/162/162 161/161/161 163/163/163
f 164/164/164 161/161/161 162/162/162
f 163/163/163 161/161/161 165/165/165
f 165/165/165 161/161/161 166/166/166
f 165/165/165 166/166/166 167/167/167
f 167/167/167 166/166/166 168/168/168
f 167/167/167 168/168/168 169/169/169
f 169/169/169 168/168/168 170/170/170
f 169/169/169 170/170/170 171/171/171
f 171/171/171 170/170/170 172/172/172
f 171/171/171 172/172/172 173/173/173
f 173/173/173 172/172/172 174/174/174
f 173/173/173 174/174/174 175/175/175
f 175/175/175 174/174/174 176/176/176
f 175/175/175 176/176/176 177/177/177
f 177/177/177 176/176/176 178/178/178
f 177/177/177 178/178/178 179/179/179
f 179/179/179 178/178/178 180/180/180
f 179/179/179 180/180/180 181/181/181
f 181/181/181 180/180/180 182/182/182
f 181/181/181 182/182/182 183/183/183
f 183/183/183 182/182/182 184/184/184
f 183/183/183 184/184/184 185/185/185
f 185/185/185 184/184/184 186/186/186
f 185/185/185 186/186/186 187/187/187
f 187/187/187 186/186/186 188/188/188
f 187/187/187 188/188/188 189/189/189
f 189/189/189 188/188/188 190/190/190
f 189/189/189 190/190/190 191/191/191
f 191/191/191 190/190/190 192/192/192
f 191/191/191 192/192/192 162/162/162
f 162/162/162 192/192/192 164/164/164
f 192/192/192 193/193/193 164/164/164
f 164/164/164 193/193/193 194/194/194
f 192/192/192 195/195/195 193/193/193
f 190/190/190 195/195/195 192/192/192
f 190/190/190 196/196/196 195/195/195
f 188/188/188 196/196/196 190/190/190
f 188/188/188 197/197/197 196/196/196
f 186/186/186 197/197/197 188/188/188
f 186/186/186 198/198/198 197/197/197
f 184/184/184 198/198/198 186/186/186
f 184/184/184 199/199/199 198/198/198
f 182/182/182 199/199/199 184/184/184
f 182/182/182 200/200/200 199/199/199
f 180/180/180 200/200/200 182/182/182
f 180/180/180 201/201/201 200/200/200
f 178/178/178 201/201/201 180/180/180
f 178/178/178 202/202/202 201/201/201
f 176/176/176 202/202/202 178/178/178
f 176/176/176 203/203/203 202/202/202
f 174/174/174 203/203/203 176/176/176
f 174/174/174 204/204/204 203/203/203
f 172/172/172 204/204/204 174/174/174
f 172/172/172 205/205/205 204/204/204
f 170/170/170 205/205/205 172/172/172
f 170/170/170 206/206/206 205/205/205
f 168/168/168 206/206/206 170/170/170
f 168/168/168 207/207/207 206/206/206
f 166/166/166 207/207/207 168/168/168
f 166/166/166 208/208/208 207/207/207
f 161/161/161 208/208/208 166/166/166
f 164/164/164 208/208/208 161/161/161
f 194/194/194 208/208/208 164/164/164
f 209/209/209 191/191/191 162/162/162
f 210/210/210 191/191/191 209/209/209
f 210/210/210 189/189/189 191/191/191
f 211/211/211 189/189/189 210/210/210
f 211/211/211 187/187/187 189/189/189
f 212/212/212 187/187/187 211/211/211
f 212/212/212 185/185/185 187/187/187
f 213/213/213 185/185/185 212/212/212
f 213/213/213 183/183/183 185/185/185
f 214/214/214 183/183/183 213/213/213
f 214/214/214 181/181/181 183/183/183
f 215/215/215 181/181/181 214/214/214
f 215/215/215 179/179/179 181/181/181
f 216/216/216 179/179/179 215/215/215
f 216/216/216 177/177/177 179/179/179
f 217/217/217 177/177/177 216/216/216
f 217/217/217 175/175/175 177/177/177
f 218/218/218 175/175/175 217/217/217
f 218/218/218 173/173/173 175/175/175
f 219/219/219 173/173/173 218/218/218
f 219/219/219 171/171/171 173/173/173
f 220/220/220 171/171/171 219/219/219
f 220/220/220 169/169/169 171/171/171
f 221/221/221 169/169/169 220/220/220
f 221/221/221 167/167/167 169/169/169
f 222/222/222 167/167/167 221/221/221
f 222/222/222 165/165/165 167/167/167
f 223/223/223 165/165/165 222/222/222
f 223/223/223 163/163/163 165/165/165
f 224/224/224 163/163/163 223/223/223
f 209/209/209 163/163/163 224/224/224
f 162/162/162 163/163/163 209/209/209
f 226/226/226 225/225/225 227/227/227
f 228/228/228 225/225/225 226/226/226
f 228/228/228 229/229/229 225/225/225
f 230/230/230 229/229/229 228/228/228
f 230/230/230 231/231/231 229/229/229
f 232/232/232 231/231/231 230/230/230
f 232/232/232 233/233/233 231/231/231
f 234/234/234 233/233/233 232/232/232
f 234/234/234 235/235/235 233/233/233
f 236/236/236 235/235/235 234/234/234
f 236/236/236 237/237/237 235/235/235
f 238/238/238 237/237/237 236/236/236
f 238/238/238 239/239/239 237/237/237
f 240/240/240 239/239/239 238/238/238
f 240/240/240 241/241/241 239/239/239
f 242/242/242 241/241/241 240/240/240
f 242/242/242 243/243/243 241/241/241
f 244/244/244 243/243/243 242/242/242
f 244/244/244 245/245/245 243/243/243
f 246/246/246 245/245/245 244/244/244
f 246/246/246 247/247/247 245/245/245
f 248/248/248 247/247/247 246/246/246
f 248/248/248 249/249/249 247/247/247
f 250/250/250 249/249/249 248/248/248
f 250/250/250 251/251/251 249/249/249
f 252/252/252 251/251/251 250/250/250
f 252/252/252 253/253/253 251/251/251
f 254/254/254 253/253/253 252/252/252
f 253/253/253 254/254/254 255/255/255
f 255/255/255 254/254/254 256/256/256
f 226/226/226 255/255/255 256/256/256
f 227/227/227 255/255/255 226/226/226
f 52/52/52 85/85/85 50/50/50
f 52/52/52 87/87/87 85/85/85
f 54/54/54 87/87/87 52/52/52
f 54/54/54 89/89/89 87/87/87
f 56/56/56 89/89/89 54/54/54
f 56/56/56 91/91/91 89/89/89
f 58/58/58 91/91/91 56/56/56
f 58/58/58 93/93/93 91/91/91
f 60/60/60 93/93/93 58/58/58
f 60/60/60 95/95/95 93/93/93
f 62/62/62 95/95/95 60/60/60
f 64/64/64 95/95/95 62/62/62
f 66/66/66 95/95/95 64/64/64
f 26/26/26 41/41/41 28/28/28
f 26/26/26 43/43/43 41/41/41
f 24/24/24 43/43/43 26/26/26
f 24/24/24 45/45/45 43/43/43
f 22/22/22 45/45/45 24/24/24
f 22/22/22 47/47/47 45/45/45
f 20/20/20 47/47/47 22/22/22
f 20/20/20 49/49/49 47/47/47
f 18/18/18 49/49/49 20/20/20
f 18/18/18 51/51/51 49/49/49
f 16/16/16 51/51/51 18/18/18
f 16/16/16 53/53/53 51/51/51
f 14/14/14 53/53/53 16/16/16
f 14/14/14 55/55/55 53/53/53
f 12/12/12 55/55/55 14/14/14
f 12/12/12 57/57/57 55/55/55
f 10/10/10 57/57/57 12/12/12
f 10/10/10 59/59/59 57/57/57
f 8/8/8 59/59/59 10/10/10
f 8/8/8 61/61/61 59/59/59
f 6/6/6 61/61/61 8/8/8
f 6/6/6 63/63/63 61/61/61
f 1/1/1 63/63/63 6/6/6
f 4/4/4 63/63/63 1/1/1
f 34/34/34 63/63/63 4/4/4
f 257/257/257 31/31/31 2/2/2
f 258/258/258 31/31/31 257/257/257
f 258/258/258 29/29/29 31/31/31
f 259/259/259 29/29/29 258/258/258
f 259/259/259 27/27/27 29/29/29
f 260/260/260 27/27/27 259/259/259
f 260/260/260 25/25/25 27/27/27
f 261/261/261 25/25/25 260/260/260
f 261/261/261 23/23/23 25/25/25
f 262/262/262 23/23/23 261/261/261
f 262/262/262 21/21/21 23/23/23
f 263/263/263 21/21/21 262/262/262
f 263/263/263 19/19/19 21/21/21
f 264/264/264 19/19/19 263/263/263
f 264/264/264 17/17/17 19/19/19
f 265/265/265 17/17/17 264/264/264
f 265/265/265 15/15/15 17/17/17
f 266/266/266 15/15/15 265/265/265
f 266/266/266 13/13/13 15/15/15
f 267/267/267 13/13/13 266/266/266
f 267/267/267 11/11/11 13/13/13
f 268/268/268 11/11/11 267/267/267
f 268/268/268 9/9/9 11/11/11
f 269/269/269 9/9/9 268/268/268
f 269/269/269 7/7/7 9/9/9
f 270/270/270 7/7/7 269/269/269
f 270/270/270 5/5/5 7/7/7
f 271/271/271 5/5/5 270/270/270
f 5/5/5 271/271/271 3/3/3
f 3/3/3 271/271/271 272/272/272
f 257/257/257 3/3/3 272/272/272
f 2/2/2 3/3/3 257/257/257
f 274/274/274 273/273/273 275/275/275
f 276/276/276 273/273/273 274/274/274
f 276/276/276 277/277/277 273/273/273
f 278/278/278 277/277/277 276/276/276
f 278/278/278 279/279/279 277/277/277
f 280/280/280 279/279/279 278/278/278
f 280/280/280 281/281/281 279/279/279
f 282/282/282 281/281/281 280/280/280
f 282/282/282 283/283/283 281/281/281
f 284/284/284 283/283/283 282/282/282
f 281/281/281 285/285/285 279/279/279
f 286/286/286 285/285/285 281/281/281
f 285/285/285 286/286/286 287/287/287
f 278/278/278 287/287/287 280/280/280
f 288/288/288 285/285/285 287/287/287
f 276/276/276 288/288/288 278/278/278
f 288/288/288 287/287/287 278/278/278
f 289/289/289 285/285/285 288/288/288
f 279/279/279 289/289/289 277/277/277
f 285/285/285 289/289/289 279/279/279
f 290/290/290 289/289/289 288/288/288
f 290/290/290 288/288/288 276/276/276
f 291/291/291 289/289/289 290/290/290
f 289/289/289 291/291/291 277/277/277
f 292/292/292 291/291/291 290/290/290
f 293/293/293 291/291/291 292/292/292
f 287/287/287 286/286/286 294/294/294
f 280/280/280 294/294/294 282/282/282
f 287/287/287 294/294/294 280/280/280
f 295/295/295 294/294/294 286/286/286
f 284/284/284 295/295/295 283/283/283
f 295/295/295 281/281/281 283/283/283
f 286/286/286 281/281/281 295/295/295
f 296/296/296 294/294/294 295/295/295
f 282/282/282 296/296/296 284/284/284
f 294/294/294 296/296/296 282/282/282
f 296/296/296 295/295/295 284/284/284
f 291/291/291 293/293/293 273/273/273
f 277/277/277 291/291/291 273/273/273
f 273/273/273 293/293/293 275/275/275
f 293/293/293 292/292/292 275/275/275
f 275/275/275 292/292/292 274/274/274
f 292/292/292 290/290/290 274/274/274
f 274/274/274 290/290/290 276/276/276
f 298/298/298 297/297/297 299/299/299
f 300/300/300 297/297/297 298/298/298
f 297/297/297 300/300/300 301/301/301
f 301/301/301 300/300/300 302/302/302
f 302/302/302 303/303/303 301/301/301
f 301/301/301 303/303/303 304/304/304
f 302/302/302 305/305/305 303/303/303
f 303/303/303 305/305/305 306/306/306
f 297/297/297 301/301/301 307/307/307
f 307/307/307 301/301/301 308/308/308
f 307/307/307 308/308/308 309/309/309
f 309/309/309 308/308/308 310/310/310
f 311/311/311 309/309/309 310/310/310
f 312/312/312 309/309/309 311/311/311
f 313/313/313 312/312/312 311/311/311
f 314/314/314 312/312/312 313/313/313
f 314/314/314 313/313/313 315/315/315
f 315/315/315 313/313/313 316/316/316
f 316/316/316 313/313/313 317/317/317
f 317/317/317 313/313/313 318/318/318
f 313/313/313 311/311/311 318/318/318
f 318/318/318 319/319/319 317/317/317
f 315/315/315 319/319/319 314/314/314
f 319/319/319 316/316/316 317/317/317
f 315/315/315 316/316/316 319/319/319
f 320/320/320 319/319/319 318/318/318
f 314/314/314 320/320/320 312/312/312
f 314/314/314 319/319/319 320/320/320
f 320/320/320 318/318/318 321/321/321
f 312/312/312 321/321/321 309/309/309
f 312/312/312 320/320/320 321/321/321
f 321/321/321 318/318/318 322/322/322
f 318/318/318 311/311/311 322/322/322
f 311/311/311 310/310/310 322/322/322
f 321/321/321 322/322/322 323/323/323
f 309/309/309 321/321/321 323/323/323
f 323/323/323 322/322/322 324/324/324
f 322/322/322 310/310/310 324/324/324
f 325/325/325 323/323/323 324/324/324
f 326/326/326 323/323/323 325/325/325
f 327/327/327 326/326/326 325/325/325
f 328/328/328 326/326/326 327/327/327
f 328/328/328 327/327/327 329/329/329
f 329/329/329 330/330/330 328/328/328
f 328/328/328 330/330/330 331/331/331
f 329/329/329 327/327/327 332/332/332
f 332/332/332 327/327/327 333/333/333
f 333/333/333 327/327/327 334/334/334
f 332/332/332 333/333/333 335/335/335
f 335/335/335 333/333/333 336/336/336
f 324/324/324 308/308/308 325/325/325
f 308/308/308 327/327/327 325/325/325
f 310/310/310 308/308/308 324/324/324
f 301/301/301 327/327/327 308/308/308
f 301/301/301 334/334/334 327/327/327
f 304/304/304 334/334/334 301/301/301
f 304/304/304 333/333/333 334/334/334
f 303/303/303 333/333/333 304/304/304
f 303/303/303 336/336/336 333/333/333
f 306/306/306 336/336/336 303/303/303
f 336/336/336 305/305/305 335/335/335
f 306/306/306 305/305/305 336/336/336
f 335/335/335 302/302/302 332/332/332
f 305/305/305 302/302/302 335/335/335
f 332/332/332 300/300/300 329/329/329
f 302/302/302 300/300/300 332/332/332
f 300/300/300 298/298/298 329/329/329
f 329/329/329 298/298/298 330/330/330
f 298/298/298 299/299/299 330/330/330
f 330/330/330 299/299/299 331/331/331
f 299/299/299 297/297/297 331/331/331
f 331/331/331 297/297/297 328/328/328
f 297/297/297 326/326/326 328/328/328
f 307/307/307 326/326/326 297/297/297
f 307/307/307 323/323/323 326/326/326
f 309/309/309 323/323/323 307/307/307
f 338/338/338 337/337/337 339/339/339
f 340/340/340 337/337/337 338/338/338
f 337/337/337 340/340/340 341/341/341
f 341/341/341 340/340/340 342/342/342
f 342/342/342 343/343/343 341/341/341
f 341/341/341 343/343/343 344/344/344
f 342/342/342 345/345/345 343/343/343
f 343/343/343 345/345/345 346/346/346
f 337/337/337 341/341/341 347/347/347
f 347/347/347 341/341/341 348/348/348
f 347/347/347 348/348/348 349/349/349
f 349/349/349 348/348/348 350/350/350
f 351/351/351 349/349/349 350/350/350
f 352/352/352 349/349/349 351/351/351
f 353/353/353 352/352/352 351/351/351
f 354/354/354 352/352/352 353/353/353
f 354/354/354 353/353/353 355/355/355
f 355/355/355 353/353/353 356/356/356
f 356/356/356 357/357/357 355/355/355
f 355/355/355 357/357/357 354/354/354
f 358/358/358 357/357/357 356/356/356
f 356/356/356 353/353/353 358/358/358
f 359/359/359 357/357/357 358/358/358
f 353/353/353 351/351/351 359/359/359
f 358/358/358 353/353/353 359/359/359
f 360/360/360 357/357/357 359/359/359
f 354/354/354 357/357/357 360/360/360
f 354/354/354 360/360/360 352/352/352
f 360/360/360 359/359/359 361/361/361
f 352/352/352 360/360/360 361/361/361
f 352/352/352 361/361/361 349/349/349
f 361/361/361 359/359/359 362/362/362
f 351/351/351 350/350/350 362/362/362
f 359/359/359 351/351/351 362/362/362
f 361/361/361 362/362/362 363/363/363
f 349/349/349 361/361/361 363/363/363
f 363/363/363 362/362/362 364/364/364
f 362/362/362 350/350/350 364/364/364
f 365/365/365 363/363/363 364/364/364
f 366/366/366 363/363/363 365/365/365
f 367/367/367 366/366/366 365/365/365
f 368/368/368 366/366/366 367/367/367
f 368/368/368 367/367/367 369/369/369
f 369/369/369 370/370/370 368/368/368
f 368/368/368 370/370/370 371/371/371
f 369/369/369 367/367/367 372/372/372
f 372/372/372 367/367/367 373/373/373
f 373/373/373 367/367/367 374/374/374
f 372/372/372 373/373/373 375/375/375
f 375/375/375 373/373/373 376/376/376
f 347/347/347 363/363/363 366/366/366
f 349/349/349 363/363/363 347/347/347
f 337/337/337 366/366/366 368/368/368
f 347/347/347 366/366/366 337/337/337
f 371/371/371 337/337/337 368/368/368
f 339/339/339 337/337/337 371/371/371
f 370/370/370 339/339/339 371/371/371
f 338/338/338 339/339/339 370/370/370
f 369/369/369 338/338/338 370/370/370
f 340/340/340 338/338/338 369/369/369
f 372/372/372 340/340/340 369/369/369
f 342/342/342 340/340/340 372/372/372
f 375/375/375 342/342/342 372/372/372
f 345/345/345 342/342/342 375/375/375
f 376/376/376 345/345/345 375/375/375
f 346/346/346 345/345/345 376/376/376
f 343/343/343 376/376/376 373/373/373
f 346/346/346 376/376/376 343/343/343
f 344/344/344 373/373/373 374/374/374
f 343/343/343 373/373/373 344/344/344
f 344/344/344 374/374/374 341/341/341
f 341/341/341 374/374/374 367/367/367
f 341/341/341 367/367/367 348/348/348
f 348/348/348 367/367/367 365/365/365
f 364/364/364 348/348/348 365/365/365
f 350/350/350 348/348/348 364/364/364
f 378/378/378 377/377/377 379/379/379
f 380/380/380 377/377/377 378/378/378
f 378/378/378 379/379/379 381/381/381
f 381/381/381 379/379/379 382/382/382
f 383/383/383 381/381/381 382/382/382
f 384/384/384 381/381/381 383/383/383
f 385/385/385 384/384/384 383/383/383
f 386/386/386 384/384/384 385/385/385
f 387/387/387 386/386/386 385/385/385
f 388/388/388 386/386/386 387/387/387
f 384/384/384 389/389/389 381/381/381
f 390/390/390 389/389/389 384/384/384
f 390/390/390 391/391/391 389/389/389
f 391/391/391 392/392/392 389/389/389
f 389/389/389 392/392/392 393/393/393
f 389/389/389 393/393/393 381/381/381
f 394/394/394 391/391/391 390/390/390
f 394/394/394 382/382/382 391/391/391
f 383/383/383 382/382/382 394/394/394
f 395/395/395 390/390/390 384/384/384
f 396/396/396 390/390/390 395/395/395
f 396/396/396 394/394/394 390/390/390
f 395/395/395 397/397/397 396/396/396
f 398/398/398 397/397/397 395/395/395
f 399/399/399 383/383/383 394/394/394
f 391/391/391 400/400/400 392/392/392
f 382/382/382 400/400/400 391/391/391
f 400/400/400 401/401/401 392/392/392
f 392/392/392 401/401/401 402/402/402
f 379/379/379 400/400/400 382/382/382
f 403/403/403 400/400/400 379/379/379
f 403/403/403 404/404/404 400/400/400
f 405/405/405 404/404/404 403/403/403
f 406/406/406 405/405/405 403/403/403
f 407/407/407 405/405/405 406/406/406
f 406/406/406 377/377/377 407/407/407
f 403/403/403 377/377/377 406/406/406
f 379/379/379 377/377/377 403/403/403
f 407/407/407 377/377/377 380/380/380
f 407/407/407 380/380/380 405/405/405
f 405/405/405 378/378/378 404/404/404
f 405/405/405 380/380/380 378/378/378
f 404/404/404 378/378/378 381/381/381
f 381/381/381 393/393/393 404/404/404
f 408/408/408 404/404/404 393/393/393
f 409/409/409 404/404/404 408/408/408
f 410/410/410 402/402/402 401/401/401
f 401/401/401 411/411/411 410/410/410
f 410/410/410 411/411/411 412/412/412
f 413/413/413 412/412/412 411/411/411
f 414/414/414 412/412/412 413/413/413
f 413/413/413 402/402/402 414/414/414
f 414/414/414 402/402/402 415/415/415
f 415/415/415 402/402/402 410/410/410
f 412/412/412 415/415/415 410/410/410
f 414/414/414 415/415/415 412/412/412
f 416/416/416 413/413/413 411/411/411
f 416/416/416 409/409/409 417/417/417
f 417/417/417 409/409/409 418/418/418
f 408/408/408 418/418/418 409/409/409
f 419/419/419 413/413/413 416/416/416
f 417/417/417 419/419/419 416/416/416
f 393/393/393 419/419/419 408/408/408
f 408/408/408 419/419/419 420/420/420
f 420/420/420 418/418/418 408/408/408
f 420/420/420 419/419/419 421/421/421
f 421/421/421 419/419/419 417/417/417
f 418/418/418 421/421/421 417/417/417
f 420/420/420 421/421/421 418/418/418
f 401/401/401 400/400/400 411/411/411
f 411/411/411 400/400/400 416/416/416
f 416/416/416 400/400/400 404/404/404
f 416/416/416 404/404/404 409/409/409
f 392/392/392 402/402/402 413/413/413
f 392/392/392 413/413/413 419/419/419
f 392/392/392 419/419/419 393/393/393
f 423/423/423 422/422/422 424/424/424
f 425/425/425 422/422/422 423/423/423
f 425/425/425 387/387/387 422/422/422
f 388/388/388 387/387/387 425/425/425
f 422/422/422 385/385/385 424/424/424
f 387/387/387 385/385/385 422/422/422
f 385/385/385 383/383/383 424/424/424
f 424/424/424 383/383/383 426/426/426
f 426/426/426 383/383/383 399/399/399
f 427/427/427 426/426/426 399/399/399
f 428/428/428 426/426/426 427/427/427
f 386/386/386 425/425/425 423/423/423
f 388/388/388 425/425/425 386/386/386
f 386/386/386 423/423/423 384/384/384
f 384/384/384 423/423/423 395/395/395
f 424/424/424 395/395/395 423/423/423
f 427/427/427 429/429/429 428/428/428
f 427/427/427 399/399/399 429/429/429
f 428/428/428 429/429/429 430/430/430
f 426/426/426 428/428/428 430/430/430
f 429/429/429 431/431/431 430/430/430
f 426/426/426 430/430/430 431/431/431
f 432/432/432 431/431/431 429/429/429
f 429/429/429 399/399/399 432/432/432
f 432/432/432 433/433/433 431/431/431
f 426/426/426 431/431/431 433/433/433
f 434/434/434 433/433/433 432/432/432
f 432/432/432 399/399/399 434/434/434
f 434/434/434 435/435/435 433/433/433
f 436/436/436 435/435/435 434/434/434
f 436/436/436 437/437/437 435/435/435
f 435/435/435 437/437/437 438/438/438
f 437/437/437 439/439/439 438/438/438
f 435/435/435 438/438/438 439/439/439
f 440/440/440 439/439/439 437/437/437
f 437/437/437 436/436/436 440/440/440
f 440/440/440 398/398/398 439/439/439
f 435/435/435 439/439/439 398/398/398
f 435/435/435 398/398/398 395/395/395
f 397/397/397 398/398/398 440/440/440
f 440/440/440 436/436/436 397/397/397
f 424/424/424 433/433/433 435/435/435
f 424/424/424 435/435/435 395/395/395
f 424/424/424 426/426/426 433/433/433
f 434/434/434 394/394/394 436/436/436
f 399/399/399 394/394/394 434/434/434
f 436/436/436 394/394/394 396/396/396
f 397/397/397 436/436/436 396/396/396
f 442/442/442 441/441/441 443/443/443
f 444/444/444 441/441/441 442/442/442
f 442/442/442 445/445/445 444/444/444
f 444/444/444 445/445/445 446/446/446
f 445/445/445 447/447/447 446/446/446
f 446/446/446 447/447/447 448/448/448
f 447/447/447 449/449/449 448/448/448
f 448/448/448 449/449/449 450/450/450
f 449/449/449 451/451/451 450/450/450
f 450/450/450 451/451/451 452/452/452
f 449/449/449 453/453/453 451/451/451
f 451/451/451 453/453/453 454/454/454
f 453/453/453 455/455/455 454/454/454
f 450/450/450 452/452/452 455/455/455
f 453/453/453 456/456/456 455/455/455
f 456/456/456 450/450/450 455/455/455
f 448/448/448 450/450/450 456/456/456
f 457/457/457 456/456/456 453/453/453
f 449/449/449 457/457/457 453/453/453
f 447/447/447 457/457/457 449/449/449
f 457/457/457 458/458/458 456/456/456
f 458/458/458 448/448/448 456/456/456
f 446/446/446 448/448/448 458/458/458
f 459/459/459 458/458/458 457/457/457
f 447/447/447 459/459/459 457/457/457
f 445/445/445 459/459/459 447/447/447
f 459/459/459 460/460/460 458/458/458
f 460/460/460 446/446/446 458/458/458
f 461/461/461 460/460/460 459/459/459
f 460/460/460 461/461/461 462/462/462
f 462/462/462 461/461/461 463/463/463
f 454/454/454 455/455/455 464/464/464
f 455/455/455 452/452/452 464/464/464
f 465/465/465 451/451/451 454/454/454
f 466/466/466 451/451/451 465/465/465
f 467/467/467 466/466/466 465/465/465
f 468/468/468 467/467/467 465/465/465
f 468/468/468 465/465/465 454/454/454
f 469/469/469 467/467/467 468/468/468
f 470/470/470 466/466/466 467/467/467
f 469/469/469 470/470/470 467/467/467
f 470/470/470 471/471/471 466/466/466
f 471/471/471 469/469/469 468/468/468
f 472/472/472 471/471/471 470/470/470
f 472/472/472 469/469/469 471/471/471
f 472/472/472 470/470/470 469/469/469
f 445/445/445 461/461/461 459/459/459
f 442/442/442 461/461/461 445/445/445
f 461/461/461 442/442/442 463/463/463
f 463/463/463 442/442/442 443/443/443
f 462/462/462 444/444/444 460/460/460
f 444/444/444 446/446/446 460/460/460
f 471/471/471 468/468/468 473/473/473
f 473/473/473 468/468/468 474/474/474
f 473/473/473 474/474/474 452/452/452
f 452/452/452 474/474/474 464/464/464
f 474/474/474 454/454/454 464/464/464
f 468/468/468 454/454/454 474/474/474
f 451/451/451 473/473/473 452/452/452
f 471/471/471 473/473/473 451/451/451
f 466/466/466 471/471/471 451/451/451
f 441/441/441 444/444/444 462/462/462
f 441/441/441 463/463/463 443/443/443
f 462/462/462 463/463/463 441/441/441
f 476/476/476 475/475/475 477/477/477
f 478/478/478 475/475/475 476/476/476
f 479/479/479 478/478/478 476/476/476
f 480/480/480 478/478/478 479/479/479
f 481/481/481 480/480/480 479/479/479
f 482/482/482 480/480/480 481/481/481
f 483/483/483 482/482/482 481/481/481
f 484/484/484 482/482/482 483/483/483
f 485/485/485 484/484/484 483/483/483
f 486/486/486 484/484/484 485/485/485
f 486/486/486 485/485/485 487/487/487
f 487/487/487 485/485/485 488/488/488
f 487/487/487 488/488/488 489/489/489
f 489/489/489 488/488/488 490/490/490
f 489/489/489 490/490/490 491/491/491
f 491/491/491 490/490/490 492/492/492
f 491/491/491 492/492/492 493/493/493
f 493/493/493 492/492/492 494/494/494
f 493/493/493 494/494/494 495/495/495
f 495/495/495 494/494/494 496/496/496
f 495/495/495 496/496/496 497/497/497
f 497/497/497 496/496/496 498/498/498
f 497/497/497 498/498/498 499/499/499
f 499/499/499 498/498/498 500/500/500
f 499/499/499 500/500/500 501/501/501
f 501/501/501 500/500/500 502/502/502
f 501/501/501 502/502/502 503/503/503
f 503/503/503 502/502/502 504/504/504
f 505/505/505 503/503/503 504/504/504
f 506/506/506 503/503/503 505/505/505
f 507/507/507 506/506/506 505/505/505
f 508/508/508 506/506/506 507/507/507
f 509/509/509 508/508/508 507/507/507
f 510/510/510 508/508/508 509/509/509
f 509/509/509 477/477/477 510/510/510
f 510/510/510 477/477/477 475/475/475
f 498/498/498 511/511/511 500/500/500
f 512/512/512 511/511/511 498/498/498
f 512/512/512 513/513/513 511/511/511
f 513/513/513 514/514/514 511/511/511
f 511/511/511 514/514/514 515/515/515
f 514/514/514 516/516/516 515/515/515
f 515/515/515 516/516/516 517/517/517
f 516/516/516 518/518/518 517/517/517
f 519/519/519 518/518/518 516/516/516
f 519/519/519 520/520/520 518/518/518
f 521/521/521 520/520/520 519/519/519
f 521/521/521 522/522/522 520/520/520
f 523/523/523 522/522/522 521/521/521
f 522/522/522 523/523/523 524/524/524
f 524/524/524 523/523/523 525/525/525
f 526/526/526 513/513/513 512/512/512
f 527/527/527 526/526/526 512/512/512
f 528/528/528 526/526/526 527/527/527
f 529/529/529 528/528/528 527/527/527
f 530/530/530 528/528/528 529/529/529
f 531/531/531 530/530/530 529/529/529
f 532/532/532 530/530/530 531/531/531
f 533/533/533 532/532/532 531/531/531
f 534/534/534 532/532/532 533/533/533
f 535/535/535 534/534/534 533/533/533
f 536/536/536 534/534/534 535/535/535
f 537/537/537 536/536/536 535/535/535
f 538/538/538 536/536/536 537/537/537
f 538/538/538 537/537/537 539/539/539
f 539/539/539 537/537/537 540/540/540
f 539/539/539 540/540/540 541/541/541
f 541/541/541 540/540/540 542/542/542
f 541/541/541 542/542/542 543/543/543
f 543/543/543 542/542/542 544/544/544
f 543/543/543 544/544/544 545/545/545
f 545/545/545 544/544/544 546/546/546
f 545/545/545 546/546/546 525/525/525
f 525/525/525 546/546/546 524/524/524
f 546/546/546 476/476/476 524/524/524
f 524/524/524 476/476/476 477/477/477
f 546/546/546 479/479/479 476/476/476
f 544/544/544 479/479/479 546/546/546
f 544/544/544 481/481/481 479/479/479
f 542/542/542 481/481/481 544/544/544
f 542/542/542 483/483/483 481/481/481
f 540/540/540 483/483/483 542/542/542
f 540/540/540 485/485/485 483/483/483
f 537/537/537 485/485/485 540/540/540
f 537/537/537 535/535/535 485/485/485
f 485/485/485 535/535/535 488/488/488
f 535/535/535 533/533/533 488/488/488
f 488/488/488 533/533/533 490/490/490
f 533/533/533 531/531/531 490/490/490
f 490/490/490 531/531/531 492/492/492
f 531/531/531 529/529/529 492/492/492
f 492/492/492 529/529/529 494/494/494
f 529/529/529 527/527/527 494/494/494
f 494/494/494 527/527/527 496/496/496
f 527/527/527 512/512/512 496/496/496
f 496/496/496 512/512/512 498/498/498
f 548/548/548 547/547/547 549/549/549
f 550/550/550 547/547/547 548/548/548
f 550/550/550 551/551/551 547/547/547
f 552/552/552 551/551/551 550/550/550
f 548/548/548 549/549/549 553/553/553
f 553/553/553 549/549/549 554/554/554
f 553/553/553 554/554/554 555/555/555
f 555/555/555 554/554/554 556/556/556
f 552/552/552 557/557/557 551/551/551
f 558/558/558 557/557/557 552/552/552
f 558/558/558 559/559/559 557/557/557
f 560/560/560 559/559/559 558/558/558
f 560/560/560 561/561/561 559/559/559
f 562/562/562 561/561/561 560/560/560
f 555/555/555 556/556/556 563/563/563
f 563/563/563 556/556/556 564/564/564
f 563/563/563 564/564/564 565/565/565
f 565/565/565 564/564/564 566/566/566
f 565/565/565 566/566/566 567/567/567
f 567/567/567 566/566/566 568/568/568
f 567/567/567 568/568/568 569/569/569
f 569/569/569 568/568/568 570/570/570
f 569/569/569 570/570/570 571/571/571
f 571/571/571 570/570/570 572/572/572
f 571/571/571 572/572/572 573/573/573
f 573/573/573 572/572/572 574/574/574
f 573/573/573 574/574/574 575/575/575
f 575/575/575 574/574/574 576/576/576
f 575/575/575 576/576/576 577/577/577
f 577/577/577 576/576/576 578/578/578
f 577/577/577 578/578/578 579/579/579
f 579/579/579 578/578/578 580/580/580
f 579/579/579 580/580/580 581/581/581
f 581/581/581 580/580/580 582/582/582
f 581/581/581 582/582/582 583/583/583
f 583/583/583 582/582/582 584/584/584
f 583/583/583 584/584/584 585/585/585
f 585/585/585 584/584/584 586/586/586
f 585/585/585 586/586/586 587/587/587
f 587/587/587 586/586/586 588/588/588
f 587/587/587 588/588/588 589/589/589
f 589/589/589 588/588/588 590/590/590
f 589/589/589 590/590/590 562/562/562
f 562/562/562 590/590/590 561/561/561
f 500/500/500 515/515/515 502/502/502
f 511/511/511 515/515/515 500/500/500
f 515/515/515 517/517/517 502/502/502
f 502/502/502 517/517/517 504/504/504
f 517/517/517 505/505/505 504/504/504
f 518/518/518 505/505/505 517/517/517
f 518/518/518 507/507/507 505/505/505
f 520/520/520 507/507/507 518/518/518
f 520/520/520 509/509/509 507/507/507
f 522/522/522 509/509/509 520/520/520
f 522/522/522 477/477/477 509/509/509
f 524/524/524 477/477/477 522/522/522
f 592/592/592 591/591/591 593/593/593
f 594/594/594 591/591/591 592/592/592
f 594/594/594 592/592/592 506/506/506
f 506/506/506 592/592/592 595/595/595
f 595/595/595 596/596/596 506/506/506
f 506/506/506 596/596/596 503/503/503
f 596/596/596 501/501/501 503/503/503
f 597/597/597 501/501/501 596/596/596
f 591/591/591 484/484/484 593/593/593
f 593/593/593 484/484/484 598/598/598
f 598/598/598 596/596/596 595/595/595
f 598/598/598 595/595/595 592/592/592
f 598/598/598 592/592/592 593/593/593
f 486/486/486 598/598/598 484/484/484
f 599/599/599 598/598/598 486/486/486
f 599/599/599 597/597/597 596/596/596
f 599/599/599 596/596/596 598/598/598
f 599/599/599 486/486/486 600/600/600
f 600/600/600 597/597/597 599/599/599
f 600/600/600 486/486/486 487/487/487
f 601/601/601 501/501/501 597/597/597
f 602/602/602 501/501/501 601/601/601
f 603/603/603 602/602/602 601/601/601
f 487/487/487 603/603/603 600/600/600
f 603/603/603 601/601/601 597/597/597
f 603/603/603 597/597/597 600/600/600
f 604/604/604 602/602/602 603/603/603
f 604/604/604 603/603/603 487/487/487
f 602/602/602 604/604/604 493/493/493
f 602/602/602 493/493/493 495/495/495
f 493/493/493 604/604/604 491/491/491
f 602/602/602 495/495/495 497/497/497
f 491/491/491 604/604/604 489/489/489
f 489/489/489 604/604/604 487/487/487
f 602/602/602 497/497/497 499/499/499
f 602/602/602 499/499/499 501/501/501
f 606/606/606 605/605/605 607/607/607
f 607/607/607 605/605/605 608/608/608
f 607/607/607 608/608/608 609/609/609
f 609/609/609 608/608/608 610/610/610
f 609/609/609 610/610/610 611/611/611
f 611/611/611 610/610/610 612/612/612
f 611/611/611 612/612/612 613/613/613
f 613/613/613 612/612/612 614/614/614
f 613/613/613 614/614/614 615/615/615
f 615/615/615 614/614/614 616/616/616
f 615/615/615 616/616/616 617/617/617
f 617/617/617 616/616/616 618/618/618
f 617/617/617 618/618/618 619/619/619
f 619/619/619 618/618/618 620/620/620
f 619/619/619 620/620/620 621/621/621
f 621/621/621 620/620/620 622/622/622
f 621/621/621 622/622/622 623/623/623
f 623/623/623 622/622/622 624/624/624
f 623/623/623 624/624/624 625/625/625
f 625/625/625 624/624/624 626/626/626
f 628/628/628 627/627/627 629/629/629
f 628/628/628 630/630/630 627/627/627
f 631/631/631 630/630/630 628/628/628
f 631/631/631 632/632/632 630/630/630
f 633/633/633 632/632/632 631/631/631
f 633/633/633 634/634/634 632/632/632
f 635/635/635 634/634/634 633/633/633
f 635/635/635 636/636/636 634/634/634
f 637/637/637 636/636/636 635/635/635
f 637/637/637 638/638/638 636/636/636
f 639/639/639 638/638/638 637/637/637
f 639/639/639 640/640/640 638/638/638
f 641/641/641 640/640/640 639/639/639
f 641/641/641 642/642/642 640/640/640
f 643/643/643 642/642/642 641/641/641
f 643/643/643 644/644/644 642/642/642
f 645/645/645 644/644/644 643/643/643
f 645/645/645 646/646/646 644/644/644
f 647/647/647 646/646/646 645/645/645
f 647/647/647 648/648/648 646/646/646
f 506/506/506 508/508/508 594/594/594
f 508/508/508 510/510/510 594/594/594
f 510/510/510 475/475/475 594/594/594
f 475/475/475 478/478/478 594/594/594
f 594/594/594 478/478/478 591/591/591
f 478/478/478 480/480/480 591/591/591
f 480/480/480 482/482/482 591/591/591
f 482/482/482 484/484/484 591/591/591
v 2.782586 -0.2836093 0.5190832
v 2.781616 -0.2737582 0.3558881
v 2.788951 -0.2838671 0.3631048
v 2.787809 -0.2722636 0.5118665
v 2.784694 -0.2619949 0.3631048
v 2.783714 -0.2619269 0.5144107
v 2.778709 -0.2525647 0.3605606
v 2.778482 -0.2522246 0.5144107
v 2.771748 -0.2440186 0.3605606
v 2.771459 -0.2437294 0.5144107
v 2.763252 -0.2369948 0.3605606
v 2.762912 -0.2367676 0.5144107
v 2.75355 -0.2317633 0.3605606
v 2.753172 -0.2316068 0.5144107
v 2.743013 -0.2285252 0.3605606
v 2.742612 -0.2284454 0.5144107
v 2.732048 -0.227405 0.3605606
v 2.731639 -0.227405 0.5144107
v 2.721074 -0.2284454 0.3605606
v 2.720673 -0.2285252 0.5144107
v 2.710515 -0.2316068 0.3605606
v 2.710136 -0.2317633 0.5144107
v 2.700774 -0.2367676 0.3605606
v 2.700434 -0.2369948 0.5144107
v 2.692228 -0.2437294 0.3605606
v 2.691939 -0.2440186 0.5144107
v 2.685205 -0.2522246 0.3605606
v 2.684977 -0.2525647 0.5144107
v 2.679973 -0.2619269 0.3605606
v 2.679816 -0.2623048 0.5144107
v 2.676735 -0.2724635 0.3605606
v 2.676655 -0.2728646 0.5144107
v 2.675615 -0.2834292 0.3605606
v 2.675614 -0.2838382 0.5144107
v 2.676655 -0.2944028 0.3605606
v 2.676735 -0.2948039 0.5144107
v 2.679816 -0.3049626 0.3605606
v 2.679973 -0.3053405 0.5144107
v 2.684977 -0.3147027 0.3605606
v 2.685205 -0.3150428 0.5144107
v 2.691939 -0.3232489 0.3605606
v 2.692228 -0.3235381 0.5144107
v 2.700434 -0.3302726 0.3605606
v 2.700774 -0.3304999 0.5144107
v 2.710137 -0.3355041 0.3605606
v 2.710515 -0.3356606 0.5144107
v 2.720673 -0.3387422 0.3605606
v 2.721074 -0.338822 0.5144107
v 2.731639 -0.3398625 0.3605606
v 2.732048 -0.3398625 0.5144107
v 2.742612 -0.338822 0.3605606
v 2.743014 -0.3387422 0.5144107
v 2.753172 -0.3356606 0.3605606
v 2.75355 -0.3355041 0.5144107
v 2.762912 -0.3304997 0.3605606
v 2.763253 -0.3302725 0.5144107
v 2.771459 -0.323538 0.3605606
v 2.771748 -0.3232488 0.5144107
v 2.778482 -0.3150427 0.3605606
v 2.778709 -0.3147027 0.5144107
v 2.783714 -0.3053404 0.3605606
v 2.78387 -0.3049625 0.5144107
v 2.786952 -0.2948039 0.3605606
v 2.7879 -0.2945459 0.5118665

vn 0.003251008 -0.9950793 -0.09902863
vn 0.01613063 0.9950793 -0.09776042
vn -0.03111503 0.3174499 -0.9477645
vn 0.2154163 -0.3174503 -0.9234831
vn 0.3339474 0.31745 -0.8875273
vn 0.3430109 -0.5563474 -0.7568493
vn 0.4387343 0.5563473 -0.7056841
vn 0.4840765 -0.5563475 -0.6753869
vn 0.5679755 0.556347 -0.6065327
vn 0.6065326 -0.5563472 -0.5679754
vn 0.675387 0.5563473 -0.4840766
vn 0.705684 -0.5563474 -0.4387342
vn 0.7568495 0.5563472 -0.343011
vn 0.7777181 -0.5563473 -0.2926297
vn 0.8092254 0.5563473 -0.1887641
vn 0.8198642 -0.5563473 -0.1352791
vn 0.8305026 0.5563471 -0.02726487
vn 0.8305026 -0.5563471 0.02726487
vn 0.8198642 0.5563473 0.1352791
vn 0.8092254 -0.5563473 0.1887641
vn 0.7777181 0.5563473 0.2926297
vn 0.7568495 -0.5563472 0.343011
vn 0.705684 0.5563474 0.4387342
vn 0.675387 -0.5563473 0.4840766
vn 0.6065326 0.5563472 0.5679754
vn 0.5679755 -0.556347 0.6065327
vn 0.4840765 0.5563474 0.6753869
vn 0.4387343 -0.5563473 0.7056841
vn 0.3430109 0.5563474 0.7568493
vn 0.2926298 -0.5563471 0.7777182
vn 0.188764 0.5563475 0.8092253
vn 0.1352791 -0.5563472 0.8198643
vn 0.02726478 0.5563473 0.8305025
vn -0.02726478 -0.556347 0.8305027
vn -0.1352791 0.5563474 0.819864
vn -0.188764 -0.5563473 0.8092256
vn -0.2926298 0.5563474 0.7777179
vn -0.3430109 -0.5563471 0.7568496
vn -0.4387327 0.5563473 0.7056848
vn -0.4840735 -0.5563471 0.6753893
vn -0.5679744 0.5563474 0.6065333
vn -0.6065343 -0.5563472 0.5679736
vn -0.6753904 0.5563473 0.4840717
vn -0.7056866 -0.5563472 0.4387303
vn -0.7568504 0.5563472 0.3430092
vn -0.7777181 -0.5563471 0.2926303
vn -0.809225 0.5563474 0.1887655
vn -0.819864 -0.5563474 0.13528
vn -0.8305026 0.5563471 0.02726495
vn -0.8305026 -0.5563472 -0.02726413
vn -0.819864 0.5563473 -0.1352795
vn -0.8092251 -0.5563474 -0.1887652
vn -0.7777172 0.5563473 -0.2926326
vn -0.7568482 -0.5563474 -0.3430138
vn -0.7056841 0.5563471 -0.4387346
vn -0.6753891 -0.5563472 -0.4840738
vn -0.6065341 0.5563473 -0.5679738
vn -0.5679738 -0.5563474 -0.6065339
vn -0.4840718 0.5563471 -0.6753905
vn -0.4387302 -0.5563474 -0.7056865
vn -0.3430085 0.5563471 -0.7568508
vn -0.2926286 -0.5563474 -0.7777185
vn -0.1887642 0.5563473 -0.8092256
vn -0.1543804 -0.3174503 -0.9356239

vt 0 0
vt 0 0
vt 0 0
vt 0 0
vt 0 0
vt 0 0
vt 0 0
vt 0 0
vt 0 0
vt 0 0
vt 0 0
vt 0 0
vt 0 0
vt 0 0
vt 0 0
vt 0 0
vt 0 0
vt 0 0
vt 0 0
vt 0 0
vt 0 0
vt 0 0
vt 0 0
vt 0 0
vt 0 0
vt 0 0
vt 0 0
vt 0 0
vt 0 0
vt 0 0
vt 0 0
vt 0 0
vt 0 0
vt 0 0
vt 0 0
vt 0 0
vt 0 0
vt 0 0
vt 0 0
vt 0 0
vt 0 0
vt 0 0
vt 0 0
vt 0 0
vt 0 0
vt 0 0
vt 0 0
vt 0 0
vt 0 0
vt 0 0
vt 0 0
vt 0 0
vt 0 0
vt 0 0
vt 0 0
vt 0 0
vt 0 0
vt 0 0
vt 0 0
vt 0 0
vt 0 0
vt 0 0
vt 0 0
vt 0 0
f 650/650/650 649/649/649 651/651/651
f 652/652/652 649/649/649 650/650/650
f 653/653/653 652/652/652 650/650/650
f 654/654/654 652/652/652 653/653/653
f 654/654/654 649/649/649 652/652/652
f 655/655/655 654/654/654 653/653/653
f 653/653/653 650/650/650 655/655/655
f 656/656/656 654/654/654 655/655/655
f 656/656/656 649/649/649 654/654/654
f 657/657/657 656/656/656 655/655/655
f 655/655/655 650/650/650 657/657/657
f 658/658/658 656/656/656 657/657/657
f 658/658/658 649/649/649 656/656/656
f 659/659/659 658/658/658 657/657/657
f 657/657/657 650/650/650 659/659/659
f 660/660/660 658/658/658 659/659/659
f 660/660/660 649/649/649 658/658/658
f 661/661/661 660/660/660 659/659/659
f 659/659/659 650/650/650 661/661/661
f 662/662/662 660/660/660 661/661/661
f 662/662/662 649/649/649 660/660/660
f 663/663/663 662/662/662 661/661/661
f 661/661/661 650/650/650 663/663/663
f 664/664/664 662/662/662 663/663/663
f 664/664/664 649/649/649 662/662/662
f 665/665/665 664/664/664 663/663/663
f 663/663/663 650/650/650 665/665/665
f 666/666/666 664/664/664 665/665/665
f 667/667/667 666/666/666 665/665/665
f 668/668/668 666/666/666 667/667/667
f 669/669/669 668/668/668 667/667/667
f 670/670/670 668/668/668 669/669/669
f 671/671/671 670/670/670 669/669/669
f 672/672/672 670/670/670 671/671/671
f 673/673/673 672/672/672 671/671/671
f 674/674/674 672/672/672 673/673/673
f 675/675/675 674/674/674 673/673/673
f 676/676/676 674/674/674 675/675/675
f 677/677/677 676/676/676 675/675/675
f 678/678/678 676/676/676 677/677/677
f 679/679/679 678/678/678 677/677/677
f 680/680/680 678/678/678 679/679/679
f 681/681/681 680/680/680 679/679/679
f 682/682/682 680/680/680 681/681/681
f 683/683/683 682/682/682 681/681/681
f 684/684/684 682/682/682 683/683/683
f 685/685/685 684/684/684 683/683/683
f 686/686/686 684/684/684 685/685/685
f 687/687/687 686/686/686 685/685/685
f 688/688/688 686/686/686 687/687/687
f 689/689/689 688/688/688 687/687/687
f 690/690/690 688/688/688 689/689/689
f 691/691/691 690/690/690 689/689/689
f 692/692/692 690/690/690 691/691/691
f 693/693/693 692/692/692 691/691/691
f 694/694/694 692/692/692 693/693/693
f 695/695/695 694/694/694 693/693/693
f 696/696/696 694/694/694 695/695/695
f 697/697/697 696/696/696 695/695/695
f 698/698/698 696/696/696 697/697/697
f 699/699/699 698/698/698 697/697/697
f 700/700/700 698/698/698 699/699/699
f 701/701/701 700/700/700 699/699/699
f 702/702/702 700/700/700 701/701/701
f 703/703/703 702/702/702 701/701/701
f 704/704/704 702/702/702 703/703/703
f 705/705/705 704/704/704 703/703/703
f 706/706/706 704/704/704 705/705/705
f 707/707/707 706/706/706 705/705/705
f 708/708/708 706/706/706 707/707/707
f 709/709/709 708/708/708 707/707/707
f 710/710/710 708/708/708 709/709/709
f 707/707/707 650/650/650 709/709/709
f 705/705/705 650/650/650 707/707/707
f 703/703/703 650/650/650 705/705/705
f 701/701/701 650/650/650 703/703/703
f 699/699/699 650/650/650 701/701/701
f 697/697/697 650/650/650 699/699/699
f 709/709/709 650/650/650 711/711/711
f 711/711/711 710/710/710 709/709/709
f 711/711/711 650/650/650 651/651/651
f 651/651/651 712/712/712 711/711/711
f 712/712/712 710/710/710 711/711/711
f 649/649/649 712/712/712 651/651/651
f 702/702/702 649/649/649 700/700/700
f 704/704/704 649/649/649 702/702/702
f 706/706/706 649/649/649 704/704/704
f 708/708/708 649/649/649 706/706/706
f 710/710/710 649/649/649 708/708/708
f 712/712/712 649/649/649 710/710/710
f 700/700/700 649/649/649 698/698/698
f 698/698/698 649/649/649 696/696/696
f 696/696/696 649/649/649 694/694/694
f 694/694/694 649/649/649 692/692/692
f 692/692/692 649/649/649 690/690/690
f 690/690/690 649/649/649 688/688/688
f 688/688/688 649/649/649 686/686/686
f 686/686/686 649/649/649 684/684/684
f 684/684/684 649/649/649 682/682/682
f 682/682/682 649/649/649 680/680/680
f 680/680/680 649/649/649 678/678/678
f 678/678/678 649/649/649 676/676/676
f 676/676/676 649/649/649 674/674/674
f 674/674/674 649/649/649 672/672/672
f 672/672/672 649/649/649 670/670/670
f 670/670/670 649/649/649 668/668/668
f 668/668/668 649/649/649 666/666/666
f 666/666/666 649/649/649 664/664/664
f 695/695/695 650/650/650 697/697/697
f 693/693/693 650/650/650 695/695/695
f 691/691/691 650/650/650 693/693/693
f 689/689/689 650/650/650 691/691/691
f 687/687/687 650/650/650 689/689/689
f 685/685/685 650/650/650 687/687/687
f 683/683/683 650/650/650 685/685/685
f 681/681/681 650/650/650 683/683/683
f 679/679/679 650/650/650 681/681/681
f 677/677/677 650/650/650 679/679/679
f 675/675/675 650/650/650 677/677/677
f 673/673/673 650/650/650 675/675/675
f 671/671/671 650/650/650 673/673/673
f 669/669/669 650/650/650 671/671/671
f 667/667/667 650/650/650 669/669/669
f 665/665/665 650/650/650 667/667/667
