v 0.161498 -0.5948327 -0.0127846
v 0.242665 -0.5927991 -0.03748539
v 0.2702564 -0.5993611 -0.01250843
v 0.1655732 -0.6134734 -0.04112935
v 0.1849085 -0.6863251 -0.03767539
v 0.2536862 -0.6939529 -0.01059547
v 0.2619566 -0.665689 -0.04124514
v 0.156694 -0.6773048 -0.01556158
v 0.1211431 -0.6918709 0.2053246
v 0.3156922 -0.6789278 0.203966
v 0.1338677 -0.578996 0.2076871
v 0.3064989 -0.5883583 0.2055299
v 0.3156922 -0.6789278 0.203966
v 0.2702564 -0.5993611 -0.01250843
v 0.2536862 -0.6939529 -0.01059547
v 0.3064989 -0.5883583 0.2055299
v 0.2619566 -0.665689 -0.04124514
v 0.242665 -0.5927991 -0.03748539
v 0.1211431 -0.6918709 0.2053246
v 0.161498 -0.5948327 -0.0127846
v 0.1338677 -0.578996 0.2076871
v 0.156694 -0.6773048 -0.01556158
v 0.1655732 -0.6134734 -0.04112935
v 0.1849085 -0.6863251 -0.03767539
v 0.338545 -0.6948306 0.2783385
v 0.2894787 -0.7551706 0.3205179
v 0.2871621 -0.6575381 0.3182559
v 0.2997985 -0.7666812 0.2679335
v 0.3096297 -0.7617453 0.2217239
v 0.3293007 -0.6727883 0.2101803
v 0.2852069 -0.7616564 0.1769005
v 0.2964312 -0.672691 0.1571072
v 0.2416518 -0.7616051 0.1503097
v 0.2414588 -0.6726344 0.1275816
v 0.1906339 -0.7616043 0.1490654
v 0.1790834 -0.6726362 0.1294805
v 0.1458281 -0.7616528 0.1735019
v 0.1260009 -0.6726969 0.1623022
v 0.1192507 -0.7617399 0.2170718
v 0.09642218 -0.6727971 0.2172964
v 0.1180189 -0.7618371 0.268089
v 0.09829868 -0.6729179 0.2796989
v 0.1424533 -0.7619256 0.3128628
v 0.1311393 -0.6730158 0.3328149
v 0.1860016 -0.7619761 0.3394339
v 0.1861584 -0.6730715 0.3623932
v 0.236999 -0.7619777 0.3406759
v 0.248602 -0.6730687 0.3604813
v 0.3165115 -0.6840497 0.2725539
v 0.2890038 -0.678297 0.3201207
v 0.2729792 -0.7061519 0.3041918
v 0.2946245 -0.6561952 0.2665998
v 0.3079051 -0.665252 0.2229435
v 0.3063014 -0.6968859 0.2170508
v 0.2842911 -0.6651892 0.1788472
v 0.279911 -0.6968227 0.1745603
v 0.2417951 -0.6651536 0.1524697
v 0.2358146 -0.6967864 0.1509588
v 0.1918049 -0.665153 0.150873
v 0.1858213 -0.6967869 0.1525687
v 0.1477089 -0.6651893 0.1744879
v 0.1433302 -0.6968227 0.1789588
v 0.1213306 -0.6652526 0.2169837
v 0.1197285 -0.6968853 0.2230555
v 0.1197347 -0.665325 0.266974
v 0.1213384 -0.696959 0.2730486
v 0.1433493 -0.6653883 0.3110699
v 0.1477282 -0.6970217 0.3155395
v 0.1858442 -0.6654255 0.3374483
v 0.1918252 -0.6970574 0.3391415
v 0.235836 -0.6654249 0.3390442
v 0.2418201 -0.697058 0.3375312
v 0.3324973 -0.60695 0.276957
v 0.2967511 -0.684131 0.3279552
v 0.2807263 -0.652048 0.3120586
v 0.3052047 -0.7060947 0.2695235
v 0.3184851 -0.6968799 0.2201985
v 0.3168814 -0.642758 0.2143378
v 0.2920353 -0.6968047 0.1711923
v 0.2876549 -0.6426837 0.1669362
v 0.2446279 -0.6967623 0.1419797
v 0.2386472 -0.6426403 0.1405017
v 0.1889675 -0.696763 0.1403842
v 0.1829835 -0.642641 0.1421122
v 0.1399622 -0.6968046 0.1668363
v 0.1355828 -0.6426837 0.1713392
v 0.1107505 -0.6968793 0.2142419
v 0.09418334 -0.606865 0.2177357
v 0.1091548 -0.696965 0.2699023
v 0.1107587 -0.642844 0.2760093
v 0.1356058 -0.6970396 0.3189076
v 0.1399856 -0.6429176 0.323409
v 0.1830113 -0.6970814 0.3481194
v 0.1889921 -0.6429604 0.3498445
v 0.2386719 -0.697082 0.3497153
v 0.2446558 -0.642961 0.3482343
v 0.2386719 -0.697082 0.3497153
v 0.2729792 -0.7061519 0.3041918
v 0.2418201 -0.697058 0.3375312
v 0.2967511 -0.684131 0.3279552
v 0.1830113 -0.6970814 0.3481194
v 0.1918252 -0.6970574 0.3391415
v 0.1356058 -0.6970396 0.3189076
v 0.1477282 -0.6970217 0.3155395
v 0.1091548 -0.696965 0.2699023
v 0.1213384 -0.696959 0.2730486
v 0.1107505 -0.6968793 0.2142419
v 0.1197285 -0.6968853 0.2230555
v 0.1399622 -0.6968046 0.1668363
v 0.1433302 -0.6968227 0.1789588
v 0.1889675 -0.696763 0.1403842
v 0.1858213 -0.6967869 0.1525687
v 0.2446279 -0.6967623 0.1419797
v 0.2358146 -0.6967864 0.1509588
v 0.2920353 -0.6968047 0.1711923
v 0.279911 -0.6968227 0.1745603
v 0.3184851 -0.6968799 0.2201985
v 0.3063014 -0.6968859 0.2170508
v 0.3052047 -0.7060947 0.2695235
v 0.3165115 -0.6840497 0.2725539
v 0.235836 -0.6654249 0.3390442
v 0.2871621 -0.6575381 0.3182559
v 0.248602 -0.6730687 0.3604813
v 0.2890038 -0.678297 0.3201207
v 0.1858442 -0.6654255 0.3374483
v 0.1861584 -0.6730715 0.3623932
v 0.1433493 -0.6653883 0.3110699
v 0.1311393 -0.6730158 0.3328149
v 0.1197347 -0.665325 0.266974
v 0.09829868 -0.6729179 0.2796989
v 0.1213306 -0.6652526 0.2169837
v 0.09642218 -0.6727971 0.2172964
v 0.1477089 -0.6651893 0.1744879
v 0.1260009 -0.6726969 0.1623022
v 0.1918049 -0.665153 0.150873
v 0.1790834 -0.6726362 0.1294805
v 0.2417951 -0.6651536 0.1524697
v 0.2414588 -0.6726344 0.1275816
v 0.2842911 -0.6651892 0.1788472
v 0.2964312 -0.672691 0.1571072
v 0.3079051 -0.665252 0.2229435
v 0.3293007 -0.6727883 0.2101803
v 0.2946245 -0.6561952 0.2665998
v 0.338545 -0.6948306 0.2783385
v 0.236999 -0.7619777 0.3406759
v 0.2535139 -0.769895 0.2845992
v 0.2283549 -0.769928 0.2991291
v 0.2894787 -0.7551706 0.3205179
v 0.1860016 -0.7619761 0.3394339
v 0.1993009 -0.769928 0.2991342
v 0.1424533 -0.7619256 0.3128628
v 0.1741379 -0.769895 0.2846102
v 0.1180189 -0.7618371 0.268089
v 0.1596069 -0.769838 0.2594512
v 0.1192507 -0.7617399 0.2170718
v 0.1596029 -0.769772 0.2303971
v 0.1458281 -0.7616528 0.1735019
v 0.1741259 -0.769715 0.2052342
v 0.1906339 -0.7616043 0.1490654
v 0.1992849 -0.769682 0.1907032
v 0.2416518 -0.7616051 0.1503097
v 0.2283389 -0.769682 0.1906991
v 0.2852069 -0.7616564 0.1769005
v 0.2535028 -0.769715 0.2052221
v 0.3096297 -0.7617453 0.2217239
v 0.2680329 -0.769772 0.2303821
v 0.2997985 -0.7666812 0.2679335
v 0.2680369 -0.769838 0.2594352
v 0.3637241 -0.599986 0.2853356
v 0.3196115 -0.630061 0.3509338
v 0.3235693 -0.6000929 0.3549064
v 0.3364316 -0.6519928 0.2780087
v 0.349709 -0.642739 0.2119501
v 0.3623706 -0.599862 0.200759
v 0.3152307 -0.6425543 0.1487429
v 0.3212083 -0.5992399 0.1332591
v 0.2539278 -0.6422641 0.1083921
v 0.2501787 -0.5979433 0.09217642
v 0.1800703 -0.6420587 0.1063434
v 0.1682101 -0.5985567 0.09482003
v 0.1162661 -0.6423846 0.1444867
v 0.1006995 -0.599755 0.1392012
v 0.07952451 -0.6427383 0.2060029
v 0.06295738 -0.599862 0.2093884
v 0.07793169 -0.642863 0.278396
v 0.06526995 -0.599986 0.2896188
v 0.1127506 -0.6429697 0.3418922
v 0.1073887 -0.6000929 0.3579434
v 0.1746496 -0.6430314 0.3794685
v 0.1780203 -0.600155 0.3960517
v 0.2470428 -0.643032 0.3810613
v 0.2582497 -0.600155 0.393739
v 0.2807263 -0.652048 0.3120586
v 0.2446558 -0.642961 0.3482343
v 0.1889921 -0.6429604 0.3498445
v 0.1399856 -0.6429176 0.323409
v 0.1107587 -0.642844 0.2760093
v 0.1434399 -0.656864 0.2263261
v 0.1355828 -0.6426837 0.1713392
v 0.1829835 -0.642641 0.1421122
v 0.2386472 -0.6426403 0.1405017
v 0.2876549 -0.6426837 0.1669362
v 0.3168814 -0.642758 0.2143378
v 0.2842009 -0.65695 0.2640201

vn -0.6791453 0.3110537 -0.6648363
vn -0.8269966 0.4084101 0.3863652
vn -0.5885787 0.3054102 0.7485319
vn -0.4135113 0.4813299 -0.7728713
vn 0.8254218 0.411771 -0.3861652
vn 0.868998 0.2661708 0.4171278
vn 0.4126998 0.4831057 0.7721968
vn 0.5360363 0.3656136 -0.7609152
vn 0.7049387 0.1490316 -0.6934343
vn 0.4460764 0.1758629 0.8775467
vn -0.8925592 0.1032823 -0.4389429
vn -0.7053129 0.1460845 0.6936809
vn 0.4460764 0.1758629 0.8775467
vn -0.5885787 0.3054102 0.7485319
vn 0.868998 0.2661708 0.4171278
vn -0.7053129 0.1460845 0.6936809
vn 0.4126998 0.4831057 0.7721968
vn -0.8269966 0.4084101 0.3863652
vn 0.7049387 0.1490316 -0.6934343
vn -0.6791453 0.3110537 -0.6648363
vn -0.8925592 0.1032823 -0.4389429
vn 0.5360363 0.3656136 -0.7609152
vn -0.4135113 0.4813299 -0.7728713
vn 0.8254218 0.411771 -0.3861652
vn -0.1279871 -0.256168 0.9581218
vn 0.7050129 -0.5010552 0.5018971
vn -0.8754589 -0.3414544 0.3420244
vn 0.9366844 -0.09044575 0.3382928
vn 0.8396471 0.09354469 0.5350163
vn -0.5669535 0.2836973 0.7733561
vn 0.8393285 0.3490521 0.4167618
vn -0.5672787 0.6322181 0.5277267
vn 0.8391437 0.5108489 0.1867389
vn -0.5674722 0.8111711 0.1413393
vn 0.839126 0.5358551 -0.09341898
vn -0.5674365 0.7733126 -0.2828494
vn 0.8392557 0.4173246 -0.3485545
vn -0.5671617 0.5286395 -0.6315598
vn 0.8395373 0.1870081 -0.510103
vn -0.5667776 0.1418159 -0.8115734
vn 0.8398032 -0.0931562 -0.5348389
vn -0.5662418 -0.2829151 -0.7741637
vn 0.8401127 -0.3476516 -0.4163521
vn -0.5659024 -0.6322944 -0.529111
vn 0.8402818 -0.5090747 -0.1864655
vn -0.565709 -0.8123198 -0.1418097
vn 0.8403146 -0.5340131 0.09328273
vn -0.5657654 -0.7742022 0.2837614
vn 0.4596945 -0.2297947 0.857832
vn -0.4596991 -0.6278697 0.6280577
vn 0.9004788 -0.3074747 0.3075668
vn -0.9004766 -0.1125338 0.4200929
vn -0.7178788 0.1196716 0.6858053
vn 0.7178791 0.2393464 0.65373
vn -0.7178756 0.4465983 0.5340457
vn 0.7178746 0.5341766 0.446443
vn -0.7178675 0.6537877 0.2392243
vn 0.717868 0.6858264 0.1196149
vn -0.7178801 0.6858028 -0.1196784
vn 0.7178795 0.6537281 -0.2393507
vn -0.7178742 0.5340469 -0.4465989
vn 0.7178748 0.4464482 -0.5341722
vn -0.7178679 0.2392282 -0.6537858
vn 0.7178678 0.119614 -0.6858268
vn -0.7178799 -0.1196774 -0.6858031
vn 0.7178794 -0.2393488 -0.653729
vn -0.7178736 -0.4465943 -0.5340517
vn 0.7178744 -0.5341681 -0.4464537
vn -0.7178683 -0.6537833 -0.2392334
vn 0.717868 -0.6858264 -0.1196149
vn -0.7178807 -0.6858015 0.1196817
vn 0.7178807 -0.6537222 0.2393632
vn 0 -0.2587384 0.9659476
vn 0.4597013 -0.6278611 0.6280647
vn 0.9004799 -0.3074694 0.3075691
vn 0.9004759 -0.1125269 0.4200965
vn 0.7178791 0.1196736 0.6858045
vn 0.7178791 0.239347 0.6537297
vn 0.7178747 0.4465963 0.5340484
vn 0.7178752 0.5341775 0.4464411
vn 0.7178671 0.6537891 0.239221
vn 0.7178666 0.685829 0.1196079
vn 0.7178818 0.6857994 -0.1196873
vn 0.717881 0.6537206 -0.2393665
vn 0.7178726 0.5340376 -0.4466127
vn 0.7178738 0.4464404 -0.5341801
vn 0.7178675 0.2392248 -0.6537874
vn 0 0.1718087 -0.9851305
vn 0.7178807 -0.1196814 -0.6858016
vn 0.7178807 -0.2393626 -0.6537225
vn 0.7178727 -0.4466085 -0.5340409
vn 0.7178727 -0.5341773 -0.4464453
vn 0.7178681 -0.6537842 -0.2392316
vn 0.7178681 -0.6858262 -0.1196157
vn 0.7178803 -0.6858023 0.1196795
vn 0.7178803 -0.6537243 0.2393588
vn 0.7178803 -0.6858023 0.1196795
vn 0.9004788 -0.3074747 0.3075668
vn 0.7178807 -0.6537222 0.2393632
vn 0.4597013 -0.6278611 0.6280647
vn 0.7178681 -0.6537842 -0.2392316
vn 0.717868 -0.6858264 -0.1196149
vn 0.7178727 -0.4466085 -0.5340409
vn 0.7178744 -0.5341681 -0.4464537
vn 0.7178807 -0.1196814 -0.6858016
vn 0.7178794 -0.2393488 -0.653729
vn 0.7178675 0.2392248 -0.6537874
vn 0.7178678 0.119614 -0.6858268
vn 0.7178726 0.5340376 -0.4466127
vn 0.7178748 0.4464482 -0.5341722
vn 0.7178818 0.6857994 -0.1196873
vn 0.7178795 0.6537281 -0.2393507
vn 0.7178671 0.6537891 0.239221
vn 0.717868 0.6858264 0.1196149
vn 0.7178747 0.4465963 0.5340484
vn 0.7178746 0.5341766 0.446443
vn 0.7178791 0.1196736 0.6858045
vn 0.7178791 0.2393464 0.65373
vn 0.9004759 -0.1125269 0.4200965
vn 0.4596945 -0.2297947 0.857832
vn -0.7178807 -0.6858015 0.1196817
vn -0.8754589 -0.3414544 0.3420244
vn -0.5657654 -0.7742022 0.2837614
vn -0.4596991 -0.6278697 0.6280577
vn -0.7178683 -0.6537833 -0.2392334
vn -0.565709 -0.8123198 -0.1418097
vn -0.7178736 -0.4465943 -0.5340517
vn -0.5659024 -0.6322944 -0.529111
vn -0.7178799 -0.1196774 -0.6858031
vn -0.5662418 -0.2829151 -0.7741637
vn -0.7178679 0.2392282 -0.6537858
vn -0.5667776 0.1418159 -0.8115734
vn -0.7178742 0.5340469 -0.4465989
vn -0.5671617 0.5286395 -0.6315598
vn -0.7178801 0.6858028 -0.1196784
vn -0.5674365 0.7733126 -0.2828494
vn -0.7178675 0.6537877 0.2392243
vn -0.5674722 0.8111711 0.1413393
vn -0.7178756 0.4465983 0.5340457
vn -0.5672787 0.6322181 0.5277267
vn -0.7178788 0.1196716 0.6858053
vn -0.5669535 0.2836973 0.7733561
vn -0.9004766 -0.1125338 0.4200929
vn -0.1279871 -0.256168 0.9581218
vn 0.8403146 -0.5340131 0.09328273
vn 1 0 0
vn 1 0 0
vn 0.7050129 -0.5010552 0.5018971
vn 0.8402818 -0.5090747 -0.1864655
vn 1 0 0
vn 0.8401127 -0.3476516 -0.4163521
vn 1 0 0
vn 0.8398032 -0.0931562 -0.5348389
vn 1 0 0
vn 0.8395373 0.1870081 -0.510103
vn 1 0 0
vn 0.8392557 0.4173246 -0.3485545
vn 1 0 0
vn 0.839126 0.5358551 -0.09341898
vn 1 0 0
vn 0.8391437 0.5108489 0.1867389
vn 1 0 0
vn 0.8393285 0.3490521 0.4167618
vn 1 0 0
vn 0.8396471 0.09354469 0.5350163
vn 1 0 0
vn 0.9366844 -0.09044575 0.3382928
vn 1 0 0
vn 0 -0.2587509 0.9659441
vn 0.4597007 -0.6278735 0.6280528
vn 0 -0.7070059 0.7072078
vn 0.9004765 -0.1125321 0.4200939
vn 0.7178802 0.1196792 0.6858024
vn 0 0.3438232 0.9390346
vn 0.7163275 0.440825 0.5408773
vn -0.01030153 0.7508184 0.6604285
vn 0.7118635 0.6532208 0.2579791
vn -0.0348931 0.9824941 0.1829974
vn 0.707755 0.6943545 -0.1302108
vn -0.02262504 0.9297825 -0.3674141
vn 0.7129318 0.5263894 -0.4632953
vn 0 0.6324201 -0.7746257
vn 0.7178676 0.2392261 -0.6537867
vn 0 0.1718148 -0.9851294
vn 0.7178796 -0.1196758 -0.6858037
vn 0 -0.3438131 -0.9390382
vn 0.7178743 -0.4466003 -0.5340456
vn 0 -0.7673041 -0.6412836
vn 0.7178677 -0.6537868 -0.2392261
vn 0 -0.9851297 -0.1718133
vn 0.7178798 -0.6858034 0.1196768
vn 0 -0.9390372 0.343816
vn 0.9004799 -0.3074694 0.3075691
vn 0.7178803 -0.6537243 0.2393588
vn 0.7178681 -0.6858262 -0.1196157
vn 0.7178727 -0.5341773 -0.4464453
vn 0.7178807 -0.2393626 -0.6537225
vn 1 0 0
vn 0.7178738 0.4464404 -0.5341801
vn 0.717881 0.6537206 -0.2393665
vn 0.7178666 0.685829 0.1196079
vn 0.7178752 0.5341775 0.4464411
vn 0.7178791 0.239347 0.6537297
vn 1 0 0

vt 0.657082 0.227776
vt 0.666678 0.232301
vt 0.669848 0.227776
vt 0.660121 0.232301
vt 0.672506 0.144011
vt 0.688157 0.132925
vt 0.683672 0.143203
vt 0.667318 0.134069
vt 0.644147 0.039948
vt 0.703327 0.03789
vt 0.644025 0.182726
vt 0.682905 0.182726
vt 0.833327 0.144716
vt 0.766898 0.165321
vt 0.76566 0.157377
vt 0.835208 0.156788
vt 0.758718 0.160484
vt 0.75934 0.164473
vt 0.833327 0.144716
vt 0.766898 0.165321
vt 0.835208 0.156788
vt 0.76566 0.157377
vt 0.75934 0.164473
vt 0.758718 0.160484
vt 0.485739 0.09214
vt 0.486342 0.088697
vt 0.48478 0.090121
vt 0.487204 0.090511
vt 0.487204 0.090511
vt 0.485739 0.09214
vt 0.486342 0.088697
vt 0.48478 0.090121
vt 0.484849 0.085553
vt 0.483119 0.086625
vt 0.483124 0.081924
vt 0.481201 0.082588
vt 0.481631 0.078781
vt 0.47954 0.079092
vt 0.480769 0.076966
vt 0.478581 0.077073
vt 0.480769 0.076966
vt 0.478581 0.077073
vt 0.481631 0.078781
vt 0.47954 0.079092
vt 0.483124 0.081924
vt 0.481201 0.082588
vt 0.484849 0.085553
vt 0.483119 0.086625
vt 0.481009 0.092341
vt 0.4842 0.088899
vt 0.480262 0.09077
vt 0.484946 0.090471
vt 0.484946 0.090471
vt 0.481009 0.092341
vt 0.4842 0.088899
vt 0.480262 0.09077
vt 0.482907 0.086178
vt 0.478969 0.088049
vt 0.481414 0.083035
vt 0.477476 0.084906
vt 0.480121 0.080313
vt 0.476183 0.082184
vt 0.479374 0.078742
vt 0.475436 0.080613
vt 0.479374 0.078742
vt 0.475436 0.080613
vt 0.480121 0.080313
vt 0.476183 0.082184
vt 0.481414 0.083035
vt 0.477476 0.084906
vt 0.482907 0.086178
vt 0.478969 0.088049
vt 0.476194 0.095901
vt 0.480623 0.09153
vt 0.475315 0.094051
vt 0.481502 0.093379
vt 0.481502 0.093379
vt 0.476194 0.095901
vt 0.480623 0.09153
vt 0.475315 0.094051
vt 0.479101 0.088326
vt 0.473793 0.090848
vt 0.477344 0.084628
vt 0.472036 0.087149
vt 0.475822 0.081425
vt 0.470514 0.083946
vt 0.474943 0.079575
vt 0.469636 0.082097
vt 0.474943 0.079575
vt 0.469636 0.082097
vt 0.475822 0.081425
vt 0.470514 0.083946
vt 0.477344 0.084628
vt 0.472036 0.087149
vt 0.479101 0.088326
vt 0.473793 0.090848
vt 0.499236 0.070227
vt 0.501918 0.073091
vt 0.498931 0.071366
vt 0.502752 0.072257
vt 0.495177 0.070227
vt 0.495482 0.071366
vt 0.491661 0.072257
vt 0.492495 0.073091
vt 0.489632 0.075773
vt 0.490771 0.076078
vt 0.489632 0.079832
vt 0.490771 0.079527
vt 0.491661 0.083347
vt 0.492495 0.082514
vt 0.495177 0.085377
vt 0.495482 0.084238
vt 0.499236 0.085377
vt 0.498931 0.084238
vt 0.502752 0.083347
vt 0.501918 0.082514
vt 0.504781 0.079832
vt 0.503643 0.079527
vt 0.504781 0.075773
vt 0.503643 0.076078
vt 0.668836 0.160403
vt 0.682313 0.161267
vt 0.670364 0.156278
vt 0.678137 0.164287
vt 0.658095 0.160403
vt 0.656567 0.156278
vt 0.648793 0.164287
vt 0.644617 0.161267
vt 0.643423 0.171014
vt 0.637719 0.169909
vt 0.643423 0.178782
vt 0.637719 0.179888
vt 0.648793 0.18551
vt 0.644617 0.18853
vt 0.658095 0.189394
vt 0.656567 0.193519
vt 0.668836 0.189394
vt 0.670364 0.193519
vt 0.678137 0.18551
vt 0.682313 0.18853
vt 0.683508 0.178783
vt 0.689212 0.179888
vt 0.683508 0.171014
vt 0.689212 0.169909
vt 0.499198 0.070369
vt 0.501478 0.073531
vt 0.49877 0.071967
vt 0.502648 0.072361
vt 0.495215 0.070369
vt 0.495643 0.071967
vt 0.491765 0.072361
vt 0.492935 0.073531
vt 0.489773 0.075811
vt 0.491371 0.076239
vt 0.489773 0.079794
vt 0.491371 0.079366
vt 0.491765 0.083244
vt 0.492935 0.082074
vt 0.495215 0.085235
vt 0.495643 0.083637
vt 0.499198 0.085235
vt 0.49877 0.083637
vt 0.502648 0.083244
vt 0.501478 0.082074
vt 0.50464 0.079794
vt 0.503042 0.079366
vt 0.50464 0.075811
vt 0.503042 0.076239
vt 0.233825 0.19748
vt 0.243595 0.180556
vt 0.243595 0.180556
vt 0.233825 0.19748
vt 0.233825 0.217021
vt 0.233825 0.217021
vt 0.243595 0.233944
vt 0.243595 0.233944
vt 0.260518 0.243715
vt 0.260518 0.243715
vt 0.28006 0.243715
vt 0.28006 0.243715
vt 0.296983 0.233944
vt 0.296983 0.233944
vt 0.306754 0.217021
vt 0.306754 0.217021
vt 0.306754 0.197479
vt 0.306754 0.197479
vt 0.296983 0.180556
vt 0.296983 0.180556
vt 0.28006 0.170786
vt 0.28006 0.170786
vt 0.260518 0.170786
vt 0.260518 0.170786
vt 0.251799 0.18876
vt 0.263521 0.181992
vt 0.277057 0.181992
vt 0.288779 0.18876
vt 0.295547 0.200482
vt 0.295547 0.214018
vt 0.288779 0.22574
vt 0.277057 0.232508
vt 0.263521 0.232508
vt 0.251799 0.22574
vt 0.245031 0.214018
vt 0.245031 0.200482
f 2/2/2 1/1/1 3/3/3
f 4/4/4 1/1/1 2/2/2
f 6/6/6 5/5/5 7/7/7
f 8/8/8 5/5/5 6/6/6
f 6/6/6 9/9/9 8/8/8
f 10/10/10 9/9/9 6/6/6
f 3/3/3 11/11/11 12/12/12
f 1/1/1 11/11/11 3/3/3
f 14/14/14 13/13/13 15/15/15
f 16/16/16 13/13/13 14/14/14
f 15/15/15 17/17/17 14/14/14
f 14/14/14 17/17/17 18/18/18
f 20/20/20 19/19/19 21/21/21
f 22/22/22 19/19/19 20/20/20
f 23/23/23 22/22/22 20/20/20
f 24/24/24 22/22/22 23/23/23
f 26/26/26 25/25/25 27/27/27
f 28/28/28 25/25/25 26/26/26
f 28/28/28 29/29/29 25/25/25
f 25/25/25 29/29/29 30/30/30
f 31/31/31 30/30/30 29/29/29
f 32/32/32 30/30/30 31/31/31
f 33/33/33 32/32/32 31/31/31
f 34/34/34 32/32/32 33/33/33
f 35/35/35 34/34/34 33/33/33
f 36/36/36 34/34/34 35/35/35
f 37/37/37 36/36/36 35/35/35
f 38/38/38 36/36/36 37/37/37
f 39/39/39 38/38/38 37/37/37
f 40/40/40 38/38/38 39/39/39
f 41/41/41 40/40/40 39/39/39
f 42/42/42 40/40/40 41/41/41
f 43/43/43 42/42/42 41/41/41
f 44/44/44 42/42/42 43/43/43
f 45/45/45 44/44/44 43/43/43
f 46/46/46 44/44/44 45/45/45
f 47/47/47 46/46/46 45/45/45
f 48/48/48 46/46/46 47/47/47
f 26/26/26 48/48/48 47/47/47
f 27/27/27 48/48/48 26/26/26
f 50/50/50 49/49/49 51/51/51
f 52/52/52 49/49/49 50/50/50
f 53/53/53 49/49/49 52/52/52
f 54/54/54 49/49/49 53/53/53
f 55/55/55 54/54/54 53/53/53
f 56/56/56 54/54/54 55/55/55
f 57/57/57 56/56/56 55/55/55
f 58/58/58 56/56/56 57/57/57
f 59/59/59 58/58/58 57/57/57
f 60/60/60 58/58/58 59/59/59
f 61/61/61 60/60/60 59/59/59
f 62/62/62 60/60/60 61/61/61
f 63/63/63 62/62/62 61/61/61
f 64/64/64 62/62/62 63/63/63
f 65/65/65 64/64/64 63/63/63
f 66/66/66 64/64/64 65/65/65
f 67/67/67 66/66/66 65/65/65
f 68/68/68 66/66/66 67/67/67
f 69/69/69 68/68/68 67/67/67
f 70/70/70 68/68/68 69/69/69
f 71/71/71 70/70/70 69/69/69
f 72/72/72 70/70/70 71/71/71
f 50/50/50 72/72/72 71/71/71
f 51/51/51 72/72/72 50/50/50
f 74/74/74 73/73/73 75/75/75
f 76/76/76 73/73/73 74/74/74
f 77/77/77 73/73/73 76/76/76
f 78/78/78 73/73/73 77/77/77
f 79/79/79 78/78/78 77/77/77
f 80/80/80 78/78/78 79/79/79
f 81/81/81 80/80/80 79/79/79
f 82/82/82 80/80/80 81/81/81
f 83/83/83 82/82/82 81/81/81
f 84/84/84 82/82/82 83/83/83
f 85/85/85 84/84/84 83/83/83
f 86/86/86 84/84/84 85/85/85
f 87/87/87 86/86/86 85/85/85
f 88/88/88 86/86/86 87/87/87
f 89/89/89 88/88/88 87/87/87
f 90/90/90 88/88/88 89/89/89
f 91/91/91 90/90/90 89/89/89
f 92/92/92 90/90/90 91/91/91
f 93/93/93 92/92/92 91/91/91
f 94/94/94 92/92/92 93/93/93
f 95/95/95 94/94/94 93/93/93
f 96/96/96 94/94/94 95/95/95
f 74/74/74 96/96/96 95/95/95
f 75/75/75 96/96/96 74/74/74
f 98/98/98 97/97/97 99/99/99
f 100/100/100 97/97/97 98/98/98
f 97/97/97 101/101/101 99/99/99
f 99/99/99 101/101/101 102/102/102
f 101/101/101 103/103/103 102/102/102
f 102/102/102 103/103/103 104/104/104
f 103/103/103 105/105/105 104/104/104
f 104/104/104 105/105/105 106/106/106
f 105/105/105 107/107/107 106/106/106
f 106/106/106 107/107/107 108/108/108
f 107/107/107 109/109/109 108/108/108
f 108/108/108 109/109/109 110/110/110
f 109/109/109 111/111/111 110/110/110
f 110/110/110 111/111/111 112/112/112
f 111/111/111 113/113/113 112/112/112
f 112/112/112 113/113/113 114/114/114
f 113/113/113 115/115/115 114/114/114
f 114/114/114 115/115/115 116/116/116
f 115/115/115 117/117/117 116/116/116
f 116/116/116 117/117/117 118/118/118
f 117/117/117 119/119/119 118/118/118
f 118/118/118 119/119/119 120/120/120
f 120/120/120 119/119/119 98/98/98
f 98/98/98 119/119/119 100/100/100
f 122/122/122 121/121/121 123/123/123
f 124/124/124 121/121/121 122/122/122
f 121/121/121 125/125/125 123/123/123
f 123/123/123 125/125/125 126/126/126
f 125/125/125 127/127/127 126/126/126
f 126/126/126 127/127/127 128/128/128
f 127/127/127 129/129/129 128/128/128
f 128/128/128 129/129/129 130/130/130
f 129/129/129 131/131/131 130/130/130
f 130/130/130 131/131/131 132/132/132
f 131/131/131 133/133/133 132/132/132
f 132/132/132 133/133/133 134/134/134
f 133/133/133 135/135/135 134/134/134
f 134/134/134 135/135/135 136/136/136
f 135/135/135 137/137/137 136/136/136
f 136/136/136 137/137/137 138/138/138
f 137/137/137 139/139/139 138/138/138
f 138/138/138 139/139/139 140/140/140
f 139/139/139 141/141/141 140/140/140
f 140/140/140 141/141/141 142/142/142
f 141/141/141 143/143/143 142/142/142
f 142/142/142 143/143/143 144/144/144
f 144/144/144 143/143/143 122/122/122
f 122/122/122 143/143/143 124/124/124
f 146/146/146 145/145/145 147/147/147
f 148/148/148 145/145/145 146/146/146
f 145/145/145 149/149/149 147/147/147
f 147/147/147 149/149/149 150/150/150
f 149/149/149 151/151/151 150/150/150
f 150/150/150 151/151/151 152/152/152
f 151/151/151 153/153/153 152/152/152
f 152/152/152 153/153/153 154/154/154
f 153/153/153 155/155/155 154/154/154
f 154/154/154 155/155/155 156/156/156
f 155/155/155 157/157/157 156/156/156
f 156/156/156 157/157/157 158/158/158
f 157/157/157 159/159/159 158/158/158
f 158/158/158 159/159/159 160/160/160
f 159/159/159 161/161/161 160/160/160
f 160/160/160 161/161/161 162/162/162
f 161/161/161 163/163/163 162/162/162
f 162/162/162 163/163/163 164/164/164
f 163/163/163 165/165/165 164/164/164
f 164/164/164 165/165/165 166/166/166
f 165/165/165 167/167/167 166/166/166
f 166/166/166 167/167/167 168/168/168
f 168/168/168 167/167/167 146/146/146
f 146/146/146 167/167/167 148/148/148
f 170/170/170 169/169/169 171/171/171
f 172/172/172 169/169/169 170/170/170
f 173/173/173 169/169/169 172/172/172
f 174/174/174 169/169/169 173/173/173
f 175/175/175 174/174/174 173/173/173
f 176/176/176 174/174/174 175/175/175
f 177/177/177 176/176/176 175/175/175
f 178/178/178 176/176/176 177/177/177
f 179/179/179 178/178/178 177/177/177
f 180/180/180 178/178/178 179/179/179
f 181/181/181 180/180/180 179/179/179
f 182/182/182 180/180/180 181/181/181
f 183/183/183 182/182/182 181/181/181
f 184/184/184 182/182/182 183/183/183
f 185/185/185 184/184/184 183/183/183
f 186/186/186 184/184/184 185/185/185
f 187/187/187 186/186/186 185/185/185
f 188/188/188 186/186/186 187/187/187
f 189/189/189 188/188/188 187/187/187
f 190/190/190 188/188/188 189/189/189
f 191/191/191 190/190/190 189/189/189
f 192/192/192 190/190/190 191/191/191
f 170/170/170 192/192/192 191/191/191
f 171/171/171 192/192/192 170/170/170
f 170/170/170 191/191/191 193/193/193
f 193/193/193 191/191/191 194/194/194
f 191/191/191 189/189/189 194/194/194
f 194/194/194 189/189/189 195/195/195
f 189/189/189 187/187/187 195/195/195
f 195/195/195 187/187/187 196/196/196
f 187/187/187 185/185/185 196/196/196
f 196/196/196 185/185/185 197/197/197
f 185/185/185 183/183/183 197/197/197
f 197/197/197 183/183/183 198/198/198
f 183/183/183 181/181/181 198/198/198
f 198/198/198 181/181/181 199/199/199
f 181/181/181 179/179/179 199/199/199
f 199/199/199 179/179/179 200/200/200
f 179/179/179 177/177/177 200/200/200
f 200/200/200 177/177/177 201/201/201
f 177/177/177 175/175/175 201/201/201
f 201/201/201 175/175/175 202/202/202
f 175/175/175 173/173/173 202/202/202
f 202/202/202 173/173/173 203/203/203
f 173/173/173 172/172/172 203/203/203
f 203/203/203 172/172/172 204/204/204
f 172/172/172 193/193/193 204/204/204
f 170/170/170 193/193/193 172/172/172
v -0.4596552 -0.8193882 0.3661237
v 0.04132794 -0.7832186 0.1935324
v -0.4601237 -0.7756459 0.3647036
v 0.04330328 -0.8298405 0.1995866
v -0.4524899 -0.8565229 0.3881539
v 0.05221745 -0.8670319 0.2269994
v -0.4405471 -0.8770998 0.4248923
v 0.06568299 -0.8848276 0.268426
v -0.4270273 -0.8756036 0.4664945
v 0.08009145 -0.8784588 0.3127643
v -0.4155548 -0.8524373 0.5018107
v 0.09158212 -0.8496343 0.3481365
v -0.4092003 -0.813807 0.521382
v 0.09707586 -0.8060732 0.3650631
v -0.4096689 -0.7700645 0.519962
v 0.09510048 -0.7594517 0.3590087
v -0.4168342 -0.7329293 0.4979314
v 0.08618646 -0.7222619 0.3315963
v -0.4287766 -0.7123531 0.4611941
v 0.07272107 -0.7044652 0.2901701
v -0.4422955 -0.7138488 0.419591
v 0.05831251 -0.7108337 0.2458314
v -0.4537694 -0.7370149 0.3842734
v 0.0468225 -0.7396591 0.2104594
v 0.07674576 -0.7302777 0.2057275
v 0.02879606 -0.7747175 0.1959999
v 0.07060257 -0.77709 0.1818048
v 0.01322089 -0.7434791 0.2438417
v 0.03452463 -0.7119752 0.2714668
v 0.09061497 -0.7036907 0.2549835
v 0.07375249 -0.8288701 0.1852841
v 0.01127416 -0.8221266 0.2190694
v 0.01875453 -0.8561981 0.2420949
v 0.08931372 -0.8749918 0.2196731
v 0.03735787 -0.8788313 0.2826515
v 0.1030101 -0.8893569 0.2607859
v 0.1140713 -0.877128 0.3115258
v 0.03922126 -0.8581145 0.3243922
v 0.06435011 -0.8397626 0.3574485
v 0.130169 -0.83492 0.3488836
v 0.08590687 -0.7883587 0.371404
v 0.1294275 -0.7920796 0.3578908
v 0.116162 -0.7426205 0.3428869
v 0.05411481 -0.7445655 0.3489843
v 0.1111405 -0.706463 0.2985397
v 0.03696592 -0.727396 0.3163664
v -0.4643579 -0.8529296 0.3855893
v -0.4970308 -0.8019946 0.4144534
v -0.4907918 -0.8786793 0.4158819
v -0.4415747 -0.776252 0.3988312
v -0.4330001 -0.862225 0.4318434
v -0.4337046 -0.7855462 0.442605
v -0.4976863 -0.7979695 0.4020007
v -0.5070584 -0.8746526 0.4001722
v -0.4364969 -0.8621656 0.4486702
v -0.4357057 -0.7854766 0.4382898
v -0.4296312 -0.8650988 0.4732821
v -0.4370807 -0.7884238 0.4918152
v -0.4451698 -0.8574677 0.5012317
v -0.4535005 -0.793672 0.4953388
v -0.456258 -0.7894514 0.522795
v -0.4659628 -0.8766484 0.5143872
v -0.5257887 -0.7845731 0.5546936
v -0.5598367 -0.7970417 0.541097
v -0.5646566 -0.7843902 0.4020321
v -0.5889313 -0.7924427 0.4238149
v -0.5933056 -0.7924924 0.5260687
v -0.6150367 -0.7848882 0.4532346
v -0.6229228 -0.7728364 0.4950089
v -0.52133 -0.8612567 0.5539262
v -0.5547823 -0.8737262 0.5424138
v -0.5676401 -0.8610748 0.4032801
v -0.5933108 -0.8691288 0.4281575
v -0.5889257 -0.8691785 0.5304109
v -0.6169335 -0.8615756 0.4602785
v -0.6207451 -0.8495243 0.5030978
v -0.5070584 -0.8746526 0.4001722
v -0.5646566 -0.7843902 0.4020321
v -0.5676401 -0.8610748 0.4032801
v -0.4976863 -0.7979695 0.4020007
v -0.5889313 -0.7924427 0.4238149
v -0.5933108 -0.8691288 0.4281575
v -0.6150367 -0.7848882 0.4532346
v -0.6169335 -0.8615756 0.4602785
v -0.6229228 -0.7728364 0.4950089
v -0.6207451 -0.8495243 0.5030978
v -0.5933056 -0.7924924 0.5260687
v -0.5889257 -0.8691785 0.5304109
v -0.5598367 -0.7970417 0.541097
v -0.5547823 -0.8737262 0.5424138
v -0.5257887 -0.7845731 0.5546936
v -0.52133 -0.8612567 0.5539262
v -0.456258 -0.7894514 0.522795
v -0.4659628 -0.8766484 0.5143872
v -0.5636232 -0.8280199 0.4007017
v -0.4731807 -0.7879699 0.3676069
v -0.5651973 -0.7790509 0.3958827
v -0.4864729 -0.8221743 0.3904593
v -0.4840851 -0.7536787 0.3976171
v -0.5592335 -0.7384889 0.4142539
v -0.4700193 -0.7242345 0.4239954
v -0.5490923 -0.7145385 0.4454698
v -0.5366844 -0.7083027 0.4836544
v -0.4621258 -0.7242803 0.4652057
v -0.522473 -0.7259162 0.5273752
v -0.4597737 -0.7440906 0.4923133
v -0.4369487 -0.7616296 0.5181701
v -0.5135433 -0.7657909 0.5548362
v -0.4176079 -0.8059674 0.5265512
v -0.5121987 -0.806192 0.5589536
v -0.5167291 -0.8440794 0.5449945
v -0.4490004 -0.8408341 0.5055358
v -0.5272964 -0.8732022 0.5124627
v -0.4583821 -0.8620929 0.4766562
v -0.5423214 -0.8809359 0.4662232
v -0.4743834 -0.8581931 0.4473019
v -0.475355 -0.8553629 0.4075134
v -0.5551618 -0.8637082 0.4267189
v 0.2435301 -0.8757061 0.3278331
v 0.2885619 -0.8805196 0.2925001
v 0.1953912 -0.89227 0.3138215
v 0.1848287 -0.8439775 0.1210018
v 0.282761 -0.8578467 0.1497628
v 0.2406059 -0.8308094 0.1171183
v 0.1562362 -0.8632761 0.1478352
v 0.3086772 -0.8669585 0.1927647
v 0.09705607 -0.8616804 0.1698593
v 0.3038239 -0.8819119 0.2407194
v 0.1371244 -0.8948069 0.3137123
v 0.1953912 -0.89227 0.3138215
v 0.2885619 -0.8805196 0.2925001
v 0.2136615 -0.7958964 0.3377621
v 0.1520443 -0.8130184 0.3491079
v 0.1325622 -0.7534494 0.3596986
v 0.2069663 -0.8163002 0.3326712
v 0.1371244 -0.8948069 0.3137123
v 0.1953912 -0.89227 0.3138215
v 0.2335076 -0.8102747 0.3311856
v 0.2435301 -0.8757061 0.3278331
v 0.2792746 -0.8054526 0.3085501
v 0.2885619 -0.8805196 0.2925001
v 0.319066 -0.8165544 0.2666094
v 0.3038239 -0.8819119 0.2407194
v 0.3164324 -0.792954 0.2133109
v 0.3086772 -0.8669585 0.1927647
v 0.287035 -0.7762985 0.1717212
v 0.282761 -0.8578467 0.1497628
v 0.2441081 -0.7704504 0.1442733
v 0.2406059 -0.8308094 0.1171183
v 0.1919546 -0.7759415 0.1337346
v 0.1848287 -0.8439775 0.1210018
v 0.1658707 -0.7955776 0.137509
v 0.1562362 -0.8632761 0.1478352
v 0.09705607 -0.8616804 0.1698593
v 0.09956687 -0.7746021 0.1689295
v 0.159018 -0.7424047 0.1503532
v 0.08680736 -0.7307293 0.1870162
v 0.1495923 -0.7503185 0.1594484
v 0.1845123 -0.7563692 0.1397382
v 0.191282 -0.7467222 0.1400288
v 0.2375963 -0.7650356 0.1435835
v 0.2461376 -0.7474697 0.143004
v 0.2827629 -0.7702757 0.1684191
v 0.2920392 -0.7536908 0.1724676
v 0.3147063 -0.7715456 0.2109513
v 0.3164328 -0.7636685 0.2195511
v 0.3214502 -0.7713636 0.2675607
v 0.3133677 -0.7752083 0.2731784
v 0.2837578 -0.7994747 0.3054554
v 0.2832555 -0.784717 0.3180838
v 0.2398005 -0.8048278 0.3308116
v 0.2351268 -0.7897483 0.3419532
v 0.1964181 -0.7954035 0.3344415
v 0.116162 -0.7426205 0.3428869
v 0.1111405 -0.706463 0.2985397
v 0.09061497 -0.7036907 0.2549835
v 0.07674576 -0.7302777 0.2057275
v 0.1294275 -0.7920796 0.3578908
v 0.130169 -0.83492 0.3488836
v 0.1140713 -0.877128 0.3115258
v 0.1030101 -0.8893569 0.2607859
v 0.08931372 -0.8749918 0.2196731
v 0.07375249 -0.8288701 0.1852841
v 0.07060257 -0.77709 0.1818048
v 0.2136615 -0.7958964 0.3377621
v 0.2375963 -0.7650356 0.1435835
v 0.1845123 -0.7563692 0.1397382
v 0.2398005 -0.8048278 0.3308116
v 0.2827629 -0.7702757 0.1684191
v 0.3147063 -0.7715456 0.2109513
v 0.3214502 -0.7713636 0.2675607
v 0.159018 -0.7424047 0.1503532
v 0.1658707 -0.7955776 0.137509
v 0.2069663 -0.8163002 0.3326712
v 0.1919546 -0.7759415 0.1337346
v 0.2441081 -0.7704504 0.1442733
v 0.2335076 -0.8102747 0.3311856
v 0.287035 -0.7762985 0.1717212
v 0.2792746 -0.8054526 0.3085501
v 0.3164324 -0.792954 0.2133109
v 0.319066 -0.8165544 0.2666094
v 0.2132038 -0.7894884 0.2364639
v 0.1325622 -0.7534494 0.3596986
v 0.1964181 -0.7954035 0.3344415
v 0.2351268 -0.7897483 0.3419532
v 0.2832555 -0.784717 0.3180838
v 0.3133677 -0.7752083 0.2731784
v 0.3164328 -0.7636685 0.2195511
v 0.2920392 -0.7536908 0.1724676
v 0.2461376 -0.7474697 0.143004
v 0.191282 -0.7467222 0.1400288
v 0.1495923 -0.7503185 0.1594484
v 0.08680736 -0.7307293 0.1870162

vn 0.2565987 0.9154465 -0.3100245
vn -0.08581039 0.9437668 -0.3192824
vn -0.2609923 0.914302 -0.3097338
vn 0.4238117 0.8576574 -0.2912175
vn 0.7054402 0.6703138 -0.2302903
vn 0.819868 0.5407495 -0.1881662
vn 0.9652678 0.2445692 -0.09189063
vn 0.9962436 0.07794136 -0.03773476
vn 0.9664394 -0.2477069 0.06808957
vn 0.9056727 -0.4067139 0.1197531
vn 0.708676 -0.674557 0.2067641
vn 0.5724419 -0.7833861 0.2421091
vn 0.2610016 -0.9216868 0.2870052
vn 0.08579705 -0.9511544 0.2965546
vn -0.2565948 -0.9228327 0.2872962
vn -0.4238162 -0.8650398 0.2684887
vn -0.705443 -0.6776938 0.2075609
vn -0.8198609 -0.5481399 0.1654408
vn -0.9652601 -0.2519695 0.06916819
vn -0.9962387 -0.08534112 0.01501236
vn -0.9664406 0.2403039 -0.09081025
vn -0.9056723 0.3993218 -0.1424776
vn -0.7086613 0.6671817 -0.2294947
vn -0.5724245 0.7760091 -0.2648402
vn -0.6738995 0.5964883 -0.4359606
vn -0.2044793 0.8241217 -0.5282159
vn -0.183298 0.8413674 -0.508432
vn -0.3858396 0.1008977 -0.917032
vn -0.7759432 -0.02711529 -0.6302198
vn -0.9591244 0.03574158 -0.2807188
vn 0.3490286 0.8031978 -0.4827554
vn 0.2376292 0.3941463 -0.8877957
vn 0.5110196 0.2201321 -0.8309038
vn 0.8703238 0.4018162 -0.2847459
vn 0.7832054 -0.1404135 -0.6057007
vn 0.9860061 0.0300283 -0.1639822
vn 0.8538 -0.5132424 -0.08722299
vn 0.4732817 -0.5035838 -0.7227779
vn 0.4623546 -0.8217666 -0.333059
vn 0.3703146 -0.9175493 0.1448129
vn -0.07095264 -0.9955167 0.06255045
vn 0.008012811 -0.9923526 0.1231765
vn -0.5098872 -0.8578823 -0.06366507
vn -0.4704562 -0.7127694 -0.5202221
vn -0.9345526 -0.3549249 -0.02529467
vn -0.5071806 -0.4445151 -0.7383593
vn 0.3938694 0.8939888 0.2136614
vn 0.9088016 0.4160151 0.03179732
vn 0.9088159 0.3867003 0.1565781
vn 0.3939977 0.6298956 0.6693264
vn 0.5797365 0.05458219 0.8129739
vn 0.5798406 -0.1599045 0.798884
vn 0.8283679 0.5242983 0.197276
vn 0.8283505 0.5601237 0.009833687
vn 0.5784921 -0.1651683 0.7987906
vn 0.578391 0.04318217 0.8146161
vn 0.6368818 -0.09297736 0.7653345
vn 0.6370614 -0.4628944 0.6163455
vn 0.4841881 -0.506896 0.7131751
vn 0.7419547 -0.3882945 0.5465626
vn 0.6573247 -0.491853 0.5709685
vn 0.8675862 -0.3244406 0.3768719
vn 0.5596112 -0.8239391 0.08921813
vn 0.8089821 -0.5519843 -0.202142
vn 0.5566603 0.7752741 -0.2984621
vn 0.7176162 0.5344372 -0.4465469
vn 0.7180923 -0.4461983 -0.5340889
vn 0.566361 0.2834728 -0.7738726
vn 0.3251357 -0.162414 -0.9316161
vn 0.5596041 -0.809333 0.1783918
vn 0.8089952 -0.5790637 -0.1010549
vn 0.5566728 0.7495715 -0.3581313
vn 0.7176588 0.4468386 -0.5341361
vn 0.7181348 -0.5337874 -0.4464903
vn 0.5664297 0.1418514 -0.8118101
vn 0.3252147 -0.3249342 -0.8880617
vn 0.8283505 0.5601237 0.009833687
vn 0.5566603 0.7752741 -0.2984621
vn 0.5566728 0.7495715 -0.3581313
vn 0.8283679 0.5242983 0.197276
vn 0.7176162 0.5344372 -0.4465469
vn 0.7176588 0.4468386 -0.5341361
vn 0.566361 0.2834728 -0.7738726
vn 0.5664297 0.1418514 -0.8118101
vn 0.3251357 -0.162414 -0.9316161
vn 0.3252147 -0.3249342 -0.8880617
vn 0.7180923 -0.4461983 -0.5340889
vn 0.7181348 -0.5337874 -0.4464903
vn 0.8089821 -0.5519843 -0.202142
vn 0.8089952 -0.5790637 -0.1010549
vn 0.5596112 -0.8239391 0.08921813
vn 0.5596041 -0.809333 0.1783918
vn 0.6573247 -0.491853 0.5709685
vn 0.8675862 -0.3244406 0.3768719
vn 0.3822565 0.8788332 -0.2855392
vn -0.03992254 0.7981225 -0.6011714
vn -0.2186406 0.9280205 -0.30162
vn 0.2656817 0.388269 -0.8824175
vn -0.3731341 0.3370062 -0.8644062
vn -0.6772682 0.6996827 -0.2274909
vn -0.72978 0.09756797 -0.6766844
vn -0.9240578 0.3634921 -0.1182822
vn -0.9991065 -0.04024071 0.01291664
vn -0.6792179 -0.3666801 -0.6357742
vn -0.7930799 -0.5793321 0.1881458
vn -0.4292561 -0.5735096 -0.6977293
vn -0.3814205 -0.8697768 -0.3130607
vn -0.2985341 -0.9076861 0.2949302
vn 0.1268518 -0.990204 0.05835246
vn 0.1310056 -0.9428381 0.3064215
vn 0.5361617 -0.8027644 0.26096
vn 0.4715934 -0.7089828 -0.5243504
vn 0.8863779 -0.4402561 0.1432089
vn 0.6645286 -0.4195197 -0.6183892
vn 0.9913873 0.1245969 -0.04033465
vn 0.5368683 -0.1923909 -0.8214368
vn 0.6265066 0.2680567 -0.7318711
vn 0.7930756 0.5793387 -0.1881432
vn 0.5046071 -0.8082404 0.3035119
vn 0.6673693 -0.4136803 0.6192634
vn 0.8392318 -0.5437312 0.006814464
vn 0.3914026 0.8813912 -0.2644877
vn 0.5931149 0.6612685 0.459281
vn 0.1246732 0.9748031 0.1849756
vn 0.7108846 0.6568213 -0.2514542
vn 0.6534727 0.3732739 0.6585137
vn 0.5836517 0.663783 -0.4676999
vn 0.8137247 0.06563309 0.5775331
vn 0.8736122 -0.4647216 -0.1443456
vn 0.8392318 -0.5437312 0.006814464
vn 0.6673693 -0.4136803 0.6192634
vn 0.6631387 -0.649395 0.3722007
vn 0.2064033 -0.9662657 0.1540413
vn -0.01641723 -0.9717087 -0.2356124
vn -0.4347486 -0.8684474 0.2383127
vn 0.8736122 -0.4647216 -0.1443456
vn 0.8392318 -0.5437312 0.006814464
vn -0.5586274 -0.8229911 0.1030595
vn 0.5046071 -0.8082404 0.3035119
vn -0.588577 -0.6823804 0.433514
vn 0.6673693 -0.4136803 0.6192634
vn -0.2480111 -0.3998865 0.8823727
vn 0.8137247 0.06563309 0.5775331
vn -0.5812222 0.01462971 0.8136135
vn 0.6534727 0.3732739 0.6585137
vn -0.7924364 0.2743809 0.5447566
vn 0.5931149 0.6612685 0.459281
vn -0.8370933 0.4839848 0.2550173
vn 0.1246732 0.9748031 0.1849756
vn -0.7239024 0.6790348 -0.1219727
vn 0.3914026 0.8813912 -0.2644877
vn -0.397672 0.9156439 -0.05876705
vn 0.7108846 0.6568213 -0.2514542
vn 0.5836517 0.663783 -0.4676999
vn -0.1893557 0.8887309 -0.417495
vn 0.04483429 0.9796109 -0.1958383
vn -0.09825085 0.733367 -0.6726961
vn 0.3888516 0.8372973 -0.3843541
vn 0.3906142 0.8798121 -0.2708349
vn 0.3834161 0.9135906 -0.1354426
vn 0.5605764 0.8186504 0.1247632
vn 0.3949978 0.86983 0.2955888
vn 0.5930738 0.661293 0.4592984
vn 0.4471167 0.6199132 0.6448215
vn 0.4965742 0.3826933 0.7790765
vn 0.5247928 0.2502869 0.8136026
vn 0.3541365 -0.09804225 0.9300405
vn 0.6167716 -0.1708061 0.7683868
vn 0.7978296 -0.2996158 0.5231619
vn 0.6884351 -0.512612 0.5131141
vn 0.8383999 -0.4946626 0.2288984
vn 0.7225705 -0.6779031 0.1354232
vn 0.8390213 -0.5434119 0.02732872
vn -0.5098872 -0.8578823 -0.06366507
vn -0.9345526 -0.3549249 -0.02529467
vn -0.9591244 0.03574158 -0.2807188
vn -0.6738995 0.5964883 -0.4359606
vn 0.008012811 -0.9923526 0.1231765
vn 0.3703146 -0.9175493 0.1448129
vn 0.8538 -0.5132424 -0.08722299
vn 0.9860061 0.0300283 -0.1639822
vn 0.8703238 0.4018162 -0.2847459
vn 0.3490286 0.8031978 -0.4827554
vn -0.183298 0.8413674 -0.508432
vn 0.6631387 -0.649395 0.3722007
vn 0.5605764 0.8186504 0.1247632
vn 0.3906142 0.8798121 -0.2708349
vn 0.8383999 -0.4946626 0.2288984
vn 0.5930738 0.661293 0.4592984
vn 0.4965742 0.3826933 0.7790765
vn 0.3541365 -0.09804225 0.9300405
vn 0.04483429 0.9796109 -0.1958383
vn -0.397672 0.9156439 -0.05876705
vn -0.4347486 -0.8684474 0.2383127
vn -0.7239024 0.6790348 -0.1219727
vn -0.8370933 0.4839848 0.2550173
vn -0.5586274 -0.8229911 0.1030595
vn -0.7924364 0.2743809 0.5447566
vn -0.588577 -0.6823804 0.433514
vn -0.5812222 0.01462971 0.8136135
vn -0.2480111 -0.3998865 0.8823727
vn 0.9780467 0.2083864 -1.102922E-05
vn -0.01641723 -0.9717087 -0.2356124
vn 0.8390213 -0.5434119 0.02732872
vn 0.7225705 -0.6779031 0.1354232
vn 0.6884351 -0.512612 0.5131141
vn 0.6167716 -0.1708061 0.7683868
vn 0.5247928 0.2502869 0.8136026
vn 0.4471167 0.6199132 0.6448215
vn 0.3949978 0.86983 0.2955888
vn 0.3834161 0.9135906 -0.1354426
vn 0.3888516 0.8372973 -0.3843541
vn -0.09825085 0.733367 -0.6726961

vt 0.443171 0.132742
vt 0.609887 0.175013
vt 0.442999 0.133054
vt 0.610092 0.174645
vt 0.444308 0.130695
vt 0.611437 0.172221
vt 0.446104 0.127459
vt 0.613562 0.168391
vt 0.448077 0.123902
vt 0.615898 0.164181
vt 0.4497 0.120977
vt 0.617819 0.16072
vt 0.450538 0.119468
vt 0.61881 0.158934
vt 0.450365 0.119779
vt 0.618605 0.159302
vt 0.449229 0.121827
vt 0.61726 0.161726
vt 0.447433 0.125063
vt 0.615135 0.165556
vt 0.445459 0.12862
vt 0.612799 0.169766
vt 0.443836 0.131545
vt 0.610878 0.173227
vt 0.624768 0.177772
vt 0.610242 0.177369
vt 0.623923 0.1806
vt 0.611538 0.17454
vt 0.613871 0.169396
vt 0.626814 0.17263
vt 0.624549 0.180217
vt 0.610396 0.176985
vt 0.611949 0.173511
vt 0.626446 0.176743
vt 0.61441 0.168048
vt 0.629012 0.171282
vt 0.631433 0.165568
vt 0.616996 0.162332
vt 0.618887 0.158177
vt 0.63294 0.161414
vt 0.619482 0.156903
vt 0.633053 0.16014
vt 0.631739 0.16215
vt 0.618593 0.158914
vt 0.629413 0.166806
vt 0.616501 0.163571
vt 0.432515 0.130565
vt 0.424611 0.129371
vt 0.424611 0.129371
vt 0.432515 0.130565
vt 0.432981 0.129527
vt 0.432981 0.129527
vt 0.421619 0.131077
vt 0.421619 0.131077
vt 0.432047 0.128111
vt 0.432047 0.128111
vt 0.434908 0.12127
vt 0.434908 0.12127
vt 0.430574 0.119512
vt 0.430574 0.119512
vt 0.429241 0.114111
vt 0.429241 0.114111
vt 0.414009 0.110405
vt 0.40748 0.110405
vt 0.40748 0.128028
vt 0.401825 0.125667
vt 0.401825 0.112766
vt 0.398561 0.121577
vt 0.398561 0.116855
vt 0.414009 0.110405
vt 0.40748 0.110405
vt 0.40748 0.128028
vt 0.401825 0.125667
vt 0.401825 0.112766
vt 0.398561 0.121577
vt 0.398561 0.116855
vt 0.531018 0.152653
vt 0.521434 0.143805
vt 0.532528 0.14655
vt 0.519924 0.149908
vt 0.522038 0.141364
vt 0.533132 0.144109
vt 0.522386 0.139955
vt 0.533481 0.1427
vt 0.522386 0.139955
vt 0.533481 0.1427
vt 0.522038 0.141364
vt 0.533132 0.144109
vt 0.521434 0.143805
vt 0.532528 0.14655
vt 0.520736 0.146623
vt 0.531831 0.149368
vt 0.51911 0.153198
vt 0.530204 0.155943
vt 0.408175 0.124549
vt 0.443485 0.13369
vt 0.4079 0.125045
vt 0.44376 0.133194
vt 0.444292 0.132236
vt 0.408707 0.123591
vt 0.445965 0.129221
vt 0.41038 0.120575
vt 0.412471 0.116807
vt 0.448056 0.125452
vt 0.414419 0.113296
vt 0.450004 0.121941
vt 0.451288 0.119627
vt 0.415703 0.110982
vt 0.451564 0.119131
vt 0.415979 0.110486
vt 0.415171 0.111941
vt 0.450756 0.120586
vt 0.413498 0.114956
vt 0.449083 0.123601
vt 0.411407 0.118724
vt 0.446992 0.127369
vt 0.445044 0.13088
vt 0.409459 0.122235
vt 0.668276 0.165187
vt 0.678078 0.168969
vt 0.657113 0.165378
vt 0.041099 0.097692
vt 0.070459 0.08907
vt 0.056936 0.097309
vt 0.027192 0.090116
vt 0.078045 0.075182
vt 0.004192 0.079255
vt 0.077662 0.059367
vt 0.015555 0.036805
vt 0.039668 0.038669
vt 0.069411 0.045862
vt 0.38008 0.119317
vt 0.383237 0.114952
vt 0.379198 0.115119
vt 0.386359 0.119058
vt 0.387275 0.114784
vt 0.387382 0.119015
vt 0.386488 0.121834
vt 0.387511 0.121792
vt 0.386312 0.124284
vt 0.387335 0.124241
vt 0.385879 0.125751
vt 0.386902 0.125708
vt 0.385304 0.125842
vt 0.386327 0.1258
vt 0.384742 0.124533
vt 0.385765 0.12449
vt 0.384343 0.122174
vt 0.385366 0.122132
vt 0.384214 0.119398
vt 0.385238 0.119355
vt 0.38439 0.116948
vt 0.385413 0.116905
vt 0.385643 0.112856
vt 0.381605 0.113023
vt 0.378111 0.117208
vt 0.377566 0.11319
vt 0.377337 0.11724
vt 0.377935 0.119658
vt 0.377161 0.11969
vt 0.378064 0.122434
vt 0.37729 0.122466
vt 0.378463 0.124793
vt 0.377689 0.124825
vt 0.379025 0.126102
vt 0.378251 0.126134
vt 0.3796 0.126011
vt 0.378825 0.126043
vt 0.380033 0.124544
vt 0.379259 0.124576
vt 0.380209 0.122094
vt 0.379434 0.122126
vt 0.379305 0.11935
vt 0.380267 0.112987
vt 0.378999 0.11246
vt 0.378845 0.111818
vt 0.379852 0.111267
vt 0.382245 0.113232
vt 0.384305 0.113119
vt 0.385794 0.112682
vt 0.386239 0.11206
vt 0.385498 0.111451
vt 0.383806 0.111049
vt 0.381702 0.11098
vt 0.379616 0.115389
vt 0.376117 0.120555
vt 0.375999 0.115884
vt 0.379733 0.12006
vt 0.376703 0.124533
vt 0.377601 0.126754
vt 0.37857 0.126621
vt 0.376382 0.111772
vt 0.386945 0.11156
vt 0.390178 0.115176
vt 0.386562 0.115671
vt 0.38668 0.120342
vt 0.390296 0.119847
vt 0.387266 0.124321
vt 0.389913 0.123959
vt 0.388164 0.126542
vt 0.389133 0.126409
vt 0.3817 0.11891
vt 0.380683 0.124039
vt 0.380744 0.120262
vt 0.380731 0.117782
vt 0.380978 0.115603
vt 0.381418 0.114311
vt 0.381934 0.114251
vt 0.382387 0.115439
vt 0.382656 0.117557
vt 0.382668 0.120038
vt 0.382421 0.122216
vt 0.382067 0.125819
f 206/206/206 205/205/205 207/207/207
f 208/208/208 205/205/205 206/206/206
f 208/208/208 209/209/209 205/205/205
f 210/210/210 209/209/209 208/208/208
f 209/209/209 210/210/210 211/211/211
f 211/211/211 210/210/210 212/212/212
f 212/212/212 213/213/213 211/211/211
f 214/214/214 213/213/213 212/212/212
f 214/214/214 215/215/215 213/213/213
f 216/216/216 215/215/215 214/214/214
f 215/215/215 216/216/216 217/217/217
f 217/217/217 216/216/216 218/218/218
f 218/218/218 219/219/219 217/217/217
f 220/220/220 219/219/219 218/218/218
f 220/220/220 221/221/221 219/219/219
f 222/222/222 221/221/221 220/220/220
f 221/221/221 222/222/222 223/223/223
f 223/223/223 222/222/222 224/224/224
f 224/224/224 225/225/225 223/223/223
f 226/226/226 225/225/225 224/224/224
f 226/226/226 227/227/227 225/225/225
f 228/228/228 227/227/227 226/226/226
f 228/228/228 207/207/207 227/227/227
f 206/206/206 207/207/207 228/228/228
f 230/230/230 229/229/229 231/231/231
f 232/232/232 229/229/229 230/230/230
f 232/232/232 233/233/233 229/229/229
f 229/229/229 233/233/233 234/234/234
f 235/235/235 230/230/230 231/231/231
f 236/236/236 230/230/230 235/235/235
f 230/230/230 236/236/236 232/232/232
f 236/236/236 235/235/235 237/237/237
f 236/236/236 237/237/237 232/232/232
f 232/232/232 237/237/237 233/233/233
f 237/237/237 235/235/235 238/238/238
f 237/237/237 238/238/238 239/239/239
f 237/237/237 239/239/239 233/233/233
f 239/239/239 238/238/238 240/240/240
f 241/241/241 239/239/239 240/240/240
f 242/242/242 239/239/239 241/241/241
f 242/242/242 241/241/241 243/243/243
f 243/243/243 241/241/241 244/244/244
f 243/243/243 244/244/244 245/245/245
f 245/245/245 244/244/244 246/246/246
f 247/247/247 245/245/245 246/246/246
f 248/248/248 245/245/245 247/247/247
f 242/242/242 243/243/243 248/248/248
f 248/248/248 243/243/243 245/245/245
f 249/249/249 248/248/248 247/247/247
f 250/250/250 248/248/248 249/249/249
f 239/239/239 242/242/242 250/250/250
f 250/250/250 242/242/242 248/248/248
f 250/250/250 249/249/249 233/233/233
f 233/233/233 239/239/239 250/250/250
f 233/233/233 249/249/249 234/234/234
f 252/252/252 251/251/251 253/253/253
f 254/254/254 251/251/251 252/252/252
f 254/254/254 255/255/255 251/251/251
f 251/251/251 255/255/255 253/253/253
f 256/256/256 255/255/255 254/254/254
f 254/254/254 256/256/256 252/252/252
f 252/252/252 253/253/253 257/257/257
f 257/257/257 253/253/253 258/258/258
f 256/256/256 259/259/259 255/255/255
f 253/253/253 255/255/255 259/259/259
f 260/260/260 259/259/259 256/256/256
f 252/252/252 256/256/256 260/260/260
f 260/260/260 261/261/261 259/259/259
f 259/259/259 261/261/261 253/253/253
f 262/262/262 261/261/261 260/260/260
f 260/260/260 262/262/262 252/252/252
f 262/262/262 263/263/263 261/261/261
f 253/253/253 261/261/261 263/263/263
f 264/264/264 263/263/263 262/262/262
f 252/252/252 262/262/262 264/264/264
f 265/265/265 263/263/263 264/264/264
f 264/264/264 265/265/265 252/252/252
f 252/252/252 265/265/265 257/257/257
f 266/266/266 263/263/263 265/265/265
f 263/263/263 266/266/266 253/253/253
f 253/253/253 266/266/266 258/258/258
f 257/257/257 265/265/265 267/267/267
f 268/268/268 257/257/257 267/267/267
f 269/269/269 257/257/257 268/268/268
f 269/269/269 268/268/268 270/270/270
f 270/270/270 268/268/268 271/271/271
f 270/270/270 271/271/271 272/272/272
f 272/272/272 271/271/271 273/273/273
f 258/258/258 266/266/266 274/274/274
f 275/275/275 258/258/258 274/274/274
f 276/276/276 258/258/258 275/275/275
f 276/276/276 275/275/275 277/277/277
f 277/277/277 275/275/275 278/278/278
f 277/277/277 278/278/278 279/279/279
f 279/279/279 278/278/278 280/280/280
f 282/282/282 281/281/281 283/283/283
f 284/284/284 281/281/281 282/282/282
f 282/282/282 283/283/283 285/285/285
f 285/285/285 283/283/283 286/286/286
f 285/285/285 286/286/286 287/287/287
f 287/287/287 286/286/286 288/288/288
f 287/287/287 288/288/288 289/289/289
f 289/289/289 288/288/288 290/290/290
f 289/289/289 290/290/290 291/291/291
f 291/291/291 290/290/290 292/292/292
f 291/291/291 292/292/292 293/293/293
f 293/293/293 292/292/292 294/294/294
f 293/293/293 294/294/294 295/295/295
f 295/295/295 294/294/294 296/296/296
f 295/295/295 296/296/296 297/297/297
f 297/297/297 296/296/296 298/298/298
f 300/300/300 299/299/299 301/301/301
f 302/302/302 299/299/299 300/300/300
f 301/301/301 303/303/303 300/300/300
f 302/302/302 303/303/303 300/300/300
f 304/304/304 303/303/303 301/301/301
f 304/304/304 305/305/305 303/303/303
f 306/306/306 305/305/305 304/304/304
f 306/306/306 307/307/307 305/305/305
f 305/305/305 307/307/307 308/308/308
f 309/309/309 308/308/308 307/307/307
f 310/310/310 308/308/308 309/309/309
f 309/309/309 311/311/311 310/310/310
f 312/312/312 311/311/311 309/309/309
f 311/311/311 312/312/312 313/313/313
f 313/313/313 312/312/312 314/314/314
f 315/315/315 313/313/313 314/314/314
f 316/316/316 313/313/313 315/315/315
f 313/313/313 311/311/311 316/316/316
f 316/316/316 311/311/311 310/310/310
f 317/317/317 316/316/316 315/315/315
f 318/318/318 316/316/316 317/317/317
f 316/316/316 310/310/310 318/318/318
f 318/318/318 310/310/310 308/308/308
f 317/317/317 319/319/319 318/318/318
f 318/318/318 319/319/319 320/320/320
f 318/318/318 308/308/308 320/320/320
f 320/320/320 308/308/308 305/305/305
f 319/319/319 321/321/321 320/320/320
f 322/322/322 321/321/321 319/319/319
f 299/299/299 321/321/321 322/322/322
f 302/302/302 321/321/321 299/299/299
f 320/320/320 305/305/305 321/321/321
f 321/321/321 305/305/305 303/303/303
f 321/321/321 303/303/303 302/302/302
f 324/324/324 323/323/323 325/325/325
f 327/327/327 326/326/326 328/328/328
f 329/329/329 326/326/326 327/327/327
f 330/330/330 329/329/329 327/327/327
f 331/331/331 329/329/329 330/330/330
f 332/332/332 331/331/331 330/330/330
f 333/333/333 331/331/331 332/332/332
f 333/333/333 332/332/332 334/334/334
f 334/334/334 332/332/332 335/335/335
f 337/337/337 336/336/336 338/338/338
f 336/336/336 337/337/337 339/339/339
f 337/337/337 340/340/340 339/339/339
f 339/339/339 340/340/340 341/341/341
f 339/339/339 341/341/341 342/342/342
f 342/342/342 341/341/341 343/343/343
f 342/342/342 343/343/343 344/344/344
f 344/344/344 343/343/343 345/345/345
f 344/344/344 345/345/345 346/346/346
f 346/346/346 345/345/345 347/347/347
f 346/346/346 347/347/347 348/348/348
f 348/348/348 347/347/347 349/349/349
f 348/348/348 349/349/349 350/350/350
f 350/350/350 349/349/349 351/351/351
f 350/350/350 351/351/351 352/352/352
f 352/352/352 351/351/351 353/353/353
f 352/352/352 353/353/353 354/354/354
f 354/354/354 353/353/353 355/355/355
f 354/354/354 355/355/355 356/356/356
f 356/356/356 355/355/355 357/357/357
f 356/356/356 357/357/357 358/358/358
f 358/358/358 359/359/359 356/356/356
f 356/356/356 359/359/359 360/360/360
f 361/361/361 360/360/360 359/359/359
f 362/362/362 360/360/360 361/361/361
f 362/362/362 363/363/363 360/360/360
f 364/364/364 363/363/363 362/362/362
f 364/364/364 365/365/365 363/363/363
f 366/366/366 365/365/365 364/364/364
f 366/366/366 367/367/367 365/365/365
f 368/368/368 367/367/367 366/366/366
f 368/368/368 369/369/369 367/367/367
f 370/370/370 369/369/369 368/368/368
f 370/370/370 371/371/371 369/369/369
f 372/372/372 371/371/371 370/370/370
f 372/372/372 373/373/373 371/371/371
f 374/374/374 373/373/373 372/372/372
f 374/374/374 375/375/375 373/373/373
f 376/376/376 375/375/375 374/374/374
f 376/376/376 336/336/336 375/375/375
f 377/377/377 336/336/336 376/376/376
f 377/377/377 338/338/338 336/336/336
f 378/378/378 338/338/338 379/379/379
f 379/379/379 338/338/338 380/380/380
f 380/380/380 338/338/338 361/361/361
f 380/380/380 361/361/361 381/381/381
f 382/382/382 338/338/338 378/378/378
f 337/337/337 338/338/338 382/382/382
f 337/337/337 382/382/382 383/383/383
f 383/383/383 340/340/340 337/337/337
f 384/384/384 340/340/340 383/383/383
f 385/385/385 340/340/340 384/384/384
f 386/386/386 340/340/340 385/385/385
f 358/358/358 340/340/340 386/386/386
f 387/387/387 358/358/358 386/386/386
f 381/381/381 361/361/361 388/388/388
f 387/387/387 388/388/388 358/358/358
f 388/388/388 361/361/361 359/359/359
f 358/358/358 388/388/388 359/359/359
f 390/390/390 389/389/389 391/391/391
f 392/392/392 389/389/389 390/390/390
f 393/393/393 392/392/392 390/390/390
f 373/373/373 392/392/392 393/393/393
f 394/394/394 373/373/373 393/393/393
f 395/395/395 373/373/373 394/394/394
f 391/391/391 389/389/389 396/396/396
f 389/389/389 397/397/397 396/396/396
f 398/398/398 397/397/397 389/389/389
f 398/398/398 399/399/399 397/397/397
f 399/399/399 398/398/398 400/400/400
f 400/400/400 398/398/398 401/401/401
f 400/400/400 401/401/401 402/402/402
f 402/402/402 401/401/401 403/403/403
f 402/402/402 403/403/403 404/404/404
f 404/404/404 403/403/403 405/405/405
f 407/407/407 406/406/406 408/408/408
f 408/408/408 406/406/406 409/409/409
f 409/409/409 406/406/406 410/410/410
f 410/410/410 406/406/406 411/411/411
f 411/411/411 406/406/406 412/412/412
f 412/412/412 406/406/406 413/413/413
f 413/413/413 406/406/406 414/414/414
f 414/414/414 406/406/406 415/415/415
f 415/415/415 406/406/406 416/416/416
f 416/416/416 406/406/406 417/417/417
f 417/417/417 406/406/406 407/407/407
v -0.09951647 -1.081691 0.1980274
v -0.1397859 -0.8038025 0.3497773
v -0.1412825 -0.8206461 0.3581749
v -0.1094808 -1.06723 0.1909579
v -0.1447825 -0.8052201 0.3318575
v -0.1084716 -1.0622 0.1761246
v -0.141766 -0.7942203 0.3210912
v -0.1057927 -1.054199 0.1634997
v -0.1363688 -0.7863805 0.3093528
v -0.1003262 -1.046368 0.1517906
v -0.1283876 -0.7790034 0.2989691
v -0.09228233 -1.039006 0.1414472
v -0.1181289 -0.7723725 0.2903393
v -0.08197004 -1.032398 0.132867
v -0.1059869 -0.7667426 0.2837948
v -0.0697856 -1.026797 0.1263796
v -0.09242831 -0.7623301 0.2795873
v -0.05619741 -1.022418 0.1222346
v -0.07797424 -0.7593044 0.2778784
v -0.04172758 -1.019429 0.120591
v -0.06317998 -0.757782 0.2787338
v -0.02693205 -1.017947 0.1215123
v -0.04861427 -0.7578213 0.2821208
v -0.01237962 -1.018026 0.1249628
v -0.03483673 -0.7594208 0.287909
v 0.001370522 -1.019665 0.13081
v -0.02237681 -0.7625189 0.2958759
v 0.01379014 -1.0228 0.1388292
v -0.0117134 -0.7669967 0.3057155
v 0.02440175 -1.027312 0.1487121
v -0.003256238 -0.7726822 0.3170498
v 0.03279766 -1.033025 0.1600792
v 0.002669557 -0.7793568 0.3294429
v 0.03865511 -1.039722 0.1724933
v 0.005836416 -0.7867639 0.3424188
v 0.04174916 -1.047144 0.1854777
v 0.006122568 -0.7946191 0.3554787
v 0.04196081 -1.055007 0.1985331
v 0.003516955 -0.8026202 0.3681209
v 0.03928191 -1.063008 0.211158
v -0.001880227 -0.8104601 0.3798594
v 0.03381541 -1.07084 0.2228672
v -0.009861524 -0.8178371 0.3902431
v 0.02577149 -1.078201 0.2332106
v -0.02012035 -0.8244681 0.3988729
v 0.01545912 -1.084809 0.2417909
v -0.03226221 -0.830098 0.4054173
v 0.003274798 -1.09041 0.2482781
v -0.04582079 -0.8345105 0.4096248
v -0.01031339 -1.094789 0.2524231
v -0.06027498 -0.8375362 0.4113337
v -0.02478336 -1.097778 0.2540667
v -0.07506912 -0.8390586 0.4104783
v -0.03957878 -1.099261 0.2531454
v -0.08963498 -0.8390193 0.4070913
v -0.05413135 -1.099181 0.2496948
v -0.1034124 -0.8374199 0.4013031
v -0.06788146 -1.097542 0.2438477
v -0.1158723 -0.8343216 0.3933361
v -0.08030096 -1.094407 0.2358285
v -0.1265357 -0.8298438 0.3834964
v -0.09091262 -1.089895 0.2259455
v -0.1349929 -0.8241583 0.3721621
v -0.1004416 -1.081504 0.2166332

vn 0.8689926 0.4943467 0.02177234
vn -0.8287336 -0.5171003 -0.2140301
vn -0.01819157 -0.3765765 -0.926207
vn 0.4010101 0.1602174 -0.9019542
vn -0.2025561 -0.05989934 -0.9774371
vn 0.503179 0.422437 -0.7538952
vn -0.4996943 -0.05917918 -0.8641782
vn 0.4173768 0.5563177 -0.7185456
vn -0.5844398 0.06833012 -0.8085552
vn 0.3337101 0.6797965 -0.653081
vn -0.6648948 0.182226 -0.7243682
vn 0.2553881 0.7881395 -0.5600123
vn -0.7379732 0.2781412 -0.6148444
vn 0.1854207 0.8771805 -0.4429154
vn -0.8008621 0.3523824 -0.4841976
vn 0.126499 0.9434958 -0.3062916
vn -0.8511444 0.4020968 -0.3374499
vn 0.08088852 0.9845353 -0.1553972
vn -0.8868881 0.425374 -0.1802422
vn 0.05034 0.9987247 0.003977107
vn -0.9067211 0.4213209 -0.01860756
vn 0.03602748 0.9855173 0.1657055
vn -0.90988 0.3900917 0.1412366
vn 0.03850206 0.9454204 0.3235717
vn -0.8962433 0.3328885 0.293145
vn 0.05766668 0.8799788 0.4715002
vn -0.8663371 0.251911 0.431279
vn 0.09278694 0.791703 0.6038191
vn -0.821307 0.1502643 0.5503415
vn 0.142513 0.6839844 0.7154409
vn -0.7628856 0.03185889 0.6457484
vn 0.2049339 0.5609641 0.8020734
vn -0.6933182 -0.09875336 0.7138333
vn 0.2776477 0.4273747 0.8603854
vn -0.6152798 -0.2365523 0.7519801
vn 0.3578644 0.2883433 0.8881394
vn -0.5317646 -0.3762494 0.7587246
vn 0.4425002 0.1492132 0.8842676
vn -0.4459859 -0.5124696 0.7338063
vn 0.5283006 0.01533551 0.8489191
vn -0.36124 -0.6399791 0.6781834
vn 0.6119703 -0.1081482 0.7834519
vn -0.2807818 -0.75388 0.5939924
vn 0.6902935 -0.2164921 0.6903815
vn -0.2077052 -0.8497925 0.4844708
vn 0.7602583 -0.3055303 0.5732881
vn -0.1448178 -0.924032 0.3538266
vn 0.8191801 -0.3718451 0.4366647
vn -0.09453474 -0.9737468 0.2070778
vn 0.8647904 -0.412885 0.28577
vn -0.05879118 -0.9970243 0.04986958
vn 0.8953396 -0.4270743 0.1263939
vn -0.03895795 -0.9929709 -0.1117676
vn 0.9096519 -0.4138666 -0.03533641
vn -0.03579919 -0.961742 -0.2716092
vn 0.9071774 -0.3737714 -0.1931963
vn -0.04943566 -0.9045396 -0.4235151
vn 0.888012 -0.3083275 -0.3411298
vn -0.07934356 -0.823558 -0.5616559
vn 0.8528911 -0.2200499 -0.4734504
vn -0.124373 -0.7219127 -0.6807157
vn 0.8031659 -0.1123333 -0.5850695
vn -0.1827937 -0.6035095 -0.7761207
vn 0.5755336 -0.1508965 -0.803736

vt 0 0
vt 0 0
vt 0 0
vt 0 0
vt 0 0
vt 0 0
vt 0 0
vt 0 0
vt 0 0
vt 0 0
vt 0 0
vt 0 0
vt 0 0
vt 0 0
vt 0 0
vt 0 0
vt 0 0
vt 0 0
vt 0 0
vt 0 0
vt 0 0
vt 0 0
vt 0 0
vt 0 0
vt 0 0
vt 0 0
vt 0 0
vt 0 0
vt 0 0
vt 0 0
vt 0 0
vt 0 0
vt 0 0
vt 0 0
vt 0 0
vt 0 0
vt 0 0
vt 0 0
vt 0 0
vt 0 0
vt 0 0
vt 0 0
vt 0 0
vt 0 0
vt 0 0
vt 0 0
vt 0 0
vt 0 0
vt 0 0
vt 0 0
vt 0 0
vt 0 0
vt 0 0
vt 0 0
vt 0 0
vt 0 0
vt 0 0
vt 0 0
vt 0 0
vt 0 0
vt 0 0
vt 0 0
vt 0 0
vt 0 0
f 419/419/419 418/418/418 420/420/420
f 421/421/421 418/418/418 419/419/419
f 422/422/422 421/421/421 419/419/419
f 423/423/423 421/421/421 422/422/422
f 423/423/423 418/418/418 421/421/421
f 424/424/424 423/423/423 422/422/422
f 422/422/422 419/419/419 424/424/424
f 425/425/425 423/423/423 424/424/424
f 425/425/425 418/418/418 423/423/423
f 426/426/426 425/425/425 424/424/424
f 424/424/424 419/419/419 426/426/426
f 427/427/427 425/425/425 426/426/426
f 427/427/427 418/418/418 425/425/425
f 428/428/428 427/427/427 426/426/426
f 426/426/426 419/419/419 428/428/428
f 429/429/429 427/427/427 428/428/428
f 429/429/429 418/418/418 427/427/427
f 430/430/430 429/429/429 428/428/428
f 428/428/428 419/419/419 430/430/430
f 431/431/431 429/429/429 430/430/430
f 431/431/431 418/418/418 429/429/429
f 432/432/432 431/431/431 430/430/430
f 430/430/430 419/419/419 432/432/432
f 433/433/433 431/431/431 432/432/432
f 433/433/433 418/418/418 431/431/431
f 434/434/434 433/433/433 432/432/432
f 432/432/432 419/419/419 434/434/434
f 435/435/435 433/433/433 434/434/434
f 436/436/436 435/435/435 434/434/434
f 437/437/437 435/435/435 436/436/436
f 438/438/438 437/437/437 436/436/436
f 439/439/439 437/437/437 438/438/438
f 440/440/440 439/439/439 438/438/438
f 441/441/441 439/439/439 440/440/440
f 442/442/442 441/441/441 440/440/440
f 443/443/443 441/441/441 442/442/442
f 444/444/444 443/443/443 442/442/442
f 445/445/445 443/443/443 444/444/444
f 446/446/446 445/445/445 444/444/444
f 447/447/447 445/445/445 446/446/446
f 448/448/448 447/447/447 446/446/446
f 449/449/449 447/447/447 448/448/448
f 450/450/450 449/449/449 448/448/448
f 451/451/451 449/449/449 450/450/450
f 452/452/452 451/451/451 450/450/450
f 453/453/453 451/451/451 452/452/452
f 454/454/454 453/453/453 452/452/452
f 455/455/455 453/453/453 454/454/454
f 456/456/456 455/455/455 454/454/454
f 457/457/457 455/455/455 456/456/456
f 458/458/458 457/457/457 456/456/456
f 459/459/459 457/457/457 458/458/458
f 460/460/460 459/459/459 458/458/458
f 461/461/461 459/459/459 460/460/460
f 462/462/462 461/461/461 460/460/460
f 463/463/463 461/461/461 462/462/462
f 464/464/464 463/463/463 462/462/462
f 465/465/465 463/463/463 464/464/464
f 466/466/466 465/465/465 464/464/464
f 467/467/467 465/465/465 466/466/466
f 468/468/468 467/467/467 466/466/466
f 469/469/469 467/467/467 468/468/468
f 470/470/470 469/469/469 468/468/468
f 471/471/471 469/469/469 470/470/470
f 472/472/472 471/471/471 470/470/470
f 473/473/473 471/471/471 472/472/472
f 474/474/474 473/473/473 472/472/472
f 475/475/475 473/473/473 474/474/474
f 476/476/476 475/475/475 474/474/474
f 477/477/477 475/475/475 476/476/476
f 478/478/478 477/477/477 476/476/476
f 479/479/479 477/477/477 478/478/478
f 476/476/476 419/419/419 478/478/478
f 474/474/474 419/419/419 476/476/476
f 472/472/472 419/419/419 474/474/474
f 470/470/470 419/419/419 472/472/472
f 468/468/468 419/419/419 470/470/470
f 466/466/466 419/419/419 468/468/468
f 478/478/478 419/419/419 480/480/480
f 480/480/480 479/479/479 478/478/478
f 480/480/480 419/419/419 420/420/420
f 420/420/420 481/481/481 480/480/480
f 481/481/481 479/479/479 480/480/480
f 418/418/418 481/481/481 420/420/420
f 471/471/471 418/418/418 469/469/469
f 473/473/473 418/418/418 471/471/471
f 475/475/475 418/418/418 473/473/473
f 477/477/477 418/418/418 475/475/475
f 479/479/479 418/418/418 477/477/477
f 481/481/481 418/418/418 479/479/479
f 469/469/469 418/418/418 467/467/467
f 467/467/467 418/418/418 465/465/465
f 465/465/465 418/418/418 463/463/463
f 463/463/463 418/418/418 461/461/461
f 461/461/461 418/418/418 459/459/459
f 459/459/459 418/418/418 457/457/457
f 457/457/457 418/418/418 455/455/455
f 455/455/455 418/418/418 453/453/453
f 453/453/453 418/418/418 451/451/451
f 451/451/451 418/418/418 449/449/449
f 449/449/449 418/418/418 447/447/447
f 447/447/447 418/418/418 445/445/445
f 445/445/445 418/418/418 443/443/443
f 443/443/443 418/418/418 441/441/441
f 441/441/441 418/418/418 439/439/439
f 439/439/439 418/418/418 437/437/437
f 437/437/437 418/418/418 435/435/435
f 435/435/435 418/418/418 433/433/433
f 464/464/464 419/419/419 466/466/466
f 462/462/462 419/419/419 464/464/464
f 460/460/460 419/419/419 462/462/462
f 458/458/458 419/419/419 460/460/460
f 456/456/456 419/419/419 458/458/458
f 454/454/454 419/419/419 456/456/456
f 452/452/452 419/419/419 454/454/454
f 450/450/450 419/419/419 452/452/452
f 448/448/448 419/419/419 450/450/450
f 446/446/446 419/419/419 448/448/448
f 444/444/444 419/419/419 446/446/446
f 442/442/442 419/419/419 444/444/444
f 440/440/440 419/419/419 442/442/442
f 438/438/438 419/419/419 440/440/440
f 436/436/436 419/419/419 438/438/438
f 434/434/434 419/419/419 436/436/436
v 0.330891 -0.7118921 0.2067884
v 0.2936179 -0.7332897 0.3434131
v 0.212976 -0.7139599 0.2559451
v 0.2650931 -0.6967832 0.1927194
v 0.2362407 -0.6997633 0.1611788
v 0.1868987 -0.7042409 0.1552031
v 0.1395434 -0.7097511 0.1808085
v 0.1122401 -0.7193162 0.2254123
v 0.1113535 -0.7302669 0.2773764
v 0.1375511 -0.740202 0.3237275
v 0.1832137 -0.7459462 0.3504304
v 0.2273673 -0.7391304 0.3478526
v 1.078349 -1.127945 0.2925445
v 1.136999 -1.132901 0.3127089
v 1.13335 -1.117327 0.2919927
v 1.070953 -1.141178 0.3132599
v 1.03294 -1.098615 0.2920053
v 1.017375 -1.102273 0.3127294
v 1.023339 -1.039235 0.2924545
v 1.007398 -1.034976 0.3194431
v 1.04969 -0.9816763 0.3127856
v 1.061345 -0.9926093 0.2920548
v 1.115541 -0.9747745 0.3133382
v 1.115335 -0.9899155 0.2926084
v 1.1686 -1.014966 0.3127631
v 1.157656 -1.026611 0.2920335
v 1.173099 -1.079369 0.3075146
v 1.161659 -1.076296 0.2924272
v 1.127643 -1.131073 0.4669207
v 1.071441 -1.122944 0.4783226
v 1.013186 -1.095343 0.4546283
v 1.046663 -0.9908127 0.4669933
v 1.021195 -1.038745 0.474036
v 1.106808 -0.9909543 0.4783848
v 1.164645 -1.007901 0.4546626
v 1.173393 -1.07952 0.4610589
v 1.020297 -0.9393364 0.4368811
v 1.073934 -0.9557459 0.4098094
v 1.070585 -0.9560379 0.4471211
v 1.020938 -0.9402215 0.3916086
v 1.055153 -0.9721184 0.4853482
v 1.004143 -0.9600108 0.4799414
v 1.032058 -1.011622 0.5138811
v 0.9857184 -0.9993569 0.5041794
v 0.9716421 -1.040607 0.5050535
v 1.014966 -1.062711 0.5136491
v 0.962642 -1.082165 0.4842472
v 1.010019 -1.10494 0.4882518
v 1.07647 -0.9648372 0.365137
v 0.9910889 -0.9743048 0.3325672
v 0.9620544 -1.111411 0.4423031
v 1.012764 -1.129892 0.446444
v 0.9609599 -1.113031 0.39767
v 1.014854 -1.132439 0.4129209
v 0.9544683 -1.103303 0.3904974
v 0.965872 -1.085419 0.349997
v 0.9955769 -1.062017 0.3847543
v 0.9977042 -1.054776 0.3509965
v 0.9793795 -1.043667 0.327408
v 0.9790404 -1.076581 0.4336976
v 0.9766828 -1.065846 0.4560878
v 0.9549881 -1.034958 0.4942627
v 0.9892759 -0.9989389 0.4776711
v 1.004092 -0.9958096 0.4480084
v 0.9999794 -0.9400184 0.4319359
v 1.018509 -0.9807498 0.398387
v 1.018972 -0.9899582 0.3761004
v 0.9990343 -0.969402 0.3462879
v 0.9997398 -1.007126 0.3277968
v 0.97575 -1.003412 0.3374678
v 0.9999325 -1.023762 0.3942859
v 0.9988261 -1.034812 0.390162
v 1.007894 -1.009403 0.3933929
v 1.006496 -1.002387 0.40824
v 1.003013 -1.002934 0.421821
v 1.000029 -1.005817 0.4363847
v 0.9940788 -1.050344 0.3942984
v 0.9892119 -1.052703 0.4086847
v 0.9864076 -1.054394 0.4228431
v 0.9861507 -1.047055 0.4374501
v 0.9893283 -1.029217 0.434707
v 0.9931284 -1.020514 0.4395493
v 1.092726 -0.9291121 0.4541509
v 1.047318 -0.978588 0.3341876
v 1.100739 -0.9692273 0.3525253
v 1.028051 -0.9461119 0.4566728
v 0.9821321 -1.002435 0.3507302
v 0.9804932 -0.9933765 0.4591349
v 0.970069 -1.067301 0.3421702
v 0.9630314 -1.05849 0.4605011
v 1.000642 -1.12384 0.3506363
v 0.9808501 -1.123919 0.459156
v 1.044705 -1.15241 0.3724006
v 1.02935 -1.170997 0.45343
v 1.095974 -1.152654 0.3900445
v 1.093603 -1.185431 0.443863
v 1.139245 -1.130192 0.4009265
v 1.154122 -1.165575 0.435741
v 1.166135 -1.098315 0.404871
v 1.197882 -1.121516 0.4343334
v 1.179789 -1.061401 0.4018814
v 1.218147 -1.061445 0.4401899
v 1.176058 -1.02143 0.3915967
v 1.204212 -0.9955085 0.4478144
v 1.148329 -0.9854529 0.3741614
v 1.157299 -0.9468827 0.451718
v 1.096957 -1.187648 0.4715045
v 1.161009 -1.168102 0.4715106
v 1.202259 -0.9898525 0.471595
v 1.153305 -0.9441549 0.4716197
v 1.206707 -1.119148 0.4715319
v 1.221805 -1.053905 0.4715629
v 1.08806 -0.9290569 0.4716305
v 1.024009 -0.9486043 0.4716245
v 0.9783112 -0.997558 0.471603
v 0.9632132 -1.062802 0.4715722
v 0.9827594 -1.126853 0.4715401
v 1.031713 -1.17255 0.4715153
v 0.3899445 -0.7652612 0.2096831
v 0.9875655 -0.9345779 0.3762282
v 0.3888618 -0.7411675 0.2503935
v 0.9869763 -0.9622658 0.3378617
v 0.9794416 -0.9283992 0.4224322
v 0.3793196 -0.7393695 0.2967028
v 0.9647846 -0.945383 0.4640895
v 0.3638759 -0.7603431 0.3362015
v 0.9475214 -0.9809774 0.490044
v 0.3466676 -0.7984701 0.3583119
v 0.9322746 -1.025648 0.4933422
v 0.3323043 -0.8435397 0.357108
v 0.9231305 -1.067427 0.4730941
v 0.324637 -0.8834721 0.3329075
v 0.9225425 -1.095116 0.4347266
v 0.3257198 -0.9075645 0.292196
v 0.9306651 -1.101294 0.3885239
v 0.3352615 -0.9093636 0.2458894
v 0.9453221 -1.08431 0.3468666
v 0.3507054 -0.8883899 0.2063889
v 0.9625867 -1.048715 0.3209115
v 0.3679144 -0.8502612 0.1842781
v 0.9778335 -1.004044 0.3176149
v 0.3822773 -0.8051927 0.1854834
v 0.4200374 -0.7773173 0.2237245
v 0.3366179 -0.7899359 0.1725846
v 0.4068842 -0.8141367 0.1927287
v 0.3495634 -0.7480009 0.2050173
v 0.3309931 -0.7174862 0.2483887
v 0.4241129 -0.7702401 0.2703473
v 0.4110791 -0.7628188 0.3083243
v 0.3169977 -0.7212474 0.2965501
v 0.3892735 -0.7849469 0.3477783
v 0.3093418 -0.7590665 0.3385915
v 0.2852257 -0.7992429 0.3511537
v 0.3642239 -0.8247621 0.3646199
v 0.358874 -0.8686754 0.3517383
v 0.2805546 -0.8534776 0.3377227
v 0.3584819 -0.9046071 0.3140294
v 0.3007351 -0.8850273 0.3125279
v 0.3002814 -0.9023182 0.251749
v 0.3801454 -0.9061816 0.2720182
v 0.3848493 -0.8989252 0.2320667
v 0.3207907 -0.8859305 0.2078132
v 0.3912697 -0.8623229 0.193339
v 0.339298 -0.8355998 0.1767587
v 0.2116083 -0.8988611 0.2162382
v 0.2285548 -0.910891 0.2992477
v 0.2931193 -0.9086471 0.3064202
v 0.1889586 -0.904498 0.3134497
v 0.1422053 -0.8939506 0.2972099
v 0.1123376 -0.8845259 0.252709
v 0.1092778 -0.8730876 0.1995494
v 0.1334382 -0.8631979 0.1528749
v 0.1789271 -0.8570299 0.1236515
v 0.2333029 -0.8562846 0.1206816
v 0.2696725 -0.8701608 0.1442056
v 0.3301019 -0.8761337 0.1754391
v 1.043322 -1.103558 0.3461079
v 0.9529324 -1.072692 0.3411573
v 1.015439 -1.130487 0.3759559
v 0.970069 -1.067301 0.3421702
v 1.047318 -0.978588 0.3341876
v 0.9821321 -1.002435 0.3507302
v 1.000642 -1.12384 0.3506363
v 1.100739 -0.9692273 0.3525253
v 1.044705 -1.15241 0.3724006
v 1.148329 -0.9854529 0.3741614
v 1.095974 -1.152654 0.3900445
v 1.176058 -1.02143 0.3915967
v 1.139245 -1.130192 0.4009265
v 1.179789 -1.061401 0.4018814
v 1.166135 -1.098315 0.404871
v 0.2430993 -0.8451679 0.341213
v 0.2929557 -0.7479433 0.1584863
v 0.252313 -0.8154284 0.3464583
v 0.302122 -0.8227297 0.1446202
v 0.2315947 -0.7725912 0.13809
v 0.2389351 -0.7954119 0.1324359
v 0.1812293 -0.782304 0.1456872
v 0.1893197 -0.8202086 0.3327068
v 0.1384428 -0.7880607 0.1729539
v 0.1461865 -0.8169419 0.3085006
v 0.1092787 -0.7897181 0.2173125
v 0.1066401 -0.7897938 0.2751343
v 0.1874693 -0.7858432 0.1431412
v 0.184046 -0.8255876 0.3283086
v 0.1427149 -0.7911303 0.1677156
v 0.1417027 -0.8200548 0.3034708
v 0.1110046 -0.8072215 0.2066614
v 0.1042546 -0.8303652 0.2578134
v 0.2931193 -0.9086471 0.3064202
v 0.2285548 -0.910891 0.2992477
v 0.2430993 -0.8451679 0.341213
v 0.1889586 -0.904498 0.3134497
v 0.184046 -0.8255876 0.3283086
v 0.1422053 -0.8939506 0.2972099
v 0.1417027 -0.8200548 0.3034708
v 0.1123376 -0.8845259 0.252709
v 0.1042546 -0.8303652 0.2578134
v 0.1092778 -0.8730876 0.1995494
v 0.1110046 -0.8072215 0.2066614
v 0.1334382 -0.8631979 0.1528749
v 0.1427149 -0.7911303 0.1677156
v 0.1789271 -0.8570299 0.1236515
v 0.1874693 -0.7858432 0.1431412
v 0.2333029 -0.8562846 0.1206816
v 0.2389351 -0.7954119 0.1324359
v 0.2696725 -0.8701608 0.1442056
v 0.302122 -0.8227297 0.1446202
v 0.3301019 -0.8761337 0.1754391
v 0.3306367 -0.7910271 0.1727448
v 0.2929557 -0.7479433 0.1584863
v 0.330891 -0.7118921 0.2067884
v 0.2650931 -0.6967832 0.1927194
v 0.2362407 -0.6997633 0.1611788
v 0.2315947 -0.7725912 0.13809
v 0.1868987 -0.7042409 0.1552031
v 0.1812293 -0.782304 0.1456872
v 0.1395434 -0.7097511 0.1808085
v 0.1384428 -0.7880607 0.1729539
v 0.1122401 -0.7193162 0.2254123
v 0.1092787 -0.7897181 0.2173125
v 0.1113535 -0.7302669 0.2773764
v 0.1066401 -0.7897938 0.2751343
v 0.1375511 -0.740202 0.3237275
v 0.1461865 -0.8169419 0.3085006
v 0.1832137 -0.7459462 0.3504304
v 0.1893197 -0.8202086 0.3327068
v 0.2273673 -0.7391304 0.3478526
v 0.252313 -0.8154284 0.3464583
v 0.2936179 -0.7332897 0.3434131
v 0.2857925 -0.8259322 0.3486634
v 0.3093418 -0.7590665 0.3385915
v 0.2852257 -0.7992429 0.3511537
v 0.3007351 -0.8850273 0.3125279
v 0.2805546 -0.8534776 0.3377227
v 0.3169977 -0.7212474 0.2965501
v 0.3309931 -0.7174862 0.2483887
v 0.3495634 -0.7480009 0.2050173
v 0.3366179 -0.7899359 0.1725846
v 0.339298 -0.8355998 0.1767587
v 0.3207907 -0.8859305 0.2078132
v 0.3002814 -0.9023182 0.251749
v 1.077823 -1.131645 0.2612382
v 1.128497 -1.135423 0.3260352
v 1.135754 -1.120307 0.2606587
v 1.064852 -1.137581 0.3260375
v 1.029943 -1.101011 0.2606734
v 1.014862 -1.093782 0.3260615
v 1.016444 -1.037376 0.2665902
v 1.010781 -1.035887 0.3260897
v 1.043263 -0.9877889 0.3261114
v 1.059953 -0.9890115 0.2607263
v 1.108453 -0.974852 0.3261142
v 1.116734 -0.9864215 0.2613066
v 1.162495 -1.008545 0.326095
v 1.161237 -1.025207 0.2607034
v 1.174221 -1.079682 0.3260598
v 1.158982 -1.075564 0.2536145
v 1.016444 -1.037376 0.2665902
v 1.029943 -1.101011 0.2606734
v 1.092496 -1.057742 0.2400748
v 1.077823 -1.131645 0.2612382
v 1.135754 -1.120307 0.2606587
v 1.158982 -1.075564 0.2536145
v 1.161237 -1.025207 0.2607034
v 1.059953 -0.9890115 0.2607263
v 1.116734 -0.9864215 0.2613066

vn -0.7546091 0.3466986 0.5571045
vn -0.6938739 -0.6623299 0.2825921
vn -0.976397 -0.2142482 0.02732421
vn -0.9628528 0.1871717 0.1946314
vn -0.8377205 0.5104486 0.1940791
vn -0.7514762 0.6455356 -0.1362621
vn -0.7125353 0.4679634 -0.5227848
vn -0.6413667 0.1397447 -0.7544008
vn -0.559164 -0.2574643 -0.788066
vn -0.4772696 -0.6362221 -0.6061646
vn -0.4279332 -0.8627238 -0.2694087
vn -0.5609218 -0.82676 -0.04283523
vn 0.734787 0.6702902 -0.1039194
vn 0.7921839 0.3769524 0.4799496
vn 0.5704091 0.6813213 0.4587323
vn 0.902787 0.365938 -0.2259759
vn 0.4584266 0.6812499 -0.5707398
vn 0.4797785 0.3767459 -0.7923859
vn -0.1918317 0.6725304 -0.7147754
vn -0.2511803 0.2427738 -0.9370004
vn -0.8120254 0.3761508 -0.4462346
vn -0.6829729 0.6807191 -0.2648957
vn -0.8951417 0.3650921 0.2557915
vn -0.6888691 0.6696427 0.2775577
vn -0.4464023 0.3763945 0.8118204
vn -0.2652048 0.6809678 0.682605
vn 0.2266892 0.481066 0.8468695
vn 0.1911679 0.6728291 0.7146722
vn 0.7545977 -0.587286 0.2927074
vn 0.5370876 -0.8153177 -0.2163195
vn 0.3401498 -0.3412311 -0.876276
vn -0.6303273 -0.5880054 -0.50689
vn -0.1768215 -0.7290851 -0.661188
vn -0.5725744 -0.8158394 0.08102454
vn -0.5887228 -0.3415947 0.7326109
vn 0.2286798 -0.4698213 0.8526276
vn -0.9364926 -0.2348598 0.2604279
vn -0.9496422 0.01535376 0.3129602
vn -0.9349796 -0.238336 0.2626959
vn -0.9566107 0.2206666 0.1902688
vn -0.786765 -0.6025316 0.1340025
vn -0.7077172 -0.7016671 0.0824622
vn -0.3357132 -0.9364429 -0.1018413
vn -0.2785481 -0.9531937 -0.1176145
vn 0.1115381 -0.9611202 -0.2526015
vn 0.2523584 -0.9221069 -0.2933161
vn 0.547098 -0.7616794 -0.3471721
vn 0.6837025 -0.6341176 -0.3611733
vn -0.7578335 0.494051 0.4261478
vn -0.4510892 0.749486 -0.4845511
vn 0.8817883 -0.3076593 -0.3574846
vn 0.9195352 -0.1885918 -0.3448018
vn 0.8763482 0.1350796 -0.4623498
vn 0.94609 -0.01620274 -0.323498
vn 0.96249 0.09921208 0.2525273
vn 0.5088049 0.6941223 -0.5092269
vn 0.3214878 -0.1803425 0.9295819
vn 0.5344171 0.2615989 0.8037193
vn 0.03151827 0.9126676 -0.4074859
vn 0.4658906 -0.3148666 0.8269253
vn 0.5014218 -0.3778108 0.7783543
vn 0.2792487 -0.9246214 0.2590284
vn -0.006179973 -0.6023265 0.7982262
vn 0.2889872 -0.2423072 0.9261608
vn -0.6421252 -0.3152751 0.6987682
vn 0.1346623 -0.09421955 0.9864022
vn 0.06859677 -0.03334935 0.9970871
vn -0.6232564 0.7421986 -0.2463588
vn 0.01635062 0.7160359 0.6978722
vn -0.3386294 0.7019161 -0.6266133
vn 0.3487629 -0.5424645 0.7642624
vn 0.1760194 -0.4513485 0.8748155
vn 0.4197118 -0.3284341 0.846152
vn 0.5059229 -0.2769651 0.8169042
vn 0.551128 -0.1412846 0.8223727
vn 0.4415703 -0.07549231 0.8940453
vn 0.162799 -0.3229278 0.9323167
vn 0.0427647 -0.2536086 0.9663613
vn 0.1108489 -0.1294533 0.9853704
vn 0.1905977 -0.07318377 0.9789367
vn 0.1919397 0.1778454 0.9651583
vn 0.4116242 0.07234437 0.908478
vn -0.9948092 0.1016643 0.00436354
vn -0.5391849 0.841123 0.04233123
vn -0.4958879 0.7794404 0.3828421
vn -0.8678339 0.05116441 -0.4942132
vn -0.5707154 0.3789313 -0.7284884
vn -0.5044816 0.001669855 -0.863421
vn 0.07635316 0.6276842 -0.7747148
vn 0.002844431 -0.02602712 -0.9996574
vn 0.5893961 0.7240323 -0.3583151
vn 0.5165063 0.0004774894 -0.8562835
vn 0.7410693 0.6713548 -0.009956338
vn 0.8761311 0.1146837 -0.4682329
vn 0.6367005 0.7155051 0.2875158
vn 0.9518188 0.3058785 0.02189728
vn 0.4179443 0.8029383 0.4249857
vn 0.7676914 0.468381 0.4373434
vn 0.2889118 0.8553874 0.4299335
vn 0.4684541 0.4967854 0.7305856
vn 0.2008551 0.8376263 0.5079762
vn 0.06197633 0.3800276 0.9228967
vn 0.01917328 0.7776492 0.6284064
vn -0.4618213 0.2279358 0.8571852
vn -0.2806283 0.7437466 0.6067033
vn -0.8523981 0.150176 0.500864
vn 0.996035 0.0004882651 0.08896087
vn 0.8181112 0.0004276447 0.5750598
vn -0.5750599 -0.0002358279 0.8181114
vn -0.9070738 -0.0004180563 0.4209713
vn 0.4209712 0.0002524353 0.9070741
vn -0.08896063 9.589499E-06 0.9960353
vn -0.9960336 -0.0004882652 -0.08897655
vn -0.8181065 -0.0004276427 -0.5750667
vn -0.4209717 -0.0002524356 -0.9070739
vn 0.08896525 -9.587231E-06 -0.9960349
vn 0.5750615 0.0002358287 -0.8181103
vn 0.9070737 0.0004180563 -0.4209718
vn -0.6744193 0.6448306 0.3596559
vn -0.8635004 0.3577802 0.3554724
vn -0.9220885 0.1908163 0.3366628
vn -0.5439282 0.7649161 0.34503
vn -0.9516605 -0.1452198 0.270654
vn -0.9226531 -0.3142893 0.2234583
vn -0.7848424 -0.6092438 0.1133342
vn -0.6760401 -0.735139 0.05040333
vn -0.4077819 -0.9100482 -0.07434131
vn -0.2483253 -0.9590603 -0.1361549
vn 0.07857018 -0.9670606 -0.2421177
vn 0.2460032 -0.9260331 -0.2862611
vn 0.5439299 -0.7649149 -0.3450299
vn 0.6744288 -0.6448205 -0.3596562
vn 0.8635098 -0.3577591 -0.3554706
vn 0.9220921 -0.1908028 -0.3366607
vn 0.9516609 0.1452148 -0.2706552
vn 0.9226584 0.3142691 -0.2234644
vn 0.7848464 0.6092381 -0.1133368
vn 0.676045 0.7351344 -0.05040582
vn 0.4077695 0.9100533 0.07434643
vn 0.2482967 0.9590662 0.1361654
vn -0.07859238 0.9670572 0.242124
vn -0.2460092 0.9260309 0.2862629
vn -0.3492282 0.3870765 0.8533532
vn -0.181296 0.9150382 0.3603292
vn -0.03975173 0.7441908 0.6667834
vn -0.5661281 0.4973859 0.657348
vn -0.9211673 0.05184522 0.3856981
vn -0.2550096 -0.09722207 0.9620386
vn -0.4336932 -0.3655108 0.8235971
vn -0.8703144 -0.4325277 0.2355266
vn -0.277775 -0.776239 0.5659455
vn -0.4102008 -0.889591 0.2009064
vn -0.08077329 -0.9739821 -0.2117423
vn 0.06647844 -0.9677444 0.2430053
vn 0.470828 -0.8439333 0.257095
vn 0.5025126 -0.8084253 -0.3064798
vn 0.8441436 -0.4602425 0.2749516
vn 0.763972 -0.6447537 0.02528839
vn 0.9894577 0.1014404 -0.103361
vn 0.76853 -0.1095323 0.6303686
vn 0.7885426 0.2363479 0.5677505
vn 0.8288033 0.5306507 0.1774683
vn 0.4414506 0.7379987 0.5103721
vn 0.2236262 0.8648096 0.449551
vn 0.978047 0.2083847 -1.102926E-05
vn 0.965029 -0.2614491 -0.01906339
vn 0.9040145 -0.3292789 0.2726413
vn 0.8338613 -0.5299137 -0.1544895
vn 0.6884431 -0.5126565 -0.513059
vn 0.6167746 -0.1709034 -0.7683628
vn 0.5248002 0.2501972 -0.8136256
vn 0.4471387 0.6198496 -0.6448671
vn 0.3950426 0.8697814 -0.2956723
vn 0.3834641 0.9135848 0.1353452
vn 0.5954576 0.7506642 0.2862406
vn 0.6209633 0.5668765 0.5413463
vn 0.3959796 0.8646341 0.3092061
vn 0.1486338 0.5770038 -0.8031034
vn 0.9303011 0.274573 -0.2432069
vn 0.07635316 0.6276842 -0.7747148
vn -0.5391849 0.841123 0.04233123
vn -0.5707154 0.3789313 -0.7284884
vn 0.5893961 0.7240323 -0.3583151
vn -0.4958879 0.7794404 0.3828421
vn 0.7410693 0.6713548 -0.009956338
vn -0.2806283 0.7437466 0.6067033
vn 0.6367005 0.7155051 0.2875158
vn 0.01917328 0.7776492 0.6284064
vn 0.4179443 0.8029383 0.4249857
vn 0.2008551 0.8376263 0.5079762
vn 0.2889118 0.8553874 0.4299335
vn -0.1981062 -0.9128149 -0.3571043
vn -0.2132577 0.969228 0.1229573
vn 0.6914107 -0.7014807 -0.1728477
vn -0.2018355 0.9302915 0.306301
vn 0.3769619 0.920688 0.1011617
vn -0.65091 0.7175088 0.2479867
vn 0.5679126 0.7843162 -0.249647
vn 0.8154405 -0.559789 -0.1472863
vn 0.6117828 0.5735163 -0.5447945
vn 0.8156347 -0.3832215 -0.433453
vn 0.5247967 0.2502036 -0.8136257
vn 0.3894996 -0.2641597 -0.8823321
vn -0.845612 0.5189972 -0.1248296
vn -0.5612859 -0.7880858 -0.2527429
vn -0.811132 0.3620438 -0.459336
vn -0.6063934 -0.5988666 -0.5231119
vn -0.6094403 0.1469652 -0.7790917
vn -0.2833785 -0.2339831 -0.9300263
vn 0.9040145 -0.3292789 0.2726413
vn 0.965029 -0.2614491 -0.01906339
vn -0.1981062 -0.9128149 -0.3571043
vn 0.8338613 -0.5299137 -0.1544895
vn -0.5612859 -0.7880858 -0.2527429
vn 0.6884431 -0.5126565 -0.513059
vn -0.6063934 -0.5988666 -0.5231119
vn 0.6167746 -0.1709034 -0.7683628
vn -0.2833785 -0.2339831 -0.9300263
vn 0.5248002 0.2501972 -0.8136256
vn -0.6094403 0.1469652 -0.7790917
vn 0.4471387 0.6198496 -0.6448671
vn -0.811132 0.3620438 -0.459336
vn 0.3950426 0.8697814 -0.2956723
vn -0.845612 0.5189972 -0.1248296
vn 0.3834641 0.9135848 0.1353452
vn -0.65091 0.7175088 0.2479867
vn 0.5954576 0.7506642 0.2862406
vn -0.2018355 0.9302915 0.306301
vn 0.6209633 0.5668765 0.5413463
vn -0.1265488 0.8241655 0.5520299
vn -0.2132577 0.969228 0.1229573
vn -0.7546091 0.3466986 0.5571045
vn -0.9628528 0.1871717 0.1946314
vn -0.8377205 0.5104486 0.1940791
vn 0.3769619 0.920688 0.1011617
vn -0.7514762 0.6455356 -0.1362621
vn 0.5679126 0.7843162 -0.249647
vn -0.7125353 0.4679634 -0.5227848
vn 0.6117828 0.5735163 -0.5447945
vn -0.6413667 0.1397447 -0.7544008
vn 0.5247967 0.2502036 -0.8136257
vn -0.559164 -0.2574643 -0.788066
vn 0.3894996 -0.2641597 -0.8823321
vn -0.4772696 -0.6362221 -0.6061646
vn 0.8156347 -0.3832215 -0.433453
vn -0.4279332 -0.8627238 -0.2694087
vn 0.8154405 -0.559789 -0.1472863
vn -0.5609218 -0.82676 -0.04283523
vn 0.6914107 -0.7014807 -0.1728477
vn -0.6938739 -0.6623299 0.2825921
vn 0.2043566 -0.9707413 0.1260956
vn -0.4102008 -0.889591 0.2009064
vn -0.08077329 -0.9739821 -0.2117423
vn 0.763972 -0.6447537 0.02528839
vn 0.5025126 -0.8084253 -0.3064798
vn -0.8703144 -0.4325277 0.2355266
vn -0.9211673 0.05184522 0.3856981
vn -0.5661281 0.4973859 0.657348
vn -0.181296 0.9150382 0.3603292
vn 0.2236262 0.8648096 0.449551
vn 0.8288033 0.5306507 0.1774683
vn 0.9894577 0.1014404 -0.103361
vn 0.8091055 0.5764182 -0.1144139
vn 0.9322952 0.0004717727 0.3616979
vn 0.6303406 0.5880036 0.5068756
vn 0.9274798 0.0004304586 -0.3738731
vn 0.5066473 0.5878888 -0.630631
vn 0.3617176 0.0001262053 -0.9322879
vn -0.2286874 0.4698158 -0.8526285
vn -0.2588242 -0.0001768352 -0.9659246
vn -0.7794003 -0.0004115785 -0.6265262
vn -0.7545994 0.5872918 -0.2926916
vn -0.9901597 -0.0004732837 0.1399411
vn -0.7584196 0.5756812 0.3055992
vn -0.6265341 -0.0002628689 0.7793941
vn -0.2929536 0.5875703 0.7542809
vn 0.2588328 0.0001768393 0.9659224
vn 0.1768317 0.7290851 0.6611852
vn -0.2286874 0.4698158 -0.8526285
vn 0.5066473 0.5878888 -0.630631
vn -0.0004854761 1 -5.298785E-05
vn 0.8091055 0.5764182 -0.1144139
vn 0.6303406 0.5880036 0.5068756
vn 0.1768317 0.7290851 0.6611852
vn -0.2929536 0.5875703 0.7542809
vn -0.7545994 0.5872918 -0.2926916
vn -0.7584196 0.5756812 0.3055992

vt 0.381066 0.112032
vt 0.379702 0.113787
vt 0.380087 0.118842
vt 0.381415 0.115583
vt 0.381659 0.11773
vt 0.381647 0.120175
vt 0.381382 0.122263
vt 0.380935 0.123434
vt 0.380427 0.123375
vt 0.379993 0.122101
vt 0.379749 0.119954
vt 0.379762 0.117509
vt 0.202648 0.155127
vt 0.193417 0.153794
vt 0.194228 0.155127
vt 0.203054 0.153794
vt 0.209564 0.155127
vt 0.210969 0.153794
vt 0.210316 0.155127
vt 0.21183 0.153794
vt 0.206266 0.153794
vt 0.205455 0.155127
vt 0.196629 0.153794
vt 0.197035 0.155127
vt 0.188714 0.153794
vt 0.190119 0.155127
vt 0.187853 0.153794
vt 0.189367 0.155127
vt 0.193417 0.128098
vt 0.203054 0.128098
vt 0.210969 0.128098
vt 0.206266 0.128098
vt 0.21183 0.128098
vt 0.196629 0.128098
vt 0.188714 0.128098
vt 0.187853 0.128098
vt 0.929561 0.130864
vt 0.946756 0.133275
vt 0.946293 0.128174
vt 0.931118 0.135483
vt 0.943132 0.124126
vt 0.926985 0.126856
vt 0.939258 0.121802
vt 0.924078 0.124534
vt 0.92162 0.124521
vt 0.936736 0.121789
vt 0.920269 0.126818
vt 0.936296 0.124088
vt 0.945863 0.137617
vt 0.932663 0.142203
vt 0.920388 0.130812
vt 0.937086 0.128118
vt 0.921944 0.135432
vt 0.937614 0.133274
vt 0.907863 0.137798
vt 0.924521 0.139439
vt 0.91044 0.141806
vt 0.913347 0.144127
vt 0.927427 0.141761
vt 0.906307 0.133179
vt 0.906189 0.129185
vt 0.907539 0.126887
vt 0.909997 0.126901
vt 0.912904 0.129223
vt 0.915481 0.13323
vt 0.917037 0.13785
vt 0.917156 0.141844
vt 0.931236 0.139477
vt 0.915805 0.144141
vt 0.929885 0.141775
vt 0.914731 0.143439
vt 0.912506 0.143426
vt 0.915954 0.141359
vt 0.915847 0.137743
vt 0.914438 0.133561
vt 0.912105 0.129933
vt 0.909875 0.141324
vt 0.907542 0.137696
vt 0.906133 0.133514
vt 0.906026 0.129899
vt 0.907249 0.127819
vt 0.909474 0.127831
vt 0.199842 0.122857
vt 0.214666 0.142972
vt 0.20326 0.139276
vt 0.212298 0.122857
vt 0.223016 0.144562
vt 0.221417 0.122857
vt 0.226072 0.143618
vt 0.224754 0.122857
vt 0.223016 0.140394
vt 0.221417 0.122857
vt 0.214666 0.135754
vt 0.212298 0.122857
vt 0.20326 0.13094
vt 0.199842 0.122857
vt 0.191854 0.127244
vt 0.187385 0.122857
vt 0.183504 0.125654
vt 0.178267 0.122857
vt 0.180448 0.126598
vt 0.174929 0.122857
vt 0.183504 0.129822
vt 0.178267 0.122857
vt 0.191854 0.134462
vt 0.187385 0.122857
vt 0.199842 0.119858
vt 0.187385 0.119858
vt 0.178267 0.119858
vt 0.187385 0.119858
vt 0.178267 0.119858
vt 0.174929 0.119858
vt 0.199842 0.119858
vt 0.212298 0.119858
vt 0.221417 0.119858
vt 0.224754 0.119858
vt 0.221417 0.119858
vt 0.212298 0.119858
vt 0.718115 0.176493
vt 0.917236 0.137751
vt 0.718004 0.172755
vt 0.917347 0.141488
vt 0.915779 0.133427
vt 0.716548 0.168432
vt 0.913368 0.129677
vt 0.714136 0.164681
vt 0.910647 0.127504
vt 0.711416 0.162508
vt 0.908347 0.127491
vt 0.709115 0.162495
vt 0.907083 0.129641
vt 0.707851 0.164646
vt 0.907194 0.133379
vt 0.707962 0.168384
vt 0.90865 0.137702
vt 0.709419 0.172707
vt 0.911062 0.141453
vt 0.71183 0.176458
vt 0.913782 0.143626
vt 0.71455 0.178631
vt 0.916083 0.143639
vt 0.716851 0.178644
vt 0.719061 0.176604
vt 0.699364 0.182602
vt 0.71778 0.179787
vt 0.698725 0.179805
vt 0.697053 0.174693
vt 0.718605 0.171173
vt 0.716556 0.165219
vt 0.694879 0.168889
vt 0.713565 0.160632
vt 0.692892 0.164236
vt 0.691725 0.162211
vt 0.710581 0.158868
vt 0.708552 0.160487
vt 0.691747 0.163457
vt 0.708122 0.164975
vt 0.692951 0.167578
vt 0.694955 0.173267
vt 0.709427 0.170908
vt 0.712054 0.176401
vt 0.697123 0.178716
vt 0.715167 0.179711
vt 0.698767 0.182196
vt 0.048734 0.067581
vt 0.057244 0.038683
vt 0.08101 0.036846
vt 0.041635 0.038306
vt 0.027928 0.045773
vt 0.019796 0.059083
vt 0.019419 0.07467
vt 0.026896 0.088358
vt 0.040224 0.096479
vt 0.055833 0.096856
vt 0.06954 0.089389
vt 0.092209 0.078685
vt 0.936722 0.138039
vt 0.925217 0.142468
vt 0.936632 0.13797
vt 0.518517 0.135274
vt 0.525802 0.139851
vt 0.522605 0.136501
vt 0.514634 0.136501
vt 0.527253 0.144427
vt 0.511996 0.139851
vt 0.526567 0.149004
vt 0.511311 0.144427
vt 0.523929 0.152354
vt 0.512761 0.149004
vt 0.520046 0.15358
vt 0.515958 0.152354
vt 0.387969 0.124704
vt 0.380019 0.127193
vt 0.381781 0.12496
vt 0.386208 0.126937
vt 0.379406 0.122185
vt 0.385595 0.121928
vt 0.379307 0.119447
vt 0.381441 0.119607
vt 0.379507 0.117098
vt 0.381069 0.117215
vt 0.379952 0.115766
vt 0.380524 0.115809
vt 0.385495 0.119191
vt 0.387629 0.11935
vt 0.385695 0.116842
vt 0.387257 0.116958
vt 0.386141 0.11551
vt 0.386712 0.115553
vt 0.388241 0.1231
vt 0.388059 0.118446
vt 0.387421 0.121392
vt 0.388004 0.115388
vt 0.387151 0.115407
vt 0.387638 0.11271
vt 0.386785 0.112729
vt 0.387058 0.111129
vt 0.386205 0.111149
vt 0.386421 0.11107
vt 0.385568 0.111089
vt 0.385896 0.112547
vt 0.385043 0.112567
vt 0.385625 0.115166
vt 0.384772 0.115186
vt 0.38568 0.118224
vt 0.384827 0.118244
vt 0.386046 0.120902
vt 0.385408 0.123848
vt 0.386585 0.125333
vt 0.382138 0.125436
vt 0.378494 0.124007
vt 0.377691 0.125538
vt 0.377152 0.121107
vt 0.376786 0.118429
vt 0.377913 0.118403
vt 0.376731 0.115371
vt 0.377858 0.115345
vt 0.377002 0.112752
vt 0.378129 0.112726
vt 0.377527 0.111274
vt 0.378654 0.111248
vt 0.378164 0.111334
vt 0.379291 0.111308
vt 0.378744 0.112914
vt 0.379871 0.112888
vt 0.37911 0.115592
vt 0.380237 0.115566
vt 0.379165 0.118651
vt 0.380507 0.121551
vt 0.379347 0.123305
vt 0.383794 0.123202
vt 0.38047 0.125125
vt 0.382671 0.12475
vt 0.386736 0.124997
vt 0.385007 0.124702
vt 0.379104 0.125709
vt 0.379005 0.126316
vt 0.380206 0.126753
vt 0.382325 0.126882
vt 0.384689 0.126662
vt 0.386547 0.126162
vt 0.387311 0.125542
vt 0.199506 0.575384
vt 0.193532 0.56738
vt 0.193532 0.575384
vt 0.199506 0.56738
vt 0.204412 0.575384
vt 0.204412 0.56738
vt 0.204946 0.575384
vt 0.204946 0.56738
vt 0.201497 0.56738
vt 0.201497 0.575384
vt 0.195523 0.56738
vt 0.195523 0.575384
vt 0.190617 0.56738
vt 0.190617 0.575384
vt 0.190083 0.56738
vt 0.190083 0.575384
vt 0.374685 0.548461
vt 0.403533 0.548784
vt 0.386801 0.515994
vt 0.422405 0.52717
vt 0.422731 0.498596
vt 0.400909 0.479903
vt 0.372061 0.479581
vt 0.352863 0.529769
vt 0.353189 0.501195
f 483/483/483 482/482/482 484/484/484
f 485/485/485 484/484/484 482/482/482
f 486/486/486 484/484/484 485/485/485
f 487/487/487 484/484/484 486/486/486
f 488/488/488 484/484/484 487/487/487
f 489/489/489 484/484/484 488/488/488
f 490/490/490 484/484/484 489/489/489
f 491/491/491 484/484/484 490/490/490
f 492/492/492 484/484/484 491/491/491
f 493/493/493 484/484/484 492/492/492
f 483/483/483 484/484/484 493/493/493
f 495/495/495 494/494/494 496/496/496
f 497/497/497 494/494/494 495/495/495
f 497/497/497 498/498/498 494/494/494
f 499/499/499 498/498/498 497/497/497
f 499/499/499 500/500/500 498/498/498
f 501/501/501 500/500/500 499/499/499
f 502/502/502 500/500/500 501/501/501
f 503/503/503 500/500/500 502/502/502
f 504/504/504 503/503/503 502/502/502
f 505/505/505 503/503/503 504/504/504
f 506/506/506 505/505/505 504/504/504
f 507/507/507 505/505/505 506/506/506
f 508/508/508 507/507/507 506/506/506
f 496/496/496 508/508/508 495/495/495
f 509/509/509 507/507/507 508/508/508
f 509/509/509 508/508/508 496/496/496
f 495/495/495 510/510/510 497/497/497
f 497/497/497 510/510/510 511/511/511
f 497/497/497 511/511/511 499/499/499
f 499/499/499 511/511/511 512/512/512
f 499/499/499 512/512/512 501/501/501
f 502/502/502 501/501/501 513/513/513
f 513/513/513 501/501/501 514/514/514
f 501/501/501 512/512/512 514/514/514
f 511/511/511 514/514/514 512/512/512
f 513/513/513 514/514/514 511/511/511
f 515/515/515 502/502/502 513/513/513
f 504/504/504 502/502/502 515/515/515
f 515/515/515 513/513/513 511/511/511
f 515/515/515 511/511/511 510/510/510
f 516/516/516 504/504/504 515/515/515
f 506/506/506 504/504/504 516/516/516
f 517/517/517 506/506/506 516/516/516
f 508/508/508 506/506/506 517/517/517
f 517/517/517 515/515/515 510/510/510
f 516/516/516 515/515/515 517/517/517
f 495/495/495 517/517/517 510/510/510
f 508/508/508 517/517/517 495/495/495
f 519/519/519 518/518/518 520/520/520
f 521/521/521 518/518/518 519/519/519
f 518/518/518 522/522/522 520/520/520
f 523/523/523 522/522/522 518/518/518
f 522/522/522 523/523/523 524/524/524
f 524/524/524 523/523/523 525/525/525
f 526/526/526 524/524/524 525/525/525
f 527/527/527 524/524/524 526/526/526
f 528/528/528 527/527/527 526/526/526
f 529/529/529 527/527/527 528/528/528
f 530/530/530 521/521/521 519/519/519
f 531/531/531 521/521/521 530/530/530
f 528/528/528 532/532/532 529/529/529
f 529/529/529 532/532/532 533/533/533
f 532/532/532 534/534/534 533/533/533
f 533/533/533 534/534/534 535/535/535
f 532/532/532 536/536/536 534/534/534
f 536/536/536 537/537/537 534/534/534
f 538/538/538 537/537/537 536/536/536
f 538/538/538 539/539/539 537/537/537
f 537/537/537 539/539/539 540/540/540
f 541/541/541 536/536/536 532/532/532
f 542/542/542 532/532/532 528/528/528
f 541/541/541 532/532/532 542/542/542
f 542/542/542 528/528/528 543/543/543
f 543/543/543 528/528/528 526/526/526
f 525/525/525 543/543/543 526/526/526
f 544/544/544 543/543/543 525/525/525
f 523/523/523 544/544/544 525/525/525
f 545/545/545 544/544/544 523/523/523
f 545/545/545 523/523/523 546/546/546
f 546/546/546 523/523/523 518/518/518
f 521/521/521 546/546/546 518/518/518
f 547/547/547 546/546/546 521/521/521
f 547/547/547 521/521/521 548/548/548
f 548/548/548 521/521/521 549/549/549
f 548/548/548 549/549/549 550/550/550
f 550/550/550 549/549/549 551/551/551
f 540/540/540 550/550/550 551/551/551
f 539/539/539 550/550/550 540/540/540
f 550/550/550 552/552/552 539/539/539
f 550/550/550 548/548/548 552/552/552
f 539/539/539 552/552/552 553/553/553
f 552/552/552 548/548/548 554/554/554
f 554/554/554 553/553/553 552/552/552
f 548/548/548 555/555/555 554/554/554
f 547/547/547 555/555/555 548/548/548
f 547/547/547 556/556/556 555/555/555
f 546/546/546 556/556/556 547/547/547
f 546/546/546 545/545/545 556/556/556
f 556/556/556 545/545/545 557/557/557
f 539/539/539 553/553/553 538/538/538
f 538/538/538 553/553/553 558/558/558
f 555/555/555 558/558/558 554/554/554
f 554/554/554 558/558/558 553/553/553
f 559/559/559 538/538/538 558/558/558
f 556/556/556 559/559/559 555/555/555
f 555/555/555 559/559/559 558/558/558
f 536/536/536 538/538/538 559/559/559
f 536/536/536 559/559/559 541/541/541
f 541/541/541 559/559/559 560/560/560
f 557/557/557 560/560/560 556/556/556
f 556/556/556 560/560/560 559/559/559
f 541/541/541 560/560/560 542/542/542
f 542/542/542 560/560/560 561/561/561
f 557/557/557 561/561/561 560/560/560
f 562/562/562 542/542/542 561/561/561
f 543/543/543 542/542/542 562/562/562
f 543/543/543 562/562/562 544/544/544
f 544/544/544 562/562/562 563/563/563
f 563/563/563 562/562/562 561/561/561
f 563/563/563 561/561/561 557/557/557
f 545/545/545 563/563/563 557/557/557
f 544/544/544 563/563/563 545/545/545
f 565/565/565 564/564/564 566/566/566
f 567/567/567 564/564/564 565/565/565
f 568/568/568 567/567/567 565/565/565
f 569/569/569 567/567/567 568/568/568
f 570/570/570 569/569/569 568/568/568
f 571/571/571 569/569/569 570/570/570
f 572/572/572 571/571/571 570/570/570
f 573/573/573 571/571/571 572/572/572
f 574/574/574 573/573/573 572/572/572
f 575/575/575 573/573/573 574/574/574
f 576/576/576 575/575/575 574/574/574
f 577/577/577 575/575/575 576/576/576
f 578/578/578 577/577/577 576/576/576
f 579/579/579 577/577/577 578/578/578
f 580/580/580 579/579/579 578/578/578
f 581/581/581 579/579/579 580/580/580
f 582/582/582 581/581/581 580/580/580
f 583/583/583 581/581/581 582/582/582
f 584/584/584 583/583/583 582/582/582
f 585/585/585 583/583/583 584/584/584
f 586/586/586 585/585/585 584/584/584
f 587/587/587 585/585/585 586/586/586
f 566/566/566 587/587/587 586/586/586
f 564/564/564 587/587/587 566/566/566
f 579/579/579 588/588/588 577/577/577
f 589/589/589 588/588/588 579/579/579
f 581/581/581 589/589/589 579/579/579
f 587/587/587 590/590/590 585/585/585
f 591/591/591 590/590/590 587/587/587
f 564/564/564 591/591/591 587/587/587
f 583/583/583 592/592/592 581/581/581
f 592/592/592 589/589/589 581/581/581
f 593/593/593 592/592/592 583/583/583
f 585/585/585 593/593/593 583/583/583
f 590/590/590 593/593/593 585/585/585
f 594/594/594 591/591/591 564/564/564
f 567/567/567 594/594/594 564/564/564
f 595/595/595 594/594/594 567/567/567
f 569/569/569 595/595/595 567/567/567
f 596/596/596 595/595/595 569/569/569
f 571/571/571 596/596/596 569/569/569
f 597/597/597 596/596/596 571/571/571
f 573/573/573 597/597/597 571/571/571
f 598/598/598 597/597/597 573/573/573
f 575/575/575 598/598/598 573/573/573
f 599/599/599 598/598/598 575/575/575
f 577/577/577 599/599/599 575/575/575
f 588/588/588 599/599/599 577/577/577
f 601/601/601 600/600/600 602/602/602
f 603/603/603 600/600/600 601/601/601
f 601/601/601 602/602/602 604/604/604
f 604/604/604 602/602/602 605/605/605
f 605/605/605 606/606/606 604/604/604
f 607/607/607 606/606/606 605/605/605
f 606/606/606 607/607/607 608/608/608
f 608/608/608 607/607/607 609/609/609
f 608/608/608 609/609/609 610/610/610
f 610/610/610 609/609/609 611/611/611
f 611/611/611 612/612/612 610/610/610
f 613/613/613 612/612/612 611/611/611
f 612/612/612 613/613/613 614/614/614
f 614/614/614 613/613/613 615/615/615
f 614/614/614 615/615/615 616/616/616
f 616/616/616 615/615/615 617/617/617
f 617/617/617 618/618/618 616/616/616
f 619/619/619 618/618/618 617/617/617
f 618/618/618 619/619/619 620/620/620
f 620/620/620 619/619/619 621/621/621
f 621/621/621 622/622/622 620/620/620
f 623/623/623 622/622/622 621/621/621
f 622/622/622 623/623/623 603/603/603
f 603/603/603 623/623/623 600/600/600
f 625/625/625 624/624/624 626/626/626
f 627/627/627 624/624/624 625/625/625
f 627/627/627 628/628/628 624/624/624
f 624/624/624 628/628/628 629/629/629
f 628/628/628 630/630/630 629/629/629
f 631/631/631 630/630/630 628/628/628
f 631/631/631 632/632/632 630/630/630
f 633/633/633 632/632/632 631/631/631
f 634/634/634 632/632/632 633/633/633
f 635/635/635 632/632/632 634/634/634
f 635/635/635 634/634/634 636/636/636
f 632/632/632 635/635/635 636/636/636
f 636/636/636 634/634/634 637/637/637
f 637/637/637 638/638/638 636/636/636
f 630/630/630 632/632/632 638/638/638
f 638/638/638 632/632/632 636/636/636
f 639/639/639 638/638/638 637/637/637
f 639/639/639 640/640/640 638/638/638
f 638/638/638 640/640/640 641/641/641
f 629/629/629 630/630/630 641/641/641
f 641/641/641 630/630/630 638/638/638
f 640/640/640 642/642/642 641/641/641
f 642/642/642 629/629/629 641/641/641
f 643/643/643 642/642/642 640/640/640
f 643/643/643 644/644/644 642/642/642
f 645/645/645 644/644/644 643/643/643
f 645/645/645 625/625/625 644/644/644
f 644/644/644 625/625/625 626/626/626
f 626/626/626 624/624/624 644/644/644
f 644/644/644 624/624/624 642/642/642
f 624/624/624 629/629/629 642/642/642
f 647/647/647 646/646/646 648/648/648
f 649/649/649 646/646/646 647/647/647
f 650/650/650 646/646/646 649/649/649
f 651/651/651 646/646/646 650/650/650
f 652/652/652 646/646/646 651/651/651
f 653/653/653 646/646/646 652/652/652
f 654/654/654 646/646/646 653/653/653
f 655/655/655 646/646/646 654/654/654
f 656/656/656 646/646/646 655/655/655
f 657/657/657 646/646/646 656/656/656
f 648/648/648 646/646/646 657/657/657
f 658/658/658 531/531/531 530/530/530
f 659/659/659 531/531/531 658/658/658
f 658/658/658 660/660/660 659/659/659
f 660/660/660 534/534/534 659/659/659
f 535/535/535 534/534/534 660/660/660
f 659/659/659 534/534/534 537/537/537
f 659/659/659 537/537/537 540/540/540
f 659/659/659 540/540/540 551/551/551
f 659/659/659 551/551/551 531/531/531
f 531/531/531 551/551/551 549/549/549
f 531/531/531 549/549/549 521/521/521
f 662/662/662 661/661/661 663/663/663
f 664/664/664 661/661/661 662/662/662
f 662/662/662 665/665/665 664/664/664
f 664/664/664 665/665/665 666/666/666
f 665/665/665 667/667/667 666/666/666
f 666/666/666 667/667/667 668/668/668
f 667/667/667 669/669/669 668/668/668
f 668/668/668 669/669/669 670/670/670
f 669/669/669 671/671/671 670/670/670
f 670/670/670 671/671/671 672/672/672
f 674/674/674 673/673/673 675/675/675
f 676/676/676 673/673/673 674/674/674
f 674/674/674 675/675/675 677/677/677
f 678/678/678 673/673/673 676/676/676
f 677/677/677 675/675/675 679/679/679
f 679/679/679 675/675/675 680/680/680
f 679/679/679 680/680/680 681/681/681
f 681/681/681 680/680/680 682/682/682
f 681/681/681 682/682/682 683/683/683
f 683/683/683 682/682/682 684/684/684
f 685/685/685 673/673/673 678/678/678
f 686/686/686 673/673/673 685/685/685
f 687/687/687 686/686/686 685/685/685
f 688/688/688 686/686/686 687/687/687
f 689/689/689 688/688/688 687/687/687
f 690/690/690 688/688/688 689/689/689
f 692/692/692 691/691/691 693/693/693
f 692/692/692 693/693/693 694/694/694
f 694/694/694 693/693/693 695/695/695
f 694/694/694 695/695/695 696/696/696
f 696/696/696 695/695/695 697/697/697
f 696/696/696 697/697/697 698/698/698
f 698/698/698 697/697/697 699/699/699
f 698/698/698 699/699/699 700/700/700
f 700/700/700 699/699/699 701/701/701
f 700/700/700 701/701/701 702/702/702
f 702/702/702 701/701/701 703/703/703
f 702/702/702 703/703/703 704/704/704
f 704/704/704 703/703/703 705/705/705
f 704/704/704 705/705/705 706/706/706
f 706/706/706 705/705/705 707/707/707
f 706/706/706 707/707/707 708/708/708
f 708/708/708 707/707/707 709/709/709
f 708/708/708 709/709/709 710/710/710
f 711/711/711 710/710/710 709/709/709
f 712/712/712 711/711/711 709/709/709
f 713/713/713 711/711/711 712/712/712
f 712/712/712 714/714/714 713/713/713
f 712/712/712 715/715/715 714/714/714
f 716/716/716 715/715/715 712/712/712
f 716/716/716 717/717/717 715/715/715
f 718/718/718 717/717/717 716/716/716
f 718/718/718 719/719/719 717/717/717
f 720/720/720 719/719/719 718/718/718
f 720/720/720 721/721/721 719/719/719
f 722/722/722 721/721/721 720/720/720
f 722/722/722 723/723/723 721/721/721
f 724/724/724 723/723/723 722/722/722
f 724/724/724 725/725/725 723/723/723
f 726/726/726 725/725/725 724/724/724
f 726/726/726 727/727/727 725/725/725
f 728/728/728 727/727/727 726/726/726
f 728/728/728 729/729/729 727/727/727
f 730/730/730 729/729/729 728/728/728
f 730/730/730 731/731/731 729/729/729
f 731/731/731 730/730/730 732/732/732
f 693/693/693 732/732/732 730/730/730
f 691/691/691 732/732/732 693/693/693
f 731/731/731 732/732/732 733/733/733
f 733/733/733 732/732/732 734/734/734
f 735/735/735 732/732/732 691/691/691
f 736/736/736 732/732/732 735/735/735
f 736/736/736 734/734/734 732/732/732
f 733/733/733 737/737/737 731/731/731
f 737/737/737 738/738/738 731/731/731
f 731/731/731 738/738/738 713/713/713
f 738/738/738 739/739/739 713/713/713
f 739/739/739 740/740/740 713/713/713
f 713/713/713 740/740/740 711/711/711
f 740/740/740 741/741/741 711/711/711
f 711/711/711 741/741/741 710/710/710
f 710/710/710 742/742/742 691/691/691
f 710/710/710 741/741/741 742/742/742
f 691/691/691 742/742/742 743/743/743
f 691/691/691 743/743/743 735/735/735
f 745/745/745 744/744/744 746/746/746
f 747/747/747 744/744/744 745/745/745
f 744/744/744 747/747/747 748/748/748
f 748/748/748 747/747/747 749/749/749
f 748/748/748 749/749/749 750/750/750
f 750/750/750 749/749/749 751/751/751
f 752/752/752 750/750/750 751/751/751
f 753/753/753 750/750/750 752/752/752
f 754/754/754 753/753/753 752/752/752
f 755/755/755 753/753/753 754/754/754
f 756/756/756 755/755/755 754/754/754
f 757/757/757 755/755/755 756/756/756
f 758/758/758 757/757/757 756/756/756
f 746/746/746 758/758/758 745/745/745
f 759/759/759 757/757/757 758/758/758
f 759/759/759 758/758/758 746/746/746
f 761/761/761 760/760/760 762/762/762
f 763/763/763 761/761/761 762/762/762
f 764/764/764 763/763/763 762/762/762
f 765/765/765 764/764/764 762/762/762
f 766/766/766 765/765/765 762/762/762
f 760/760/760 767/767/767 762/762/762
f 767/767/767 768/768/768 762/762/762
f 768/768/768 766/766/766 762/762/762
v 1.138721 -0.6731417 0.4773253
v 1.11559 -0.6651612 0.4699988
v 1.116862 -0.7232419 0.4404353
v 1.152988 -0.6952116 0.4802299
v 1.157351 -0.7217284 0.4893462
v 1.148911 -0.7426603 0.4921421
v 1.128451 -0.7599546 0.4913381
v 1.102304 -0.7640778 0.4853283
v 1.080317 -0.7557782 0.4784003
v 1.061747 -0.7370788 0.4743129
v 1.059513 -0.7089122 0.4666052
v 1.068706 -0.6881807 0.4634585
v 1.089262 -0.6710638 0.4640764
v 0.9696282 -0.9137758 0.5910853
v 0.9913701 -0.8918831 0.4278967
v 1.004694 -0.821222 0.4308084
v 0.9909838 -0.7576489 0.4779141
v 0.9905178 -0.8745431 0.6407237
v 0.9909838 -0.7057354 0.5341872
v 0.9908223 -0.8711993 0.6490965
v 0.9909838 -0.6748993 0.6042644
v 0.9910011 -0.8684666 0.6627115
v 0.991306 -0.6681206 0.6764477
v 0.9913149 -0.8697232 0.687888
v 0.990482 -0.6749637 0.7582695
v 0.990492 -0.8705076 0.7090231
v 0.9906293 -0.7754898 0.921533
v 0.9904971 -0.9215279 0.7782249
v 0.9909149 -0.8442223 0.9665152
v 0.9913703 -0.9490194 0.7873017
v 1.014761 -0.9057336 0.9976057
v 1.108584 -0.681906 0.4493822
v 1.11559 -0.6651612 0.4699988
v 1.12864 -0.6818665 0.4556498
v 1.089262 -0.6710638 0.4640764
v 1.085752 -0.8092965 0.4715306
v 1.045592 -0.7858891 0.4578072
v 1.051344 -0.7909112 0.4711381
v 1.023828 -0.7528517 0.4572443
v 1.02288 -0.744655 0.4442818
v 1.019616 -0.7052819 0.4463813
v 1.024316 -0.6966741 0.4345474
v 1.039837 -0.6609457 0.4414609
v 1.049509 -0.654806 0.4312138
v 1.079678 -0.6316876 0.4437518
v 1.09293 -0.6302648 0.4352004
v 1.127954 -0.6256006 0.453034
v 1.140135 -0.6297362 0.4455414
v 1.170259 -0.643793 0.4659861
v 1.180376 -0.6530647 0.4590568
v 1.197776 -0.6818587 0.4798804
v 1.203087 -0.6942962 0.4725834
v 1.201988 -0.729432 0.4907464
v 1.201657 -0.742276 0.4823185
v 1.181766 -0.7737689 0.4956675
v 1.176462 -0.7841487 0.4856494
v 1.142008 -0.8031809 0.4932045
v 1.133126 -0.8089713 0.4815195
v 1.093568 -0.8093164 0.4843278
v 1.03879 -0.7888651 0.4680067
v 1.082623 -0.813826 0.4826805
v 0.9871994 -0.7382107 0.7473895
v 0.9578552 -0.6972644 0.7324952
v 1.014251 -0.7447427 0.4534822
v 0.9535415 -0.6462105 0.7208808
v 1.015584 -0.6932853 0.4429998
v 0.9754157 -0.5987371 0.7156586
v 1.042429 -0.6482773 0.4393652
v 1.017618 -0.567557 0.7182294
v 1.087592 -0.6217744 0.4435575
v 1.068838 -0.5610299 0.7279035
v 1.138978 -0.6208862 0.4544454
v 1.115355 -0.580902 0.7420863
v 1.182813 -0.6458424 0.4691203
v 1.144701 -0.6218508 0.7569808
v 1.207354 -0.6899659 0.4836427
v 1.149013 -0.6729014 0.7685947
v 1.206021 -0.7414275 0.4941251
v 1.127137 -0.7203779 0.7738163
v 1.179177 -0.7864377 0.4977606
v 1.084934 -0.7515561 0.7712463
v 1.13401 -0.812937 0.4935688
v 1.033713 -0.7580853 0.7615713
v 0.9952203 -0.7293581 0.7472635
v 1.036408 -0.7465889 0.7597476
v 1.019469 -0.7383872 0.7863828
v 1.069875 -0.751606 0.7857879
v 1.081583 -0.7404981 0.7682091
v 1.126697 -0.7377393 0.7724432
v 1.118635 -0.7127193 0.7703812
v 1.128795 -0.6752788 0.7967376
v 1.137637 -0.6706974 0.7656822
v 1.130301 -0.6298631 0.7875584
v 1.133502 -0.6256878 0.755371
v 1.108937 -0.5907555 0.7747693
v 1.107331 -0.5897537 0.742211
v 1.070429 -0.568439 0.7617975
v 1.066141 -0.5725248 0.7297275
v 1.025649 -0.5606817 0.7362982
v 1.020972 -0.5786142 0.7212662
v 0.9777991 -0.5832586 0.7080209
v 0.9839188 -0.6063934 0.7190945
v 0.9611041 -0.6315488 0.7514428
v 0.964916 -0.6484196 0.7237942
v 0.9595971 -0.6769632 0.7606229
v 0.9690539 -0.693426 0.7341049
v 0.9809608 -0.7160709 0.7734125
v 1.089212 -0.6905663 0.4472592
v 1.089262 -0.6710638 0.4640764
v 1.068706 -0.6881807 0.4634585
v 1.089212 -0.6905663 0.4472592
v 1.077438 -0.7054596 0.4482429
v 1.074026 -0.7242497 0.4516444
v 1.082747 -0.7450083 0.4578036
v 1.098443 -0.7539354 0.4608192
v 1.11747 -0.7573316 0.4673395
v 1.102304 -0.7640778 0.4853283
v 1.128451 -0.7599546 0.4913381
v 1.136752 -0.7483854 0.4696042
v 1.148149 -0.7333052 0.4689999
v 1.150203 -0.7152262 0.4642238
v 1.142523 -0.6945384 0.4591959
v 1.098443 -0.7539354 0.4608192
v 1.080317 -0.7557782 0.4784003
v 1.136752 -0.7483854 0.4696042
v 1.128451 -0.7599546 0.4913381
v 1.148911 -0.7426603 0.4921421
v 1.148149 -0.7333052 0.4689999
v 1.148911 -0.7426603 0.4921421
v 1.157351 -0.7217284 0.4893462
v 1.142523 -0.6945384 0.4591959
v 1.152988 -0.6952116 0.4802299
v 1.138721 -0.6731417 0.4773253
v 1.077438 -0.7054596 0.4482429
v 1.068706 -0.6881807 0.4634585
v 1.059513 -0.7089122 0.4666052
v 1.074026 -0.7242497 0.4516444
v 1.059513 -0.7089122 0.4666052
v 1.061747 -0.7370788 0.4743129
v 1.082747 -0.7450083 0.4578036
v 1.061747 -0.7370788 0.4743129
v 1.080317 -0.7557782 0.4784003
v 1.150203 -0.7152262 0.4642238
v 1.157351 -0.7217284 0.4893462
v 1.152988 -0.6952116 0.4802299
v 1.12864 -0.6818665 0.4556498
v 1.138721 -0.6731417 0.4773253
v 1.111202 -0.8811325 0.5467902
v 1.022853 -0.8652081 0.7475586
v 1.094011 -0.8118843 0.7776309
v 0.9937254 -0.8893757 0.5680813
v 0.9839606 -0.8137501 0.5052625
v 1.089235 -0.7272338 0.4884444
v 0.9527923 -0.763848 0.521407
v 0.943138 -0.7368452 0.7373881
v 1.110937 -0.6746694 0.7311692
v 0.9583953 -0.7677693 0.7372132
v 1.23097 -0.7798161 0.5540724
v 1.010713 -0.7380665 0.4772614
v 1.2385 -0.7078081 0.5458974
v 1.168449 -0.6485301 0.5224612
v 1.019873 -0.6439164 0.5237483
v 1.117404 -0.5989022 0.7299104
v 0.9960136 -0.6149727 0.6991192
v 0.9477457 -0.6761335 0.7285811
v 1.194396 -0.638923 0.7543452
v 1.203864 -0.7155789 0.7798041
v 1.21118 -0.7368842 0.7820345
v 1.086065 -0.6963389 0.7851117
v 1.079391 -0.8332202 0.784935
v 1.196556 -0.8386626 0.7677062
v 1.166464 -0.8798825 0.5683823
v 1.083252 -0.8689738 0.5686978
v 1.078822 -0.7545944 0.5216843
v 1.238777 -0.7693448 0.552749
v 1.014761 -0.9057336 0.9976057
v 1.194105 -0.851344 0.969247
v 1.19365 -0.9088644 0.9810399
v 0.9909149 -0.8442223 0.9665152
v 1.194391 -0.7824506 0.9283458
v 0.9906293 -0.7754898 0.921533
v 1.194538 -0.6782852 0.7684088
v 0.990482 -0.6749637 0.7582695
v 1.193714 -0.6681164 0.6793078
v 0.991306 -0.6681206 0.6764477
v 1.194036 -0.6732699 0.611096
v 0.9909838 -0.6748993 0.6042644
v 1.194036 -0.7019767 0.5401201
v 0.9909838 -0.7057354 0.5341872
v 1.194036 -0.7521675 0.4823057
v 0.9909838 -0.7576489 0.4779141
v 1.180325 -0.8137158 0.4335539
v 1.004694 -0.821222 0.4308084
v 1.170259 -0.8886796 0.4113448
v 0.9913701 -0.8918831 0.4278967
v 1.194523 -0.913558 0.7712694
v 0.9913703 -0.9490194 0.7873017
v 1.210508 -0.9384463 0.8081658
v 0.9904971 -0.9215279 0.7782249
v 1.194528 -0.8668147 0.6990774
v 0.990492 -0.8705076 0.7090231
v 1.193705 -0.8696071 0.685237
v 0.9913149 -0.8697232 0.687888
v 1.194019 -0.8696978 0.655958
v 0.9910011 -0.8684666 0.6627115
v 1.194197 -0.875493 0.6419129
v 0.9908223 -0.8711993 0.6490965
v 1.194502 -0.8832282 0.6349118
v 0.9905178 -0.8745431 0.6407237
v 1.204894 -0.9210169 0.6112894
v 0.9696282 -0.9137758 0.5910853
v 1.180325 -0.8137158 0.4335539
v 1.170259 -0.8886796 0.4113448
v 1.204894 -0.9210169 0.6112894
v 1.194036 -0.7521675 0.4823057
v 1.194502 -0.8832282 0.6349118
v 1.194036 -0.7019767 0.5401201
v 1.194197 -0.875493 0.6419129
v 1.194036 -0.6732699 0.611096
v 1.194019 -0.8696978 0.655958
v 1.193714 -0.6681164 0.6793078
v 1.193705 -0.8696071 0.685237
v 1.194538 -0.6782852 0.7684088
v 1.194528 -0.8668147 0.6990774
v 1.194391 -0.7824506 0.9283458
v 1.194523 -0.913558 0.7712694
v 1.194105 -0.851344 0.969247
v 1.210508 -0.9384463 0.8081658
v 1.19365 -0.9088644 0.9810399
v 1.203738 -1.052784 0.6275089
v 1.20401 -0.9939845 0.6149877
v 1.168688 -1.014377 0.6439437
v 1.215203 -1.064955 0.6245992
v 1.20401 -1.12273 0.6042737
v 1.188941 -1.114031 0.6383476
v 1.156884 -1.169857 0.6149876
v 1.136491 -1.134535 0.6439436
v 1.156884 -0.9468581 0.6042736
v 1.148185 -0.9619265 0.6383474
v 1.09251 -0.9296089 0.6149876
v 1.09251 -0.9703947 0.6439437
v 1.098084 -1.169587 0.6275092
v 1.085912 -1.181051 0.6245996
v 1.028135 -1.169857 0.6042737
v 1.036835 -1.154788 0.6383475
v 0.9810104 -1.122732 0.6149876
v 1.016332 -1.102339 0.6439437
v 0.9812807 -1.063932 0.6275092
v 0.9698163 -1.051759 0.6245996
v 0.9810104 -0.9939831 0.6042736
v 0.9960787 -1.002683 0.6383475
v 1.025449 -0.9554009 0.6245996
v 1.041722 -0.9592434 0.6275092
v 1.09251 -1.058357 0.6636145
v 1.031114 -1.164696 0.6439437
v 0.9508491 -1.140144 0.6042736
v 1.005684 -1.208741 0.5276467
v 1.086936 -1.204414 0.6275092
v 1.100517 -1.23165 0.5276466
v 0.9421253 -1.145181 0.5276465
v 0.9192176 -1.066364 0.5276466
v 0.9464538 -1.052783 0.6275093
v 0.9421252 -0.971534 0.5276467
v 0.9861707 -0.9969633 0.6439437
v 1.014654 -0.9346568 0.6275092
v 1.012797 -0.9042792 0.5276467
v 1.174297 -1.200018 0.6042735
v 1.179334 -1.208742 0.5276466
v 1.242894 -1.145182 0.5276465
v 1.198849 -1.119752 0.6439436
v 1.238566 -1.063932 0.6275092
v 1.265802 -1.050351 0.5276464
v 1.23417 -0.97657 0.6042735
v 1.242894 -0.9715333 0.5276466
v 1.179334 -0.9079734 0.5276466
v 1.153904 -0.9520186 0.6439436
v 1.09251 -0.8947819 0.6042737
v 1.09251 -0.8847086 0.5276467
v 1.243696 -0.9854919 0.4251678
v 1.277532 -1.067165 0.5871703
v 1.254614 -0.9841638 0.6089664
v 1.246331 -1.058357 0.4132692
v 1.173929 -0.8599681 0.4209104
v 1.158793 -0.837612 0.6234117
v 1.034894 -0.8565143 0.4134659
v 0.9925746 -0.8433092 0.5994412
v 0.942749 -0.9816783 0.4251679
v 0.9672681 -1.009078 0.6413682
v 0.9163275 -1.058357 0.4337416
v 0.9074881 -1.067165 0.5871704
v 1.240358 -1.137281 0.424329
v 1.241005 -1.161589 0.5824899
v 1.181089 -1.200631 0.4243289
v 1.169207 -1.213997 0.584713
v 0.9554009 -1.147171 0.6035631
v 0.9502355 -1.146936 0.4243289
v 0.9934443 -1.22147 0.5540835
v 1.013585 -1.206206 0.4243289
v 1.086482 -1.240861 0.569364
v 1.098084 -1.22586 0.424329
v 0.9602872 -0.9884568 0.424329
v 1.098083 -1.207816 0.4243291
v 1.022608 -1.19058 0.4243289
v 1.086936 -1.207816 0.4069591
v 1.162412 -1.19058 0.4069589
v 1.172067 -1.185005 0.4243289
v 1.219158 -1.137913 0.406959
v 1.224732 -1.128258 0.424329
v 1.241968 -1.063931 0.4069591
v 1.241968 -1.052784 0.4243291
v 1.012953 -1.185006 0.4069589
v 0.9658614 -1.137914 0.4243289
v 0.9602873 -1.128259 0.4069589
v 0.9430514 -1.063931 0.4243292
v 0.9430515 -1.052784 0.4069592
v 0.965861 -0.9788024 0.4069591
v 1.006334 -0.9222932 0.4379526
v 1.022608 -0.9261354 0.4069589
v 1.086936 -0.9088992 0.4243291
v 1.098083 -0.9088992 0.4069591
v 1.162411 -0.9261352 0.4243289
v 1.172066 -0.9317092 0.4069589
v 1.219158 -0.978801 0.4243288
v 1.224732 -0.9884558 0.4069588
v 1.161354 -1.01861 0.3815677
v 1.172004 -1.058357 0.3815676
v 1.09251 -0.9788635 0.3815677
v 1.132257 -0.9895135 0.3815677
v 1.023666 -1.01861 0.3815677
v 1.052763 -0.9895135 0.3815677
v 1.161354 -1.098104 0.3815677
v 1.132257 -1.127201 0.3815677
v 1.09251 -1.137851 0.3815677
v 1.052763 -1.127201 0.3815677
v 1.023666 -1.098104 0.3815677
v 1.013016 -1.058357 0.3815677

vn -0.5517551 0.5505479 0.6264695
vn -0.6987943 0.6695319 0.251821
vn 0.2004362 0.9577146 0.2064189
vn -0.1957676 0.4799748 0.8551608
vn 0.2323305 0.3499159 0.9075142
vn 0.5853302 0.3073168 0.7502969
vn 0.8525777 0.3250507 0.4092108
vn 0.9080471 0.4186031 -0.01490355
vn 0.7574618 0.5331481 -0.3768357
vn 0.4389246 0.6168647 -0.6533175
vn -0.007505603 0.7312832 -0.6820331
vn -0.3582669 0.7777675 -0.5164523
vn -0.6235547 0.7621033 -0.1742947
vn 0.1066913 -0.2976866 -0.9486835
vn -0.1343169 0.6942325 -0.7071074
vn -0.2426954 0.7928137 -0.5590584
vn -0.4082966 0.572017 -0.7114009
vn 0.338272 -0.6099911 -0.7165777
vn -0.5718696 0.4085037 -0.7114003
vn 0.5764958 -0.3987559 -0.7131947
vn -0.6735036 0.2007565 -0.7114
vn 0.6837221 -0.1634213 -0.7112088
vn -0.7061896 0.01691967 -0.7078208
vn 0.7063068 0.01617185 -0.7077214
vn -0.6785114 -0.1599005 -0.716976
vn 0.6717886 0.1865592 -0.7168654
vn -0.5259764 -0.4600403 -0.7153406
vn 0.5011256 0.4848281 -0.7168093
vn -0.2905142 -0.6390769 -0.7121677
vn 0.3196311 0.6307423 -0.7071073
vn -0.1661001 -0.8788696 -0.4472134
vn -0.5177854 0.8551379 0.02525872
vn -0.6987943 0.6695319 0.251821
vn -0.5278794 0.7587208 0.3816892
vn -0.6235547 0.7621033 -0.1742947
vn 0.7992989 0.596356 -0.07403422
vn 0.6179841 0.6981386 -0.3615227
vn 0.6973391 0.6625722 -0.2733437
vn 0.4239232 0.7652717 -0.4844058
vn 0.3092818 0.7967321 -0.519195
vn 0.07546922 0.8471478 -0.5259713
vn -0.04372868 0.8660699 -0.4980076
vn -0.2546673 0.8862641 -0.3868865
vn -0.3464413 0.8875539 -0.3036895
vn -0.478423 0.8726766 -0.09771168
vn -0.5177878 0.8551362 0.02526427
vn -0.5330236 0.8056739 0.2584103
vn -0.5106277 0.7763574 0.3694983
vn -0.4096519 0.7124501 0.5697375
vn -0.3301887 0.6768879 0.6578744
vn -0.1361549 0.6097592 0.7808049
vn -0.02151575 0.5782797 0.8155553
vn 0.2123264 0.5278459 0.8223727
vn 0.3314813 0.5089354 0.7944216
vn 0.5424696 0.4887237 0.6832834
vn 0.6342449 0.4874802 0.6000809
vn 0.7679365 0.5042121 0.3950241
vn 0.8087187 0.5214898 0.2720712
vn 0.8230753 0.5667211 0.03707322
vn 0.6179721 0.6981555 -0.3615103
vn 0.7996373 0.5967014 -0.0672895
vn 0.4095786 -0.7125098 -0.5697157
vn 0.1361639 -0.6097979 -0.7807732
vn 0.3092678 0.7967611 -0.5191587
vn -0.2123247 -0.527903 -0.8223365
vn -0.04371577 0.8660765 -0.497997
vn -0.5424403 -0.4887781 -0.6832678
vn -0.3464265 0.8875608 -0.3036858
vn -0.7657856 -0.5029218 -0.4008023
vn -0.5178149 0.8554133 0.01166648
vn -0.8224872 -0.566523 -0.05066193
vn -0.5118507 0.7783139 0.3636439
vn -0.6973635 -0.6625307 0.2733817
vn -0.3302374 0.6768474 0.6578917
vn -0.4239211 -0.7652479 0.4844452
vn -0.02153059 0.5782661 0.8155645
vn -0.07545818 -0.8471364 0.5259912
vn 0.3314984 0.5089504 0.7944049
vn 0.2546807 -0.8862538 0.3869014
vn 0.6342342 0.4874557 0.6001119
vn 0.4780163 -0.8721207 0.1044346
vn 0.8055824 0.5195974 0.2847029
vn 0.534729 -0.8085095 -0.2457192
vn 0.4095826 -0.7124888 -0.5697389
vn 0.5347143 -0.8085141 -0.2457359
vn 0.5118505 -0.7783152 -0.3636414
vn 0.6696937 -0.7412938 0.04465829
vn 0.4780155 -0.8721193 0.1044492
vn 0.6009305 -0.5830202 0.5467819
vn 0.254673 -0.8862528 0.3869087
vn 0.04372432 -0.8660563 0.4980315
vn -0.07544733 -0.8471411 0.5259851
vn -0.3092739 -0.7967451 0.5191798
vn -0.4239207 -0.7652506 0.4844413
vn -0.6179798 -0.6981534 0.3615015
vn -0.6973662 -0.6625395 0.2733533
vn -0.7996307 -0.5967122 0.06727273
vn -0.822488 -0.5665216 -0.05066539
vn -0.8967891 -0.3437969 -0.2785199
vn -0.7657946 -0.5029181 -0.4007899
vn -0.7312459 -0.03960303 -0.6809636
vn -0.5424479 -0.4887878 -0.6832548
vn -0.3314877 -0.5089694 -0.7943971
vn -0.2122894 -0.5279072 -0.8223429
vn 0.02149467 -0.5782831 -0.8155534
vn 0.1361596 -0.6097935 -0.7807773
vn 0.3302021 -0.6768779 -0.6578782
vn -0.3464601 0.8875281 -0.3037429
vn -0.6235547 0.7621033 -0.1742947
vn -0.3582669 0.7777675 -0.5164523
vn -0.3464601 0.8875281 -0.3037429
vn -0.06056801 0.865064 -0.4979923
vn 0.2816776 0.7985032 -0.5320255
vn 0.6230971 0.6917672 -0.3649777
vn 0.7806534 0.6206936 -0.07293813
vn 0.8087333 0.5214686 0.2720682
vn 0.9080471 0.4186031 -0.01490355
vn 0.8525777 0.3250507 0.4092108
vn 0.6342422 0.4875054 0.600063
vn 0.3462612 0.5057524 0.7901382
vn 0.01191717 0.5875873 0.8090736
vn -0.3287148 0.681753 0.6535748
vn 0.7806534 0.6206936 -0.07293813
vn 0.7574618 0.5331481 -0.3768357
vn 0.6342422 0.4875054 0.600063
vn 0.8525777 0.3250507 0.4092108
vn 0.5853302 0.3073168 0.7502969
vn 0.3462612 0.5057524 0.7901382
vn 0.5853302 0.3073168 0.7502969
vn 0.2323305 0.3499159 0.9075142
vn -0.3287148 0.681753 0.6535748
vn -0.1957676 0.4799748 0.8551608
vn -0.5517551 0.5505479 0.6264695
vn -0.06056801 0.865064 -0.4979923
vn -0.3582669 0.7777675 -0.5164523
vn -0.007505603 0.7312832 -0.6820331
vn 0.2816776 0.7985032 -0.5320255
vn -0.007505603 0.7312832 -0.6820331
vn 0.4389246 0.6168647 -0.6533175
vn 0.6230971 0.6917672 -0.3649777
vn 0.4389246 0.6168647 -0.6533175
vn 0.7574618 0.5331481 -0.3768357
vn 0.01191717 0.5875873 0.8090736
vn 0.2323305 0.3499159 0.9075142
vn -0.1957676 0.4799748 0.8551608
vn -0.5278794 0.7587208 0.3816892
vn -0.5517551 0.5505479 0.6264695
vn 0.6700548 0.4322041 0.6035119
vn 0.7823055 -0.5516795 -0.2892199
vn 0.1931744 -0.8860378 0.4214516
vn 0.7582902 0.1958475 -0.6218038
vn 0.3294274 0.7957009 -0.5082698
vn -0.2293882 0.8900356 0.3939775
vn 0.1657485 0.5262724 -0.8340057
vn 0.06826114 -0.6085625 -0.7905649
vn -0.5208917 -0.5602404 0.644052
vn 0.4760739 -0.6263071 -0.6173278
vn 0.477994 0.4631571 0.7463297
vn 0.03198715 0.9826692 -0.1825889
vn -0.1674398 0.5194348 0.8379452
vn -0.6350172 0.6678252 0.3882823
vn -0.82327 0.4754925 -0.3100542
vn -0.9196832 -0.3918989 -0.02446026
vn -0.8781121 -0.2278184 -0.4207354
vn -0.3893915 -0.5645176 -0.7278014
vn -0.6660637 -0.5513872 0.5023264
vn 0.03101332 -0.799718 0.5995748
vn -0.1074719 -0.7431019 0.6604922
vn -0.1763868 -0.868747 -0.4627819
vn 0.47994 -0.6636394 -0.5737953
vn 0.5417894 -0.472299 0.6952686
vn 0.829054 0.4703803 0.3023444
vn 0.7041689 0.4671082 -0.5347491
vn 0.1789868 0.8142707 -0.5522025
vn 0.2808687 0.4865179 0.8272931
vn -0.1661001 -0.8788696 -0.4472134
vn -0.2113839 -0.669428 0.7121683
vn -0.1313137 -0.6948068 0.7071074
vn -0.2905142 -0.6390769 -0.7121677
vn -0.4486339 -0.5357381 0.715341
vn -0.5259764 -0.4600403 -0.7153406
vn -0.6416048 -0.2725598 0.7169762
vn -0.6785114 -0.1599005 -0.716976
vn -0.706236 -0.01485812 0.7078208
vn -0.7061896 0.01691967 -0.7078208
vn -0.6916088 0.1248511 0.7113999
vn -0.6735036 0.2007565 -0.7114
vn -0.6136341 0.3425839 0.7113999
vn -0.5718696 0.4085037 -0.7114003
vn -0.4692009 0.5232214 0.7114003
vn -0.4082966 0.572017 -0.7114009
vn -0.3260981 0.7623093 0.5590575
vn -0.2426954 0.7928137 -0.5590584
vn -0.1699003 0.8781428 0.4472133
vn -0.1343169 0.6942325 -0.7071074
vn 0.412571 0.5621129 0.7168087
vn 0.3196311 0.6307423 -0.7071073
vn 0.2021524 0.3989171 0.8944273
vn 0.5011256 0.4848281 -0.7168093
vn 0.6307575 0.2970682 0.7168652
vn 0.6717886 0.1865592 -0.7168654
vn 0.705017 0.04562699 0.7077214
vn 0.7063068 0.01617185 -0.7077214
vn 0.6974027 -0.08838403 0.7112089
vn 0.6837221 -0.1634213 -0.7112088
vn 0.6242055 -0.3189374 0.7131948
vn 0.5764958 -0.3987559 -0.7131947
vn 0.4347843 -0.5454156 0.7165787
vn 0.338272 -0.6099911 -0.7165777
vn 0.1871475 -0.5221761 0.8320509
vn 0.1066913 -0.2976866 -0.9486835
vn -0.3260981 0.7623093 0.5590575
vn -0.1699003 0.8781428 0.4472133
vn 0.1871475 -0.5221761 0.8320509
vn -0.4692009 0.5232214 0.7114003
vn 0.4347843 -0.5454156 0.7165787
vn -0.6136341 0.3425839 0.7113999
vn 0.6242055 -0.3189374 0.7131948
vn -0.6916088 0.1248511 0.7113999
vn 0.6974027 -0.08838403 0.7112089
vn -0.706236 -0.01485812 0.7078208
vn 0.705017 0.04562699 0.7077214
vn -0.6416048 -0.2725598 0.7169762
vn 0.6307575 0.2970682 0.7168652
vn -0.4486339 -0.5357381 0.715341
vn 0.412571 0.5621129 0.7168087
vn -0.2113839 -0.669428 0.7121683
vn 0.2021524 0.3989171 0.8944273
vn -0.1313137 -0.6948068 0.7071074
vn -0.06192484 -0.7178709 0.6934171
vn -0.4440231 -0.4597023 0.7691019
vn -0.2174417 -0.9004805 0.3766358
vn 0.07330048 -0.5664961 0.8207983
vn 0.4440231 -0.4597023 0.769102
vn 0.347362 -0.7192562 0.6016734
vn 0.7690938 -0.4597006 0.4440387
vn 0.3766328 -0.9004797 0.2174504
vn -0.7690938 -0.4597006 0.4440387
vn -0.6016678 -0.7192546 0.3473749
vn -0.8880737 -0.4597014 1.927371E-07
vn -0.4348979 -0.9004801 4.164218E-07
vn 0.6934125 -0.7178743 0.06193436
vn 0.8207944 -0.5665 -0.07331115
vn 0.7690938 -0.459701 -0.4440382
vn 0.6016678 -0.7192549 -0.3473742
vn 0.4440383 -0.4597012 -0.7690939
vn 0.2174499 -0.90048 -0.3766324
vn 0.06193402 -0.7178748 -0.6934124
vn -0.07331137 -0.5665004 -0.8207944
vn -0.4440383 -0.4597012 -0.7690939
vn -0.3473744 -0.719255 -0.6016676
vn -0.6741734 -0.5664998 -0.4738868
vn -0.6314791 -0.7178741 -0.2930721
vn 2.96589E-08 -1 4.768372E-07
vn 0.3766305 -0.9004803 -0.2174516
vn 0.4440335 -0.4597002 -0.7690972
vn 0.8660212 -2.127368E-07 -0.5000075
vn 0.6934127 -0.7178744 -0.06193157
vn 0.9960346 7.196382E-08 0.08896654
vn 0.4999958 -3.981249E-07 -0.8660281
vn 0.0889646 -4.723078E-07 -0.9960352
vn -0.06193465 -0.717875 -0.6934121
vn -0.4999957 -4.277836E-07 -0.8660281
vn -0.2174478 -0.9004796 -0.3766346
vn -0.5695415 -0.7178749 -0.4003479
vn -0.9070704 -2.276412E-07 -0.4209792
vn 0.7690932 -0.4597005 0.4440399
vn 0.8660237 2.641053E-07 0.500003
vn 0.5000028 4.277818E-07 0.866024
vn 0.2174505 -0.9004796 0.376633
vn 0.06193469 -0.7178743 0.6934128
vn -0.0889646 4.723078E-07 0.9960352
vn -0.4440395 -0.4597003 0.7690937
vn -0.5000029 3.981228E-07 0.866024
vn -0.8660237 2.127346E-07 0.500003
vn -0.3766325 -0.9004797 0.217451
vn -0.8880737 -0.4597014 1.927371E-07
vn -1 -2.96589E-08 -2.980101E-08
vn -0.2257635 0.708553 0.6685687
vn 0.09786035 -0.4491638 0.8880743
vn -0.2405198 -0.5641319 0.7898773
vn -4.107052E-08 0.8407607 0.5414076
vn -0.4727834 0.7558585 0.4529395
vn -0.7211842 -0.6315134 0.2847535
vn -0.5111594 0.8385741 -0.1884411
vn -0.6578821 -0.3651855 -0.6586586
vn -0.2681359 0.7085523 -0.6527308
vn 0.03630641 -0.9241518 -0.3802972
vn 5.349041E-09 0.6132902 -0.7898582
vn 0.09785709 -0.4491647 -0.8880742
vn 0.2930689 0.7178738 0.6314811
vn 0.5631609 -0.5243597 0.6386683
vn 0.5695429 0.717875 0.4003459
vn 0.7180561 -0.6421835 0.268321
vn 0.4029469 -0.7585059 -0.5121553
vn 0.4003414 0.717874 -0.5695475
vn 0.8010858 -0.301855 -0.5168609
vn 0.6314803 0.7178741 -0.2930696
vn 0.8600963 -0.5057157 -0.06697853
vn 0.6934133 0.7178739 0.061932
vn -0.2930632 0.7178736 -0.6314842
vn 0.6934146 0.7178728 0.06192898
vn 0.6314824 0.7178746 -0.293064
vn 0.6934146 0.7178727 -0.06192962
vn 0.6314801 0.7178755 0.2930662
vn 0.5695432 0.7178756 0.4003442
vn 0.4003342 0.7178742 0.5695523
vn 0.2930632 0.7178742 0.6314834
vn 0.06193192 0.7178733 0.693414
vn -0.061928 0.7178733 0.6934144
vn 0.5695481 0.7178745 -0.4003392
vn 0.4003387 0.7178745 -0.5695487
vn 0.2930636 0.7178745 -0.6314829
vn 0.06192796 0.7178727 -0.6934151
vn -0.06193196 0.7178727 -0.6934147
vn -0.4003342 0.7178736 -0.569553
vn -0.6741704 0.5665008 -0.4738896
vn -0.6314802 0.7178752 -0.2930669
vn -0.6934146 0.7178727 -0.06192966
vn -0.6934146 0.7178727 0.06192894
vn -0.6314824 0.7178749 0.2930633
vn -0.5695482 0.7178749 0.4003385
vn -0.4003387 0.717875 0.569548
vn -0.2930636 0.7178751 0.6314822
vn -2.96589E-08 1 -4.768372E-07
vn -2.96589E-08 1 -4.768372E-07
vn -2.96589E-08 1 -4.768372E-07
vn -2.96589E-08 1 -4.768372E-07
vn -2.96589E-08 1 -4.768372E-07
vn -2.96589E-08 1 -4.768372E-07
vn -2.96589E-08 1 -4.768372E-07
vn -2.96589E-08 1 -4.768372E-07
vn -2.96589E-08 1 -4.768372E-07
vn -2.96589E-08 1 -4.768372E-07
vn -2.96589E-08 1 -4.768372E-07
vn -2.96589E-08 1 -4.768372E-07

vt 0.849482 0.82545
vt 0.850055 0.82319
vt 0.845023 0.823622
vt 0.847797 0.827159
vt 0.845432 0.827943
vt 0.842931 0.827625
vt 0.840887 0.826238
vt 0.839855 0.824066
vt 0.840206 0.821648
vt 0.841935 0.819686
vt 0.844567 0.818807
vt 0.84729 0.819285
vt 0.849289 0.820924
vt 0.737682 0.905378
vt 0.737614 0.930172
vt 0.717183 0.92622
vt 0.700858 0.917084
vt 0.71753 0.898155
vt 0.688382 0.903144
vt 0.709216 0.88897
vt 0.681107 0.885909
vt 0.705063 0.877298
vt 0.67982 0.867246
vt 0.704803 0.863431
vt 0.681279 0.845138
vt 0.706108 0.851198
vt 0.710395 0.799433
vt 0.728374 0.81898
vt 0.726342 0.78975
vt 0.743075 0.81153
vt 0.74322 0.78656
vt 0.12031 0.124674
vt 0.120373 0.124712
vt 0.118984 0.123876
vt 0.122185 0.125802
vt 0.12031 0.124674
vt 0.117063 0.12272
vt 0.121706 0.115003
vt 0.117956 0.112747
vt 0.113313 0.120464
vt 0.114708 0.110793
vt 0.110065 0.118511
vt 0.112833 0.109665
vt 0.10819 0.117382
vt 0.112833 0.109665
vt 0.10819 0.117382
vt 0.114708 0.110793
vt 0.110065 0.118511
vt 0.117956 0.112747
vt 0.113313 0.120464
vt 0.121706 0.115003
vt 0.117063 0.12272
vt 0.124953 0.116957
vt 0.12031 0.124674
vt 0.126828 0.118085
vt 0.122185 0.125802
vt 0.126828 0.118085
vt 0.122185 0.125802
vt 0.124953 0.116957
vt 0.122108 0.115245
vt 0.126053 0.117618
vt 0.143753 0.079267
vt 0.139198 0.076527
vt 0.117553 0.112505
vt 0.135254 0.074154
vt 0.113608 0.110131
vt 0.132976 0.072783
vt 0.111331 0.108761
vt 0.132976 0.072783
vt 0.111331 0.108761
vt 0.135254 0.074154
vt 0.113608 0.110131
vt 0.139198 0.076527
vt 0.117553 0.112505
vt 0.143753 0.079267
vt 0.122108 0.115245
vt 0.147698 0.081641
vt 0.126053 0.117618
vt 0.149976 0.083011
vt 0.12833 0.118989
vt 0.149976 0.083011
vt 0.12833 0.118989
vt 0.147698 0.081641
vt 0.143054 0.078847
vt 0.145788 0.080492
vt 0.149957 0.073563
vt 0.151535 0.074513
vt 0.147367 0.081441
vt 0.151535 0.074513
vt 0.147367 0.081441
vt 0.149957 0.073563
vt 0.145788 0.080492
vt 0.147223 0.071918
vt 0.143054 0.078847
vt 0.144066 0.070019
vt 0.139897 0.076947
vt 0.141332 0.068374
vt 0.137163 0.075303
vt 0.139753 0.067424
vt 0.135585 0.074353
vt 0.139753 0.067424
vt 0.135585 0.074353
vt 0.141332 0.068374
vt 0.137163 0.075303
vt 0.144066 0.070019
vt 0.139897 0.076947
vt 0.147223 0.071918
vt 0.122185 0.125802
vt 0.120373 0.124712
vt 0.122185 0.125802
vt 0.120373 0.124712
vt 0.118984 0.123876
vt 0.116577 0.122428
vt 0.113798 0.120756
vt 0.111391 0.119309
vt 0.110065 0.118511
vt 0.110065 0.118511
vt 0.10819 0.117382
vt 0.110002 0.118473
vt 0.111391 0.119309
vt 0.113798 0.120756
vt 0.116577 0.122428
vt 0.113313 0.120464
vt 0.111391 0.119309
vt 0.10819 0.117382
vt 0.110002 0.118473
vt 0.10819 0.117382
vt 0.10819 0.117382
vt 0.111391 0.119309
vt 0.110065 0.118511
vt 0.113313 0.120464
vt 0.116577 0.122428
vt 0.117063 0.12272
vt 0.122185 0.125802
vt 0.118984 0.123876
vt 0.12031 0.124674
vt 0.12031 0.124674
vt 0.116577 0.122428
vt 0.117063 0.12272
vt 0.117063 0.12272
vt 0.113798 0.120756
vt 0.113313 0.120464
vt 0.110065 0.118511
vt 0.113798 0.120756
vt 0.113313 0.120464
vt 0.117063 0.12272
vt 0.118984 0.123876
vt 0.145784 0.120253
vt 0.163187 0.09461
vt 0.163785 0.095426
vt 0.145186 0.119438
vt 0.1357 0.112755
vt 0.130421 0.111374
vt 0.128293 0.108403
vt 0.146764 0.083042
vt 0.148421 0.086547
vt 0.145457 0.082404
vt 0.143988 0.117778
vt 0.125419 0.106687
vt 0.141078 0.11604
vt 0.133651 0.111604
vt 0.1247 0.106257
vt 0.150815 0.085605
vt 0.141864 0.080258
vt 0.142583 0.080687
vt 0.158242 0.090041
vt 0.161152 0.091779
vt 0.168179 0.096048
vt 0.158877 0.089201
vt 0.175264 0.098672
vt 0.175509 0.099006
vt 0.155704 0.123036
vt 0.15505 0.122144
vt 0.140916 0.113975
vt 0.145354 0.118858
vt 0.855221 0.463701
vt 0.832137 0.467074
vt 0.832137 0.463701
vt 0.855221 0.467074
vt 0.832137 0.477317
vt 0.855221 0.477317
vt 0.832137 0.52566
vt 0.855221 0.52566
vt 0.832137 0.549044
vt 0.855221 0.549044
vt 0.832137 0.568785
vt 0.855221 0.568785
vt 0.832137 0.587015
vt 0.855221 0.587015
vt 0.832137 0.601759
vt 0.855221 0.601759
vt 0.832137 0.611422
vt 0.855221 0.611422
vt 0.832137 0.615603
vt 0.855221 0.615603
vt 0.832137 0.497992
vt 0.855221 0.490112
vt 0.832137 0.490112
vt 0.855221 0.497992
vt 0.832137 0.53207
vt 0.855221 0.53207
vt 0.832137 0.545009
vt 0.855221 0.545009
vt 0.832137 0.559677
vt 0.855221 0.559677
vt 0.832137 0.572022
vt 0.855221 0.572022
vt 0.832137 0.581738
vt 0.855221 0.581738
vt 0.832137 0.589377
vt 0.855221 0.589377
vt 0.812531 0.828199
vt 0.832961 0.832152
vt 0.833029 0.807357
vt 0.796205 0.819063
vt 0.812878 0.800134
vt 0.78373 0.805123
vt 0.804564 0.790949
vt 0.776454 0.787888
vt 0.80041 0.779277
vt 0.775167 0.769225
vt 0.80015 0.76541
vt 0.776627 0.747117
vt 0.801455 0.753177
vt 0.805743 0.701413
vt 0.823722 0.720959
vt 0.82169 0.691729
vt 0.838423 0.713509
vt 0.838567 0.688539
vt 0.184541 0.097718
vt 0.186591 0.095121
vt 0.186591 0.097718
vt 0.184541 0.095121
vt 0.186591 0.097718
vt 0.186591 0.095121
vt 0.192192 0.095121
vt 0.192192 0.097718
vt 0.192192 0.097718
vt 0.192192 0.095121
vt 0.199842 0.095121
vt 0.199842 0.097718
vt 0.199842 0.097718
vt 0.199842 0.095121
vt 0.207492 0.097718
vt 0.207492 0.095121
vt 0.213092 0.095121
vt 0.213092 0.097718
vt 0.215142 0.097718
vt 0.215142 0.095121
vt 0.213092 0.097718
vt 0.213092 0.095121
vt 0.207492 0.095121
vt 0.207492 0.097718
vt 0.199842 0.095121
vt 0.212949 0.097718
vt 0.222544 0.097718
vt 0.212949 0.106264
vt 0.199842 0.097718
vt 0.199842 0.106264
vt 0.222544 0.106264
vt 0.226057 0.106264
vt 0.226057 0.097718
vt 0.222544 0.106264
vt 0.222544 0.097718
vt 0.212949 0.097718
vt 0.212949 0.106264
vt 0.186734 0.097718
vt 0.186734 0.106264
vt 0.177139 0.106264
vt 0.177139 0.097718
vt 0.173627 0.097718
vt 0.173627 0.106264
vt 0.177139 0.097718
vt 0.177139 0.106264
vt 0.186734 0.106264
vt 0.186734 0.097718
vt 0.199842 0.097718
vt 0.199842 0.106264
vt 0.171318 0.115647
vt 0.166906 0.101634
vt 0.171318 0.098859
vt 0.166906 0.115647
vt 0.187101 0.115647
vt 0.187101 0.096827
vt 0.212583 0.115647
vt 0.212583 0.096827
vt 0.228365 0.115647
vt 0.228365 0.098859
vt 0.232778 0.115647
vt 0.232778 0.101634
vt 0.171318 0.115647
vt 0.171318 0.104409
vt 0.183374 0.115647
vt 0.183374 0.106441
vt 0.228365 0.104409
vt 0.228365 0.115647
vt 0.21631 0.106441
vt 0.21631 0.115647
vt 0.199842 0.107184
vt 0.199842 0.115647
vt 0.223468 0.115647
vt 0.199842 0.115647
vt 0.213482 0.115647
vt 0.199842 0.119858
vt 0.186201 0.119858
vt 0.186201 0.115647
vt 0.176215 0.119858
vt 0.176215 0.115647
vt 0.17256 0.119858
vt 0.17256 0.115647
vt 0.213482 0.119858
vt 0.223468 0.115647
vt 0.223468 0.119858
vt 0.227123 0.115647
vt 0.227123 0.119858
vt 0.223468 0.119858
vt 0.213482 0.115647
vt 0.213482 0.119858
vt 0.199842 0.115647
vt 0.199842 0.119858
vt 0.186201 0.115647
vt 0.186201 0.119858
vt 0.176215 0.115647
vt 0.176215 0.119858
vt 0.178267 0.119858
vt 0.174929 0.119858
vt 0.199842 0.119858
vt 0.187385 0.119858
vt 0.221417 0.119858
vt 0.212298 0.119858
vt 0.178267 0.119858
vt 0.187385 0.119858
vt 0.199842 0.119858
vt 0.212298 0.119858
vt 0.221417 0.119858
vt 0.224754 0.119858
f 770/770/770 769/769/769 771/771/771
f 769/769/769 772/772/772 771/771/771
f 772/772/772 773/773/773 771/771/771
f 773/773/773 774/774/774 771/771/771
f 774/774/774 775/775/775 771/771/771
f 775/775/775 776/776/776 771/771/771
f 776/776/776 777/777/777 771/771/771
f 777/777/777 778/778/778 771/771/771
f 778/778/778 779/779/779 771/771/771
f 779/779/779 780/780/780 771/771/771
f 780/780/780 781/781/781 771/771/771
f 781/781/781 770/770/770 771/771/771
f 783/783/783 782/782/782 784/784/784
f 784/784/784 782/782/782 785/785/785
f 785/785/785 782/782/782 786/786/786
f 785/785/785 786/786/786 787/787/787
f 787/787/787 786/786/786 788/788/788
f 787/787/787 788/788/788 789/789/789
f 789/789/789 788/788/788 790/790/790
f 790/790/790 791/791/791 789/789/789
f 792/792/792 791/791/791 790/790/790
f 791/791/791 792/792/792 793/793/793
f 793/793/793 792/792/792 794/794/794
f 793/793/793 794/794/794 795/795/795
f 795/795/795 794/794/794 796/796/796
f 795/795/795 796/796/796 797/797/797
f 797/797/797 796/796/796 798/798/798
f 797/797/797 798/798/798 799/799/799
f 801/801/801 800/800/800 802/802/802
f 803/803/803 800/800/800 801/801/801
f 800/800/800 804/804/804 802/802/802
f 804/804/804 805/805/805 802/802/802
f 804/804/804 806/806/806 805/805/805
f 806/806/806 807/807/807 805/805/805
f 805/805/805 807/807/807 808/808/808
f 807/807/807 809/809/809 808/808/808
f 808/808/808 809/809/809 810/810/810
f 809/809/809 811/811/811 810/810/810
f 810/810/810 811/811/811 812/812/812
f 811/811/811 813/813/813 812/812/812
f 812/812/812 813/813/813 814/814/814
f 813/813/813 815/815/815 814/814/814
f 814/814/814 815/815/815 816/816/816
f 815/815/815 817/817/817 816/816/816
f 816/816/816 817/817/817 818/818/818
f 817/817/817 819/819/819 818/818/818
f 818/818/818 819/819/819 820/820/820
f 819/819/819 821/821/821 820/820/820
f 820/820/820 821/821/821 822/822/822
f 821/821/821 823/823/823 822/822/822
f 822/822/822 823/823/823 824/824/824
f 823/823/823 825/825/825 824/824/824
f 824/824/824 825/825/825 826/826/826
f 825/825/825 827/827/827 826/826/826
f 826/826/826 827/827/827 804/804/804
f 827/827/827 806/806/806 804/804/804
f 827/827/827 828/828/828 806/806/806
f 829/829/829 828/828/828 827/827/827
f 825/825/825 829/829/829 827/827/827
f 829/829/829 830/830/830 828/828/828
f 830/830/830 831/831/831 828/828/828
f 828/828/828 831/831/831 832/832/832
f 828/828/828 832/832/832 806/806/806
f 831/831/831 833/833/833 832/832/832
f 832/832/832 833/833/833 834/834/834
f 833/833/833 835/835/835 834/834/834
f 834/834/834 835/835/835 836/836/836
f 835/835/835 837/837/837 836/836/836
f 836/836/836 837/837/837 838/838/838
f 837/837/837 839/839/839 838/838/838
f 838/838/838 839/839/839 840/840/840
f 839/839/839 841/841/841 840/840/840
f 840/840/840 841/841/841 842/842/842
f 841/841/841 843/843/843 842/842/842
f 842/842/842 843/843/843 844/844/844
f 843/843/843 845/845/845 844/844/844
f 844/844/844 845/845/845 846/846/846
f 845/845/845 847/847/847 846/846/846
f 846/846/846 847/847/847 848/848/848
f 847/847/847 849/849/849 848/848/848
f 848/848/848 849/849/849 850/850/850
f 849/849/849 851/851/851 850/850/850
f 850/850/850 851/851/851 829/829/829
f 851/851/851 830/830/830 829/829/829
f 851/851/851 852/852/852 830/830/830
f 853/853/853 852/852/852 851/851/851
f 849/849/849 853/853/853 851/851/851
f 853/853/853 854/854/854 852/852/852
f 854/854/854 853/853/853 855/855/855
f 855/855/855 853/853/853 856/856/856
f 847/847/847 856/856/856 849/849/849
f 856/856/856 853/853/853 849/849/849
f 856/856/856 857/857/857 855/855/855
f 858/858/858 857/857/857 856/856/856
f 845/845/845 858/858/858 847/847/847
f 858/858/858 856/856/856 847/847/847
f 858/858/858 859/859/859 857/857/857
f 855/855/855 859/859/859 854/854/854
f 857/857/857 859/859/859 855/855/855
f 860/860/860 859/859/859 858/858/858
f 860/860/860 861/861/861 859/859/859
f 861/861/861 854/854/854 859/859/859
f 862/862/862 861/861/861 860/860/860
f 862/862/862 863/863/863 861/861/861
f 864/864/864 863/863/863 862/862/862
f 864/864/864 865/865/865 863/863/863
f 866/866/866 865/865/865 864/864/864
f 866/866/866 867/867/867 865/865/865
f 868/868/868 867/867/867 866/866/866
f 868/868/868 869/869/869 867/867/867
f 870/870/870 869/869/869 868/868/868
f 870/870/870 871/871/871 869/869/869
f 867/867/867 871/871/871 865/865/865
f 869/869/869 871/871/871 867/867/867
f 872/872/872 871/871/871 870/870/870
f 872/872/872 873/873/873 871/871/871
f 865/865/865 873/873/873 863/863/863
f 871/871/871 873/873/873 865/865/865
f 874/874/874 873/873/873 872/872/872
f 874/874/874 875/875/875 873/873/873
f 863/863/863 875/875/875 861/861/861
f 873/873/873 875/875/875 863/863/863
f 852/852/852 875/875/875 874/874/874
f 852/852/852 854/854/854 875/875/875
f 852/852/852 874/874/874 830/830/830
f 830/830/830 874/874/874 831/831/831
f 874/874/874 872/872/872 831/831/831
f 831/831/831 872/872/872 833/833/833
f 872/872/872 870/870/870 833/833/833
f 833/833/833 870/870/870 835/835/835
f 870/870/870 868/868/868 835/835/835
f 835/835/835 868/868/868 837/837/837
f 868/868/868 866/866/866 837/837/837
f 837/837/837 866/866/866 839/839/839
f 866/866/866 864/864/864 839/839/839
f 839/839/839 864/864/864 841/841/841
f 864/864/864 862/862/862 841/841/841
f 841/841/841 862/862/862 843/843/843
f 862/862/862 860/860/860 843/843/843
f 843/843/843 860/860/860 845/845/845
f 860/860/860 858/858/858 845/845/845
f 875/875/875 854/854/854 861/861/861
f 877/877/877 876/876/876 800/800/800
f 878/878/878 876/876/876 877/877/877
f 879/879/879 826/826/826 800/800/800
f 824/824/824 826/826/826 879/879/879
f 880/880/880 824/824/824 879/879/879
f 822/822/822 824/824/824 880/880/880
f 881/881/881 822/822/822 880/880/880
f 820/820/820 822/822/822 881/881/881
f 882/882/882 820/820/820 881/881/881
f 818/818/818 820/820/820 882/882/882
f 883/883/883 818/818/818 882/882/882
f 816/816/816 818/818/818 883/883/883
f 884/884/884 816/816/816 883/883/883
f 885/885/885 884/884/884 883/883/883
f 886/886/886 884/884/884 885/885/885
f 814/814/814 816/816/816 884/884/884
f 887/887/887 814/814/814 884/884/884
f 812/812/812 814/814/814 887/887/887
f 888/888/888 812/812/812 887/887/887
f 810/810/810 812/812/812 888/888/888
f 889/889/889 810/810/810 888/888/888
f 808/808/808 810/810/810 889/889/889
f 890/890/890 808/808/808 889/889/889
f 805/805/805 808/808/808 890/890/890
f 802/802/802 805/805/805 890/890/890
f 885/885/885 891/891/891 892/892/892
f 892/892/892 891/891/891 882/882/882
f 894/894/894 893/893/893 884/884/884
f 895/895/895 893/893/893 894/894/894
f 897/897/897 896/896/896 887/887/887
f 898/898/898 896/896/896 897/897/897
f 900/900/900 899/899/899 889/889/889
f 901/901/901 899/899/899 900/900/900
f 903/903/903 902/902/902 879/879/879
f 904/904/904 902/902/902 903/903/903
f 906/906/906 905/905/905 880/880/880
f 907/907/907 905/905/905 906/906/906
f 909/909/909 908/908/908 881/881/881
f 910/910/910 908/908/908 909/909/909
f 912/912/912 911/911/911 888/888/888
f 913/913/913 911/911/911 912/912/912
f 915/915/915 914/914/914 890/890/890
f 801/801/801 914/914/914 915/915/915
f 917/917/917 916/916/916 918/918/918
f 919/919/919 916/916/916 917/917/917
f 920/920/920 916/916/916 919/919/919
f 921/921/921 916/916/916 920/920/920
f 922/922/922 921/921/921 920/920/920
f 917/917/917 918/918/918 923/923/923
f 919/919/919 923/923/923 920/920/920
f 917/917/917 923/923/923 919/919/919
f 920/920/920 923/923/923 922/922/922
f 923/923/923 918/918/918 924/924/924
f 922/922/922 924/924/924 921/921/921
f 924/924/924 916/916/916 921/921/921
f 918/918/918 916/916/916 924/924/924
f 923/923/923 924/924/924 925/925/925
f 922/922/922 923/923/923 925/925/925
f 922/922/922 926/926/926 925/925/925
f 922/922/922 927/927/927 926/926/926
f 926/926/926 927/927/927 928/928/928
f 928/928/928 927/927/927 929/929/929
f 929/929/929 927/927/927 930/930/930
f 930/930/930 931/931/931 929/929/929
f 930/930/930 932/932/932 931/931/931
f 932/932/932 933/933/933 931/931/931
f 930/930/930 933/933/933 932/932/932
f 927/927/927 933/933/933 930/930/930
f 922/922/922 933/933/933 927/927/927
f 925/925/925 933/933/933 922/922/922
f 931/931/931 933/933/933 934/934/934
f 934/934/934 929/929/929 931/931/931
f 928/928/928 929/929/929 934/934/934
f 935/935/935 933/933/933 925/925/925
f 934/934/934 933/933/933 935/935/935
f 925/925/925 926/926/926 935/935/935
f 935/935/935 928/928/928 934/934/934
f 926/926/926 928/928/928 935/935/935
f 935/935/935 936/936/936 926/926/926
f 935/935/935 937/937/937 936/936/936
f 938/938/938 936/936/936 937/937/937
f 939/939/939 936/936/936 938/938/938
f 939/939/939 938/938/938 940/940/940
f 940/940/940 938/938/938 941/941/941
f 941/941/941 942/942/942 940/940/940
f 942/942/942 938/938/938 937/937/937
f 941/941/941 938/938/938 942/942/942
f 940/940/940 942/942/942 943/943/943
f 939/939/939 943/943/943 936/936/936
f 940/940/940 943/943/943 939/939/939
f 943/943/943 942/942/942 926/926/926
f 926/926/926 936/936/936 943/943/943
f 806/806/806 832/832/832 807/807/807
f 832/832/832 834/834/834 807/807/807
f 807/807/807 834/834/834 809/809/809
f 834/834/834 836/836/836 809/809/809
f 809/809/809 836/836/836 811/811/811
f 836/836/836 838/838/838 811/811/811
f 811/811/811 838/838/838 813/813/813
f 838/838/838 840/840/840 813/813/813
f 813/813/813 840/840/840 815/815/815
f 840/840/840 842/842/842 815/815/815
f 815/815/815 842/842/842 817/817/817
f 842/842/842 844/844/844 817/817/817
f 817/817/817 844/844/844 819/819/819
f 844/844/844 846/846/846 819/819/819
f 819/819/819 846/846/846 821/821/821
f 846/846/846 848/848/848 821/821/821
f 821/821/821 848/848/848 823/823/823
f 848/848/848 850/850/850 823/823/823
f 823/823/823 850/850/850 825/825/825
f 850/850/850 829/829/829 825/825/825
f 826/826/826 804/804/804 800/800/800
f 945/945/945 944/944/944 946/946/946
f 947/947/947 944/944/944 945/945/945
f 948/948/948 947/947/947 945/945/945
f 949/949/949 947/947/947 948/948/948
f 950/950/950 949/949/949 948/948/948
f 951/951/951 949/949/949 950/950/950
f 950/950/950 952/952/952 951/951/951
f 951/951/951 952/952/952 953/953/953
f 954/954/954 953/953/953 952/952/952
f 955/955/955 953/953/953 954/954/954
f 956/956/956 955/955/955 954/954/954
f 957/957/957 955/955/955 956/956/956
f 958/958/958 957/957/957 956/956/956
f 959/959/959 957/957/957 958/958/958
f 960/960/960 959/959/959 958/958/958
f 961/961/961 959/959/959 960/960/960
f 962/962/962 961/961/961 960/960/960
f 963/963/963 961/961/961 962/962/962
f 965/965/965 964/964/964 966/966/966
f 967/967/967 964/964/964 965/965/965
f 967/967/967 968/968/968 964/964/964
f 969/969/969 968/968/968 967/967/967
f 968/968/968 969/969/969 970/970/970
f 970/970/970 969/969/969 971/971/971
f 971/971/971 972/972/972 970/970/970
f 973/973/973 972/972/972 971/971/971
f 973/973/973 974/974/974 972/972/972
f 975/975/975 974/974/974 973/973/973
f 975/975/975 976/976/976 974/974/974
f 977/977/977 976/976/976 975/975/975
f 977/977/977 978/978/978 976/976/976
f 979/979/979 978/978/978 977/977/977
f 981/981/981 980/980/980 982/982/982
f 980/980/980 983/983/983 982/982/982
f 982/982/982 983/983/983 984/984/984
f 983/983/983 985/985/985 984/984/984
f 984/984/984 985/985/985 986/986/986
f 985/985/985 987/987/987 986/986/986
f 986/986/986 987/987/987 988/988/988
f 987/987/987 989/989/989 988/988/988
f 988/988/988 989/989/989 990/990/990
f 989/989/989 991/991/991 990/990/990
f 990/990/990 991/991/991 992/992/992
f 991/991/991 993/993/993 992/992/992
f 992/992/992 993/993/993 994/994/994
f 993/993/993 995/995/995 994/994/994
f 994/994/994 995/995/995 996/996/996
f 995/995/995 997/997/997 996/996/996
f 999/999/999 998/998/998 1000/1000/1000
f 1001/1001/1001 998/998/998 999/999/999
f 1001/1001/1001 1002/1002/1002 998/998/998
f 1003/1003/1003 1002/1002/1002 1001/1001/1001
f 1004/1004/1004 1002/1002/1002 1003/1003/1003
f 1005/1005/1005 1002/1002/1002 1004/1004/1004
f 1000/1000/1000 1006/1006/1006 999/999/999
f 999/999/999 1006/1006/1006 1007/1007/1007
f 1007/1007/1007 1006/1006/1006 1008/1008/1008
f 1008/1008/1008 1006/1006/1006 1009/1009/1009
f 1004/1004/1004 1010/1010/1010 1005/1005/1005
f 1011/1011/1011 1010/1010/1010 1004/1004/1004
f 1011/1011/1011 1012/1012/1012 1010/1010/1010
f 1013/1013/1013 1012/1012/1012 1011/1011/1011
f 1014/1014/1014 1012/1012/1012 1013/1013/1013
f 1015/1015/1015 1012/1012/1012 1014/1014/1014
f 1014/1014/1014 1016/1016/1016 1015/1015/1015
f 1017/1017/1017 1016/1016/1016 1014/1014/1014
f 1017/1017/1017 1018/1018/1018 1016/1016/1016
f 1019/1019/1019 1018/1018/1018 1017/1017/1017
f 1020/1020/1020 1018/1018/1018 1019/1019/1019
f 1021/1021/1021 1018/1018/1018 1020/1020/1020
f 1008/1008/1008 1021/1021/1021 1020/1020/1020
f 1009/1009/1009 1021/1021/1021 1008/1008/1008
f 1008/1008/1008 1020/1020/1020 1022/1022/1022
f 1014/1014/1014 1013/1013/1013 1022/1022/1022
f 1022/1022/1022 1017/1017/1017 1014/1014/1014
f 1022/1022/1022 1019/1019/1019 1017/1017/1017
f 1022/1022/1022 1013/1013/1013 1011/1011/1011
f 1020/1020/1020 1019/1019/1019 1022/1022/1022
f 1022/1022/1022 1007/1007/1007 1008/1008/1008
f 1022/1022/1022 1011/1011/1011 1004/1004/1004
f 1004/1004/1004 1003/1003/1003 1022/1022/1022
f 1022/1022/1022 1003/1003/1003 1001/1001/1001
f 1022/1022/1022 1001/1001/1001 999/999/999
f 999/999/999 1007/1007/1007 1022/1022/1022
f 1015/1015/1015 1023/1023/1023 1012/1012/1012
f 1024/1024/1024 1023/1023/1023 1015/1015/1015
f 1024/1024/1024 1025/1025/1025 1023/1023/1023
f 1023/1023/1023 1025/1025/1025 1026/1026/1026
f 1026/1026/1026 1025/1025/1025 1027/1027/1027
f 1028/1028/1028 1025/1025/1025 1024/1024/1024
f 1024/1024/1024 1029/1029/1029 1028/1028/1028
f 1030/1030/1030 1029/1029/1029 1024/1024/1024
f 1030/1030/1030 1031/1031/1031 1029/1029/1029
f 1032/1032/1032 1031/1031/1031 1030/1030/1030
f 1033/1033/1033 1031/1031/1031 1032/1032/1032
f 1034/1034/1034 1031/1031/1031 1033/1033/1033
f 1026/1026/1026 1027/1027/1027 1035/1035/1035
f 1035/1035/1035 1027/1027/1027 1036/1036/1036
f 1036/1036/1036 1037/1037/1037 1035/1035/1035
f 1035/1035/1035 1037/1037/1037 1038/1038/1038
f 1038/1038/1038 1037/1037/1037 1039/1039/1039
f 1039/1039/1039 1037/1037/1037 1040/1040/1040
f 1039/1039/1039 1040/1040/1040 1041/1041/1041
f 1041/1041/1041 1040/1040/1040 1042/1042/1042
f 1042/1042/1042 1043/1043/1043 1041/1041/1041
f 1041/1041/1041 1043/1043/1043 1044/1044/1044
f 1044/1044/1044 1043/1043/1043 1045/1045/1045
f 1045/1045/1045 1034/1034/1034 1033/1033/1033
f 1045/1045/1045 1043/1043/1043 1046/1046/1046
f 1046/1046/1046 1034/1034/1034 1045/1045/1045
f 1045/1045/1045 1033/1033/1033 1009/1009/1009
f 1009/1009/1009 1044/1044/1044 1045/1045/1045
f 1009/1009/1009 1033/1033/1033 1021/1021/1021
f 1041/1041/1041 1044/1044/1044 1000/1000/1000
f 1000/1000/1000 1039/1039/1039 1041/1041/1041
f 1000/1000/1000 1044/1044/1044 1006/1006/1006
f 1006/1006/1006 1044/1044/1044 1009/1009/1009
f 998/998/998 1038/1038/1038 1039/1039/1039
f 998/998/998 1039/1039/1039 1000/1000/1000
f 1002/1002/1002 1038/1038/1038 998/998/998
f 1005/1005/1005 1038/1038/1038 1002/1002/1002
f 1035/1035/1035 1038/1038/1038 1005/1005/1005
f 1005/1005/1005 1026/1026/1026 1035/1035/1035
f 1010/1010/1010 1026/1026/1026 1005/1005/1005
f 1010/1010/1010 1023/1023/1023 1026/1026/1026
f 1012/1012/1012 1023/1023/1023 1010/1010/1010
f 1021/1021/1021 1032/1032/1032 1018/1018/1018
f 1018/1018/1018 1032/1032/1032 1016/1016/1016
f 1016/1016/1016 1032/1032/1032 1030/1030/1030
f 1016/1016/1016 1030/1030/1030 1015/1015/1015
f 1015/1015/1015 1030/1030/1030 1024/1024/1024
f 1033/1033/1033 1032/1032/1032 1021/1021/1021
f 1048/1048/1048 1047/1047/1047 1049/1049/1049
f 1050/1050/1050 1047/1047/1047 1048/1048/1048
f 1047/1047/1047 1051/1051/1051 1049/1049/1049
f 1049/1049/1049 1051/1051/1051 1052/1052/1052
f 1051/1051/1051 1053/1053/1053 1052/1052/1052
f 1052/1052/1052 1053/1053/1053 1054/1054/1054
f 1055/1055/1055 1054/1054/1054 1053/1053/1053
f 1056/1056/1056 1054/1054/1054 1055/1055/1055
f 1049/1049/1049 1056/1056/1056 1048/1048/1048
f 1052/1052/1052 1056/1056/1056 1049/1049/1049
f 1056/1056/1056 1052/1052/1052 1054/1054/1054
f 1055/1055/1055 1057/1057/1057 1056/1056/1056
f 1056/1056/1056 1057/1057/1057 1058/1058/1058
f 1048/1048/1048 1059/1059/1059 1050/1050/1050
f 1060/1060/1060 1059/1059/1059 1048/1048/1048
f 1056/1056/1056 1060/1060/1060 1048/1048/1048
f 1060/1060/1060 1061/1061/1061 1059/1059/1059
f 1062/1062/1062 1061/1061/1061 1060/1060/1060
f 1062/1062/1062 1060/1060/1060 1056/1056/1056
f 1058/1058/1058 1057/1057/1057 1063/1063/1063
f 1063/1063/1063 1062/1062/1062 1056/1056/1056
f 1063/1063/1063 1056/1056/1056 1058/1058/1058
f 1063/1063/1063 1057/1057/1057 1064/1064/1064
f 1063/1063/1063 1064/1064/1064 1065/1065/1065
f 1065/1065/1065 1064/1064/1064 1066/1066/1066
f 1065/1065/1065 1066/1066/1066 1067/1067/1067
f 1067/1067/1067 1062/1062/1062 1063/1063/1063
f 1067/1067/1067 1063/1063/1063 1065/1065/1065
f 1067/1067/1067 1066/1066/1066 1068/1068/1068
f 1062/1062/1062 1068/1068/1068 1061/1061/1061
f 1067/1067/1067 1068/1068/1068 1062/1062/1062
f 1055/1055/1055 1053/1053/1053 1069/1069/1069
f 1068/1068/1068 1066/1066/1066 1070/1070/1070
f 1070/1070/1070 1066/1066/1066 1071/1071/1071
f 1066/1066/1066 1064/1064/1064 1071/1071/1071
f 1070/1070/1070 1071/1071/1071 1072/1072/1072
f 1073/1073/1073 1070/1070/1070 1072/1072/1072
f 1074/1074/1074 1070/1070/1070 1073/1073/1073
f 1074/1074/1074 1068/1068/1068 1070/1070/1070
f 1061/1061/1061 1068/1068/1068 1074/1074/1074
f 1075/1075/1075 1074/1074/1074 1073/1073/1073
f 1076/1076/1076 1074/1074/1074 1075/1075/1075
f 1076/1076/1076 1061/1061/1061 1074/1074/1074
f 1077/1077/1077 1076/1076/1076 1075/1075/1075
f 1078/1078/1078 1076/1076/1076 1077/1077/1077
f 1072/1072/1072 1071/1071/1071 1079/1079/1079
f 1071/1071/1071 1080/1080/1080 1079/1079/1079
f 1079/1079/1079 1080/1080/1080 1081/1081/1081
f 1080/1080/1080 1082/1082/1082 1081/1081/1081
f 1081/1081/1081 1082/1082/1082 1083/1083/1083
f 1082/1082/1082 1069/1069/1069 1083/1083/1083
f 1083/1083/1083 1069/1069/1069 1084/1084/1084
f 1069/1069/1069 1085/1085/1085 1084/1084/1084
f 1084/1084/1084 1085/1085/1085 1086/1086/1086
f 1085/1085/1085 1087/1087/1087 1086/1086/1086
f 1086/1086/1086 1087/1087/1087 1088/1088/1088
f 1087/1087/1087 1089/1089/1089 1088/1088/1088
f 1088/1088/1088 1089/1089/1089 1090/1090/1090
f 1089/1089/1089 1091/1091/1091 1090/1090/1090
f 1090/1090/1090 1091/1091/1091 1092/1092/1092
f 1091/1091/1091 1078/1078/1078 1092/1092/1092
f 1092/1092/1092 1078/1078/1078 1077/1077/1077
f 1092/1092/1092 1077/1077/1077 1093/1093/1093
f 1093/1093/1093 1077/1077/1077 1094/1094/1094
f 1088/1088/1088 1090/1090/1090 1095/1095/1095
f 1095/1095/1095 1090/1090/1090 1096/1096/1096
f 1096/1096/1096 1092/1092/1092 1093/1093/1093
f 1090/1090/1090 1092/1092/1092 1096/1096/1096
f 1084/1084/1084 1086/1086/1086 1097/1097/1097
f 1097/1097/1097 1086/1086/1086 1098/1098/1098
f 1098/1098/1098 1088/1088/1088 1095/1095/1095
f 1086/1086/1086 1088/1088/1088 1098/1098/1098
f 1077/1077/1077 1075/1075/1075 1094/1094/1094
f 1094/1094/1094 1075/1075/1075 1099/1099/1099
f 1075/1075/1075 1073/1073/1073 1099/1099/1099
f 1099/1099/1099 1073/1073/1073 1100/1100/1100
f 1073/1073/1073 1072/1072/1072 1100/1100/1100
f 1100/1100/1100 1072/1072/1072 1101/1101/1101
f 1072/1072/1072 1079/1079/1079 1101/1101/1101
f 1101/1101/1101 1079/1079/1079 1102/1102/1102
f 1079/1079/1079 1081/1081/1081 1102/1102/1102
f 1102/1102/1102 1081/1081/1081 1103/1103/1103
f 1081/1081/1081 1083/1083/1083 1103/1103/1103
f 1103/1103/1103 1083/1083/1083 1104/1104/1104
f 1104/1104/1104 1084/1084/1084 1097/1097/1097
f 1083/1083/1083 1084/1084/1084 1104/1104/1104
f 1091/1091/1091 1050/1050/1050 1078/1078/1078
f 1047/1047/1047 1050/1050/1050 1091/1091/1091
f 1050/1050/1050 1059/1059/1059 1078/1078/1078
f 1078/1078/1078 1059/1059/1059 1076/1076/1076
f 1059/1059/1059 1061/1061/1061 1076/1076/1076
f 1089/1089/1089 1047/1047/1047 1091/1091/1091
f 1051/1051/1051 1047/1047/1047 1089/1089/1089
f 1089/1089/1089 1087/1087/1087 1051/1051/1051
f 1051/1051/1051 1087/1087/1087 1053/1053/1053
f 1085/1085/1085 1053/1053/1053 1087/1087/1087
f 1069/1069/1069 1053/1053/1053 1085/1085/1085
f 1082/1082/1082 1055/1055/1055 1069/1069/1069
f 1057/1057/1057 1055/1055/1055 1082/1082/1082
f 1080/1080/1080 1057/1057/1057 1082/1082/1082
f 1064/1064/1064 1057/1057/1057 1080/1080/1080
f 1071/1071/1071 1064/1064/1064 1080/1080/1080
v 1.105065 -1.075318 0.7540311
v 1.123437 -1.149724 0.7852155
v 1.071659 -1.1152 0.7465373
v 1.121682 -1.142775 0.7854118
v 1.123437 -1.149724 0.7852155
v 1.067723 -1.150315 0.7489818
v 1.123488 -1.146376 0.7822707
v 1.067723 -1.150315 0.7489818
v 1.201696 -1.16725 0.7730194
v 1.054441 -1.160485 0.7240993
v 1.205714 -1.275441 0.7690732
v 1.194653 -1.278777 0.6786144
v 1.193116 -1.154305 0.7736199
v 1.201696 -1.16725 0.7730194
v 1.232185 -1.203357 0.6677822
v 1.231307 -1.188067 0.7257053
v 1.086562 -1.108798 0.6265264
v 1.102631 -1.205381 0.6102321
v 1.071659 -1.1152 0.7465373
v 1.166688 -1.157975 0.7287983
v 1.114041 -1.124732 0.7102047
v 1.126096 -1.132615 0.7120173
v 1.148228 -1.120224 0.7189251
v 1.065465 -1.164065 0.7247152
v 1.166688 -1.157975 0.7287983
v 1.194747 -1.160817 0.7588862
v 1.053769 -1.164847 0.8816472
v 1.022215 -1.15742 0.8420509
v 1.073273 -1.212072 0.7648242
v 1.147316 -1.157499 0.8976196
v 1.206397 -1.164982 0.7863292
v 1.163329 -1.204233 0.883736
v 1.137278 -1.191694 0.8835359
v 1.022215 -1.15742 0.8420509
v 1.206397 -1.164982 0.7863292
v 1.175575 -1.264821 0.8402168
v 1.17624 -1.141331 0.7477031
v 1.175575 -1.264821 0.8402168
v 1.193116 -1.154305 0.7736199
v 1.205714 -1.275441 0.7690732
v 1.070217 -1.297914 0.7325555
v 1.029163 -1.245928 0.7867267
v 1.048289 -1.210371 0.8697956
v 1.054441 -1.160485 0.7240993
v 1.06265 -1.154174 0.724889
v 1.201696 -1.16725 0.7730194
v 1.070217 -1.297914 0.7325555
v 1.080122 -1.264592 0.6587975
v 1.06265 -1.154174 0.724889
v 1.194653 -1.278777 0.6786144
v 1.080122 -1.264592 0.6587975
v 1.102631 -1.205381 0.6102321
v 1.054441 -1.160485 0.7240993
v 1.067723 -1.150315 0.7489818
v 1.194653 -1.278777 0.6786144
v 1.232185 -1.203357 0.6677822
v 1.231307 -1.188067 0.7257053
v 1.22262 -1.173522 0.6355556
v 1.223329 -1.201264 0.7202948
v 1.086562 -1.108798 0.6265264
v 1.232185 -1.203357 0.6677822
v 1.22262 -1.173522 0.6355556
v 1.203226 -1.123648 0.6140713
v 1.22689 -1.189458 0.6528981
v 1.062779 -1.156799 0.7250447
v 1.194747 -1.160817 0.7588862
v 1.065465 -1.164065 0.7247152
v 1.206397 -1.164982 0.7863292
v 1.17624 -1.141331 0.7477031
v 1.206397 -1.164982 0.7863292
v 1.061539 -1.155664 0.7277075
v 1.17624 -1.141331 0.7477031
v 1.06265 -1.154174 0.724889
v 1.193116 -1.154305 0.7736199
v 1.06265 -1.154174 0.724889
v 1.029163 -1.245928 0.7867267
v 1.070217 -1.297914 0.7325555
v 1.029163 -1.245928 0.7867267
v 1.062779 -1.156799 0.7250447
v 1.048289 -1.210371 0.8697956
v 1.022215 -1.15742 0.8420509
v 1.137278 -1.191694 0.8835359
v 1.147316 -1.157499 0.8976196
v 1.166688 -1.157975 0.7287983
v 1.191292 -1.191342 0.7720543
v 1.166688 -1.157975 0.7287983
v 1.163138 -1.161977 0.8983519
v 1.065465 -1.164065 0.7247152
v 1.139027 -1.060981 0.7653313
v 1.121682 -1.142775 0.7854118
v 1.105065 -1.075318 0.7540311
v 1.161071 -1.210621 0.7592796
v 1.139027 -1.060981 0.7653313
v 1.170303 -1.174784 0.7996873
v 1.179015 -1.059 0.7852796
v 1.248991 -1.050717 0.6836345
v 1.213505 -1.082194 0.6307434
v 1.206777 -1.059046 0.8073712
v 1.179015 -1.059 0.7852796
v 1.204777 -1.197959 0.8055816
v 1.248991 -1.050717 0.6836345
v 1.293976 -1.05908 0.7057427
v 1.292666 -1.197926 0.7046636
v 1.220713 -1.198492 0.820844
v 1.327338 -1.187326 0.722944
v 1.248969 -1.206057 0.6832423
v 1.293976 -1.05908 0.7057427
v 1.222298 -1.058437 0.8227668
v 1.204777 -1.197959 0.8055816
v 1.206777 -1.059046 0.8073712
v 1.220713 -1.198492 0.820844
v 1.327338 -1.187326 0.722944
v 1.276846 -1.227038 0.7879607
v 1.317792 -1.217104 0.7590904
v 1.276846 -1.227038 0.7879607
v 1.301078 -1.225486 0.8264095
v 1.293712 -1.225615 0.827149
v 1.293976 -1.05908 0.7057427
v 1.310848 -1.049238 0.7359552
v 1.206777 -1.059046 0.8073712
v 1.292666 -1.197926 0.7046636
v 1.248969 -1.206057 0.6832423
v 1.170303 -1.174784 0.7996873
v 1.310848 -1.049238 0.7359552
v 1.161071 -1.210621 0.7592796
v 1.248969 -1.206057 0.6832423
v 1.219048 -1.207267 0.6665474
v 1.213505 -1.082194 0.6307434
v 1.248991 -1.050717 0.6836345
v 1.335835 -1.056802 0.7448821
v 1.327338 -1.187326 0.722944
v 1.22689 -1.189458 0.6528981
v 1.203226 -1.123648 0.6140713
v 1.219048 -1.207267 0.6665474
v 1.220713 -1.198492 0.820844
v 1.205093 -1.119679 0.8434835
v 1.205093 -1.137325 0.8434835
v 1.222298 -1.058437 0.8227668
v 1.205093 -1.119679 0.8434835
v 1.217682 -1.136013 0.8668525
v 1.217682 -1.120992 0.8668525
v 1.22437 -1.122604 0.8763364
v 1.217682 -1.120992 0.8668525
v 1.22437 -1.1344 0.8763364
v 1.276846 -1.029967 0.7879614
v 1.310848 -1.049238 0.7359552
v 1.335835 -1.056802 0.7448821
v 1.301078 -1.031519 0.8264056
v 1.276846 -1.029967 0.7879614
v 1.293712 -1.03139 0.8271441
v 1.002002 -1.19009 0.7710399
v 1.02539 -1.096658 0.7175064
v 1.016451 -1.180827 0.7190902
v 0.9824287 -1.046057 0.7607865
v 0.9778237 -1.055825 0.794526
v 0.955899 -1.21801 0.7849738
v 0.9824287 -1.046057 0.7607865
v 0.9766408 -1.198492 0.7997939
v 0.9778237 -1.055825 0.794526
v 0.9775131 -1.058437 0.7974617
v 0.9328524 -1.030999 0.7311929
v 0.8527585 -1.057418 0.737776
v 0.8580562 -1.049239 0.7641836
v 0.9826798 -1.19804 0.6845616
v 1.016451 -1.180827 0.7190902
v 0.9328524 -1.226007 0.7311938
v 1.02539 -1.096658 0.7175064
v 0.9658296 -1.042106 0.7007846
v 0.9775131 -1.058437 0.7974617
v 0.9713903 -1.197959 0.8212302
v 0.9719399 -1.059046 0.8186042
v 0.9766408 -1.198492 0.7997939
v 0.8385433 -1.187326 0.7564084
v 0.955899 -1.21801 0.7849738
v 0.8734923 -1.216459 0.7460698
v 0.955899 -1.21801 0.7849738
v 0.9328524 -1.226007 0.7311938
v 1.002002 -1.19009 0.7710399
v 0.8403279 -1.05908 0.7939003
v 0.8580562 -1.049239 0.7641836
v 0.9719399 -1.059046 0.8186042
v 0.8400481 -1.197926 0.7955738
v 0.8435678 -1.206206 0.8438463
v 0.9836071 -1.174612 0.8540639
v 0.8580562 -1.049239 0.7641836
v 0.954201 -1.209863 0.8820054
v 0.8435678 -1.206206 0.8438463
v 0.8456635 -1.208282 0.8773863
v 0.8220385 -1.072597 0.9093592
v 0.8436728 -1.050717 0.8439119
v 0.8527585 -1.057418 0.737776
v 0.8385433 -1.187326 0.7564084
v 0.8286521 -1.189907 0.8779674
v 0.8071012 -1.115916 0.9217575
v 0.8456635 -1.208282 0.8773863
v 0.9719399 -1.059046 0.8186042
v 0.9836071 -1.174612 0.8540639
v 0.9666719 -1.059021 0.8542458
v 0.9713903 -1.197959 0.8212302
v 0.9657969 -1.058 0.9061589
v 0.954201 -1.209863 0.8820054
v 0.9666719 -1.059021 0.8542458
v 0.8436728 -1.050717 0.8439119
v 0.8403279 -1.05908 0.7939003
v 0.9667332 -1.197108 0.8739085
v 0.9657969 -1.058 0.9061589
v 0.9836624 -1.083825 0.9263837
v 0.8436728 -1.050717 0.8439119
v 0.8220385 -1.072597 0.9093592
v 0.8793852 -1.096058 1.007304
v 0.8400481 -1.197926 0.7955738
v 0.9766408 -1.198492 0.7997939
v 0.8385433 -1.187326 0.7564084
v 0.8435678 -1.206206 0.8438463
v 0.8403279 -1.05908 0.7939003
v 0.8456635 -1.208282 0.8773863
v 0.8286521 -1.189907 0.8779674
v 0.954201 -1.209863 0.8820054
v 0.8220385 -1.072597 0.9093592
v 0.9657969 -1.058 0.9061589
v 0.8793852 -1.096058 1.007304
v 0.8071012 -1.115916 0.9217575
v 0.8149776 -1.173581 0.8914194
v 0.8793852 -1.096058 1.007304
v 0.8286521 -1.189907 0.8779674
v 0.8532854 -1.205382 1.007365
v 0.8149776 -1.173581 0.8914194
v 0.8383507 -1.203358 0.8663912
v 0.9759918 -1.160483 0.9921641
v 0.9066002 -1.264592 1.002577
v 0.9909016 -1.150313 0.9682184
v 0.9759918 -1.160483 0.9921641
v 0.9754273 -1.297915 0.9742758
v 0.9725705 -1.154174 0.9846618
v 0.9495407 -1.154306 0.84731
v 0.9725705 -1.154174 0.9846618
v 0.9447297 -1.167252 0.8401787
v 1.015985 -1.26482 0.8292015
v 0.9393055 -1.275442 0.8386725
v 0.9355325 -1.141332 0.8748851
v 0.8664955 -1.278778 0.8934811
v 0.9066002 -1.264592 1.002577
v 0.953908 -1.164982 0.8294513
v 1.015985 -1.26482 0.8292015
v 1.059797 -1.204232 0.8180476
v 0.9754273 -1.297915 0.9742758
v 1.042866 -1.245929 0.9827451
v 1.105246 -1.210374 0.9246436
v 1.079829 -1.157499 0.8249738
v 0.953908 -1.164982 0.8294513
v 0.9359634 -1.160819 0.8532669
v 0.9710185 -1.164066 0.9823129
v 0.9239788 -1.158138 0.8924147
v 0.9609898 -1.190323 0.955936
v 0.9239788 -1.158138 0.8924147
v 0.9339463 -1.124735 0.9469804
v 0.9214984 -1.126261 0.8981571
v 1.112682 -1.165061 0.914085
v 1.094253 -1.157419 0.9610997
v 0.9609898 -1.190323 0.955936
v 1.073066 -1.191321 0.840692
v 1.094253 -1.157419 0.9610997
v 1.112682 -1.165061 0.914085
v 1.111551 -1.129319 0.8727866
v 1.115079 -1.129319 0.8848878
v 1.105246 -1.210374 0.9246436
v 1.079829 -1.157499 0.8249738
v 0.9339463 -1.124735 0.9469804
v 0.9959344 -1.162318 1.003294
v 0.9938049 -1.129544 1.007656
v 0.9959344 -1.162318 1.003294
v 1.100889 -1.129544 0.9752938
v 1.099315 -1.191741 0.9278104
v 0.9680337 -1.179174 0.8611143
v 0.9909016 -1.150313 0.9682184
v 0.9868136 -1.115199 0.9660361
v 0.9368343 -1.1689 0.8394524
v 0.9909016 -1.150313 0.9682184
v 0.9447297 -1.167252 0.8401787
v 0.9759918 -1.160483 0.9921641
v 0.9836624 -1.083825 0.9263837
v 0.9680337 -1.179174 0.8611143
v 0.9667332 -1.197108 0.8739085
v 0.8286521 -1.189907 0.8779674
v 0.8149776 -1.173581 0.8914194
v 0.9447297 -1.167252 0.8401787
v 0.8383507 -1.203358 0.8663912
v 0.8664955 -1.278778 0.8934811
v 0.9393055 -1.275442 0.8386725
v 0.9495407 -1.154306 0.84731
v 0.8793852 -1.096058 1.007304
v 0.8532854 -1.205382 1.007365
v 0.9868136 -1.115199 0.9660361
v 0.9355325 -1.141332 0.8748851
v 0.9725705 -1.154174 0.9846618
v 0.9495407 -1.154306 0.84731
v 0.9755656 -1.155665 0.9842142
v 0.9726403 -1.1568 0.9844713
v 0.9355325 -1.141332 0.8748851
v 0.953908 -1.164982 0.8294513
v 0.9359634 -1.160819 0.8532669
v 0.9710185 -1.164066 0.9823129
v 0.953908 -1.164982 0.8294513
v 0.9725705 -1.154174 0.9846618
v 1.042866 -1.245929 0.9827451
v 0.9754273 -1.297915 0.9742758
v 1.042866 -1.245929 0.9827451
v 0.9726403 -1.1568 0.9844713
v 1.105246 -1.210374 0.9246436
v 1.094253 -1.157419 0.9610997
v 0.9710185 -1.164066 0.9823129
v 1.073066 -1.191321 0.840692
v 1.079829 -1.157499 0.8249738
v 0.9239788 -1.158138 0.8924147
v 0.9513693 -1.192671 0.8477606
v 0.9239788 -1.158138 0.8924147
v 1.078162 -1.162067 0.815559
v 0.9513693 -1.192671 0.8477606
v 0.9214984 -1.126261 0.8981571
v 0.9705983 -1.129544 0.7994618
v 0.9608248 -1.122604 0.8852143
v 0.9510379 -1.188299 0.900203
v 0.9329037 -1.048265 0.9097666
v 0.9608248 -1.1344 0.8852143
v 0.9607468 -1.056142 0.9368129
v 0.9417778 -1.217697 0.9508347
v 0.9329037 -1.048265 0.9097666
v 0.9644876 -1.198492 0.9407136
v 0.9607468 -1.056142 0.9368129
v 0.962903 -1.058437 0.9387905
v 0.8841235 -1.031519 0.9351518
v 0.8493649 -1.056802 1.016673
v 0.8743517 -1.049239 1.025601
v 0.962903 -1.058437 0.9387905
v 0.9804248 -1.197959 0.9559755
v 0.9784255 -1.059046 0.9541865
v 0.9644876 -1.198492 0.9407136
v 0.8578613 -1.187326 1.038612
v 0.9417778 -1.217697 0.9508347
v 0.8674087 -1.217104 1.002466
v 0.9417778 -1.217697 0.9508347
v 0.8841235 -1.225486 0.9351478
v 0.9510379 -1.188299 0.900203
v 0.8912251 -1.05908 1.055814
v 0.8743517 -1.049239 1.025601
v 0.9784255 -1.059046 0.9541865
v 0.8925344 -1.197926 1.056893
v 0.9362316 -1.206057 1.078316
v 1.014899 -1.174784 0.9618713
v 0.8743517 -1.049239 1.025601
v 1.02413 -1.210621 1.002278
v 0.9362316 -1.206057 1.078316
v 0.9661515 -1.207267 1.095007
v 0.9716974 -1.082194 1.130815
v 0.9362091 -1.050717 1.077923
v 0.8493649 -1.056802 1.016673
v 0.8578613 -1.187326 1.038612
v 0.9583127 -1.189462 1.108659
v 1.015289 -1.063177 1.131302
v 0.9661515 -1.207267 1.095007
v 1.046174 -1.060981 0.9962263
v 1.015289 -1.063177 1.131302
v 1.014899 -1.174784 0.9618713
v 1.02413 -1.210621 1.002278
v 1.006186 -1.059 0.976279
v 0.9784255 -1.059046 0.9541865
v 1.006186 -1.059 0.976279
v 0.9804248 -1.197959 0.9559755
v 0.9362091 -1.050717 1.077923
v 0.8912251 -1.05908 1.055814
v 1.022583 -1.197979 0.9870653
v 1.046174 -1.060981 0.9962263
v 1.059625 -1.127273 0.9746374
v 0.9362091 -1.050717 1.077923
v 0.9716974 -1.082194 1.130815
v 0.8925344 -1.197926 1.056893
v 0.9644876 -1.198492 0.9407136
v 0.8578613 -1.187326 1.038612
v 0.9362316 -1.206057 1.078316
v 0.8912251 -1.05908 1.055814
v 0.9661515 -1.207267 1.095007
v 0.9583127 -1.189462 1.108659
v 1.02413 -1.210621 1.002278
v 1.061764 -1.149723 0.9763424
v 1.068434 -1.147152 0.9808019
v 1.113543 -1.115199 1.015023
v 0.9789306 -1.1689 0.9950108
v 1.068434 -1.147152 0.9808019
v 0.9835052 -1.167252 0.9885377
v 1.13076 -1.160484 1.037459
v 1.059625 -1.127273 0.9746374
v 1.061764 -1.149723 0.9763424
v 1.022583 -1.197979 0.9870653
v 0.9835052 -1.167252 0.9885377
v 0.953016 -1.203358 1.093775
v 0.9905503 -1.278779 1.082943
v 0.979488 -1.275441 0.9924845
v 0.9660713 -1.216122 0.9884627
v 0.9618767 -1.201265 1.041255
v 0.9583127 -1.189462 1.108659
v 0.9625816 -1.173523 1.126002
v 1.13076 -1.160484 1.037459
v 1.055709 -1.126734 1.001658
v 1.059068 -1.126545 1.022421
v 0.9835052 -1.167252 0.9885377
v 1.114985 -1.297913 1.029002
v 1.105079 -1.264592 1.10276
v 1.14825 -1.216122 1.037326
v 1.082571 -1.205381 1.151325
v 1.13076 -1.160484 1.037459
v 1.134832 -1.173187 1.08674
v 0.9905503 -1.278779 1.082943
v 0.953016 -1.203358 1.093775
v 1.105079 -1.264592 1.10276
v 0.9905503 -1.278779 1.082943
v 0.979488 -1.275441 0.9924845
v 1.009626 -1.264822 0.9213418
v 0.9660713 -1.216122 0.9884627
v 1.008966 -1.141331 1.01386
v 0.9788044 -1.164982 0.9752303
v 1.009626 -1.264822 0.9213418
v 1.021874 -1.204232 0.8778214
v 1.114985 -1.297913 1.029002
v 1.156038 -1.245928 0.9748319
v 1.136912 -1.210372 0.8917612
v 1.037883 -1.157498 0.863938
v 0.9788044 -1.164982 0.9752303
v 0.990457 -1.160818 1.002677
v 1.119739 -1.164068 1.03684
v 1.018514 -1.157977 1.03276
v 1.092284 -1.190723 1.031956
v 1.018514 -1.157977 1.03276
v 1.07116 -1.124732 1.051353
v 1.022645 -1.126262 1.0379
v 1.13143 -1.164846 0.8799084
v 1.162986 -1.15742 0.9195064
v 1.092284 -1.190723 1.031956
v 1.04792 -1.191693 0.8780216
v 1.162986 -1.15742 0.9195064
v 1.13143 -1.164846 0.8799084
v 1.091374 -1.129319 0.8591247
v 1.098227 -1.129319 0.8614141
v 1.136912 -1.210372 0.8917612
v 1.037883 -1.157498 0.863938
v 1.07116 -1.124732 1.051353
v 1.153276 -1.163294 1.022522
v 1.156915 -1.129544 1.026162
v 1.153276 -1.163294 1.022522
v 1.174707 -1.129544 0.9118909
v 1.131834 -1.191375 0.8945992
v 1.008966 -1.141331 1.01386
v 1.059068 -1.126545 1.022421
v 1.055709 -1.126734 1.001658
v 1.123664 -1.155666 1.033849
v 1.122426 -1.1568 1.036511
v 1.008966 -1.141331 1.01386
v 0.9788044 -1.164982 0.9752303
v 0.990457 -1.160818 1.002677
v 1.119739 -1.164068 1.03684
v 0.9788044 -1.164982 0.9752303
v 1.14825 -1.216122 1.037326
v 1.156038 -1.245928 0.9748319
v 1.114985 -1.297913 1.029002
v 1.156038 -1.245928 0.9748319
v 1.122426 -1.1568 1.036511
v 1.136912 -1.210372 0.8917612
v 1.162986 -1.15742 0.9195064
v 1.119739 -1.164068 1.03684
v 1.04792 -1.191693 0.8780216
v 1.037883 -1.157498 0.863938
v 1.018514 -1.157977 1.03276
v 0.9939073 -1.191342 0.9895
v 1.018514 -1.157977 1.03276
v 1.022062 -1.161975 0.8632063
v 0.9939073 -1.191342 0.9895
v 1.022645 -1.126262 1.0379
v 0.9610235 -1.129544 0.9524395
v 0.9886188 -1.095732 1.017953
v 1.041687 -1.189498 1.013725
v 1.039429 -1.046603 1.035736
v 0.9943894 -1.182138 1.025624
v 1.075061 -1.056153 1.02297
v 1.077683 -1.21769 1.046392
v 1.039429 -1.046603 1.035736
v 1.080447 -1.198492 1.021695
v 1.075061 -1.056153 1.02297
v 1.077991 -1.058437 1.022106
v 1.034039 -1.031531 1.093374
v 1.088413 -1.056737 1.159377
v 1.108968 -1.048991 1.14179
v 1.041687 -1.189498 1.013725
v 0.9727149 -1.193212 1.075084
v 1.034035 -1.225474 1.093374
v 0.9943894 -1.182138 1.025624
v 0.9909825 -1.047096 1.081039
v 1.077991 -1.058437 1.022106
v 1.101635 -1.197959 1.015524
v 1.099086 -1.059046 1.016362
v 1.080447 -1.198492 1.021695
v 1.112003 -1.187512 1.162813
v 1.077683 -1.21769 1.046392
v 1.085052 -1.217178 1.136605
v 1.077683 -1.21769 1.046392
v 1.034035 -1.225474 1.093374
v 1.041687 -1.189498 1.013725
v 1.143499 -1.05908 1.142693
v 1.108968 -1.048991 1.14179
v 1.099086 -1.059046 1.016362
v 1.145088 -1.197926 1.142098
v 1.185192 -1.206611 1.114288
v 1.123764 -1.174433 0.9885269
v 1.108968 -1.048991 1.14179
v 1.163291 -1.209921 0.999684
v 1.185192 -1.206611 1.114288
v 1.214938 -1.207551 1.09703
v 1.248006 -1.068923 1.101028
v 1.185137 -1.050717 1.11479
v 1.088413 -1.056737 1.159377
v 1.112003 -1.187512 1.162813
v 1.222806 -1.18946 1.111016
v 1.280512 -1.068591 1.066746
v 1.214938 -1.207551 1.09703
v 1.164099 -1.06928 0.973699
v 1.190185 -1.069122 0.961358
v 1.123764 -1.174433 0.9885269
v 1.163291 -1.209921 0.999684
v 1.132099 -1.059 1.003365
v 1.099086 -1.059046 1.016362
v 1.132099 -1.059 1.003365
v 1.101635 -1.197959 1.015524
v 1.185137 -1.050717 1.11479
v 1.143499 -1.05908 1.142693
v 1.149637 -1.197979 0.9945616
v 1.164099 -1.06928 0.973699
v 1.185137 -1.050717 1.11479
v 1.248006 -1.068923 1.101028
v 1.145088 -1.197926 1.142098
v 1.080447 -1.198492 1.021695
v 1.112003 -1.187512 1.162813
v 1.185192 -1.206611 1.114288
v 1.143499 -1.05908 1.142693
v 1.214938 -1.207551 1.09703
v 1.222806 -1.18946 1.111016
v 1.163291 -1.209921 0.999684
v 1.137854 -1.179175 0.9984878
v 1.219179 -1.150314 0.9251326
v 1.233614 -1.101702 0.9354129
v 1.134694 -1.168898 1.036337
v 1.219179 -1.150314 0.9251326
v 1.131375 -1.16725 1.029139
v 1.247369 -1.160484 0.9260715
v 1.190185 -1.069122 0.961358
v 1.137854 -1.179175 0.9984878
v 1.149637 -1.197979 0.9945616
v 1.222806 -1.18946 1.111016
v 1.239966 -1.173522 1.11599
v 1.131375 -1.16725 1.029139
v 1.207273 -1.203358 1.108161
v 1.216654 -1.278776 1.070241
v 1.132784 -1.275441 1.03459
v 1.135145 -1.154306 1.021406
v 1.321318 -1.120219 1.010338
v 1.321886 -1.20538 1.024736
v 1.233614 -1.101702 0.9354129
v 1.280512 -1.068591 1.066746
v 1.239966 -1.173522 1.11599
v 1.321318 -1.120219 1.010338
v 1.222806 -1.18946 1.111016
v 1.321886 -1.20538 1.024736
v 1.239966 -1.173522 1.11599
v 1.207273 -1.203358 1.108161
v 1.247369 -1.160484 0.9260715
v 1.291081 -1.264594 0.9809645
v 1.219179 -1.150314 0.9251326
v 1.247369 -1.160484 0.9260715
v 1.232158 -1.297914 0.9355056
v 1.242581 -1.154175 0.9327856
v 1.135145 -1.154306 1.021406
v 1.242581 -1.154175 0.9327856
v 1.131375 -1.16725 1.029139
v 1.086241 -1.264822 0.972916
v 1.132784 -1.275441 1.03459
v 1.166032 -1.141331 1.01975
v 1.216654 -1.278776 1.070241
v 1.291081 -1.264594 0.9809645
v 1.117494 -1.164982 1.026553
v 1.086241 -1.264822 0.972916
v 1.054676 -1.204232 0.9405494
v 1.232158 -1.297914 0.9355056
v 1.205773 -1.245928 0.8728672
v 1.124269 -1.210372 0.8478948
v 1.050658 -1.157499 0.9197418
v 1.117494 -1.164982 1.026553
v 1.147094 -1.160817 1.030187
v 1.241323 -1.164068 0.9353014
v 1.188144 -1.158182 1.020269
v 1.222527 -1.190887 0.9583067
v 1.188144 -1.158182 1.020269
v 1.229258 -1.124731 0.9850787
v 1.193694 -1.126261 1.019922
v 1.110333 -1.16513 0.8472854
v 1.161331 -1.15742 0.8391875
v 1.222527 -1.190887 0.9583067
v 1.068426 -1.191902 0.916778
v 1.161331 -1.15742 0.8391875
v 1.110333 -1.16513 0.8472854
v 1.073234 -1.129319 0.871015
v 1.082165 -1.129319 0.8621372
v 1.124269 -1.210372 0.8478948
v 1.050658 -1.157499 0.9197418
v 1.229258 -1.124731 0.9850787
v 1.247037 -1.162318 0.9032417
v 1.251879 -1.129544 0.9029067
v 1.247037 -1.162318 0.9032417
v 1.207005 -1.129544 0.8414671
v 1.178371 -1.213793 0.8821522
v 1.166032 -1.141331 1.01975
v 1.242581 -1.154175 0.9327856
v 1.135145 -1.154306 1.021406
v 1.20616 -1.13291 0.9882697
v 1.242381 -1.156799 0.9328175
v 1.166032 -1.141331 1.01975
v 1.117494 -1.164982 1.026553
v 1.147094 -1.160817 1.030187
v 1.241323 -1.164068 0.9353014
v 1.117494 -1.164982 1.026553
v 1.068426 -1.191902 0.916778
v 1.050658 -1.157499 0.9197418
v 1.188144 -1.158182 1.020269
v 1.1386 -1.192299 1.019697
v 1.188144 -1.158182 1.020269
v 1.042114 -1.161975 0.9330792
v 1.161331 -1.15742 0.8391875
v 1.124269 -1.210372 0.8478948
v 1.241323 -1.164068 0.9353014
v 1.205773 -1.245928 0.8728672
v 1.242381 -1.156799 0.9328175
v 1.232448 -1.20577 0.8872848
v 1.242581 -1.154175 0.9327856
v 1.205773 -1.245928 0.8728672
v 1.232158 -1.297914 0.9355056
v 1.1386 -1.192299 1.019697
v 1.193694 -1.126261 1.019922
v 1.08887 -1.129544 1.030557
v 1.159811 -1.096658 1.044051
v 1.183199 -1.190091 0.9905173
v 1.202772 -1.046056 1.000771
v 1.16875 -1.180827 1.042467
v 1.207378 -1.055825 0.9670296
v 1.229303 -1.21801 0.9765824
v 1.202772 -1.046056 1.000771
v 1.208563 -1.198492 0.9617608
v 1.207378 -1.055825 0.9670296
v 1.20769 -1.058437 0.9640942
v 1.25235 -1.030999 1.030364
v 1.332441 -1.057418 1.023786
v 1.327145 -1.049239 0.9973767
v 1.183199 -1.190091 0.9905173
v 1.202522 -1.19804 1.076997
v 1.25235 -1.226007 1.030363
v 1.16875 -1.180827 1.042467
v 1.219373 -1.042106 1.060774
v 1.20769 -1.058437 0.9640942
v 1.213812 -1.197959 0.9403282
v 1.213262 -1.059046 0.9429551
v 1.208563 -1.198492 0.9617608
v 1.346658 -1.187326 1.005153
v 1.229303 -1.21801 0.9765824
v 1.311708 -1.216459 1.01549
v 1.229303 -1.21801 0.9765824
v 1.25235 -1.226007 1.030363
v 1.183199 -1.190091 0.9905173
v 1.344874 -1.05908 0.9676575
v 1.327145 -1.049239 0.9973767
v 1.213262 -1.059046 0.9429551
v 1.345154 -1.197926 0.9659833
v 1.341633 -1.206205 0.917711
v 1.201594 -1.174612 0.9074944
v 1.327145 -1.049239 0.9973767
v 1.231 -1.209863 0.8795528
v 1.341633 -1.206205 0.917711
v 1.339538 -1.208283 0.8841711
v 1.369989 -1.082975 0.8606898
v 1.341528 -1.050717 0.9176446
v 1.332441 -1.057418 1.023786
v 1.346658 -1.187326 1.005153
v 1.356551 -1.189906 0.8835862
v 1.359357 -1.075671 0.8230758
v 1.339538 -1.208283 0.8841711
v 1.213262 -1.059046 0.9429551
v 1.201594 -1.174612 0.9074944
v 1.218529 -1.059021 0.9073122
v 1.213812 -1.197959 0.9403282
v 1.220007 -1.05751 0.854858
v 1.231 -1.209863 0.8795528
v 1.218529 -1.059021 0.9073122
v 1.341528 -1.050717 0.9176446
v 1.344874 -1.05908 0.9676575
v 1.218469 -1.19711 0.8876484
v 1.220007 -1.05751 0.854858
v 1.201538 -1.083825 0.8351737
v 1.341528 -1.050717 0.9176446
v 1.369989 -1.082975 0.8606898
v 1.345154 -1.197926 0.9659833
v 1.208563 -1.198492 0.9617608
v 1.346658 -1.187326 1.005153
v 1.341633 -1.206205 0.917711
v 1.344874 -1.05908 0.9676575
v 1.339538 -1.208283 0.8841711
v 1.356551 -1.189906 0.8835862
v 1.231 -1.209863 0.8795528
v 1.201538 -1.083825 0.8351737
v 1.314097 -1.102657 0.7528953
v 1.217169 -1.179175 0.9004444
v 1.198386 -1.1152 0.7955247
v 1.218469 -1.19711 0.8876484
v 1.217169 -1.179175 0.9004444
v 1.194298 -1.150314 0.7933422
v 1.193359 -1.146377 0.8582884
v 1.356551 -1.189906 0.8835862
v 1.370224 -1.17358 0.8701375
v 1.194298 -1.150314 0.7933422
v 1.240473 -1.167252 0.9213796
v 1.209208 -1.160484 0.7693935
v 1.245896 -1.275441 0.9228855
v 1.318706 -1.278777 0.8680761
v 1.235659 -1.154306 0.9142483
v 1.240473 -1.167252 0.9213796
v 1.346854 -1.203357 0.8951638
v 1.296247 -1.188066 0.9233657
v 1.314097 -1.102657 0.7528953
v 1.331914 -1.205381 0.754191
v 1.198386 -1.1152 0.7955247
v 1.359357 -1.075671 0.8230758
v 1.359357 -1.075671 0.8230758
v 1.369989 -1.082975 0.8606898
v 1.209208 -1.160484 0.7693935
v 1.235659 -1.154306 0.9142483
v 1.21263 -1.154174 0.7768965
v 1.240473 -1.167252 0.9213796
v 1.209773 -1.297914 0.7872835
v 1.278603 -1.264593 0.758982
v 1.21263 -1.154174 0.7768965
v 1.169216 -1.264821 0.9323554
v 1.245896 -1.275441 0.9228855
v 1.249667 -1.141331 0.8866742
v 1.318706 -1.278777 0.8680761
v 1.278603 -1.264593 0.758982
v 1.231294 -1.164982 0.9321051
v 1.169216 -1.264821 0.9323554
v 1.125404 -1.204234 0.9435099
v 1.209773 -1.297914 0.7872835
v 1.142334 -1.245929 0.7788138
v 1.079957 -1.210371 0.8369111
v 1.10537 -1.157497 0.9365824
v 1.231294 -1.164982 0.9321051
v 1.249236 -1.160816 0.9082958
v 1.214187 -1.164066 0.7792466
v 1.261223 -1.158136 0.869145
v 1.224213 -1.190322 0.8056226
v 1.261223 -1.158136 0.869145
v 1.251256 -1.124735 0.8145805
v 1.263703 -1.126261 0.8634003
v 1.072519 -1.16506 0.8474714
v 1.09095 -1.157419 0.8004564
v 1.224213 -1.190322 0.8056226
v 1.126485 -1.199342 0.9232202
v 1.09095 -1.157419 0.8004564
v 1.072519 -1.16506 0.8474714
v 1.07365 -1.129319 0.8887709
v 1.07124 -1.129319 0.8804969
v 1.079957 -1.210371 0.8369111
v 1.10537 -1.157497 0.9365824
v 1.251256 -1.124735 0.8145805
v 1.189273 -1.162317 0.758265
v 1.191402 -1.129544 0.753903
v 1.189273 -1.162317 0.758265
v 1.084314 -1.129544 0.7862613
v 1.085887 -1.191741 0.8337462
v 1.249667 -1.141331 0.8866742
v 1.21263 -1.154174 0.7768965
v 1.235659 -1.154306 0.9142483
v 1.209636 -1.155665 0.777344
v 1.21256 -1.156799 0.7770856
v 1.249667 -1.141331 0.8866742
v 1.231294 -1.164982 0.9321051
v 1.249236 -1.160816 0.9082958
v 1.214187 -1.164066 0.7792466
v 1.231294 -1.164982 0.9321051
v 1.21263 -1.154174 0.7768965
v 1.142334 -1.245929 0.7788138
v 1.209773 -1.297914 0.7872835
v 1.142334 -1.245929 0.7788138
v 1.21256 -1.156799 0.7770856
v 1.079957 -1.210371 0.8369111
v 1.09095 -1.157419 0.8004564
v 1.214187 -1.164066 0.7792466
v 1.126485 -1.199342 0.9232202
v 1.10537 -1.157497 0.9365824
v 1.261223 -1.158136 0.869145
v 1.233832 -1.192671 0.9137974
v 1.261223 -1.158136 0.869145
v 1.107039 -1.162067 0.9459989
v 1.233832 -1.192671 0.9137974
v 1.263703 -1.126261 0.8634003
v 1.214603 -1.129544 0.9620966
v 1.196582 -1.095732 0.7436042
v 1.143516 -1.189498 0.7478327
v 1.145773 -1.046603 0.7258213
v 1.190812 -1.182138 0.7359337
v 1.110139 -1.056154 0.7385882
v 1.107517 -1.21769 0.7151667
v 1.145773 -1.046603 0.7258213
v 1.104751 -1.198492 0.7398624
v 1.110139 -1.056154 0.7385882
v 1.107209 -1.058437 0.7394516
v 1.151163 -1.031531 0.6681841
v 1.09679 -1.056737 0.6021804
v 1.076234 -1.048991 0.6197675
v 1.143516 -1.189498 0.7478327
v 1.212486 -1.193212 0.6864733
v 1.151167 -1.225474 0.6681841
v 1.190812 -1.182138 0.7359337
v 1.194219 -1.047097 0.6805179
v 1.107209 -1.058437 0.7394516
v 1.083566 -1.197959 0.7460328
v 1.086115 -1.059046 0.7451956
v 1.104751 -1.198492 0.7398624
v 1.073198 -1.187512 0.5987438
v 1.107517 -1.21769 0.7151667
v 1.10015 -1.217178 0.624952
v 1.107517 -1.21769 0.7151667
v 1.151167 -1.225474 0.6681841
v 1.143516 -1.189498 0.7478327
v 1.041703 -1.05908 0.6188647
v 1.076234 -1.048991 0.6197675
v 1.086115 -1.059046 0.7451956
v 1.040114 -1.197926 0.6194592
v 1.000009 -1.206611 0.64727
v 1.061437 -1.174433 0.7730299
v 1.076234 -1.048991 0.6197675
v 1.021912 -1.209921 0.7618717
v 1.000009 -1.206611 0.64727
v 0.9702625 -1.207551 0.6645274
v 0.9371961 -1.068923 0.6605307
v 1.000064 -1.050717 0.6467679
v 1.09679 -1.056737 0.6021804
v 1.073198 -1.187512 0.5987438
v 0.9623975 -1.189461 0.6505416
v 0.9046919 -1.06859 0.6948081
v 0.9702625 -1.207551 0.6645274
v 1.086115 -1.059046 0.7451956
v 1.061437 -1.174433 0.7730299
v 1.053102 -1.059 0.7581918
v 1.083566 -1.197959 0.7460328
v 1.021103 -1.06928 0.7878591
v 1.021912 -1.209921 0.7618717
v 1.053102 -1.059 0.7581918
v 1.000064 -1.050717 0.6467679
v 1.041703 -1.05908 0.6188647
v 1.035564 -1.197979 0.7669959
v 1.021103 -1.06928 0.7878591
v 0.9950151 -1.069121 0.8001993
v 1.000064 -1.050717 0.6467679
v 0.9371961 -1.068923 0.6605307
v 1.040114 -1.197926 0.6194592
v 1.104751 -1.198492 0.7398624
v 1.073198 -1.187512 0.5987438
v 1.000009 -1.206611 0.64727
v 1.041703 -1.05908 0.6188647
v 0.9702625 -1.207551 0.6645274
v 0.9623975 -1.189461 0.6505416
v 1.021912 -1.209921 0.7618717
v 0.9046919 -1.06859 0.6948081
v 0.9515856 -1.101701 0.8261449
v 0.8638827 -1.12022 0.7512171
v 0.9046919 -1.06859 0.6948081
v 0.966021 -1.150315 0.836425
v 0.8633154 -1.205381 0.7368211
v 0.9515856 -1.101701 0.8261449
v 1.047346 -1.179176 0.7630725
v 0.9515856 -1.101701 0.8261449
v 1.050508 -1.168898 0.7252237
v 0.966021 -1.150315 0.836425
v 1.020127 -1.139668 0.8021606
v 0.9378331 -1.160484 0.835486
v 0.9950151 -1.069121 0.8001993
v 1.047346 -1.179176 0.7630725
v 1.035564 -1.197979 0.7669959
v 0.9623975 -1.189461 0.6505416
v 0.9452394 -1.173522 0.645567
v 1.040582 -1.20577 0.6953326
v 0.9779354 -1.203357 0.6533972
v 0.968546 -1.278778 0.6913185
v 1.052417 -1.275441 0.7269672
v 1.040582 -1.20577 0.6953326
v 1.050055 -1.154306 0.7401508
v 0.9378331 -1.160484 0.835486
v 1.050055 -1.154306 0.7401508
v 0.9426205 -1.154174 0.8287703
v 1.020127 -1.139668 0.8021606
v 0.9530441 -1.297913 0.8260519
v 0.8941206 -1.264592 0.7805976
v 0.9426205 -1.154174 0.8287703
v 1.098959 -1.264822 0.7886389
v 1.052417 -1.275441 0.7269672
v 1.019168 -1.141331 0.7418083
v 0.968546 -1.278778 0.6913185
v 0.8941206 -1.264592 0.7805976
v 1.067699 -1.164982 0.7350013
v 1.098959 -1.264822 0.7886389
v 1.130526 -1.204233 0.8210078
v 0.9530441 -1.297913 0.8260519
v 0.9794251 -1.245928 0.8886891
v 1.06093 -1.210372 0.9136628
v 1.134544 -1.157498 0.841813
v 1.067699 -1.164982 0.7350013
v 1.038103 -1.160818 0.731371
v 0.9438781 -1.164065 0.8262524
v 0.9970574 -1.158189 0.7412903
v 0.9626771 -1.19089 0.8032519
v 0.9970574 -1.158189 0.7412903
v 0.9559423 -1.124741 0.7764785
v 0.9915061 -1.126265 0.741636
v 1.067807 -1.170463 0.915084
v 1.023867 -1.157419 0.9223704
v 0.9626771 -1.19089 0.8032519
v 1.116775 -1.191903 0.8447798
v 1.023867 -1.157419 0.9223704
v 1.067807 -1.170463 0.915084
v 1.111967 -1.129319 0.8905431
v 1.103036 -1.129319 0.8994213
v 1.06093 -1.210372 0.9136628
v 1.134544 -1.157498 0.841813
v 0.9559423 -1.124741 0.7764785
v 0.9381659 -1.162319 0.8583217
v 0.9333233 -1.129544 0.8586597
v 0.9381659 -1.162319 0.8583217
v 1.014896 -1.129544 0.9352145
v 1.05724 -1.191935 0.9090922
v 1.019168 -1.141331 0.7418083
v 0.9426205 -1.154174 0.8287703
v 1.050055 -1.154306 0.7401508
v 0.9445045 -1.155666 0.8311393
v 0.9428203 -1.1568 0.8287403
v 1.019168 -1.141331 0.7418083
v 1.067699 -1.164982 0.7350013
v 1.038103 -1.160818 0.731371
v 0.9438781 -1.164065 0.8262524
v 1.067699 -1.164982 0.7350013
v 0.9426205 -1.154174 0.8287703
v 0.9794251 -1.245928 0.8886891
v 0.9530441 -1.297913 0.8260519
v 0.9794251 -1.245928 0.8886891
v 0.9428203 -1.1568 0.8287403
v 1.06093 -1.210372 0.9136628
v 1.023867 -1.157419 0.9223704
v 0.9438781 -1.164065 0.8262524
v 1.116775 -1.191903 0.8447798
v 1.134544 -1.157498 0.841813
v 0.9970574 -1.158189 0.7412903
v 1.046599 -1.192298 0.7418599
v 0.9970574 -1.158189 0.7412903
v 1.143088 -1.161976 0.8284757
v 1.046599 -1.192298 0.7418599
v 0.9915061 -1.126265 0.741636
v 1.096326 -1.129544 0.7309978
v 0.9658296 -1.042106 0.7007846
v 0.9824287 -1.046057 0.7607865
v 0.9328524 -1.030999 0.7311929
v 1.02539 -1.096658 0.7175064
v 1.078162 -1.162067 0.815559
v 0.9705983 -1.129544 0.7994618
v 0.9513693 -1.192671 0.8477606
v 1.084877 -1.129544 0.8154155
v 0.9609898 -1.190323 0.955936
v 1.099315 -1.191741 0.9278104
v 1.112682 -1.165061 0.914085
v 0.9959344 -1.162318 1.003294
v 0.9368343 -1.1689 0.8394524
v 0.8383507 -1.203358 0.8663912
v 0.9680337 -1.179174 0.8611143
v 0.8664955 -1.278778 0.8934811
v 0.9510379 -1.188299 0.900203
v 0.8685944 -1.193188 0.8730326
v 0.8841235 -1.225486 0.9351478
v 0.8728923 -1.19804 0.8765814
v 0.8688399 -1.082355 0.860217
v 0.8728923 -1.19804 0.8765814
v 0.8737565 -1.047122 0.8915042
v 0.8737565 -1.047122 0.8915042
v 0.9329037 -1.048265 0.9097666
v 0.8841235 -1.031519 0.9351518
v 0.8688399 -1.082355 0.860217
v 1.022062 -1.161975 0.8632063
v 0.9610235 -1.129544 0.9524395
v 0.9939073 -1.191342 0.9895
v 1.020863 -1.129544 0.8586203
v 1.092284 -1.190723 1.031956
v 1.131834 -1.191375 0.8945992
v 1.13143 -1.164846 0.8799084
v 1.153276 -1.163294 1.022522
v 0.9789306 -1.1689 0.9950108
v 0.9625816 -1.173523 1.126002
v 0.9618767 -1.201265 1.041255
v 1.098636 -1.108799 1.135035
v 0.953016 -1.203358 1.093775
v 0.9625816 -1.173523 1.126002
v 1.015289 -1.063177 1.131302
v 0.9583127 -1.189462 1.108659
v 1.071289 -1.049371 1.068847
v 1.071289 -1.049371 1.068847
v 1.098636 -1.108799 1.135035
v 1.113543 -1.115199 1.015023
v 1.098636 -1.108799 1.135035
v 1.098636 -1.108799 1.135035
v 1.134832 -1.173187 1.08674
v 1.082571 -1.205381 1.151325
v 0.9909825 -1.047096 1.081039
v 1.039429 -1.046603 1.035736
v 1.034039 -1.031531 1.093374
v 0.9886188 -1.095732 1.017953
v 1.042114 -1.161975 0.9330792
v 1.08887 -1.129544 1.030557
v 1.1386 -1.192299 1.019697
v 1.037543 -1.129544 0.9318232
v 1.222527 -1.190887 0.9583067
v 1.178371 -1.213793 0.8821522
v 1.110333 -1.16513 0.8472854
v 1.247037 -1.162318 0.9032417
v 1.134694 -1.168898 1.036337
v 1.207273 -1.203358 1.108161
v 1.137854 -1.179175 0.9984878
v 1.216654 -1.278776 1.070241
v 1.219373 -1.042106 1.060774
v 1.202772 -1.046056 1.000771
v 1.25235 -1.030999 1.030364
v 1.159811 -1.096658 1.044051
v 1.107039 -1.162067 0.9459989
v 1.214603 -1.129544 0.9620966
v 1.233832 -1.192671 0.9137974
v 1.100324 -1.129544 0.9461427
v 1.224213 -1.190322 0.8056226
v 1.085887 -1.191741 0.8337462
v 1.072519 -1.16506 0.8474714
v 1.189273 -1.162317 0.758265
v 1.331914 -1.205381 0.754191
v 1.209208 -1.160484 0.7693935
v 1.194298 -1.150314 0.7933422
v 1.318706 -1.278777 0.8680761
v 1.346854 -1.203357 0.8951638
v 1.296247 -1.188066 0.9233657
v 1.370224 -1.17358 0.8701375
v 1.217169 -1.179175 0.9004444
v 1.314097 -1.102657 0.7528953
v 1.346854 -1.203357 0.8951638
v 1.370224 -1.17358 0.8701375
v 1.359357 -1.075671 0.8230758
v 1.356551 -1.189906 0.8835862
v 1.293712 -1.225615 0.827149
v 1.316609 -1.193188 0.8885241
v 1.301078 -1.225486 0.8264095
v 1.312312 -1.19804 0.8849751
v 1.316366 -1.082355 0.9013395
v 1.312312 -1.19804 0.8849751
v 1.311446 -1.047122 0.8700526
v 1.311446 -1.047122 0.8700526
v 1.293712 -1.03139 0.8271441
v 1.301078 -1.031519 0.8264056
v 1.316366 -1.082355 0.9013395
v 1.163138 -1.161977 0.8983519
v 1.224177 -1.129544 0.8091139
v 1.191292 -1.191342 0.7720543
v 1.164336 -1.129544 0.902939
v 1.031925 -1.163294 0.7390351
v 1.010494 -1.129544 0.8496664
v 1.053368 -1.191375 0.866958
v 1.028286 -1.129544 0.7353956
v 1.073273 -1.212072 0.7648242
v 1.053368 -1.191375 0.866958
v 1.053769 -1.164847 0.8816472
v 1.031925 -1.163294 0.7390351
v 1.223329 -1.201264 0.7202948
v 1.22689 -1.189458 0.6528981
v 1.22262 -1.173522 0.6355556
v 1.202151 -1.220133 0.7193839
v 1.202151 -1.220133 0.7193839
v 1.219048 -1.207267 0.6665474
v 1.22689 -1.189458 0.6528981
v 1.161071 -1.210621 0.7592796
v 1.194219 -1.047097 0.6805179
v 1.145773 -1.046603 0.7258213
v 1.151163 -1.031531 0.6681841
v 1.196582 -1.095732 0.7436042
v 1.143088 -1.161976 0.8284757
v 1.096326 -1.129544 0.7309978
v 1.046599 -1.192298 0.7418599
v 1.14766 -1.129544 0.8297306
v 0.9626771 -1.19089 0.8032519
v 1.05724 -1.191935 0.9090922
v 1.067807 -1.170463 0.915084
v 0.9381659 -1.162319 0.8583217
v 0.8633154 -1.205381 0.7368211
v 0.9378331 -1.160484 0.835486
v 0.966021 -1.150315 0.836425
v 0.968546 -1.278778 0.6913185
v 0.9779354 -1.203357 0.6533972
v 1.050508 -1.168898 0.7252237
v 0.9452394 -1.173522 0.645567
v 1.047346 -1.179176 0.7630725
v 0.8638827 -1.12022 0.7512171
v 0.9779354 -1.203357 0.6533972
v 0.9452394 -1.173522 0.645567
v 0.9046919 -1.06859 0.6948081
v 0.9623975 -1.189461 0.6505416
v 1.053769 -1.164847 0.8816472
v 1.093824 -1.129319 0.9024316
v 1.086974 -1.129319 0.9001433
v 1.048289 -1.210371 0.8697956
v 1.147316 -1.157499 0.8976196
v 1.111551 -1.129319 0.8727866
v 1.078162 -1.162067 0.815559
v 1.073066 -1.191321 0.840692
v 1.084877 -1.129544 0.8154155
v 1.099315 -1.191741 0.9278104
v 1.113339 -1.129319 0.8791636
v 1.112682 -1.165061 0.914085
v 1.100889 -1.129544 0.9752938
v 1.091374 -1.129319 0.8591247
v 1.022062 -1.161975 0.8632063
v 1.04792 -1.191693 0.8780216
v 1.020863 -1.129544 0.8586203
v 1.131834 -1.191375 0.8945992
v 1.098227 -1.129319 0.8614141
v 1.13143 -1.164846 0.8799084
v 1.174707 -1.129544 0.9118909
v 1.073234 -1.129319 0.871015
v 1.042114 -1.161975 0.9330792
v 1.068426 -1.191902 0.916778
v 1.037543 -1.129544 0.9318232
v 1.087489 -1.133294 0.8557843
v 1.082165 -1.129319 0.8621372
v 1.110333 -1.16513 0.8472854
v 1.086591 -1.129544 0.8568252
v 1.07365 -1.129319 0.8887709
v 1.107039 -1.162067 0.9459989
v 1.07363 -1.134196 0.8906739
v 1.100324 -1.129544 0.9461427
v 1.085887 -1.191741 0.8337462
v 1.07124 -1.129319 0.8804969
v 1.072519 -1.16506 0.8474714
v 1.084314 -1.129544 0.7862613
v 1.191292 -1.191342 0.7720543
v 1.169259 -1.129319 0.7270208
v 1.166688 -1.157975 0.7287983
v 1.224177 -1.129544 0.8091139
v 1.093824 -1.129319 0.9024316
v 1.163138 -1.161977 0.8983519
v 1.137278 -1.191694 0.8835359
v 1.164336 -1.129544 0.902939
v 1.114041 -1.124732 0.7102047
v 1.031925 -1.163294 0.7390351
v 1.073273 -1.212072 0.7648242
v 1.028286 -1.129544 0.7353956
v 1.053368 -1.191375 0.866958
v 1.086974 -1.129319 0.9001433
v 1.053769 -1.164847 0.8816472
v 1.010494 -1.129544 0.8496664
v 1.111967 -1.129319 0.8905431
v 1.143088 -1.161976 0.8284757
v 1.116775 -1.191903 0.8447798
v 1.14766 -1.129544 0.8297306
v 1.05724 -1.191935 0.9090922
v 1.103036 -1.129319 0.8994213
v 1.104011 -1.134196 0.898917
v 1.014896 -1.129544 0.9352145
v 1.327614 -0.9524828 0.6504
v 1.354447 -0.8202351 0.724727
v 1.305374 -0.8202345 0.6622413
v 1.378993 -0.9524828 0.7190444
v 1.380682 -1.05875 0.7135291
v 1.327817 -1.05875 0.6446352
v 1.375061 -1.165018 0.7122343
v 1.322053 -1.165018 0.6448395
v 1.310211 -1.297267 0.6670785
v 1.357867 -1.297266 0.7306501
v 1.385673 -0.8202328 0.7977839
v 1.410854 -0.9524832 0.7986472
v 1.413913 -1.05875 0.7937574
v 1.408819 -1.165018 0.7910516
v 1.387446 -1.297264 0.8043904
v 1.396928 -0.8202318 0.8764327
v 1.421028 -0.9524832 0.8837843
v 1.425248 -1.05875 0.879853
v 1.421028 -1.165018 0.8759208
v 1.39693 -1.297265 0.8832731
v 1.387443 -0.8202314 0.9553148
v 1.40882 -0.9524831 0.9686544
v 1.413913 -1.05875 0.9659474
v 1.410855 -1.165018 0.9610578
v 1.385674 -1.297267 0.961922
v 1.357866 -0.8202342 1.029055
v 1.375061 -0.952483 1.047472
v 1.380682 -1.05875 1.046176
v 1.378993 -1.165018 1.040662
v 1.354446 -1.297269 1.034978
v 1.310212 -0.8202345 1.092627
v 1.322054 -0.9524831 1.114866
v 1.327817 -1.05875 1.11507
v 1.327614 -1.165018 1.109306
v 1.305375 -1.297267 1.097463
v 1.247727 -0.8202351 1.141699
v 1.253409 -0.9524828 1.166245
v 1.258925 -1.05875 1.167934
v 1.26022 -1.165018 1.162313
v 1.241803 -1.297268 1.145118
v 1.17467 -0.8202335 1.172926
v 1.173807 -0.9524832 1.198106
v 1.178696 -1.05875 1.201165
v 1.181402 -1.165018 1.196072
v 1.168062 -1.297269 1.174695
v 1.096021 -0.820232 1.18418
v 1.088669 -0.9524832 1.208281
v 1.092601 -1.05875 1.2125
v 1.096532 -1.165018 1.208281
v 1.08918 -1.297269 1.18418
v 1.017139 -0.8202315 1.174695
v 1.088669 -0.9524832 1.208281
v 1.003799 -0.952483 1.196072
v 1.096021 -0.820232 1.18418
v 1.006505 -1.05875 1.201165
v 1.092601 -1.05875 1.2125
v 1.011395 -1.165018 1.198106
v 1.096532 -1.165018 1.208281
v 1.08918 -1.297269 1.18418
v 1.010532 -1.297268 1.172926
v 0.9433991 -0.8202342 1.145119
v 0.9249819 -0.9524829 1.162313
v 0.9262766 -1.05875 1.167934
v 0.9317921 -1.165018 1.166245
v 0.9374739 -1.297267 1.141699
v 0.8798268 -0.8202329 1.097464
v 0.8575871 -0.9524833 1.109306
v 0.8573826 -1.05875 1.11507
v 0.8631472 -1.165018 1.114866
v 0.8749895 -1.297268 1.092626
v 0.8307554 -0.820233 1.034979
v 0.8062085 -0.9524832 1.040662
v 0.8045191 -1.05875 1.046176
v 0.8101401 -1.165018 1.047471
v 0.8273348 -1.297269 1.029055
v 0.7995265 -0.8202354 0.9619229
v 0.7743462 -0.9524832 0.9610591
v 0.7712882 -1.05875 0.9659479
v 0.7763814 -1.165018 0.9686533
v 0.7977558 -1.297265 0.955315
v 0.7882712 -0.8202358 0.8832736
v 0.764173 -0.9524832 0.8759215
v 0.7599535 -1.05875 0.8798532
v 0.764173 -1.165018 0.8837833
v 0.788272 -1.297266 0.8764317
v 0.7977558 -0.8202354 0.8043913
v 0.7763814 -0.9524831 0.7910521
v 0.771288 -1.05875 0.7937579
v 0.7743472 -1.165018 0.7986473
v 0.7995276 -1.297268 0.797783
v 0.8273341 -0.8202333 0.7306517
v 0.8101403 -0.9524831 0.7122343
v 0.8045193 -1.05875 0.713529
v 0.8062084 -1.165018 0.7190444
v 0.8307547 -1.297266 0.7247257
v 0.8749893 -0.8202336 0.6670799
v 0.8631474 -0.9524831 0.6448399
v 0.8573841 -1.05875 0.6446354
v 0.8575885 -1.165018 0.6503999
v 0.8798268 -1.297266 0.6622412
v 0.9374735 -0.8202339 0.618008
v 0.9317915 -0.9524832 0.5934612
v 0.9262776 -1.05875 0.5917718
v 0.9249826 -1.165018 0.5973929
v 0.9433995 -1.297265 0.6145856
v 1.01053 -0.8202322 0.5867809
v 1.011395 -0.9524833 0.5615989
v 1.006506 -1.05875 0.5585409
v 1.0038 -1.165018 0.563634
v 1.01714 -1.297267 0.5850092
v 1.08918 -0.8202317 0.5755262
v 1.096533 -0.9524832 0.5514257
v 1.092602 -1.05875 0.5472063
v 1.08867 -1.165018 0.5514257
v 1.096022 -1.297268 0.5755255
v 1.168063 -0.8202343 0.5850092
v 1.181402 -0.9524831 0.5636352
v 1.178697 -1.05875 0.558541
v 1.173808 -1.165018 0.5616
v 1.174673 -1.297266 0.5867806
v 1.241802 -0.8202355 0.6145867
v 1.260219 -0.952483 0.5973925
v 1.258924 -1.05875 0.5917729
v 1.253411 -1.165018 0.5934622
v 1.247728 -1.297267 0.6180088
v 1.014944 -0.8805372 0.9950889
v 1.170257 -0.8805372 0.7662925
v 1.212073 -0.8976399 0.9608833
v 0.9731281 -0.8976399 0.8004979
v 1.218109 -0.9547349 0.8994487
v 1.196715 -0.9620072 0.9812974
v 1.212073 -0.8976399 0.9608833
v 1.217774 -0.9538119 0.8776926
v 1.221018 -0.9655836 0.8576542
v 1.170257 -0.8805372 0.7662925
v 1.193208 -0.9620072 0.7765773
v 1.111358 -0.9547348 0.7551826
v 1.089602 -0.9538119 0.755518
v 1.069563 -0.9655836 0.7522737
v 0.9731281 -0.8976399 0.8004979
v 0.9884871 -0.9620074 0.7800834
v 0.9670931 -0.9547343 0.8619336
v 0.9674276 -0.9538114 0.8836897
v 0.964184 -0.9655835 0.9037285
v 1.014944 -0.8805372 0.9950889
v 0.9919921 -0.9620078 0.9848031
v 1.073844 -0.9547343 1.006199
v 1.095598 -0.9538116 1.005863
v 1.115638 -0.9655831 1.009107
v 1.092601 -1.231733 0.8806912
v 1.11709 -1.229388 0.9433408
v 1.1392 -1.229388 0.9292003
v 1.09125 -1.229388 0.9479433
v 1.065617 -1.229388 0.9423074
v 1.044091 -1.229388 0.9272906
v 1.029951 -1.229388 0.9051802
v 1.025348 -1.229388 0.8793408
v 1.030984 -1.229388 0.8537075
v 1.046001 -1.229388 0.8321812
v 1.068112 -1.229388 0.8180403
v 1.093951 -1.229388 0.8134378
v 1.119585 -1.229388 0.8190738
v 1.14111 -1.229388 0.8340904
v 1.155251 -1.229388 0.8562026
v 1.159853 -1.229388 0.8820418
v 1.154217 -1.229388 0.907675
v 1.210761 -1.176092 0.991902
v 1.244325 -1.176092 0.9382175
v 1.254791 -1.176092 0.8757783
v 1.240564 -1.176092 0.8140829
v 1.203812 -1.176091 0.7625306
v 1.150128 -1.176092 0.7289659
v 1.087686 -1.176092 0.7185003
v 1.025992 -1.176092 0.7327272
v 0.9744397 -1.176092 0.7694798
v 0.940876 -1.176092 0.8231632
v 0.9304106 -1.176092 0.8856044
v 0.9446373 -1.176092 0.9472987
v 0.9813899 -1.176092 0.9988517
v 1.035074 -1.176092 1.032416
v 1.097515 -1.176092 1.042881
v 1.159208 -1.176092 1.028654
v 1.23053 -1.047613 0.9423405
v 1.183088 -1.047613 0.9770793
v 1.213086 -1.047613 0.9351144
v 1.196437 -1.047613 0.9904314
v 1.241769 -1.024411 0.9360333
v 1.224742 -1.047613 0.8848655
v 1.251593 -1.024411 0.8747367
v 1.233725 -1.047612 0.8267546
v 1.216281 -1.047613 0.8339788
v 1.243622 -1.047612 0.8848651
v 1.210761 -1.176092 0.991902
v 1.23053 -1.047613 0.9423405
v 1.244325 -1.176092 0.9382175
v 1.254791 -1.176092 0.8757783
v 1.243622 -1.047612 0.8848651
v 1.240564 -1.176092 0.8140829
v 1.243622 -1.047612 0.8848651
v 1.213086 -1.047613 0.9351144
v 1.224742 -1.047613 0.8848655
v 1.23053 -1.047613 0.9423405
v 1.209237 -1.024411 0.9889039
v 1.183088 -1.047613 0.9770793
v 1.241769 -1.024411 0.9360333
v 1.196437 -1.047613 0.9904314
v 1.139312 -1.047612 1.004371
v 1.146538 -1.047613 1.021814
v 1.244325 -1.176092 0.9382175
v 1.23053 -1.047613 0.9423405
v 1.254791 -1.176092 0.8757783
v 1.159208 -1.176092 1.028654
v 1.146538 -1.047613 1.021814
v 1.210761 -1.176092 0.991902
v 1.20234 -1.047613 0.7768536
v 1.216281 -1.047613 0.8339788
v 1.188991 -1.047612 0.7902043
v 1.233725 -1.047612 0.8267546
v 1.240564 -1.176092 0.8140829
v 1.233725 -1.047612 0.8267546
v 1.203812 -1.176091 0.7625306
v 1.154251 -1.047613 0.7427623
v 1.188991 -1.047612 0.7902043
v 1.147025 -1.047613 0.7602054
v 1.20234 -1.047613 0.7768536
v 1.203812 -1.176091 0.7625306
v 1.20234 -1.047613 0.7768536
v 1.150128 -1.176092 0.7289659
v 1.096774 -1.047613 0.7296686
v 1.147025 -1.047613 0.7602054
v 1.096775 -1.047613 0.7485497
v 1.154251 -1.047613 0.7427623
v 1.150128 -1.176092 0.7289659
v 1.154251 -1.047613 0.7427623
v 1.087686 -1.176092 0.7185003
v 1.038663 -1.047613 0.7395674
v 1.096775 -1.047613 0.7485497
v 1.045888 -1.047613 0.7570113
v 1.096774 -1.047613 0.7296686
v 1.087686 -1.176092 0.7185003
v 1.096774 -1.047613 0.7296686
v 1.025992 -1.176092 0.7327272
v 0.9887632 -1.047613 0.7709517
v 1.045888 -1.047613 0.7570113
v 1.002115 -1.047613 0.7843012
v 1.038663 -1.047613 0.7395674
v 1.025992 -1.176092 0.7327272
v 1.038663 -1.047613 0.7395674
v 0.9744397 -1.176092 0.7694798
v 0.9546721 -1.047613 0.8190417
v 1.002115 -1.047613 0.7843012
v 0.9721155 -1.047613 0.8262659
v 0.9887632 -1.047613 0.7709517
v 0.9744397 -1.176092 0.7694798
v 0.9887632 -1.047613 0.7709517
v 0.940876 -1.176092 0.8231632
v 0.941579 -1.047613 0.8765172
v 0.9721155 -1.047613 0.8262659
v 0.9604591 -1.047613 0.8765172
v 0.9546721 -1.047613 0.8190417
v 0.940876 -1.176092 0.8231632
v 0.9546721 -1.047613 0.8190417
v 0.9304106 -1.176092 0.8856044
v 0.9514776 -1.047613 0.9346283
v 0.9604591 -1.047613 0.8765172
v 0.9689209 -1.047613 0.9274033
v 0.941579 -1.047613 0.8765172
v 0.9304106 -1.176092 0.8856044
v 0.941579 -1.047613 0.8765172
v 0.9446373 -1.176092 0.9472987
v 0.9828607 -1.047613 0.984528
v 0.9689209 -1.047613 0.9274033
v 0.9962115 -1.047613 0.971177
v 0.9514776 -1.047613 0.9346283
v 0.9446373 -1.176092 0.9472987
v 0.9514776 -1.047613 0.9346283
v 0.9813899 -1.176092 0.9988517
v 1.030951 -1.047613 1.01862
v 0.9962115 -1.047613 0.971177
v 1.038175 -1.047612 1.001176
v 0.9828607 -1.047613 0.984528
v 0.9813899 -1.176092 0.9988517
v 0.9828607 -1.047613 0.984528
v 1.035074 -1.176092 1.032416
v 1.088427 -1.047613 1.031713
v 1.038175 -1.047612 1.001176
v 1.088427 -1.047613 1.012832
v 1.030951 -1.047613 1.01862
v 1.035074 -1.176092 1.032416
v 1.030951 -1.047613 1.01862
v 1.097515 -1.176092 1.042881
v 1.146538 -1.047613 1.021814
v 1.088427 -1.047613 1.012832
v 1.139312 -1.047612 1.004371
v 1.088427 -1.047613 1.031713
v 1.097515 -1.176092 1.042881
v 1.088427 -1.047613 1.031713
v 1.159208 -1.176092 1.028654
v 1.204901 -1.027007 0.6853462
v 1.20141 -1.0515 0.7672164
v 1.162417 -1.073183 0.7589276
v 1.251415 -1.027007 0.7210382
v 1.135742 -1.0515 0.729302
v 1.150731 -1.027007 0.6629081
v 1.095307 -1.051501 0.7232677
v 1.092601 -1.027007 0.6552552
v 1.054687 -1.0515 0.7279022
v 1.03447 -1.027007 0.6629072
v 1.016651 -1.0515 0.7428923
v 0.9803025 -1.027007 0.6853452
v 0.9837912 -1.0515 0.7672169
v 0.9337854 -1.027007 0.7210372
v 0.9583459 -1.0515 0.7992161
v 0.8980924 -1.027007 0.7675533
v 0.9420494 -1.0515 0.8367116
v 0.8756555 -1.027007 0.8217222
v 0.9360151 -1.051501 0.8771474
v 0.8680015 -1.027007 0.8798522
v 0.9406497 -1.0515 0.9177666
v 0.8756545 -1.027007 0.9379833
v 0.9556408 -1.0515 0.9558029
v 0.8980926 -1.027007 0.9921522
v 0.9799643 -1.051501 0.9886621
v 0.9337856 -1.027007 1.038668
v 1.011964 -1.0515 1.014107
v 0.9803016 -1.027007 1.074361
v 1.04946 -1.0515 1.030404
v 1.034471 -1.027007 1.096798
v 1.089895 -1.051501 1.036438
v 1.092601 -1.027007 1.104452
v 1.130514 -1.0515 1.031804
v 1.150731 -1.027007 1.096799
v 1.16855 -1.0515 1.016813
v 1.2049 -1.027007 1.074361
v 1.201411 -1.0515 0.9924889
v 1.251415 -1.027007 1.038668
v 1.226855 -1.0515 0.9604889
v 1.287109 -1.027007 0.992152
v 1.243151 -1.0515 0.9229937
v 1.309547 -1.027007 0.9379831
v 1.249186 -1.051501 0.8825588
v 1.317199 -1.027007 0.8798531
v 1.244551 -1.051501 0.8419396
v 1.309547 -1.027007 0.8217221
v 1.247731 -1.03595 0.7902883
v 1.287109 -1.027007 0.7675541
v 1.209547 -1.177163 0.8123339
v 1.202139 -1.202269 0.7743475
v 1.286383 -1.230057 0.767973
v 1.238742 -1.202271 0.8377427
v 1.308737 -1.230057 0.82194
v 1.244661 -1.202271 0.8770018
v 1.31636 -1.230057 0.8798531
v 1.240218 -1.202271 0.9164546
v 1.308737 -1.230057 0.9377661
v 1.225714 -1.20227 0.9534138
v 1.286383 -1.230057 0.991733
v 1.20214 -1.202271 0.9853595
v 1.250823 -1.230057 1.038075
v 1.171099 -1.20227 1.010116
v 1.204481 -1.230057 1.073635
v 1.134711 -1.202271 1.025995
v 1.150514 -1.230057 1.095988
v 1.095452 -1.20227 1.031914
v 1.092601 -1.230057 1.103613
v 1.055999 -1.20227 1.027469
v 1.034688 -1.230057 1.095988
v 1.019038 -1.202271 1.012967
v 0.9807206 -1.230057 1.073635
v 0.9870934 -1.202271 0.9893921
v 0.9343786 -1.230057 1.038075
v 0.9623379 -1.20227 0.958352
v 0.8988186 -1.230057 0.9917332
v 0.9464589 -1.202271 0.9219633
v 0.8764645 -1.230057 0.9377662
v 0.9405401 -1.20227 0.8827046
v 0.8688405 -1.230057 0.8798523
v 0.9449847 -1.20227 0.8432508
v 0.8764655 -1.230057 0.8219392
v 0.9594865 -1.202271 0.8062916
v 0.8988195 -1.230057 0.7679732
v 0.9830616 -1.20227 0.7743461
v 0.9343784 -1.230057 0.7216303
v 1.014101 -1.20227 0.749591
v 0.9807214 -1.230057 0.6860712
v 1.050491 -1.202271 0.7337115
v 1.034688 -1.230057 0.6637172
v 1.08975 -1.20227 0.7277926
v 1.092602 -1.230057 0.6560932
v 1.129202 -1.202269 0.7322377
v 1.150514 -1.230057 0.663718
v 1.180728 -1.220289 0.7272133
v 1.204481 -1.230057 0.6860721
v 1.250822 -1.230057 0.7216311
v 1.191856 -0.8134063 0.7852092
v 1.155891 -0.9665959 0.7623631
v 1.163978 -0.8134062 0.7627453
v 1.184143 -0.9665958 0.7827477
v 1.189186 -1.05875 0.7832677
v 1.160897 -1.05875 0.7615601
v 1.189706 -1.150905 0.7883106
v 1.162705 -1.150905 0.7662976
v 1.158331 -1.304094 0.7594854
v 1.187245 -1.304094 0.780598
v 1.124937 -1.304094 0.7465738
v 1.130926 -1.150905 0.7520219
v 1.127954 -1.05875 0.7479144
v 1.123326 -0.9665962 0.7499859
v 1.131236 -0.8134061 0.7482618
v 1.089341 -1.304094 0.7427461
v 1.096535 -1.150905 0.7464592
v 1.0926 -1.05875 0.7432603
v 1.088667 -0.9665961 0.7464591
v 1.095861 -0.8134065 0.7427461
v 1.053965 -1.304095 0.748262
v 1.061875 -1.150905 0.7499861
v 1.057248 -1.05875 0.7479144
v 1.054275 -0.966596 0.752022
v 1.060264 -0.8134065 0.746574
v 1.021223 -1.304095 0.7627442
v 1.02931 -1.150905 0.7623636
v 1.024304 -1.05875 0.7615606
v 1.022497 -0.9665959 0.7662969
v 1.026871 -0.8134063 0.7594845
v 0.9933457 -1.304095 0.7852096
v 1.001058 -1.150905 0.7827472
v 0.9960147 -1.05875 0.7832672
v 0.9954948 -0.9665959 0.7883109
v 0.9979566 -0.8134064 0.7805979
v 0.9722314 -1.304095 0.8141229
v 0.9790443 -1.150905 0.8097493
v 0.9743077 -1.05875 0.8115565
v 0.9751107 -0.9665961 0.8165624
v 0.9754927 -0.8134062 0.8084753
v 0.9593215 -1.304094 0.8475164
v 0.9647693 -1.150905 0.8415286
v 0.9606618 -1.05875 0.8445002
v 0.9627331 -0.9665962 0.8491278
v 0.961009 -0.8134059 0.8412182
v 0.9554931 -1.304095 0.8831138
v 0.9592056 -1.150905 0.8759188
v 0.9560075 -1.05875 0.8798532
v 0.9592056 -0.9665961 0.8837869
v 0.9554929 -0.8134058 0.8765923
v 0.9610081 -1.304095 0.9184882
v 0.962733 -1.150905 0.9105772
v 0.9606618 -1.05875 0.9152052
v 0.9647693 -0.9665961 0.9181777
v 0.9593211 -0.8134059 0.9121898
v 0.9754925 -1.304094 0.9512293
v 0.9751108 -1.150905 0.9431432
v 0.9743078 -1.05875 0.9481489
v 0.9790443 -0.9665959 0.949957
v 0.9722319 -0.8134063 0.9455828
v 0.9979569 -1.304095 0.9791078
v 0.9954954 -1.150905 0.9713959
v 0.9960153 -1.05875 0.9764386
v 1.001058 -0.9665958 0.9769587
v 0.9933453 -0.8134064 0.974497
v 1.026871 -1.304095 1.000222
v 1.022497 -1.150905 0.9934096
v 1.024305 -1.05875 0.998146
v 1.02931 -0.9665958 0.997343
v 1.021223 -0.8134065 0.9969608
v 1.060264 -1.304094 1.013132
v 1.054276 -1.150905 1.007684
v 1.057247 -1.05875 1.011792
v 1.061875 -0.9665961 1.00972
v 1.053965 -0.8134066 1.011444
v 1.095861 -1.304094 1.01696
v 1.088667 -1.150905 1.013247
v 1.092601 -1.05875 1.016446
v 1.096534 -0.9665961 1.013247
v 1.08934 -0.8134065 1.01696
v 1.131236 -1.304094 1.011444
v 1.123327 -1.150905 1.00972
v 1.127953 -1.05875 1.011792
v 1.130926 -0.9665961 1.007684
v 1.124937 -0.8134065 1.013132
v 1.163978 -1.304094 0.9969608
v 1.155891 -1.150905 0.9973429
v 1.160897 -1.05875 0.9981459
v 1.162705 -0.9665961 0.9934094
v 1.15833 -0.8134064 1.000222
v 1.191856 -1.304094 0.974497
v 1.184143 -1.150905 0.9769585
v 1.189186 -1.05875 0.9764386
v 1.189706 -0.9665958 0.9713956
v 1.187245 -0.8134064 0.9791082
v 1.212969 -1.304094 0.9455827
v 1.206157 -1.150905 0.949957
v 1.210893 -1.05875 0.9481488
v 1.21009 -0.9665958 0.9431437
v 1.209708 -0.8134065 0.9512309
v 1.22588 -1.304095 0.9121888
v 1.220432 -1.150905 0.9181775
v 1.224539 -1.05875 0.9152051
v 1.222468 -0.9665961 0.9105785
v 1.224191 -0.8134068 0.9184881
v 1.229708 -1.304095 0.8765921
v 1.225996 -1.150905 0.8837867
v 1.229194 -1.05875 0.8798531
v 1.225995 -0.9665961 0.8759193
v 1.229708 -0.8134068 0.8831139
v 1.224192 -1.304095 0.841217
v 1.222468 -1.150905 0.8491276
v 1.224539 -1.05875 0.8444999
v 1.220432 -0.9665961 0.8415285
v 1.22588 -0.8134067 0.8475164
v 1.209709 -1.304095 0.8084754
v 1.210091 -1.150905 0.8165625
v 1.210894 -1.05875 0.8115566
v 1.206157 -0.9665961 0.8097492
v 1.212969 -0.8134063 0.8141233
v 1.29949 -1.344339 0.7595043
v 1.187245 -1.304094 0.780598
v 1.209709 -1.304095 0.8084754
v 1.261292 -1.344339 0.7100586
v 1.310211 -1.297267 0.6670785
v 1.261292 -1.344339 0.7100586
v 1.357867 -1.297266 0.7306501
v 1.323592 -1.344338 0.817151
v 1.209709 -1.304095 0.8084754
v 1.224192 -1.304095 0.841217
v 1.29949 -1.344339 0.7595043
v 1.357867 -1.297266 0.7306501
v 1.29949 -1.344339 0.7595043
v 1.387446 -1.297264 0.8043904
v 1.33195 -1.344338 0.879073
v 1.224192 -1.304095 0.841217
v 1.229708 -1.304095 0.8765921
v 1.323592 -1.344338 0.817151
v 1.387446 -1.297264 0.8043904
v 1.323592 -1.344338 0.817151
v 1.39693 -1.297265 0.8832731
v 1.323996 -1.344338 0.9410471
v 1.229708 -1.304095 0.8765921
v 1.22588 -1.304095 0.9121888
v 1.33195 -1.344338 0.879073
v 1.39693 -1.297265 0.8832731
v 1.33195 -1.344338 0.879073
v 1.385674 -1.297267 0.961922
v 1.300268 -1.344339 0.9988487
v 1.22588 -1.304095 0.9121888
v 1.212969 -1.304094 0.9455827
v 1.323996 -1.344338 0.9410471
v 1.385674 -1.297267 0.961922
v 1.323996 -1.344338 0.9410471
v 1.354446 -1.297269 1.034978
v 1.262394 -1.344339 1.048544
v 1.212969 -1.304094 0.9455827
v 1.191856 -1.304094 0.974497
v 1.300268 -1.344339 0.9988487
v 1.354446 -1.297269 1.034978
v 1.300268 -1.344339 0.9988487
v 1.305375 -1.297267 1.097463
v 1.212949 -1.344338 1.086743
v 1.191856 -1.304094 0.974497
v 1.163978 -1.304094 0.9969608
v 1.262394 -1.344339 1.048544
v 1.305375 -1.297267 1.097463
v 1.262394 -1.344339 1.048544
v 1.241803 -1.297268 1.145118
v 1.1553 -1.344339 1.110839
v 1.163978 -1.304094 0.9969608
v 1.131236 -1.304094 1.011444
v 1.212949 -1.344338 1.086743
v 1.241803 -1.297268 1.145118
v 1.212949 -1.344338 1.086743
v 1.168062 -1.297269 1.174695
v 1.09338 -1.344339 1.119196
v 1.131236 -1.304094 1.011444
v 1.095861 -1.304094 1.01696
v 1.1553 -1.344339 1.110839
v 1.168062 -1.297269 1.174695
v 1.1553 -1.344339 1.110839
v 1.08918 -1.297269 1.18418
v 1.031406 -1.344339 1.111243
v 1.095861 -1.304094 1.01696
v 1.060264 -1.304094 1.013132
v 1.09338 -1.344339 1.119196
v 1.08918 -1.297269 1.18418
v 1.09338 -1.344339 1.119196
v 1.010532 -1.297268 1.172926
v 0.9736029 -1.344339 1.087522
v 1.060264 -1.304094 1.013132
v 1.026871 -1.304095 1.000222
v 1.031406 -1.344339 1.111243
v 1.010532 -1.297268 1.172926
v 1.031406 -1.344339 1.111243
v 0.9374739 -1.297267 1.141699
v 0.9239087 -1.344338 1.049648
v 1.026871 -1.304095 1.000222
v 0.9979569 -1.304095 0.9791078
v 0.9736029 -1.344339 1.087522
v 0.9374739 -1.297267 1.141699
v 0.9736029 -1.344339 1.087522
v 0.8749895 -1.297268 1.092626
v 0.8857133 -1.344339 1.0002
v 0.9979569 -1.304095 0.9791078
v 0.9754925 -1.304094 0.9512293
v 0.9239087 -1.344338 1.049648
v 0.8749895 -1.297268 1.092626
v 0.9239087 -1.344338 1.049648
v 0.8273348 -1.297269 1.029055
v 0.8616117 -1.344339 0.942553
v 0.9754925 -1.304094 0.9512293
v 0.9610081 -1.304095 0.9184882
v 0.8857133 -1.344339 1.0002
v 0.8273348 -1.297269 1.029055
v 0.8857133 -1.344339 1.0002
v 0.7977558 -1.297265 0.955315
v 0.8532515 -1.344338 0.8806322
v 0.9610081 -1.304095 0.9184882
v 0.9554931 -1.304095 0.8831138
v 0.8616117 -1.344339 0.942553
v 0.7977558 -1.297265 0.955315
v 0.8616117 -1.344339 0.942553
v 0.788272 -1.297266 0.8764317
v 0.8612096 -1.344339 0.818659
v 0.9554931 -1.304095 0.8831138
v 0.9593215 -1.304094 0.8475164
v 0.8532515 -1.344338 0.8806322
v 0.788272 -1.297266 0.8764317
v 0.8532515 -1.344338 0.8806322
v 0.7995276 -1.297268 0.797783
v 0.8849307 -1.344338 0.7608539
v 0.9593215 -1.304094 0.8475164
v 0.9722314 -1.304095 0.8141229
v 0.8612096 -1.344339 0.818659
v 0.7995276 -1.297268 0.797783
v 0.8612096 -1.344339 0.818659
v 0.8307547 -1.297266 0.7247257
v 0.922806 -1.344338 0.7111598
v 0.9722314 -1.304095 0.8141229
v 0.9933457 -1.304095 0.7852096
v 0.8849307 -1.344338 0.7608539
v 0.8307547 -1.297266 0.7247257
v 0.8849307 -1.344338 0.7608539
v 0.8798268 -1.297266 0.6622412
v 0.9722519 -1.344338 0.6729611
v 0.9933457 -1.304095 0.7852096
v 1.021223 -1.304095 0.7627442
v 0.922806 -1.344338 0.7111598
v 0.8798268 -1.297266 0.6622412
v 0.922806 -1.344338 0.7111598
v 0.9433995 -1.297265 0.6145856
v 1.029901 -1.344338 0.6488618
v 1.021223 -1.304095 0.7627442
v 1.053965 -1.304095 0.748262
v 0.9722519 -1.344338 0.6729611
v 0.9433995 -1.297265 0.6145856
v 0.9722519 -1.344338 0.6729611
v 1.01714 -1.297267 0.5850092
v 1.091822 -1.344339 0.6405083
v 1.053965 -1.304095 0.748262
v 1.089341 -1.304094 0.7427461
v 1.029901 -1.344338 0.6488618
v 1.01714 -1.297267 0.5850092
v 1.029901 -1.344338 0.6488618
v 1.096022 -1.297268 0.5755255
v 1.153796 -1.344339 0.6484613
v 1.089341 -1.304094 0.7427461
v 1.124937 -1.304094 0.7465738
v 1.091822 -1.344339 0.6405083
v 1.096022 -1.297268 0.5755255
v 1.091822 -1.344339 0.6405083
v 1.174673 -1.297266 0.5867806
v 1.2116 -1.344338 0.6721842
v 1.124937 -1.304094 0.7465738
v 1.158331 -1.304094 0.7594854
v 1.153796 -1.344339 0.6484613
v 1.174673 -1.297266 0.5867806
v 1.153796 -1.344339 0.6484613
v 1.247728 -1.297267 0.6180088
v 1.261292 -1.344339 0.7100586
v 1.158331 -1.304094 0.7594854
v 1.187245 -1.304094 0.780598
v 1.2116 -1.344338 0.6721842
v 1.247728 -1.297267 0.6180088
v 1.261292 -1.344339 0.7100586
v 1.310211 -1.297267 0.6670785
v 1.216281 -1.047613 0.8339788
v 1.251593 -1.024411 0.8747367
v 1.237212 -1.024411 0.8143467
v 1.224742 -1.047613 0.8848655
v 1.188991 -1.047612 0.7902043
v 1.237212 -1.024411 0.8143467
v 1.200815 -1.024411 0.7640552
v 1.216281 -1.047613 0.8339788
v 1.147025 -1.047613 0.7602054
v 1.200815 -1.024411 0.7640552
v 1.147943 -1.024411 0.7315226
v 1.188991 -1.047612 0.7902043
v 1.096775 -1.047613 0.7485497
v 1.147943 -1.024411 0.7315226
v 1.086646 -1.024411 0.7216984
v 1.147025 -1.047613 0.7602054
v 1.045888 -1.047613 0.7570113
v 1.086646 -1.024411 0.7216984
v 1.026255 -1.024411 0.7360799
v 1.096775 -1.047613 0.7485497
v 1.002115 -1.047613 0.7843012
v 1.026255 -1.024411 0.7360799
v 0.9759665 -1.024411 0.7724759
v 1.045888 -1.047613 0.7570113
v 0.9721155 -1.047613 0.8262659
v 0.9759665 -1.024411 0.7724759
v 0.9434322 -1.024411 0.8253475
v 1.002115 -1.047613 0.7843012
v 0.9604591 -1.047613 0.8765172
v 0.9434322 -1.024411 0.8253475
v 0.9336077 -1.024411 0.8866462
v 0.9721155 -1.047613 0.8262659
v 0.9689209 -1.047613 0.9274033
v 0.9336077 -1.024411 0.8866462
v 0.9479897 -1.024411 0.9470362
v 0.9604591 -1.047613 0.8765172
v 0.9962115 -1.047613 0.971177
v 0.9479897 -1.024411 0.9470362
v 0.9843855 -1.024411 0.9973246
v 0.9689209 -1.047613 0.9274033
v 1.038175 -1.047612 1.001176
v 0.9843855 -1.024411 0.9973246
v 1.037258 -1.024411 1.02986
v 0.9962115 -1.047613 0.971177
v 1.088427 -1.047613 1.012832
v 1.037258 -1.024411 1.02986
v 1.098554 -1.024411 1.039683
v 1.038175 -1.047612 1.001176
v 1.139312 -1.047612 1.004371
v 1.098554 -1.024411 1.039683
v 1.158946 -1.024411 1.025303
v 1.088427 -1.047613 1.012832
v 1.183088 -1.047613 0.9770793
v 1.158946 -1.024411 1.025303
v 1.209237 -1.024411 0.9889039
v 1.139312 -1.047612 1.004371
v 1.233784 -0.983665 0.9288588
v 1.196715 -0.9620072 0.9812974
v 1.218109 -0.9547349 0.8994487
v 1.183073 -0.9911444 1.00219
v 1.235665 -0.9730073 0.8808683
v 1.217774 -0.9538119 0.8776926
v 1.22894 -0.9745446 0.8350014
v 1.221018 -0.9655836 0.8576542
v 1.214101 -0.9911448 0.7902194
v 1.193208 -0.9620072 0.7765773
v 1.140769 -0.9836649 0.7395078
v 1.111358 -0.9547348 0.7551826
v 1.092778 -0.9730072 0.7376264
v 1.089602 -0.9538119 0.755518
v 1.04691 -0.9745446 0.744352
v 1.069563 -0.9655836 0.7522737
v 1.00213 -0.9911455 0.7591909
v 0.9884871 -0.9620074 0.7800834
v 0.9514177 -0.9836645 0.8325217
v 0.9670931 -0.9547343 0.8619336
v 0.9495361 -0.9730068 0.8805143
v 0.9674276 -0.9538114 0.8836897
v 0.9562622 -0.9745436 0.9263808
v 0.964184 -0.9655835 0.9037285
v 0.9711007 -0.9911462 0.9711615
v 0.9919921 -0.9620078 0.9848031
v 1.044431 -0.983664 1.021874
v 1.073844 -0.9547343 1.006199
v 1.092424 -0.973007 1.023755
v 1.095598 -0.9538116 1.005863
v 1.13829 -0.9745436 1.01703
v 1.115638 -0.9655831 1.009107
v 1.212969 -0.8134063 0.8141233
v 1.262396 -0.7731624 0.7111612
v 1.30027 -0.7731623 0.7608549
v 1.191856 -0.8134063 0.7852092
v 1.354447 -0.8202351 0.724727
v 1.305374 -0.8202345 0.6622413
v 1.30027 -0.7731623 0.7608549
v 1.30027 -0.7731623 0.7608549
v 1.22588 -0.8134067 0.8475164
v 1.212969 -0.8134063 0.8141233
v 1.32399 -0.7731616 0.8186603
v 1.385673 -0.8202328 0.7977839
v 1.30027 -0.7731623 0.7608549
v 1.354447 -0.8202351 0.724727
v 1.32399 -0.7731616 0.8186603
v 1.229708 -0.8134068 0.8831139
v 1.22588 -0.8134067 0.8475164
v 1.331944 -0.7731616 0.8806328
v 1.396928 -0.8202318 0.8764327
v 1.32399 -0.7731616 0.8186603
v 1.385673 -0.8202328 0.7977839
v 1.331944 -0.7731616 0.8806328
v 1.224191 -0.8134068 0.9184881
v 1.229708 -0.8134068 0.8831139
v 1.323587 -0.7731619 0.9425531
v 1.387443 -0.8202314 0.9553148
v 1.331944 -0.7731616 0.8806328
v 1.396928 -0.8202318 0.8764327
v 1.323587 -0.7731619 0.9425531
v 1.209708 -0.8134065 0.9512309
v 1.224191 -0.8134068 0.9184881
v 1.299491 -0.7731625 1.000202
v 1.357866 -0.8202342 1.029055
v 1.323587 -0.7731619 0.9425531
v 1.387443 -0.8202314 0.9553148
v 1.299491 -0.7731625 1.000202
v 1.187245 -0.8134064 0.9791082
v 1.209708 -0.8134065 0.9512309
v 1.261292 -0.7731624 1.049648
v 1.310212 -0.8202345 1.092627
v 1.299491 -0.7731625 1.000202
v 1.357866 -0.8202342 1.029055
v 1.261292 -0.7731624 1.049648
v 1.15833 -0.8134064 1.000222
v 1.187245 -0.8134064 0.9791082
v 1.211599 -0.7731625 1.087523
v 1.247727 -0.8202351 1.141699
v 1.261292 -0.7731624 1.049648
v 1.310212 -0.8202345 1.092627
v 1.211599 -0.7731625 1.087523
v 1.124937 -0.8134065 1.013132
v 1.15833 -0.8134064 1.000222
v 1.153795 -0.7731619 1.111243
v 1.17467 -0.8202335 1.172926
v 1.211599 -0.7731625 1.087523
v 1.247727 -0.8202351 1.141699
v 1.153795 -0.7731619 1.111243
v 1.08934 -0.8134065 1.01696
v 1.124937 -0.8134065 1.013132
v 1.091821 -0.7731617 1.119196
v 1.096021 -0.820232 1.18418
v 1.153795 -0.7731619 1.111243
v 1.17467 -0.8202335 1.172926
v 1.091821 -0.7731617 1.119196
v 1.053965 -0.8134066 1.011444
v 1.08934 -0.8134065 1.01696
v 1.029901 -0.773162 1.11084
v 1.017139 -0.8202315 1.174695
v 1.091821 -0.7731617 1.119196
v 1.096021 -0.820232 1.18418
v 1.029901 -0.773162 1.11084
v 1.021223 -0.8134065 0.9969608
v 1.053965 -0.8134066 1.011444
v 0.972252 -0.7731623 1.086743
v 0.9433991 -0.8202342 1.145119
v 1.029901 -0.773162 1.11084
v 1.017139 -0.8202315 1.174695
v 0.972252 -0.7731623 1.086743
v 0.9933453 -0.8134064 0.974497
v 1.021223 -0.8134065 0.9969608
v 0.9228075 -0.7731618 1.048543
v 0.8798268 -0.8202329 1.097464
v 0.972252 -0.7731623 1.086743
v 0.9433991 -0.8202342 1.145119
v 0.9228075 -0.7731618 1.048543
v 0.9722319 -0.8134063 0.9455828
v 0.9933453 -0.8134064 0.974497
v 0.8849298 -0.7731625 0.9988517
v 0.8307554 -0.820233 1.034979
v 0.9228075 -0.7731618 1.048543
v 0.8798268 -0.8202329 1.097464
v 0.8849298 -0.7731625 0.9988517
v 0.9593211 -0.8134059 0.9121898
v 0.9722319 -0.8134063 0.9455828
v 0.8612044 -0.7731629 0.9410486
v 0.7995265 -0.8202354 0.9619229
v 0.8849298 -0.7731625 0.9988517
v 0.8307554 -0.820233 1.034979
v 0.8612044 -0.7731629 0.9410486
v 0.9554929 -0.8134058 0.8765923
v 0.9593211 -0.8134059 0.9121898
v 0.8532511 -0.7731628 0.8790731
v 0.7882712 -0.8202358 0.8832736
v 0.8612044 -0.7731629 0.9410486
v 0.7995265 -0.8202354 0.9619229
v 0.8532511 -0.7731628 0.8790731
v 0.961009 -0.8134059 0.8412182
v 0.9554929 -0.8134058 0.8765923
v 0.8616105 -0.7731624 0.8171528
v 0.7977558 -0.8202354 0.8043913
v 0.8532511 -0.7731628 0.8790731
v 0.7882712 -0.8202358 0.8832736
v 0.8616105 -0.7731624 0.8171528
v 0.9754927 -0.8134062 0.8084753
v 0.961009 -0.8134059 0.8412182
v 0.885712 -0.7731619 0.759505
v 0.8273341 -0.8202333 0.7306517
v 0.8616105 -0.7731624 0.8171528
v 0.7977558 -0.8202354 0.8043913
v 0.885712 -0.7731619 0.759505
v 0.9979566 -0.8134064 0.7805979
v 0.9754927 -0.8134062 0.8084753
v 0.9239089 -0.7731622 0.7100589
v 0.8749893 -0.8202336 0.6670799
v 0.885712 -0.7731619 0.759505
v 0.8273341 -0.8202333 0.7306517
v 0.9239089 -0.7731622 0.7100589
v 1.026871 -0.8134063 0.7594845
v 0.9979566 -0.8134064 0.7805979
v 0.9736029 -0.773162 0.6721846
v 0.9374735 -0.8202339 0.618008
v 0.9239089 -0.7731622 0.7100589
v 0.8749893 -0.8202336 0.6670799
v 0.9736029 -0.773162 0.6721846
v 1.060264 -0.8134065 0.746574
v 1.026871 -0.8134063 0.7594845
v 1.031407 -0.7731616 0.6484641
v 1.01053 -0.8202322 0.5867809
v 0.9736029 -0.773162 0.6721846
v 0.9374735 -0.8202339 0.618008
v 1.031407 -0.7731616 0.6484641
v 1.095861 -0.8134065 0.7427461
v 1.060264 -0.8134065 0.746574
v 1.09338 -0.7731621 0.6405085
v 1.08918 -0.8202317 0.5755262
v 1.031407 -0.7731616 0.6484641
v 1.01053 -0.8202322 0.5867809
v 1.09338 -0.7731621 0.6405085
v 1.131236 -0.8134061 0.7482618
v 1.095861 -0.8134065 0.7427461
v 1.155301 -0.7731627 0.6488619
v 1.168063 -0.8202343 0.5850092
v 1.09338 -0.7731621 0.6405085
v 1.08918 -0.8202317 0.5755262
v 1.155301 -0.7731627 0.6488619
v 1.163978 -0.8134062 0.7627453
v 1.131236 -0.8134061 0.7482618
v 1.21295 -0.7731625 0.6729625
v 1.241802 -0.8202355 0.6145867
v 1.155301 -0.7731627 0.6488619
v 1.168063 -0.8202343 0.5850092
v 1.191856 -0.8134063 0.7852092
v 1.21295 -0.7731625 0.6729625
v 1.262396 -0.7731624 0.7111612
v 1.163978 -0.8134062 0.7627453
v 1.21295 -0.7731625 0.6729625
v 1.305374 -0.8202345 0.6622413
v 1.241802 -0.8202355 0.6145867
v 0.9371961 -1.068923 0.6605307
v 0.9950151 -1.069121 0.8001993
v 0.9371961 -1.068923 0.6605307
v 1.021103 -1.06928 0.7878591
v 1.198386 -1.1152 0.7955247
v 1.201538 -1.083825 0.8351737
v 1.280512 -1.068591 1.066746
v 1.233614 -1.101702 0.9354129
v 1.321318 -1.120219 1.010338
v 1.130946 -1.041876 0.688688
v 1.213505 -1.082194 0.6307434
v 1.139027 -1.060981 0.7653313
v 1.139027 -1.060981 0.7653313
v 1.105065 -1.075318 0.7540311
v 1.086562 -1.108798 0.6265264
v 1.130946 -1.041876 0.688688
v 1.105065 -1.075318 0.7540311
v 1.071659 -1.1152 0.7465373

vn -0.5617072 -0.5583326 -0.6105326
vn -0.03740769 -0.953881 -0.2978463
vn -0.3207 -0.5518026 -0.769848
vn 3.934229E-08 -0.9100858 -0.4144206
vn -0.03740769 -0.953881 -0.2978463
vn -0.3150392 -0.5564964 -0.768806
vn -0.3588065 -0.9015839 -0.2416714
vn -0.3150392 -0.5564964 -0.768806
vn -0.428006 -0.5923138 0.6826243
vn -0.5031689 -0.07354597 -0.8610532
vn 0.535632 -0.2143785 0.8167869
vn 0.7112978 0.388129 0.5860136
vn -0.6868551 -0.264899 0.6768004
vn -0.428006 -0.5923138 0.6826243
vn 0.2361626 0.2596876 0.9363708
vn 0.104426 -0.2730798 0.9563071
vn -0.3918952 0.6653098 -0.635438
vn 0.258655 0.8743461 -0.4106304
vn -0.3207 -0.5518026 -0.769848
vn 0.2642109 0.8449093 0.4651038
vn -0.05096832 0.9901932 0.1300788
vn -0.01756862 0.9657544 0.2588639
vn -0.1010586 0.9609451 0.2576284
vn 0.212734 0.8505328 -0.480977
vn 0.2642109 0.8449093 0.4651038
vn 0.1766447 0.499667 0.8480155
vn 0.3405604 -0.7769684 -0.5294709
vn 0.1388972 -0.3346519 -0.9320496
vn 0.865285 0.3790117 -0.3280736
vn 0.1397763 -0.9244401 0.354787
vn -0.1520659 0.1578549 0.9756836
vn 0.2458995 -0.8136211 0.5268348
vn 0.6388639 -0.7438089 0.1964731
vn 0.1388972 -0.3346519 -0.9320496
vn -0.1520659 0.1578549 0.9756836
vn 0.5562329 -0.5788839 0.5962372
vn -0.715987 0.3805557 0.5852694
vn 0.5562329 -0.5788839 0.5962372
vn -0.6868551 -0.264899 0.6768004
vn 0.535632 -0.2143785 0.8167869
vn 0.785327 0.166585 -0.5962476
vn 0.3463098 -0.009328454 -0.9380741
vn 0.3140977 -0.6835161 -0.6588997
vn -0.5031689 -0.07354597 -0.8610532
vn -0.6883128 0.2517678 -0.6803226
vn -0.428006 -0.5923138 0.6826243
vn 0.785327 0.166585 -0.5962476
vn 0.5536857 0.5835403 -0.5940652
vn -0.6883128 0.2517678 -0.6803226
vn 0.7112978 0.388129 0.5860136
vn 0.5536857 0.5835403 -0.5940652
vn 0.258655 0.8743461 -0.4106304
vn -0.5031689 -0.07354597 -0.8610532
vn -0.3150392 -0.5564964 -0.768806
vn 0.7112978 0.388129 0.5860136
vn 0.2361626 0.2596876 0.9363708
vn 0.104426 -0.2730798 0.9563071
vn 0.2263059 0.5926625 0.7730055
vn 0.535262 -0.23254 0.8120469
vn -0.3918952 0.6653098 -0.635438
vn 0.2361626 0.2596876 0.9363708
vn 0.2263059 0.5926625 0.7730055
vn -0.02509654 0.8923769 0.4505933
vn 0.5144843 0.4578999 0.7250062
vn -0.2429959 0.8140049 -0.5275887
vn 0.1766447 0.499667 0.8480155
vn 0.212734 0.8505328 -0.480977
vn -0.1520659 0.1578549 0.9756836
vn -0.715987 0.3805557 0.5852694
vn -0.1520659 0.1578549 0.9756836
vn -0.5567314 0.5779411 -0.5966864
vn -0.715987 0.3805557 0.5852694
vn -0.6883128 0.2517678 -0.6803226
vn -0.6868551 -0.264899 0.6768004
vn -0.6883128 0.2517678 -0.6803226
vn 0.3463098 -0.009328454 -0.9380741
vn 0.785327 0.166585 -0.5962476
vn 0.3463098 -0.009328454 -0.9380741
vn -0.2429959 0.8140049 -0.5275887
vn 0.3140977 -0.6835161 -0.6588997
vn 0.1388972 -0.3346519 -0.9320496
vn 0.6388639 -0.7438089 0.1964731
vn 0.1397763 -0.9244401 0.354787
vn 0.2642109 0.8449093 0.4651038
vn 0.6449727 0.4259315 0.6345022
vn 0.2642109 0.8449093 0.4651038
vn 0.3186916 -0.8723644 0.3706973
vn 0.212734 0.8505328 -0.480977
vn -0.6879956 -0.6218349 -0.374144
vn 3.934229E-08 -0.9100858 -0.4144206
vn -0.5617072 -0.5583326 -0.6105326
vn 0.821903 -0.5558263 -0.1246305
vn -0.6879956 -0.6218349 -0.374144
vn 0.4502316 -0.7481022 -0.4874783
vn -0.7082453 -0.5880163 -0.3906734
vn -0.8002806 0.488707 0.3474431
vn -0.4523567 0.7879308 0.4177787
vn -0.7077354 -0.5363136 -0.4598682
vn -0.7082453 -0.5880163 -0.3906734
vn 0.7077354 -0.5164284 -0.4820922
vn -0.8002806 0.488707 0.3474431
vn -0.7073581 0.53946 0.4567578
vn 0.7073582 0.551451 0.4422065
vn 0.7087965 -0.4207436 -0.5662002
vn 0.584732 0.6152111 0.5287762
vn 0.797709 0.4930646 0.3471998
vn -0.7073581 0.53946 0.4567578
vn -0.7096361 -0.4421086 -0.5485955
vn 0.7077354 -0.5164284 -0.4820922
vn -0.7077354 -0.5363136 -0.4598682
vn 0.7087965 -0.4207436 -0.5662002
vn 0.584732 0.6152111 0.5287762
vn 0.9968044 0.06940399 -0.03954989
vn 0.8864298 0.3458311 0.3076412
vn 0.9968044 0.06940399 -0.03954989
vn 0.9941407 -0.1080935 8.11694E-08
vn 0.9955734 -0.09398704 7.448561E-08
vn -0.7073581 0.53946 0.4567578
vn -0.8118437 0.4706434 0.3455501
vn -0.7077354 -0.5363136 -0.4598682
vn 0.7073582 0.551451 0.4422065
vn 0.797709 0.4930646 0.3471998
vn 0.4502316 -0.7481022 -0.4874783
vn -0.8118437 0.4706434 0.3455501
vn 0.821903 -0.5558263 -0.1246305
vn 0.797709 0.4930646 0.3471998
vn 0.783935 0.388876 0.4839645
vn -0.4523567 0.7879308 0.4177787
vn -0.8002806 0.488707 0.3474431
vn -0.6986426 0.5037006 0.5081189
vn 0.584732 0.6152111 0.5287762
vn 0.5144843 0.4578999 0.7250062
vn -0.02509654 0.8923769 0.4505933
vn 0.783935 0.388876 0.4839645
vn 0.7087965 -0.4207436 -0.5662002
vn 4.117607E-08 -0.5475169 -0.8367951
vn 4.117607E-08 -0.5475169 -0.8367951
vn -0.7096361 -0.4421086 -0.5485955
vn 4.117607E-08 -0.5475169 -0.8367951
vn 4.104644E-08 -0.5351379 -0.8447651
vn 4.104644E-08 -0.5351379 -0.8447651
vn 4.15631E-08 -0.5903708 -0.8071326
vn 4.104644E-08 -0.5351379 -0.8447651
vn 4.15631E-08 -0.5903708 -0.8071326
vn -0.996805 0.06939571 -0.03954988
vn -0.8118437 0.4706434 0.3455501
vn -0.6986426 0.5037006 0.5081189
vn -0.9941455 -0.1080497 2.189552E-08
vn -0.996805 0.06939571 -0.03954988
vn -0.9955786 -0.09393249 1.512123E-08
vn 0.600858 -0.37093 0.7080826
vn -0.2882972 0.1670523 0.9428568
vn 0.5158566 0.1494553 0.8435375
vn -0.8326217 -0.2570028 0.4906025
vn -0.7094907 -0.36783 0.6011026
vn 0.8965007 -0.2616952 0.3574944
vn -0.8326217 -0.2570028 0.4906025
vn 0.7087982 -0.2799293 0.6474914
vn -0.7094907 -0.36783 0.6011026
vn -0.7096373 -0.2540165 0.6571842
vn -0.9999269 0.01209146 -3.55645E-08
vn -0.6917921 0.1915681 -0.6962225
vn -0.8118401 0.06392926 -0.5803697
vn 0.7071067 0.4904277 0.5093928
vn 0.5158566 0.1494553 0.8435375
vn 0.999927 0.01208233 2.403755E-08
vn -0.2882972 0.1670523 0.9428568
vn -0.8944272 0.3101737 0.3221683
vn -0.7096373 -0.2540165 0.6571842
vn 0.7077349 -0.1592893 0.6882867
vn -0.7077349 -0.1301105 0.6943939
vn 0.7087982 -0.2799293 0.6474914
vn 0.584729 0.1503204 -0.7971801
vn 0.8965007 -0.2616952 0.3574944
vn 0.8792632 0.09941518 -0.4658464
vn 0.8965007 -0.2616952 0.3574944
vn 0.999927 0.01208233 2.403755E-08
vn 0.600858 -0.37093 0.7080826
vn -0.7073581 0.1258446 -0.6955632
vn -0.8118401 0.06392926 -0.5803697
vn -0.7077349 -0.1301105 0.6943939
vn 0.7073581 0.1072494 -0.6986719
vn 0.7993577 0.05727762 -0.5981193
vn 0.4483141 -0.04846315 0.8925617
vn -0.8118401 0.06392926 -0.5803697
vn 0.8134864 0.1724871 0.5554173
vn 0.7993577 0.05727762 -0.5981193
vn 0.795223 0.2358203 -0.558578
vn -0.5589924 -0.124023 -0.8198452
vn -0.8002808 0.0565479 -0.5969533
vn -0.6917921 0.1915681 -0.6962225
vn 0.584729 0.1503204 -0.7971801
vn 0.5194661 0.4039655 -0.7529724
vn -0.1110023 -0.09405908 -0.9893594
vn 0.795223 0.2358203 -0.558578
vn -0.7077349 -0.1301105 0.6943939
vn 0.4483141 -0.04846315 0.8925617
vn -0.708012 -0.05048544 0.7043937
vn 0.7077349 -0.1592893 0.6882867
vn -0.7211127 -0.1004755 0.6854935
vn 0.8134864 0.1724871 0.5554173
vn -0.708012 -0.05048544 0.7043937
vn -0.8002808 0.0565479 -0.5969533
vn -0.7073581 0.1258446 -0.6955632
vn 0.603696 0.4224637 0.6760741
vn -0.7211127 -0.1004755 0.6854935
vn -0.4671861 -0.1720718 0.8672537
vn -0.8002808 0.0565479 -0.5969533
vn -0.5589924 -0.124023 -0.8198452
vn -0.5334443 -0.8181816 -0.2145146
vn 0.7073581 0.1072494 -0.6986719
vn 0.7087982 -0.2799293 0.6474914
vn 0.584729 0.1503204 -0.7971801
vn 0.7993577 0.05727762 -0.5981193
vn -0.7073581 0.1258446 -0.6955632
vn 0.795223 0.2358203 -0.558578
vn 0.5194661 0.4039655 -0.7529724
vn 0.8134864 0.1724871 0.5554173
vn -0.5589924 -0.124023 -0.8198452
vn -0.7211127 -0.1004755 0.6854935
vn -0.5334443 -0.8181816 -0.2145146
vn -0.1110023 -0.09405908 -0.9893594
vn 0.2269617 0.3661206 -0.9024659
vn -0.5334443 -0.8181816 -0.2145146
vn 0.5194661 0.4039655 -0.7529724
vn 0.2586588 -0.792788 -0.5518907
vn 0.2269617 0.3661206 -0.9024659
vn 0.2361728 0.6811009 -0.6930546
vn -0.5031874 -0.7089119 0.4942135
vn 0.553683 -0.8062508 -0.208315
vn -0.3150567 -0.3875138 0.8663561
vn -0.5031874 -0.7089119 0.4942135
vn 0.7853245 -0.5996627 0.1538519
vn -0.6883122 -0.7150634 0.122111
vn -0.6868496 0.7185799 -0.1089991
vn -0.6883122 -0.7150634 0.122111
vn -0.4279793 0.8873396 0.171647
vn 0.5562227 0.805808 0.2031998
vn 0.5356289 0.814553 -0.222723
vn -0.7159781 0.3165671 -0.6222226
vn 0.7113023 0.3134336 -0.6291334
vn 0.553683 -0.8062508 -0.208315
vn -0.152067 0.7660554 -0.6245282
vn 0.5562227 0.805808 0.2031998
vn 0.2458826 0.863072 0.4411909
vn 0.7853245 -0.5996627 0.1538519
vn 0.3463157 -0.8077445 0.47709
vn 0.314126 -0.2288392 0.9213892
vn 0.1397727 0.7694709 0.6232005
vn -0.152067 0.7660554 -0.6245282
vn 0.1766645 0.4845368 -0.8567464
vn 0.212739 -0.8418322 -0.4960455
vn 0.2660212 -0.01751774 -0.9638084
vn 0.6236239 -0.4785326 -0.6181427
vn 0.2660212 -0.01751774 -0.9638084
vn -0.05093791 -0.3766916 -0.9249376
vn -0.03398267 -0.08654372 -0.9956686
vn 0.3429344 -0.07129885 0.9366499
vn 0.1388887 -0.639873 0.7558262
vn 0.6236239 -0.4785326 -0.6181427
vn 0.6347237 0.5422345 0.5505524
vn 0.1388887 -0.639873 0.7558262
vn 0.3429344 -0.07129885 0.9366499
vn -3.47035E-08 0.1820952 0.9832812
vn -3.645909E-08 0.2586919 0.9659603
vn 0.314126 -0.2288392 0.9213892
vn 0.1397727 0.7694709 0.6232005
vn -0.05093791 -0.3766916 -0.9249376
vn 0.3224823 -0.900656 -0.2912463
vn 3.753449E-08 -0.9491227 -0.3149076
vn 0.3224823 -0.900656 -0.2912463
vn -4.012413E-09 -0.6382404 0.7698376
vn 0.6494054 -0.1106477 0.7523498
vn 0.28982 0.671666 0.6818135
vn -0.3150567 -0.3875138 0.8663561
vn -0.3207202 -0.3908108 0.8627897
vn -0.1085393 0.9507307 0.2903978
vn -0.3150567 -0.3875138 0.8663561
vn -0.4279793 0.8873396 0.171647
vn -0.5031874 -0.7089119 0.4942135
vn -0.4671861 -0.1720718 0.8672537
vn 0.28982 0.671666 0.6818135
vn 0.603696 0.4224637 0.6760741
vn 0.5194661 0.4039655 -0.7529724
vn 0.2269617 0.3661206 -0.9024659
vn -0.4279793 0.8873396 0.171647
vn 0.2361728 0.6811009 -0.6930546
vn 0.7113023 0.3134336 -0.6291334
vn 0.5356289 0.814553 -0.222723
vn -0.6868496 0.7185799 -0.1089991
vn -0.5334443 -0.8181816 -0.2145146
vn 0.2586588 -0.792788 -0.5518907
vn -0.3207202 -0.3908108 0.8627897
vn -0.7159781 0.3165671 -0.6222226
vn -0.6883122 -0.7150634 0.122111
vn -0.6868496 0.7185799 -0.1089991
vn -0.5567293 -0.8057126 -0.2021882
vn -0.2429868 -0.8639025 -0.4411697
vn -0.7159781 0.3165671 -0.6222226
vn -0.152067 0.7660554 -0.6245282
vn 0.1766645 0.4845368 -0.8567464
vn 0.212739 -0.8418322 -0.4960455
vn -0.152067 0.7660554 -0.6245282
vn -0.6883122 -0.7150634 0.122111
vn 0.3463157 -0.8077445 0.47709
vn 0.7853245 -0.5996627 0.1538519
vn 0.3463157 -0.8077445 0.47709
vn -0.2429868 -0.8639025 -0.4411697
vn 0.314126 -0.2288392 0.9213892
vn 0.1388887 -0.639873 0.7558262
vn 0.212739 -0.8418322 -0.4960455
vn 0.6347237 0.5422345 0.5505524
vn 0.1397727 0.7694709 0.6232005
vn 0.2660212 -0.01751774 -0.9638084
vn 0.6597356 0.3577731 -0.6608689
vn 0.2660212 -0.01751774 -0.9638084
vn 0.3197004 0.7055125 0.6324905
vn 0.6597356 0.3577731 -0.6608689
vn -0.03398267 -0.08654372 -0.9956686
vn -1.32003E-08 0.8944273 -0.4472142
vn -4.156377E-08 0.5904559 0.8070703
vn 0.5809485 0.4740463 0.6616489
vn -0.8080781 0.3677844 0.4601574
vn -4.156377E-08 0.5904559 0.8070703
vn -0.7059749 0.3393032 0.6216697
vn 0.89302 0.1835061 0.4109025
vn -0.8080781 0.3677844 0.4601574
vn 0.7088002 0.4207521 0.5661893
vn -0.7059749 0.3393032 0.6216697
vn -0.7096398 0.4421183 0.5485828
vn -0.9941455 0.1080494 -8.114851E-08
vn -0.6986431 -0.5036774 -0.508141
vn -0.811842 -0.4706355 -0.3455648
vn -0.7096398 0.4421183 0.5485828
vn 0.7077348 0.5164302 0.4820909
vn -0.7077348 0.5363073 0.4598764
vn 0.7088002 0.4207521 0.5661893
vn 0.5847311 -0.615198 -0.5287925
vn 0.89302 0.1835061 0.4109025
vn 0.8864304 -0.3458173 -0.3076548
vn 0.89302 0.1835061 0.4109025
vn 0.9941407 0.1080934 -2.191651E-08
vn 0.5809485 0.4740463 0.6616489
vn -0.707358 -0.5394574 -0.4567612
vn -0.811842 -0.4706355 -0.3455648
vn -0.7077348 0.5363073 0.4598764
vn 0.7073581 -0.5514457 -0.4422132
vn 0.7977092 -0.4930639 -0.3472005
vn 0.4502324 0.7480986 0.4874833
vn -0.811842 -0.4706355 -0.3455648
vn 0.8219036 0.5558253 0.1246311
vn 0.7977092 -0.4930639 -0.3472005
vn 0.7839433 -0.3888417 -0.4839785
vn -0.4523565 -0.7879359 -0.4177694
vn -0.8002807 -0.4887026 -0.347449
vn -0.6986431 -0.5036774 -0.508141
vn 0.5847311 -0.615198 -0.5287925
vn 0.5145215 -0.457888 -0.7249874
vn -0.6969886 -0.7125548 -0.08045394
vn 0.7839433 -0.3888417 -0.4839785
vn -0.6879961 0.6218321 0.3741476
vn -0.6969886 -0.7125548 -0.08045394
vn 0.4502324 0.7480986 0.4874833
vn 0.8219036 0.5558253 0.1246311
vn -0.7082461 0.5880129 0.3906771
vn -0.7077348 0.5363073 0.4598764
vn -0.7082461 0.5880129 0.3906771
vn 0.7077348 0.5164302 0.4820909
vn -0.8002807 -0.4887026 -0.347449
vn -0.707358 -0.5394574 -0.4567612
vn 0.6133782 0.7887545 -0.04042463
vn -0.6879961 0.6218321 0.3741476
vn 0.01557691 0.9237744 0.3826213
vn -0.8002807 -0.4887026 -0.347449
vn -0.4523565 -0.7879359 -0.4177694
vn 0.7073581 -0.5514457 -0.4422132
vn 0.7088002 0.4207521 0.5661893
vn 0.5847311 -0.615198 -0.5287925
vn 0.7977092 -0.4930639 -0.3472005
vn -0.707358 -0.5394574 -0.4567612
vn 0.7839433 -0.3888417 -0.4839785
vn 0.5145215 -0.457888 -0.7249874
vn 0.8219036 0.5558253 0.1246311
vn -0.03741406 0.9538749 0.2978652
vn -0.3501783 0.9095356 0.2238762
vn -0.3207176 0.5517764 0.7698596
vn -0.1085425 0.7268798 -0.6781335
vn -0.3501783 0.9095356 0.2238762
vn -0.4279855 0.5923256 -0.6826268
vn -0.503186 0.07353389 0.8610442
vn 0.01557691 0.9237744 0.3826213
vn -0.03741406 0.9538749 0.2978652
vn 0.6133782 0.7887545 -0.04042463
vn -0.4279855 0.5923256 -0.6826268
vn 0.2361707 -0.2596738 -0.9363726
vn 0.7113141 -0.3881308 -0.5859924
vn 0.5356321 0.214385 -0.8167849
vn 2.109982E-08 0.2590699 -0.9658589
vn 0.5352793 0.2326271 -0.8120105
vn 0.5145215 -0.457888 -0.7249874
vn 0.2263237 -0.5926631 -0.7729999
vn -0.503186 0.07353389 0.8610442
vn -0.9932005 0.1124512 0.03012565
vn -0.9953075 -0.09346598 -0.02503946
vn -0.4279855 0.5923256 -0.6826268
vn 0.7853233 -0.1665929 0.5962502
vn 0.5536844 -0.5835451 0.5940616
vn -2.109966E-08 -0.2590743 0.9658578
vn 0.2586478 -0.8743476 0.4106315
vn -0.503186 0.07353389 0.8610442
vn -0.06090586 -0.2675503 0.9616174
vn 0.7113141 -0.3881308 -0.5859924
vn 0.2361707 -0.2596738 -0.9363726
vn 0.5536844 -0.5835451 0.5940616
vn 0.7113141 -0.3881308 -0.5859924
vn 0.5356321 0.214385 -0.8167849
vn 0.5562391 0.5788711 -0.5962439
vn 2.109982E-08 0.2590699 -0.9658589
vn -0.7159896 -0.3806062 -0.5852333
vn -0.1520717 -0.1578698 -0.9756803
vn 0.5562391 0.5788711 -0.5962439
vn 0.2458829 0.8136301 -0.5268286
vn 0.7853233 -0.1665929 0.5962502
vn 0.3463034 0.009323914 0.9380766
vn 0.3141048 0.6835223 0.6588901
vn 0.1397596 0.9244355 -0.3548056
vn -0.1520717 -0.1578698 -0.9756803
vn 0.1766468 -0.4997187 -0.8479845
vn 0.2127666 -0.8505074 0.4810073
vn 0.2642287 -0.8449072 -0.4650975
vn 0.6280722 -0.7703711 0.1097911
vn 0.2642287 -0.8449072 -0.4650975
vn -0.05096825 -0.9901932 -0.1300786
vn -0.03396507 -0.9083524 -0.416825
vn 0.3405576 0.7769849 0.5294484
vn 0.1388971 0.3346519 0.9320496
vn 0.6280722 -0.7703711 0.1097911
vn 0.6388475 0.7438157 -0.1965008
vn 0.1388971 0.3346519 0.9320496
vn 0.3405576 0.7769849 0.5294484
vn -3.706681E-08 0.9564394 0.2919321
vn -3.397111E-08 0.987591 0.15705
vn 0.3141048 0.6835223 0.6588901
vn 0.1397596 0.9244355 -0.3548056
vn -0.05096825 -0.9901932 -0.1300786
vn 0.3333333 -0.6666666 0.6666672
vn -1.004924E-10 -0.7071067 0.7071074
vn 0.3333333 -0.6666666 0.6666672
vn -3.99187E-08 0.4472142 0.8944273
vn 0.6453437 0.6393442 0.4180561
vn -0.7159896 -0.3806062 -0.5852333
vn -0.9953075 -0.09346598 -0.02503946
vn -0.9932005 0.1124512 0.03012565
vn -0.5567178 -0.5779369 0.5967034
vn -0.2429829 -0.8139852 0.527625
vn -0.7159896 -0.3806062 -0.5852333
vn -0.1520717 -0.1578698 -0.9756803
vn 0.1766468 -0.4997187 -0.8479845
vn 0.2127666 -0.8505074 0.4810073
vn -0.1520717 -0.1578698 -0.9756803
vn -2.109966E-08 -0.2590743 0.9658578
vn 0.3463034 0.009323914 0.9380766
vn 0.7853233 -0.1665929 0.5962502
vn 0.3463034 0.009323914 0.9380766
vn -0.2429829 -0.8139852 0.527625
vn 0.3141048 0.6835223 0.6588901
vn 0.1388971 0.3346519 0.9320496
vn 0.2127666 -0.8505074 0.4810073
vn 0.6388475 0.7438157 -0.1965008
vn 0.1397596 0.9244355 -0.3548056
vn 0.2642287 -0.8449072 -0.4650975
vn 0.6449709 -0.4259004 -0.6345248
vn 0.2642287 -0.8449072 -0.4650975
vn 0.3186793 0.872366 -0.3707045
vn 0.6449709 -0.4259004 -0.6345248
vn -0.03396507 -0.9083524 -0.416825
vn 3.021673E-08 -0.01411709 -0.9999007
vn -0.2985783 0.7626569 -0.5737649
vn 0.5942786 0.8029499 -0.0458791
vn -0.8265462 0.5583783 -0.07095964
vn 0.5304241 0.6774298 -0.5096465
vn -0.7058445 0.7081988 0.01543744
vn 0.8929419 0.44796 0.04457195
vn -0.8265462 0.5583783 -0.07095964
vn 0.7087985 0.7007099 -0.0813061
vn -0.7058445 0.7081988 0.01543744
vn -0.7096377 0.6961471 -0.1085994
vn -0.9940127 -8.158289E-08 -0.109265
vn -0.6993562 -0.6919298 0.1792605
vn -0.8145882 -0.5300415 0.2355894
vn 0.5942786 0.8029499 -0.0458791
vn 0.653464 0.1848029 -0.7340525
vn 0.9940079 -2.2641E-08 -0.1093082
vn 0.5304241 0.6774298 -0.5096465
vn -0.8389772 0.1186306 -0.5310786
vn -0.7096377 0.6961471 -0.1085994
vn 0.7077351 0.6757183 -0.2061947
vn -0.7077351 0.6664164 -0.234522
vn 0.7087985 0.7007099 -0.0813061
vn 0.5867936 -0.7636372 0.2693176
vn 0.8929419 0.44796 0.04457195
vn 0.8872502 -0.4389139 0.1419217
vn 0.8929419 0.44796 0.04457195
vn 0.9940079 -2.2641E-08 -0.1093082
vn 0.5942786 0.8029499 -0.0458791
vn -0.7073581 -0.6652956 0.2388026
vn -0.8145882 -0.5300415 0.2355894
vn -0.7077351 0.6664164 -0.234522
vn 0.7073581 -0.6586893 0.2564631
vn 0.803865 -0.5396715 0.2501118
vn 0.4463282 0.7972113 -0.4065045
vn -0.8145882 -0.5300415 0.2355894
vn 0.8141351 0.398522 -0.4223323
vn 0.803865 -0.5396715 0.2501118
vn 0.7870994 -0.6094462 0.09513268
vn -0.5998188 -0.6504953 0.4659117
vn -0.8002806 -0.5452498 0.2495075
vn -0.6993562 -0.6919298 0.1792605
vn 0.5867936 -0.7636372 0.2693176
vn 0.5144963 -0.8568171 0.03403908
vn -0.636842 -0.3565212 0.683612
vn 0.7870994 -0.6094462 0.09513268
vn -0.5957812 0.6906118 -0.4100005
vn -0.6305513 0.7366685 -0.2443872
vn 0.4463282 0.7972113 -0.4065045
vn 0.8141351 0.398522 -0.4223323
vn -0.7082455 0.6323445 -0.3138933
vn -0.7077351 0.6664164 -0.234522
vn -0.7082455 0.6323445 -0.3138933
vn 0.7077351 0.6757183 -0.2061947
vn -0.8002806 -0.5452498 0.2495075
vn -0.7073581 -0.6652956 0.2388026
vn 0.6133735 0.359339 -0.7033129
vn -0.5957812 0.6906118 -0.4100005
vn -0.8002806 -0.5452498 0.2495075
vn -0.5998188 -0.6504953 0.4659117
vn 0.7073581 -0.6586893 0.2564631
vn 0.7087985 0.7007099 -0.0813061
vn 0.5867936 -0.7636372 0.2693176
vn 0.803865 -0.5396715 0.2501118
vn -0.7073581 -0.6652956 0.2388026
vn 0.7870994 -0.6094462 0.09513268
vn 0.5144963 -0.8568171 0.03403908
vn 0.8141351 0.398522 -0.4223323
vn 0.2898268 0.2546455 -0.9225816
vn -0.3150505 0.94405 -0.09753799
vn -0.4706864 0.8798455 0.06577857
vn -0.1085552 -0.2238603 -0.9685572
vn -0.3150505 0.94405 -0.09753799
vn -0.4280005 -0.2950229 -0.8542702
vn -0.5031768 0.7824622 0.3668334
vn -0.6305513 0.7366685 -0.2443872
vn 0.2898268 0.2546455 -0.9225816
vn 0.6133735 0.359339 -0.7033129
vn 0.5144963 -0.8568171 0.03403908
vn 0.2263146 -0.9657645 0.1268122
vn -0.4280005 -0.2950229 -0.8542702
vn 0.2361723 -0.940771 -0.2432555
vn 0.7112895 -0.7015749 0.04312951
vn 0.5356318 -0.6001655 -0.5940543
vn -0.6868524 -0.4536772 -0.5678127
vn -0.2649937 0.1325113 0.955102
vn 0.2586433 -0.08153362 0.9625261
vn -0.4706864 0.8798455 0.06577857
vn -0.636842 -0.3565212 0.683612
vn 0.2263146 -0.9657645 0.1268122
vn -0.2649937 0.1325113 0.955102
vn 0.5144963 -0.8568171 0.03403908
vn 0.2586433 -0.08153362 0.9625261
vn 0.2263146 -0.9657645 0.1268122
vn 0.2361723 -0.940771 -0.2432555
vn -0.5031768 0.7824622 0.3668334
vn 0.5537038 0.2226831 0.8023869
vn -0.3150505 0.94405 -0.09753799
vn -0.5031768 0.7824622 0.3668334
vn 0.7853271 0.4330726 0.4423911
vn -0.6883082 0.4632939 0.5582033
vn -0.6868524 -0.4536772 -0.5678127
vn -0.6883082 0.4632939 0.5582033
vn -0.4280005 -0.2950229 -0.8542702
vn 0.5562403 -0.2269011 -0.7994456
vn 0.5356318 -0.6001655 -0.5940543
vn -0.7159879 -0.6971335 0.0369672
vn 0.7112895 -0.7015749 0.04312951
vn 0.5537038 0.2226831 0.8023869
vn -0.1520656 -0.9238768 -0.3511817
vn 0.5562403 -0.2269011 -0.7994456
vn 0.2458814 -0.04941425 -0.9680399
vn 0.7853271 0.4330726 0.4423911
vn 0.3463042 0.8170539 0.4609741
vn 0.3141067 0.9123821 -0.2624817
vn 0.1397775 0.1549805 -0.9779795
vn -0.1520656 -0.9238768 -0.3511817
vn 0.176644 -0.9842361 0.008762933
vn 0.2127617 -0.008637113 0.9770662
vn 0.2665094 -0.8179032 0.5099096
vn 0.6299021 -0.3085955 0.712736
vn 0.2665094 -0.8179032 0.5099096
vn -0.05098385 -0.6126963 0.7886727
vn -0.03398108 -0.8151537 0.5782477
vn 0.3437026 0.8406857 -0.4184693
vn 0.1388955 0.9745072 0.1761942
vn 0.6299021 -0.3085955 0.712736
vn 0.6411787 0.216357 -0.7362608
vn 0.1388955 0.9745072 0.1761942
vn 0.3437026 0.8406857 -0.4184693
vn -1.347258E-09 0.7310348 -0.6823407
vn 1.956055E-09 0.675209 -0.7376269
vn 0.3141067 0.9123821 -0.2624817
vn 0.1397775 0.1549805 -0.9779795
vn -0.05098385 -0.6126963 0.7886727
vn 0.322483 0.1980483 0.9256253
vn -3.51724E-08 0.2017716 0.9794329
vn 0.322483 0.1980483 0.9256253
vn -4.140588E-08 0.8177786 0.5755335
vn 0.8944272 0.3657217 0.2573864
vn -0.7159879 -0.6971335 0.0369672
vn -0.6883082 0.4632939 0.5582033
vn -0.6868524 -0.4536772 -0.5678127
vn -0.809559 -0.4150645 0.4151334
vn -0.2429887 0.04992873 0.9687436
vn -0.7159879 -0.6971335 0.0369672
vn -0.1520656 -0.9238768 -0.3511817
vn 0.176644 -0.9842361 0.008762933
vn 0.2127617 -0.008637113 0.9770662
vn -0.1520656 -0.9238768 -0.3511817
vn 0.6411787 0.216357 -0.7362608
vn 0.1397775 0.1549805 -0.9779795
vn 0.2665094 -0.8179032 0.5099096
vn 0.6556036 -0.7523193 0.06480794
vn 0.2665094 -0.8179032 0.5099096
vn 0.318674 0.1151541 -0.9408438
vn 0.1388955 0.9745072 0.1761942
vn 0.3141067 0.9123821 -0.2624817
vn 0.2127617 -0.008637113 0.9770662
vn 0.3463042 0.8170539 0.4609741
vn -0.2429887 0.04992873 0.9687436
vn -4.204453E-08 0.706993 0.7072212
vn -0.6883082 0.4632939 0.5582033
vn 0.3463042 0.8170539 0.4609741
vn 0.7853271 0.4330726 0.4423911
vn 0.6556036 -0.7523193 0.06480794
vn -0.03398108 -0.8151537 0.5782477
vn 4.042714E-08 -0.8729852 -0.4877473
vn -0.2882975 -0.1670532 -0.9428565
vn 0.600858 0.3709304 -0.7080825
vn -0.8326217 0.257003 -0.4906025
vn 0.5158572 -0.149456 -0.8435371
vn -0.7094904 0.3678493 -0.6010911
vn 0.8965009 0.2617064 -0.3574857
vn -0.8326217 0.257003 -0.4906025
vn 0.7087998 0.2799574 -0.6474775
vn -0.7094904 0.3678493 -0.6010911
vn -0.7096392 0.2540321 -0.657176
vn -0.9999269 -0.01209177 -2.403304E-08
vn -0.6917936 -0.1916213 0.6962063
vn -0.8118405 -0.06395306 0.5803666
vn 0.600858 0.3709304 -0.7080825
vn 0.7071068 -0.4904293 -0.5093912
vn 0.999927 -0.01208253 3.556024E-08
vn 0.5158572 -0.149456 -0.8435371
vn -0.8944272 -0.3101747 -0.3221673
vn -0.7096392 0.2540321 -0.657176
vn 0.7077352 0.1592869 -0.6882869
vn -0.7077353 0.1301001 -0.6943956
vn 0.7087998 0.2799574 -0.6474775
vn 0.5847298 -0.1503526 0.7971734
vn 0.8965009 0.2617064 -0.3574857
vn 0.8792648 -0.09944863 0.4658364
vn 0.8965009 0.2617064 -0.3574857
vn 0.999927 -0.01208253 3.556024E-08
vn 0.600858 0.3709304 -0.7080825
vn -0.7073582 -0.1258389 0.695564
vn -0.8118405 -0.06395306 0.5803666
vn -0.7077353 0.1301001 -0.6943956
vn 0.7073582 -0.1072375 0.6986737
vn 0.7993576 -0.0572762 0.5981197
vn 0.4483137 0.04845152 -0.8925625
vn -0.8118405 -0.06395306 0.5803666
vn 0.813484 -0.1724974 -0.5554176
vn 0.7993576 -0.0572762 0.5981197
vn 0.7952268 -0.2358109 0.5585766
vn -0.4436801 0.02968064 0.895694
vn -0.8002806 -0.05653789 0.5969545
vn -0.6917936 -0.1916213 0.6962063
vn 0.5847298 -0.1503526 0.7971734
vn 0.5194637 -0.4039231 0.7529968
vn -0.5581682 0.279893 0.7810946
vn 0.7952268 -0.2358109 0.5585766
vn -0.7077353 0.1301001 -0.6943956
vn 0.4483137 0.04845152 -0.8925625
vn -0.7080116 0.05047622 -0.7043948
vn 0.7077352 0.1592869 -0.6882869
vn -0.7265635 0.1064786 -0.678799
vn 0.813484 -0.1724974 -0.5554176
vn -0.7080116 0.05047622 -0.7043948
vn -0.8002806 -0.05653789 0.5969545
vn -0.7073582 -0.1258389 0.695564
vn 0.603723 -0.422448 -0.6760596
vn -0.7265635 0.1064786 -0.678799
vn -0.467179 0.172071 -0.8672577
vn -0.8002806 -0.05653789 0.5969545
vn -0.4436801 0.02968064 0.895694
vn 0.7073582 -0.1072375 0.6986737
vn 0.7087998 0.2799574 -0.6474775
vn 0.5847298 -0.1503526 0.7971734
vn 0.7993576 -0.0572762 0.5981197
vn -0.7073582 -0.1258389 0.695564
vn 0.7952268 -0.2358109 0.5585766
vn 0.5194637 -0.4039231 0.7529968
vn 0.813484 -0.1724974 -0.5554176
vn -0.467179 0.172071 -0.8672577
vn -0.4601305 0.8332642 0.3065148
vn 0.2898346 -0.6716828 -0.6817908
vn -0.3207058 0.3907827 -0.8628078
vn 0.603723 -0.422448 -0.6760596
vn 0.2898346 -0.6716828 -0.6817908
vn -0.3150505 0.3874877 -0.8663701
vn -0.358788 -0.241647 -0.9015978
vn 0.5194637 -0.4039231 0.7529968
vn 0.226959 -0.3661164 0.9024683
vn -0.3150505 0.3874877 -0.8663701
vn -0.4279844 -0.8873403 -0.1716305
vn -0.5031812 0.7089062 -0.4942279
vn 0.5356318 -0.8145497 0.2227282
vn 0.7112963 -0.3134331 0.6291405
vn -0.6868502 -0.7185812 0.1089871
vn -0.4279844 -0.8873403 -0.1716305
vn 0.2361692 -0.6810744 0.6930819
vn 0.1044228 -0.9647406 0.2416034
vn -0.4601305 0.8332642 0.3065148
vn 0.2586558 0.7928017 0.5518726
vn -0.3207058 0.3907827 -0.8628078
vn -0.5581682 0.279893 0.7810946
vn -0.5581682 0.279893 0.7810946
vn -0.4436801 0.02968064 0.895694
vn -0.5031812 0.7089062 -0.4942279
vn -0.6868502 -0.7185812 0.1089871
vn -0.6883126 0.7150617 -0.1221177
vn -0.4279844 -0.8873403 -0.1716305
vn 0.7853316 0.5996513 -0.1538603
vn 0.553701 0.8062347 0.2083298
vn -0.6883126 0.7150617 -0.1221177
vn 0.5562258 -0.8058035 -0.2032096
vn 0.5356318 -0.8145497 0.2227282
vn -0.7159874 -0.3165796 0.6222056
vn 0.7112963 -0.3134331 0.6291405
vn 0.553701 0.8062347 0.2083298
vn -0.1520665 -0.7660456 0.6245404
vn 0.5562258 -0.8058035 -0.2032096
vn 0.2459067 -0.8630657 -0.4411896
vn 0.7853316 0.5996513 -0.1538603
vn 0.346315 0.8077368 -0.4771035
vn 0.3140993 0.2288779 -0.9213887
vn 0.1397499 -0.7694497 -0.6232318
vn -0.1520665 -0.7660456 0.6245404
vn 0.1766327 -0.4845859 0.8567253
vn 0.2127436 0.8418067 0.496087
vn 0.2659921 0.01748996 0.9638169
vn 0.6236148 0.4785163 0.6181641
vn 0.2659921 0.01748996 0.9638169
vn -0.05093767 0.3766518 0.9249538
vn -0.03398274 0.08654372 0.9956686
vn 0.3429259 0.07130931 -0.9366522
vn 0.1388827 0.6398847 -0.7558174
vn 0.6236148 0.4785163 0.6181641
vn 0.72384 -0.5684007 -0.3911223
vn 0.1388827 0.6398847 -0.7558174
vn 0.3429259 0.07130931 -0.9366522
vn 3.470334E-08 -0.1820884 -0.9832825
vn 3.735073E-08 -0.3012197 -0.9535552
vn 0.3140993 0.2288779 -0.9213887
vn 0.1397499 -0.7694497 -0.6232318
vn -0.05093767 0.3766518 0.9249538
vn 0.3224883 0.9006358 0.2913025
vn -3.753567E-08 0.9491031 0.3149667
vn 0.3224883 0.9006358 0.2913025
vn 4.011099E-09 0.6382646 -0.7698175
vn 0.6494108 0.1106541 -0.7523441
vn -0.7159874 -0.3165796 0.6222056
vn -0.6883126 0.7150617 -0.1221177
vn -0.6868502 -0.7185812 0.1089871
vn -0.5567257 0.8057128 0.2021977
vn -0.2429906 0.8639053 0.441162
vn -0.7159874 -0.3165796 0.6222056
vn -0.1520665 -0.7660456 0.6245404
vn 0.1766327 -0.4845859 0.8567253
vn 0.2127436 0.8418067 0.496087
vn -0.1520665 -0.7660456 0.6245404
vn -0.6883126 0.7150617 -0.1221177
vn 0.346315 0.8077368 -0.4771035
vn 0.7853316 0.5996513 -0.1538603
vn 0.346315 0.8077368 -0.4771035
vn -0.2429906 0.8639053 0.441162
vn 0.3140993 0.2288779 -0.9213887
vn 0.1388827 0.6398847 -0.7558174
vn 0.2127436 0.8418067 0.496087
vn 0.72384 -0.5684007 -0.3911223
vn 0.1397499 -0.7694497 -0.6232318
vn 0.2659921 0.01748996 0.9638169
vn 0.6597363 -0.3577708 0.6608694
vn 0.2659921 0.01748996 0.9638169
vn 0.3197014 -0.7055095 -0.6324934
vn 0.6597363 -0.3577708 0.6608694
vn -0.03398274 0.08654372 0.9956686
vn 1.32003E-08 -0.8944273 0.4472142
vn -0.2985783 -0.7626569 0.5737648
vn 0.5942776 -0.8029496 0.04589543
vn -0.8265451 -0.5583785 0.07097226
vn 0.5304241 -0.6774298 0.5096465
vn -0.7058427 -0.7082005 -0.01544758
vn 0.8929409 -0.4479616 -0.04457723
vn -0.8265451 -0.5583785 0.07097226
vn 0.7087981 -0.7007141 0.08127328
vn -0.7058427 -0.7082005 -0.01544758
vn -0.7096378 -0.6961496 0.1085828
vn -0.9940123 2.262196E-08 0.1092685
vn -0.6993572 0.691932 -0.1792484
vn -0.814589 0.5300416 -0.235586
vn 0.5942776 -0.8029496 0.04589543
vn 0.6534618 -0.1848025 0.7340545
vn 0.9940075 8.160506E-08 0.1093118
vn 0.5304241 -0.6774298 0.5096465
vn -0.8389749 -0.1186305 0.531082
vn -0.7096378 -0.6961496 0.1085828
vn 0.7077351 -0.6757183 0.2061946
vn -0.7077351 -0.6664164 0.234522
vn 0.7087981 -0.7007141 0.08127328
vn 0.5867944 0.7636378 -0.2693143
vn 0.8929409 -0.4479616 -0.04457723
vn 0.8872512 0.4389153 -0.1419119
vn 0.8929409 -0.4479616 -0.04457723
vn 0.9940075 8.160506E-08 0.1093118
vn 0.5942776 -0.8029496 0.04589543
vn -0.707358 0.6652949 -0.2388046
vn -0.814589 0.5300416 -0.235586
vn -0.7077351 -0.6664164 0.234522
vn 0.707358 0.65869 -0.2564612
vn 0.8038653 0.5396693 -0.250116
vn 0.4463283 -0.797209 0.4065088
vn -0.814589 0.5300416 -0.235586
vn 0.8141323 -0.3985071 0.4223516
vn 0.8038653 0.5396693 -0.250116
vn 0.7870994 0.6094444 -0.09514447
vn -0.5998165 0.6504948 -0.4659155
vn -0.8002808 0.5452486 -0.2495093
vn -0.6993572 0.691932 -0.1792484
vn 0.5867944 0.7636378 -0.2693143
vn 0.5145132 0.8568075 -0.03402195
vn -0.6368513 0.3565565 -0.6835848
vn 0.7870994 0.6094444 -0.09514447
vn -0.7077351 -0.6664164 0.234522
vn 0.4463283 -0.797209 0.4065088
vn -0.7082458 -0.6323415 0.313899
vn 0.7077351 -0.6757183 0.2061946
vn -0.5957829 -0.6906099 0.4100015
vn 0.8141323 -0.3985071 0.4223516
vn -0.7082458 -0.6323415 0.313899
vn -0.8002808 0.5452486 -0.2495093
vn -0.707358 0.6652949 -0.2388046
vn 0.61338 -0.3593412 0.703306
vn -0.5957829 -0.6906099 0.4100015
vn -0.6305563 -0.7366686 0.2443739
vn -0.8002808 0.5452486 -0.2495093
vn -0.5998165 0.6504948 -0.4659155
vn 0.707358 0.65869 -0.2564612
vn 0.7087981 -0.7007141 0.08127328
vn 0.5867944 0.7636378 -0.2693143
vn 0.8038653 0.5396693 -0.250116
vn -0.707358 0.6652949 -0.2388046
vn 0.7870994 0.6094444 -0.09514447
vn 0.5145132 0.8568075 -0.03402195
vn 0.8141323 -0.3985071 0.4223516
vn -0.6368513 0.3565565 -0.6835848
vn -0.4706941 -0.8798398 -0.06579846
vn -0.2649827 -0.1324866 -0.9551085
vn -0.6368513 0.3565565 -0.6835848
vn -0.3150396 -0.9440545 0.09752793
vn 0.2586533 0.08153369 -0.9625234
vn -0.4706941 -0.8798398 -0.06579846
vn 0.2898378 -0.2546702 0.9225713
vn -0.4706941 -0.8798398 -0.06579846
vn -0.1085629 0.2238169 0.9685664
vn -0.3150396 -0.9440545 0.09752793
vn -0.7344761 -0.4798837 0.4798509
vn -0.5031781 -0.7824647 -0.3668258
vn -0.6305563 -0.7366686 0.2443739
vn 0.2898378 -0.2546702 0.9225713
vn 0.61338 -0.3593412 0.703306
vn 0.5145132 0.8568075 -0.03402195
vn 0.2263186 0.9657694 -0.1267679
vn -4.204451E-08 0.7070948 0.7071192
vn 0.2361681 0.9407552 0.2433203
vn 0.7113101 0.7015535 -0.04313881
vn 0.5356318 0.6001658 0.5940539
vn -4.204451E-08 0.7070948 0.7071192
vn -0.6868532 0.4536817 0.5678082
vn -0.5031781 -0.7824647 -0.3668258
vn -0.6868532 0.4536817 0.5678082
vn -0.6883108 -0.4632809 -0.558211
vn -0.7344761 -0.4798837 0.4798509
vn 0.7853242 -0.4330747 -0.4423941
vn 0.5536847 -0.2227263 -0.8023882
vn -0.6883108 -0.4632809 -0.558211
vn 0.556242 0.2269259 0.7994372
vn 0.5356318 0.6001658 0.5940539
vn -0.7159889 0.6971313 -0.03698913
vn 0.7113101 0.7015535 -0.04313881
vn 0.5536847 -0.2227263 -0.8023882
vn -0.1520723 0.92391 0.3510911
vn 0.556242 0.2269259 0.7994372
vn 0.2459021 0.04941419 0.9680347
vn 0.7853242 -0.4330747 -0.4423941
vn 0.3463122 -0.8170335 -0.4610039
vn 0.3141078 -0.9123862 0.2624658
vn 0.1397641 -0.1549532 0.9779858
vn -0.1520723 0.92391 0.3510911
vn 0.176647 0.9842352 -0.008805925
vn 0.2127329 0.008674721 -0.9770723
vn 0.2665812 0.8178779 -0.5099126
vn 0.6299266 0.3085914 -0.7127162
vn 0.2665812 0.8178779 -0.5099126
vn -0.05087491 0.6126959 -0.78868
vn -0.03393305 0.8151473 -0.5782596
vn 0.4029661 -0.8497097 0.3400181
vn 0.1388873 -0.9745022 -0.1762287
vn 0.6299266 0.3085914 -0.7127162
vn 0.6411827 -0.216363 0.7362555
vn 0.1388873 -0.9745022 -0.1762287
vn 0.4029661 -0.8497097 0.3400181
vn 1.347791E-09 -0.7310435 0.6823315
vn -1.955807E-09 -0.6752134 0.737623
vn 0.3141078 -0.9123862 0.2624658
vn 0.1397641 -0.1549532 0.9779858
vn -0.05087491 0.6126959 -0.78868
vn 0.3225013 -0.1981068 -0.9256064
vn 3.517451E-08 -0.2018616 -0.9794144
vn 0.3225013 -0.1981068 -0.9256064
vn 3.423828E-08 -0.9858263 -0.1677715
vn 0.6515619 -0.6955784 0.3027179
vn -0.7159889 0.6971313 -0.03698913
vn -0.6883108 -0.4632809 -0.558211
vn -0.6868532 0.4536817 0.5678082
vn -0.5567144 -0.2277352 -0.7988781
vn -0.242978 -0.04992319 -0.9687467
vn -0.7159889 0.6971313 -0.03698913
vn -0.1520723 0.92391 0.3510911
vn 0.176647 0.9842352 -0.008805925
vn 0.2127329 0.008674721 -0.9770723
vn -0.1520723 0.92391 0.3510911
vn -0.6883108 -0.4632809 -0.558211
vn 0.3463122 -0.8170335 -0.4610039
vn 0.7853242 -0.4330747 -0.4423941
vn 0.3463122 -0.8170335 -0.4610039
vn -0.242978 -0.04992319 -0.9687467
vn 0.3141078 -0.9123862 0.2624658
vn 0.1388873 -0.9745022 -0.1762287
vn 0.2127329 0.008674721 -0.9770723
vn 0.6411827 -0.216363 0.7362555
vn 0.1397641 -0.1549532 0.9779858
vn 0.2665812 0.8178779 -0.5099126
vn 0.655595 0.7523246 -0.06483251
vn 0.2665812 0.8178779 -0.5099126
vn 0.3186873 -0.1151286 0.9408424
vn 0.655595 0.7523246 -0.06483251
vn -0.03393305 0.8151473 -0.5782596
vn -4.042642E-08 0.8730155 0.4876932
vn -0.8944272 0.3101737 0.3221683
vn -0.8326217 -0.2570028 0.4906025
vn -0.9999269 0.01209146 -3.55645E-08
vn -0.2882972 0.1670523 0.9428568
vn 0.3197004 0.7055125 0.6324905
vn -1.32003E-08 0.8944273 -0.4472142
vn 0.6597356 0.3577731 -0.6608689
vn -4.204451E-08 0.7071074 0.7071067
vn 0.6236239 -0.4785326 -0.6181427
vn 0.6494054 -0.1106477 0.7523498
vn 0.3429344 -0.07129885 0.9366499
vn 0.3224823 -0.900656 -0.2912463
vn -0.1085393 0.9507307 0.2903978
vn 0.2361728 0.6811009 -0.6930546
vn 0.28982 0.671666 0.6818135
vn 0.7113023 0.3134336 -0.6291334
vn 0.5809485 0.4740463 0.6616489
vn 0.6531919 0.7400516 -0.1602013
vn 0.9941407 0.1080934 -2.191651E-08
vn 0.7071067 0.686375 -0.1699696
vn -0.4472136 0.8682034 -0.2149965
vn 0.7071067 0.686375 -0.1699696
vn -0.8386892 0.5348116 -0.1028457
vn -0.8386892 0.5348116 -0.1028457
vn -0.8080781 0.3677844 0.4601574
vn -0.9941455 0.1080494 -8.114851E-08
vn -0.4472136 0.8682034 -0.2149965
vn 0.3186793 0.872366 -0.3707045
vn 3.021673E-08 -0.01411709 -0.9999007
vn 0.6449709 -0.4259004 -0.6345248
vn -1.594026E-08 0.9233215 -0.3840289
vn 0.6280722 -0.7703711 0.1097911
vn 0.6453437 0.6393442 0.4180561
vn 0.3405576 0.7769849 0.5294484
vn 0.3333333 -0.6666666 0.6666672
vn -0.1085425 0.7268798 -0.6781335
vn 0.2263237 -0.5926631 -0.7729999
vn 0.5352793 0.2326271 -0.8120105
vn -0.3918878 -0.6653481 0.6354026
vn 0.2361707 -0.2596738 -0.9363726
vn 0.2263237 -0.5926631 -0.7729999
vn -0.6969886 -0.7125548 -0.08045394
vn 0.5145215 -0.457888 -0.7249874
vn -0.8500002 -0.1230016 0.512221
vn -0.8500002 -0.1230016 0.512221
vn -0.3918878 -0.6653481 0.6354026
vn -0.3207176 0.5517764 0.7698596
vn -0.3918878 -0.6653481 0.6354026
vn -0.3918878 -0.6653481 0.6354026
vn -0.06090586 -0.2675503 0.9616174
vn 0.2586478 -0.8743476 0.4106315
vn -0.8389772 0.1186306 -0.5310786
vn -0.8265462 0.5583783 -0.07095964
vn -0.9940127 -8.158289E-08 -0.109265
vn -0.2985783 0.7626569 -0.5737649
vn 0.318674 0.1151541 -0.9408438
vn 4.042714E-08 -0.8729852 -0.4877473
vn 0.6556036 -0.7523193 0.06480794
vn 2.572229E-08 0.1291107 -0.9916306
vn 0.6299021 -0.3085955 0.712736
vn 0.8944272 0.3657217 0.2573864
vn 0.3437026 0.8406857 -0.4184693
vn 0.322483 0.1980483 0.9256253
vn -0.1085552 -0.2238603 -0.9685572
vn 0.2361723 -0.940771 -0.2432555
vn 0.2898268 0.2546455 -0.9225816
vn 0.7112895 -0.7015749 0.04312951
vn -0.8944272 -0.3101747 -0.3221673
vn -0.8326217 0.257003 -0.4906025
vn -0.9999269 -0.01209177 -2.403304E-08
vn -0.2882975 -0.1670532 -0.9428565
vn 0.3197014 -0.7055095 -0.6324934
vn 1.32003E-08 -0.8944273 0.4472142
vn 0.6597363 -0.3577708 0.6608694
vn 4.204451E-08 -0.7071074 -0.7071067
vn 0.6236148 0.4785163 0.6181641
vn 0.6494108 0.1106541 -0.7523441
vn 0.3429259 0.07130931 -0.9366522
vn 0.3224883 0.9006358 0.2913025
vn 0.2586558 0.7928017 0.5518726
vn -0.5031812 0.7089062 -0.4942279
vn -0.3150505 0.3874877 -0.8663701
vn 0.7112963 -0.3134331 0.6291405
vn 0.2361692 -0.6810744 0.6930819
vn 0.1044228 -0.9647406 0.2416034
vn 0.226959 -0.3661164 0.9024683
vn 0.2898346 -0.6716828 -0.6817908
vn -0.4601305 0.8332642 0.3065148
vn 0.2361692 -0.6810744 0.6930819
vn 0.226959 -0.3661164 0.9024683
vn -0.5581682 0.279893 0.7810946
vn 0.5194637 -0.4039231 0.7529968
vn 0.9955734 -0.09398704 7.448561E-08
vn 0.6531924 -0.7400448 0.1602305
vn 0.9941407 -0.1080935 8.11694E-08
vn 0.7071068 -0.6863673 0.1700005
vn -0.4472136 -0.8681937 0.2150356
vn 0.7071068 -0.6863673 0.1700005
vn -0.8386896 -0.5348073 0.1028644
vn -0.8386896 -0.5348073 0.1028644
vn -0.9955786 -0.09393249 1.512123E-08
vn -0.9941455 -0.1080497 2.189552E-08
vn -0.4472136 -0.8681937 0.2150356
vn 0.3186916 -0.8723644 0.3706973
vn -3.021791E-08 0.01415741 0.9999001
vn 0.6449727 0.4259315 0.6345022
vn 1.594125E-08 -0.9233312 0.3840052
vn 0.3333333 0.6666666 -0.6666672
vn 3.99187E-08 -0.4472142 -0.8944273
vn 0.6453441 -0.6393442 -0.4180557
vn 1.004924E-10 0.7071067 -0.7071074
vn 0.865285 0.3790117 -0.3280736
vn 0.6453441 -0.6393442 -0.4180557
vn 0.3405604 -0.7769684 -0.5294709
vn 0.3333333 0.6666666 -0.6666672
vn 0.535262 -0.23254 0.8120469
vn 0.5144843 0.4578999 0.7250062
vn 0.2263059 0.5926625 0.7730055
vn 0.8595263 -0.1764426 0.4796693
vn 0.8595263 -0.1764426 0.4796693
vn 0.783935 0.388876 0.4839645
vn 0.5144843 0.4578999 0.7250062
vn 0.821903 -0.5558263 -0.1246305
vn -0.8389749 -0.1186305 0.531082
vn -0.8265451 -0.5583785 0.07097226
vn -0.9940123 2.262196E-08 0.1092685
vn -0.2985783 -0.7626569 0.5737648
vn 0.3186873 -0.1151286 0.9408424
vn -4.042642E-08 0.8730155 0.4876932
vn 0.655595 0.7523246 -0.06483251
vn -2.57236E-08 -0.1290716 0.9916356
vn 0.6299266 0.3085914 -0.7127162
vn 0.6515619 -0.6955784 0.3027179
vn 0.4029661 -0.8497097 0.3400181
vn 0.3225013 -0.1981068 -0.9256064
vn 0.2586533 0.08153369 -0.9625234
vn -0.5031781 -0.7824647 -0.3668258
vn -0.3150396 -0.9440545 0.09752793
vn 0.7113101 0.7015535 -0.04313881
vn 0.2361681 0.9407552 0.2433203
vn -0.1085629 0.2238169 0.9685664
vn 0.2263186 0.9657694 -0.1267679
vn 0.2898378 -0.2546702 0.9225713
vn -0.2649827 -0.1324866 -0.9551085
vn 0.2361681 0.9407552 0.2433203
vn 0.2263186 0.9657694 -0.1267679
vn -0.6368513 0.3565565 -0.6835848
vn 0.5145132 0.8568075 -0.03402195
vn 0.3405604 -0.7769684 -0.5294709
vn 3.70676E-08 -0.9564277 -0.2919703
vn 3.397111E-08 -0.987591 -0.15705
vn 0.3140977 -0.6835161 -0.6588997
vn 0.1397763 -0.9244401 0.354787
vn -3.47035E-08 0.1820952 0.9832812
vn 0.3197004 0.7055125 0.6324905
vn 0.6347237 0.5422345 0.5505524
vn -4.204451E-08 0.7071074 0.7071067
vn 0.6494054 -0.1106477 0.7523498
vn -3.776969E-08 0.3222939 0.94664
vn 0.3429344 -0.07129885 0.9366499
vn -4.012413E-09 -0.6382404 0.7698376
vn -3.706681E-08 0.9564394 0.2919321
vn 0.3186793 0.872366 -0.3707045
vn 0.6388475 0.7438157 -0.1965008
vn -1.594026E-08 0.9233215 -0.3840289
vn 0.6453437 0.6393442 0.4180561
vn -3.397111E-08 0.987591 0.15705
vn 0.3405576 0.7769849 0.5294484
vn -3.99187E-08 0.4472142 0.8944273
vn -1.347258E-09 0.7310348 -0.6823407
vn 0.318674 0.1151541 -0.9408438
vn 0.6411787 0.216357 -0.7362608
vn 2.572229E-08 0.1291107 -0.9916306
vn 2.886282E-09 0.6586972 -0.7524085
vn 1.956055E-09 0.675209 -0.7376269
vn 0.3437026 0.8406857 -0.4184693
vn 3.526433E-09 0.6471316 -0.7623789
vn 3.470334E-08 -0.1820884 -0.9832825
vn 0.3197014 -0.7055095 -0.6324934
vn 3.528969E-08 -0.2067758 -0.9783887
vn 4.204451E-08 -0.7071074 -0.7071067
vn 0.6494108 0.1106541 -0.7523441
vn 3.735073E-08 -0.3012197 -0.9535552
vn 0.3429259 0.07130931 -0.9366522
vn 4.011099E-09 0.6382646 -0.7698175
vn 0.6449727 0.4259315 0.6345022
vn -4.047381E-08 0.8709928 0.4912964
vn 0.2642109 0.8449093 0.4651038
vn -3.021791E-08 0.01415741 0.9999001
vn 3.70676E-08 -0.9564277 -0.2919703
vn 0.3186916 -0.8723644 0.3706973
vn 0.6388639 -0.7438089 0.1964731
vn 1.594125E-08 -0.9233312 0.3840052
vn -0.05096832 0.9901932 0.1300788
vn 0.3333333 0.6666666 -0.6666672
vn 0.865285 0.3790117 -0.3280736
vn 1.004924E-10 0.7071067 -0.7071074
vn 0.6453441 -0.6393442 -0.4180557
vn 3.397111E-08 -0.987591 -0.15705
vn 0.3405604 -0.7769684 -0.5294709
vn 3.99187E-08 -0.4472142 -0.8944273
vn 1.347791E-09 -0.7310435 0.6823315
vn 0.3186873 -0.1151286 0.9408424
vn 0.6411827 -0.216363 0.7362555
vn -2.57236E-08 -0.1290716 0.9916356
vn 0.6515619 -0.6955784 0.3027179
vn -1.955807E-09 -0.6752134 0.737623
vn -2.247367E-09 -0.6700757 0.7422934
vn 3.423828E-08 -0.9858263 -0.1677715
vn -0.08428434 0.6730236 0.7348034
vn -0.4986374 0.465901 0.7309566
vn -0.4986443 0.6392086 0.5854627
vn -0.08428538 0.4599065 0.8839585
vn -4.063787E-08 0.4999995 0.8660261
vn -4.20445E-08 0.7071111 0.707103
vn 0.08428395 0.5355752 0.8402715
vn 0.08428219 0.7348062 0.673021
vn 0.498652 0.5854625 0.639203
vn 0.4986409 0.4000777 0.7689575
vn -0.4986629 0.2608362 0.8266198
vn -0.08428084 0.2154552 0.9728702
vn -3.646181E-08 0.2588176 0.9659266
vn 0.08428218 0.2998489 0.9502567
vn 0.4986243 0.187429 0.8463125
vn -0.4986739 0.03800479 0.8659564
vn -0.08428054 -0.04368044 0.9954846
vn -2.980101E-08 4.768372E-07 1
vn 0.08428075 0.04369089 0.9954841
vn 0.4986312 -0.03800255 0.8659811
vn -0.498678 -0.1874201 0.8462827
vn -0.08428157 -0.2998488 0.9502568
vn -2.110938E-08 -0.2588162 0.965927
vn 0.08428009 -0.215453 0.9728709
vn 0.4986539 -0.2608337 0.826626
vn -0.4986483 -0.4000757 0.7689537
vn -0.08428267 -0.5355766 0.8402706
vn -1.097894E-08 -0.5000008 0.8660254
vn 0.08427996 -0.4599061 0.8839592
vn 0.4986775 -0.4658867 0.7309384
vn -0.4986443 -0.5854628 0.6392087
vn -0.08428193 -0.7348025 0.673025
vn -1.006307E-10 -0.7071044 0.7071097
vn 0.08427953 -0.6730245 0.7348032
vn 0.4986519 -0.6392043 0.5854612
vn -0.4986373 -0.7309566 0.465901
vn -0.08428531 -0.8839585 0.4599065
vn 1.078468E-08 -0.8660234 0.5000044
vn 0.08428294 -0.8402681 0.5355807
vn 0.4986616 -0.7689461 0.4000738
vn -0.4986552 -0.8266237 0.2608384
vn -0.08428078 -0.9728702 0.2154552
vn 2.09354E-08 -0.9659273 0.2588151
vn 0.08428244 -0.9502568 0.2998487
vn 0.498678 -0.846283 0.1874191
vn -0.4986719 -0.8659575 0.03800475
vn -0.0842807 -0.9954846 -0.0436801
vn 2.96589E-08 -1 4.768372E-07
vn 0.08428076 -0.9954846 0.04368106
vn 0.498672 -0.8659575 -0.03800393
vn -0.498678 -0.8462828 -0.1874201
vn -0.0842807 -0.9954846 -0.0436801
vn -0.08428302 -0.9502566 -0.2998487
vn -0.4986719 -0.8659575 0.03800475
vn 3.636127E-08 -0.9659275 -0.2588141
vn 2.96589E-08 -1 4.768372E-07
vn 0.08428086 -0.9728704 -0.2154543
vn 0.08428076 -0.9954846 0.04368106
vn 0.498672 -0.8659575 -0.03800393
vn 0.4986603 -0.826622 -0.2608345
vn -0.4986481 -0.7689552 -0.4000732
vn -0.08428431 -0.8402715 -0.5355751
vn 4.058588E-08 -0.8660254 -0.5000007
vn 0.08428364 -0.8839596 -0.4599047
vn 0.4986508 -0.7309499 -0.4658972
vn -0.498663 -0.639203 -0.5854532
vn -0.08427973 -0.673022 -0.7348055
vn 4.20445E-08 -0.7071032 -0.7071108
vn 0.08428332 -0.7348008 -0.6730266
vn 0.4986625 -0.5854561 -0.6392006
vn -0.4986609 -0.4658907 -0.7309471
vn -0.08428119 -0.4599101 -0.883957
vn 4.063785E-08 -0.4999979 -0.866027
vn 0.08428094 -0.5355749 -0.840272
vn 0.4986702 -0.4000696 -0.7689427
vn -0.4986345 -0.2608427 -0.8266349
vn -0.0842801 -0.2154552 -0.9728703
vn 3.646183E-08 -0.2588181 -0.9659265
vn 0.08427998 -0.2998473 -0.9502575
vn 0.498634 -0.1874209 -0.8463084
vn -0.4986294 -0.03800298 -0.8659821
vn -0.08428068 0.04368532 -0.9954844
vn 2.980101E-08 -4.768372E-07 -1
vn 0.08428054 -0.04368034 -0.9954846
vn 0.4986444 0.03800641 -0.8659732
vn -0.4986347 0.1874209 -0.8463081
vn -0.08428148 0.2998463 -0.9502577
vn 2.110946E-08 0.2588141 -0.9659275
vn 0.08427972 0.215455 -0.9728704
vn 0.4986615 0.2608357 -0.8266209
vn -0.4986577 0.4000725 -0.7689494
vn -0.08428238 0.5355785 -0.8402694
vn 1.097886E-08 0.5000026 -0.8660244
vn 0.08428299 0.4599094 -0.8839572
vn 0.4986375 0.4659058 -0.7309535
vn -0.4986544 0.5854602 -0.6392031
vn -0.08428223 0.7348039 -0.6730235
vn 1.003152E-10 0.7071097 -0.7071044
vn 0.08428313 0.6730274 -0.7348001
vn 0.4986408 0.6392115 -0.5854627
vn -0.4986507 0.7309484 -0.4658995
vn -0.08428057 0.8839567 -0.4599111
vn -1.078498E-08 0.866027 -0.4999979
vn 0.08428267 0.840271 -0.5355761
vn 0.4986323 0.7689638 -0.4000765
vn -0.4986702 0.8266152 -0.2608371
vn -0.08427905 0.9728705 -0.2154545
vn -2.093531E-08 0.9659266 -0.2588174
vn 0.08428148 0.9502574 -0.2998473
vn 0.4986493 0.8462999 -0.1874193
vn -0.4986751 0.8659559 -0.03800103
vn -0.0842808 0.9954841 0.04369098
vn -2.96589E-08 1 -4.768372E-07
vn 0.0842807 0.9954846 -0.04368105
vn 0.498661 0.8659638 0.0380095
vn -0.4986465 0.8463001 0.187426
vn -0.08428136 0.950256 0.2998514
vn -3.636149E-08 0.9659247 0.2588245
vn 0.08428237 0.9728687 0.2154618
vn 0.4986417 0.8266294 0.2608463
vn -0.4986333 0.7689624 0.4000779
vn -0.08428279 0.8402747 0.5355703
vn -4.058584E-08 0.8660269 0.4999979
vn 0.08428205 0.8839563 0.4599115
vn 0.4986529 0.7309494 0.4658957
vn -0.4082482 -0.816497 -0.408248
vn -0.4082483 0.816497 0.408248
vn -0.2182179 -0.4364355 0.8728721
vn -0.2182179 0.4364355 -0.8728721
vn -0.3395955 -0.03445167 0.9399408
vn -0.258792 -0.6632587 0.7022216
vn -0.2182179 -0.4364355 0.8728721
vn -0.3498497 0.0333159 0.9362136
vn -0.219054 0.08200078 0.9722613
vn -0.4082483 0.816497 0.408248
vn -0.258792 0.7022217 0.6632586
vn -0.3395959 0.9399406 0.03445034
vn -0.3498497 0.9362136 -0.03331592
vn -0.219054 0.972261 -0.08200349
vn -0.2182179 0.4364355 -0.8728721
vn -0.2587896 0.6632653 -0.7022163
vn -0.3396014 0.03444999 -0.9399387
vn -0.3498557 -0.03331719 -0.9362113
vn -0.2190545 -0.08200476 -0.9722608
vn -0.4082482 -0.816497 -0.408248
vn -0.2587851 -0.7022123 -0.6632714
vn -0.3396019 -0.9399387 -0.0344438
vn -0.3498536 -0.9362124 0.03330974
vn -0.2190595 -0.9722596 0.08200417
vn 1 2.96589E-08 2.980101E-08
vn 0.9739468 -0.2147966 0.07273346
vn 0.9739468 -0.1706129 0.1493945
vn 0.9739468 -0.2262801 -0.01500334
vn 0.9739469 -0.2033132 -0.1004547
vn 0.9739468 -0.1493945 -0.1706129
vn 0.9739466 -0.07273304 -0.2147971
vn 0.9739468 0.0150032 -0.2262798
vn 0.973947 0.1004524 -0.2033137
vn 0.9739469 0.1706112 -0.1493961
vn 0.9739468 0.2147967 -0.07273341
vn 0.9739468 0.2262802 0.01500341
vn 0.9739466 0.2033137 0.1004573
vn 0.9739463 0.1493987 0.1706127
vn 0.973947 0.07272828 0.2147972
vn 0.9739466 -0.01500751 0.2262802
vn 0.9739469 -0.1004547 0.2033133
vn 0.5646041 -0.5437324 0.620949
vn 0.5646033 -0.2647054 0.7817638
vn 0.5646026 0.05458772 0.8235561
vn 0.564604 0.365613 0.7399661
vn 0.5646012 0.6209505 0.5437338
vn 0.5646034 0.7817596 0.2647172
vn 0.5646034 0.8235543 -0.05460543
vn 0.5646036 0.7399665 -0.365613
vn 0.5646049 0.5437267 -0.6209533
vn 0.5646041 0.2647106 -0.7817615
vn 0.5646032 -0.05460396 -0.8235545
vn 0.5646034 -0.3656074 -0.7399694
vn 0.5646045 -0.6209521 -0.5437286
vn 0.564603 -0.7817621 -0.264711
vn 0.5646035 -0.8235542 0.05460547
vn 0.5646033 -0.7399688 0.3656089
vn -0.7131654 -0.310516 0.6284706
vn -0.7131646 -0.5273806 0.4618078
vn -0.7131633 -0.3105145 0.6284737
vn -0.7131639 -0.5273921 0.4617958
vn -1.871432E-08 -0.3207253 0.9471727
vn -0.713165 -0.04638197 0.6994603
vn -3.169793E-08 0.06615949 0.9978094
vn -0.7131658 0.2248173 0.6639669
vn -0.7131635 0.2248251 0.6639667
vn -0.7131631 -0.04637713 0.6994625
vn 0.5646041 -0.5437324 0.620949
vn -0.7131654 -0.310516 0.6284706
vn 0.5646033 -0.2647054 0.7817638
vn 0.5646026 0.05458772 0.8235561
vn -0.7131631 -0.04637713 0.6994625
vn 0.564604 0.365613 0.7399661
vn -0.7131631 -0.04637713 0.6994625
vn -0.7131633 -0.3105145 0.6284737
vn -0.713165 -0.04638197 0.6994603
vn -0.7131654 -0.310516 0.6284706
vn -2.882581E-09 -0.6587637 0.7523504
vn -0.7131646 -0.5273806 0.4618078
vn -1.871432E-08 -0.3207253 0.9471727
vn -0.7131639 -0.5273921 0.4617958
vn -0.7131656 -0.663968 0.2248149
vn -0.7131642 -0.6639661 0.2248254
vn 0.5646033 -0.2647054 0.7817638
vn -0.7131654 -0.310516 0.6284706
vn 0.5646026 0.05458772 0.8235561
vn 0.5646033 -0.7399688 0.3656089
vn -0.7131642 -0.6639661 0.2248254
vn 0.5646041 -0.5437324 0.620949
vn -0.7131631 0.4618048 0.5273851
vn -0.7131635 0.2248251 0.6639667
vn -0.7131655 0.4617963 0.5273893
vn -0.7131658 0.2248173 0.6639669
vn 0.564604 0.365613 0.7399661
vn -0.7131658 0.2248173 0.6639669
vn 0.5646012 0.6209505 0.5437338
vn -0.7131649 0.6284657 0.3105271
vn -0.7131655 0.4617963 0.5273893
vn -0.7131635 0.6284742 0.3105128
vn -0.7131631 0.4618048 0.5273851
vn 0.5646012 0.6209505 0.5437338
vn -0.7131631 0.4618048 0.5273851
vn 0.5646034 0.7817596 0.2647172
vn -0.7131644 0.6994612 0.04637721
vn -0.7131635 0.6284742 0.3105128
vn -0.7131648 0.6994608 0.04637854
vn -0.7131649 0.6284657 0.3105271
vn 0.5646034 0.7817596 0.2647172
vn -0.7131649 0.6284657 0.3105271
vn 0.5646034 0.8235543 -0.05460543
vn -0.7131649 0.6639634 -0.2248304
vn -0.7131648 0.6994608 0.04637854
vn -0.7131642 0.6639646 -0.2248294
vn -0.7131644 0.6994612 0.04637721
vn 0.5646034 0.8235543 -0.05460543
vn -0.7131644 0.6994612 0.04637721
vn 0.5646036 0.7399665 -0.365613
vn -0.7131643 0.5273843 -0.461804
vn -0.7131642 0.6639646 -0.2248294
vn -0.7131639 0.5273889 -0.4617994
vn -0.7131649 0.6639634 -0.2248304
vn 0.5646036 0.7399665 -0.365613
vn -0.7131649 0.6639634 -0.2248304
vn 0.5646049 0.5437267 -0.6209533
vn -0.7131642 0.3105172 -0.6284715
vn -0.7131639 0.5273889 -0.4617994
vn -0.7131645 0.3105254 -0.628467
vn -0.7131643 0.5273843 -0.461804
vn 0.5646049 0.5437267 -0.6209533
vn -0.7131643 0.5273843 -0.461804
vn 0.5646041 0.2647106 -0.7817615
vn -0.7131644 0.04637716 -0.6994613
vn -0.7131645 0.3105254 -0.628467
vn -0.713165 0.04637687 -0.6994607
vn -0.7131642 0.3105172 -0.6284715
vn 0.5646041 0.2647106 -0.7817615
vn -0.7131642 0.3105172 -0.6284715
vn 0.5646032 -0.05460396 -0.8235545
vn -0.7131642 -0.2248241 -0.6639664
vn -0.713165 0.04637687 -0.6994607
vn -0.7131643 -0.2248348 -0.6639627
vn -0.7131644 0.04637716 -0.6994613
vn 0.5646032 -0.05460396 -0.8235545
vn -0.7131644 0.04637716 -0.6994613
vn 0.5646034 -0.3656074 -0.7399694
vn -0.7131646 -0.4617995 -0.5273878
vn -0.7131643 -0.2248348 -0.6639627
vn -0.713163 -0.4618001 -0.5273895
vn -0.7131642 -0.2248241 -0.6639664
vn 0.5646034 -0.3656074 -0.7399694
vn -0.7131642 -0.2248241 -0.6639664
vn 0.5646045 -0.6209521 -0.5437286
vn -0.7131642 -0.6284714 -0.3105173
vn -0.713163 -0.4618001 -0.5273895
vn -0.7131662 -0.6284648 -0.3105259
vn -0.7131646 -0.4617995 -0.5273878
vn 0.5646045 -0.6209521 -0.5437286
vn -0.7131646 -0.4617995 -0.5273878
vn 0.564603 -0.7817621 -0.264711
vn -0.7131644 -0.6994612 -0.04637726
vn -0.7131662 -0.6284648 -0.3105259
vn -0.7131625 -0.6994637 -0.04636998
vn -0.7131642 -0.6284714 -0.3105173
vn 0.564603 -0.7817621 -0.264711
vn -0.7131642 -0.6284714 -0.3105173
vn 0.5646035 -0.8235542 0.05460547
vn -0.7131642 -0.6639661 0.2248254
vn -0.7131625 -0.6994637 -0.04636998
vn -0.7131656 -0.663968 0.2248149
vn -0.7131644 -0.6994612 -0.04637726
vn 0.5646035 -0.8235542 0.05460547
vn -0.7131644 -0.6994612 -0.04637726
vn 0.5646033 -0.7399688 0.3656089
vn -1 -2.96589E-08 -2.980101E-08
vn -0.7278591 -0.4631595 -0.5056726
vn -0.4869366 -0.756417 -0.4367225
vn -1 -2.96589E-08 -2.980101E-08
vn -0.7278641 -0.6694998 -0.1482711
vn -1 -2.96589E-08 -2.980101E-08
vn -0.7278534 -0.6850738 0.03006344
vn -1 -2.96589E-08 -2.980101E-08
vn -0.7278581 -0.6539456 0.2063449
vn -1 -2.96589E-08 -2.980101E-08
vn -0.7278591 -0.5782563 0.3685662
vn -1 -2.96589E-08 -2.980101E-08
vn -0.7278553 -0.4631632 0.5056747
vn -1 -2.96589E-08 -2.980101E-08
vn -0.7278605 -0.3164982 0.6083159
vn -1 -2.96589E-08 -2.980101E-08
vn -0.7278641 -0.1482701 0.6694999
vn -1 -2.96589E-08 -2.980101E-08
vn -0.7278533 0.03006395 0.6850738
vn -1 -2.96589E-08 -2.980101E-08
vn -0.7278557 0.2063507 0.6539463
vn -1 -2.96589E-08 -2.980101E-08
vn -0.7278552 0.3685709 0.5782583
vn -1 -2.96589E-08 -2.980101E-08
vn -0.7278525 0.5056781 0.4631638
vn -1 -2.96589E-08 -2.980101E-08
vn -0.7278555 0.6083225 0.3164971
vn -1 -2.96589E-08 -2.980101E-08
vn -0.7278641 0.6694998 0.1482711
vn -1 -2.96589E-08 -2.980101E-08
vn -0.7278534 0.6850737 -0.03006347
vn -1 -2.96589E-08 -2.980101E-08
vn -0.7278557 0.6539463 -0.2063508
vn -1 -2.96589E-08 -2.980101E-08
vn -0.7278553 0.5782574 -0.3685721
vn -1 -2.96589E-08 -2.980101E-08
vn -0.7278556 0.4631581 -0.5056789
vn -1 -2.96589E-08 -2.980101E-08
vn -0.7278556 0.316501 -0.6083204
vn -1 -2.96589E-08 -2.980101E-08
vn -0.7278548 0.1482693 -0.6695102
vn -1 -2.96589E-08 -2.980101E-08
vn -0.7278534 -0.03006347 -0.6850737
vn -1 -2.96589E-08 -2.980101E-08
vn -0.7278537 -0.2063499 -0.6539488
vn -1 -2.96589E-08 -2.980101E-08
vn -0.9006332 -0.2172913 -0.3763571
vn -1 -2.96589E-08 -2.980101E-08
vn 0.4122883 -0.4555314 -0.7889931
vn 0.6912448 -0.5328825 -0.4880751
vn 1 2.96589E-08 2.980101E-08
vn 0.6912576 -0.1562419 -0.7055153
vn 1 2.96589E-08 2.980101E-08
vn 0.6912584 0.0316786 -0.7219132
vn 1 2.96589E-08 2.980101E-08
vn 0.6912569 0.2174485 -0.6891158
vn 1 2.96589E-08 2.980101E-08
vn 0.6912562 0.3883921 -0.6093577
vn 1 2.96589E-08 2.980101E-08
vn 0.6912569 0.532872 -0.4880695
vn 1 2.96589E-08 2.980101E-08
vn 0.6912559 0.6410363 -0.3335237
vn 1 2.96589E-08 2.980101E-08
vn 0.6912578 0.7055148 -0.1562434
vn 1 2.96589E-08 2.980101E-08
vn 0.6912534 0.7219178 0.03168298
vn 1 2.96589E-08 2.980101E-08
vn 0.6912483 0.6891239 0.2174497
vn 1 2.96589E-08 2.980101E-08
vn 0.6912621 0.6093538 0.3883879
vn 1 2.96589E-08 2.980101E-08
vn 0.6912566 0.488066 0.5328754
vn 1 2.96589E-08 2.980101E-08
vn 0.6912559 0.333523 0.6410367
vn 1 2.96589E-08 2.980101E-08
vn 0.6912578 0.1562435 0.7055148
vn 1 2.96589E-08 2.980101E-08
vn 0.6912534 -0.03168182 0.7219178
vn 1 2.96589E-08 2.980101E-08
vn 0.6912464 -0.2174512 0.6891253
vn 1 2.96589E-08 2.980101E-08
vn 0.691257 -0.3883941 0.6093557
vn 1 2.96589E-08 2.980101E-08
vn 0.6912557 -0.5328755 0.4880672
vn 1 2.96589E-08 2.980101E-08
vn 0.6912524 -0.6410422 0.3335196
vn 1 2.96589E-08 2.980101E-08
vn 0.6912577 -0.7055152 0.1562419
vn 1 2.96589E-08 2.980101E-08
vn 0.6912534 -0.7219177 -0.03168293
vn 1 2.96589E-08 2.980101E-08
vn 0.6912417 -0.6891283 -0.2174568
vn 1 2.96589E-08 2.980101E-08
vn 0.8914617 -0.3923919 -0.2265497
vn 1 2.96589E-08 2.980101E-08
vn 1 2.96589E-08 2.980101E-08
vn -0.5630791 -0.609412 -0.558175
vn 0.07835035 -0.8406783 -0.5358375
vn -0.5630816 -0.7331134 -0.381424
vn 0.07834876 -0.673351 -0.7351603
vn 4.204451E-08 -0.7071074 -0.7071067
vn 4.058593E-08 -0.8660232 -0.5000046
vn -0.07834901 -0.735162 -0.6733491
vn -0.07835248 -0.8843825 -0.4601404
vn 0.563079 -0.6968812 -0.4441837
vn 0.5630792 -0.5581762 -0.6094108
vn 0.5630783 -0.788097 -0.2486896
vn -0.07835094 -0.9733427 -0.2155594
vn 3.636141E-08 -0.9659258 -0.2588206
vn 0.07835306 -0.9507198 -0.2999892
vn -0.5630831 -0.8068523 -0.1786822
vn 0.5630776 -0.8256099 -0.03622759
vn -0.07835173 -0.9959675 0.04370904
vn 2.96589E-08 -1 4.768372E-07
vn 0.07835178 -0.9959675 -0.04370772
vn -0.5630776 -0.8256099 0.03622838
vn 0.5630828 -0.8068533 0.1786785
vn -0.07835143 -0.9507203 0.2999876
vn 2.093522E-08 -0.9659259 0.2588197
vn 0.0783512 -0.9733435 0.2155556
vn -0.5630777 -0.7880997 0.2486818
vn 0.5630847 -0.733112 0.3814225
vn -0.07834964 -0.8406812 0.5358332
vn 1.078493E-08 -0.8660265 0.499999
vn 0.07834973 -0.8843855 0.4601352
vn -0.5630794 -0.6968821 0.4441818
vn 0.5630826 -0.6094139 0.5581694
vn -0.07835248 -0.673356 0.7351553
vn -1.002107E-10 -0.7071114 0.7071026
vn 0.07835007 -0.7351629 0.673348
vn -0.5630791 -0.558175 0.609412
vn 0.5630825 -0.4441853 0.6968774
vn -0.07835031 -0.4601342 0.8843859
vn -1.097886E-08 -0.5000025 0.8660244
vn 0.07835133 -0.535836 0.8406792
vn -0.5630816 -0.381424 0.7331133
vn 0.5630783 -0.2486794 0.7881002
vn -0.07835178 -0.2155609 0.9733422
vn -2.11092E-08 -0.2588208 0.9659258
vn 0.07835298 -0.2999946 0.950718
vn -0.563085 -0.178687 0.8068499
vn 0.5630814 -0.03623952 0.8256068
vn -0.07835008 0.04370503 0.9959679
vn -2.980101E-08 4.768372E-07 1
vn 0.07835192 -0.04370778 0.9959675
vn -0.5630852 0.03623188 0.8256045
vn 0.5630827 0.1786893 0.806851
vn -0.07834882 0.2999993 0.9507169
vn -3.646192E-08 0.2588224 0.9659253
vn 0.0783511 0.2155611 0.9733422
vn -0.5630845 0.2486818 0.788095
vn 0.56308 0.381431 0.7331111
vn -0.07835133 0.5358338 0.8406806
vn -4.063791E-08 0.5000028 0.8660241
vn 0.07834968 0.4601352 0.8843855
vn -0.5630794 0.4441818 0.696882
vn 0.5630817 0.558169 0.6094151
vn -0.07835019 0.7351581 0.6733533
vn -4.204451E-08 0.7071062 0.7071079
vn 0.07834765 0.6733497 0.7351615
vn -0.5630792 0.609412 0.558175
vn 0.5630811 0.6968796 0.4441836
vn -0.07835039 0.8843853 0.4601353
vn -4.058592E-08 0.8660235 0.5000039
vn 0.07834861 0.8406794 0.5358362
vn -0.5630785 0.7331159 0.3814238
vn 0.5630777 0.7880999 0.2486811
vn -0.07835208 0.9733437 0.2155543
vn -3.63614E-08 0.965926 0.2588202
vn 0.07835235 0.9507195 0.2999903
vn -0.5630765 0.8068563 0.1786845
vn 0.5630776 0.82561 0.03622762
vn -0.07835156 0.9959675 -0.04370905
vn -2.96589E-08 1 -4.768372E-07
vn 0.07835172 0.9959675 0.04370773
vn -0.5630776 0.8256099 -0.03622841
vn 0.5630765 0.8068562 -0.1786853
vn -0.07835218 0.9507198 -0.2999891
vn -2.09353E-08 0.9659266 -0.2588177
vn 0.07835115 0.9733435 -0.2155556
vn -0.5630777 0.7880996 -0.2486818
vn 0.5630785 0.7331156 -0.3814245
vn -0.07835033 0.8406779 -0.5358384
vn -1.078469E-08 0.8660235 -0.500004
vn 0.07835137 0.8843859 -0.4601342
vn -0.5630794 0.696882 -0.4441819
vn 0.5630791 0.6094115 -0.5581756
vn -0.07834769 0.6733491 -0.7351621
vn 1.006377E-10 0.7071043 -0.7071098
vn 0.07834872 0.7351603 -0.673351
vn -0.5630791 0.558175 -0.609412
vn 0.5630762 0.4441802 -0.6968857
vn -0.07835034 0.4601333 -0.8843864
vn 1.097888E-08 0.500002 -0.8660246
vn 0.07834866 0.5358362 -0.8406794
vn -0.5630785 0.3814238 -0.733116
vn 0.5630823 0.2486805 -0.788097
vn -0.078352 0.2155606 -0.9733424
vn 2.110918E-08 0.2588215 -0.9659255
vn 0.07835151 0.2999946 -0.9507182
vn -0.5630749 0.1786884 -0.8068566
vn 0.563085 0.03623256 -0.8256046
vn -0.07835171 -0.04370836 -0.9959675
vn 2.980101E-08 -4.768372E-07 -1
vn 0.07835175 0.04370816 -0.9959675
vn -0.5630745 -0.03623245 -0.8256118
vn 0.5630859 -0.1786887 -0.8068489
vn -0.07835207 -0.2999966 -0.9507174
vn 3.64619E-08 -0.2588217 -0.9659255
vn 0.07835203 -0.2155607 -0.9733422
vn -0.563076 -0.2486818 -0.788101
vn 0.5630822 -0.3814266 -0.7331116
vn -0.07835028 -0.5358384 -0.8406779
vn 4.063795E-08 -0.5000058 -0.8660225
vn 0.07835206 -0.4601351 -0.8843853
vn -0.5630793 -0.4441819 -0.6968821
vn 0.9802698 0.1062438 0.1666839
vn 0.5630792 -0.5581762 -0.6094108
vn 0.5630822 -0.3814266 -0.7331116
vn 0.9802704 0.145761 0.133506
vn 0.498652 0.5854625 0.639203
vn 0.9802704 0.145761 0.133506
vn 0.4986409 0.4000777 0.7689575
vn 0.9802645 0.05948899 0.1885271
vn 0.5630822 -0.3814266 -0.7331116
vn 0.5630859 -0.1786887 -0.8068489
vn 0.9802698 0.1062438 0.1666839
vn 0.4986409 0.4000777 0.7689575
vn 0.9802698 0.1062438 0.1666839
vn 0.4986243 0.187429 0.8463125
vn 0.9802632 0.008667188 0.1975071
vn 0.5630859 -0.1786887 -0.8068489
vn 0.563085 0.03623256 -0.8256046
vn 0.9802645 0.05948899 0.1885271
vn 0.4986243 0.187429 0.8463125
vn 0.9802645 0.05948899 0.1885271
vn 0.4986312 -0.03800255 0.8659811
vn 0.9802642 -0.04274563 0.1930157
vn 0.563085 0.03623256 -0.8256046
vn 0.5630823 0.2486805 -0.788097
vn 0.9802632 0.008667188 0.1975071
vn 0.4986312 -0.03800255 0.8659811
vn 0.9802632 0.008667188 0.1975071
vn 0.4986539 -0.2608337 0.826626
vn 0.9802746 -0.09121891 0.1753304
vn 0.5630823 0.2486805 -0.788097
vn 0.5630762 0.4441802 -0.6968857
vn 0.9802642 -0.04274563 0.1930157
vn 0.4986539 -0.2608337 0.826626
vn 0.9802642 -0.04274563 0.1930157
vn 0.4986775 -0.4658867 0.7309384
vn 0.9802735 -0.1334962 0.1457485
vn 0.5630762 0.4441802 -0.6968857
vn 0.5630791 0.6094115 -0.5581756
vn 0.9802746 -0.09121891 0.1753304
vn 0.4986775 -0.4658867 0.7309384
vn 0.9802746 -0.09121891 0.1753304
vn 0.4986519 -0.6392043 0.5854612
vn 0.9802698 -0.1666845 0.1062424
vn 0.5630791 0.6094115 -0.5581756
vn 0.5630785 0.7331156 -0.3814245
vn 0.9802735 -0.1334962 0.1457485
vn 0.4986519 -0.6392043 0.5854612
vn 0.9802735 -0.1334962 0.1457485
vn 0.4986616 -0.7689461 0.4000738
vn 0.9802742 -0.1884812 0.05947519
vn 0.5630785 0.7331156 -0.3814245
vn 0.5630765 0.8068562 -0.1786853
vn 0.9802698 -0.1666845 0.1062424
vn 0.4986616 -0.7689461 0.4000738
vn 0.9802698 -0.1666845 0.1062424
vn 0.498678 -0.846283 0.1874191
vn 0.980276 -0.1974437 0.0086644
vn 0.5630765 0.8068562 -0.1786853
vn 0.5630776 0.82561 0.03622762
vn 0.9802742 -0.1884812 0.05947519
vn 0.498678 -0.846283 0.1874191
vn 0.9802742 -0.1884812 0.05947519
vn 0.498672 -0.8659575 -0.03800393
vn 0.9802745 -0.1929653 -0.04273443
vn 0.5630776 0.82561 0.03622762
vn 0.5630777 0.7880999 0.2486811
vn 0.980276 -0.1974437 0.0086644
vn 0.498672 -0.8659575 -0.03800393
vn 0.980276 -0.1974437 0.0086644
vn 0.4986603 -0.826622 -0.2608345
vn 0.9802709 -0.175346 -0.09122999
vn 0.5630777 0.7880999 0.2486811
vn 0.5630811 0.6968796 0.4441836
vn 0.9802745 -0.1929653 -0.04273443
vn 0.4986603 -0.826622 -0.2608345
vn 0.9802745 -0.1929653 -0.04273443
vn 0.4986508 -0.7309499 -0.4658972
vn 0.9802693 -0.1457649 -0.1335098
vn 0.5630811 0.6968796 0.4441836
vn 0.5630817 0.558169 0.6094151
vn 0.9802709 -0.175346 -0.09122999
vn 0.4986508 -0.7309499 -0.4658972
vn 0.9802709 -0.175346 -0.09122999
vn 0.4986625 -0.5854561 -0.6392006
vn 0.9802756 -0.1062289 -0.1666593
vn 0.5630817 0.558169 0.6094151
vn 0.56308 0.381431 0.7331111
vn 0.9802693 -0.1457649 -0.1335098
vn 0.4986625 -0.5854561 -0.6392006
vn 0.9802693 -0.1457649 -0.1335098
vn 0.4986702 -0.4000696 -0.7689427
vn 0.9802709 -0.05947679 -0.1884979
vn 0.56308 0.381431 0.7331111
vn 0.5630827 0.1786893 0.806851
vn 0.9802756 -0.1062289 -0.1666593
vn 0.4986702 -0.4000696 -0.7689427
vn 0.9802756 -0.1062289 -0.1666593
vn 0.498634 -0.1874209 -0.8463084
vn 0.9802644 -0.008665776 -0.1975008
vn 0.5630827 0.1786893 0.806851
vn 0.5630814 -0.03623952 0.8256068
vn 0.9802709 -0.05947679 -0.1884979
vn 0.498634 -0.1874209 -0.8463084
vn 0.9802709 -0.05947679 -0.1884979
vn 0.4986444 0.03800641 -0.8659732
vn 0.9802721 0.04273538 -0.1929775
vn 0.5630814 -0.03623952 0.8256068
vn 0.5630783 -0.2486794 0.7881002
vn 0.9802644 -0.008665776 -0.1975008
vn 0.4986444 0.03800641 -0.8659732
vn 0.9802644 -0.008665776 -0.1975008
vn 0.4986615 0.2608357 -0.8266209
vn 0.9802688 0.09123741 -0.1753533
vn 0.5630783 -0.2486794 0.7881002
vn 0.5630825 -0.4441853 0.6968774
vn 0.9802721 0.04273538 -0.1929775
vn 0.4986615 0.2608357 -0.8266209
vn 0.9802721 0.04273538 -0.1929775
vn 0.4986375 0.4659058 -0.7309535
vn 0.9802672 0.1335167 -0.1457726
vn 0.5630825 -0.4441853 0.6968774
vn 0.5630826 -0.6094139 0.5581694
vn 0.9802688 0.09123741 -0.1753533
vn 0.4986375 0.4659058 -0.7309535
vn 0.9802688 0.09123741 -0.1753533
vn 0.4986408 0.6392115 -0.5854627
vn 0.9802658 0.166702 -0.1062514
vn 0.5630826 -0.6094139 0.5581694
vn 0.5630847 -0.733112 0.3814225
vn 0.9802672 0.1335167 -0.1457726
vn 0.4986408 0.6392115 -0.5854627
vn 0.9802672 0.1335167 -0.1457726
vn 0.4986323 0.7689638 -0.4000765
vn 0.980265 0.1885258 -0.05948639
vn 0.5630847 -0.733112 0.3814225
vn 0.5630828 -0.8068533 0.1786785
vn 0.9802658 0.166702 -0.1062514
vn 0.4986323 0.7689638 -0.4000765
vn 0.9802658 0.166702 -0.1062514
vn 0.4986493 0.8462999 -0.1874193
vn 0.9802718 0.1974645 -0.008665802
vn 0.5630828 -0.8068533 0.1786785
vn 0.5630776 -0.8256099 -0.03622759
vn 0.980265 0.1885258 -0.05948639
vn 0.4986493 0.8462999 -0.1874193
vn 0.980265 0.1885258 -0.05948639
vn 0.498661 0.8659638 0.0380095
vn 0.9802699 0.1929871 0.04274237
vn 0.5630776 -0.8256099 -0.03622759
vn 0.5630783 -0.788097 -0.2486896
vn 0.9802718 0.1974645 -0.008665802
vn 0.498661 0.8659638 0.0380095
vn 0.9802718 0.1974645 -0.008665802
vn 0.4986417 0.8266294 0.2608463
vn 0.9802689 0.1753542 0.09123441
vn 0.5630783 -0.788097 -0.2486896
vn 0.563079 -0.6968812 -0.4441837
vn 0.9802699 0.1929871 0.04274237
vn 0.4986417 0.8266294 0.2608463
vn 0.9802699 0.1929871 0.04274237
vn 0.4986529 0.7309494 0.4658957
vn 0.9802704 0.145761 0.133506
vn 0.563079 -0.6968812 -0.4441837
vn 0.5630792 -0.5581762 -0.6094108
vn 0.9802689 0.1753542 0.09123441
vn 0.4986529 0.7309494 0.4658957
vn 0.9802704 0.145761 0.133506
vn 0.498652 0.5854625 0.639203
vn -0.7131635 0.2248251 0.6639667
vn -3.169793E-08 0.06615949 0.9978094
vn -3.985553E-08 0.4429593 0.8965422
vn -0.713165 -0.04638197 0.6994603
vn -0.7131655 0.4617963 0.5273893
vn -3.985553E-08 0.4429593 0.8965422
vn -4.194573E-08 0.7523439 0.6587712
vn -0.7131635 0.2248251 0.6639667
vn -0.7131635 0.6284742 0.3105128
vn -4.194573E-08 0.7523439 0.6587712
vn -3.764994E-08 0.9471742 0.3207207
vn -0.7131655 0.4617963 0.5273893
vn -0.7131648 0.6994608 0.04637854
vn -3.764994E-08 0.9471742 0.3207207
vn -2.762224E-08 0.9978093 -0.06616186
vn -0.7131635 0.6284742 0.3105128
vn -0.7131642 0.6639646 -0.2248294
vn -2.762224E-08 0.9978093 -0.06616186
vn -1.338928E-08 0.896536 -0.4429716
vn -0.7131648 0.6994608 0.04637854
vn -0.7131639 0.5273889 -0.4617994
vn -1.338928E-08 0.896536 -0.4429716
vn 2.881571E-09 0.6587818 -0.7523345
vn -0.7131642 0.6639646 -0.2248294
vn -0.7131645 0.3105254 -0.628467
vn 2.881571E-09 0.6587818 -0.7523345
vn 1.871412E-08 0.3207303 -0.9471709
vn -0.7131639 0.5273889 -0.4617994
vn -0.713165 0.04637687 -0.6994607
vn 1.871412E-08 0.3207303 -0.9471709
vn 3.169813E-08 -0.06616671 -0.9978089
vn -0.7131645 0.3105254 -0.628467
vn -0.7131643 -0.2248348 -0.6639627
vn 3.169813E-08 -0.06616671 -0.9978089
vn 3.985584E-08 -0.4429801 -0.8965318
vn -0.713165 0.04637687 -0.6994607
vn -0.713163 -0.4618001 -0.5273895
vn 3.985584E-08 -0.4429801 -0.8965318
vn 4.19458E-08 -0.7523277 -0.6587896
vn -0.7131643 -0.2248348 -0.6639627
vn -0.7131662 -0.6284648 -0.3105259
vn 4.19458E-08 -0.7523277 -0.6587896
vn 3.764979E-08 -0.9471765 -0.3207135
vn -0.713163 -0.4618001 -0.5273895
vn -0.7131625 -0.6994637 -0.04636998
vn 3.764979E-08 -0.9471765 -0.3207135
vn 2.762263E-08 -0.9978101 0.06614938
vn -0.7131662 -0.6284648 -0.3105259
vn -0.7131656 -0.663968 0.2248149
vn 2.762263E-08 -0.9978101 0.06614938
vn 1.338948E-08 -0.8965383 0.4429672
vn -0.7131625 -0.6994637 -0.04636998
vn -0.7131646 -0.5273806 0.4618078
vn 1.338948E-08 -0.8965383 0.4429672
vn -2.882581E-09 -0.6587637 0.7523504
vn -0.7131656 -0.663968 0.2248149
vn -0.4527497 -0.2410087 0.858448
vn -0.258792 -0.6632587 0.7022216
vn -0.3395955 -0.03445167 0.9399408
vn -0.3696446 -0.8063828 0.4616389
vn -0.5711686 -0.001969309 0.8208308
vn -0.3498497 0.0333159 0.9362136
vn -0.554087 0.213464 0.8046249
vn -0.219054 0.08200078 0.9722613
vn -0.3696401 0.4616317 0.8063888
vn -0.258792 0.7022217 0.6632586
vn -0.4527507 0.8584481 0.2410065
vn -0.3395959 0.9399406 0.03445034
vn -0.5711691 0.8208303 0.001967153
vn -0.3498497 0.9362136 -0.03331592
vn -0.5540874 0.8046231 -0.2134693
vn -0.219054 0.972261 -0.08200349
vn -0.3696321 0.8063929 -0.4616311
vn -0.2587896 0.6632653 -0.7022163
vn -0.4527552 0.2410166 -0.8584429
vn -0.3396014 0.03444999 -0.9399387
vn -0.571174 0.001964567 -0.8208269
vn -0.3498557 -0.03331719 -0.9362113
vn -0.5540978 -0.2134734 -0.8046149
vn -0.2190545 -0.08200476 -0.9722608
vn -0.3696243 -0.4616284 -0.8063979
vn -0.2587851 -0.7022123 -0.6632714
vn -0.4527599 -0.8584418 -0.2410121
vn -0.3396019 -0.9399387 -0.0344438
vn -0.5711719 -0.8208284 -0.001966478
vn -0.3498536 -0.9362124 0.03330974
vn -0.5540984 -0.804618 0.2134604
vn -0.2190595 -0.9722596 0.08200417
vn -0.5630793 -0.4441819 -0.6968821
vn -0.9802684 0.1335113 0.1457694
vn -0.9802691 0.09123579 0.1753523
vn -0.5630791 -0.609412 -0.558175
vn -0.4986374 0.465901 0.7309566
vn -0.4986443 0.6392086 0.5854627
vn -0.9802691 0.09123579 0.1753523
vn -0.9802691 0.09123579 0.1753523
vn -0.563076 -0.2486818 -0.788101
vn -0.5630793 -0.4441819 -0.6968821
vn -0.9802766 0.04273103 0.1929553
vn -0.4986629 0.2608362 0.8266198
vn -0.9802691 0.09123579 0.1753523
vn -0.4986374 0.465901 0.7309566
vn -0.9802766 0.04273103 0.1929553
vn -0.5630745 -0.03623245 -0.8256118
vn -0.563076 -0.2486818 -0.788101
vn -0.980276 -0.008664063 0.1974437
vn -0.4986739 0.03800479 0.8659564
vn -0.9802766 0.04273103 0.1929553
vn -0.4986629 0.2608362 0.8266198
vn -0.980276 -0.008664063 0.1974437
vn -0.5630749 0.1786884 -0.8068566
vn -0.5630745 -0.03623245 -0.8256118
vn -0.980273 -0.0594781 0.1884869
vn -0.498678 -0.1874201 0.8462827
vn -0.980276 -0.008664063 0.1974437
vn -0.4986739 0.03800479 0.8659564
vn -0.980273 -0.0594781 0.1884869
vn -0.5630785 0.3814238 -0.733116
vn -0.5630749 0.1786884 -0.8068566
vn -0.9802672 -0.1062477 0.1666968
vn -0.4986483 -0.4000757 0.7689537
vn -0.980273 -0.0594781 0.1884869
vn -0.498678 -0.1874201 0.8462827
vn -0.9802672 -0.1062477 0.1666968
vn -0.5630791 0.558175 -0.609412
vn -0.5630785 0.3814238 -0.733116
vn -0.9802684 -0.1457695 0.1335113
vn -0.4986443 -0.5854628 0.6392087
vn -0.9802672 -0.1062477 0.1666968
vn -0.4986483 -0.4000757 0.7689537
vn -0.9802684 -0.1457695 0.1335113
vn -0.5630794 0.696882 -0.4441819
vn -0.5630791 0.558175 -0.609412
vn -0.9802675 -0.1753595 0.09123929
vn -0.4986373 -0.7309566 0.465901
vn -0.9802684 -0.1457695 0.1335113
vn -0.4986443 -0.5854628 0.6392087
vn -0.9802675 -0.1753595 0.09123929
vn -0.5630777 0.7880996 -0.2486818
vn -0.5630794 0.696882 -0.4441819
vn -0.9802745 -0.1929653 0.04273461
vn -0.4986552 -0.8266237 0.2608384
vn -0.9802675 -0.1753595 0.09123929
vn -0.4986373 -0.7309566 0.465901
vn -0.9802745 -0.1929653 0.04273461
vn -0.5630776 0.8256099 -0.03622841
vn -0.5630777 0.7880996 -0.2486818
vn -0.980276 -0.1974438 -0.008664214
vn -0.4986719 -0.8659575 0.03800475
vn -0.9802745 -0.1929653 0.04273461
vn -0.4986552 -0.8266237 0.2608384
vn -0.980276 -0.1974438 -0.008664214
vn -0.5630765 0.8068563 0.1786845
vn -0.5630776 0.8256099 -0.03622841
vn -0.980273 -0.1884869 -0.0594781
vn -0.498678 -0.8462828 -0.1874201
vn -0.980276 -0.1974438 -0.008664214
vn -0.4986719 -0.8659575 0.03800475
vn -0.980273 -0.1884869 -0.0594781
vn -0.5630785 0.7331159 0.3814238
vn -0.5630765 0.8068563 0.1786845
vn -0.9802691 -0.1666895 -0.1062406
vn -0.4986481 -0.7689552 -0.4000732
vn -0.980273 -0.1884869 -0.0594781
vn -0.498678 -0.8462828 -0.1874201
vn -0.9802691 -0.1666895 -0.1062406
vn -0.5630792 0.609412 0.558175
vn -0.5630785 0.7331159 0.3814238
vn -0.980275 -0.133489 -0.1457452
vn -0.498663 -0.639203 -0.5854532
vn -0.9802691 -0.1666895 -0.1062406
vn -0.4986481 -0.7689552 -0.4000732
vn -0.980275 -0.133489 -0.1457452
vn -0.5630794 0.4441818 0.696882
vn -0.5630792 0.609412 0.558175
vn -0.9802669 -0.09123873 -0.1753634
vn -0.4986609 -0.4658907 -0.7309471
vn -0.980275 -0.133489 -0.1457452
vn -0.498663 -0.639203 -0.5854532
vn -0.9802669 -0.09123873 -0.1753634
vn -0.5630845 0.2486818 0.788095
vn -0.5630794 0.4441818 0.696882
vn -0.9802624 -0.04274846 -0.1930237
vn -0.4986345 -0.2608427 -0.8266349
vn -0.9802669 -0.09123873 -0.1753634
vn -0.4986609 -0.4658907 -0.7309471
vn -0.9802624 -0.04274846 -0.1930237
vn -0.5630852 0.03623188 0.8256045
vn -0.5630845 0.2486818 0.788095
vn -0.9802637 0.008666863 -0.1975049
vn -0.4986294 -0.03800298 -0.8659821
vn -0.9802624 -0.04274846 -0.1930237
vn -0.4986345 -0.2608427 -0.8266349
vn -0.9802637 0.008666863 -0.1975049
vn -0.563085 -0.178687 0.8068499
vn -0.5630852 0.03623188 0.8256045
vn -0.980268 0.05948176 -0.1885112
vn -0.4986347 0.1874209 -0.8463081
vn -0.9802637 0.008666863 -0.1975049
vn -0.4986294 -0.03800298 -0.8659821
vn -0.980268 0.05948176 -0.1885112
vn -0.5630816 -0.381424 0.7331133
vn -0.563085 -0.178687 0.8068499
vn -0.9802728 0.1062359 -0.1666711
vn -0.4986577 0.4000725 -0.7689494
vn -0.980268 0.05948176 -0.1885112
vn -0.4986347 0.1874209 -0.8463081
vn -0.9802728 0.1062359 -0.1666711
vn -0.5630791 -0.558175 0.609412
vn -0.5630816 -0.381424 0.7331133
vn -0.9802704 0.1457607 -0.1335061
vn -0.4986544 0.5854602 -0.6392031
vn -0.9802728 0.1062359 -0.1666711
vn -0.4986577 0.4000725 -0.7689494
vn -0.9802704 0.1457607 -0.1335061
vn -0.5630794 -0.6968821 0.4441818
vn -0.5630791 -0.558175 0.609412
vn -0.9802721 0.1753397 -0.0912284
vn -0.4986507 0.7309484 -0.4658995
vn -0.9802704 0.1457607 -0.1335061
vn -0.4986544 0.5854602 -0.6392031
vn -0.9802721 0.1753397 -0.0912284
vn -0.5630777 -0.7880997 0.2486818
vn -0.5630794 -0.6968821 0.4441818
vn -0.9802762 0.1929572 -0.04273179
vn -0.4986702 0.8266152 -0.2608371
vn -0.9802721 0.1753397 -0.0912284
vn -0.4986507 0.7309484 -0.4658995
vn -0.9802762 0.1929572 -0.04273179
vn -0.5630776 -0.8256099 0.03622838
vn -0.5630777 -0.7880997 0.2486818
vn -0.9802718 0.1974645 0.008665615
vn -0.4986751 0.8659559 -0.03800103
vn -0.9802762 0.1929572 -0.04273179
vn -0.4986702 0.8266152 -0.2608371
vn -0.9802718 0.1974645 0.008665615
vn -0.5630831 -0.8068523 -0.1786822
vn -0.5630776 -0.8256099 0.03622838
vn -0.980265 0.1885251 0.0594881
vn -0.4986465 0.8463001 0.187426
vn -0.9802718 0.1974645 0.008665615
vn -0.4986751 0.8659559 -0.03800103
vn -0.980265 0.1885251 0.0594881
vn -0.5630816 -0.7331134 -0.381424
vn -0.5630831 -0.8068523 -0.1786822
vn -0.980267 0.1666964 0.1062486
vn -0.4986333 0.7689624 0.4000779
vn -0.980265 0.1885251 0.0594881
vn -0.4986465 0.8463001 0.187426
vn -0.5630791 -0.609412 -0.558175
vn -0.980267 0.1666964 0.1062486
vn -0.9802684 0.1335113 0.1457694
vn -0.5630816 -0.7331134 -0.381424
vn -0.980267 0.1666964 0.1062486
vn -0.4986443 0.6392086 0.5854627
vn -0.4986333 0.7689624 0.4000779
vn -0.5998165 0.6504948 -0.4659155
vn -0.6305563 -0.7366686 0.2443739
vn -0.5998165 0.6504948 -0.4659155
vn -0.5957829 -0.6906099 0.4100015
vn -0.3207058 0.3907827 -0.8628078
vn -0.467179 0.172071 -0.8672577
vn -0.636842 -0.3565212 0.683612
vn -0.4706864 0.8798455 0.06577857
vn -0.2649937 0.1325113 0.955102
vn -0.9336682 0.06330162 -0.3525008
vn -0.4523567 0.7879308 0.4177787
vn -0.6879956 -0.6218349 -0.374144
vn -0.6879956 -0.6218349 -0.374144
vn -0.5617072 -0.5583326 -0.6105326
vn -0.3918952 0.6653098 -0.635438
vn -0.9336682 0.06330162 -0.3525008
vn -0.5617072 -0.5583326 -0.6105326
vn -0.3207 -0.5518026 -0.769848

vt 0.163904 0.919831
vt 0.177657 0.933584
vt 0.163904 0.933584
vt 0.177657 0.919831
vt 0.163904 0.919831
vt 0.177657 0.933584
vt 0.177657 0.919831
vt 0.163904 0.919831
vt 0.177657 0.933584
vt 0.163904 0.933584
vt 0.163904 0.919831
vt 0.163904 0.933584
vt 0.177657 0.919831
vt 0.163904 0.919831
vt 0.177657 0.933584
vt 0.177657 0.919831
vt 0.163904 0.919831
vt 0.163904 0.933584
vt 0.177657 0.919831
vt 0.163904 0.919831
vt 0.177657 0.933584
vt 0.163904 0.933584
vt 0.177657 0.919831
vt 0.163904 0.919831
vt 0.177657 0.933584
vt 0.177657 0.919831
vt 0.177657 0.933584
vt 0.163904 0.933584
vt 0.177657 0.919831
vt 0.163904 0.919831
vt 0.177657 0.933584
vt 0.163904 0.933584
vt 0.163904 0.933584
vt 0.177657 0.919831
vt 0.163904 0.919831
vt 0.177657 0.933584
vt 0.177657 0.919831
vt 0.163904 0.919831
vt 0.177657 0.933584
vt 0.163904 0.933584
vt 0.163904 0.919831
vt 0.177657 0.919831
vt 0.177657 0.933584
vt 0.163904 0.919831
vt 0.163904 0.933584
vt 0.177657 0.919831
vt 0.177657 0.933584
vt 0.163904 0.933584
vt 0.177657 0.919831
vt 0.163904 0.919831
vt 0.177657 0.919831
vt 0.163904 0.919831
vt 0.177657 0.933584
vt 0.177657 0.919831
vt 0.177657 0.933584
vt 0.163904 0.933584
vt 0.163904 0.919831
vt 0.177657 0.933584
vt 0.177657 0.919831
vt 0.163904 0.933584
vt 0.177657 0.919831
vt 0.163904 0.919831
vt 0.177657 0.933584
vt 0.177657 0.919831
vt 0.163904 0.919831
vt 0.177657 0.933584
vt 0.163904 0.933584
vt 0.177657 0.919831
vt 0.177657 0.933584
vt 0.163904 0.933584
vt 0.177657 0.919831
vt 0.163904 0.919831
vt 0.177657 0.933584
vt 0.163904 0.933584
vt 0.163904 0.919831
vt 0.177657 0.933584
vt 0.163904 0.933584
vt 0.163904 0.919831
vt 0.177657 0.933584
vt 0.163904 0.933584
vt 0.177657 0.933584
vt 0.163904 0.919831
vt 0.163904 0.933584
vt 0.177657 0.919831
vt 0.177657 0.933584
vt 0.163904 0.933584
vt 0.177657 0.919831
vt 0.177657 0.919831
vt 0.177657 0.933584
vt 0.163904 0.919831
vt 0.177657 0.919831
vt 0.163904 0.933584
vt 0.163904 0.919831
vt 0.177657 0.933584
vt 0.177657 0.919831
vt 0.163904 0.919831
vt 0.163904 0.933584
vt 0.163904 0.919831
vt 0.163904 0.933584
vt 0.177657 0.919831
vt 0.177657 0.933584
vt 0.163904 0.933584
vt 0.163904 0.919831
vt 0.177657 0.933584
vt 0.163904 0.933584
vt 0.163904 0.933584
vt 0.177657 0.919831
vt 0.163904 0.919831
vt 0.177657 0.933584
vt 0.163904 0.933584
vt 0.177657 0.919831
vt 0.163904 0.919831
vt 0.177657 0.933584
vt 0.163904 0.933584
vt 0.163904 0.919831
vt 0.177657 0.933584
vt 0.177657 0.919831
vt 0.177657 0.933584
vt 0.163904 0.933584
vt 0.177657 0.919831
vt 0.163904 0.933584
vt 0.163904 0.919831
vt 0.177657 0.919831
vt 0.177657 0.919831
vt 0.163904 0.919831
vt 0.177657 0.933584
vt 0.163904 0.933584
vt 0.177657 0.933584
vt 0.177657 0.919831
vt 0.163904 0.919831
vt 0.177657 0.933584
vt 0.163904 0.919831
vt 0.163904 0.933584
vt 0.177657 0.919831
vt 0.163904 0.919831
vt 0.177657 0.933584
vt 0.163904 0.933584
vt 0.177657 0.919831
vt 0.163904 0.919831
vt 0.177657 0.933584
vt 0.177657 0.919831
vt 0.163904 0.919831
vt 0.163904 0.933584
vt 0.177657 0.919831
vt 0.163904 0.919831
vt 0.177657 0.933584
vt 0.163904 0.933584
vt 0.163904 0.919831
vt 0.177657 0.933584
vt 0.177657 0.919831
vt 0.177657 0.933584
vt 0.163904 0.919831
vt 0.177657 0.919831
vt 0.163904 0.933584
vt 0.163904 0.919831
vt 0.163904 0.933584
vt 0.177657 0.919831
vt 0.163904 0.919831
vt 0.177657 0.933584
vt 0.177657 0.919831
vt 0.163904 0.919831
vt 0.163904 0.933584
vt 0.177657 0.933584
vt 0.163904 0.919831
vt 0.163904 0.933584
vt 0.177657 0.919831
vt 0.177657 0.933584
vt 0.163904 0.933584
vt 0.163904 0.919831
vt 0.177657 0.933584
vt 0.163904 0.933584
vt 0.177657 0.919831
vt 0.163904 0.919831
vt 0.177657 0.933584
vt 0.163904 0.933584
vt 0.163904 0.919831
vt 0.177657 0.933584
vt 0.177657 0.919831
vt 0.177657 0.933584
vt 0.163904 0.933584
vt 0.177657 0.919831
vt 0.163904 0.933584
vt 0.163904 0.919831
vt 0.177657 0.919831
vt 0.177657 0.919831
vt 0.163904 0.919831
vt 0.177657 0.933584
vt 0.163904 0.933584
vt 0.177657 0.933584
vt 0.177657 0.919831
vt 0.163904 0.919831
vt 0.177657 0.933584
vt 0.163904 0.919831
vt 0.163904 0.933584
vt 0.177657 0.919831
vt 0.163904 0.919831
vt 0.177657 0.933584
vt 0.163904 0.933584
vt 0.177657 0.919831
vt 0.163904 0.919831
vt 0.163904 0.933584
vt 0.177657 0.919831
vt 0.177657 0.933584
vt 0.163904 0.933584
vt 0.163904 0.919831
vt 0.177657 0.933584
vt 0.177657 0.919831
vt 0.163904 0.919831
vt 0.163904 0.933584
vt 0.177657 0.933584
vt 0.163904 0.919831
vt 0.177657 0.933584
vt 0.163904 0.933584
vt 0.163904 0.933584
vt 0.177657 0.919831
vt 0.177657 0.933584
vt 0.163904 0.933584
vt 0.177657 0.919831
vt 0.163904 0.919831
vt 0.177657 0.919831
vt 0.177657 0.919831
vt 0.177657 0.933584
vt 0.163904 0.919831
vt 0.163904 0.933584
vt 0.177657 0.919831
vt 0.163904 0.919831
vt 0.177657 0.933584
vt 0.177657 0.919831
vt 0.177657 0.933584
vt 0.163904 0.933584
vt 0.177657 0.919831
vt 0.163904 0.919831
vt 0.177657 0.933584
vt 0.177657 0.919831
vt 0.177657 0.933584
vt 0.163904 0.933584
vt 0.177657 0.919831
vt 0.163904 0.919831
vt 0.163904 0.933584
vt 0.177657 0.919831
vt 0.163904 0.919831
vt 0.177657 0.919831
vt 0.163904 0.919831
vt 0.177657 0.933584
vt 0.163904 0.933584
vt 0.163904 0.919831
vt 0.177657 0.919831
vt 0.177657 0.933584
vt 0.163904 0.919831
vt 0.177657 0.933584
vt 0.177657 0.919831
vt 0.163904 0.919831
vt 0.177657 0.933584
vt 0.163904 0.933584
vt 0.163904 0.919831
vt 0.177657 0.933584
vt 0.177657 0.919831
vt 0.177657 0.933584
vt 0.163904 0.933584
vt 0.177657 0.919831
vt 0.163904 0.933584
vt 0.177657 0.919831
vt 0.163904 0.919831
vt 0.177657 0.933584
vt 0.177657 0.919831
vt 0.163904 0.919831
vt 0.177657 0.933584
vt 0.163904 0.919831
vt 0.177657 0.933584
vt 0.177657 0.919831
vt 0.163904 0.919831
vt 0.177657 0.933584
vt 0.163904 0.933584
vt 0.163904 0.919831
vt 0.177657 0.933584
vt 0.163904 0.933584
vt 0.177657 0.919831
vt 0.163904 0.919831
vt 0.177657 0.933584
vt 0.163904 0.933584
vt 0.163904 0.919831
vt 0.177657 0.933584
vt 0.177657 0.919831
vt 0.177657 0.933584
vt 0.163904 0.933584
vt 0.163904 0.919831
vt 0.177657 0.933584
vt 0.163904 0.933584
vt 0.163904 0.919831
vt 0.177657 0.919831
vt 0.163904 0.919831
vt 0.163904 0.933584
vt 0.177657 0.919831
vt 0.163904 0.919831
vt 0.177657 0.933584
vt 0.163904 0.933584
vt 0.177657 0.919831
vt 0.163904 0.919831
vt 0.177657 0.933584
vt 0.163904 0.933584
vt 0.177657 0.933584
vt 0.163904 0.933584
vt 0.177657 0.919831
vt 0.163904 0.919831
vt 0.177657 0.933584
vt 0.163904 0.933584
vt 0.163904 0.919831
vt 0.177657 0.933584
vt 0.163904 0.933584
vt 0.177657 0.933584
vt 0.177657 0.919831
vt 0.163904 0.919831
vt 0.163904 0.933584
vt 0.177657 0.919831
vt 0.177657 0.933584
vt 0.163904 0.933584
vt 0.177657 0.919831
vt 0.163904 0.919831
vt 0.177657 0.933584
vt 0.177657 0.919831
vt 0.163904 0.919831
vt 0.177657 0.933584
vt 0.163904 0.933584
vt 0.177657 0.919831
vt 0.163904 0.919831
vt 0.163904 0.933584
vt 0.177657 0.919831
vt 0.163904 0.919831
vt 0.177657 0.933584
vt 0.177657 0.919831
vt 0.163904 0.919831
vt 0.163904 0.933584
vt 0.177657 0.933584
vt 0.163904 0.919831
vt 0.177657 0.933584
vt 0.163904 0.933584
vt 0.177657 0.919831
vt 0.163904 0.919831
vt 0.177657 0.933584
vt 0.163904 0.933584
vt 0.163904 0.919831
vt 0.177657 0.933584
vt 0.177657 0.919831
vt 0.177657 0.933584
vt 0.163904 0.933584
vt 0.177657 0.919831
vt 0.163904 0.933584
vt 0.163904 0.919831
vt 0.177657 0.919831
vt 0.177657 0.919831
vt 0.163904 0.919831
vt 0.177657 0.933584
vt 0.163904 0.933584
vt 0.177657 0.933584
vt 0.177657 0.919831
vt 0.163904 0.919831
vt 0.177657 0.933584
vt 0.163904 0.919831
vt 0.163904 0.933584
vt 0.177657 0.919831
vt 0.163904 0.919831
vt 0.177657 0.919831
vt 0.177657 0.933584
vt 0.163904 0.933584
vt 0.177657 0.919831
vt 0.163904 0.919831
vt 0.163904 0.933584
vt 0.177657 0.919831
vt 0.177657 0.933584
vt 0.163904 0.933584
vt 0.163904 0.919831
vt 0.177657 0.933584
vt 0.177657 0.919831
vt 0.163904 0.919831
vt 0.163904 0.933584
vt 0.163904 0.919831
vt 0.177657 0.933584
vt 0.163904 0.933584
vt 0.163904 0.933584
vt 0.177657 0.919831
vt 0.177657 0.933584
vt 0.163904 0.933584
vt 0.177657 0.919831
vt 0.163904 0.919831
vt 0.177657 0.933584
vt 0.163904 0.933584
vt 0.177657 0.919831
vt 0.163904 0.919831
vt 0.177657 0.933584
vt 0.163904 0.933584
vt 0.163904 0.919831
vt 0.177657 0.933584
vt 0.177657 0.919831
vt 0.163904 0.919831
vt 0.177657 0.933584
vt 0.163904 0.933584
vt 0.163904 0.919831
vt 0.177657 0.919831
vt 0.163904 0.919831
vt 0.177657 0.933584
vt 0.163904 0.933584
vt 0.163904 0.919831
vt 0.177657 0.933584
vt 0.163904 0.933584
vt 0.177657 0.919831
vt 0.177657 0.933584
vt 0.163904 0.933584
vt 0.177657 0.919831
vt 0.163904 0.919831
vt 0.177657 0.933584
vt 0.177657 0.919831
vt 0.177657 0.933584
vt 0.163904 0.933584
vt 0.177657 0.919831
vt 0.163904 0.919831
vt 0.163904 0.933584
vt 0.163904 0.919831
vt 0.177657 0.933584
vt 0.177657 0.919831
vt 0.163904 0.919831
vt 0.177657 0.933584
vt 0.163904 0.933584
vt 0.163904 0.919831
vt 0.177657 0.919831
vt 0.177657 0.933584
vt 0.163904 0.919831
vt 0.177657 0.933584
vt 0.177657 0.919831
vt 0.163904 0.919831
vt 0.177657 0.933584
vt 0.163904 0.933584
vt 0.163904 0.919831
vt 0.177657 0.933584
vt 0.177657 0.919831
vt 0.177657 0.933584
vt 0.163904 0.933584
vt 0.177657 0.919831
vt 0.163904 0.933584
vt 0.177657 0.919831
vt 0.163904 0.919831
vt 0.177657 0.933584
vt 0.177657 0.919831
vt 0.163904 0.919831
vt 0.177657 0.933584
vt 0.163904 0.919831
vt 0.177657 0.933584
vt 0.177657 0.919831
vt 0.163904 0.919831
vt 0.177657 0.933584
vt 0.163904 0.933584
vt 0.163904 0.919831
vt 0.177657 0.933584
vt 0.163904 0.933584
vt 0.177657 0.919831
vt 0.163904 0.919831
vt 0.177657 0.933584
vt 0.163904 0.933584
vt 0.177657 0.933584
vt 0.163904 0.933584
vt 0.177657 0.919831
vt 0.163904 0.919831
vt 0.177657 0.933584
vt 0.163904 0.933584
vt 0.163904 0.919831
vt 0.177657 0.933584
vt 0.163904 0.933584
vt 0.177657 0.933584
vt 0.177657 0.919831
vt 0.163904 0.919831
vt 0.163904 0.933584
vt 0.177657 0.919831
vt 0.177657 0.933584
vt 0.163904 0.933584
vt 0.177657 0.919831
vt 0.163904 0.919831
vt 0.177657 0.933584
vt 0.177657 0.919831
vt 0.163904 0.919831
vt 0.177657 0.933584
vt 0.163904 0.933584
vt 0.177657 0.919831
vt 0.163904 0.919831
vt 0.163904 0.933584
vt 0.177657 0.919831
vt 0.163904 0.919831
vt 0.177657 0.933584
vt 0.177657 0.919831
vt 0.163904 0.919831
vt 0.163904 0.933584
vt 0.177657 0.933584
vt 0.163904 0.919831
vt 0.177657 0.933584
vt 0.163904 0.933584
vt 0.163904 0.933584
vt 0.177657 0.919831
vt 0.163904 0.919831
vt 0.177657 0.933584
vt 0.163904 0.933584
vt 0.177657 0.919831
vt 0.163904 0.919831
vt 0.177657 0.933584
vt 0.163904 0.933584
vt 0.163904 0.919831
vt 0.177657 0.933584
vt 0.177657 0.919831
vt 0.177657 0.933584
vt 0.163904 0.933584
vt 0.177657 0.919831
vt 0.163904 0.933584
vt 0.163904 0.919831
vt 0.177657 0.919831
vt 0.177657 0.919831
vt 0.163904 0.919831
vt 0.177657 0.933584
vt 0.163904 0.933584
vt 0.177657 0.933584
vt 0.177657 0.919831
vt 0.163904 0.919831
vt 0.177657 0.933584
vt 0.163904 0.919831
vt 0.163904 0.933584
vt 0.177657 0.919831
vt 0.163904 0.919831
vt 0.177657 0.919831
vt 0.177657 0.933584
vt 0.163904 0.933584
vt 0.177657 0.919831
vt 0.163904 0.919831
vt 0.163904 0.933584
vt 0.177657 0.919831
vt 0.177657 0.933584
vt 0.163904 0.933584
vt 0.163904 0.919831
vt 0.177657 0.933584
vt 0.163904 0.919831
vt 0.163904 0.933584
vt 0.163904 0.919831
vt 0.177657 0.933584
vt 0.163904 0.933584
vt 0.163904 0.933584
vt 0.177657 0.919831
vt 0.177657 0.933584
vt 0.163904 0.933584
vt 0.177657 0.919831
vt 0.163904 0.919831
vt 0.177657 0.933584
vt 0.163904 0.933584
vt 0.177657 0.919831
vt 0.163904 0.919831
vt 0.177657 0.933584
vt 0.163904 0.933584
vt 0.163904 0.919831
vt 0.177657 0.933584
vt 0.177657 0.919831
vt 0.177657 0.933584
vt 0.163904 0.933584
vt 0.163904 0.919831
vt 0.177657 0.933584
vt 0.163904 0.933584
vt 0.163904 0.919831
vt 0.177657 0.919831
vt 0.163904 0.919831
vt 0.163904 0.933584
vt 0.177657 0.919831
vt 0.177657 0.933584
vt 0.163904 0.919831
vt 0.163904 0.933584
vt 0.177657 0.919831
vt 0.163904 0.919831
vt 0.177657 0.933584
vt 0.177657 0.919831
vt 0.177657 0.933584
vt 0.163904 0.933584
vt 0.177657 0.919831
vt 0.163904 0.919831
vt 0.177657 0.933584
vt 0.177657 0.919831
vt 0.177657 0.933584
vt 0.163904 0.933584
vt 0.177657 0.919831
vt 0.163904 0.919831
vt 0.163904 0.933584
vt 0.177657 0.919831
vt 0.163904 0.919831
vt 0.177657 0.919831
vt 0.163904 0.919831
vt 0.177657 0.933584
vt 0.163904 0.933584
vt 0.163904 0.919831
vt 0.177657 0.919831
vt 0.177657 0.933584
vt 0.163904 0.919831
vt 0.177657 0.933584
vt 0.177657 0.919831
vt 0.163904 0.919831
vt 0.177657 0.933584
vt 0.163904 0.933584
vt 0.163904 0.919831
vt 0.177657 0.933584
vt 0.177657 0.919831
vt 0.177657 0.933584
vt 0.163904 0.933584
vt 0.177657 0.919831
vt 0.163904 0.933584
vt 0.177657 0.919831
vt 0.163904 0.919831
vt 0.177657 0.933584
vt 0.177657 0.919831
vt 0.163904 0.919831
vt 0.177657 0.933584
vt 0.163904 0.919831
vt 0.177657 0.933584
vt 0.177657 0.919831
vt 0.163904 0.919831
vt 0.177657 0.933584
vt 0.163904 0.933584
vt 0.163904 0.919831
vt 0.177657 0.933584
vt 0.163904 0.933584
vt 0.177657 0.919831
vt 0.163904 0.919831
vt 0.177657 0.933584
vt 0.163904 0.933584
vt 0.177657 0.933584
vt 0.163904 0.933584
vt 0.177657 0.919831
vt 0.163904 0.919831
vt 0.163904 0.933584
vt 0.177657 0.919831
vt 0.177657 0.933584
vt 0.163904 0.933584
vt 0.177657 0.919831
vt 0.177657 0.933584
vt 0.163904 0.933584
vt 0.177657 0.919831
vt 0.163904 0.919831
vt 0.177657 0.933584
vt 0.177657 0.919831
vt 0.163904 0.919831
vt 0.177657 0.933584
vt 0.163904 0.933584
vt 0.163904 0.919831
vt 0.177657 0.933584
vt 0.177657 0.919831
vt 0.163904 0.919831
vt 0.177657 0.933584
vt 0.163904 0.933584
vt 0.177657 0.919831
vt 0.163904 0.919831
vt 0.163904 0.933584
vt 0.177657 0.919831
vt 0.163904 0.919831
vt 0.177657 0.933584
vt 0.177657 0.919831
vt 0.163904 0.919831
vt 0.163904 0.933584
vt 0.177657 0.933584
vt 0.163904 0.919831
vt 0.177657 0.933584
vt 0.163904 0.933584
vt 0.163904 0.933584
vt 0.177657 0.919831
vt 0.163904 0.919831
vt 0.177657 0.933584
vt 0.163904 0.933584
vt 0.177657 0.919831
vt 0.163904 0.919831
vt 0.177657 0.933584
vt 0.163904 0.933584
vt 0.163904 0.919831
vt 0.177657 0.933584
vt 0.177657 0.919831
vt 0.177657 0.933584
vt 0.163904 0.933584
vt 0.177657 0.919831
vt 0.163904 0.933584
vt 0.163904 0.919831
vt 0.177657 0.919831
vt 0.177657 0.919831
vt 0.163904 0.919831
vt 0.177657 0.933584
vt 0.163904 0.933584
vt 0.177657 0.933584
vt 0.177657 0.919831
vt 0.163904 0.919831
vt 0.177657 0.933584
vt 0.163904 0.919831
vt 0.163904 0.933584
vt 0.177657 0.919831
vt 0.163904 0.919831
vt 0.177657 0.933584
vt 0.163904 0.933584
vt 0.177657 0.919831
vt 0.163904 0.919831
vt 0.163904 0.933584
vt 0.177657 0.919831
vt 0.177657 0.933584
vt 0.163904 0.933584
vt 0.163904 0.919831
vt 0.177657 0.933584
vt 0.177657 0.919831
vt 0.163904 0.919831
vt 0.163904 0.933584
vt 0.163904 0.919831
vt 0.177657 0.933584
vt 0.163904 0.933584
vt 0.163904 0.933584
vt 0.177657 0.919831
vt 0.177657 0.933584
vt 0.163904 0.933584
vt 0.177657 0.919831
vt 0.163904 0.919831
vt 0.177657 0.919831
vt 0.177657 0.933584
vt 0.163904 0.933584
vt 0.177657 0.919831
vt 0.163904 0.919831
vt 0.177657 0.933584
vt 0.177657 0.919831
vt 0.177657 0.933584
vt 0.163904 0.933584
vt 0.163904 0.919831
vt 0.177657 0.933584
vt 0.163904 0.933584
vt 0.163904 0.919831
vt 0.163904 0.933584
vt 0.177657 0.919831
vt 0.163904 0.919831
vt 0.177657 0.933584
vt 0.177657 0.919831
vt 0.163904 0.919831
vt 0.163904 0.933584
vt 0.177657 0.919831
vt 0.177657 0.919831
vt 0.163904 0.919831
vt 0.177657 0.919831
vt 0.163904 0.919831
vt 0.177657 0.933584
vt 0.163904 0.933584
vt 0.177657 0.919831
vt 0.177657 0.933584
vt 0.163904 0.933584
vt 0.177657 0.919831
vt 0.163904 0.919831
vt 0.163904 0.933584
vt 0.177657 0.919831
vt 0.163904 0.919831
vt 0.177657 0.919831
vt 0.163904 0.919831
vt 0.177657 0.933584
vt 0.163904 0.933584
vt 0.163904 0.919831
vt 0.177657 0.919831
vt 0.177657 0.933584
vt 0.163904 0.919831
vt 0.177657 0.933584
vt 0.177657 0.919831
vt 0.163904 0.919831
vt 0.177657 0.933584
vt 0.163904 0.933584
vt 0.163904 0.919831
vt 0.177657 0.933584
vt 0.177657 0.919831
vt 0.177657 0.933584
vt 0.163904 0.933584
vt 0.177657 0.919831
vt 0.163904 0.933584
vt 0.177657 0.919831
vt 0.163904 0.919831
vt 0.177657 0.933584
vt 0.177657 0.919831
vt 0.163904 0.919831
vt 0.177657 0.933584
vt 0.163904 0.919831
vt 0.177657 0.933584
vt 0.177657 0.919831
vt 0.163904 0.919831
vt 0.177657 0.933584
vt 0.163904 0.933584
vt 0.163904 0.919831
vt 0.177657 0.933584
vt 0.163904 0.933584
vt 0.177657 0.919831
vt 0.163904 0.919831
vt 0.177657 0.933584
vt 0.163904 0.933584
vt 0.177657 0.933584
vt 0.163904 0.933584
vt 0.177657 0.919831
vt 0.163904 0.919831
vt 0.177657 0.933584
vt 0.163904 0.933584
vt 0.163904 0.919831
vt 0.177657 0.933584
vt 0.163904 0.933584
vt 0.177657 0.933584
vt 0.177657 0.919831
vt 0.163904 0.919831
vt 0.163904 0.933584
vt 0.177657 0.919831
vt 0.177657 0.933584
vt 0.163904 0.933584
vt 0.177657 0.919831
vt 0.163904 0.919831
vt 0.177657 0.933584
vt 0.177657 0.919831
vt 0.163904 0.919831
vt 0.177657 0.933584
vt 0.163904 0.933584
vt 0.177657 0.919831
vt 0.163904 0.919831
vt 0.163904 0.933584
vt 0.177657 0.919831
vt 0.163904 0.919831
vt 0.177657 0.933584
vt 0.177657 0.919831
vt 0.163904 0.919831
vt 0.163904 0.933584
vt 0.177657 0.933584
vt 0.163904 0.919831
vt 0.177657 0.933584
vt 0.163904 0.933584
vt 0.163904 0.933584
vt 0.177657 0.919831
vt 0.163904 0.919831
vt 0.177657 0.933584
vt 0.163904 0.933584
vt 0.177657 0.919831
vt 0.163904 0.919831
vt 0.177657 0.933584
vt 0.163904 0.933584
vt 0.163904 0.919831
vt 0.177657 0.933584
vt 0.177657 0.919831
vt 0.177657 0.933584
vt 0.163904 0.933584
vt 0.177657 0.919831
vt 0.163904 0.933584
vt 0.163904 0.919831
vt 0.177657 0.919831
vt 0.177657 0.919831
vt 0.163904 0.919831
vt 0.177657 0.933584
vt 0.163904 0.933584
vt 0.177657 0.933584
vt 0.177657 0.919831
vt 0.163904 0.919831
vt 0.177657 0.933584
vt 0.163904 0.919831
vt 0.163904 0.933584
vt 0.177657 0.919831
vt 0.163904 0.919831
vt 0.177657 0.933584
vt 0.163904 0.933584
vt 0.177657 0.919831
vt 0.163904 0.919831
vt 0.163904 0.933584
vt 0.177657 0.919831
vt 0.177657 0.933584
vt 0.163904 0.933584
vt 0.163904 0.919831
vt 0.177657 0.933584
vt 0.177657 0.919831
vt 0.163904 0.919831
vt 0.163904 0.933584
vt 0.163904 0.919831
vt 0.177657 0.933584
vt 0.163904 0.933584
vt 0.163904 0.933584
vt 0.177657 0.919831
vt 0.177657 0.933584
vt 0.163904 0.933584
vt 0.177657 0.919831
vt 0.163904 0.919831
vt 0.177657 0.933584
vt 0.163904 0.919831
vt 0.177657 0.919831
vt 0.177657 0.933584
vt 0.163904 0.933584
vt 0.177657 0.919831
vt 0.163904 0.919831
vt 0.163904 0.933584
vt 0.177657 0.919831
vt 0.163904 0.919831
vt 0.177657 0.933584
vt 0.163904 0.933584
vt 0.163904 0.919831
vt 0.177657 0.933584
vt 0.177657 0.919831
vt 0.177657 0.933584
vt 0.163904 0.933584
vt 0.163904 0.919831
vt 0.177657 0.933584
vt 0.163904 0.933584
vt 0.163904 0.919831
vt 0.177657 0.933584
vt 0.177657 0.919831
vt 0.163904 0.919831
vt 0.177657 0.933584
vt 0.163904 0.933584
vt 0.177657 0.919831
vt 0.177657 0.933584
vt 0.163904 0.933584
vt 0.177657 0.919831
vt 0.163904 0.919831
vt 0.163904 0.933584
vt 0.177657 0.919831
vt 0.163904 0.919831
vt 0.177657 0.919831
vt 0.163904 0.919831
vt 0.177657 0.933584
vt 0.163904 0.933584
vt 0.163904 0.919831
vt 0.177657 0.919831
vt 0.177657 0.933584
vt 0.163904 0.919831
vt 0.177657 0.933584
vt 0.177657 0.919831
vt 0.163904 0.919831
vt 0.177657 0.933584
vt 0.163904 0.933584
vt 0.163904 0.919831
vt 0.177657 0.933584
vt 0.177657 0.919831
vt 0.177657 0.933584
vt 0.163904 0.933584
vt 0.177657 0.919831
vt 0.163904 0.933584
vt 0.177657 0.919831
vt 0.163904 0.919831
vt 0.177657 0.933584
vt 0.177657 0.919831
vt 0.163904 0.919831
vt 0.177657 0.933584
vt 0.163904 0.919831
vt 0.177657 0.933584
vt 0.177657 0.919831
vt 0.163904 0.919831
vt 0.177657 0.933584
vt 0.163904 0.933584
vt 0.163904 0.919831
vt 0.177657 0.933584
vt 0.163904 0.933584
vt 0.177657 0.919831
vt 0.163904 0.919831
vt 0.177657 0.933584
vt 0.163904 0.933584
vt 0.177657 0.933584
vt 0.163904 0.933584
vt 0.177657 0.919831
vt 0.163904 0.919831
vt 0.177657 0.933584
vt 0.163904 0.933584
vt 0.163904 0.919831
vt 0.177657 0.933584
vt 0.163904 0.933584
vt 0.177657 0.933584
vt 0.177657 0.919831
vt 0.163904 0.919831
vt 0.163904 0.933584
vt 0.177657 0.919831
vt 0.177657 0.933584
vt 0.163904 0.933584
vt 0.177657 0.919831
vt 0.163904 0.919831
vt 0.177657 0.933584
vt 0.177657 0.919831
vt 0.163904 0.919831
vt 0.177657 0.933584
vt 0.163904 0.933584
vt 0.177657 0.919831
vt 0.163904 0.919831
vt 0.177657 0.933584
vt 0.163904 0.933584
vt 0.177657 0.919831
vt 0.163904 0.919831
vt 0.177657 0.933584
vt 0.163904 0.933584
vt 0.177657 0.919831
vt 0.163904 0.919831
vt 0.163904 0.933584
vt 0.177657 0.919831
vt 0.177657 0.933584
vt 0.163904 0.919831
vt 0.177657 0.933584
vt 0.163904 0.933584
vt 0.177657 0.919831
vt 0.163904 0.919831
vt 0.163904 0.933584
vt 0.177657 0.919831
vt 0.163904 0.919831
vt 0.177657 0.933584
vt 0.163904 0.933584
vt 0.177657 0.919831
vt 0.163904 0.919831
vt 0.177657 0.933584
vt 0.163904 0.933584
vt 0.177657 0.919831
vt 0.163904 0.919831
vt 0.177657 0.933584
vt 0.163904 0.933584
vt 0.177657 0.919831
vt 0.163904 0.919831
vt 0.177657 0.933584
vt 0.177657 0.919831
vt 0.163904 0.933584
vt 0.177657 0.919831
vt 0.163904 0.919831
vt 0.177657 0.933584
vt 0.177657 0.919831
vt 0.177657 0.919831
vt 0.163904 0.919831
vt 0.177657 0.919831
vt 0.177657 0.919831
vt 0.177657 0.933584
vt 0.163904 0.919831
vt 0.177657 0.933584
vt 0.163904 0.933584
vt 0.163904 0.919831
vt 0.177657 0.933584
vt 0.163904 0.933584
vt 0.177657 0.919831
vt 0.163904 0.919831
vt 0.177657 0.933584
vt 0.163904 0.933584
vt 0.177657 0.919831
vt 0.163904 0.919831
vt 0.177657 0.933584
vt 0.163904 0.933584
vt 0.177657 0.919831
vt 0.163904 0.919831
vt 0.163904 0.933584
vt 0.177657 0.919831
vt 0.177657 0.933584
vt 0.163904 0.919831
vt 0.177657 0.933584
vt 0.163904 0.933584
vt 0.177657 0.919831
vt 0.163904 0.919831
vt 0.177657 0.933584
vt 0.163904 0.933584
vt 0.177657 0.919831
vt 0.163904 0.919831
vt 0.177657 0.933584
vt 0.163904 0.933584
vt 0.177657 0.919831
vt 0.163904 0.919831
vt 0.177657 0.933584
vt 0.177657 0.919831
vt 0.177657 0.933584
vt 0.163904 0.933584
vt 0.163904 0.919831
vt 0.177657 0.933584
vt 0.177657 0.919831
vt 0.163904 0.933584
vt 0.177657 0.919831
vt 0.163904 0.919831
vt 0.177657 0.933584
vt 0.177657 0.919831
vt 0.163904 0.919831
vt 0.177657 0.933584
vt 0.163904 0.933584
vt 0.177657 0.919831
vt 0.163904 0.919831
vt 0.163904 0.933584
vt 0.177657 0.919831
vt 0.163904 0.919831
vt 0.177657 0.933584
vt 0.163904 0.933584
vt 0.177657 0.919831
vt 0.163904 0.919831
vt 0.177657 0.933584
vt 0.163904 0.933584
vt 0.177657 0.919831
vt 0.163904 0.919831
vt 0.177657 0.933584
vt 0.163904 0.933584
vt 0.177657 0.919831
vt 0.163904 0.919831
vt 0.177657 0.933584
vt 0.163904 0.933584
vt 0.177657 0.919831
vt 0.163904 0.919831
vt 0.177657 0.933584
vt 0.163904 0.933584
vt 0.177657 0.919831
vt 0.163904 0.919831
vt 0.177657 0.933584
vt 0.163904 0.933584
vt 0.177657 0.919831
vt 0.163904 0.919831
vt 0.177657 0.933584
vt 0.163904 0.933584
vt 0.177657 0.919831
vt 0.163904 0.919831
vt 0.177657 0.933584
vt 0.163904 0.933584
vt 0.177657 0.919831
vt 0.163904 0.919831
vt 0.177657 0.933584
vt 0.163904 0.933584
vt 0.177657 0.919831
vt 0.163904 0.919831
vt 0.177657 0.933584
vt 0.177657 0.919831
vt 0.177657 0.933584
vt 0.163904 0.933584
vt 0.163904 0.919831
vt 0.177657 0.933584
vt 0.177657 0.919831
vt 0.163904 0.933584
vt 0.177657 0.919831
vt 0.163904 0.919831
vt 0.177657 0.933584
vt 0.177657 0.919831
vt 0.163904 0.919831
vt 0.177657 0.933584
vt 0.177657 0.919831
vt 0.163904 0.919831
vt 0.177657 0.933584
vt 0.305721 0.327401
vt 0.319474 0.341155
vt 0.305721 0.341155
vt 0.319474 0.327401
vt 0.305721 0.327401
vt 0.319474 0.341155
vt 0.305721 0.341155
vt 0.319474 0.327401
vt 0.305721 0.327401
vt 0.319474 0.341155
vt 0.305721 0.341155
vt 0.319474 0.327401
vt 0.305721 0.327401
vt 0.319474 0.341155
vt 0.305721 0.341155
vt 0.319474 0.327401
vt 0.305721 0.327401
vt 0.319474 0.341155
vt 0.305721 0.341155
vt 0.319474 0.327401
vt 0.305721 0.327401
vt 0.319474 0.341155
vt 0.305721 0.341155
vt 0.319474 0.327401
vt 0.305721 0.327401
vt 0.319474 0.341155
vt 0.305721 0.341155
vt 0.319474 0.327401
vt 0.305721 0.327401
vt 0.319474 0.341155
vt 0.305721 0.341155
vt 0.319474 0.327401
vt 0.305721 0.327401
vt 0.319474 0.341155
vt 0.305721 0.341155
vt 0.319474 0.327401
vt 0.305721 0.327401
vt 0.319474 0.341155
vt 0.305721 0.341155
vt 0.319474 0.327401
vt 0.305721 0.327401
vt 0.319474 0.341155
vt 0.305721 0.341155
vt 0.319474 0.327401
vt 0.305721 0.327401
vt 0.319474 0.341155
vt 0.305721 0.341155
vt 0.319474 0.327401
vt 0.305721 0.327401
vt 0.319474 0.341155
vt 0.305721 0.341155
vt 0.319474 0.327401
vt 0.305721 0.327401
vt 0.319474 0.341155
vt 0.305721 0.341155
vt 0.319474 0.327401
vt 0.625179 0.413273
vt 0.666781 0.460751
vt 0.625179 0.460751
vt 0.666781 0.413273
vt 0.666781 0.363932
vt 0.625179 0.363932
vt 0.666781 0.314591
vt 0.625179 0.314591
vt 0.625179 0.267113
vt 0.666781 0.267113
vt 0.708384 0.460751
vt 0.708384 0.413273
vt 0.708384 0.363932
vt 0.708384 0.314591
vt 0.708384 0.267113
vt 0.749986 0.460751
vt 0.749986 0.413273
vt 0.749986 0.363932
vt 0.749986 0.314591
vt 0.749986 0.267113
vt 0.791589 0.460751
vt 0.791589 0.413273
vt 0.791589 0.363932
vt 0.791589 0.314591
vt 0.791589 0.267113
vt 0.833191 0.460751
vt 0.833191 0.413273
vt 0.833191 0.363932
vt 0.833191 0.314591
vt 0.833191 0.267113
vt 0.874794 0.460751
vt 0.874794 0.413273
vt 0.874794 0.363932
vt 0.874794 0.314591
vt 0.874794 0.267113
vt 0.916396 0.460751
vt 0.916396 0.413273
vt 0.916396 0.363932
vt 0.916396 0.314591
vt 0.916396 0.267113
vt 0.957999 0.460751
vt 0.957999 0.413273
vt 0.957999 0.363932
vt 0.957999 0.314591
vt 0.957999 0.267113
vt 0.999601 0.460751
vt 0.999601 0.413273
vt 0.999601 0.363932
vt 0.999601 0.314591
vt 0.999601 0.267113
vt 0.042744 0.460751
vt 0.001141 0.413273
vt 0.042744 0.413273
vt 0.001141 0.460751
vt 0.042744 0.363932
vt 0.001141 0.363932
vt 0.042744 0.314591
vt 0.001142 0.314591
vt 0.001142 0.267113
vt 0.042744 0.267113
vt 0.084346 0.460751
vt 0.084346 0.413273
vt 0.084346 0.363932
vt 0.084347 0.314591
vt 0.084347 0.267113
vt 0.125949 0.460751
vt 0.125949 0.413273
vt 0.125949 0.363932
vt 0.125949 0.314591
vt 0.125949 0.267113
vt 0.167551 0.460751
vt 0.167551 0.413273
vt 0.167552 0.363932
vt 0.167552 0.314591
vt 0.167552 0.267113
vt 0.209154 0.460751
vt 0.209154 0.413273
vt 0.209154 0.363932
vt 0.209154 0.314591
vt 0.209154 0.267113
vt 0.250756 0.460751
vt 0.250756 0.413273
vt 0.250757 0.363932
vt 0.250757 0.314591
vt 0.250757 0.267113
vt 0.292359 0.460751
vt 0.292359 0.413273
vt 0.292359 0.363932
vt 0.292359 0.314591
vt 0.29236 0.267113
vt 0.333961 0.460751
vt 0.333962 0.413273
vt 0.333962 0.363932
vt 0.333962 0.314591
vt 0.333962 0.267113
vt 0.375564 0.460751
vt 0.375564 0.413273
vt 0.375564 0.363932
vt 0.375564 0.314591
vt 0.375565 0.267113
vt 0.417166 0.460751
vt 0.417166 0.413273
vt 0.417167 0.363932
vt 0.417167 0.314591
vt 0.417167 0.267113
vt 0.458769 0.460751
vt 0.458769 0.413273
vt 0.458769 0.363932
vt 0.458769 0.314591
vt 0.45877 0.267113
vt 0.500371 0.460751
vt 0.500372 0.413273
vt 0.500372 0.363932
vt 0.500372 0.314591
vt 0.500372 0.267113
vt 0.541974 0.460751
vt 0.541974 0.413273
vt 0.541974 0.363932
vt 0.541975 0.314591
vt 0.541975 0.267113
vt 0.583576 0.460751
vt 0.583577 0.413273
vt 0.583577 0.363932
vt 0.583577 0.314591
vt 0.583577 0.267113
vt 0.204631 0.038548
vt 0.197472 0.045707
vt 0.197472 0.038548
vt 0.204631 0.045707
vt 0.198626 0.040007
vt 0.198911 0.040691
vt 0.201516 0.039605
vt 0.198449 0.039583
vt 0.198272 0.039159
vt 0.200592 0.037388
vt 0.197987 0.038475
vt 0.198272 0.039159
vt 0.198449 0.039583
vt 0.198626 0.040007
vt 0.201516 0.039605
vt 0.198911 0.040691
vt 0.199196 0.041375
vt 0.199373 0.041799
vt 0.19955 0.042224
vt 0.202441 0.041821
vt 0.199835 0.042908
vt 0.19955 0.042224
vt 0.199373 0.041799
vt 0.199196 0.041375
vt 0.074378 0.184338
vt 0.060249 0.150228
vt 0.048271 0.158231
vt 0.074378 0.147418
vt 0.088506 0.150228
vt 0.100484 0.158231
vt 0.108487 0.170209
vt 0.111298 0.184338
vt 0.108487 0.198467
vt 0.100484 0.210444
vt 0.088506 0.218448
vt 0.074377 0.221258
vt 0.060249 0.218448
vt 0.048271 0.210444
vt 0.040267 0.198467
vt 0.037457 0.184338
vt 0.040268 0.170209
vt 0.02534 0.135301
vt 0.010308 0.157799
vt 0.005029 0.184338
vt 0.010307 0.210876
vt 0.02534 0.233375
vt 0.047839 0.248408
vt 0.074377 0.253687
vt 0.100916 0.248408
vt 0.123414 0.233375
vt 0.138447 0.210877
vt 0.143726 0.184338
vt 0.138447 0.157799
vt 0.123415 0.135301
vt 0.100916 0.120268
vt 0.074378 0.114989
vt 0.047839 0.120268
vt 0.199832 0.340498
vt 0.208892 0.349558
vt 0.199832 0.349558
vt 0.208892 0.340498
vt 0.199832 0.340498
vt 0.208892 0.349558
vt 0.208892 0.340498
vt 0.199832 0.340498
vt 0.199832 0.349558
vt 0.208892 0.340498
vt 0.199832 0.340498
vt 0.208892 0.349558
vt 0.199832 0.349558
vt 0.208892 0.349558
vt 0.199832 0.349558
vt 0.208892 0.340498
vt 0.199832 0.340498
vt 0.208892 0.349558
vt 0.199832 0.349558
vt 0.208892 0.340498
vt 0.199832 0.340498
vt 0.199832 0.349558
vt 0.208892 0.340498
vt 0.199832 0.340498
vt 0.208892 0.349558
vt 0.208892 0.340498
vt 0.208892 0.349558
vt 0.199832 0.349558
vt 0.208892 0.340498
vt 0.208892 0.349558
vt 0.199832 0.349558
vt 0.208892 0.340498
vt 0.199832 0.340498
vt 0.208892 0.349558
vt 0.199832 0.349558
vt 0.208892 0.340498
vt 0.208892 0.349558
vt 0.199832 0.349558
vt 0.208892 0.340498
vt 0.199832 0.340498
vt 0.208892 0.349558
vt 0.199832 0.349558
vt 0.208892 0.340498
vt 0.208892 0.349558
vt 0.199832 0.349558
vt 0.208892 0.340498
vt 0.199832 0.340498
vt 0.208892 0.349558
vt 0.199832 0.349558
vt 0.208892 0.340498
vt 0.208892 0.349558
vt 0.199832 0.349558
vt 0.208892 0.340498
vt 0.199832 0.340498
vt 0.208892 0.349558
vt 0.199832 0.349558
vt 0.208892 0.340498
vt 0.208892 0.349558
vt 0.199832 0.349558
vt 0.208892 0.340498
vt 0.199832 0.340498
vt 0.208892 0.349558
vt 0.199832 0.349558
vt 0.208892 0.340498
vt 0.208892 0.349558
vt 0.199832 0.349558
vt 0.208892 0.340498
vt 0.199832 0.340498
vt 0.208892 0.349558
vt 0.199832 0.349558
vt 0.208892 0.340498
vt 0.208892 0.349558
vt 0.199832 0.349558
vt 0.208892 0.340498
vt 0.199832 0.340498
vt 0.208892 0.349558
vt 0.199832 0.349558
vt 0.208892 0.340498
vt 0.208892 0.349558
vt 0.199832 0.349558
vt 0.208892 0.340498
vt 0.199832 0.340498
vt 0.208892 0.349558
vt 0.199832 0.349558
vt 0.208892 0.340498
vt 0.208892 0.349558
vt 0.199832 0.349558
vt 0.208892 0.340498
vt 0.199832 0.340498
vt 0.208892 0.349558
vt 0.199832 0.349558
vt 0.208892 0.340498
vt 0.208892 0.349558
vt 0.199832 0.349558
vt 0.208892 0.340498
vt 0.199832 0.340498
vt 0.208892 0.349558
vt 0.199832 0.349558
vt 0.208892 0.340498
vt 0.208892 0.349558
vt 0.199832 0.349558
vt 0.208892 0.340498
vt 0.199832 0.340498
vt 0.208892 0.349558
vt 0.199832 0.349558
vt 0.208892 0.340498
vt 0.208892 0.349558
vt 0.199832 0.349558
vt 0.208892 0.340498
vt 0.199832 0.340498
vt 0.208892 0.349558
vt 0.199832 0.349558
vt 0.208892 0.340498
vt 0.208892 0.349558
vt 0.199832 0.349558
vt 0.208892 0.340498
vt 0.200202 0.083891
vt 0.200985 0.083143
vt 0.200143 0.083789
vt 0.201068 0.083226
vt 0.199162 0.084195
vt 0.199193 0.084309
vt 0.19811 0.084333
vt 0.19811 0.084452
vt 0.197057 0.084195
vt 0.197027 0.084309
vt 0.196077 0.083789
vt 0.196018 0.083891
vt 0.195235 0.083143
vt 0.195151 0.083226
vt 0.194589 0.0823
vt 0.194486 0.08236
vt 0.194182 0.08132
vt 0.194068 0.08135
vt 0.194044 0.080268
vt 0.193925 0.080268
vt 0.194182 0.079215
vt 0.194068 0.079185
vt 0.194589 0.078235
vt 0.194486 0.078175
vt 0.195235 0.077393
vt 0.195151 0.077309
vt 0.196077 0.076746
vt 0.196018 0.076644
vt 0.197057 0.07634
vt 0.197027 0.076226
vt 0.19811 0.076202
vt 0.19811 0.076083
vt 0.199162 0.07634
vt 0.199193 0.076226
vt 0.200143 0.076746
vt 0.200202 0.076644
vt 0.200985 0.077393
vt 0.201068 0.077309
vt 0.201631 0.078235
vt 0.201733 0.078175
vt 0.202037 0.079215
vt 0.202151 0.079185
vt 0.202175 0.080268
vt 0.202294 0.080268
vt 0.202037 0.08132
vt 0.202151 0.08135
vt 0.201631 0.0823
vt 0.201733 0.08236
vt 0.201611 0.082289
vt 0.200969 0.083127
vt 0.20172 0.082352
vt 0.202015 0.081314
vt 0.202136 0.081346
vt 0.202153 0.080268
vt 0.202278 0.080268
vt 0.202015 0.079221
vt 0.202136 0.079189
vt 0.201611 0.078246
vt 0.20172 0.078183
vt 0.200969 0.077409
vt 0.201057 0.07732
vt 0.200131 0.076766
vt 0.200194 0.076657
vt 0.199156 0.076362
vt 0.199189 0.076241
vt 0.19811 0.076224
vt 0.19811 0.076099
vt 0.197063 0.076362
vt 0.197031 0.076241
vt 0.196088 0.076766
vt 0.196025 0.076657
vt 0.195251 0.077409
vt 0.195162 0.07732
vt 0.194608 0.078246
vt 0.1945 0.078183
vt 0.194204 0.079221
vt 0.194083 0.079189
vt 0.194066 0.080268
vt 0.193941 0.080268
vt 0.194204 0.081314
vt 0.194083 0.081346
vt 0.194608 0.082289
vt 0.1945 0.082352
vt 0.195251 0.083127
vt 0.195162 0.083215
vt 0.196088 0.083769
vt 0.196025 0.083878
vt 0.197063 0.084173
vt 0.197031 0.084294
vt 0.19811 0.084311
vt 0.19811 0.084436
vt 0.199156 0.084173
vt 0.199189 0.084294
vt 0.200131 0.083769
vt 0.200194 0.083878
vt 0.201057 0.083215
vt 0.113546 0.067329
vt 0.118029 0.063753
vt 0.113546 0.063206
vt 0.118029 0.068103
vt 0.122689 0.06834
vt 0.122689 0.06392
vt 0.127348 0.068103
vt 0.127348 0.063753
vt 0.131832 0.063206
vt 0.131832 0.067329
vt 0.131832 0.058404
vt 0.127348 0.058687
vt 0.122689 0.058774
vt 0.118029 0.058687
vt 0.113546 0.058403
vt 0.131832 0.05325
vt 0.127348 0.05325
vt 0.122689 0.05325
vt 0.118029 0.05325
vt 0.113546 0.05325
vt 0.131832 0.048097
vt 0.127348 0.047814
vt 0.122689 0.047727
vt 0.118029 0.047813
vt 0.113546 0.048097
vt 0.131832 0.043295
vt 0.127348 0.042747
vt 0.122689 0.04258
vt 0.118029 0.042747
vt 0.113546 0.043295
vt 0.131832 0.039171
vt 0.127348 0.038397
vt 0.122689 0.03816
vt 0.118029 0.038397
vt 0.113546 0.039171
vt 0.131832 0.036007
vt 0.127348 0.035059
vt 0.122689 0.034768
vt 0.118029 0.035059
vt 0.113546 0.036007
vt 0.131832 0.034017
vt 0.127348 0.03296
vt 0.122689 0.032636
vt 0.118029 0.03296
vt 0.113546 0.034017
vt 0.131832 0.033339
vt 0.127348 0.032245
vt 0.122689 0.031909
vt 0.118029 0.032245
vt 0.113546 0.033339
vt 0.131832 0.034017
vt 0.127348 0.03296
vt 0.122689 0.032636
vt 0.118029 0.03296
vt 0.113546 0.034017
vt 0.131832 0.036007
vt 0.127348 0.035059
vt 0.122689 0.034768
vt 0.118029 0.035059
vt 0.113546 0.036007
vt 0.131832 0.039171
vt 0.127348 0.038397
vt 0.122689 0.03816
vt 0.118029 0.038397
vt 0.113546 0.039171
vt 0.131832 0.043295
vt 0.127348 0.042747
vt 0.122689 0.04258
vt 0.118029 0.042747
vt 0.113546 0.043295
vt 0.131832 0.048097
vt 0.127348 0.047813
vt 0.122689 0.047727
vt 0.118029 0.047813
vt 0.113546 0.048097
vt 0.131832 0.05325
vt 0.127348 0.05325
vt 0.122689 0.05325
vt 0.118029 0.05325
vt 0.113546 0.05325
vt 0.131832 0.058403
vt 0.127348 0.058687
vt 0.122689 0.058773
vt 0.118029 0.058687
vt 0.113546 0.058403
vt 0.131832 0.063206
vt 0.127348 0.063753
vt 0.122689 0.06392
vt 0.118029 0.063753
vt 0.113546 0.063206
vt 0.131832 0.067329
vt 0.127348 0.068103
vt 0.122689 0.06834
vt 0.118029 0.068103
vt 0.113546 0.067329
vt 0.131832 0.070494
vt 0.127348 0.071441
vt 0.122689 0.071732
vt 0.118029 0.071441
vt 0.113546 0.070494
vt 0.131832 0.072483
vt 0.127348 0.07354
vt 0.122689 0.073864
vt 0.118029 0.07354
vt 0.113546 0.072483
vt 0.131832 0.073161
vt 0.127348 0.074255
vt 0.122689 0.074591
vt 0.118029 0.074255
vt 0.113546 0.073161
vt 0.131832 0.072483
vt 0.127348 0.07354
vt 0.122689 0.073864
vt 0.118029 0.07354
vt 0.113546 0.072483
vt 0.131832 0.070494
vt 0.127348 0.071441
vt 0.122689 0.071732
vt 0.118029 0.071441
vt 0.113546 0.070494
vt 0.199832 0.340498
vt 0.208892 0.349558
vt 0.199832 0.349558
vt 0.208892 0.340498
vt 0.208892 0.349558
vt 0.199832 0.349558
vt 0.208892 0.340498
vt 0.199832 0.340498
vt 0.208892 0.349558
vt 0.199832 0.349558
vt 0.208892 0.340498
vt 0.208892 0.349558
vt 0.199832 0.349558
vt 0.208892 0.340498
vt 0.199832 0.340498
vt 0.208892 0.349558
vt 0.199832 0.349558
vt 0.208892 0.340498
vt 0.208892 0.349558
vt 0.199832 0.349558
vt 0.208892 0.340498
vt 0.199832 0.340498
vt 0.208892 0.349558
vt 0.199832 0.349558
vt 0.208892 0.340498
vt 0.208892 0.349558
vt 0.199832 0.349558
vt 0.208892 0.340498
vt 0.199832 0.340498
vt 0.208892 0.349558
vt 0.199832 0.349558
vt 0.208892 0.340498
vt 0.208892 0.349558
vt 0.199832 0.349558
vt 0.208892 0.340498
vt 0.199832 0.340498
vt 0.208892 0.349558
vt 0.199832 0.349558
vt 0.208892 0.340498
vt 0.208892 0.349558
vt 0.199832 0.349558
vt 0.208892 0.340498
vt 0.199832 0.340498
vt 0.208892 0.349558
vt 0.199832 0.349558
vt 0.208892 0.340498
vt 0.208892 0.349558
vt 0.199832 0.349558
vt 0.208892 0.340498
vt 0.199832 0.340498
vt 0.208892 0.349558
vt 0.199832 0.349558
vt 0.208892 0.340498
vt 0.208892 0.349558
vt 0.199832 0.349558
vt 0.208892 0.340498
vt 0.199832 0.340498
vt 0.208892 0.349558
vt 0.199832 0.349558
vt 0.208892 0.340498
vt 0.208892 0.349558
vt 0.199832 0.349558
vt 0.208892 0.340498
vt 0.199832 0.340498
vt 0.208892 0.349558
vt 0.199832 0.349558
vt 0.208892 0.340498
vt 0.208892 0.349558
vt 0.199832 0.349558
vt 0.208892 0.340498
vt 0.199832 0.340498
vt 0.208892 0.349558
vt 0.199832 0.349558
vt 0.208892 0.340498
vt 0.208892 0.349558
vt 0.199832 0.349558
vt 0.208892 0.340498
vt 0.199832 0.340498
vt 0.208892 0.349558
vt 0.199832 0.349558
vt 0.208892 0.340498
vt 0.208892 0.349558
vt 0.199832 0.349558
vt 0.208892 0.340498
vt 0.199832 0.340498
vt 0.208892 0.349558
vt 0.199832 0.349558
vt 0.208892 0.340498
vt 0.208892 0.349558
vt 0.199832 0.349558
vt 0.208892 0.340498
vt 0.199832 0.340498
vt 0.208892 0.349558
vt 0.199832 0.349558
vt 0.208892 0.340498
vt 0.208892 0.349558
vt 0.199832 0.349558
vt 0.208892 0.340498
vt 0.199832 0.340498
vt 0.208892 0.349558
vt 0.199832 0.349558
vt 0.208892 0.340498
vt 0.208892 0.349558
vt 0.199832 0.349558
vt 0.208892 0.340498
vt 0.199832 0.340498
vt 0.208892 0.349558
vt 0.199832 0.349558
vt 0.208892 0.340498
vt 0.208892 0.349558
vt 0.199832 0.349558
vt 0.208892 0.340498
vt 0.199832 0.340498
vt 0.208892 0.349558
vt 0.199832 0.349558
vt 0.208892 0.340498
vt 0.208892 0.349558
vt 0.199832 0.349558
vt 0.208892 0.340498
vt 0.199832 0.340498
vt 0.208892 0.349558
vt 0.199832 0.349558
vt 0.208892 0.340498
vt 0.208892 0.349558
vt 0.199832 0.349558
vt 0.208892 0.340498
vt 0.199832 0.340498
vt 0.208892 0.349558
vt 0.199832 0.349558
vt 0.208892 0.340498
vt 0.208892 0.349558
vt 0.199832 0.349558
vt 0.208892 0.340498
vt 0.199832 0.340498
vt 0.208892 0.349558
vt 0.199832 0.349558
vt 0.208892 0.340498
vt 0.208892 0.349558
vt 0.199832 0.349558
vt 0.208892 0.340498
vt 0.199832 0.340498
vt 0.208892 0.349558
vt 0.199832 0.349558
vt 0.208892 0.340498
vt 0.208892 0.349558
vt 0.199832 0.349558
vt 0.208892 0.340498
vt 0.199832 0.340498
vt 0.208892 0.349558
vt 0.199832 0.349558
vt 0.208892 0.340498
vt 0.208892 0.349558
vt 0.199832 0.349558
vt 0.208892 0.340498
vt 0.199832 0.340498
vt 0.208892 0.349558
vt 0.199832 0.349558
vt 0.208892 0.340498
vt 0.208892 0.349558
vt 0.199832 0.349558
vt 0.208892 0.340498
vt 0.199832 0.340498
vt 0.208892 0.349558
vt 0.199832 0.349558
vt 0.208892 0.340498
vt 0.199832 0.340498
vt 0.208892 0.349558
vt 0.199832 0.349558
vt 0.199832 0.340498
vt 0.208892 0.349558
vt 0.199832 0.349558
vt 0.208892 0.340498
vt 0.199832 0.340498
vt 0.208892 0.349558
vt 0.199832 0.349558
vt 0.208892 0.340498
vt 0.199832 0.340498
vt 0.208892 0.349558
vt 0.199832 0.349558
vt 0.208892 0.340498
vt 0.199832 0.340498
vt 0.208892 0.349558
vt 0.199832 0.349558
vt 0.208892 0.340498
vt 0.199832 0.340498
vt 0.208892 0.349558
vt 0.199832 0.349558
vt 0.208892 0.340498
vt 0.199832 0.340498
vt 0.208892 0.349558
vt 0.199832 0.349558
vt 0.208892 0.340498
vt 0.199832 0.340498
vt 0.208892 0.349558
vt 0.199832 0.349558
vt 0.208892 0.340498
vt 0.199832 0.340498
vt 0.208892 0.349558
vt 0.199832 0.349558
vt 0.208892 0.340498
vt 0.199832 0.340498
vt 0.208892 0.349558
vt 0.199832 0.349558
vt 0.208892 0.340498
vt 0.199832 0.340498
vt 0.208892 0.349558
vt 0.199832 0.349558
vt 0.208892 0.340498
vt 0.199832 0.340498
vt 0.208892 0.349558
vt 0.199832 0.349558
vt 0.208892 0.340498
vt 0.199832 0.340498
vt 0.208892 0.349558
vt 0.199832 0.349558
vt 0.208892 0.340498
vt 0.199832 0.340498
vt 0.208892 0.349558
vt 0.199832 0.349558
vt 0.208892 0.340498
vt 0.199832 0.340498
vt 0.208892 0.349558
vt 0.199832 0.349558
vt 0.208892 0.340498
vt 0.024043 0.163489
vt 0.042161 0.152121
vt 0.042161 0.172009
vt 0.035853 0.145813
vt 0.019896 0.184338
vt 0.042161 0.184338
vt 0.024043 0.205187
vt 0.042161 0.196667
vt 0.035853 0.222862
vt 0.042161 0.216554
vt 0.053528 0.234672
vt 0.062049 0.216554
vt 0.074378 0.23882
vt 0.074378 0.216554
vt 0.095227 0.234672
vt 0.086706 0.216554
vt 0.112902 0.222862
vt 0.106594 0.216554
vt 0.124712 0.205187
vt 0.106594 0.196667
vt 0.128859 0.184338
vt 0.106594 0.184338
vt 0.124712 0.163489
vt 0.106594 0.172009
vt 0.112902 0.145813
vt 0.106594 0.152121
vt 0.095227 0.134003
vt 0.086706 0.152121
vt 0.074378 0.129856
vt 0.074378 0.152121
vt 0.053528 0.134003
vt 0.062049 0.152121
vt 0.199832 0.340498
vt 0.208892 0.349558
vt 0.199832 0.349558
vt 0.208892 0.340498
vt 0.199832 0.340498
vt 0.199832 0.349558
vt 0.208892 0.340498
vt 0.199832 0.340498
vt 0.208892 0.349558
vt 0.199832 0.349558
vt 0.208892 0.340498
vt 0.199832 0.340498
vt 0.208892 0.349558
vt 0.199832 0.349558
vt 0.199832 0.340498
vt 0.208892 0.349558
vt 0.199832 0.349558
vt 0.208892 0.340498
vt 0.199832 0.340498
vt 0.208892 0.349558
vt 0.199832 0.349558
vt 0.199832 0.340498
vt 0.208892 0.349558
vt 0.199832 0.349558
vt 0.208892 0.340498
vt 0.199832 0.340498
vt 0.208892 0.349558
vt 0.199832 0.349558
vt 0.199832 0.340498
vt 0.208892 0.349558
vt 0.199832 0.349558
vt 0.208892 0.340498
vt 0.199832 0.340498
vt 0.208892 0.349558
vt 0.199832 0.349558
vt 0.199832 0.340498
vt 0.208892 0.349558
vt 0.199832 0.349558
vt 0.208892 0.340498
vt 0.199832 0.340498
vt 0.208892 0.349558
vt 0.199832 0.349558
vt 0.199832 0.340498
vt 0.208892 0.349558
vt 0.199832 0.349558
vt 0.208892 0.340498
vt 0.199832 0.340498
vt 0.208892 0.349558
vt 0.199832 0.349558
vt 0.199832 0.340498
vt 0.208892 0.349558
vt 0.199832 0.349558
vt 0.208892 0.340498
vt 0.199832 0.340498
vt 0.208892 0.349558
vt 0.199832 0.349558
vt 0.199832 0.340498
vt 0.208892 0.349558
vt 0.199832 0.349558
vt 0.208892 0.340498
vt 0.199832 0.340498
vt 0.208892 0.349558
vt 0.199832 0.349558
vt 0.199832 0.340498
vt 0.208892 0.349558
vt 0.199832 0.349558
vt 0.208892 0.340498
vt 0.199832 0.340498
vt 0.208892 0.349558
vt 0.199832 0.349558
vt 0.199832 0.340498
vt 0.208892 0.349558
vt 0.199832 0.349558
vt 0.208892 0.340498
vt 0.199832 0.340498
vt 0.208892 0.349558
vt 0.199832 0.349558
vt 0.199832 0.340498
vt 0.208892 0.349558
vt 0.199832 0.349558
vt 0.208892 0.340498
vt 0.199832 0.340498
vt 0.208892 0.349558
vt 0.199832 0.349558
vt 0.199832 0.340498
vt 0.208892 0.349558
vt 0.199832 0.349558
vt 0.208892 0.340498
vt 0.199832 0.340498
vt 0.208892 0.349558
vt 0.199832 0.349558
vt 0.199832 0.340498
vt 0.208892 0.349558
vt 0.199832 0.349558
vt 0.208892 0.340498
vt 0.199832 0.340498
vt 0.208892 0.349558
vt 0.199832 0.349558
vt 0.199832 0.340498
vt 0.208892 0.349558
vt 0.199832 0.349558
vt 0.208892 0.340498
vt 0.199832 0.340498
vt 0.208892 0.349558
vt 0.199832 0.349558
vt 0.199832 0.340498
vt 0.208892 0.349558
vt 0.199832 0.349558
vt 0.208892 0.340498
vt 0.199832 0.340498
vt 0.208892 0.349558
vt 0.199832 0.349558
vt 0.199832 0.340498
vt 0.208892 0.349558
vt 0.199832 0.349558
vt 0.208892 0.340498
vt 0.199832 0.340498
vt 0.208892 0.349558
vt 0.199832 0.349558
vt 0.199832 0.340498
vt 0.208892 0.349558
vt 0.199832 0.349558
vt 0.208892 0.340498
vt 0.199832 0.340498
vt 0.208892 0.349558
vt 0.199832 0.349558
vt 0.199832 0.340498
vt 0.208892 0.349558
vt 0.199832 0.349558
vt 0.208892 0.340498
vt 0.199832 0.340498
vt 0.208892 0.349558
vt 0.199832 0.349558
vt 0.199832 0.340498
vt 0.208892 0.349558
vt 0.199832 0.349558
vt 0.208892 0.340498
vt 0.199832 0.340498
vt 0.208892 0.349558
vt 0.199832 0.349558
vt 0.199832 0.340498
vt 0.208892 0.349558
vt 0.199832 0.349558
vt 0.208892 0.340498
vt 0.199832 0.340498
vt 0.208892 0.349558
vt 0.199832 0.349558
vt 0.199832 0.340498
vt 0.208892 0.349558
vt 0.199832 0.349558
vt 0.208892 0.340498
vt 0.199832 0.340498
vt 0.208892 0.349558
vt 0.199832 0.349558
vt 0.199832 0.340498
vt 0.208892 0.349558
vt 0.199832 0.349558
vt 0.208892 0.340498
vt 0.199832 0.340498
vt 0.208892 0.349558
vt 0.199832 0.349558
vt 0.199832 0.340498
vt 0.208892 0.349558
vt 0.199832 0.349558
vt 0.208892 0.340498
vt 0.199832 0.340498
vt 0.208892 0.349558
vt 0.208892 0.340498
vt 0.177657 0.919831
vt 0.177657 0.933584
vt 0.163904 0.919831
vt 0.177657 0.919831
vt 0.163904 0.919831
vt 0.177657 0.933584
vt 0.177657 0.919831
vt 0.163904 0.919831
vt 0.177657 0.919831
vt 0.305721 0.327401
vt 0.319474 0.327401
vt 0.319474 0.341155
vt 0.319474 0.327401
vt 0.319474 0.341155
vt 0.305721 0.327401
vt 0.319474 0.327401
vt 0.319474 0.327401
vt 0.319474 0.341155
f 1106/1106/1106 1105/1105/1105 1107/1107/1107
f 1108/1108/1108 1105/1105/1105 1106/1106/1106
f 1110/1110/1110 1109/1109/1109 1107/1107/1107
f 1111/1111/1111 1109/1109/1109 1110/1110/1110
f 1111/1111/1111 1112/1112/1112 1113/1113/1113
f 1113/1113/1113 1112/1112/1112 1114/1114/1114
f 1113/1113/1113 1115/1115/1115 1116/1116/1116
f 1117/1117/1117 1115/1115/1115 1113/1113/1113
f 1119/1119/1119 1118/1118/1118 1116/1116/1116
f 1120/1120/1120 1118/1118/1118 1119/1119/1119
f 1110/1110/1110 1121/1121/1121 1122/1122/1122
f 1123/1123/1123 1121/1121/1121 1110/1110/1110
f 1125/1125/1125 1124/1124/1124 1126/1126/1126
f 1127/1127/1127 1124/1124/1124 1125/1125/1125
f 1129/1129/1129 1128/1128/1128 1126/1126/1126
f 1130/1130/1130 1128/1128/1128 1129/1129/1129
f 1131/1131/1131 1128/1128/1128 1132/1132/1132
f 1133/1133/1133 1128/1128/1128 1131/1131/1131
f 1130/1130/1130 1134/1134/1134 1135/1135/1135
f 1135/1135/1135 1134/1134/1134 1136/1136/1136
f 1131/1131/1131 1134/1134/1134 1137/1137/1137
f 1138/1138/1138 1134/1134/1134 1131/1131/1131
f 1140/1140/1140 1139/1139/1139 1136/1136/1136
f 1141/1141/1141 1139/1139/1139 1140/1140/1140
f 1141/1141/1141 1142/1142/1142 1143/1143/1143
f 1143/1143/1143 1142/1142/1142 1144/1144/1144
f 1140/1140/1140 1145/1145/1145 1144/1144/1144
f 1146/1146/1146 1145/1145/1145 1140/1140/1140
f 1147/1147/1147 1142/1142/1142 1136/1136/1136
f 1146/1146/1146 1142/1142/1142 1147/1147/1147
f 1143/1143/1143 1148/1148/1148 1149/1149/1149
f 1150/1150/1150 1148/1148/1148 1143/1143/1143
f 1151/1151/1151 1148/1148/1148 1152/1152/1152
f 1153/1153/1153 1148/1148/1148 1151/1151/1151
f 1151/1151/1151 1154/1154/1154 1144/1144/1144
f 1155/1155/1155 1154/1154/1154 1151/1151/1151
f 1157/1157/1157 1156/1156/1156 1152/1152/1152
f 1158/1158/1158 1156/1156/1156 1157/1157/1157
f 1155/1155/1155 1156/1156/1156 1159/1159/1159
f 1159/1159/1159 1156/1156/1156 1160/1160/1160
f 1162/1162/1162 1161/1161/1161 1160/1160/1160
f 1163/1163/1163 1161/1161/1161 1162/1162/1162
f 1162/1162/1162 1156/1156/1156 1164/1164/1164
f 1165/1165/1165 1156/1156/1156 1162/1162/1162
f 1167/1167/1167 1166/1166/1166 1164/1164/1164
f 1168/1168/1168 1166/1166/1166 1167/1167/1167
f 1170/1170/1170 1169/1169/1169 1171/1171/1171
f 1172/1172/1172 1169/1169/1169 1170/1170/1170
f 1173/1173/1173 1169/1169/1169 1174/1174/1174
f 1175/1175/1175 1169/1169/1169 1173/1173/1173
f 1175/1175/1175 1176/1176/1176 1177/1177/1177
f 1177/1177/1177 1176/1176/1176 1178/1178/1178
f 1175/1175/1175 1179/1179/1179 1180/1180/1180
f 1180/1180/1180 1179/1179/1179 1181/1181/1181
f 1175/1175/1175 1182/1182/1182 1183/1183/1183
f 1183/1183/1183 1182/1182/1182 1184/1184/1184
f 1185/1185/1185 1169/1169/1169 1184/1184/1184
f 1170/1170/1170 1186/1186/1186 1187/1187/1187
f 1188/1188/1188 1186/1186/1186 1170/1170/1170
f 1189/1189/1189 1186/1186/1186 1190/1190/1190
f 1191/1191/1191 1186/1186/1186 1189/1189/1189
f 1192/1192/1192 1169/1169/1169 1185/1185/1185
f 1194/1194/1194 1193/1193/1193 1195/1195/1195
f 1196/1196/1196 1193/1193/1193 1194/1194/1194
f 1198/1198/1198 1197/1197/1197 1196/1196/1196
f 1199/1199/1199 1197/1197/1197 1198/1198/1198
f 1199/1199/1199 1200/1200/1200 1193/1193/1193
f 1193/1193/1193 1200/1200/1200 1201/1201/1201
f 1198/1198/1198 1202/1202/1202 1203/1203/1203
f 1204/1204/1204 1202/1202/1202 1198/1198/1198
f 1199/1199/1199 1202/1202/1202 1205/1205/1205
f 1205/1205/1205 1202/1202/1202 1206/1206/1206
f 1204/1204/1204 1207/1207/1207 1208/1208/1208
f 1208/1208/1208 1207/1207/1207 1209/1209/1209
f 1205/1205/1205 1207/1207/1207 1210/1210/1210
f 1211/1211/1211 1207/1207/1207 1205/1205/1205
f 1213/1213/1213 1212/1212/1212 1214/1214/1214
f 1215/1215/1215 1212/1212/1212 1213/1213/1213
f 1215/1215/1215 1216/1216/1216 1217/1217/1217
f 1217/1217/1217 1216/1216/1216 1218/1218/1218
f 1220/1220/1220 1219/1219/1219 1218/1218/1218
f 1221/1221/1221 1219/1219/1219 1220/1220/1220
f 1222/1222/1222 1212/1212/1212 1223/1223/1223
f 1224/1224/1224 1212/1212/1212 1222/1222/1222
f 1222/1222/1222 1216/1216/1216 1225/1225/1225
f 1213/1213/1213 1226/1226/1226 1225/1225/1225
f 1227/1227/1227 1226/1226/1226 1213/1213/1213
f 1228/1228/1228 1216/1216/1216 1222/1222/1222
f 1227/1227/1227 1229/1229/1229 1230/1230/1230
f 1230/1230/1230 1229/1229/1229 1231/1231/1231
f 1232/1232/1232 1226/1226/1226 1231/1231/1231
f 1233/1233/1233 1226/1226/1226 1232/1232/1232
f 1235/1235/1235 1234/1234/1234 1218/1218/1218
f 1228/1228/1228 1234/1234/1234 1235/1235/1235
f 1232/1232/1232 1236/1236/1236 1237/1237/1237
f 1238/1238/1238 1236/1236/1236 1232/1232/1232
f 1240/1240/1240 1239/1239/1239 1241/1241/1241
f 1242/1242/1242 1239/1239/1239 1240/1240/1240
f 1244/1244/1244 1243/1243/1243 1241/1241/1241
f 1245/1245/1245 1243/1243/1243 1244/1244/1244
f 1244/1244/1244 1246/1246/1246 1247/1247/1247
f 1248/1248/1248 1246/1246/1246 1244/1244/1244
f 1242/1242/1242 1249/1249/1249 1250/1250/1250
f 1250/1250/1250 1249/1249/1249 1251/1251/1251
f 1253/1253/1253 1252/1252/1252 1251/1251/1251
f 1254/1254/1254 1252/1252/1252 1253/1253/1253
f 1256/1256/1256 1255/1255/1255 1257/1257/1257
f 1258/1258/1258 1255/1255/1255 1256/1256/1256
f 1255/1255/1255 1259/1259/1259 1260/1260/1260
f 1261/1261/1261 1259/1259/1259 1255/1255/1255
f 1263/1263/1263 1262/1262/1262 1260/1260/1260
f 1264/1264/1264 1262/1262/1262 1263/1263/1263
f 1261/1261/1261 1265/1265/1265 1263/1263/1263
f 1263/1263/1263 1265/1265/1265 1266/1266/1266
f 1267/1267/1267 1259/1259/1259 1266/1266/1266
f 1264/1264/1264 1259/1259/1259 1267/1267/1267
f 1255/1255/1255 1268/1268/1268 1269/1269/1269
f 1270/1270/1270 1268/1268/1268 1255/1255/1255
f 1257/1257/1257 1268/1268/1268 1271/1271/1271
f 1271/1271/1271 1268/1268/1268 1272/1272/1272
f 1274/1274/1274 1273/1273/1273 1275/1275/1275
f 1276/1276/1276 1273/1273/1273 1274/1274/1274
f 1276/1276/1276 1277/1277/1277 1278/1278/1278
f 1278/1278/1278 1277/1277/1277 1279/1279/1279
f 1281/1281/1281 1280/1280/1280 1279/1279/1279
f 1282/1282/1282 1280/1280/1280 1281/1281/1281
f 1283/1283/1283 1273/1273/1273 1284/1284/1284
f 1285/1285/1285 1273/1273/1273 1283/1283/1283
f 1283/1283/1283 1277/1277/1277 1286/1286/1286
f 1274/1274/1274 1287/1287/1287 1286/1286/1286
f 1288/1288/1288 1287/1287/1287 1274/1274/1274
f 1289/1289/1289 1277/1277/1277 1283/1283/1283
f 1288/1288/1288 1290/1290/1290 1291/1291/1291
f 1291/1291/1291 1290/1290/1290 1292/1292/1292
f 1293/1293/1293 1287/1287/1287 1292/1292/1292
f 1294/1294/1294 1287/1287/1287 1293/1293/1293
f 1296/1296/1296 1295/1295/1295 1279/1279/1279
f 1289/1289/1289 1295/1295/1295 1296/1296/1296
f 1293/1293/1293 1297/1297/1297 1298/1298/1298
f 1299/1299/1299 1297/1297/1297 1293/1293/1293
f 1301/1301/1301 1300/1300/1300 1302/1302/1302
f 1303/1303/1303 1300/1300/1300 1301/1301/1301
f 1301/1301/1301 1304/1304/1304 1305/1305/1305
f 1306/1306/1306 1304/1304/1304 1301/1301/1301
f 1306/1306/1306 1300/1300/1300 1307/1307/1307
f 1307/1307/1307 1300/1300/1300 1308/1308/1308
f 1310/1310/1310 1309/1309/1309 1305/1305/1305
f 1311/1311/1311 1309/1309/1309 1310/1310/1310
f 1306/1306/1306 1312/1312/1312 1310/1310/1310
f 1310/1310/1310 1312/1312/1312 1313/1313/1313
f 1311/1311/1311 1304/1304/1304 1314/1314/1314
f 1303/1303/1303 1315/1315/1315 1316/1316/1316
f 1316/1316/1316 1315/1315/1315 1317/1317/1317
f 1307/1307/1307 1315/1315/1315 1318/1318/1318
f 1319/1319/1319 1315/1315/1315 1307/1307/1307
f 1320/1320/1320 1309/1309/1309 1321/1321/1321
f 1322/1322/1322 1309/1309/1309 1320/1320/1320
f 1324/1324/1324 1323/1323/1323 1314/1314/1314
f 1325/1325/1325 1323/1323/1323 1326/1326/1326
f 1326/1326/1326 1327/1327/1327 1328/1328/1328
f 1329/1329/1329 1327/1327/1327 1326/1326/1326
f 1331/1331/1331 1330/1330/1330 1328/1328/1328
f 1332/1332/1332 1330/1330/1330 1331/1331/1331
f 1333/1333/1333 1330/1330/1330 1334/1334/1334
f 1335/1335/1335 1330/1330/1330 1333/1333/1333
f 1337/1337/1337 1336/1336/1336 1334/1334/1334
f 1338/1338/1338 1336/1336/1336 1337/1337/1337
f 1339/1339/1339 1336/1336/1336 1340/1340/1340
f 1341/1341/1341 1336/1336/1336 1339/1339/1339
f 1339/1339/1339 1342/1342/1342 1343/1343/1343
f 1344/1344/1344 1342/1342/1342 1339/1339/1339
f 1337/1337/1337 1345/1345/1345 1343/1343/1343
f 1346/1346/1346 1345/1345/1345 1337/1337/1337
f 1344/1344/1344 1347/1347/1347 1348/1348/1348
f 1348/1348/1348 1347/1347/1347 1349/1349/1349
f 1348/1348/1348 1350/1350/1350 1343/1343/1343
f 1351/1351/1351 1350/1350/1350 1348/1348/1348
f 1352/1352/1352 1342/1342/1342 1349/1349/1349
f 1351/1351/1351 1342/1342/1342 1352/1352/1352
f 1354/1354/1354 1353/1353/1353 1349/1349/1349
f 1355/1355/1355 1353/1353/1353 1354/1354/1354
f 1355/1355/1355 1356/1356/1356 1357/1357/1357
f 1357/1357/1357 1356/1356/1356 1358/1358/1358
f 1360/1360/1360 1359/1359/1359 1358/1358/1358
f 1361/1361/1361 1359/1359/1359 1360/1360/1360
f 1362/1362/1362 1356/1356/1356 1363/1363/1363
f 1364/1364/1364 1356/1356/1356 1362/1362/1362
f 1362/1362/1362 1353/1353/1353 1365/1365/1365
f 1366/1366/1366 1353/1353/1353 1362/1362/1362
f 1368/1368/1368 1367/1367/1367 1365/1365/1365
f 1369/1369/1369 1367/1367/1367 1368/1368/1368
f 1366/1366/1366 1370/1370/1370 1371/1371/1371
f 1371/1371/1371 1370/1370/1370 1349/1349/1349
f 1373/1373/1373 1372/1372/1372 1358/1358/1358
f 1374/1374/1374 1372/1372/1372 1373/1373/1373
f 1374/1374/1374 1375/1375/1375 1376/1376/1376
f 1376/1376/1376 1375/1375/1375 1377/1377/1377
f 1379/1379/1379 1378/1378/1378 1380/1380/1380
f 1381/1381/1381 1378/1378/1378 1379/1379/1379
f 1381/1381/1381 1382/1382/1382 1383/1383/1383
f 1383/1383/1383 1382/1382/1382 1384/1384/1384
f 1386/1386/1386 1385/1385/1385 1380/1380/1380
f 1387/1387/1387 1385/1385/1385 1386/1386/1386
f 1387/1387/1387 1378/1378/1378 1388/1388/1388
f 1388/1388/1388 1378/1378/1378 1389/1389/1389
f 1381/1381/1381 1390/1390/1390 1391/1391/1391
f 1391/1391/1391 1390/1390/1390 1392/1392/1392
f 1383/1383/1383 1393/1393/1393 1392/1392/1392
f 1394/1394/1394 1393/1393/1393 1383/1383/1383
f 1379/1379/1379 1395/1395/1395 1396/1396/1396
f 1397/1397/1397 1395/1395/1395 1379/1379/1379
f 1397/1397/1397 1385/1385/1385 1314/1314/1314
f 1399/1399/1399 1398/1398/1398 1400/1400/1400
f 1401/1401/1401 1398/1398/1398 1399/1399/1399
f 1401/1401/1401 1402/1402/1402 1403/1403/1403
f 1403/1403/1403 1402/1402/1402 1404/1404/1404
f 1405/1405/1405 1402/1402/1402 1406/1406/1406
f 1407/1407/1407 1402/1402/1402 1405/1405/1405
f 1401/1401/1401 1408/1408/1408 1409/1409/1409
f 1409/1409/1409 1408/1408/1408 1410/1410/1410
f 1401/1401/1401 1411/1411/1411 1412/1412/1412
f 1412/1412/1412 1411/1411/1411 1413/1413/1413
f 1414/1414/1414 1402/1402/1402 1413/1413/1413
f 1415/1415/1415 1402/1402/1402 1414/1414/1414
f 1405/1405/1405 1416/1416/1416 1417/1417/1417
f 1418/1418/1418 1416/1416/1416 1405/1405/1405
f 1419/1419/1419 1416/1416/1416 1420/1420/1420
f 1421/1421/1421 1416/1416/1416 1419/1419/1419
f 1423/1423/1423 1422/1422/1422 1420/1420/1420
f 1424/1424/1424 1422/1422/1422 1423/1423/1423
f 1426/1426/1426 1425/1425/1425 1427/1427/1427
f 1428/1428/1428 1425/1425/1425 1426/1426/1426
f 1426/1426/1426 1429/1429/1429 1430/1430/1430
f 1431/1431/1431 1429/1429/1429 1426/1426/1426
f 1433/1433/1433 1432/1432/1432 1430/1430/1430
f 1434/1434/1434 1432/1432/1432 1433/1433/1433
f 1431/1431/1431 1435/1435/1435 1433/1433/1433
f 1433/1433/1433 1435/1435/1435 1436/1436/1436
f 1437/1437/1437 1429/1429/1429 1436/1436/1436
f 1434/1434/1434 1429/1429/1429 1437/1437/1437
f 1439/1439/1439 1438/1438/1438 1440/1440/1440
f 1441/1441/1441 1438/1438/1438 1439/1439/1439
f 1441/1441/1441 1442/1442/1442 1443/1443/1443
f 1443/1443/1443 1442/1442/1442 1444/1444/1444
f 1446/1446/1446 1445/1445/1445 1444/1444/1444
f 1447/1447/1447 1445/1445/1445 1446/1446/1446
f 1448/1448/1448 1438/1438/1438 1449/1449/1449
f 1450/1450/1450 1438/1438/1438 1448/1448/1448
f 1448/1448/1448 1442/1442/1442 1451/1451/1451
f 1439/1439/1439 1452/1452/1452 1451/1451/1451
f 1453/1453/1453 1452/1452/1452 1439/1439/1439
f 1454/1454/1454 1442/1442/1442 1448/1448/1448
f 1453/1453/1453 1455/1455/1455 1456/1456/1456
f 1456/1456/1456 1455/1455/1455 1457/1457/1457
f 1458/1458/1458 1452/1452/1452 1457/1457/1457
f 1459/1459/1459 1452/1452/1452 1458/1458/1458
f 1461/1461/1461 1460/1460/1460 1444/1444/1444
f 1454/1454/1454 1460/1460/1460 1461/1461/1461
f 1458/1458/1458 1462/1462/1462 1463/1463/1463
f 1464/1464/1464 1462/1462/1462 1458/1458/1458
f 1466/1466/1466 1465/1465/1465 1458/1458/1458
f 1467/1467/1467 1465/1465/1465 1468/1468/1468
f 1469/1469/1469 1465/1465/1465 1467/1467/1467
f 1467/1467/1467 1470/1470/1470 1471/1471/1471
f 1472/1472/1472 1470/1470/1470 1467/1467/1467
f 1469/1469/1469 1470/1470/1470 1473/1473/1473
f 1473/1473/1473 1470/1470/1470 1474/1474/1474
f 1476/1476/1476 1475/1475/1475 1468/1468/1468
f 1477/1477/1477 1475/1475/1475 1476/1476/1476
f 1469/1469/1469 1478/1478/1478 1476/1476/1476
f 1476/1476/1476 1478/1478/1478 1479/1479/1479
f 1472/1472/1472 1480/1480/1480 1481/1481/1481
f 1481/1481/1481 1480/1480/1480 1482/1482/1482
f 1473/1473/1473 1480/1480/1480 1483/1483/1483
f 1484/1484/1484 1480/1480/1480 1473/1473/1473
f 1485/1485/1485 1475/1475/1475 1486/1486/1486
f 1487/1487/1487 1475/1475/1475 1485/1485/1485
f 1489/1489/1489 1488/1488/1488 1490/1490/1490
f 1491/1491/1491 1488/1488/1488 1489/1489/1489
f 1491/1491/1491 1492/1492/1492 1493/1493/1493
f 1493/1493/1493 1492/1492/1492 1494/1494/1494
f 1496/1496/1496 1495/1495/1495 1490/1490/1490
f 1497/1497/1497 1495/1495/1495 1496/1496/1496
f 1491/1491/1491 1498/1498/1498 1499/1499/1499
f 1499/1499/1499 1498/1498/1498 1500/1500/1500
f 1493/1493/1493 1501/1501/1501 1500/1500/1500
f 1502/1502/1502 1501/1501/1501 1493/1493/1493
f 1497/1497/1497 1503/1503/1503 1504/1504/1504
f 1504/1504/1504 1503/1503/1503 1505/1505/1505
f 1507/1507/1507 1506/1506/1506 1508/1508/1508
f 1509/1509/1509 1506/1506/1506 1507/1507/1507
f 1510/1510/1510 1506/1506/1506 1511/1511/1511
f 1512/1512/1512 1506/1506/1506 1510/1510/1510
f 1514/1514/1514 1513/1513/1513 1511/1511/1511
f 1515/1515/1515 1513/1513/1513 1514/1514/1514
f 1516/1516/1516 1513/1513/1513 1517/1517/1517
f 1518/1518/1518 1513/1513/1513 1516/1516/1516
f 1518/1518/1518 1519/1519/1519 1510/1510/1510
f 1510/1510/1510 1519/1519/1519 1520/1520/1520
f 1522/1522/1522 1521/1521/1521 1520/1520/1520
f 1523/1523/1523 1521/1521/1521 1522/1522/1522
f 1523/1523/1523 1524/1524/1524 1525/1525/1525
f 1525/1525/1525 1524/1524/1524 1526/1526/1526
f 1525/1525/1525 1527/1527/1527 1520/1520/1520
f 1528/1528/1528 1527/1527/1527 1525/1525/1525
f 1529/1529/1529 1521/1521/1521 1526/1526/1526
f 1528/1528/1528 1521/1521/1521 1529/1529/1529
f 1531/1531/1531 1530/1530/1530 1526/1526/1526
f 1532/1532/1532 1530/1530/1530 1531/1531/1531
f 1532/1532/1532 1533/1533/1533 1534/1534/1534
f 1534/1534/1534 1533/1533/1533 1535/1535/1535
f 1537/1537/1537 1536/1536/1536 1535/1535/1535
f 1538/1538/1538 1536/1536/1536 1537/1537/1537
f 1539/1539/1539 1533/1533/1533 1540/1540/1540
f 1541/1541/1541 1533/1533/1533 1539/1539/1539
f 1539/1539/1539 1530/1530/1530 1542/1542/1542
f 1543/1543/1543 1530/1530/1530 1539/1539/1539
f 1545/1545/1545 1544/1544/1544 1542/1542/1542
f 1546/1546/1546 1544/1544/1544 1545/1545/1545
f 1543/1543/1543 1547/1547/1547 1548/1548/1548
f 1548/1548/1548 1547/1547/1547 1526/1526/1526
f 1550/1550/1550 1549/1549/1549 1535/1535/1535
f 1551/1551/1551 1549/1549/1549 1550/1550/1550
f 1551/1551/1551 1552/1552/1552 1553/1553/1553
f 1553/1553/1553 1552/1552/1552 1554/1554/1554
f 1556/1556/1556 1555/1555/1555 1557/1557/1557
f 1558/1558/1558 1555/1555/1555 1556/1556/1556
f 1558/1558/1558 1559/1559/1559 1560/1560/1560
f 1560/1560/1560 1559/1559/1559 1561/1561/1561
f 1562/1562/1562 1559/1559/1559 1563/1563/1563
f 1564/1564/1564 1559/1559/1559 1562/1562/1562
f 1558/1558/1558 1565/1565/1565 1566/1566/1566
f 1566/1566/1566 1565/1565/1565 1567/1567/1567
f 1558/1558/1558 1568/1568/1568 1569/1569/1569
f 1569/1569/1569 1568/1568/1568 1570/1570/1570
f 1571/1571/1571 1559/1559/1559 1570/1570/1570
f 1572/1572/1572 1559/1559/1559 1571/1571/1571
f 1562/1562/1562 1573/1573/1573 1574/1574/1574
f 1575/1575/1575 1573/1573/1573 1562/1562/1562
f 1576/1576/1576 1573/1573/1573 1577/1577/1577
f 1578/1578/1578 1573/1573/1573 1576/1576/1576
f 1580/1580/1580 1579/1579/1579 1577/1577/1577
f 1581/1581/1581 1579/1579/1579 1580/1580/1580
f 1583/1583/1583 1582/1582/1582 1584/1584/1584
f 1585/1585/1585 1582/1582/1582 1583/1583/1583
f 1583/1583/1583 1586/1586/1586 1587/1587/1587
f 1588/1588/1588 1586/1586/1586 1583/1583/1583
f 1590/1590/1590 1589/1589/1589 1587/1587/1587
f 1591/1591/1591 1589/1589/1589 1590/1590/1590
f 1588/1588/1588 1592/1592/1592 1590/1590/1590
f 1590/1590/1590 1592/1592/1592 1593/1593/1593
f 1594/1594/1594 1586/1586/1586 1593/1593/1593
f 1591/1591/1591 1586/1586/1586 1594/1594/1594
f 1585/1585/1585 1595/1595/1595 1596/1596/1596
f 1596/1596/1596 1595/1595/1595 1597/1597/1597
f 1596/1596/1596 1582/1582/1582 1598/1598/1598
f 1599/1599/1599 1582/1582/1582 1596/1596/1596
f 1601/1601/1601 1600/1600/1600 1602/1602/1602
f 1603/1603/1603 1600/1600/1600 1601/1601/1601
f 1603/1603/1603 1604/1604/1604 1605/1605/1605
f 1605/1605/1605 1604/1604/1604 1606/1606/1606
f 1608/1608/1608 1607/1607/1607 1606/1606/1606
f 1609/1609/1609 1607/1607/1607 1608/1608/1608
f 1610/1610/1610 1600/1600/1600 1611/1611/1611
f 1612/1612/1612 1600/1600/1600 1610/1610/1610
f 1610/1610/1610 1604/1604/1604 1613/1613/1613
f 1601/1601/1601 1614/1614/1614 1613/1613/1613
f 1615/1615/1615 1614/1614/1614 1601/1601/1601
f 1616/1616/1616 1604/1604/1604 1610/1610/1610
f 1615/1615/1615 1617/1617/1617 1618/1618/1618
f 1618/1618/1618 1617/1617/1617 1619/1619/1619
f 1620/1620/1620 1614/1614/1614 1619/1619/1619
f 1621/1621/1621 1614/1614/1614 1620/1620/1620
f 1623/1623/1623 1622/1622/1622 1606/1606/1606
f 1616/1616/1616 1622/1622/1622 1623/1623/1623
f 1620/1620/1620 1624/1624/1624 1625/1625/1625
f 1626/1626/1626 1624/1624/1624 1620/1620/1620
f 1628/1628/1628 1627/1627/1627 1620/1620/1620
f 1629/1629/1629 1627/1627/1627 1630/1630/1630
f 1631/1631/1631 1627/1627/1627 1629/1629/1629
f 1629/1629/1629 1632/1632/1632 1633/1633/1633
f 1634/1634/1634 1632/1632/1632 1629/1629/1629
f 1631/1631/1631 1632/1632/1632 1635/1635/1635
f 1635/1635/1635 1632/1632/1632 1636/1636/1636
f 1638/1638/1638 1637/1637/1637 1630/1630/1630
f 1628/1628/1628 1637/1637/1637 1638/1638/1638
f 1631/1631/1631 1639/1639/1639 1638/1638/1638
f 1638/1638/1638 1639/1639/1639 1640/1640/1640
f 1634/1634/1634 1641/1641/1641 1642/1642/1642
f 1642/1642/1642 1641/1641/1641 1643/1643/1643
f 1635/1635/1635 1641/1641/1641 1644/1644/1644
f 1645/1645/1645 1641/1641/1641 1635/1635/1635
f 1646/1646/1646 1637/1637/1637 1647/1647/1647
f 1648/1648/1648 1637/1637/1637 1646/1646/1646
f 1650/1650/1650 1649/1649/1649 1651/1651/1651
f 1652/1652/1652 1649/1649/1649 1650/1650/1650
f 1652/1652/1652 1653/1653/1653 1654/1654/1654
f 1654/1654/1654 1653/1653/1653 1655/1655/1655
f 1657/1657/1657 1656/1656/1656 1651/1651/1651
f 1658/1658/1658 1656/1656/1656 1657/1657/1657
f 1658/1658/1658 1649/1649/1649 1659/1659/1659
f 1659/1659/1659 1649/1649/1649 1660/1660/1660
f 1652/1652/1652 1661/1661/1661 1662/1662/1662
f 1662/1662/1662 1661/1661/1661 1663/1663/1663
f 1654/1654/1654 1664/1664/1664 1663/1663/1663
f 1665/1665/1665 1664/1664/1664 1654/1654/1654
f 1650/1650/1650 1666/1666/1666 1667/1667/1667
f 1668/1668/1668 1666/1666/1666 1650/1650/1650
f 1668/1668/1668 1656/1656/1656 1669/1669/1669
f 1669/1669/1669 1670/1670/1670 1671/1671/1671
f 1672/1672/1672 1670/1670/1670 1669/1669/1669
f 1674/1674/1674 1673/1673/1673 1671/1671/1671
f 1675/1675/1675 1673/1673/1673 1674/1674/1674
f 1676/1676/1676 1673/1673/1673 1677/1677/1677
f 1678/1678/1678 1673/1673/1673 1676/1676/1676
f 1680/1680/1680 1679/1679/1679 1677/1677/1677
f 1681/1681/1681 1679/1679/1679 1680/1680/1680
f 1682/1682/1682 1679/1679/1679 1683/1683/1683
f 1684/1684/1684 1679/1679/1679 1682/1682/1682
f 1682/1682/1682 1685/1685/1685 1686/1686/1686
f 1687/1687/1687 1685/1685/1685 1682/1682/1682
f 1680/1680/1680 1688/1688/1688 1686/1686/1686
f 1689/1689/1689 1688/1688/1688 1680/1680/1680
f 1687/1687/1687 1690/1690/1690 1691/1691/1691
f 1691/1691/1691 1690/1690/1690 1692/1692/1692
f 1691/1691/1691 1693/1693/1693 1686/1686/1686
f 1694/1694/1694 1693/1693/1693 1691/1691/1691
f 1695/1695/1695 1685/1685/1685 1692/1692/1692
f 1694/1694/1694 1685/1685/1685 1695/1695/1695
f 1697/1697/1697 1696/1696/1696 1692/1692/1692
f 1698/1698/1698 1696/1696/1696 1697/1697/1697
f 1698/1698/1698 1699/1699/1699 1700/1700/1700
f 1700/1700/1700 1699/1699/1699 1701/1701/1701
f 1703/1703/1703 1702/1702/1702 1701/1701/1701
f 1704/1704/1704 1702/1702/1702 1703/1703/1703
f 1705/1705/1705 1699/1699/1699 1706/1706/1706
f 1707/1707/1707 1699/1699/1699 1705/1705/1705
f 1705/1705/1705 1696/1696/1696 1708/1708/1708
f 1709/1709/1709 1696/1696/1696 1705/1705/1705
f 1711/1711/1711 1710/1710/1710 1708/1708/1708
f 1712/1712/1712 1710/1710/1710 1711/1711/1711
f 1709/1709/1709 1713/1713/1713 1714/1714/1714
f 1714/1714/1714 1713/1713/1713 1692/1692/1692
f 1716/1716/1716 1715/1715/1715 1701/1701/1701
f 1717/1717/1717 1715/1715/1715 1716/1716/1716
f 1717/1717/1717 1718/1718/1718 1719/1719/1719
f 1719/1719/1719 1718/1718/1718 1720/1720/1720
f 1722/1722/1722 1721/1721/1721 1723/1723/1723
f 1724/1724/1724 1721/1721/1721 1722/1722/1722
f 1724/1724/1724 1725/1725/1725 1726/1726/1726
f 1726/1726/1726 1725/1725/1725 1727/1727/1727
f 1728/1728/1728 1725/1725/1725 1729/1729/1729
f 1730/1730/1730 1725/1725/1725 1728/1728/1728
f 1728/1728/1728 1731/1731/1731 1732/1732/1732
f 1733/1733/1733 1731/1731/1731 1728/1728/1728
f 1734/1734/1734 1731/1731/1731 1735/1735/1735
f 1736/1736/1736 1731/1731/1731 1734/1734/1734
f 1737/1737/1737 1725/1725/1725 1738/1738/1738
f 1739/1739/1739 1725/1725/1725 1737/1737/1737
f 1741/1741/1741 1740/1740/1740 1738/1738/1738
f 1742/1742/1742 1740/1740/1740 1741/1741/1741
f 1742/1742/1742 1743/1743/1743 1744/1744/1744
f 1744/1744/1744 1743/1743/1743 1745/1745/1745
f 1747/1747/1747 1746/1746/1746 1735/1735/1735
f 1748/1748/1748 1746/1746/1746 1747/1747/1747
f 1750/1750/1750 1749/1749/1749 1751/1751/1751
f 1752/1752/1752 1749/1749/1749 1750/1750/1750
f 1750/1750/1750 1753/1753/1753 1754/1754/1754
f 1755/1755/1755 1753/1753/1753 1750/1750/1750
f 1757/1757/1757 1756/1756/1756 1754/1754/1754
f 1758/1758/1758 1756/1756/1756 1757/1757/1757
f 1755/1755/1755 1759/1759/1759 1757/1757/1757
f 1757/1757/1757 1759/1759/1759 1760/1760/1760
f 1761/1761/1761 1753/1753/1753 1760/1760/1760
f 1758/1758/1758 1753/1753/1753 1761/1761/1761
f 1752/1752/1752 1762/1762/1762 1763/1763/1763
f 1763/1763/1763 1762/1762/1762 1764/1764/1764
f 1763/1763/1763 1749/1749/1749 1765/1765/1765
f 1766/1766/1766 1749/1749/1749 1763/1763/1763
f 1768/1768/1768 1767/1767/1767 1769/1769/1769
f 1770/1770/1770 1767/1767/1767 1768/1768/1768
f 1770/1770/1770 1771/1771/1771 1772/1772/1772
f 1772/1772/1772 1771/1771/1771 1773/1773/1773
f 1775/1775/1775 1774/1774/1774 1773/1773/1773
f 1776/1776/1776 1774/1774/1774 1775/1775/1775
f 1777/1777/1777 1767/1767/1767 1778/1778/1778
f 1779/1779/1779 1767/1767/1767 1777/1777/1777
f 1777/1777/1777 1771/1771/1771 1780/1780/1780
f 1768/1768/1768 1781/1781/1781 1780/1780/1780
f 1782/1782/1782 1781/1781/1781 1768/1768/1768
f 1783/1783/1783 1771/1771/1771 1777/1777/1777
f 1782/1782/1782 1784/1784/1784 1785/1785/1785
f 1785/1785/1785 1784/1784/1784 1786/1786/1786
f 1787/1787/1787 1781/1781/1781 1786/1786/1786
f 1788/1788/1788 1781/1781/1781 1787/1787/1787
f 1790/1790/1790 1789/1789/1789 1773/1773/1773
f 1783/1783/1783 1789/1789/1789 1790/1790/1790
f 1787/1787/1787 1791/1791/1791 1792/1792/1792
f 1793/1793/1793 1791/1791/1791 1787/1787/1787
f 1795/1795/1795 1794/1794/1794 1796/1796/1796
f 1797/1797/1797 1794/1794/1794 1795/1795/1795
f 1795/1795/1795 1798/1798/1798 1799/1799/1799
f 1800/1800/1800 1798/1798/1798 1795/1795/1795
f 1800/1800/1800 1794/1794/1794 1801/1801/1801
f 1801/1801/1801 1794/1794/1794 1802/1802/1802
f 1804/1804/1804 1803/1803/1803 1799/1799/1799
f 1805/1805/1805 1803/1803/1803 1804/1804/1804
f 1800/1800/1800 1806/1806/1806 1804/1804/1804
f 1804/1804/1804 1806/1806/1806 1807/1807/1807
f 1797/1797/1797 1808/1808/1808 1809/1809/1809
f 1809/1809/1809 1808/1808/1808 1810/1810/1810
f 1801/1801/1801 1808/1808/1808 1811/1811/1811
f 1812/1812/1812 1808/1808/1808 1801/1801/1801
f 1813/1813/1813 1803/1803/1803 1814/1814/1814
f 1815/1815/1815 1803/1803/1803 1813/1813/1813
f 1817/1817/1817 1816/1816/1816 1804/1804/1804
f 1818/1818/1818 1816/1816/1816 1819/1819/1819
f 1820/1820/1820 1816/1816/1816 1818/1818/1818
f 1822/1822/1822 1821/1821/1821 1819/1819/1819
f 1823/1823/1823 1821/1821/1821 1822/1822/1822
f 1820/1820/1820 1821/1821/1821 1824/1824/1824
f 1824/1824/1824 1821/1821/1821 1825/1825/1825
f 1823/1823/1823 1826/1826/1826 1827/1827/1827
f 1827/1827/1827 1826/1826/1826 1828/1828/1828
f 1827/1827/1827 1829/1829/1829 1830/1830/1830
f 1831/1831/1831 1829/1829/1829 1827/1827/1827
f 1833/1833/1833 1832/1832/1832 1830/1830/1830
f 1834/1834/1834 1832/1832/1832 1833/1833/1833
f 1822/1822/1822 1835/1835/1835 1836/1836/1836
f 1837/1837/1837 1835/1835/1835 1822/1822/1822
f 1838/1838/1838 1835/1835/1835 1804/1804/1804
f 1840/1840/1840 1839/1839/1839 1804/1804/1804
f 1842/1842/1842 1841/1841/1841 1843/1843/1843
f 1844/1844/1844 1841/1841/1841 1842/1842/1842
f 1845/1845/1845 1841/1841/1841 1846/1846/1846
f 1847/1847/1847 1841/1841/1841 1845/1845/1845
f 1842/1842/1842 1848/1848/1848 1849/1849/1849
f 1850/1850/1850 1848/1848/1848 1842/1842/1842
f 1845/1845/1845 1851/1851/1851 1849/1849/1849
f 1852/1852/1852 1851/1851/1851 1845/1845/1845
f 1850/1850/1850 1853/1853/1853 1854/1854/1854
f 1854/1854/1854 1853/1853/1853 1855/1855/1855
f 1854/1854/1854 1856/1856/1856 1849/1849/1849
f 1857/1857/1857 1856/1856/1856 1854/1854/1854
f 1858/1858/1858 1848/1848/1848 1855/1855/1855
f 1857/1857/1857 1848/1848/1848 1858/1858/1858
f 1860/1860/1860 1859/1859/1859 1855/1855/1855
f 1861/1861/1861 1859/1859/1859 1860/1860/1860
f 1861/1861/1861 1862/1862/1862 1863/1863/1863
f 1863/1863/1863 1862/1862/1862 1864/1864/1864
f 1866/1866/1866 1865/1865/1865 1864/1864/1864
f 1867/1867/1867 1865/1865/1865 1866/1866/1866
f 1868/1868/1868 1862/1862/1862 1869/1869/1869
f 1870/1870/1870 1862/1862/1862 1868/1868/1868
f 1868/1868/1868 1859/1859/1859 1871/1871/1871
f 1872/1872/1872 1859/1859/1859 1868/1868/1868
f 1874/1874/1874 1873/1873/1873 1871/1871/1871
f 1875/1875/1875 1873/1873/1873 1874/1874/1874
f 1872/1872/1872 1876/1876/1876 1877/1877/1877
f 1877/1877/1877 1876/1876/1876 1855/1855/1855
f 1879/1879/1879 1878/1878/1878 1864/1864/1864
f 1880/1880/1880 1878/1878/1878 1879/1879/1879
f 1880/1880/1880 1881/1881/1881 1882/1882/1882
f 1882/1882/1882 1881/1881/1881 1883/1883/1883
f 1885/1885/1885 1884/1884/1884 1886/1886/1886
f 1887/1887/1887 1884/1884/1884 1885/1885/1885
f 1887/1887/1887 1888/1888/1888 1889/1889/1889
f 1889/1889/1889 1888/1888/1888 1890/1890/1890
f 1891/1891/1891 1888/1888/1888 1892/1892/1892
f 1893/1893/1893 1888/1888/1888 1891/1891/1891
f 1887/1887/1887 1894/1894/1894 1895/1895/1895
f 1895/1895/1895 1894/1894/1894 1896/1896/1896
f 1887/1887/1887 1897/1897/1897 1898/1898/1898
f 1898/1898/1898 1897/1897/1897 1899/1899/1899
f 1900/1900/1900 1888/1888/1888 1899/1899/1899
f 1901/1901/1901 1888/1888/1888 1900/1900/1900
f 1891/1891/1891 1902/1902/1902 1903/1903/1903
f 1904/1904/1904 1902/1902/1902 1891/1891/1891
f 1905/1905/1905 1902/1902/1902 1906/1906/1906
f 1907/1907/1907 1902/1902/1902 1905/1905/1905
f 1909/1909/1909 1908/1908/1908 1906/1906/1906
f 1910/1910/1910 1908/1908/1908 1909/1909/1909
f 1912/1912/1912 1911/1911/1911 1913/1913/1913
f 1914/1914/1914 1911/1911/1911 1912/1912/1912
f 1912/1912/1912 1915/1915/1915 1916/1916/1916
f 1917/1917/1917 1915/1915/1915 1912/1912/1912
f 1919/1919/1919 1918/1918/1918 1916/1916/1916
f 1920/1920/1920 1918/1918/1918 1919/1919/1919
f 1917/1917/1917 1921/1921/1921 1919/1919/1919
f 1919/1919/1919 1921/1921/1921 1922/1922/1922
f 1923/1923/1923 1915/1915/1915 1922/1922/1922
f 1920/1920/1920 1915/1915/1915 1923/1923/1923
f 1914/1914/1914 1924/1924/1924 1925/1925/1925
f 1925/1925/1925 1924/1924/1924 1926/1926/1926
f 1925/1925/1925 1911/1911/1911 1927/1927/1927
f 1928/1928/1928 1911/1911/1911 1925/1925/1925
f 1930/1930/1930 1929/1929/1929 1931/1931/1931
f 1932/1932/1932 1929/1929/1929 1930/1930/1930
f 1932/1932/1932 1933/1933/1933 1934/1934/1934
f 1934/1934/1934 1933/1933/1933 1935/1935/1935
f 1937/1937/1937 1936/1936/1936 1935/1935/1935
f 1938/1938/1938 1936/1936/1936 1937/1937/1937
f 1939/1939/1939 1929/1929/1929 1940/1940/1940
f 1941/1941/1941 1929/1929/1929 1939/1939/1939
f 1939/1939/1939 1933/1933/1933 1942/1942/1942
f 1930/1930/1930 1943/1943/1943 1942/1942/1942
f 1944/1944/1944 1943/1943/1943 1930/1930/1930
f 1945/1945/1945 1933/1933/1933 1939/1939/1939
f 1944/1944/1944 1946/1946/1946 1947/1947/1947
f 1947/1947/1947 1946/1946/1946 1948/1948/1948
f 1949/1949/1949 1943/1943/1943 1948/1948/1948
f 1950/1950/1950 1943/1943/1943 1949/1949/1949
f 1952/1952/1952 1951/1951/1951 1935/1935/1935
f 1945/1945/1945 1951/1951/1951 1952/1952/1952
f 1949/1949/1949 1953/1953/1953 1954/1954/1954
f 1955/1955/1955 1953/1953/1953 1949/1949/1949
f 1957/1957/1957 1956/1956/1956 1958/1958/1958
f 1959/1959/1959 1956/1956/1956 1957/1957/1957
f 1957/1957/1957 1960/1960/1960 1961/1961/1961
f 1962/1962/1962 1960/1960/1960 1957/1957/1957
f 1962/1962/1962 1956/1956/1956 1963/1963/1963
f 1963/1963/1963 1956/1956/1956 1964/1964/1964
f 1966/1966/1966 1965/1965/1965 1961/1961/1961
f 1967/1967/1967 1965/1965/1965 1966/1966/1966
f 1962/1962/1962 1968/1968/1968 1966/1966/1966
f 1966/1966/1966 1968/1968/1968 1969/1969/1969
f 1959/1959/1959 1970/1970/1970 1971/1971/1971
f 1971/1971/1971 1970/1970/1970 1972/1972/1972
f 1963/1963/1963 1970/1970/1970 1973/1973/1973
f 1974/1974/1974 1970/1970/1970 1963/1963/1963
f 1975/1975/1975 1965/1965/1965 1976/1976/1976
f 1977/1977/1977 1965/1965/1965 1975/1975/1975
f 1967/1967/1967 1978/1978/1978 1979/1979/1979
f 1981/1981/1981 1980/1980/1980 1979/1979/1979
f 1982/1982/1982 1980/1980/1980 1983/1983/1983
f 1984/1984/1984 1980/1980/1980 1982/1982/1982
f 1982/1982/1982 1985/1985/1985 1986/1986/1986
f 1987/1987/1987 1985/1985/1985 1982/1982/1982
f 1987/1987/1987 1988/1988/1988 1989/1989/1989
f 1989/1989/1989 1988/1988/1988 1990/1990/1990
f 1992/1992/1992 1991/1991/1991 1986/1986/1986
f 1993/1993/1993 1991/1991/1991 1992/1992/1992
f 1993/1993/1993 1985/1985/1985 1994/1994/1994
f 1994/1994/1994 1985/1985/1985 1995/1995/1995
f 1987/1987/1987 1996/1996/1996 1997/1997/1997
f 1997/1997/1997 1996/1996/1996 1998/1998/1998
f 2000/2000/2000 1999/1999/1999 1998/1998/1998
f 2001/2001/2001 1999/1999/1999 2000/2000/2000
f 2003/2003/2003 2002/2002/2002 2004/2004/2004
f 2005/2005/2005 2002/2002/2002 2003/2003/2003
f 2006/2006/2006 2002/2002/2002 2007/2007/2007
f 2008/2008/2008 2002/2002/2002 2006/2006/2006
f 2003/2003/2003 2009/2009/2009 2010/2010/2010
f 2011/2011/2011 2009/2009/2009 2003/2003/2003
f 2006/2006/2006 2012/2012/2012 2010/2010/2010
f 2013/2013/2013 2012/2012/2012 2006/2006/2006
f 2011/2011/2011 2014/2014/2014 2015/2015/2015
f 2015/2015/2015 2014/2014/2014 2016/2016/2016
f 2015/2015/2015 2017/2017/2017 2010/2010/2010
f 2018/2018/2018 2017/2017/2017 2015/2015/2015
f 2019/2019/2019 2009/2009/2009 2016/2016/2016
f 2018/2018/2018 2009/2009/2009 2019/2019/2019
f 2021/2021/2021 2020/2020/2020 2016/2016/2016
f 2022/2022/2022 2020/2020/2020 2021/2021/2021
f 2022/2022/2022 2023/2023/2023 2024/2024/2024
f 2024/2024/2024 2023/2023/2023 2025/2025/2025
f 2027/2027/2027 2026/2026/2026 2025/2025/2025
f 2028/2028/2028 2026/2026/2026 2027/2027/2027
f 2029/2029/2029 2023/2023/2023 2030/2030/2030
f 2031/2031/2031 2023/2023/2023 2029/2029/2029
f 2029/2029/2029 2020/2020/2020 2032/2032/2032
f 2033/2033/2033 2020/2020/2020 2029/2029/2029
f 2035/2035/2035 2034/2034/2034 2032/2032/2032
f 2036/2036/2036 2034/2034/2034 2035/2035/2035
f 2033/2033/2033 2037/2037/2037 2038/2038/2038
f 2038/2038/2038 2037/2037/2037 2016/2016/2016
f 2040/2040/2040 2039/2039/2039 2025/2025/2025
f 2041/2041/2041 2039/2039/2039 2040/2040/2040
f 2041/2041/2041 2042/2042/2042 2043/2043/2043
f 2043/2043/2043 2042/2042/2042 2044/2044/2044
f 2046/2046/2046 2045/2045/2045 2047/2047/2047
f 2048/2048/2048 2045/2045/2045 2046/2046/2046
f 2048/2048/2048 2049/2049/2049 2050/2050/2050
f 2050/2050/2050 2049/2049/2049 2051/2051/2051
f 2052/2052/2052 2049/2049/2049 2053/2053/2053
f 2054/2054/2054 2049/2049/2049 2052/2052/2052
f 2048/2048/2048 2055/2055/2055 2056/2056/2056
f 2056/2056/2056 2055/2055/2055 2057/2057/2057
f 2048/2048/2048 2058/2058/2058 2059/2059/2059
f 2059/2059/2059 2058/2058/2058 2060/2060/2060
f 2061/2061/2061 2049/2049/2049 2060/2060/2060
f 2062/2062/2062 2049/2049/2049 2061/2061/2061
f 2052/2052/2052 2063/2063/2063 2064/2064/2064
f 2065/2065/2065 2063/2063/2063 2052/2052/2052
f 2066/2066/2066 2063/2063/2063 2067/2067/2067
f 2068/2068/2068 2063/2063/2063 2066/2066/2066
f 2070/2070/2070 2069/2069/2069 2067/2067/2067
f 2071/2071/2071 2069/2069/2069 2070/2070/2070
f 2073/2073/2073 2072/2072/2072 2074/2074/2074
f 2075/2075/2075 2072/2072/2072 2073/2073/2073
f 2077/2077/2077 2076/2076/2076 2078/2078/2078
f 2079/2079/2079 2076/2076/2076 2077/2077/2077
f 2081/2081/2081 2080/2080/2080 2082/2082/2082
f 2083/2083/2083 2080/2080/2080 2081/2081/2081
f 1331/1331/1331 2084/2084/2084 2085/2085/2085
f 2086/2086/2086 2084/2084/2084 1331/1331/1331
f 2087/2087/2087 1330/1330/1330 2085/2085/2085
f 1346/1346/1346 1330/1330/1330 2087/2087/2087
f 2089/2089/2089 2088/2088/2088 2090/2090/2090
f 2091/2091/2091 2088/2088/2088 2089/2089/2089
f 2089/2089/2089 2092/2092/2092 2093/2093/2093
f 2094/2094/2094 2092/2092/2092 2089/2089/2089
f 2096/2096/2096 2095/2095/2095 2097/2097/2097
f 2098/2098/2098 2095/2095/2095 2096/2096/2096
f 2100/2100/2100 2099/2099/2099 2101/2101/2101
f 2102/2102/2102 2099/2099/2099 2100/2100/2100
f 2104/2104/2104 2103/2103/2103 2105/2105/2105
f 2106/2106/2106 2103/2103/2103 2104/2104/2104
f 2108/2108/2108 2107/2107/2107 1517/1517/1517
f 2109/2109/2109 2107/2107/2107 2108/2108/2108
f 2108/2108/2108 1513/1513/1513 2110/2110/2110
f 2111/2111/2111 1513/1513/1513 2108/2108/2108
f 2113/2113/2113 2112/2112/2112 2110/2110/2110
f 2114/2114/2114 2112/2112/2112 2113/2113/2113
f 2115/2115/2115 1465/1465/1465 2113/2113/2113
f 2117/2117/2117 2116/2116/2116 2113/2113/2113
f 2118/2118/2118 2116/2116/2116 2119/2119/2119
f 2118/2118/2118 2120/2120/2120 2121/2121/2121
f 2121/2121/2121 2120/2120/2120 2122/2122/2122
f 2124/2124/2124 2123/2123/2123 2125/2125/2125
f 2126/2126/2126 2123/2123/2123 2124/2124/2124
f 2128/2128/2128 2127/2127/2127 2129/2129/2129
f 2130/2130/2130 2127/2127/2127 2128/2128/2128
f 2132/2132/2132 2131/2131/2131 2133/2133/2133
f 2134/2134/2134 2131/2131/2131 2132/2132/2132
f 1674/1674/1674 2135/2135/2135 2136/2136/2136
f 2137/2137/2137 2135/2135/2135 1674/1674/1674
f 2138/2138/2138 1673/1673/1673 2136/2136/2136
f 1689/1689/1689 1673/1673/1673 2138/2138/2138
f 2140/2140/2140 2139/2139/2139 2141/2141/2141
f 2142/2142/2142 2139/2139/2139 2140/2140/2140
f 2144/2144/2144 2143/2143/2143 2145/2145/2145
f 2146/2146/2146 2143/2143/2143 2144/2144/2144
f 2148/2148/2148 2147/2147/2147 2149/2149/2149
f 2150/2150/2150 2147/2147/2147 2148/2148/2148
f 2152/2152/2152 2151/2151/2151 1846/1846/1846
f 2153/2153/2153 2151/2151/2151 2152/2152/2152
f 2154/2154/2154 2151/2151/2151 2155/2155/2155
f 1852/1852/1852 2151/2151/2151 2154/2154/2154
f 2157/2157/2157 2156/2156/2156 2155/2155/2155
f 2158/2158/2158 2156/2156/2156 2157/2157/2157
f 2157/2157/2157 2151/2151/2151 2159/2159/2159
f 2160/2160/2160 2151/2151/2151 2157/2157/2157
f 2162/2162/2162 2161/2161/2161 2159/2159/2159
f 2163/2163/2163 2161/2161/2161 2162/2162/2162
f 2165/2165/2165 2164/2164/2164 2166/2166/2166
f 2167/2167/2167 2164/2164/2164 2165/2165/2165
f 2165/2165/2165 2168/2168/2168 2169/2169/2169
f 2170/2170/2170 2168/2168/2168 2165/2165/2165
f 2172/2172/2172 2171/2171/2171 2173/2173/2173
f 2174/2174/2174 2171/2171/2171 2172/2172/2172
f 2176/2176/2176 2175/2175/2175 2177/2177/2177
f 2178/2178/2178 2175/2175/2175 2176/2176/2176
f 2180/2180/2180 2179/2179/2179 2181/2181/2181
f 2182/2182/2182 2179/2179/2179 2180/2180/2180
f 2184/2184/2184 2183/2183/2183 2185/2185/2185
f 2186/2186/2186 2183/2183/2183 2184/2184/2184
f 2188/2188/2188 2187/2187/2187 2189/2189/2189
f 2190/2190/2190 2187/2187/2187 2188/2188/2188
f 2192/2192/2192 2191/2191/2191 2193/2193/2193
f 2194/2194/2194 2191/2191/2191 2192/2192/2192
f 2196/2196/2196 2195/2195/2195 2197/2197/2197
f 2198/2198/2198 2195/2195/2195 2196/2196/2196
f 2200/2200/2200 2199/2199/2199 2201/2201/2201
f 2202/2202/2202 2199/2199/2199 2200/2200/2200
f 2204/2204/2204 2203/2203/2203 2205/2205/2205
f 2206/2206/2206 2203/2203/2203 2204/2204/2204
f 2208/2208/2208 2207/2207/2207 2007/2007/2007
f 2209/2209/2209 2207/2207/2207 2208/2208/2208
f 2210/2210/2210 2207/2207/2207 2211/2211/2211
f 2013/2013/2013 2207/2207/2207 2210/2210/2210
f 2213/2213/2213 2212/2212/2212 2211/2211/2211
f 2214/2214/2214 2212/2212/2212 2213/2213/2213
f 2213/2213/2213 2207/2207/2207 2215/2215/2215
f 2216/2216/2216 2207/2207/2207 2213/2213/2213
f 2218/2218/2218 2217/2217/2217 2215/2215/2215
f 2219/2219/2219 2217/2217/2217 2218/2218/2218
f 2221/2221/2221 2220/2220/2220 1137/1137/1137
f 2222/2222/2222 2220/2220/2220 2221/2221/2221
f 2224/2224/2224 2223/2223/2223 1136/1136/1136
f 1138/1138/1138 2223/2223/2223 2224/2224/2224
f 2226/2226/2226 2225/2225/2225 2227/2227/2227
f 2228/2228/2228 2225/2225/2225 2226/2226/2226
f 2230/2230/2230 2229/2229/2229 2231/2231/2231
f 2232/2232/2232 2229/2229/2229 2230/2230/2230
f 2234/2234/2234 2233/2233/2233 2235/2235/2235
f 2236/2236/2236 2233/2233/2233 2234/2234/2234
f 2238/2238/2238 2237/2237/2237 2239/2239/2239
f 2240/2240/2240 2237/2237/2237 2238/2238/2238
f 2242/2242/2242 2241/2241/2241 2243/2243/2243
f 2244/2244/2244 2241/2241/2241 2242/2242/2242
f 2246/2246/2246 2245/2245/2245 2247/2247/2247
f 2248/2248/2248 2245/2245/2245 2246/2246/2246
f 2250/2250/2250 2249/2249/2249 2251/2251/2251
f 2252/2252/2252 2249/2249/2249 2250/2250/2250
f 2254/2254/2254 2253/2253/2253 2255/2255/2255
f 2256/2256/2256 2253/2253/2253 2254/2254/2254
f 2258/2258/2258 2257/2257/2257 2259/2259/2259
f 2260/2260/2260 2257/2257/2257 2258/2258/2258
f 2262/2262/2262 2261/2261/2261 2263/2263/2263
f 2264/2264/2264 2261/2261/2261 2262/2262/2262
f 2266/2266/2266 2265/2265/2265 2267/2267/2267
f 2268/2268/2268 2265/2265/2265 2266/2266/2266
f 2270/2270/2270 2269/2269/2269 2271/2271/2271
f 2272/2272/2272 2269/2269/2269 2270/2270/2270
f 2274/2274/2274 2273/2273/2273 2275/2275/2275
f 2276/2276/2276 2273/2273/2273 2274/2274/2274
f 2278/2278/2278 2277/2277/2277 2279/2279/2279
f 2280/2280/2280 2277/2277/2277 2278/2278/2278
f 2282/2282/2282 2281/2281/2281 2283/2283/2283
f 2284/2284/2284 2281/2281/2281 2282/2282/2282
f 2284/2284/2284 2285/2285/2285 2281/2281/2281
f 2281/2281/2281 2285/2285/2285 2286/2286/2286
f 2287/2287/2287 2286/2286/2286 2285/2285/2285
f 2288/2288/2288 2286/2286/2286 2287/2287/2287
f 2287/2287/2287 2289/2289/2289 2288/2288/2288
f 2290/2290/2290 2289/2289/2289 2287/2287/2287
f 2291/2291/2291 2284/2284/2284 2282/2282/2282
f 2292/2292/2292 2284/2284/2284 2291/2291/2291
f 2293/2293/2293 2284/2284/2284 2292/2292/2292
f 2285/2285/2285 2284/2284/2284 2293/2293/2293
f 2294/2294/2294 2285/2285/2285 2293/2293/2293
f 2287/2287/2287 2285/2285/2285 2294/2294/2294
f 2294/2294/2294 2290/2290/2290 2287/2287/2287
f 2295/2295/2295 2290/2290/2290 2294/2294/2294
f 2291/2291/2291 2296/2296/2296 2292/2292/2292
f 2292/2292/2292 2296/2296/2296 2297/2297/2297
f 2298/2298/2298 2292/2292/2292 2297/2297/2297
f 2293/2293/2293 2292/2292/2292 2298/2298/2298
f 2299/2299/2299 2293/2293/2293 2298/2298/2298
f 2294/2294/2294 2293/2293/2293 2299/2299/2299
f 2299/2299/2299 2295/2295/2295 2294/2294/2294
f 2300/2300/2300 2295/2295/2295 2299/2299/2299
f 2296/2296/2296 2301/2301/2301 2297/2297/2297
f 2297/2297/2297 2301/2301/2301 2302/2302/2302
f 2303/2303/2303 2297/2297/2297 2302/2302/2302
f 2298/2298/2298 2297/2297/2297 2303/2303/2303
f 2304/2304/2304 2298/2298/2298 2303/2303/2303
f 2299/2299/2299 2298/2298/2298 2304/2304/2304
f 2304/2304/2304 2300/2300/2300 2299/2299/2299
f 2305/2305/2305 2300/2300/2300 2304/2304/2304
f 2301/2301/2301 2306/2306/2306 2302/2302/2302
f 2302/2302/2302 2306/2306/2306 2307/2307/2307
f 2308/2308/2308 2302/2302/2302 2307/2307/2307
f 2303/2303/2303 2302/2302/2302 2308/2308/2308
f 2309/2309/2309 2303/2303/2303 2308/2308/2308
f 2304/2304/2304 2303/2303/2303 2309/2309/2309
f 2309/2309/2309 2305/2305/2305 2304/2304/2304
f 2310/2310/2310 2305/2305/2305 2309/2309/2309
f 2306/2306/2306 2311/2311/2311 2307/2307/2307
f 2307/2307/2307 2311/2311/2311 2312/2312/2312
f 2313/2313/2313 2307/2307/2307 2312/2312/2312
f 2308/2308/2308 2307/2307/2307 2313/2313/2313
f 2314/2314/2314 2308/2308/2308 2313/2313/2313
f 2309/2309/2309 2308/2308/2308 2314/2314/2314
f 2314/2314/2314 2310/2310/2310 2309/2309/2309
f 2315/2315/2315 2310/2310/2310 2314/2314/2314
f 2311/2311/2311 2316/2316/2316 2312/2312/2312
f 2312/2312/2312 2316/2316/2316 2317/2317/2317
f 2318/2318/2318 2312/2312/2312 2317/2317/2317
f 2313/2313/2313 2312/2312/2312 2318/2318/2318
f 2319/2319/2319 2313/2313/2313 2318/2318/2318
f 2314/2314/2314 2313/2313/2313 2319/2319/2319
f 2319/2319/2319 2315/2315/2315 2314/2314/2314
f 2320/2320/2320 2315/2315/2315 2319/2319/2319
f 2316/2316/2316 2321/2321/2321 2317/2317/2317
f 2317/2317/2317 2321/2321/2321 2322/2322/2322
f 2323/2323/2323 2317/2317/2317 2322/2322/2322
f 2318/2318/2318 2317/2317/2317 2323/2323/2323
f 2324/2324/2324 2318/2318/2318 2323/2323/2323
f 2319/2319/2319 2318/2318/2318 2324/2324/2324
f 2324/2324/2324 2320/2320/2320 2319/2319/2319
f 2325/2325/2325 2320/2320/2320 2324/2324/2324
f 2321/2321/2321 2326/2326/2326 2322/2322/2322
f 2322/2322/2322 2326/2326/2326 2327/2327/2327
f 2328/2328/2328 2322/2322/2322 2327/2327/2327
f 2323/2323/2323 2322/2322/2322 2328/2328/2328
f 2329/2329/2329 2323/2323/2323 2328/2328/2328
f 2324/2324/2324 2323/2323/2323 2329/2329/2329
f 2329/2329/2329 2325/2325/2325 2324/2324/2324
f 2330/2330/2330 2325/2325/2325 2329/2329/2329
f 2332/2332/2332 2331/2331/2331 2333/2333/2333
f 2334/2334/2334 2331/2331/2331 2332/2332/2332
f 2335/2335/2335 2332/2332/2332 2333/2333/2333
f 2336/2336/2336 2332/2332/2332 2335/2335/2335
f 2337/2337/2337 2336/2336/2336 2335/2335/2335
f 2338/2338/2338 2336/2336/2336 2337/2337/2337
f 2337/2337/2337 2339/2339/2339 2338/2338/2338
f 2340/2340/2340 2339/2339/2339 2337/2337/2337
f 2331/2331/2331 2341/2341/2341 2333/2333/2333
f 2333/2333/2333 2341/2341/2341 2342/2342/2342
f 2343/2343/2343 2333/2333/2333 2342/2342/2342
f 2335/2335/2335 2333/2333/2333 2343/2343/2343
f 2344/2344/2344 2335/2335/2335 2343/2343/2343
f 2337/2337/2337 2335/2335/2335 2344/2344/2344
f 2344/2344/2344 2340/2340/2340 2337/2337/2337
f 2345/2345/2345 2340/2340/2340 2344/2344/2344
f 2341/2341/2341 2346/2346/2346 2342/2342/2342
f 2342/2342/2342 2346/2346/2346 2347/2347/2347
f 2348/2348/2348 2342/2342/2342 2347/2347/2347
f 2343/2343/2343 2342/2342/2342 2348/2348/2348
f 2349/2349/2349 2343/2343/2343 2348/2348/2348
f 2344/2344/2344 2343/2343/2343 2349/2349/2349
f 2349/2349/2349 2345/2345/2345 2344/2344/2344
f 2350/2350/2350 2345/2345/2345 2349/2349/2349
f 2346/2346/2346 2351/2351/2351 2347/2347/2347
f 2347/2347/2347 2351/2351/2351 2352/2352/2352
f 2353/2353/2353 2347/2347/2347 2352/2352/2352
f 2348/2348/2348 2347/2347/2347 2353/2353/2353
f 2354/2354/2354 2348/2348/2348 2353/2353/2353
f 2349/2349/2349 2348/2348/2348 2354/2354/2354
f 2354/2354/2354 2350/2350/2350 2349/2349/2349
f 2355/2355/2355 2350/2350/2350 2354/2354/2354
f 2351/2351/2351 2356/2356/2356 2352/2352/2352
f 2352/2352/2352 2356/2356/2356 2357/2357/2357
f 2358/2358/2358 2352/2352/2352 2357/2357/2357
f 2353/2353/2353 2352/2352/2352 2358/2358/2358
f 2359/2359/2359 2353/2353/2353 2358/2358/2358
f 2354/2354/2354 2353/2353/2353 2359/2359/2359
f 2359/2359/2359 2355/2355/2355 2354/2354/2354
f 2360/2360/2360 2355/2355/2355 2359/2359/2359
f 2356/2356/2356 2361/2361/2361 2357/2357/2357
f 2357/2357/2357 2361/2361/2361 2362/2362/2362
f 2363/2363/2363 2357/2357/2357 2362/2362/2362
f 2358/2358/2358 2357/2357/2357 2363/2363/2363
f 2364/2364/2364 2358/2358/2358 2363/2363/2363
f 2359/2359/2359 2358/2358/2358 2364/2364/2364
f 2364/2364/2364 2360/2360/2360 2359/2359/2359
f 2365/2365/2365 2360/2360/2360 2364/2364/2364
f 2361/2361/2361 2366/2366/2366 2362/2362/2362
f 2362/2362/2362 2366/2366/2366 2367/2367/2367
f 2368/2368/2368 2362/2362/2362 2367/2367/2367
f 2363/2363/2363 2362/2362/2362 2368/2368/2368
f 2369/2369/2369 2363/2363/2363 2368/2368/2368
f 2364/2364/2364 2363/2363/2363 2369/2369/2369
f 2369/2369/2369 2365/2365/2365 2364/2364/2364
f 2370/2370/2370 2365/2365/2365 2369/2369/2369
f 2366/2366/2366 2371/2371/2371 2367/2367/2367
f 2367/2367/2367 2371/2371/2371 2372/2372/2372
f 2373/2373/2373 2367/2367/2367 2372/2372/2372
f 2368/2368/2368 2367/2367/2367 2373/2373/2373
f 2374/2374/2374 2368/2368/2368 2373/2373/2373
f 2369/2369/2369 2368/2368/2368 2374/2374/2374
f 2374/2374/2374 2370/2370/2370 2369/2369/2369
f 2375/2375/2375 2370/2370/2370 2374/2374/2374
f 2371/2371/2371 2376/2376/2376 2372/2372/2372
f 2372/2372/2372 2376/2376/2376 2377/2377/2377
f 2378/2378/2378 2372/2372/2372 2377/2377/2377
f 2373/2373/2373 2372/2372/2372 2378/2378/2378
f 2379/2379/2379 2373/2373/2373 2378/2378/2378
f 2374/2374/2374 2373/2373/2373 2379/2379/2379
f 2379/2379/2379 2375/2375/2375 2374/2374/2374
f 2380/2380/2380 2375/2375/2375 2379/2379/2379
f 2376/2376/2376 2381/2381/2381 2377/2377/2377
f 2377/2377/2377 2381/2381/2381 2382/2382/2382
f 2383/2383/2383 2377/2377/2377 2382/2382/2382
f 2378/2378/2378 2377/2377/2377 2383/2383/2383
f 2384/2384/2384 2378/2378/2378 2383/2383/2383
f 2379/2379/2379 2378/2378/2378 2384/2384/2384
f 2384/2384/2384 2380/2380/2380 2379/2379/2379
f 2385/2385/2385 2380/2380/2380 2384/2384/2384
f 2381/2381/2381 2386/2386/2386 2382/2382/2382
f 2382/2382/2382 2386/2386/2386 2387/2387/2387
f 2388/2388/2388 2382/2382/2382 2387/2387/2387
f 2383/2383/2383 2382/2382/2382 2388/2388/2388
f 2389/2389/2389 2383/2383/2383 2388/2388/2388
f 2384/2384/2384 2383/2383/2383 2389/2389/2389
f 2389/2389/2389 2385/2385/2385 2384/2384/2384
f 2390/2390/2390 2385/2385/2385 2389/2389/2389
f 2386/2386/2386 2391/2391/2391 2387/2387/2387
f 2387/2387/2387 2391/2391/2391 2392/2392/2392
f 2393/2393/2393 2387/2387/2387 2392/2392/2392
f 2388/2388/2388 2387/2387/2387 2393/2393/2393
f 2394/2394/2394 2388/2388/2388 2393/2393/2393
f 2389/2389/2389 2388/2388/2388 2394/2394/2394
f 2394/2394/2394 2390/2390/2390 2389/2389/2389
f 2395/2395/2395 2390/2390/2390 2394/2394/2394
f 2391/2391/2391 2396/2396/2396 2392/2392/2392
f 2392/2392/2392 2396/2396/2396 2397/2397/2397
f 2398/2398/2398 2392/2392/2392 2397/2397/2397
f 2393/2393/2393 2392/2392/2392 2398/2398/2398
f 2399/2399/2399 2393/2393/2393 2398/2398/2398
f 2394/2394/2394 2393/2393/2393 2399/2399/2399
f 2399/2399/2399 2395/2395/2395 2394/2394/2394
f 2400/2400/2400 2395/2395/2395 2399/2399/2399
f 2396/2396/2396 2401/2401/2401 2397/2397/2397
f 2397/2397/2397 2401/2401/2401 2402/2402/2402
f 2403/2403/2403 2397/2397/2397 2402/2402/2402
f 2398/2398/2398 2397/2397/2397 2403/2403/2403
f 2404/2404/2404 2398/2398/2398 2403/2403/2403
f 2399/2399/2399 2398/2398/2398 2404/2404/2404
f 2404/2404/2404 2400/2400/2400 2399/2399/2399
f 2405/2405/2405 2400/2400/2400 2404/2404/2404
f 2288/2288/2288 2405/2405/2405 2404/2404/2404
f 2403/2403/2403 2288/2288/2288 2404/2404/2404
f 2289/2289/2289 2405/2405/2405 2288/2288/2288
f 2286/2286/2286 2288/2288/2288 2403/2403/2403
f 2402/2402/2402 2286/2286/2286 2403/2403/2403
f 2281/2281/2281 2286/2286/2286 2402/2402/2402
f 2402/2402/2402 2283/2283/2283 2281/2281/2281
f 2401/2401/2401 2283/2283/2283 2402/2402/2402
f 2407/2407/2407 2406/2406/2406 2408/2408/2408
f 2409/2409/2409 2406/2406/2406 2407/2407/2407
f 2411/2411/2411 2410/2410/2410 2412/2412/2412
f 2410/2410/2410 2413/2413/2413 2412/2412/2412
f 2413/2413/2413 2414/2414/2414 2412/2412/2412
f 2412/2412/2412 2414/2414/2414 2415/2415/2415
f 2414/2414/2414 2416/2416/2416 2415/2415/2415
f 2416/2416/2416 2417/2417/2417 2415/2415/2415
f 2417/2417/2417 2418/2418/2418 2415/2415/2415
f 2418/2418/2418 2419/2419/2419 2415/2415/2415
f 2415/2415/2415 2419/2419/2419 2420/2420/2420
f 2419/2419/2419 2421/2421/2421 2420/2420/2420
f 2421/2421/2421 2422/2422/2422 2420/2420/2420
f 2422/2422/2422 2423/2423/2423 2420/2420/2420
f 2423/2423/2423 2424/2424/2424 2420/2420/2420
f 2420/2420/2420 2424/2424/2424 2425/2425/2425
f 2424/2424/2424 2426/2426/2426 2425/2425/2425
f 2426/2426/2426 2427/2427/2427 2425/2425/2425
f 2427/2427/2427 2428/2428/2428 2425/2425/2425
f 2428/2428/2428 2429/2429/2429 2425/2425/2425
f 2425/2425/2425 2429/2429/2429 2412/2412/2412
f 2429/2429/2429 2411/2411/2411 2412/2412/2412
f 2431/2431/2431 2430/2430/2430 2432/2432/2432
f 2433/2433/2433 2430/2430/2430 2431/2431/2431
f 2434/2434/2434 2430/2430/2430 2433/2433/2433
f 2435/2435/2435 2430/2430/2430 2434/2434/2434
f 2436/2436/2436 2430/2430/2430 2435/2435/2435
f 2437/2437/2437 2430/2430/2430 2436/2436/2436
f 2438/2438/2438 2430/2430/2430 2437/2437/2437
f 2439/2439/2439 2430/2430/2430 2438/2438/2438
f 2440/2440/2440 2430/2430/2430 2439/2439/2439
f 2441/2441/2441 2430/2430/2430 2440/2440/2440
f 2442/2442/2442 2430/2430/2430 2441/2441/2441
f 2443/2443/2443 2430/2430/2430 2442/2442/2442
f 2444/2444/2444 2430/2430/2430 2443/2443/2443
f 2445/2445/2445 2430/2430/2430 2444/2444/2444
f 2446/2446/2446 2430/2430/2430 2445/2445/2445
f 2432/2432/2432 2430/2430/2430 2446/2446/2446
f 2446/2446/2446 2447/2447/2447 2432/2432/2432
f 2448/2448/2448 2447/2447/2447 2446/2446/2446
f 2445/2445/2445 2448/2448/2448 2446/2446/2446
f 2449/2449/2449 2448/2448/2448 2445/2445/2445
f 2444/2444/2444 2449/2449/2449 2445/2445/2445
f 2450/2450/2450 2449/2449/2449 2444/2444/2444
f 2443/2443/2443 2450/2450/2450 2444/2444/2444
f 2451/2451/2451 2450/2450/2450 2443/2443/2443
f 2442/2442/2442 2451/2451/2451 2443/2443/2443
f 2452/2452/2452 2451/2451/2451 2442/2442/2442
f 2441/2441/2441 2452/2452/2452 2442/2442/2442
f 2453/2453/2453 2452/2452/2452 2441/2441/2441
f 2440/2440/2440 2453/2453/2453 2441/2441/2441
f 2454/2454/2454 2453/2453/2453 2440/2440/2440
f 2439/2439/2439 2454/2454/2454 2440/2440/2440
f 2455/2455/2455 2454/2454/2454 2439/2439/2439
f 2438/2438/2438 2455/2455/2455 2439/2439/2439
f 2456/2456/2456 2455/2455/2455 2438/2438/2438
f 2437/2437/2437 2456/2456/2456 2438/2438/2438
f 2457/2457/2457 2456/2456/2456 2437/2437/2437
f 2436/2436/2436 2457/2457/2457 2437/2437/2437
f 2458/2458/2458 2457/2457/2457 2436/2436/2436
f 2435/2435/2435 2458/2458/2458 2436/2436/2436
f 2459/2459/2459 2458/2458/2458 2435/2435/2435
f 2434/2434/2434 2459/2459/2459 2435/2435/2435
f 2460/2460/2460 2459/2459/2459 2434/2434/2434
f 2433/2433/2433 2460/2460/2460 2434/2434/2434
f 2461/2461/2461 2460/2460/2460 2433/2433/2433
f 2431/2431/2431 2461/2461/2461 2433/2433/2433
f 2462/2462/2462 2461/2461/2461 2431/2431/2431
f 2432/2432/2432 2462/2462/2462 2431/2431/2431
f 2447/2447/2447 2462/2462/2462 2432/2432/2432
f 2464/2464/2464 2463/2463/2463 2465/2465/2465
f 2466/2466/2466 2463/2463/2463 2464/2464/2464
f 2468/2468/2468 2467/2467/2467 2465/2465/2465
f 2469/2469/2469 2467/2467/2467 2468/2468/2468
f 2468/2468/2468 2470/2470/2470 2471/2471/2471
f 2472/2472/2472 2470/2470/2470 2468/2468/2468
f 2466/2466/2466 2473/2473/2473 2474/2474/2474
f 2474/2474/2474 2473/2473/2473 2475/2475/2475
f 2476/2476/2476 2470/2470/2470 2477/2477/2477
f 2478/2478/2478 2470/2470/2470 2476/2476/2476
f 2480/2480/2480 2479/2479/2479 2481/2481/2481
f 2482/2482/2482 2479/2479/2479 2480/2480/2480
f 2480/2480/2480 2483/2483/2483 2484/2484/2484
f 2485/2485/2485 2483/2483/2483 2480/2480/2480
f 2487/2487/2487 2486/2486/2486 2484/2484/2484
f 2488/2488/2488 2486/2486/2486 2487/2487/2487
f 2489/2489/2489 2479/2479/2479 2490/2490/2490
f 2491/2491/2491 2479/2479/2479 2489/2489/2489
f 2492/2492/2492 2486/2486/2486 2493/2493/2493
f 2494/2494/2494 2486/2486/2486 2492/2492/2492
f 2496/2496/2496 2495/2495/2495 2497/2497/2497
f 2498/2498/2498 2495/2495/2495 2496/2496/2496
f 2499/2499/2499 2495/2495/2495 2500/2500/2500
f 2501/2501/2501 2495/2495/2495 2499/2499/2499
f 2503/2503/2503 2502/2502/2502 2504/2504/2504
f 2505/2505/2505 2502/2502/2502 2503/2503/2503
f 2506/2506/2506 2502/2502/2502 2507/2507/2507
f 2508/2508/2508 2502/2502/2502 2506/2506/2506
f 2510/2510/2510 2509/2509/2509 2511/2511/2511
f 2512/2512/2512 2509/2509/2509 2510/2510/2510
f 2513/2513/2513 2509/2509/2509 2514/2514/2514
f 2515/2515/2515 2509/2509/2509 2513/2513/2513
f 2517/2517/2517 2516/2516/2516 2518/2518/2518
f 2519/2519/2519 2516/2516/2516 2517/2517/2517
f 2520/2520/2520 2516/2516/2516 2521/2521/2521
f 2522/2522/2522 2516/2516/2516 2520/2520/2520
f 2524/2524/2524 2523/2523/2523 2525/2525/2525
f 2526/2526/2526 2523/2523/2523 2524/2524/2524
f 2527/2527/2527 2523/2523/2523 2528/2528/2528
f 2529/2529/2529 2523/2523/2523 2527/2527/2527
f 2531/2531/2531 2530/2530/2530 2532/2532/2532
f 2533/2533/2533 2530/2530/2530 2531/2531/2531
f 2534/2534/2534 2530/2530/2530 2535/2535/2535
f 2536/2536/2536 2530/2530/2530 2534/2534/2534
f 2538/2538/2538 2537/2537/2537 2539/2539/2539
f 2540/2540/2540 2537/2537/2537 2538/2538/2538
f 2541/2541/2541 2537/2537/2537 2542/2542/2542
f 2543/2543/2543 2537/2537/2537 2541/2541/2541
f 2545/2545/2545 2544/2544/2544 2546/2546/2546
f 2547/2547/2547 2544/2544/2544 2545/2545/2545
f 2548/2548/2548 2544/2544/2544 2549/2549/2549
f 2550/2550/2550 2544/2544/2544 2548/2548/2548
f 2552/2552/2552 2551/2551/2551 2553/2553/2553
f 2554/2554/2554 2551/2551/2551 2552/2552/2552
f 2555/2555/2555 2551/2551/2551 2556/2556/2556
f 2557/2557/2557 2551/2551/2551 2555/2555/2555
f 2559/2559/2559 2558/2558/2558 2560/2560/2560
f 2561/2561/2561 2558/2558/2558 2559/2559/2559
f 2562/2562/2562 2558/2558/2558 2563/2563/2563
f 2564/2564/2564 2558/2558/2558 2562/2562/2562
f 2566/2566/2566 2565/2565/2565 2567/2567/2567
f 2568/2568/2568 2565/2565/2565 2566/2566/2566
f 2569/2569/2569 2565/2565/2565 2570/2570/2570
f 2571/2571/2571 2565/2565/2565 2569/2569/2569
f 2573/2573/2573 2572/2572/2572 2574/2574/2574
f 2575/2575/2575 2572/2572/2572 2573/2573/2573
f 2576/2576/2576 2572/2572/2572 2577/2577/2577
f 2578/2578/2578 2572/2572/2572 2576/2576/2576
f 2580/2580/2580 2579/2579/2579 2581/2581/2581
f 2582/2582/2582 2579/2579/2579 2580/2580/2580
f 2581/2581/2581 2579/2579/2579 2583/2583/2583
f 2583/2583/2583 2579/2579/2579 2584/2584/2584
f 2584/2584/2584 2585/2585/2585 2583/2583/2583
f 2586/2586/2586 2585/2585/2585 2584/2584/2584
f 2586/2586/2586 2587/2587/2587 2585/2585/2585
f 2588/2588/2588 2587/2587/2587 2586/2586/2586
f 2588/2588/2588 2589/2589/2589 2587/2587/2587
f 2590/2590/2590 2589/2589/2589 2588/2588/2588
f 2590/2590/2590 2591/2591/2591 2589/2589/2589
f 2592/2592/2592 2591/2591/2591 2590/2590/2590
f 2592/2592/2592 2593/2593/2593 2591/2591/2591
f 2594/2594/2594 2593/2593/2593 2592/2592/2592
f 2594/2594/2594 2595/2595/2595 2593/2593/2593
f 2596/2596/2596 2595/2595/2595 2594/2594/2594
f 2596/2596/2596 2597/2597/2597 2595/2595/2595
f 2598/2598/2598 2597/2597/2597 2596/2596/2596
f 2598/2598/2598 2599/2599/2599 2597/2597/2597
f 2600/2600/2600 2599/2599/2599 2598/2598/2598
f 2600/2600/2600 2601/2601/2601 2599/2599/2599
f 2602/2602/2602 2601/2601/2601 2600/2600/2600
f 2602/2602/2602 2603/2603/2603 2601/2601/2601
f 2604/2604/2604 2603/2603/2603 2602/2602/2602
f 2604/2604/2604 2605/2605/2605 2603/2603/2603
f 2606/2606/2606 2605/2605/2605 2604/2604/2604
f 2606/2606/2606 2607/2607/2607 2605/2605/2605
f 2608/2608/2608 2607/2607/2607 2606/2606/2606
f 2608/2608/2608 2609/2609/2609 2607/2607/2607
f 2610/2610/2610 2609/2609/2609 2608/2608/2608
f 2610/2610/2610 2611/2611/2611 2609/2609/2609
f 2612/2612/2612 2611/2611/2611 2610/2610/2610
f 2612/2612/2612 2613/2613/2613 2611/2611/2611
f 2614/2614/2614 2613/2613/2613 2612/2612/2612
f 2614/2614/2614 2615/2615/2615 2613/2613/2613
f 2616/2616/2616 2615/2615/2615 2614/2614/2614
f 2616/2616/2616 2617/2617/2617 2615/2615/2615
f 2618/2618/2618 2617/2617/2617 2616/2616/2616
f 2618/2618/2618 2619/2619/2619 2617/2617/2617
f 2620/2620/2620 2619/2619/2619 2618/2618/2618
f 2620/2620/2620 2621/2621/2621 2619/2619/2619
f 2622/2622/2622 2621/2621/2621 2620/2620/2620
f 2622/2622/2622 2623/2623/2623 2621/2621/2621
f 2624/2624/2624 2623/2623/2623 2622/2622/2622
f 2624/2624/2624 2625/2625/2625 2623/2623/2623
f 2626/2626/2626 2625/2625/2625 2624/2624/2624
f 2582/2582/2582 2625/2625/2625 2626/2626/2626
f 2580/2580/2580 2625/2625/2625 2582/2582/2582
f 2580/2580/2580 2627/2627/2627 2625/2625/2625
f 2625/2625/2625 2627/2627/2627 2623/2623/2623
f 2628/2628/2628 2627/2627/2627 2580/2580/2580
f 2627/2627/2627 2628/2628/2628 2629/2629/2629
f 2627/2627/2627 2629/2629/2629 2630/2630/2630
f 2623/2623/2623 2627/2627/2627 2630/2630/2630
f 2623/2623/2623 2630/2630/2630 2621/2621/2621
f 2630/2630/2630 2629/2629/2629 2631/2631/2631
f 2631/2631/2631 2632/2632/2632 2630/2630/2630
f 2621/2621/2621 2630/2630/2630 2632/2632/2632
f 2621/2621/2621 2632/2632/2632 2619/2619/2619
f 2633/2633/2633 2632/2632/2632 2631/2631/2631
f 2633/2633/2633 2634/2634/2634 2632/2632/2632
f 2635/2635/2635 2634/2634/2634 2633/2633/2633
f 2635/2635/2635 2636/2636/2636 2634/2634/2634
f 2637/2637/2637 2636/2636/2636 2635/2635/2635
f 2637/2637/2637 2638/2638/2638 2636/2636/2636
f 2639/2639/2639 2638/2638/2638 2637/2637/2637
f 2639/2639/2639 2640/2640/2640 2638/2638/2638
f 2641/2641/2641 2640/2640/2640 2639/2639/2639
f 2641/2641/2641 2642/2642/2642 2640/2640/2640
f 2643/2643/2643 2642/2642/2642 2641/2641/2641
f 2643/2643/2643 2644/2644/2644 2642/2642/2642
f 2645/2645/2645 2644/2644/2644 2643/2643/2643
f 2645/2645/2645 2646/2646/2646 2644/2644/2644
f 2647/2647/2647 2646/2646/2646 2645/2645/2645
f 2647/2647/2647 2648/2648/2648 2646/2646/2646
f 2649/2649/2649 2648/2648/2648 2647/2647/2647
f 2649/2649/2649 2650/2650/2650 2648/2648/2648
f 2651/2651/2651 2650/2650/2650 2649/2649/2649
f 2651/2651/2651 2652/2652/2652 2650/2650/2650
f 2653/2653/2653 2652/2652/2652 2651/2651/2651
f 2653/2653/2653 2654/2654/2654 2652/2652/2652
f 2655/2655/2655 2654/2654/2654 2653/2653/2653
f 2655/2655/2655 2656/2656/2656 2654/2654/2654
f 2657/2657/2657 2656/2656/2656 2655/2655/2655
f 2657/2657/2657 2658/2658/2658 2656/2656/2656
f 2659/2659/2659 2658/2658/2658 2657/2657/2657
f 2659/2659/2659 2660/2660/2660 2658/2658/2658
f 2661/2661/2661 2660/2660/2660 2659/2659/2659
f 2661/2661/2661 2662/2662/2662 2660/2660/2660
f 2663/2663/2663 2662/2662/2662 2661/2661/2661
f 2663/2663/2663 2664/2664/2664 2662/2662/2662
f 2665/2665/2665 2664/2664/2664 2663/2663/2663
f 2665/2665/2665 2666/2666/2666 2664/2664/2664
f 2667/2667/2667 2666/2666/2666 2665/2665/2665
f 2667/2667/2667 2668/2668/2668 2666/2666/2666
f 2669/2669/2669 2668/2668/2668 2667/2667/2667
f 2669/2669/2669 2670/2670/2670 2668/2668/2668
f 2671/2671/2671 2670/2670/2670 2669/2669/2669
f 2671/2671/2671 2672/2672/2672 2670/2670/2670
f 2673/2673/2673 2672/2672/2672 2671/2671/2671
f 2674/2674/2674 2672/2672/2672 2673/2673/2673
f 2628/2628/2628 2672/2672/2672 2674/2674/2674
f 2629/2629/2629 2628/2628/2628 2674/2674/2674
f 2589/2589/2589 2662/2662/2662 2664/2664/2664
f 2591/2591/2591 2662/2662/2662 2589/2589/2589
f 2587/2587/2587 2664/2664/2664 2666/2666/2666
f 2589/2589/2589 2664/2664/2664 2587/2587/2587
f 2585/2585/2585 2666/2666/2666 2668/2668/2668
f 2587/2587/2587 2666/2666/2666 2585/2585/2585
f 2583/2583/2583 2668/2668/2668 2670/2670/2670
f 2585/2585/2585 2668/2668/2668 2583/2583/2583
f 2581/2581/2581 2670/2670/2670 2672/2672/2672
f 2583/2583/2583 2670/2670/2670 2581/2581/2581
f 2672/2672/2672 2628/2628/2628 2581/2581/2581
f 2581/2581/2581 2628/2628/2628 2580/2580/2580
f 2591/2591/2591 2660/2660/2660 2662/2662/2662
f 2593/2593/2593 2660/2660/2660 2591/2591/2591
f 2593/2593/2593 2658/2658/2658 2660/2660/2660
f 2595/2595/2595 2658/2658/2658 2593/2593/2593
f 2595/2595/2595 2656/2656/2656 2658/2658/2658
f 2597/2597/2597 2656/2656/2656 2595/2595/2595
f 2597/2597/2597 2654/2654/2654 2656/2656/2656
f 2599/2599/2599 2654/2654/2654 2597/2597/2597
f 2599/2599/2599 2652/2652/2652 2654/2654/2654
f 2601/2601/2601 2652/2652/2652 2599/2599/2599
f 2601/2601/2601 2650/2650/2650 2652/2652/2652
f 2603/2603/2603 2650/2650/2650 2601/2601/2601
f 2603/2603/2603 2648/2648/2648 2650/2650/2650
f 2605/2605/2605 2648/2648/2648 2603/2603/2603
f 2605/2605/2605 2646/2646/2646 2648/2648/2648
f 2607/2607/2607 2646/2646/2646 2605/2605/2605
f 2607/2607/2607 2644/2644/2644 2646/2646/2646
f 2609/2609/2609 2644/2644/2644 2607/2607/2607
f 2609/2609/2609 2642/2642/2642 2644/2644/2644
f 2611/2611/2611 2642/2642/2642 2609/2609/2609
f 2611/2611/2611 2640/2640/2640 2642/2642/2642
f 2613/2613/2613 2640/2640/2640 2611/2611/2611
f 2613/2613/2613 2638/2638/2638 2640/2640/2640
f 2615/2615/2615 2638/2638/2638 2613/2613/2613
f 2615/2615/2615 2636/2636/2636 2638/2638/2638
f 2617/2617/2617 2636/2636/2636 2615/2615/2615
f 2617/2617/2617 2634/2634/2634 2636/2636/2636
f 2619/2619/2619 2634/2634/2634 2617/2617/2617
f 2619/2619/2619 2632/2632/2632 2634/2634/2634
f 2676/2676/2676 2675/2675/2675 2677/2677/2677
f 2678/2678/2678 2675/2675/2675 2676/2676/2676
f 2676/2676/2676 2679/2679/2679 2678/2678/2678
f 2680/2680/2680 2679/2679/2679 2676/2676/2676
f 2680/2680/2680 2681/2681/2681 2679/2679/2679
f 2682/2682/2682 2681/2681/2681 2680/2680/2680
f 2682/2682/2682 2683/2683/2683 2681/2681/2681
f 2681/2681/2681 2683/2683/2683 2684/2684/2684
f 2682/2682/2682 2685/2685/2685 2683/2683/2683
f 2686/2686/2686 2685/2685/2685 2682/2682/2682
f 2682/2682/2682 2687/2687/2687 2686/2686/2686
f 2680/2680/2680 2687/2687/2687 2682/2682/2682
f 2680/2680/2680 2688/2688/2688 2687/2687/2687
f 2676/2676/2676 2688/2688/2688 2680/2680/2680
f 2676/2676/2676 2677/2677/2677 2688/2688/2688
f 2688/2688/2688 2677/2677/2677 2689/2689/2689
f 2686/2686/2686 2690/2690/2690 2685/2685/2685
f 2691/2691/2691 2690/2690/2690 2686/2686/2686
f 2686/2686/2686 2692/2692/2692 2691/2691/2691
f 2687/2687/2687 2692/2692/2692 2686/2686/2686
f 2687/2687/2687 2693/2693/2693 2692/2692/2692
f 2688/2688/2688 2693/2693/2693 2687/2687/2687
f 2688/2688/2688 2689/2689/2689 2693/2693/2693
f 2693/2693/2693 2689/2689/2689 2694/2694/2694
f 2691/2691/2691 2695/2695/2695 2690/2690/2690
f 2696/2696/2696 2695/2695/2695 2691/2691/2691
f 2691/2691/2691 2697/2697/2697 2696/2696/2696
f 2692/2692/2692 2697/2697/2697 2691/2691/2691
f 2692/2692/2692 2698/2698/2698 2697/2697/2697
f 2693/2693/2693 2698/2698/2698 2692/2692/2692
f 2693/2693/2693 2694/2694/2694 2698/2698/2698
f 2698/2698/2698 2694/2694/2694 2699/2699/2699
f 2696/2696/2696 2700/2700/2700 2695/2695/2695
f 2701/2701/2701 2700/2700/2700 2696/2696/2696
f 2696/2696/2696 2702/2702/2702 2701/2701/2701
f 2697/2697/2697 2702/2702/2702 2696/2696/2696
f 2697/2697/2697 2703/2703/2703 2702/2702/2702
f 2698/2698/2698 2703/2703/2703 2697/2697/2697
f 2698/2698/2698 2699/2699/2699 2703/2703/2703
f 2703/2703/2703 2699/2699/2699 2704/2704/2704
f 2701/2701/2701 2705/2705/2705 2700/2700/2700
f 2706/2706/2706 2705/2705/2705 2701/2701/2701
f 2701/2701/2701 2707/2707/2707 2706/2706/2706
f 2702/2702/2702 2707/2707/2707 2701/2701/2701
f 2702/2702/2702 2708/2708/2708 2707/2707/2707
f 2703/2703/2703 2708/2708/2708 2702/2702/2702
f 2703/2703/2703 2704/2704/2704 2708/2708/2708
f 2708/2708/2708 2704/2704/2704 2709/2709/2709
f 2706/2706/2706 2710/2710/2710 2705/2705/2705
f 2711/2711/2711 2710/2710/2710 2706/2706/2706
f 2706/2706/2706 2712/2712/2712 2711/2711/2711
f 2707/2707/2707 2712/2712/2712 2706/2706/2706
f 2707/2707/2707 2713/2713/2713 2712/2712/2712
f 2708/2708/2708 2713/2713/2713 2707/2707/2707
f 2708/2708/2708 2709/2709/2709 2713/2713/2713
f 2713/2713/2713 2709/2709/2709 2714/2714/2714
f 2711/2711/2711 2715/2715/2715 2710/2710/2710
f 2716/2716/2716 2715/2715/2715 2711/2711/2711
f 2711/2711/2711 2717/2717/2717 2716/2716/2716
f 2712/2712/2712 2717/2717/2717 2711/2711/2711
f 2712/2712/2712 2718/2718/2718 2717/2717/2717
f 2713/2713/2713 2718/2718/2718 2712/2712/2712
f 2713/2713/2713 2714/2714/2714 2718/2718/2718
f 2718/2718/2718 2714/2714/2714 2719/2719/2719
f 2716/2716/2716 2720/2720/2720 2715/2715/2715
f 2721/2721/2721 2720/2720/2720 2716/2716/2716
f 2716/2716/2716 2722/2722/2722 2721/2721/2721
f 2717/2717/2717 2722/2722/2722 2716/2716/2716
f 2717/2717/2717 2723/2723/2723 2722/2722/2722
f 2718/2718/2718 2723/2723/2723 2717/2717/2717
f 2718/2718/2718 2719/2719/2719 2723/2723/2723
f 2723/2723/2723 2719/2719/2719 2724/2724/2724
f 2721/2721/2721 2725/2725/2725 2720/2720/2720
f 2726/2726/2726 2725/2725/2725 2721/2721/2721
f 2721/2721/2721 2727/2727/2727 2726/2726/2726
f 2722/2722/2722 2727/2727/2727 2721/2721/2721
f 2722/2722/2722 2728/2728/2728 2727/2727/2727
f 2723/2723/2723 2728/2728/2728 2722/2722/2722
f 2723/2723/2723 2724/2724/2724 2728/2728/2728
f 2728/2728/2728 2724/2724/2724 2729/2729/2729
f 2726/2726/2726 2730/2730/2730 2725/2725/2725
f 2731/2731/2731 2730/2730/2730 2726/2726/2726
f 2726/2726/2726 2732/2732/2732 2731/2731/2731
f 2727/2727/2727 2732/2732/2732 2726/2726/2726
f 2727/2727/2727 2733/2733/2733 2732/2732/2732
f 2728/2728/2728 2733/2733/2733 2727/2727/2727
f 2728/2728/2728 2729/2729/2729 2733/2733/2733
f 2733/2733/2733 2729/2729/2729 2734/2734/2734
f 2731/2731/2731 2735/2735/2735 2730/2730/2730
f 2736/2736/2736 2735/2735/2735 2731/2731/2731
f 2731/2731/2731 2737/2737/2737 2736/2736/2736
f 2732/2732/2732 2737/2737/2737 2731/2731/2731
f 2732/2732/2732 2738/2738/2738 2737/2737/2737
f 2733/2733/2733 2738/2738/2738 2732/2732/2732
f 2733/2733/2733 2734/2734/2734 2738/2738/2738
f 2738/2738/2738 2734/2734/2734 2739/2739/2739
f 2736/2736/2736 2740/2740/2740 2735/2735/2735
f 2741/2741/2741 2740/2740/2740 2736/2736/2736
f 2736/2736/2736 2742/2742/2742 2741/2741/2741
f 2737/2737/2737 2742/2742/2742 2736/2736/2736
f 2737/2737/2737 2743/2743/2743 2742/2742/2742
f 2738/2738/2738 2743/2743/2743 2737/2737/2737
f 2738/2738/2738 2739/2739/2739 2743/2743/2743
f 2743/2743/2743 2739/2739/2739 2744/2744/2744
f 2741/2741/2741 2745/2745/2745 2740/2740/2740
f 2746/2746/2746 2745/2745/2745 2741/2741/2741
f 2741/2741/2741 2747/2747/2747 2746/2746/2746
f 2742/2742/2742 2747/2747/2747 2741/2741/2741
f 2742/2742/2742 2748/2748/2748 2747/2747/2747
f 2743/2743/2743 2748/2748/2748 2742/2742/2742
f 2743/2743/2743 2744/2744/2744 2748/2748/2748
f 2748/2748/2748 2744/2744/2744 2749/2749/2749
f 2746/2746/2746 2750/2750/2750 2745/2745/2745
f 2751/2751/2751 2750/2750/2750 2746/2746/2746
f 2746/2746/2746 2752/2752/2752 2751/2751/2751
f 2747/2747/2747 2752/2752/2752 2746/2746/2746
f 2747/2747/2747 2753/2753/2753 2752/2752/2752
f 2748/2748/2748 2753/2753/2753 2747/2747/2747
f 2748/2748/2748 2749/2749/2749 2753/2753/2753
f 2753/2753/2753 2749/2749/2749 2754/2754/2754
f 2751/2751/2751 2755/2755/2755 2750/2750/2750
f 2756/2756/2756 2755/2755/2755 2751/2751/2751
f 2751/2751/2751 2757/2757/2757 2756/2756/2756
f 2752/2752/2752 2757/2757/2757 2751/2751/2751
f 2752/2752/2752 2758/2758/2758 2757/2757/2757
f 2753/2753/2753 2758/2758/2758 2752/2752/2752
f 2753/2753/2753 2754/2754/2754 2758/2758/2758
f 2758/2758/2758 2754/2754/2754 2759/2759/2759
f 2756/2756/2756 2760/2760/2760 2755/2755/2755
f 2761/2761/2761 2760/2760/2760 2756/2756/2756
f 2756/2756/2756 2762/2762/2762 2761/2761/2761
f 2757/2757/2757 2762/2762/2762 2756/2756/2756
f 2757/2757/2757 2763/2763/2763 2762/2762/2762
f 2758/2758/2758 2763/2763/2763 2757/2757/2757
f 2758/2758/2758 2759/2759/2759 2763/2763/2763
f 2763/2763/2763 2759/2759/2759 2764/2764/2764
f 2761/2761/2761 2765/2765/2765 2760/2760/2760
f 2766/2766/2766 2765/2765/2765 2761/2761/2761
f 2761/2761/2761 2767/2767/2767 2766/2766/2766
f 2762/2762/2762 2767/2767/2767 2761/2761/2761
f 2762/2762/2762 2768/2768/2768 2767/2767/2767
f 2763/2763/2763 2768/2768/2768 2762/2762/2762
f 2763/2763/2763 2764/2764/2764 2768/2768/2768
f 2768/2768/2768 2764/2764/2764 2769/2769/2769
f 2766/2766/2766 2770/2770/2770 2765/2765/2765
f 2771/2771/2771 2770/2770/2770 2766/2766/2766
f 2766/2766/2766 2772/2772/2772 2771/2771/2771
f 2767/2767/2767 2772/2772/2772 2766/2766/2766
f 2767/2767/2767 2773/2773/2773 2772/2772/2772
f 2768/2768/2768 2773/2773/2773 2767/2767/2767
f 2768/2768/2768 2769/2769/2769 2773/2773/2773
f 2773/2773/2773 2769/2769/2769 2774/2774/2774
f 2771/2771/2771 2775/2775/2775 2770/2770/2770
f 2776/2776/2776 2775/2775/2775 2771/2771/2771
f 2771/2771/2771 2777/2777/2777 2776/2776/2776
f 2772/2772/2772 2777/2777/2777 2771/2771/2771
f 2772/2772/2772 2778/2778/2778 2777/2777/2777
f 2773/2773/2773 2778/2778/2778 2772/2772/2772
f 2773/2773/2773 2774/2774/2774 2778/2778/2778
f 2778/2778/2778 2774/2774/2774 2779/2779/2779
f 2776/2776/2776 2780/2780/2780 2775/2775/2775
f 2781/2781/2781 2780/2780/2780 2776/2776/2776
f 2776/2776/2776 2782/2782/2782 2781/2781/2781
f 2777/2777/2777 2782/2782/2782 2776/2776/2776
f 2777/2777/2777 2783/2783/2783 2782/2782/2782
f 2778/2778/2778 2783/2783/2783 2777/2777/2777
f 2778/2778/2778 2779/2779/2779 2783/2783/2783
f 2783/2783/2783 2779/2779/2779 2784/2784/2784
f 2781/2781/2781 2785/2785/2785 2780/2780/2780
f 2786/2786/2786 2785/2785/2785 2781/2781/2781
f 2781/2781/2781 2787/2787/2787 2786/2786/2786
f 2782/2782/2782 2787/2787/2787 2781/2781/2781
f 2782/2782/2782 2788/2788/2788 2787/2787/2787
f 2783/2783/2783 2788/2788/2788 2782/2782/2782
f 2783/2783/2783 2784/2784/2784 2788/2788/2788
f 2788/2788/2788 2784/2784/2784 2789/2789/2789
f 2786/2786/2786 2790/2790/2790 2785/2785/2785
f 2791/2791/2791 2790/2790/2790 2786/2786/2786
f 2786/2786/2786 2792/2792/2792 2791/2791/2791
f 2787/2787/2787 2792/2792/2792 2786/2786/2786
f 2787/2787/2787 2793/2793/2793 2792/2792/2792
f 2788/2788/2788 2793/2793/2793 2787/2787/2787
f 2789/2789/2789 2793/2793/2793 2788/2788/2788
f 2794/2794/2794 2793/2793/2793 2789/2789/2789
f 2791/2791/2791 2684/2684/2684 2790/2790/2790
f 2681/2681/2681 2684/2684/2684 2791/2791/2791
f 2791/2791/2791 2679/2679/2679 2681/2681/2681
f 2792/2792/2792 2679/2679/2679 2791/2791/2791
f 2792/2792/2792 2678/2678/2678 2679/2679/2679
f 2793/2793/2793 2678/2678/2678 2792/2792/2792
f 2794/2794/2794 2678/2678/2678 2793/2793/2793
f 2675/2675/2675 2678/2678/2678 2794/2794/2794
f 2796/2796/2796 2795/2795/2795 2797/2797/2797
f 2798/2798/2798 2795/2795/2795 2796/2796/2796
f 2799/2799/2799 2795/2795/2795 2800/2800/2800
f 2801/2801/2801 2795/2795/2795 2799/2799/2799
f 2803/2803/2803 2802/2802/2802 2804/2804/2804
f 2805/2805/2805 2802/2802/2802 2803/2803/2803
f 2806/2806/2806 2802/2802/2802 2807/2807/2807
f 2808/2808/2808 2802/2802/2802 2806/2806/2806
f 2810/2810/2810 2809/2809/2809 2811/2811/2811
f 2812/2812/2812 2809/2809/2809 2810/2810/2810
f 2813/2813/2813 2809/2809/2809 2814/2814/2814
f 2815/2815/2815 2809/2809/2809 2813/2813/2813
f 2817/2817/2817 2816/2816/2816 2818/2818/2818
f 2819/2819/2819 2816/2816/2816 2817/2817/2817
f 2820/2820/2820 2816/2816/2816 2821/2821/2821
f 2822/2822/2822 2816/2816/2816 2820/2820/2820
f 2824/2824/2824 2823/2823/2823 2825/2825/2825
f 2826/2826/2826 2823/2823/2823 2824/2824/2824
f 2827/2827/2827 2823/2823/2823 2828/2828/2828
f 2829/2829/2829 2823/2823/2823 2827/2827/2827
f 2831/2831/2831 2830/2830/2830 2832/2832/2832
f 2833/2833/2833 2830/2830/2830 2831/2831/2831
f 2834/2834/2834 2830/2830/2830 2835/2835/2835
f 2836/2836/2836 2830/2830/2830 2834/2834/2834
f 2838/2838/2838 2837/2837/2837 2839/2839/2839
f 2840/2840/2840 2837/2837/2837 2838/2838/2838
f 2841/2841/2841 2837/2837/2837 2842/2842/2842
f 2843/2843/2843 2837/2837/2837 2841/2841/2841
f 2845/2845/2845 2844/2844/2844 2846/2846/2846
f 2847/2847/2847 2844/2844/2844 2845/2845/2845
f 2848/2848/2848 2844/2844/2844 2849/2849/2849
f 2850/2850/2850 2844/2844/2844 2848/2848/2848
f 2852/2852/2852 2851/2851/2851 2853/2853/2853
f 2854/2854/2854 2851/2851/2851 2852/2852/2852
f 2855/2855/2855 2851/2851/2851 2856/2856/2856
f 2857/2857/2857 2851/2851/2851 2855/2855/2855
f 2859/2859/2859 2858/2858/2858 2860/2860/2860
f 2861/2861/2861 2858/2858/2858 2859/2859/2859
f 2862/2862/2862 2858/2858/2858 2863/2863/2863
f 2864/2864/2864 2858/2858/2858 2862/2862/2862
f 2866/2866/2866 2865/2865/2865 2867/2867/2867
f 2868/2868/2868 2865/2865/2865 2866/2866/2866
f 2869/2869/2869 2865/2865/2865 2870/2870/2870
f 2871/2871/2871 2865/2865/2865 2869/2869/2869
f 2873/2873/2873 2872/2872/2872 2874/2874/2874
f 2875/2875/2875 2872/2872/2872 2873/2873/2873
f 2876/2876/2876 2872/2872/2872 2877/2877/2877
f 2878/2878/2878 2872/2872/2872 2876/2876/2876
f 2880/2880/2880 2879/2879/2879 2881/2881/2881
f 2882/2882/2882 2879/2879/2879 2880/2880/2880
f 2883/2883/2883 2879/2879/2879 2884/2884/2884
f 2885/2885/2885 2879/2879/2879 2883/2883/2883
f 2887/2887/2887 2886/2886/2886 2888/2888/2888
f 2889/2889/2889 2886/2886/2886 2887/2887/2887
f 2890/2890/2890 2886/2886/2886 2891/2891/2891
f 2892/2892/2892 2886/2886/2886 2890/2890/2890
f 2894/2894/2894 2893/2893/2893 2895/2895/2895
f 2896/2896/2896 2893/2893/2893 2894/2894/2894
f 2897/2897/2897 2893/2893/2893 2898/2898/2898
f 2899/2899/2899 2893/2893/2893 2897/2897/2897
f 2901/2901/2901 2900/2900/2900 2902/2902/2902
f 2903/2903/2903 2900/2900/2900 2901/2901/2901
f 2904/2904/2904 2900/2900/2900 2905/2905/2905
f 2906/2906/2906 2900/2900/2900 2904/2904/2904
f 2908/2908/2908 2907/2907/2907 2909/2909/2909
f 2910/2910/2910 2907/2907/2907 2908/2908/2908
f 2911/2911/2911 2907/2907/2907 2912/2912/2912
f 2913/2913/2913 2907/2907/2907 2911/2911/2911
f 2915/2915/2915 2914/2914/2914 2916/2916/2916
f 2917/2917/2917 2914/2914/2914 2915/2915/2915
f 2918/2918/2918 2914/2914/2914 2919/2919/2919
f 2920/2920/2920 2914/2914/2914 2918/2918/2918
f 2922/2922/2922 2921/2921/2921 2923/2923/2923
f 2924/2924/2924 2921/2921/2921 2922/2922/2922
f 2925/2925/2925 2921/2921/2921 2926/2926/2926
f 2927/2927/2927 2921/2921/2921 2925/2925/2925
f 2929/2929/2929 2928/2928/2928 2930/2930/2930
f 2931/2931/2931 2928/2928/2928 2929/2929/2929
f 2932/2932/2932 2928/2928/2928 2933/2933/2933
f 2934/2934/2934 2928/2928/2928 2932/2932/2932
f 2936/2936/2936 2935/2935/2935 2937/2937/2937
f 2938/2938/2938 2935/2935/2935 2936/2936/2936
f 2939/2939/2939 2935/2935/2935 2940/2940/2940
f 2941/2941/2941 2935/2935/2935 2939/2939/2939
f 2943/2943/2943 2942/2942/2942 2944/2944/2944
f 2945/2945/2945 2942/2942/2942 2943/2943/2943
f 2946/2946/2946 2942/2942/2942 2947/2947/2947
f 2948/2948/2948 2942/2942/2942 2946/2946/2946
f 2950/2950/2950 2949/2949/2949 2951/2951/2951
f 2952/2952/2952 2949/2949/2949 2950/2950/2950
f 2953/2953/2953 2949/2949/2949 2954/2954/2954
f 2955/2955/2955 2949/2949/2949 2953/2953/2953
f 2957/2957/2957 2956/2956/2956 2958/2958/2958
f 2959/2959/2959 2956/2956/2956 2957/2957/2957
f 2959/2959/2959 2960/2960/2960 2961/2961/2961
f 2961/2961/2961 2960/2960/2960 2962/2962/2962
f 2964/2964/2964 2963/2963/2963 2965/2965/2965
f 2966/2966/2966 2963/2963/2963 2964/2964/2964
f 2968/2968/2968 2967/2967/2967 2969/2969/2969
f 2970/2970/2970 2967/2967/2967 2968/2968/2968
f 2972/2972/2972 2971/2971/2971 2973/2973/2973
f 2974/2974/2974 2971/2971/2971 2972/2972/2972
f 2976/2976/2976 2975/2975/2975 2977/2977/2977
f 2978/2978/2978 2975/2975/2975 2976/2976/2976
f 2980/2980/2980 2979/2979/2979 2981/2981/2981
f 2982/2982/2982 2979/2979/2979 2980/2980/2980
f 2984/2984/2984 2983/2983/2983 2985/2985/2985
f 2986/2986/2986 2983/2983/2983 2984/2984/2984
f 2988/2988/2988 2987/2987/2987 2989/2989/2989
f 2990/2990/2990 2987/2987/2987 2988/2988/2988
f 2992/2992/2992 2991/2991/2991 2993/2993/2993
f 2994/2994/2994 2991/2991/2991 2992/2992/2992
f 2996/2996/2996 2995/2995/2995 2997/2997/2997
f 2998/2998/2998 2995/2995/2995 2996/2996/2996
f 3000/3000/3000 2999/2999/2999 3001/3001/3001
f 3002/3002/3002 2999/2999/2999 3000/3000/3000
f 3004/3004/3004 3003/3003/3003 3005/3005/3005
f 3006/3006/3006 3003/3003/3003 3004/3004/3004
f 3008/3008/3008 3007/3007/3007 3009/3009/3009
f 3010/3010/3010 3007/3007/3007 3008/3008/3008
f 3012/3012/3012 3011/3011/3011 3013/3013/3013
f 3014/3014/3014 3011/3011/3011 3012/3012/3012
f 3016/3016/3016 3015/3015/3015 3017/3017/3017
f 3018/3018/3018 3015/3015/3015 3016/3016/3016
f 3020/3020/3020 3019/3019/3019 3021/3021/3021
f 3022/3022/3022 3019/3019/3019 3020/3020/3020
f 3019/3019/3019 3023/3023/3023 3021/3021/3021
f 3021/3021/3021 3023/3023/3023 3024/3024/3024
f 3023/3023/3023 3025/3025/3025 3024/3024/3024
f 3024/3024/3024 3025/3025/3025 3026/3026/3026
f 3025/3025/3025 3027/3027/3027 3026/3026/3026
f 3026/3026/3026 3027/3027/3027 3028/3028/3028
f 3027/3027/3027 3029/3029/3029 3028/3028/3028
f 3028/3028/3028 3029/3029/3029 3030/3030/3030
f 3029/3029/3029 3031/3031/3031 3030/3030/3030
f 3030/3030/3030 3031/3031/3031 3032/3032/3032
f 3031/3031/3031 3033/3033/3033 3032/3032/3032
f 3032/3032/3032 3033/3033/3033 3034/3034/3034
f 3033/3033/3033 3035/3035/3035 3034/3034/3034
f 3034/3034/3034 3035/3035/3035 3036/3036/3036
f 3035/3035/3035 3037/3037/3037 3036/3036/3036
f 3036/3036/3036 3037/3037/3037 3038/3038/3038
f 3037/3037/3037 3039/3039/3039 3038/3038/3038
f 3038/3038/3038 3039/3039/3039 3040/3040/3040
f 3039/3039/3039 3041/3041/3041 3040/3040/3040
f 3040/3040/3040 3041/3041/3041 3042/3042/3042
f 3041/3041/3041 3043/3043/3043 3042/3042/3042
f 3042/3042/3042 3043/3043/3043 3044/3044/3044
f 3043/3043/3043 3045/3045/3045 3044/3044/3044
f 3044/3044/3044 3045/3045/3045 3046/3046/3046
f 3045/3045/3045 3047/3047/3047 3046/3046/3046
f 3046/3046/3046 3047/3047/3047 3048/3048/3048
f 3047/3047/3047 3049/3049/3049 3048/3048/3048
f 3048/3048/3048 3049/3049/3049 3050/3050/3050
f 3049/3049/3049 3022/3022/3022 3050/3050/3050
f 3050/3050/3050 3022/3022/3022 3020/3020/3020
f 3052/3052/3052 3051/3051/3051 3053/3053/3053
f 3054/3054/3054 3051/3051/3051 3052/3052/3052
f 3052/3052/3052 3055/3055/3055 3056/3056/3056
f 3057/3057/3057 3055/3055/3055 3052/3052/3052
f 3059/3059/3059 3058/3058/3058 3060/3060/3060
f 3061/3061/3061 3058/3058/3058 3059/3059/3059
f 3061/3061/3061 3062/3062/3062 3063/3063/3063
f 3063/3063/3063 3062/3062/3062 3064/3064/3064
f 3066/3066/3066 3065/3065/3065 3067/3067/3067
f 3068/3068/3068 3065/3065/3065 3066/3066/3066
f 3068/3068/3068 3069/3069/3069 3070/3070/3070
f 3070/3070/3070 3069/3069/3069 3071/3071/3071
f 3073/3073/3073 3072/3072/3072 3074/3074/3074
f 3075/3075/3075 3072/3072/3072 3073/3073/3073
f 3075/3075/3075 3076/3076/3076 3077/3077/3077
f 3077/3077/3077 3076/3076/3076 3078/3078/3078
f 3080/3080/3080 3079/3079/3079 3081/3081/3081
f 3082/3082/3082 3079/3079/3079 3080/3080/3080
f 3082/3082/3082 3083/3083/3083 3084/3084/3084
f 3084/3084/3084 3083/3083/3083 3085/3085/3085
f 3087/3087/3087 3086/3086/3086 3088/3088/3088
f 3089/3089/3089 3086/3086/3086 3087/3087/3087
f 3089/3089/3089 3090/3090/3090 3091/3091/3091
f 3091/3091/3091 3090/3090/3090 3092/3092/3092
f 3094/3094/3094 3093/3093/3093 3095/3095/3095
f 3096/3096/3096 3093/3093/3093 3094/3094/3094
f 3096/3096/3096 3097/3097/3097 3098/3098/3098
f 3098/3098/3098 3097/3097/3097 3099/3099/3099
f 3101/3101/3101 3100/3100/3100 3102/3102/3102
f 3103/3103/3103 3100/3100/3100 3101/3101/3101
f 3103/3103/3103 3104/3104/3104 3105/3105/3105
f 3105/3105/3105 3104/3104/3104 3106/3106/3106
f 3108/3108/3108 3107/3107/3107 3109/3109/3109
f 3110/3110/3110 3107/3107/3107 3108/3108/3108
f 3110/3110/3110 3111/3111/3111 3112/3112/3112
f 3112/3112/3112 3111/3111/3111 3113/3113/3113
f 3115/3115/3115 3114/3114/3114 3116/3116/3116
f 3117/3117/3117 3114/3114/3114 3115/3115/3115
f 3117/3117/3117 3118/3118/3118 3119/3119/3119
f 3119/3119/3119 3118/3118/3118 3120/3120/3120
f 3122/3122/3122 3121/3121/3121 3123/3123/3123
f 3124/3124/3124 3121/3121/3121 3122/3122/3122
f 3124/3124/3124 3125/3125/3125 3126/3126/3126
f 3126/3126/3126 3125/3125/3125 3127/3127/3127
f 3129/3129/3129 3128/3128/3128 3130/3130/3130
f 3131/3131/3131 3128/3128/3128 3129/3129/3129
f 3131/3131/3131 3132/3132/3132 3133/3133/3133
f 3133/3133/3133 3132/3132/3132 3134/3134/3134
f 3136/3136/3136 3135/3135/3135 3137/3137/3137
f 3138/3138/3138 3135/3135/3135 3136/3136/3136
f 3138/3138/3138 3139/3139/3139 3140/3140/3140
f 3140/3140/3140 3139/3139/3139 3141/3141/3141
f 3143/3143/3143 3142/3142/3142 3144/3144/3144
f 3145/3145/3145 3142/3142/3142 3143/3143/3143
f 3145/3145/3145 3146/3146/3146 3147/3147/3147
f 3147/3147/3147 3146/3146/3146 3148/3148/3148
f 3150/3150/3150 3149/3149/3149 3151/3151/3151
f 3152/3152/3152 3149/3149/3149 3150/3150/3150
f 3152/3152/3152 3153/3153/3153 3154/3154/3154
f 3154/3154/3154 3153/3153/3153 3155/3155/3155
f 3157/3157/3157 3156/3156/3156 3158/3158/3158
f 3159/3159/3159 3156/3156/3156 3157/3157/3157
f 3159/3159/3159 3160/3160/3160 3161/3161/3161
f 3161/3161/3161 3160/3160/3160 3162/3162/3162
f 3164/3164/3164 3163/3163/3163 3165/3165/3165
f 3166/3166/3166 3163/3163/3163 3164/3164/3164
f 3166/3166/3166 3167/3167/3167 3168/3168/3168
f 3168/3168/3168 3167/3167/3167 3169/3169/3169
f 3171/3171/3171 3170/3170/3170 3172/3172/3172
f 3173/3173/3173 3170/3170/3170 3171/3171/3171
f 3173/3173/3173 3174/3174/3174 3175/3175/3175
f 3175/3175/3175 3174/3174/3174 3176/3176/3176
f 3178/3178/3178 3177/3177/3177 3179/3179/3179
f 3180/3180/3180 3177/3177/3177 3178/3178/3178
f 3180/3180/3180 3181/3181/3181 3182/3182/3182
f 3182/3182/3182 3181/3181/3181 3183/3183/3183
f 3185/3185/3185 3184/3184/3184 3186/3186/3186
f 3187/3187/3187 3184/3184/3184 3185/3185/3185
f 3187/3187/3187 3188/3188/3188 3189/3189/3189
f 3189/3189/3189 3188/3188/3188 3190/3190/3190
f 3192/3192/3192 3191/3191/3191 3193/3193/3193
f 3194/3194/3194 3191/3191/3191 3192/3192/3192
f 3194/3194/3194 3195/3195/3195 3196/3196/3196
f 3196/3196/3196 3195/3195/3195 3197/3197/3197
f 3199/3199/3199 3198/3198/3198 3200/3200/3200
f 3201/3201/3201 3198/3198/3198 3199/3199/3199
f 3201/3201/3201 3202/3202/3202 3203/3203/3203
f 3203/3203/3203 3202/3202/3202 3204/3204/3204
f 3206/3206/3206 3205/3205/3205 3207/3207/3207
f 3208/3208/3208 3205/3205/3205 3206/3206/3206
f 3208/3208/3208 3209/3209/3209 3210/3210/3210
f 3210/3210/3210 3209/3209/3209 3211/3211/3211
f 3213/3213/3213 3212/3212/3212 3214/3214/3214
f 3215/3215/3215 3212/3212/3212 3213/3213/3213
f 3217/3217/3217 3216/3216/3216 3214/3214/3214
f 3218/3218/3218 3216/3216/3216 3217/3217/3217
f 3219/3219/3219 1978/1978/1978 3220/3220/3220
f 3222/3222/3222 3221/3221/3221 3220/3220/3220
f 1817/1817/1817 3223/3223/3223 3224/3224/3224
f 3225/3225/3225 1656/1656/1656 1620/1620/1620
f 3227/3227/3227 3226/3226/3226 1669/1669/1669
f 3229/3229/3229 3228/3228/3228 3230/3230/3230
f 3231/3231/3231 3228/3228/3228 3232/3232/3232
f 3234/3234/3234 3233/3233/3233 3232/3232/3232
f 3235/3235/3235 3233/3233/3233 3236/3236/3236
v 1.120726 -1.05293 0.4678337
v 1.121693 -1.05784 0.2479321
v 1.116482 -1.052845 0.2547085
v 1.117565 -1.058338 0.4610574
v 1.120589 -1.063324 0.2547085
v 1.121243 -1.063347 0.4634463
v 1.126119 -1.067908 0.2523195
v 1.126271 -1.068022 0.4634463
v 1.132833 -1.07202 0.2523195
v 1.133026 -1.072116 0.4634463
v 1.141022 -1.075397 0.2523195
v 1.141249 -1.075473 0.4634463
v 1.150372 -1.077911 0.2523195
v 1.150624 -1.077964 0.4634463
v 1.160523 -1.079465 0.2523195
v 1.16079 -1.079492 0.4634463
v 1.171085 -1.079998 0.2523195
v 1.171358 -1.079998 0.4634463
v 1.181652 -1.079492 0.2523195
v 1.18192 -1.079465 0.4634463
v 1.191818 -1.077964 0.2523195
v 1.19207 -1.077911 0.4634463
v 1.201193 -1.075473 0.2523195
v 1.20142 -1.075397 0.4634463
v 1.209416 -1.072116 0.2523195
v 1.209609 -1.07202 0.4634464
v 1.216172 -1.068022 0.2523195
v 1.216323 -1.067908 0.4634463
v 1.221199 -1.063347 0.2523195
v 1.221304 -1.063221 0.4634463
v 1.224307 -1.058271 0.2523195
v 1.22436 -1.058138 0.4634464
v 1.225374 -1.05299 0.2523195
v 1.225374 -1.052854 0.4634464
v 1.22436 -1.047707 0.2523195
v 1.224307 -1.047573 0.4634464
v 1.221304 -1.042624 0.2523195
v 1.221199 -1.042498 0.4634463
v 1.216323 -1.037936 0.2523195
v 1.216172 -1.037823 0.4634463
v 1.209609 -1.033825 0.2523195
v 1.209416 -1.033728 0.4634463
v 1.20142 -1.030447 0.2523195
v 1.201193 -1.030371 0.4634463
v 1.19207 -1.027933 0.2523195
v 1.191818 -1.027881 0.4634463
v 1.181919 -1.02638 0.2523195
v 1.181652 -1.026353 0.4634463
v 1.171358 -1.025846 0.2523195
v 1.171085 -1.025846 0.4634463
v 1.16079 -1.026353 0.2523195
v 1.160523 -1.02638 0.4634463
v 1.150624 -1.027881 0.2523195
v 1.150372 -1.027933 0.4634463
v 1.141249 -1.030371 0.2523195
v 1.141022 -1.030447 0.4634463
v 1.133026 -1.033728 0.2523195
v 1.132833 -1.033825 0.4634463
v 1.126271 -1.037823 0.2523195
v 1.126119 -1.037936 0.4634463
v 1.121243 -1.042498 0.2523195
v 1.121139 -1.042624 0.4634463
v 1.118136 -1.047573 0.2523195
v 1.117504 -1.047659 0.4610574

vn 0.003251007 -0.9950793 -0.09902872
vn 0.01613063 0.9950793 -0.09776033
vn -0.03111503 0.3174499 -0.9477645
vn 0.2154163 -0.3174502 -0.9234832
vn 0.3339474 0.31745 -0.8875272
vn 0.3430109 -0.5563473 -0.7568494
vn 0.4387343 0.5563473 -0.7056841
vn 0.4840765 -0.5563474 -0.675387
vn 0.5679755 0.556347 -0.6065326
vn 0.6065326 -0.5563471 -0.5679755
vn 0.675387 0.5563473 -0.4840765
vn 0.705684 -0.5563474 -0.4387342
vn 0.7568495 0.5563473 -0.343011
vn 0.7777181 -0.5563473 -0.2926298
vn 0.8092254 0.5563474 -0.188764
vn 0.8198642 -0.5563473 -0.1352791
vn 0.8305026 0.5563471 -0.02726483
vn 0.8305026 -0.5563471 0.02726482
vn 0.8198642 0.5563473 0.1352791
vn 0.8092254 -0.5563474 0.188764
vn 0.7777181 0.5563473 0.2926298
vn 0.7568495 -0.5563473 0.3430109
vn 0.705684 0.5563474 0.4387342
vn 0.675387 -0.5563473 0.4840765
vn 0.6065326 0.5563471 0.5679755
vn 0.5679755 -0.556347 0.6065326
vn 0.4840765 0.5563474 0.675387
vn 0.4387343 -0.5563473 0.7056841
vn 0.3430109 0.5563473 0.7568494
vn 0.2926298 -0.5563472 0.7777181
vn 0.188764 0.5563474 0.8092254
vn 0.1352791 -0.5563473 0.8198642
vn 0.02726479 0.5563472 0.8305026
vn -0.02726478 -0.5563471 0.8305027
vn -0.1352791 0.5563474 0.8198641
vn -0.188764 -0.5563473 0.8092255
vn -0.2926298 0.5563473 0.777718
vn -0.3430109 -0.5563472 0.7568495
vn -0.4387327 0.5563473 0.7056849
vn -0.4840735 -0.5563471 0.6753892
vn -0.5679744 0.5563473 0.6065334
vn -0.6065343 -0.5563473 0.5679736
vn -0.6753904 0.5563473 0.4840718
vn -0.7056866 -0.5563472 0.4387302
vn -0.7568504 0.5563471 0.3430092
vn -0.7777181 -0.5563471 0.2926302
vn -0.809225 0.5563473 0.1887655
vn -0.819864 -0.5563474 0.13528
vn -0.8305026 0.5563471 0.027265
vn -0.8305026 -0.5563472 -0.02726418
vn -0.819864 0.5563473 -0.1352794
vn -0.8092251 -0.5563474 -0.1887652
vn -0.7777172 0.5563474 -0.2926325
vn -0.7568482 -0.5563473 -0.3430139
vn -0.7056841 0.5563471 -0.4387345
vn -0.6753891 -0.5563472 -0.4840738
vn -0.6065341 0.5563473 -0.5679737
vn -0.5679738 -0.5563474 -0.6065339
vn -0.4840718 0.5563472 -0.6753904
vn -0.4387302 -0.5563473 -0.7056865
vn -0.3430085 0.5563471 -0.7568507
vn -0.2926286 -0.5563473 -0.7777186
vn -0.1887642 0.5563473 -0.8092255
vn -0.1543804 -0.3174502 -0.9356239

vt 0 0
vt 0 0
vt 0 0
vt 0 0
vt 0 0
vt 0 0
vt 0 0
vt 0 0
vt 0 0
vt 0 0
vt 0 0
vt 0 0
vt 0 0
vt 0 0
vt 0 0
vt 0 0
vt 0 0
vt 0 0
vt 0 0
vt 0 0
vt 0 0
vt 0 0
vt 0 0
vt 0 0
vt 0 0
vt 0 0
vt 0 0
vt 0 0
vt 0 0
vt 0 0
vt 0 0
vt 0 0
vt 0 0
vt 0 0
vt 0 0
vt 0 0
vt 0 0
vt 0 0
vt 0 0
vt 0 0
vt 0 0
vt 0 0
vt 0 0
vt 0 0
vt 0 0
vt 0 0
vt 0 0
vt 0 0
vt 0 0
vt 0 0
vt 0 0
vt 0 0
vt 0 0
vt 0 0
vt 0 0
vt 0 0
vt 0 0
vt 0 0
vt 0 0
vt 0 0
vt 0 0
vt 0 0
vt 0 0
vt 0 0
f 3238/3238/3238 3237/3237/3237 3239/3239/3239
f 3240/3240/3240 3237/3237/3237 3238/3238/3238
f 3241/3241/3241 3240/3240/3240 3238/3238/3238
f 3242/3242/3242 3240/3240/3240 3241/3241/3241
f 3242/3242/3242 3237/3237/3237 3240/3240/3240
f 3243/3243/3243 3242/3242/3242 3241/3241/3241
f 3241/3241/3241 3238/3238/3238 3243/3243/3243
f 3244/3244/3244 3242/3242/3242 3243/3243/3243
f 3244/3244/3244 3237/3237/3237 3242/3242/3242
f 3245/3245/3245 3244/3244/3244 3243/3243/3243
f 3243/3243/3243 3238/3238/3238 3245/3245/3245
f 3246/3246/3246 3244/3244/3244 3245/3245/3245
f 3246/3246/3246 3237/3237/3237 3244/3244/3244
f 3247/3247/3247 3246/3246/3246 3245/3245/3245
f 3245/3245/3245 3238/3238/3238 3247/3247/3247
f 3248/3248/3248 3246/3246/3246 3247/3247/3247
f 3248/3248/3248 3237/3237/3237 3246/3246/3246
f 3249/3249/3249 3248/3248/3248 3247/3247/3247
f 3247/3247/3247 3238/3238/3238 3249/3249/3249
f 3250/3250/3250 3248/3248/3248 3249/3249/3249
f 3250/3250/3250 3237/3237/3237 3248/3248/3248
f 3251/3251/3251 3250/3250/3250 3249/3249/3249
f 3249/3249/3249 3238/3238/3238 3251/3251/3251
f 3252/3252/3252 3250/3250/3250 3251/3251/3251
f 3252/3252/3252 3237/3237/3237 3250/3250/3250
f 3253/3253/3253 3252/3252/3252 3251/3251/3251
f 3251/3251/3251 3238/3238/3238 3253/3253/3253
f 3254/3254/3254 3252/3252/3252 3253/3253/3253
f 3255/3255/3255 3254/3254/3254 3253/3253/3253
f 3256/3256/3256 3254/3254/3254 3255/3255/3255
f 3257/3257/3257 3256/3256/3256 3255/3255/3255
f 3258/3258/3258 3256/3256/3256 3257/3257/3257
f 3259/3259/3259 3258/3258/3258 3257/3257/3257
f 3260/3260/3260 3258/3258/3258 3259/3259/3259
f 3261/3261/3261 3260/3260/3260 3259/3259/3259
f 3262/3262/3262 3260/3260/3260 3261/3261/3261
f 3263/3263/3263 3262/3262/3262 3261/3261/3261
f 3264/3264/3264 3262/3262/3262 3263/3263/3263
f 3265/3265/3265 3264/3264/3264 3263/3263/3263
f 3266/3266/3266 3264/3264/3264 3265/3265/3265
f 3267/3267/3267 3266/3266/3266 3265/3265/3265
f 3268/3268/3268 3266/3266/3266 3267/3267/3267
f 3269/3269/3269 3268/3268/3268 3267/3267/3267
f 3270/3270/3270 3268/3268/3268 3269/3269/3269
f 3271/3271/3271 3270/3270/3270 3269/3269/3269
f 3272/3272/3272 3270/3270/3270 3271/3271/3271
f 3273/3273/3273 3272/3272/3272 3271/3271/3271
f 3274/3274/3274 3272/3272/3272 3273/3273/3273
f 3275/3275/3275 3274/3274/3274 3273/3273/3273
f 3276/3276/3276 3274/3274/3274 3275/3275/3275
f 3277/3277/3277 3276/3276/3276 3275/3275/3275
f 3278/3278/3278 3276/3276/3276 3277/3277/3277
f 3279/3279/3279 3278/3278/3278 3277/3277/3277
f 3280/3280/3280 3278/3278/3278 3279/3279/3279
f 3281/3281/3281 3280/3280/3280 3279/3279/3279
f 3282/3282/3282 3280/3280/3280 3281/3281/3281
f 3283/3283/3283 3282/3282/3282 3281/3281/3281
f 3284/3284/3284 3282/3282/3282 3283/3283/3283
f 3285/3285/3285 3284/3284/3284 3283/3283/3283
f 3286/3286/3286 3284/3284/3284 3285/3285/3285
f 3287/3287/3287 3286/3286/3286 3285/3285/3285
f 3288/3288/3288 3286/3286/3286 3287/3287/3287
f 3289/3289/3289 3288/3288/3288 3287/3287/3287
f 3290/3290/3290 3288/3288/3288 3289/3289/3289
f 3291/3291/3291 3290/3290/3290 3289/3289/3289
f 3292/3292/3292 3290/3290/3290 3291/3291/3291
f 3293/3293/3293 3292/3292/3292 3291/3291/3291
f 3294/3294/3294 3292/3292/3292 3293/3293/3293
f 3295/3295/3295 3294/3294/3294 3293/3293/3293
f 3296/3296/3296 3294/3294/3294 3295/3295/3295
f 3297/3297/3297 3296/3296/3296 3295/3295/3295
f 3298/3298/3298 3296/3296/3296 3297/3297/3297
f 3295/3295/3295 3238/3238/3238 3297/3297/3297
f 3293/3293/3293 3238/3238/3238 3295/3295/3295
f 3291/3291/3291 3238/3238/3238 3293/3293/3293
f 3289/3289/3289 3238/3238/3238 3291/3291/3291
f 3287/3287/3287 3238/3238/3238 3289/3289/3289
f 3285/3285/3285 3238/3238/3238 3287/3287/3287
f 3297/3297/3297 3238/3238/3238 3299/3299/3299
f 3299/3299/3299 3298/3298/3298 3297/3297/3297
f 3299/3299/3299 3238/3238/3238 3239/3239/3239
f 3239/3239/3239 3300/3300/3300 3299/3299/3299
f 3300/3300/3300 3298/3298/3298 3299/3299/3299
f 3237/3237/3237 3300/3300/3300 3239/3239/3239
f 3290/3290/3290 3237/3237/3237 3288/3288/3288
f 3292/3292/3292 3237/3237/3237 3290/3290/3290
f 3294/3294/3294 3237/3237/3237 3292/3292/3292
f 3296/3296/3296 3237/3237/3237 3294/3294/3294
f 3298/3298/3298 3237/3237/3237 3296/3296/3296
f 3300/3300/3300 3237/3237/3237 3298/3298/3298
f 3288/3288/3288 3237/3237/3237 3286/3286/3286
f 3286/3286/3286 3237/3237/3237 3284/3284/3284
f 3284/3284/3284 3237/3237/3237 3282/3282/3282
f 3282/3282/3282 3237/3237/3237 3280/3280/3280
f 3280/3280/3280 3237/3237/3237 3278/3278/3278
f 3278/3278/3278 3237/3237/3237 3276/3276/3276
f 3276/3276/3276 3237/3237/3237 3274/3274/3274
f 3274/3274/3274 3237/3237/3237 3272/3272/3272
f 3272/3272/3272 3237/3237/3237 3270/3270/3270
f 3270/3270/3270 3237/3237/3237 3268/3268/3268
f 3268/3268/3268 3237/3237/3237 3266/3266/3266
f 3266/3266/3266 3237/3237/3237 3264/3264/3264
f 3264/3264/3264 3237/3237/3237 3262/3262/3262
f 3262/3262/3262 3237/3237/3237 3260/3260/3260
f 3260/3260/3260 3237/3237/3237 3258/3258/3258
f 3258/3258/3258 3237/3237/3237 3256/3256/3256
f 3256/3256/3256 3237/3237/3237 3254/3254/3254
f 3254/3254/3254 3237/3237/3237 3252/3252/3252
f 3283/3283/3283 3238/3238/3238 3285/3285/3285
f 3281/3281/3281 3238/3238/3238 3283/3283/3283
f 3279/3279/3279 3238/3238/3238 3281/3281/3281
f 3277/3277/3277 3238/3238/3238 3279/3279/3279
f 3275/3275/3275 3238/3238/3238 3277/3277/3277
f 3273/3273/3273 3238/3238/3238 3275/3275/3275
f 3271/3271/3271 3238/3238/3238 3273/3273/3273
f 3269/3269/3269 3238/3238/3238 3271/3271/3271
f 3267/3267/3267 3238/3238/3238 3269/3269/3269
f 3265/3265/3265 3238/3238/3238 3267/3267/3267
f 3263/3263/3263 3238/3238/3238 3265/3265/3265
f 3261/3261/3261 3238/3238/3238 3263/3263/3263
f 3259/3259/3259 3238/3238/3238 3261/3261/3261
f 3257/3257/3257 3238/3238/3238 3259/3259/3259
f 3255/3255/3255 3238/3238/3238 3257/3257/3257
f 3253/3253/3253 3238/3238/3238 3255/3255/3255
v 0.2786408 -0.8820033 0.1551199
v 0.2995639 -0.8995373 0.2370099
v 0.2798898 -0.9034666 0.2804159
v 0.3126154 -0.8712412 0.1967934
v 0.2395805 -0.876895 0.1312541
v 0.2336444 -0.9127128 0.2993745
v 0.193541 -0.8765302 0.1296724
v 0.1875538 -0.9123586 0.2978427
v 0.152839 -0.8810108 0.1508175
v 0.1484235 -0.9072461 0.2739576
v 0.1223937 -0.8814 0.1884833
v 0.1144545 -0.8802108 0.2403418
v 0.2457014 -0.7610292 0.3461785
v 0.2798898 -0.9034666 0.2804159
v 0.2890322 -0.7556615 0.3206156
v 0.2336444 -0.9127128 0.2993745
v 0.1908696 -0.7614194 0.3484446
v 0.1875538 -0.9123586 0.2978427
v 0.1422353 -0.7560564 0.3235901
v 0.1484235 -0.9072461 0.2739576
v 0.1128403 -0.7463778 0.2783025
v 0.1144545 -0.8802108 0.2403418
v 0.110523 -0.7349777 0.2247038
v 0.1223937 -0.8814 0.1884833
v 0.1359618 -0.7249103 0.1770599
v 0.152839 -0.8810108 0.1508175
v 0.1822991 -0.7188728 0.1482834
v 0.193541 -0.8765302 0.1296724
v 0.2371297 -0.718483 0.1460197
v 0.2395805 -0.876895 0.1312541
v 0.2857614 -0.7238452 0.1708741
v 0.2786408 -0.8820033 0.1551199
v 0.3151651 -0.7335222 0.216187
v 0.3126154 -0.8712412 0.1967934
v 0.3165026 -0.7458199 0.2740736
v 0.2995639 -0.8995373 0.2370099

vn -0.6151419 -0.5840411 -0.5296192
vn -0.7457411 0.02324011 -0.6658304
vn -0.7221822 0.4131505 -0.5547609
vn -0.2977751 -0.2288428 -0.9268016
vn -0.5719427 -0.7851825 -0.2374242
vn -0.8481399 0.5162522 -0.1189226
vn -0.564647 -0.8167543 0.1186856
vn -0.8410557 0.4856764 0.2382092
vn -0.5952917 -0.6699229 0.4436567
vn -0.7977723 0.2841504 0.5318064
vn -0.5009526 -0.3948199 0.7701714
vn -0.3592123 0.09010543 0.928896
vn -0.2076672 0.915868 -0.3435989
vn -0.7221822 0.4131505 -0.5547609
vn -0.1610104 0.6886773 -0.7069649
vn -0.8481399 0.5162522 -0.1189226
vn -0.2154711 0.9612508 0.1719572
vn -0.8410557 0.4856764 0.2382092
vn -0.168908 0.7483364 0.6414538
vn -0.7977723 0.2841504 0.5318064
vn -0.08043433 0.3347537 0.9388666
vn -0.3592123 0.09010543 0.928896
vn 0.02619684 -0.1689773 0.9852719
vn -0.5009526 -0.3948199 0.7701714
vn 0.122448 -0.6297475 0.7670885
vn -0.5952917 -0.6699229 0.4436567
vn 0.1825207 -0.9212114 0.3435927
vn -0.564647 -0.8167543 0.1186856
vn 0.1903179 -0.9665487 -0.171939
vn -0.5719427 -0.7851825 -0.2374242
vn 0.1437504 -0.7536345 -0.6413822
vn -0.6151419 -0.5840411 -0.5296192
vn 0.05530818 -0.3395262 -0.9389692
vn -0.2977751 -0.2288428 -0.9268016
vn -0.06927563 0.2499419 -0.9657795
vn -0.7457411 0.02324011 -0.6658304

vt 0.066823 0.086084
vt 0.073536 0.061064
vt 0.066823 0.049453
vt 0.073536 0.074472
vt 0.055195 0.092787
vt 0.055195 0.042749
vt 0.041769 0.092787
vt 0.041769 0.042749
vt 0.030142 0.086084
vt 0.030142 0.049453
vt 0.023429 0.074472
vt 0.023429 0.061064
vt 0.0204 0.07676
vt 0.013061 0.069437
vt 0.022621 0.076041
vt 0.010903 0.070136
vt 0.018111 0.078743
vt 0.008678 0.072063
vt 0.016366 0.081459
vt 0.006982 0.074702
vt 0.015633 0.084179
vt 0.00627 0.077345
vt 0.016109 0.086175
vt 0.006733 0.079285
vt 0.017666 0.086912
vt 0.008246 0.080001
vt 0.019887 0.086192
vt 0.010404 0.079302
vt 0.022177 0.084209
vt 0.01263 0.077375
vt 0.023922 0.081494
vt 0.014325 0.074737
vt 0.024655 0.078774
vt 0.015037 0.072093
vt 0.024179 0.076778
vt 0.014575 0.070154
f 3302/3302/3302 3301/3301/3301 3303/3303/3303
f 3304/3304/3304 3301/3301/3301 3302/3302/3302
f 3305/3305/3305 3303/3303/3303 3301/3301/3301
f 3306/3306/3306 3303/3303/3303 3305/3305/3305
f 3307/3307/3307 3306/3306/3306 3305/3305/3305
f 3308/3308/3308 3306/3306/3306 3307/3307/3307
f 3309/3309/3309 3308/3308/3308 3307/3307/3307
f 3310/3310/3310 3308/3308/3308 3309/3309/3309
f 3311/3311/3311 3310/3310/3310 3309/3309/3309
f 3312/3312/3312 3310/3310/3310 3311/3311/3311
f 3314/3314/3314 3313/3313/3313 3315/3315/3315
f 3316/3316/3316 3313/3313/3313 3314/3314/3314
f 3316/3316/3316 3317/3317/3317 3313/3313/3313
f 3318/3318/3318 3317/3317/3317 3316/3316/3316
f 3318/3318/3318 3319/3319/3319 3317/3317/3317
f 3320/3320/3320 3319/3319/3319 3318/3318/3318
f 3320/3320/3320 3321/3321/3321 3319/3319/3319
f 3322/3322/3322 3321/3321/3321 3320/3320/3320
f 3322/3322/3322 3323/3323/3323 3321/3321/3321
f 3324/3324/3324 3323/3323/3323 3322/3322/3322
f 3324/3324/3324 3325/3325/3325 3323/3323/3323
f 3326/3326/3326 3325/3325/3325 3324/3324/3324
f 3326/3326/3326 3327/3327/3327 3325/3325/3325
f 3328/3328/3328 3327/3327/3327 3326/3326/3326
f 3328/3328/3328 3329/3329/3329 3327/3327/3327
f 3330/3330/3330 3329/3329/3329 3328/3328/3328
f 3330/3330/3330 3331/3331/3331 3329/3329/3329
f 3332/3332/3332 3331/3331/3331 3330/3330/3330
f 3332/3332/3332 3333/3333/3333 3331/3331/3331
f 3334/3334/3334 3333/3333/3333 3332/3332/3332
f 3333/3333/3333 3334/3334/3334 3335/3335/3335
f 3335/3335/3335 3334/3334/3334 3336/3336/3336
f 3314/3314/3314 3335/3335/3335 3336/3336/3336
f 3315/3315/3315 3335/3335/3335 3314/3314/3314
v 0.1614698 -0.6757104 -0.09728039
v 0.1923873 -0.5873345 -0.09826436
v 0.1518224 -0.6016103 -0.08922166
v 0.192172 -0.7012175 -0.08575907
v 0.1453833 -0.6871622 -0.06680763
v 0.1437164 -0.5901585 -0.06028855
v 0.1489643 -0.6942847 -0.0455572
v 0.1489643 -0.583036 -0.0455572
v 0.1487948 -0.6942847 -0.02803403
v 0.1487947 -0.583036 -0.02803403
v 0.1515511 -0.6907012 0.04784907
v 0.162604 -0.5782241 0.04744745
v 0.240337 -0.6946934 -0.07825784
v 0.2448633 -0.5826271 -0.07532731
v 0.2677645 -0.6946036 -0.05187372
v 0.2703193 -0.582717 -0.04785768
v 0.2897475 -0.6977861 0.02995606
v 0.2812546 -0.5852871 0.05170372
v 0.2446457 -0.67191 0.07909738
v 0.2506776 -0.6386467 0.06811736
v 0.237825 -0.6133141 0.06441294
v 0.2140137 -0.5604523 -0.0234436
v 0.2688696 -0.5813762 -0.01777486
v 0.2487943 -0.5813761 0.01935384
v 0.2568111 -0.5813761 -0.05822418
v 0.2196825 -0.5813762 -0.07829955
v 0.1792331 -0.5813761 -0.06624104
v 0.1591577 -0.5813763 -0.02911234
v 0.1712162 -0.5813761 0.01133698
v 0.2083449 -0.5813762 0.03141235
v 0.2194718 -0.7008804 0.03143369
v 0.2566774 -0.7008805 0.01150092
v 0.2140137 -0.7218043 -0.0234436
v 0.268891 -0.7008804 -0.02890162
v 0.2489582 -0.7008805 -0.06610731
v 0.2085557 -0.7008804 -0.07832088
v 0.17135 -0.7008805 -0.05838812
v 0.1591364 -0.7008804 -0.01798558
v 0.1790692 -0.7008805 0.01922011
v 0.07721265 -0.5938615 -0.06471834
v 0.1098006 -0.5768701 -0.02457033
v 0.07895888 -0.5777036 -0.01742336
v 0.1044397 -0.5894271 -0.06365703
v 0.1441908 -0.5719386 -0.02331626
v 0.1436123 -0.5841129 -0.07211983
v 0.1929558 -0.5722591 -0.02631421
v 0.192988 -0.5844097 -0.07275929
v 0.1052628 -0.5901591 0.0189974
v 0.07572147 -0.5992048 0.02348593
v 0.1423524 -0.5844402 0.02653332
v 0.195174 -0.5821635 0.02149539
v 0.09982271 -0.6407668 0.04365447
v 0.07450258 -0.6468918 0.03707985
v 0.1374641 -0.6396368 0.05889739
v 0.1980309 -0.6269875 0.05764091
v 0.1052337 -0.686296 0.01973733
v 0.07759523 -0.6869159 0.01398048
v 0.1409193 -0.6922719 0.02662279
v 0.1898663 -0.6900338 0.03181916
v 0.1095871 -0.7001151 -0.02144478
v 0.07881826 -0.699298 -0.02871081
v 0.1441894 -0.7050641 -0.0225706
v 0.1840801 -0.7059991 -0.01939357
v 0.1052679 -0.6868224 -0.06501518
v 0.07620698 -0.6778134 -0.06965063
v 0.1425421 -0.6925625 -0.0724256
v 0.1843093 -0.6964269 -0.06817271
v 0.1014594 -0.6385001 -0.09014784
v 0.07448431 -0.6385002 -0.08392058
v 0.1352447 -0.6385013 -0.1041878
v 0.1916667 -0.6393369 -0.1066007
v 0.208818 -0.7031717 -0.02999659
v 0.2165904 -0.6946708 0.007477565
v 0.2324942 -0.6553335 0.03285102
v 0.2330199 -0.6037042 0.012462
v 0.2276895 -0.5890694 -0.02349033
v 0.227106 -0.5980959 -0.06386569
v 0.2251137 -0.644751 -0.09205529
v 0.2132675 -0.6892473 -0.07107141
v -0.04830973 -0.5949814 -0.06650638
v -0.02023198 -0.5778344 -0.02998829
v -0.04938117 -0.5773867 -0.02246194
v -0.01993979 -0.5952837 -0.06647891
v -0.0764399 -0.5925505 -0.06658063
v -0.07845798 -0.5773866 -0.02252064
v -0.1085142 -0.5910527 -0.06541404
v -0.108551 -0.577624 -0.01859381
v -0.02060353 -0.5907124 0.0147043
v -0.04887833 -0.5943896 0.01927741
v -0.07684042 -0.5919836 0.01918092
v -0.1089824 -0.595346 0.02342389
v -0.02079696 -0.6315531 0.03737636
v -0.04675216 -0.6374728 0.03813907
v -0.07575373 -0.6373266 0.04192505
v -0.109267 -0.6481613 0.04180829
v -0.02069729 -0.6766446 0.02439387
v -0.04778929 -0.6827756 0.01907321
v -0.07799433 -0.6851912 0.01900968
v -0.1088194 -0.6896418 0.01304636
v -0.02036221 -0.6991693 -0.01652812
v -0.04936457 -0.699617 -0.02417313
v -0.07844144 -0.6996171 -0.02422408
v -0.108494 -0.6993806 -0.02826192
v -0.01999062 -0.6862903 -0.06122345
v -0.04831012 -0.6826061 -0.06590234
v -0.07643519 -0.685011 -0.06591169
v -0.1085273 -0.6816627 -0.0702844
v -0.01979153 -0.638503 -0.0843783
v -0.04542907 -0.6385036 -0.08469396
v -0.07586151 -0.6385038 -0.08868806
v -0.1086605 -0.6385038 -0.08961841
v -0.148913 -0.6885638 -0.0582381
v -0.1487281 -0.697793 -0.01879127
v -0.1492686 -0.6806599 0.02156043
v -0.1497015 -0.6286589 0.03935325
v -0.1490473 -0.5884406 0.01122838
v -0.14871 -0.5792109 -0.0282184
v -0.1490236 -0.5920546 -0.0636626
v -0.1495157 -0.638504 -0.08734311
v -0.01979153 -0.638503 -0.0843783
v 0.07721265 -0.5938615 -0.06471834
v -0.01993979 -0.5952837 -0.06647891
v 0.07448431 -0.6385002 -0.08392058
v 0.07620698 -0.6778134 -0.06965063
v -0.01999062 -0.6862903 -0.06122345
v 0.07881826 -0.699298 -0.02871081
v -0.02036221 -0.6991693 -0.01652812
v 0.07759523 -0.6869159 0.01398048
v -0.02069729 -0.6766446 0.02439387
v 0.07450258 -0.6468918 0.03707985
v -0.02079696 -0.6315531 0.03737636
v 0.07572147 -0.5992048 0.02348593
v -0.02060353 -0.5907124 0.0147043
v 0.07895888 -0.5777036 -0.01742336
v -0.02023198 -0.5778344 -0.02998829
v 0.184165 -0.6263055 0.06837904
v 0.2194517 -0.6241242 0.04899316
v 0.1808237 -0.6139187 0.06223214
v 0.1809266 -0.6373988 0.07443327
v 0.2053465 -0.6648733 0.04908299
v 0.1827316 -0.6542541 0.07345796
v 0.237825 -0.6133141 0.06441294
v 0.2371988 -0.6164246 0.04060648
v 0.2506776 -0.6386467 0.06811736
v 0.2311008 -0.6226445 0.05175827
v 0.2355646 -0.6390637 0.05910681
v 0.2617966 -0.6600403 0.05567167
v 0.2355118 -0.6694642 0.04407642
v 0.2434843 -0.6609637 0.06883154
v 0.162604 -0.5782241 0.04744745
v 0.2703193 -0.582717 -0.04785768
v 0.2812546 -0.5852871 0.05170372
v 0.1487947 -0.583036 -0.02803403
v 0.2448633 -0.5826271 -0.07532731
v 0.1489643 -0.583036 -0.0455572
v 0.1923873 -0.5873345 -0.09826436
v 0.1437164 -0.5901585 -0.06028855
v 0.1828829 -0.6036702 0.07692361
v 0.237961 -0.6106434 0.0809326
v 0.1437164 -0.5901585 -0.06028855
v 0.1518224 -0.6016103 -0.08922166
v 0.1923873 -0.5873345 -0.09826436
v 0.2812546 -0.5852871 0.05170372
v 0.2434843 -0.6609637 0.06883154
v 0.237961 -0.6106434 0.0809326
v 0.2617966 -0.6600403 0.05567167
v 0.1515511 -0.6907012 0.04784907
v 0.1808237 -0.6139187 0.06223214
v 0.187944 -0.6817899 0.0754568
v 0.184165 -0.6263055 0.06837904
v 0.1828829 -0.6036702 0.07692361
v 0.1809266 -0.6373988 0.07443327
v 0.162604 -0.5782241 0.04744745
v 0.1827316 -0.6542541 0.07345796
v 0.187944 -0.6817899 0.0754568
v 0.237825 -0.6133141 0.06441294
v 0.2446457 -0.67191 0.07909738
v 0.1808237 -0.6139187 0.06223214
v 0.237961 -0.6106434 0.0809326
v 0.1827316 -0.6542541 0.07345796
v 0.1828829 -0.6036702 0.07692361
v 0.2434843 -0.6609637 0.06883154
v 0.187944 -0.6817899 0.0754568
v 0.2897475 -0.6977861 0.02995606
v 0.1515511 -0.6907012 0.04784907
v 0.2446457 -0.67191 0.07909738
v 0.2677645 -0.6946036 -0.05187372
v 0.1487948 -0.6942847 -0.02803403
v 0.240337 -0.6946934 -0.07825784
v 0.1489643 -0.6942847 -0.0455572
v 0.192172 -0.7012175 -0.08575907
v 0.1453833 -0.6871622 -0.06680763
v 0.1453833 -0.6871622 -0.06680763
v 0.192172 -0.7012175 -0.08575907
v 0.1614698 -0.6757104 -0.09728039

vn 0.335621 0.797073 -0.5020298
vn -0.6211376 0.7835857 0.01349433
vn -0.3356206 0.6358976 -0.6949776
vn 0.8457634 0.5334794 0.009187681
vn 0.5646573 0.2689608 -0.780271
vn -0.5646567 0.1385793 -0.8136087
vn 0.7071073 0.006843888 -0.7070735
vn -0.7071068 0.006843891 -0.7070741
vn 0.7071073 0.006843888 -0.7070735
vn -0.7071068 0.006843891 -0.7070741
vn 0.6354378 -0.4297885 -0.6414835
vn -0.8033454 -0.4217568 -0.4204259
vn 0.7152836 0.6141714 0.3334116
vn -0.7152839 0.5555595 0.4239376
vn 0.713486 0.4153779 0.5642688
vn -0.7134865 0.3350572 0.615365
vn 0.7771363 -0.1757013 0.6043085
vn -0.6620842 -0.6106538 0.4344502
vn 0.3021354 -0.9218656 0.2426495
vn -0.2950525 -0.9389272 -0.177088
vn -0.7707845 -0.6281769 0.106234
vn -1 2.308497E-09 -3.89419E-07
vn -0.5815223 -0.112815 0.8056707
vn -0.5815235 -0.6494686 0.4899201
vn -0.5815236 0.4899201 0.6494682
vn -0.581522 0.8056709 0.1128145
vn -0.5815231 0.6494686 -0.4899206
vn -0.5815217 0.112815 -0.8056712
vn -0.5815231 -0.4899201 -0.6494687
vn -0.581522 -0.8056709 -0.1128149
vn 0.581522 -0.806098 0.1097214
vn 0.5815231 -0.4924101 0.6475832
vn 1 -2.308497E-09 3.89419E-07
vn 0.5815217 0.1097209 0.8060982
vn 0.5815231 0.6475828 0.4924101
vn 0.581522 0.806098 -0.1097209
vn 0.5815236 0.4924101 -0.6475828
vn 0.5815223 -0.1097209 -0.8060978
vn 0.5815235 -0.6475828 -0.4924096
vn -0.7355176 0.6757402 -0.04888405
vn -0.9957848 0.03139682 -0.086183
vn -0.9935158 -0.1128735 -0.01365735
vn -0.8140261 0.5475038 -0.1939119
vn -0.9961147 0.007628062 -0.08773832
vn -0.8507897 0.5158664 -0.1001963
vn -0.9712046 0.0688491 0.2280836
vn -0.831773 0.5062362 0.2277701
vn -0.7993864 -0.57433 -0.176428
vn -0.6286515 -0.7737555 -0.07810291
vn -0.8442424 -0.521511 -0.1236189
vn -0.8766966 -0.3958088 0.2733845
vn 0.04530861 -0.9574488 -0.2850249
vn 0.1678082 -0.9804924 -0.1023503
vn 0.02270855 -0.9750074 -0.2210096
vn -0.2302759 -0.9151338 0.3309135
vn 0.7884135 -0.5891284 -0.1770103
vn 0.810991 -0.5836467 -0.0406278
vn 0.8384321 -0.5233001 -0.1522801
vn 0.7805693 -0.6022844 0.1672301
vn 0.9954149 -0.03111428 -0.09045372
vn 0.9934731 0.1128755 -0.01646998
vn 0.9961148 -0.007285383 -0.08776622
vn 0.9962953 -0.06956426 0.0505693
vn 0.7989407 0.5746674 -0.1773466
vn 0.6289407 0.7743859 -0.06899766
vn 0.8442426 0.5219807 -0.1216193
vn 0.9084324 0.4145047 0.05419568
vn -2.52126E-05 0.9672774 -0.2537225
vn -2.244215E-05 0.9946232 -0.1035616
vn 1.065589E-07 0.9634402 -0.2679246
vn 0.01671094 0.9794582 0.2009543
vn 0.9918673 0.0702038 0.1061663
vn 0.8829093 -0.3895311 0.2621784
vn 0.2435644 -0.776997 0.5804763
vn -0.6416037 -0.4892205 0.5907697
vn -0.873238 -0.05992192 0.4835962
vn -0.7537678 0.4578568 0.4713826
vn 0.03191458 0.901646 0.4312958
vn 0.7744393 0.6019719 0.1946129
vn -0.7131208 0.700728 0.0209651
vn -0.9908996 0.1345994 0.001302376
vn -0.9998549 -0.0170559 -0.0001654703
vn -0.707074 0.7071068 0.006843681
vn -0.7617381 0.6466638 0.03977098
vn -0.999856 -0.01699043 -0.0001648366
vn -0.7916952 0.6105831 -0.02019075
vn -0.9951093 -0.09663536 -0.0204879
vn -0.7984995 -0.6019679 -0.005826647
vn -0.724957 -0.6887189 0.01020955
vn -0.7730758 -0.6334751 0.03261179
vn -0.7058282 -0.7078025 -0.02867879
vn -0.1389871 -0.9902481 -0.009584482
vn -0.020592 -0.9983895 0.05286709
vn -0.02351673 -0.9982361 0.05451748
vn 0.1931772 -0.9805682 -0.03419164
vn 0.6055635 -0.79576 -0.007701778
vn 0.7281845 -0.6846346 0.03199063
vn 0.7764964 -0.6300502 0.009533408
vn 0.8655066 -0.5002529 -0.0254189
vn 0.990899 -0.1346042 -0.001302423
vn 0.999853 0.01716792 0.0001665545
vn 0.9998544 0.01707823 0.0001656865
vn 0.9951232 0.09672733 -0.01934755
vn 0.7984771 0.6019974 0.005826933
vn 0.7247934 0.6886479 0.02095678
vn 0.7728922 0.6332843 0.03986532
vn 0.7059261 0.7079905 -0.02045226
vn 1.126782E-05 0.9999534 0.009678364
vn 2.426171E-05 0.9969187 0.07844364
vn 2.75176E-05 0.9986904 0.05116693
vn 2.800742E-05 0.9997284 -0.02331456
vn 0.8661277 0.4978769 -0.04407059
vn 0.9947508 -0.09419403 -0.03998857
vn 0.7080488 -0.7043621 -0.05041309
vn -0.1968708 -0.9786575 -0.05892094
vn -0.866117 -0.497722 -0.0459863
vn -0.9947507 0.09434859 -0.03962699
vn -0.7938368 0.6063675 -0.04628439
vn 3.027886E-05 0.9984155 -0.05627557
vn 1.126782E-05 0.9999534 0.009678364
vn -0.7355176 0.6757402 -0.04888405
vn -0.707074 0.7071068 0.006843681
vn -2.244215E-05 0.9946232 -0.1035616
vn 0.6289407 0.7743859 -0.06899766
vn 0.7984771 0.6019974 0.005826933
vn 0.9934731 0.1128755 -0.01646998
vn 0.990899 -0.1346042 -0.001302423
vn 0.810991 -0.5836467 -0.0406278
vn 0.6055635 -0.79576 -0.007701778
vn 0.1678082 -0.9804924 -0.1023503
vn -0.1389871 -0.9902481 -0.009584482
vn -0.6286515 -0.7737555 -0.07810291
vn -0.7984995 -0.6019679 -0.005826647
vn -0.9935158 -0.1128735 -0.01365735
vn -0.9908996 0.1345994 0.001302376
vn -0.5418767 -0.8403888 0.01079391
vn -0.6064827 -0.7216786 0.333706
vn -0.7586931 -0.5919345 -0.2720273
vn 0.2695504 -0.9614729 -0.05397237
vn 0.6884202 -0.7234746 0.05160311
vn 0.5279356 -0.8164498 -0.2338678
vn -0.7707845 -0.6281769 0.106234
vn -0.7913952 -0.5515076 -0.2636922
vn -0.2950525 -0.9389272 -0.177088
vn -0.636076 -0.7715787 0.008614635
vn 0.2509487 -0.9215133 -0.2963751
vn 0.7223791 -0.6900128 0.04529049
vn 0.7802381 -0.6179417 0.0968356
vn 0.6621272 -0.7165496 0.2194199
vn -0.8033454 -0.4217568 -0.4204259
vn -0.7134865 0.3350572 0.615365
vn -0.6620842 -0.6106538 0.4344502
vn -0.7071068 0.006843891 -0.7070741
vn -0.7152839 0.5555595 0.4239376
vn -0.7071068 0.006843891 -0.7070741
vn -0.6211376 0.7835857 0.01349433
vn -0.5646567 0.1385793 -0.8136087
vn -0.4026611 -0.8857629 -0.2308429
vn -0.2631969 -0.9585702 0.108955
vn -0.5646567 0.1385793 -0.8136087
vn -0.3356206 0.6358976 -0.6949776
vn -0.6211376 0.7835857 0.01349433
vn -0.6620842 -0.6106538 0.4344502
vn 0.6621272 -0.7165496 0.2194199
vn -0.2631969 -0.9585702 0.108955
vn 0.7223791 -0.6900128 0.04529049
vn 0.6354378 -0.4297885 -0.6414835
vn -0.7586931 -0.5919345 -0.2720273
vn 0.499731 -0.8564274 -0.1296201
vn -0.5418767 -0.8403888 0.01079391
vn -0.4026611 -0.8857629 -0.2308429
vn 0.2695504 -0.9614729 -0.05397237
vn -0.8033454 -0.4217568 -0.4204259
vn 0.5279356 -0.8164498 -0.2338678
vn 0.499731 -0.8564274 -0.1296201
vn -0.7707845 -0.6281769 0.106234
vn 0.3021354 -0.9218656 0.2426495
vn -0.7586931 -0.5919345 -0.2720273
vn -0.2631969 -0.9585702 0.108955
vn 0.5279356 -0.8164498 -0.2338678
vn -0.4026611 -0.8857629 -0.2308429
vn 0.6621272 -0.7165496 0.2194199
vn 0.499731 -0.8564274 -0.1296201
vn 0.7771363 -0.1757013 0.6043085
vn 0.6354378 -0.4297885 -0.6414835
vn 0.3021354 -0.9218656 0.2426495
vn 0.713486 0.4153779 0.5642688
vn 0.7071073 0.006843888 -0.7070735
vn 0.7152836 0.6141714 0.3334116
vn 0.7071073 0.006843888 -0.7070735
vn 0.8457634 0.5334794 0.009187681
vn 0.5646573 0.2689608 -0.780271
vn 0.5646573 0.2689608 -0.780271
vn 0.8457634 0.5334794 0.009187681
vn 0.335621 0.797073 -0.5020298

vt 0.741359 0.167389
vt 0.738822 0.155951
vt 0.739308 0.155864
vt 0.740874 0.167475
vt 0.742521 0.167182
vt 0.74047 0.155657
vt 0.744837 0.16677
vt 0.742786 0.155245
vt 0.749819 0.165883
vt 0.747768 0.154358
vt 0.765186 0.163148
vt 0.763135 0.151623
vt 0.744065 0.166907
vt 0.742014 0.155382
vt 0.748696 0.166083
vt 0.746645 0.154558
vt 0.763502 0.163447
vt 0.761451 0.151923
vt 0.766833 0.162231
vt 0.761451 0.151923
vt 0.765163 0.152849
vt 0.662163 0.245539
vt 0.667944 0.245539
vt 0.666251 0.242582
vt 0.666251 0.248495
vt 0.662163 0.24972
vt 0.658075 0.248495
vt 0.656382 0.245539
vt 0.658075 0.242582
vt 0.662163 0.241358
vt 0.662163 0.241358
vt 0.666251 0.242582
vt 0.662163 0.245539
vt 0.667944 0.245539
vt 0.666251 0.248495
vt 0.662163 0.24972
vt 0.658075 0.248495
vt 0.656382 0.245539
vt 0.658075 0.242582
vt 0.883495 0.029851
vt 0.899045 0.02665
vt 0.883495 0.02665
vt 0.899045 0.032056
vt 0.914596 0.02665
vt 0.914596 0.03617
vt 0.929472 0.02665
vt 0.929472 0.036652
vt 0.899045 0.021245
vt 0.883495 0.023449
vt 0.914596 0.01713
vt 0.929472 0.016648
vt 0.899045 0.019006
vt 0.883495 0.022124
vt 0.914596 0.013187
vt 0.929472 0.012505
vt 0.899045 0.021245
vt 0.883495 0.023449
vt 0.914596 0.01713
vt 0.929472 0.016648
vt 0.899045 0.02665
vt 0.883495 0.02665
vt 0.914596 0.02665
vt 0.929472 0.02665
vt 0.899045 0.032056
vt 0.883495 0.029851
vt 0.914596 0.03617
vt 0.929472 0.036652
vt 0.899045 0.034294
vt 0.883495 0.031177
vt 0.914596 0.040114
vt 0.929472 0.040795
vt 0.931714 0.02665
vt 0.931714 0.017671
vt 0.931714 0.013951
vt 0.931714 0.017671
vt 0.931714 0.02665
vt 0.931714 0.03563
vt 0.931714 0.039349
vt 0.931714 0.03563
vt 0.816237 0.028656
vt 0.82564 0.025752
vt 0.816237 0.025752
vt 0.82564 0.028553
vt 0.806834 0.029626
vt 0.806834 0.025752
vt 0.797431 0.029833
vt 0.797431 0.025752
vt 0.82564 0.022951
vt 0.816237 0.022848
vt 0.806834 0.021878
vt 0.797431 0.021671
vt 0.82564 0.021791
vt 0.816237 0.021644
vt 0.806834 0.020273
vt 0.797431 0.01998
vt 0.82564 0.022951
vt 0.816237 0.022848
vt 0.806834 0.021878
vt 0.797431 0.021671
vt 0.82564 0.025752
vt 0.816237 0.025752
vt 0.806834 0.025752
vt 0.797431 0.025752
vt 0.82564 0.028553
vt 0.816237 0.028656
vt 0.806834 0.029626
vt 0.797431 0.029833
vt 0.82564 0.029713
vt 0.816237 0.029859
vt 0.806834 0.03123
vt 0.797431 0.031523
vt 0.785429 0.029257
vt 0.785429 0.025752
vt 0.785429 0.022246
vt 0.785429 0.020794
vt 0.785429 0.022246
vt 0.785429 0.025752
vt 0.785429 0.029257
vt 0.785429 0.03071
vt 0.827048 0.030972
vt 0.880998 0.029789
vt 0.827054 0.029778
vt 0.88099 0.030983
vt 0.880998 0.029789
vt 0.827054 0.029778
vt 0.881015 0.026906
vt 0.827071 0.026896
vt 0.88103 0.024024
vt 0.827087 0.024013
vt 0.881038 0.02283
vt 0.827094 0.022819
vt 0.88103 0.024024
vt 0.827087 0.024013
vt 0.881015 0.026906
vt 0.827071 0.026896
vt 0.267562 0.094071
vt 0.287414 0.101109
vt 0.277924 0.085332
vt 0.262215 0.078327
vt 0.280985 0.087969
vt 0.272285 0.073377
vt 0.313409 0.07751
vt 0.328568 0.091623
vt 0.335026 0.082613
vt 0.312039 0.094699
vt 0.316292 0.078232
vt 0.322062 0.07046
vt 0.303287 0.082891
vt 0.304242 0.067243
vt 0.653388 0.234888
vt 0.669688 0.247238
vt 0.675719 0.236149
vt 0.653388 0.246397
vt 0.664965 0.250706
vt 0.653388 0.250128
vt 0.655526 0.253096
vt 0.653388 0.251862
vt 0.656585 0.233574
vt 0.667799 0.233574
vt 0.653442 0.248598
vt 0.654158 0.249589
vt 0.655875 0.250003
vt 0.766833 0.162231
vt 0.761451 0.151923
vt 0.763502 0.163447
vt 0.765163 0.152849
vt 0.766833 0.162231
vt 0.763135 0.151623
vt 0.765163 0.152849
vt 0.765186 0.163148
vt 0.766833 0.162231
vt 0.763135 0.151623
vt 0.765163 0.152849
vt 0.765186 0.163148
vt 0.660244 0.233653
vt 0.665163 0.23425
vt 0.660244 0.23425
vt 0.665163 0.233653
vt 0.660244 0.233653
vt 0.665163 0.23425
vt 0.660244 0.23425
vt 0.665163 0.233653
vt 0.656585 0.233574
vt 0.675719 0.236149
vt 0.653388 0.234888
vt 0.667799 0.233574
vt 0.669688 0.247238
vt 0.653388 0.246397
vt 0.664965 0.250706
vt 0.653388 0.250128
vt 0.655526 0.253096
vt 0.653388 0.251862
vt 0.653442 0.248598
vt 0.655875 0.250003
vt 0.654158 0.249589
f 3338/3338/3338 3337/3337/3337 3339/3339/3339
f 3340/3340/3340 3337/3337/3337 3338/3338/3338
f 3337/3337/3337 3341/3341/3341 3339/3339/3339
f 3339/3339/3339 3341/3341/3341 3342/3342/3342
f 3341/3341/3341 3343/3343/3343 3342/3342/3342
f 3342/3342/3342 3343/3343/3343 3344/3344/3344
f 3343/3343/3343 3345/3345/3345 3344/3344/3344
f 3344/3344/3344 3345/3345/3345 3346/3346/3346
f 3345/3345/3345 3347/3347/3347 3346/3346/3346
f 3346/3346/3346 3347/3347/3347 3348/3348/3348
f 3338/3338/3338 3349/3349/3349 3340/3340/3340
f 3350/3350/3350 3349/3349/3349 3338/3338/3338
f 3350/3350/3350 3351/3351/3351 3349/3349/3349
f 3352/3352/3352 3351/3351/3351 3350/3350/3350
f 3352/3352/3352 3353/3353/3353 3351/3351/3351
f 3354/3354/3354 3353/3353/3353 3352/3352/3352
f 3356/3356/3356 3355/3355/3355 3353/3353/3353
f 3357/3357/3357 3355/3355/3355 3356/3356/3356
f 3359/3359/3359 3358/3358/3358 3360/3360/3360
f 3361/3361/3361 3358/3358/3358 3359/3359/3359
f 3362/3362/3362 3358/3358/3358 3361/3361/3361
f 3363/3363/3363 3358/3358/3358 3362/3362/3362
f 3364/3364/3364 3358/3358/3358 3363/3363/3363
f 3365/3365/3365 3358/3358/3358 3364/3364/3364
f 3366/3366/3366 3358/3358/3358 3365/3365/3365
f 3366/3366/3366 3360/3360/3360 3358/3358/3358
f 3367/3367/3367 3360/3360/3360 3366/3366/3366
f 3368/3368/3368 3360/3360/3360 3367/3367/3367
f 3360/3360/3360 3368/3368/3368 3359/3359/3359
f 3367/3367/3367 3369/3369/3369 3368/3368/3368
f 3368/3368/3368 3369/3369/3369 3370/3370/3370
f 3370/3370/3370 3361/3361/3361 3359/3359/3359
f 3359/3359/3359 3368/3368/3368 3370/3370/3370
f 3370/3370/3370 3369/3369/3369 3371/3371/3371
f 3371/3371/3371 3362/3362/3362 3361/3361/3361
f 3371/3371/3371 3361/3361/3361 3370/3370/3370
f 3371/3371/3371 3369/3369/3369 3372/3372/3372
f 3372/3372/3372 3363/3363/3363 3362/3362/3362
f 3372/3372/3372 3362/3362/3362 3371/3371/3371
f 3372/3372/3372 3369/3369/3369 3373/3373/3373
f 3373/3373/3373 3364/3364/3364 3363/3363/3363
f 3373/3373/3373 3363/3363/3363 3372/3372/3372
f 3373/3373/3373 3369/3369/3369 3374/3374/3374
f 3374/3374/3374 3365/3365/3365 3364/3364/3364
f 3374/3374/3374 3364/3364/3364 3373/3373/3373
f 3374/3374/3374 3369/3369/3369 3375/3375/3375
f 3375/3375/3375 3369/3369/3369 3367/3367/3367
f 3375/3375/3375 3366/3366/3366 3365/3365/3365
f 3367/3367/3367 3366/3366/3366 3375/3375/3375
f 3375/3375/3375 3365/3365/3365 3374/3374/3374
f 3377/3377/3377 3376/3376/3376 3378/3378/3378
f 3379/3379/3379 3376/3376/3376 3377/3377/3377
f 3380/3380/3380 3379/3379/3379 3377/3377/3377
f 3381/3381/3381 3379/3379/3379 3380/3380/3380
f 3382/3382/3382 3381/3381/3381 3380/3380/3380
f 3383/3383/3383 3381/3381/3381 3382/3382/3382
f 3377/3377/3377 3378/3378/3378 3384/3384/3384
f 3384/3384/3384 3378/3378/3378 3385/3385/3385
f 3386/3386/3386 3377/3377/3377 3384/3384/3384
f 3380/3380/3380 3377/3377/3377 3386/3386/3386
f 3387/3387/3387 3380/3380/3380 3386/3386/3386
f 3382/3382/3382 3380/3380/3380 3387/3387/3387
f 3384/3384/3384 3385/3385/3385 3388/3388/3388
f 3388/3388/3388 3385/3385/3385 3389/3389/3389
f 3390/3390/3390 3384/3384/3384 3388/3388/3388
f 3386/3386/3386 3384/3384/3384 3390/3390/3390
f 3391/3391/3391 3386/3386/3386 3390/3390/3390
f 3387/3387/3387 3386/3386/3386 3391/3391/3391
f 3388/3388/3388 3389/3389/3389 3392/3392/3392
f 3392/3392/3392 3389/3389/3389 3393/3393/3393
f 3394/3394/3394 3388/3388/3388 3392/3392/3392
f 3390/3390/3390 3388/3388/3388 3394/3394/3394
f 3395/3395/3395 3390/3390/3390 3394/3394/3394
f 3391/3391/3391 3390/3390/3390 3395/3395/3395
f 3392/3392/3392 3393/3393/3393 3396/3396/3396
f 3396/3396/3396 3393/3393/3393 3397/3397/3397
f 3398/3398/3398 3392/3392/3392 3396/3396/3396
f 3394/3394/3394 3392/3392/3392 3398/3398/3398
f 3399/3399/3399 3394/3394/3394 3398/3398/3398
f 3395/3395/3395 3394/3394/3394 3399/3399/3399
f 3396/3396/3396 3397/3397/3397 3400/3400/3400
f 3400/3400/3400 3397/3397/3397 3401/3401/3401
f 3402/3402/3402 3396/3396/3396 3400/3400/3400
f 3398/3398/3398 3396/3396/3396 3402/3402/3402
f 3403/3403/3403 3398/3398/3398 3402/3402/3402
f 3399/3399/3399 3398/3398/3398 3403/3403/3403
f 3400/3400/3400 3401/3401/3401 3404/3404/3404
f 3404/3404/3404 3401/3401/3401 3405/3405/3405
f 3406/3406/3406 3400/3400/3400 3404/3404/3404
f 3402/3402/3402 3400/3400/3400 3406/3406/3406
f 3407/3407/3407 3402/3402/3402 3406/3406/3406
f 3403/3403/3403 3402/3402/3402 3407/3407/3407
f 3405/3405/3405 3376/3376/3376 3404/3404/3404
f 3404/3404/3404 3376/3376/3376 3379/3379/3379
f 3404/3404/3404 3379/3379/3379 3406/3406/3406
f 3406/3406/3406 3379/3379/3379 3381/3381/3381
f 3406/3406/3406 3381/3381/3381 3407/3407/3407
f 3407/3407/3407 3381/3381/3381 3383/3383/3383
f 3399/3399/3399 3403/3403/3403 3408/3408/3408
f 3409/3409/3409 3399/3399/3399 3408/3408/3408
f 3395/3395/3395 3399/3399/3399 3409/3409/3409
f 3410/3410/3410 3395/3395/3395 3409/3409/3409
f 3391/3391/3391 3395/3395/3395 3410/3410/3410
f 3411/3411/3411 3391/3391/3391 3410/3410/3410
f 3387/3387/3387 3391/3391/3391 3411/3411/3411
f 3412/3412/3412 3387/3387/3387 3411/3411/3411
f 3382/3382/3382 3387/3387/3387 3412/3412/3412
f 3413/3413/3413 3382/3382/3382 3412/3412/3412
f 3383/3383/3383 3382/3382/3382 3413/3413/3413
f 3383/3383/3383 3413/3413/3413 3407/3407/3407
f 3407/3407/3407 3413/3413/3413 3414/3414/3414
f 3414/3414/3414 3415/3415/3415 3407/3407/3407
f 3408/3408/3408 3403/3403/3403 3415/3415/3415
f 3407/3407/3407 3415/3415/3415 3403/3403/3403
f 3417/3417/3417 3416/3416/3416 3418/3418/3418
f 3419/3419/3419 3416/3416/3416 3417/3417/3417
f 3420/3420/3420 3418/3418/3418 3416/3416/3416
f 3421/3421/3421 3418/3418/3418 3420/3420/3420
f 3422/3422/3422 3421/3421/3421 3420/3420/3420
f 3423/3423/3423 3421/3421/3421 3422/3422/3422
f 3418/3418/3418 3424/3424/3424 3417/3417/3417
f 3425/3425/3425 3424/3424/3424 3418/3418/3418
f 3421/3421/3421 3425/3425/3425 3418/3418/3418
f 3426/3426/3426 3425/3425/3425 3421/3421/3421
f 3423/3423/3423 3426/3426/3426 3421/3421/3421
f 3427/3427/3427 3426/3426/3426 3423/3423/3423
f 3425/3425/3425 3428/3428/3428 3424/3424/3424
f 3429/3429/3429 3428/3428/3428 3425/3425/3425
f 3426/3426/3426 3429/3429/3429 3425/3425/3425
f 3430/3430/3430 3429/3429/3429 3426/3426/3426
f 3427/3427/3427 3430/3430/3430 3426/3426/3426
f 3431/3431/3431 3430/3430/3430 3427/3427/3427
f 3429/3429/3429 3432/3432/3432 3428/3428/3428
f 3433/3433/3433 3432/3432/3432 3429/3429/3429
f 3430/3430/3430 3433/3433/3433 3429/3429/3429
f 3434/3434/3434 3433/3433/3433 3430/3430/3430
f 3431/3431/3431 3434/3434/3434 3430/3430/3430
f 3435/3435/3435 3434/3434/3434 3431/3431/3431
f 3433/3433/3433 3436/3436/3436 3432/3432/3432
f 3437/3437/3437 3436/3436/3436 3433/3433/3433
f 3434/3434/3434 3437/3437/3437 3433/3433/3433
f 3438/3438/3438 3437/3437/3437 3434/3434/3434
f 3435/3435/3435 3438/3438/3438 3434/3434/3434
f 3439/3439/3439 3438/3438/3438 3435/3435/3435
f 3437/3437/3437 3440/3440/3440 3436/3436/3436
f 3441/3441/3441 3440/3440/3440 3437/3437/3437
f 3438/3438/3438 3441/3441/3441 3437/3437/3437
f 3442/3442/3442 3441/3441/3441 3438/3438/3438
f 3439/3439/3439 3442/3442/3442 3438/3438/3438
f 3443/3443/3443 3442/3442/3442 3439/3439/3439
f 3441/3441/3441 3444/3444/3444 3440/3440/3440
f 3445/3445/3445 3444/3444/3444 3441/3441/3441
f 3442/3442/3442 3445/3445/3445 3441/3441/3441
f 3446/3446/3446 3445/3445/3445 3442/3442/3442
f 3443/3443/3443 3446/3446/3446 3442/3442/3442
f 3447/3447/3447 3446/3446/3446 3443/3443/3443
f 3445/3445/3445 3416/3416/3416 3444/3444/3444
f 3444/3444/3444 3416/3416/3416 3419/3419/3419
f 3420/3420/3420 3445/3445/3445 3446/3446/3446
f 3416/3416/3416 3445/3445/3445 3420/3420/3420
f 3422/3422/3422 3446/3446/3446 3447/3447/3447
f 3420/3420/3420 3446/3446/3446 3422/3422/3422
f 3443/3443/3443 3439/3439/3439 3448/3448/3448
f 3448/3448/3448 3439/3439/3439 3449/3449/3449
f 3439/3439/3439 3435/3435/3435 3449/3449/3449
f 3449/3449/3449 3435/3435/3435 3450/3450/3450
f 3435/3435/3435 3431/3431/3431 3450/3450/3450
f 3450/3450/3450 3431/3431/3431 3451/3451/3451
f 3431/3431/3431 3427/3427/3427 3451/3451/3451
f 3451/3451/3451 3427/3427/3427 3452/3452/3452
f 3427/3427/3427 3423/3423/3423 3452/3452/3452
f 3423/3423/3423 3422/3422/3422 3453/3453/3453
f 3452/3452/3452 3423/3423/3423 3453/3453/3453
f 3453/3453/3453 3422/3422/3422 3454/3454/3454
f 3455/3455/3455 3422/3422/3422 3447/3447/3447
f 3454/3454/3454 3422/3422/3422 3455/3455/3455
f 3455/3455/3455 3443/3443/3443 3448/3448/3448
f 3447/3447/3447 3443/3443/3443 3455/3455/3455
f 3457/3457/3457 3456/3456/3456 3458/3458/3458
f 3459/3459/3459 3456/3456/3456 3457/3457/3457
f 3460/3460/3460 3456/3456/3456 3459/3459/3459
f 3461/3461/3461 3456/3456/3456 3460/3460/3460
f 3462/3462/3462 3461/3461/3461 3460/3460/3460
f 3463/3463/3463 3461/3461/3461 3462/3462/3462
f 3464/3464/3464 3463/3463/3463 3462/3462/3462
f 3465/3465/3465 3463/3463/3463 3464/3464/3464
f 3466/3466/3466 3465/3465/3465 3464/3464/3464
f 3467/3467/3467 3465/3465/3465 3466/3466/3466
f 3468/3468/3468 3467/3467/3467 3466/3466/3466
f 3469/3469/3469 3467/3467/3467 3468/3468/3468
f 3470/3470/3470 3469/3469/3469 3468/3468/3468
f 3471/3471/3471 3469/3469/3469 3470/3470/3470
f 3457/3457/3457 3471/3471/3471 3470/3470/3470
f 3458/3458/3458 3471/3471/3471 3457/3457/3457
f 3473/3473/3473 3472/3472/3472 3474/3474/3474
f 3473/3473/3473 3475/3475/3475 3472/3472/3472
f 3476/3476/3476 3475/3475/3475 3473/3473/3473
f 3476/3476/3476 3477/3477/3477 3475/3475/3475
f 3479/3479/3479 3478/3478/3478 3480/3480/3480
f 3481/3481/3481 3478/3478/3478 3479/3479/3479
f 3479/3479/3479 3480/3480/3480 3482/3482/3482
f 3482/3482/3482 3481/3481/3481 3479/3479/3479
f 3482/3482/3482 3480/3480/3480 3483/3483/3483
f 3482/3482/3482 3483/3483/3483 3484/3484/3484
f 3484/3484/3484 3481/3481/3481 3482/3482/3482
f 3484/3484/3484 3483/3483/3483 3485/3485/3485
f 3487/3487/3487 3486/3486/3486 3488/3488/3488
f 3489/3489/3489 3486/3486/3486 3487/3487/3487
f 3490/3490/3490 3489/3489/3489 3487/3487/3487
f 3491/3491/3491 3489/3489/3489 3490/3490/3490
f 3490/3490/3490 3492/3492/3492 3491/3491/3491
f 3491/3491/3491 3492/3492/3492 3493/3493/3493
f 3486/3486/3486 3494/3494/3494 3488/3488/3488
f 3488/3488/3488 3494/3494/3494 3495/3495/3495
f 3497/3497/3497 3496/3496/3496 3498/3498/3498
f 3500/3500/3500 3499/3499/3499 3501/3501/3501
f 3502/3502/3502 3499/3499/3499 3500/3500/3500
f 3504/3504/3504 3503/3503/3503 3505/3505/3505
f 3506/3506/3506 3503/3503/3503 3504/3504/3504
f 3508/3508/3508 3507/3507/3507 3509/3509/3509
f 3510/3510/3510 3507/3507/3507 3508/3508/3508
f 3512/3512/3512 3511/3511/3511 3513/3513/3513
f 3514/3514/3514 3511/3511/3511 3512/3512/3512
f 3516/3516/3516 3515/3515/3515 3517/3517/3517
f 3518/3518/3518 3515/3515/3515 3516/3516/3516
f 3520/3520/3520 3519/3519/3519 3521/3521/3521
f 3522/3522/3522 3519/3519/3519 3520/3520/3520
f 3520/3520/3520 3521/3521/3521 3523/3523/3523
f 3523/3523/3523 3521/3521/3521 3524/3524/3524
f 3523/3523/3523 3524/3524/3524 3525/3525/3525
f 3525/3525/3525 3524/3524/3524 3526/3526/3526
f 3525/3525/3525 3526/3526/3526 3527/3527/3527
f 3527/3527/3527 3526/3526/3526 3528/3528/3528
f 3530/3530/3530 3529/3529/3529 3531/3531/3531
f 3481/3481/3481 3474/3474/3474 3478/3478/3478
f 3473/3473/3473 3474/3474/3474 3481/3481/3481
f 3481/3481/3481 3476/3476/3476 3473/3473/3473
f 3484/3484/3484 3476/3476/3476 3481/3481/3481
f 3484/3484/3484 3485/3485/3485 3476/3476/3476
f 3476/3476/3476 3485/3485/3485 3477/3477/3477
