v -0.008683606 1.013784 0.9213331
v -0.1274957 1.06136 0.966048
v -0.006887298 1.0631 0.9310032
v -0.1447267 1.009827 0.9486986
v -0.01532429 0.959106 0.8893307
v -0.1521491 0.9552388 0.9145443
v -0.05601868 0.861226 0.7594981
v -0.1877343 0.8757627 0.7753413
v -0.1691138 0.8583027 0.7340396
v -0.08139011 0.8533697 0.7199966
v -0.05601868 0.861226 0.7594981
v -0.05411091 0.9958314 0.7047288
v -0.06428251 0.9727342 0.6860606
v -0.1896969 0.995018 0.7295501
v -0.1962252 0.9646831 0.7051084
v -0.1877343 0.8757627 0.7753413
v -0.1691138 0.8583027 0.7340396
v -0.1521491 0.9552388 0.9145443
v -0.1729534 1.054864 0.8170185
v -0.01532429 0.959106 0.8893307
v -0.0375753 1.050436 0.7842924
v -0.1447267 1.009827 0.9486986
v -0.1698378 1.085258 0.8293442
v -0.008683606 1.013784 0.9213331
v -0.02303394 1.079384 0.8099905
v -0.1274957 1.06136 0.966048
v -0.006887298 1.0631 0.9310032
v -0.4508865 0.9473847 0.5010418
v -0.4747652 0.9998298 0.542402
v -0.4727732 1.021869 0.4951776
v -0.4907873 0.9253457 0.5263798
v -0.4594865 1.012738 0.4587946
v -0.4610893 0.9344761 0.4528126
v -0.4794574 1.012738 0.4209968
v -0.4838366 0.934476 0.4166175
v -0.5156524 1.012738 0.3982481
v -0.5216349 0.934476 0.3966451
v -0.5583728 1.012738 0.3966449
v -0.5643553 0.934476 0.398248
v -0.5961707 1.012738 0.4166172
v -0.6005498 0.9344761 0.4209963
v -0.618919 1.012738 0.4528117
v -0.6205219 0.934476 0.4587941
v -0.6205219 1.012738 0.4955322
v -0.6189189 0.934476 0.5015147
v -0.6005493 1.012738 0.5333306
v -0.5961699 0.934476 0.5377097
v -0.5643544 1.012738 0.5560778
v -0.5583724 0.934476 0.5576807
v -0.5216352 1.012738 0.5576808
v -0.515653 0.934476 0.5560778
v -0.5230187 0.934476 0.5525165
v -0.478546 0.9473848 0.538621
v -0.5170363 0.8936374 0.5509133
v -0.5569897 0.8936374 0.5525165
v -0.5629722 0.934476 0.5509133
v -0.5923907 0.8936373 0.5339283
v -0.5967697 0.9344761 0.5295492
v -0.6137549 0.8936374 0.5001308
v -0.6153579 0.934476 0.4941483
v -0.6153579 0.8936374 0.4601773
v -0.6137549 0.934476 0.4541949
v -0.5967698 0.8936374 0.4247764
v -0.5923907 0.9344761 0.4203971
v -0.5629722 0.8936374 0.4034119
v -0.5569897 0.934476 0.4018088
v -0.5230188 0.8936375 0.401809
v -0.5170364 0.934476 0.4034119
v -0.4876179 0.8936373 0.4203971
v -0.4832388 0.9344761 0.4247763
v -0.4662536 0.8936374 0.4541948
v -0.4646505 0.934476 0.4601772
v -0.4560506 0.8807288 0.4996585
v -0.4779373 0.9253457 0.4937939
v -0.4945682 0.9027677 0.5225987
v -0.118019 0.9094455 0.6272175
v -0.4175743 0.9421897 0.4603761
v -0.4169358 0.9012339 0.4592756
v -0.1210291 0.9516268 0.6324089
v -0.4284006 0.977026 0.4790447
v -0.1342188 0.9851584 0.65515
v -0.4465154 0.9964034 0.5102794
v -0.1540518 1.001053 0.6893483
v -0.4670644 0.9951313 0.5457111
v -0.1752139 0.995051 0.7258371
v -0.4845401 0.9735514 0.5758446
v -0.1920365 0.9687625 0.7548436
v -0.494262 0.9374416 0.5926084
v -0.2000106 0.9292291 0.7685925
v -0.4936232 0.8964829 0.5915064
v -0.197 0.887046 0.7634003
v -0.4827954 0.861648 0.5728373
v -0.1838101 0.8535152 0.7406579
v -0.464681 0.8422719 0.5416031
v -0.163978 0.8376223 0.7064618
v -0.4441327 0.8435439 0.5061724
v -0.1428152 0.8436238 0.669971
v -0.4266566 0.8651259 0.4760368
v -0.1259924 0.8699148 0.640965
v -0.4611354 0.9998296 0.4982947
v -0.4794222 0.9991965 0.5377447
v -0.4620464 1.011481 0.4980507
v -0.4982903 1.021869 0.5188766
v -0.4590995 1.005522 0.4561407
v -0.4713382 1.012738 0.4555586
v -0.4804501 1.005522 0.4185038
v -0.4913404 1.012738 0.4241191
v -0.5177593 1.005521 0.3965855
v -0.5243823 1.012738 0.4068938
v -0.5610264 1.005522 0.3962581
v -0.5616083 1.012738 0.4084966
v -0.5986632 1.005522 0.4176086
v -0.5930479 1.012738 0.4284988
v -0.6205813 1.005521 0.4549178
v -0.6102731 1.012738 0.4615407
v -0.6209089 1.005521 0.4981857
v -0.6086699 1.012738 0.4987678
v -0.5995572 1.005521 0.5358224
v -0.5886673 1.012738 0.5302066
v -0.5622498 1.005521 0.5577397
v -0.5556265 1.012738 0.5474316
v -0.5189822 1.005521 0.5580674
v -0.5184002 1.012738 0.545829
v -0.4368035 0.7187467 0.5048152
v -0.4644561 0.7819498 0.5527111
v -0.4368035 0.7819498 0.5048154
v -0.4767126 0.6996937 0.5404543
v -0.4454035 0.7948584 0.4550202
v -0.4352905 0.7254788 0.4447497
v -0.4691488 0.7948584 0.4106863
v -0.4735281 0.705838 0.4063071
v -0.5075914 0.7752176 0.372449
v -0.517862 0.705838 0.3825617
v -0.5604859 0.8021813 0.3920807
v -0.5681289 0.705838 0.3841649
v -0.6064804 0.7948584 0.4063071
v -0.6108598 0.705838 0.4106865
v -0.644718 0.7752176 0.44475
v -0.6409044 0.7134067 0.4539214
v -0.6409043 0.7872897 0.5004042
v -0.6447179 0.7254788 0.5095757
v -0.6108598 0.7948585 0.5436391
v -0.6064804 0.705838 0.5480182
v -0.5703267 0.7872897 0.5761654
v -0.5621465 0.705838 0.5717638
v -0.5187898 0.7994004 0.5664453
v -0.5118797 0.705838 0.5701604
v -0.4620464 1.011481 0.4980507
v -0.4993075 1.037004 0.5178596
v -0.4987816 1.044821 0.488208
v -0.4794222 0.9991965 0.5377447
v -0.4853809 1.03816 0.4651782
v -0.4590995 1.005522 0.4561407
v -0.5057889 1.043305 0.4454057
v -0.4804501 1.005522 0.4185038
v -0.526252 1.043305 0.4325525
v -0.5177593 1.005521 0.3965855
v -0.5510635 1.041464 0.4278437
v -0.5610264 1.005522 0.3962581
v -0.5699363 1.044411 0.4451304
v -0.5986632 1.005522 0.4176086
v -0.5933019 1.03816 0.4602309
v -0.6205813 1.005521 0.4549178
v -0.5893233 1.041464 0.4882221
v -0.6209089 1.005521 0.4981857
v -0.5771863 1.041464 0.5114004
v -0.5995572 1.005521 0.5358224
v -0.5527787 1.044411 0.5191011
v -0.5622498 1.005521 0.5577397
v -0.5300986 1.044411 0.5198697
v -0.5189822 1.005521 0.5580674
v -0.441547 0.8098462 0.5035443
v -0.4644561 0.8807287 0.5527108
v -0.4586903 0.9027677 0.4989508
v -0.4644561 0.8175256 0.552711
v -0.4454035 0.8936374 0.4550203
v -0.4352905 0.8242579 0.4447497
v -0.4691488 0.8936374 0.4106864
v -0.4769907 0.8000749 0.4104489
v -0.5118797 0.8936374 0.3841649
v -0.5157179 0.8242579 0.3702716
v -0.5621466 0.8936374 0.3825619
v -0.5648076 0.7972941 0.3932386
v -0.6064804 0.8936374 0.4063072
v -0.6108598 0.804617 0.4106866
v -0.6330021 0.8936374 0.4490381
v -0.6468955 0.8242579 0.4528763
v -0.6346051 0.8936374 0.4993052
v -0.6390069 0.8121857 0.5074853
v -0.6108598 0.8936374 0.5436392
v -0.6064804 0.804617 0.5480183
v -0.5681288 0.8936374 0.5701607
v -0.5632454 0.8121858 0.5780629
v -0.517862 0.8936374 0.5717636
v -0.5137353 0.800075 0.5650911
v -0.3966435 0.8775325 0.4969943
v -0.4982708 0.904722 0.4044064
v -0.5091212 0.8619593 0.4228771
v -0.3899957 0.9073973 0.4857188
v -0.4108416 0.8557692 0.521355
v -0.5278133 0.838914 0.4547212
v -0.4286349 0.8509988 0.5518813
v -0.5498298 0.8374203 0.492239
v -0.4452635 0.8645488 0.5804035
v -0.5692703 0.8578756 0.5253738
v -0.4790693 0.8875444 0.5990564
v -0.5809278 0.8947991 0.5452516
v -0.4684691 0.9287999 0.6050176
v -0.5816773 0.938298 0.5465442
v -0.4517659 0.9612793 0.5915425
v -0.5713197 0.9767159 0.5289063
v -0.4374953 0.9830179 0.567058
v -0.5526272 0.9997613 0.4970622
v -0.4196773 0.9876519 0.5364891
v -0.5306108 1.001255 0.4595458
v -0.4030966 0.9739907 0.5080475
v -0.5111692 0.9808002 0.42641
v -0.4051648 0.9475466 0.465601
v -0.5001919 0.948123 0.4076809
v -0.151499 0.9024664 0.6160051
v 0.01888556 0.8756033 0.7352792
v 0.02259678 0.9093961 0.7135864
v -0.1694658 0.8719127 0.6321009
v 0.004082937 0.8529849 0.7607955
v -0.1848409 0.8524032 0.6586056
v -0.01440945 0.848147 0.7926731
v -0.20305 0.8508273 0.6899979
v -0.03163835 0.8623837 0.8223738
v -0.219217 0.8676091 0.7178667
v -0.06583033 0.886598 0.841718
v -0.218276 0.8950411 0.7549361
v -0.05525318 0.9292778 0.8478009
v -0.2264253 0.9362105 0.7451793
v -0.03827218 0.9630666 0.8338116
v -0.2213745 0.966766 0.7215849
v -0.02347436 0.9856852 0.8083004
v -0.2059978 0.9862742 0.695078
v -0.004982507 0.9905292 0.7764233
v -0.1877867 0.9878455 0.6636837
v 0.01224972 0.9762954 0.7467184
v -0.1716228 0.97106 0.6358184
v 0.01206005 0.9520799 0.7074251
v -0.1389896 0.9436331 0.6182317
v -1.002524 0.9843181 0.3584743
v -1.116495 0.9788387 0.3679508
v -0.9958159 0.9684266 0.3931898
v -1.104149 1.01335 0.3356066
v -1.003373 0.9583001 0.4216486
v -1.12465 0.9677346 0.4148525
v -1.026737 0.9582093 0.4622105
v -1.126429 0.978694 0.4535814
v -1.122561 1.00928 0.4858511
v -1.000943 0.9912272 0.4798625
v -1.022793 1.023692 0.5057293
v -1.112511 1.055425 0.4985175
v -1.000306 1.059389 0.4935627
v -1.100859 1.096623 0.4860903
v -0.9803835 1.076052 0.4621934
v -1.089971 1.125662 0.4540695
v -0.9830205 1.099751 0.4304622
v -1.082762 1.134768 0.4110332
v -0.9786068 1.088151 0.3893813
v -1.080983 1.123809 0.3723038
v -1.084852 1.093222 0.3400325
v -0.9734135 1.052879 0.3728076
v -1.005905 1.028829 0.3386141
v -1.093776 1.051386 0.3273044
v -1.14985 1.132681 0.2900919
v -1.208498 1.137626 0.31026
v -1.204223 1.134117 0.3047594
v -1.142452 1.145903 0.3108139
v -1.104441 1.103352 0.289536
v -1.088875 1.106999 0.3102599
v -1.094839 1.043969 0.2899554
v -1.078898 1.039697 0.316941
v -1.121189 0.9864018 0.31026
v -1.132845 0.9973446 0.2895348
v -1.18704 0.9794983 0.310812
v -1.186836 0.9946494 0.2900898
v -1.240099 1.01969 0.3102594
v -1.229156 1.031345 0.2895347
v -1.244599 1.084097 0.3050418
v -1.23316 1.081032 0.2899528
v -1.199133 1.135724 0.4057044
v -1.142932 1.127589 0.3943097
v -1.084679 1.1 0.4180203
v -1.118154 0.9954633 0.4057045
v -1.092686 1.043392 0.3986397
v -1.178299 0.9955982 0.3943096
v -1.236137 1.012556 0.4180206
v -1.244884 1.084173 0.4115889
v -1.28964 1.065609 0.4377114
v -1.247554 1.025616 0.3890967
v -1.251284 1.065583 0.3994008
v -1.275704 0.9996679 0.4453035
v -1.269375 1.125682 0.4318828
v -1.23763 1.102495 0.4024073
v -1.225616 1.16974 0.4333091
v -1.21074 1.134373 0.3984771
v -1.219826 0.989648 0.3716425
v -1.228791 0.9510404 0.4491806
v -1.172237 0.9734333 0.3499958
v -1.164219 0.9332687 0.4516014
v -1.165096 1.189593 0.4414379
v -1.16747 1.156842 0.3876036
v -1.100842 1.175154 0.4509945
v -1.116201 1.156605 0.3699569
v -1.052342 1.128073 0.4566951
v -1.07214 1.128046 0.3481766
v -1.034523 1.062642 0.4580076
v -1.041567 1.071511 0.3396813
v -1.051985 0.9975296 0.4566107
v -1.05363 1.006642 0.3482106
v -1.099543 0.950266 0.4541281
v -1.118817 0.982802 0.3316598
v -1.224796 0.948303 0.4690811
v -1.159552 0.9332049 0.4690809
v -1.0955 0.9527512 0.4690808
v -1.049803 1.001705 0.4690809
v -1.103205 1.176698 0.4690808
v -1.168448 1.191797 0.4690811
v -1.034705 1.066949 0.469081
v -1.054251 1.131001 0.4690808
v -1.2325 1.17225 0.4690811
v -1.278198 1.123296 0.469081
v -1.293296 1.058053 0.4690809
v -1.27375 0.9940007 0.4690811
v -0.6577441 0.948882 0.3837052
v -0.5525538 0.8844354 0.398508
v -0.5427968 0.9223402 0.390211
v -0.6625218 0.9036084 0.3935513
v -0.534515 0.9640507 0.4027899
v -0.6718366 0.983538 0.4077495
v -0.6554384 1.013813 0.426566
v -0.5310252 0.9945374 0.4348111
v -0.5328391 1.005449 0.4732656
v -0.6640036 1.020217 0.4664222
v -0.5397565 0.9963578 0.5160769
v -0.6705401 1.009603 0.5007396
v -0.550061 0.9673796 0.547971
v -0.6602948 0.9839497 0.5383029
v -0.5609916 0.9262855 0.5604042
v -0.6817933 0.9462388 0.5387387
v -0.5702887 0.8802411 0.5479007
v -0.6988633 0.9223469 0.5139279
v -0.6932646 0.8868587 0.497656
v -0.5737785 0.849754 0.5158791
v -0.5719634 0.8388422 0.4774238
v -0.6947189 0.8831407 0.4564114
v -0.5641732 0.8499486 0.4307411
v -0.693673 0.9001914 0.4281026
v -0.517862 0.8936374 0.5717636
v -0.4945682 0.9027677 0.5225987
v -0.4644561 0.8807287 0.5527108
v -0.5170363 0.8936374 0.5509133
v -0.5681288 0.8936374 0.5701607
v -0.5569897 0.8936374 0.5525165
v -0.6108598 0.8936374 0.5436392
v -0.5923907 0.8936373 0.5339283
v -0.6346051 0.8936374 0.4993052
v -0.6137549 0.8936374 0.5001308
v -0.6330021 0.8936374 0.4490381
v -0.6153579 0.8936374 0.4601773
v -0.6064804 0.8936374 0.4063072
v -0.5967698 0.8936374 0.4247764
v -0.5621466 0.8936374 0.3825619
v -0.5629722 0.8936374 0.4034119
v -0.5118797 0.8936374 0.3841649
v -0.5230188 0.8936375 0.401809
v -0.4691488 0.8936374 0.4106864
v -0.4876179 0.8936373 0.4203971
v -0.4454035 0.8936374 0.4550203
v -0.4662536 0.8936374 0.4541948
v -0.4586903 0.9027677 0.4989508
v -0.4560506 0.8807288 0.4996585
v -0.4982903 1.021869 0.5188766
v -0.5184002 1.012738 0.545829
v -0.5556265 1.012738 0.5474316
v -0.5886673 1.012738 0.5302066
v -0.6086699 1.012738 0.4987678
v -0.6102731 1.012738 0.4615407
v -0.5930479 1.012738 0.4284988
v -0.5616083 1.012738 0.4084966
v -0.5243823 1.012738 0.4068938
v -0.4913404 1.012738 0.4241191
v -0.4713382 1.012738 0.4555586
v -0.4611354 0.9998296 0.4982947
v -0.441547 0.8098462 0.5035443
v -0.4352905 0.8242579 0.4447497
v -0.4769907 0.8000749 0.4104489
v -0.5137353 0.800075 0.5650911
v -0.4644561 0.8175256 0.552711
v -0.5648076 0.7972941 0.3932386
v -0.5157179 0.8242579 0.3702716
v -0.5632454 0.8121858 0.5780629
v -0.6064804 0.804617 0.5480183
v -0.6108598 0.804617 0.4106866
v -0.6390069 0.8121857 0.5074853
v -0.6468955 0.8242579 0.4528763
v -0.4644561 0.7819498 0.5527111
v -0.4454035 0.7948584 0.4550202
v -0.4368035 0.7819498 0.5048154
v -0.5187898 0.7994004 0.5664453
v -0.4691488 0.7948584 0.4106863
v -0.5604859 0.8021813 0.3920807
v -0.5075914 0.7752176 0.372449
v -0.5703267 0.7872897 0.5761654
v -0.6108598 0.7948585 0.5436391
v -0.6064804 0.7948584 0.4063071
v -0.6409043 0.7872897 0.5004042
v -0.644718 0.7752176 0.44475
v -0.4735281 0.705838 0.4063071
v -0.4368035 0.7187467 0.5048152
v -0.4352905 0.7254788 0.4447497
v -0.4767126 0.6996937 0.5404543
v -0.517862 0.705838 0.3825617
v -0.5118797 0.705838 0.5701604
v -0.5681289 0.705838 0.3841649
v -0.5621465 0.705838 0.5717638
v -0.6108598 0.705838 0.4106865
v -0.6064804 0.705838 0.5480182
v -0.6409044 0.7134067 0.4539214
v -0.6447179 0.7254788 0.5095757
v -1.251284 1.065583 0.3994008
v -1.21074 1.134373 0.3984771
v -1.23763 1.102495 0.4024073
v -1.247554 1.025616 0.3890967
v -1.16747 1.156842 0.3876036
v -1.219826 0.989648 0.3716425
v -1.116201 1.156605 0.3699569
v -1.172237 0.9734333 0.3499958
v -1.07214 1.128046 0.3481766
v -1.118817 0.982802 0.3316598
v -1.041567 1.071511 0.3396813
v -1.05363 1.006642 0.3482106
v -1.023679 1.027885 0.3394562
v -0.6415812 0.9067884 0.3916647
v -0.6313233 0.9474969 0.384057
v -1.03418 0.9883288 0.3515164
v -1.015492 1.068574 0.3493313
v -0.6239009 0.9870154 0.3983178
v -1.011811 1.099498 0.3784928
v -0.621303 1.014758 0.4306285
v -1.013622 1.112368 0.4191283
v -0.6242247 1.023288 0.4723274
v -1.020439 1.103738 0.4603505
v -0.6318846 1.010321 0.5122466
v -1.030439 1.075917 0.4911145
v -0.6422293 0.979332 0.5396857
v -1.040939 1.036364 0.5031735
v -0.6524872 0.9386231 0.5472946
v -1.049127 0.9956718 0.4932995
v -0.6599088 0.8991042 0.5330321
v -1.052809 0.9647494 0.4641377
v -0.6625066 0.8713637 0.5007248
v -1.050997 0.9518775 0.4235017
v -0.6595848 0.8628319 0.4590231
v -1.044179 0.9605089 0.3822784
v -0.6519259 0.8757992 0.4191035
v -1.149326 1.136393 0.258786
v -1.204223 1.134117 0.3047594
v -1.207258 1.125056 0.2582043
v -1.136351 1.142297 0.3235878
v -1.101446 1.105758 0.258204
v -1.086362 1.098497 0.3235878
v -1.087947 1.04212 0.2640891
v -1.082281 1.040602 0.3235878
v -1.114763 0.9925056 0.3235877
v -1.131456 0.9937601 0.2582043
v -1.179952 0.9795676 0.3235879
v -1.188237 0.9911686 0.2587859
v -1.233995 1.013261 0.3235878
v -1.232741 1.029954 0.2582043
v -1.245722 1.084397 0.3235878
v -1.230487 1.080315 0.2511395
v -1.101446 1.105758 0.258204
v -1.164 1.0625 0.2375877
v -1.087947 1.04212 0.2640891
v -1.149326 1.136393 0.258786
v -1.207258 1.125056 0.2582043
v -1.230487 1.080315 0.2511395
v -1.232741 1.029954 0.2582043
v -1.131456 0.9937601 0.2582043
v -1.188237 0.9911686 0.2587859

vn 0.2113781 -0.5067329 0.8357878
vn 0.166089 -0.9526467 -0.2547132
vn 0.1313046 -0.5326103 0.8361134
vn 0.2905122 -0.7731797 -0.5637341
vn 0.4486343 -0.3753035 0.8110948
vn 0.5259773 -0.5987132 -0.6040617
vn 0.8428735 -0.1791116 0.5074282
vn 0.5521395 -0.215114 -0.8055235
vn 0.9013392 -1.548936E-07 -0.4331139
vn 1 -4.632211E-23 -2.080984E-16
vn 0.8428735 -0.1791116 0.5074282
vn -0.5160725 0.5979981 0.6132436
vn -0.5920104 0.6939582 0.4098118
vn -0.4998056 0.3824299 -0.7771369
vn -0.3290873 0.260346 -0.9077013
vn 0.5521395 -0.215114 -0.8055235
vn 0.9013392 -1.548936E-07 -0.4331139
vn 0.5259773 -0.5987132 -0.6040617
vn -0.5011227 0.325202 -0.8019477
vn 0.4486343 -0.3753035 0.8110948
vn -0.4125634 0.6988663 0.5842753
vn 0.2905122 -0.7731797 -0.5637341
vn -0.3196172 0.4699507 -0.8227948
vn 0.2113781 -0.5067329 0.8357878
vn -0.2021441 0.5761644 0.7919423
vn 0.166089 -0.9526467 -0.2547132
vn 0.1313046 -0.5326103 0.8361134
vn 0.4597 -0.2298432 0.8578159
vn -0.4597024 -0.6279623 0.6279627
vn -0.9004793 -0.1125566 0.4200813
vn 0.9004803 -0.3075184 0.3075186
vn -0.7178732 0.1196424 0.6858162
vn 0.7178732 0.2392845 0.6537592
vn -0.7178738 0.4465148 0.5341179
vn 0.7178738 0.5341027 0.446533
vn -0.7178746 0.6537524 0.239299
vn 0.7178746 0.6858135 0.1196494
vn -0.7178746 0.6858134 -0.1196498
vn 0.7178746 0.6537522 -0.2392994
vn -0.7178723 0.5341085 -0.4465283
vn 0.7178723 0.4465279 -0.5341088
vn -0.7178746 0.239299 -0.6537524
vn 0.7178746 0.1196494 -0.6858135
vn -0.7178746 -0.1196498 -0.6858134
vn 0.7178746 -0.2392994 -0.6537522
vn -0.7178738 -0.4465334 -0.5341023
vn 0.7178738 -0.5341182 -0.4465144
vn -0.7178732 -0.6537594 -0.239284
vn 0.7178732 -0.6858163 -0.1196419
vn -0.7178732 -0.6858162 0.1196424
vn 0.7178731 -0.6537592 0.2392845
vn 0.7178745 -0.6858135 0.1196496
vn 0.4596992 -0.6279635 0.627964
vn -0.7178745 -0.6537524 0.2392989
vn -0.7178745 -0.6858136 -0.1196491
vn 0.7178745 -0.6537526 -0.2392984
vn -0.7178724 -0.5341089 -0.4465276
vn 0.7178724 -0.446528 -0.5341086
vn -0.7178745 -0.2392989 -0.6537524
vn 0.7178745 -0.1196496 -0.6858135
vn -0.7178745 0.1196491 -0.6858136
vn 0.7178745 0.2392984 -0.6537526
vn -0.7178724 0.4465276 -0.5341089
vn 0.7178724 0.5341086 -0.446528
vn -0.7178745 0.6537524 -0.2392989
vn 0.7178745 0.6858135 -0.1196496
vn -0.7178745 0.6858136 0.1196491
vn 0.7178745 0.6537526 0.2392984
vn -0.7178724 0.5341089 0.4465276
vn 0.7178724 0.446528 0.5341086
vn -0.7178745 0.2392989 0.6537524
vn 0.7178745 0.1196496 0.6858135
vn -0.4597017 -0.2298573 0.8578112
vn 0.90048 -0.1125632 0.4200778
vn -0.9004788 -0.3075206 0.3075208
vn 0.08534509 0.8665029 0.4918224
vn -0.257039 0.8405915 0.4767988
vn 0.2605371 0.8397805 0.4763292
vn -0.4242219 0.7879536 0.4462791
vn -0.7057859 0.6174018 0.3473921
vn -0.8201538 0.4994919 0.2790265
vn -0.965413 0.2300085 0.1227755
vn -0.9963092 0.07842769 0.03488637
vn -0.9663527 -0.2177875 -0.1368619
vn -0.9055061 -0.3624128 -0.2207164
vn -0.7083735 -0.6059766 -0.3619381
vn -0.5720752 -0.7049196 -0.4193071
vn -0.2605388 -0.830593 -0.4921738
vn -0.08532954 -0.8573163 -0.5076691
vn 0.2570756 -0.8313951 -0.4926403
vn 0.4242548 -0.7787521 -0.4621181
vn 0.7058138 -0.6081903 -0.3632236
vn 0.8201699 -0.4902842 -0.2948604
vn 0.965417 -0.2208074 -0.1386147
vn 0.9963086 -0.06924478 -0.05073738
vn 0.9663554 0.2269662 0.12101
vn 0.9054991 0.3716128 0.204879
vn 0.7083362 0.6151958 0.3461128
vn 0.572038 0.7141291 0.4034754
vn -0.4596995 -0.2298389 0.8578174
vn -0.2487557 -0.6848797 0.6848801
vn -0.4944395 -0.2249579 0.8395974
vn -0.9004808 -0.3075177 0.3075179
vn -0.3752546 0.2276427 0.8985338
vn -0.7178727 0.2392801 0.6537613
vn -0.375259 0.6464162 0.6643243
vn -0.717876 0.534113 0.446517
vn -0.3752538 0.8919813 0.2520995
vn -0.7178727 0.6858172 0.1196397
vn -0.3752546 0.8985338 -0.2276427
vn -0.7178727 0.6537613 -0.2392801
vn -0.375259 0.6643243 -0.6464162
vn -0.717876 0.446517 -0.534113
vn -0.3752538 0.2520995 -0.8919813
vn -0.7178727 0.1196397 -0.6858172
vn -0.3752498 -0.2276579 -0.8985319
vn -0.7178746 -0.2392994 -0.6537522
vn -0.3752456 -0.64643 -0.6643187
vn -0.7178731 -0.534114 -0.4465204
vn -0.3752544 -0.8919776 -0.2521117
vn -0.7178738 -0.6858151 -0.1196452
vn -0.3752546 -0.8985338 0.2276427
vn -0.7178727 -0.6537613 0.2392801
vn 0.4597008 -0.2298498 0.8578138
vn -0.4597009 -0.6279628 0.6279633
vn -0.4597008 -0.2298498 0.8578138
vn 0.8407601 -0.382833 0.3828333
vn -0.7178738 0.1196457 0.685815
vn 0.3250575 0.3250574 0.888074
vn -0.7178739 0.4465236 0.5341102
vn 0.7178739 0.5341106 0.4465232
vn -0.3250575 0.8880743 0.3250568
vn 0.7178738 0.6858151 0.1196452
vn -0.8643316 0.4954394 -0.08643321
vn 0.7178738 0.6537561 -0.2392912
vn -0.7178739 0.5341102 -0.4465236
vn 0.7178739 0.4465232 -0.5341106
vn -0.3250575 0.3250568 -0.8880743
vn 0.5664994 0.1416244 -0.8118011
vn -0.5664994 -0.1416249 -0.8118011
vn 0.3250575 -0.3250574 -0.888074
vn -0.7178739 -0.4465236 -0.5341102
vn 0.7178739 -0.5341106 -0.4465232
vn -0.5664994 -0.7738531 -0.283249
vn 0.7178738 -0.6858151 -0.1196452
vn -0.8087147 -0.5794494 0.1010894
vn 0.7178738 -0.6537561 0.2392912
vn -0.4944395 -0.2249579 0.8395974
vn -0.7944857 -0.4294137 0.429414
vn -0.950819 -0.08016543 0.2991936
vn -0.2487557 -0.6848797 0.6848801
vn -0.8176097 0.09895004 0.5672067
vn -0.3752546 0.2276427 0.8985338
vn -0.9204986 0.2506205 0.299786
vn -0.375259 0.6464162 0.6643243
vn -0.9204973 0.3669432 0.1343037
vn -0.3752538 0.8919813 0.2520995
vn -0.8836835 0.4611209 -0.08044322
vn -0.3752546 0.8985338 -0.2276427
vn -0.9426299 0.2561266 -0.2141214
vn -0.375259 0.6643243 -0.6464162
vn -0.8176107 0.1978975 -0.5406935
vn -0.3752538 0.2520995 -0.8919813
vn -0.8836835 -0.08044322 -0.4611209
vn -0.3752498 -0.2276579 -0.8985319
vn -0.8836794 -0.3002357 -0.3591229
vn -0.3752456 -0.64643 -0.6643187
vn -0.9426278 -0.3135055 -0.1147488
vn -0.3752544 -0.8919776 -0.2521117
vn -0.9426287 -0.3288763 0.05737296
vn -0.3752546 -0.8985338 0.2276427
vn 0.6132904 -0.2044296 0.762944
vn -0.4597009 -0.6279628 0.6279633
vn -0.9004796 -0.1125596 0.4200796
vn 0.4597009 -0.6279628 0.6279633
vn -0.7178738 0.1196457 0.685815
vn 0.3250575 0.3250574 0.888074
vn -0.7178739 0.4465236 0.5341102
vn 0.8087148 0.4512733 0.3772703
vn -0.7178738 0.6537563 0.2392907
vn 0.3250576 0.9316236 0.1625282
vn -0.7178738 0.685815 -0.1196457
vn 0.8643316 0.4722798 -0.1728662
vn -0.7178739 0.5341102 -0.4465236
vn 0.7178739 0.4465232 -0.5341106
vn -0.7178738 0.2392907 -0.6537563
vn 0.3250576 0.1625282 -0.9316236
vn -0.7178738 -0.1196457 -0.685815
vn 0.5664994 -0.2832496 -0.7738529
vn -0.7178739 -0.4465236 -0.5341102
vn 0.7178739 -0.5341106 -0.4465232
vn -0.7178738 -0.6537563 -0.2392907
vn 0.5664994 -0.8118011 -0.1416244
vn -0.7178738 -0.685815 0.1196457
vn 0.8087147 -0.5523626 0.2021786
vn 0.3969034 0.1307893 0.9084944
vn 0.173654 0.8476636 0.501309
vn 0.7083688 0.60755 0.3593002
vn 0.1201475 0.2270212 0.9664504
vn 0.6292899 -0.105824 0.7699323
vn 0.9663932 0.2212702 0.1308574
vn 0.6938784 -0.4115674 0.5908852
vn 0.9654487 -0.2243037 -0.1326523
vn 0.5723578 -0.7047564 0.4191958
vn 0.7058207 -0.6097421 -0.3605992
vn 0.4021667 -0.90233 -0.1551211
vn 0.2570737 -0.8318149 -0.4919322
vn -0.07060392 -0.9948778 0.07234216
vn -0.2605653 -0.8310069 -0.4914606
vn -0.3996316 -0.8546718 0.3314075
vn -0.7083634 -0.6075516 -0.3593082
vn -0.6315242 -0.6155832 0.4714175
vn -0.9663928 -0.2212706 -0.1308599
vn -0.6933842 -0.3089873 0.6509573
vn -0.9654509 0.2242962 0.1326493
vn -0.5696383 -0.01741137 0.8217111
vn -0.7058281 0.6097326 0.3606007
vn -0.3304781 0.656036 0.6785287
vn -0.3420057 0.8088356 0.4783484
vn 0.2137859 0.9720472 -0.09705684
vn 0.4001474 0.1375283 0.906073
vn 0.07063391 0.4316815 0.8992564
vn 0.4908594 0.7848543 -0.3782341
vn 0.6333355 -0.1020402 0.7671206
vn 0.6696706 0.5158807 -0.5342364
vn 0.6967939 -0.4103253 0.5883123
vn 0.6690679 0.2055966 -0.7141978
vn 0.5735598 -0.7047655 0.4175343
vn 0.4891709 -0.06288064 -0.8699184
vn 0.4022943 -0.9020689 -0.1563051
vn 0.2424316 -0.6214306 -0.7450176
vn -0.07062219 -0.9949059 0.07193788
vn -0.2138364 -0.3985167 -0.8918848
vn -0.4000585 -0.8548166 0.3305179
vn -0.4909458 -0.06134552 -0.8690277
vn -0.6332494 -0.6153572 0.4693941
vn -0.6697105 0.2076732 -0.7129936
vn -0.6968093 -0.3070922 0.6481907
vn -0.6690152 0.5179939 -0.5330114
vn -0.5736343 -0.01255899 0.8190154
vn -0.489066 0.7864052 -0.3773346
vn -0.4023644 0.5837265 0.7052422
vn -0.2424088 0.9552969 0.1692511
vn 0.5912923 0.6243295 0.5104764
vn 0.83708 0.5231979 -0.1598786
vn 0.6508219 0.1858574 0.7361304
vn 0.405183 0.9142249 -0.004457173
vn 0.7587938 -0.02653411 0.6507902
vn 0.9646212 -0.0580537 -0.2571689
vn 0.8551687 -0.4756752 0.2059604
vn 0.8399739 -0.4705321 -0.2702656
vn 0.4865677 -0.8455447 -0.2197871
vn 0.4531103 -0.558309 0.6949693
vn 0.1566748 -0.9694077 0.1889495
vn -0.08347131 -0.9926319 -0.08783469
vn -0.2044075 -0.8124582 0.5460122
vn -0.5545855 -0.8304671 0.05253048
vn -0.2793624 -0.4409299 0.8529582
vn -0.8770367 -0.4459135 0.1787953
vn -0.6588124 -0.1630896 0.7344168
vn -0.9646212 0.05803639 0.2571722
vn -0.5213345 0.2964344 0.8002107
vn -0.8399754 0.47052 0.2702821
vn -0.4865662 0.8455461 0.2197846
vn -0.07420529 0.357504 0.9309591
vn 0.05392949 0.9351318 0.3501718
vn -0.002682721 0.9938888 0.1103549
vn -0.7351277 0.6699204 0.1038942
vn -0.7923657 0.3765554 -0.4799612
vn -0.8118474 0.3765709 -0.4462043
vn -0.9029759 0.3654771 0.2259672
vn -0.4587797 0.6810347 0.5707129
vn -0.4799715 0.3765564 0.7923591
vn 0.1915164 0.6726499 0.7147473
vn 0.2510667 0.2429355 0.9369888
vn 0.8118392 0.3765559 0.4462319
vn 0.6826416 0.68106 0.2648731
vn 0.8949677 0.3655146 -0.2557965
vn 0.6885476 0.6699619 -0.2775848
vn 0.4462185 0.3765675 -0.8118412
vn 0.2648732 0.6810595 -0.6826422
vn -0.2269226 0.4809196 -0.84689
vn -0.1915044 0.6726969 -0.7147063
vn -0.7543171 0.5876702 -0.2926594
vn -0.5366967 0.8155645 0.2163595
vn -0.3399896 0.3413517 0.8762912
vn 0.6306092 0.58767 0.506928
vn 0.1771762 0.7289641 0.6612262
vn 0.5729702 0.8155668 -0.08096858
vn 0.5888879 0.3413476 -0.7325934
vn -0.2284522 0.4699768 -0.8526029
vn -0.06216028 0.3799472 -0.9229174
vn -0.01954406 0.7776045 -0.6284502
vn -0.2012632 0.8375033 -0.5080175
vn 0.4617169 0.2281089 -0.8571954
vn -0.4686952 0.496522 -0.7306099
vn -0.2893256 0.8552272 -0.4299737
vn -0.7679152 0.4679925 -0.4373663
vn -0.4183286 0.8027151 -0.4250293
vn 0.2802744 0.7438479 -0.6067427
vn 0.8523247 0.1505633 -0.5008726
vn 0.4955082 0.7796597 -0.3828871
vn 0.9947595 0.1021482 -0.004381469
vn -0.9519657 0.3054191 -0.02191612
vn -0.6370448 0.7151825 -0.2875551
vn -0.8761849 0.1142881 0.4682288
vn -0.7413918 0.6709991 0.009924743
vn -0.5165042 0.0002751517 0.8562848
vn -0.5897458 0.7237661 0.3582773
vn -0.002829978 -0.02597488 0.9996587
vn -0.07666004 0.6276898 0.77468
vn 0.504482 0.001962867 0.8634201
vn 0.5705281 0.3792479 0.7284703
vn 0.8678131 0.05161339 0.4942032
vn 0.5387743 0.8413832 -0.04238836
vn 0.9070737 -1.505512E-07 -0.4209718
vn 0.9960352 3.181489E-08 0.08896089
vn 0.8181114 2.056574E-07 0.5750598
vn 0.4209712 3.24395E-07 0.9070742
vn -0.907074 1.50551E-07 0.4209712
vn -0.9960352 -3.18148E-08 -0.08896064
vn -0.08896063 3.562099E-07 0.9960353
vn -0.5750599 2.925794E-07 0.8181114
vn -0.8181109 -2.056576E-07 -0.5750605
vn -0.4209717 -3.243949E-07 -0.907074
vn 0.08896111 -3.562099E-07 -0.9960352
vn 0.57506 -2.925794E-07 -0.8181114
vn -0.1061255 0.9311853 -0.3487571
vn 0.4065868 0.9136114 0.001309871
vn -0.003888449 0.994451 0.1051309
vn 0.4517051 0.8193666 -0.3529889
vn -0.4904793 0.8475353 0.2027659
vn -0.4516266 0.5549625 -0.6986059
vn -0.8026555 0.445015 -0.3971222
vn -0.8457119 0.4735144 0.2460802
vn -0.9708095 0.06116368 0.2319228
vn -0.8375745 0.004632136 -0.5463035
vn -0.8821223 -0.443582 0.1584149
vn -0.7184523 -0.3302155 -0.612196
vn -0.5570594 -0.8293863 0.04246646
vn -0.4598607 -0.8294238 -0.3171504
vn -0.08279502 -0.9929482 -0.08484796
vn -0.05326118 -0.7530361 -0.65582
vn 0.4904717 -0.847539 -0.2027692
vn 0.07693607 -0.3614831 -0.9291991
vn 0.5322199 -0.3024234 -0.7907478
vn 0.8457142 -0.4735083 -0.2460841
vn 0.9708107 -0.06114063 -0.2319235
vn 0.5134408 0.1657234 -0.8419706
vn 0.8418217 0.5210306 -0.1409382
vn 0.2655668 0.3803989 -0.8858731
vn -0.7178738 -0.685815 0.1196457
vn -0.9004788 -0.3075206 0.3075208
vn -0.4597009 -0.6279628 0.6279633
vn -0.7178745 -0.6537524 0.2392989
vn -0.7178738 -0.6537563 -0.2392907
vn -0.7178745 -0.6858136 -0.1196491
vn -0.7178739 -0.4465236 -0.5341102
vn -0.7178724 -0.5341089 -0.4465276
vn -0.7178738 -0.1196457 -0.685815
vn -0.7178745 -0.2392989 -0.6537524
vn -0.7178738 0.2392907 -0.6537563
vn -0.7178745 0.1196491 -0.6858136
vn -0.7178739 0.5341102 -0.4465236
vn -0.7178724 0.4465276 -0.5341089
vn -0.7178738 0.685815 -0.1196457
vn -0.7178745 0.6537524 -0.2392989
vn -0.7178738 0.6537563 0.2392907
vn -0.7178745 0.6858136 0.1196491
vn -0.7178739 0.4465236 0.5341102
vn -0.7178724 0.5341089 0.4465276
vn -0.7178738 0.1196457 0.685815
vn -0.7178745 0.2392989 0.6537524
vn -0.9004796 -0.1125596 0.4200796
vn -0.4597017 -0.2298573 0.8578112
vn -0.9004808 -0.3075177 0.3075179
vn -0.7178727 -0.6537613 0.2392801
vn -0.7178738 -0.6858151 -0.1196452
vn -0.7178731 -0.534114 -0.4465204
vn -0.7178746 -0.2392994 -0.6537522
vn -0.7178727 0.1196397 -0.6858172
vn -0.717876 0.446517 -0.534113
vn -0.7178727 0.6537613 -0.2392801
vn -0.7178727 0.6858172 0.1196397
vn -0.717876 0.534113 0.446517
vn -0.7178727 0.2392801 0.6537613
vn -0.4596995 -0.2298389 0.8578174
vn 0.6132904 -0.2044296 0.762944
vn 0.3250575 0.3250574 0.888074
vn 0.8087148 0.4512733 0.3772703
vn 0.8087147 -0.5523626 0.2021786
vn 0.4597009 -0.6279628 0.6279633
vn 0.8643316 0.4722798 -0.1728662
vn 0.3250576 0.9316236 0.1625282
vn 0.5664994 -0.8118011 -0.1416244
vn 0.7178739 -0.5341106 -0.4465232
vn 0.7178739 0.4465232 -0.5341106
vn 0.5664994 -0.2832496 -0.7738529
vn 0.3250576 0.1625282 -0.9316236
vn -0.4597009 -0.6279628 0.6279633
vn -0.7178738 0.1196457 0.685815
vn -0.4597008 -0.2298498 0.8578138
vn -0.8087147 -0.5794494 0.1010894
vn -0.7178739 0.4465236 0.5341102
vn -0.8643316 0.4954394 -0.08643321
vn -0.3250575 0.8880743 0.3250568
vn -0.5664994 -0.7738531 -0.283249
vn -0.7178739 -0.4465236 -0.5341102
vn -0.7178739 0.5341102 -0.4465236
vn -0.5664994 -0.1416249 -0.8118011
vn -0.3250575 0.3250568 -0.8880743
vn 0.7178739 0.5341106 0.4465232
vn 0.4597008 -0.2298498 0.8578138
vn 0.3250575 0.3250574 0.888074
vn 0.8407601 -0.382833 0.3828333
vn 0.7178738 0.6858151 0.1196452
vn 0.7178738 -0.6537561 0.2392912
vn 0.7178738 0.6537561 -0.2392912
vn 0.7178738 -0.6858151 -0.1196452
vn 0.7178739 0.4465232 -0.5341106
vn 0.7178739 -0.5341106 -0.4465232
vn 0.5664994 0.1416244 -0.8118011
vn 0.3250575 -0.3250574 -0.888074
vn -0.2012632 0.8375033 -0.5080175
vn -0.4183286 0.8027151 -0.4250293
vn -0.2893256 0.8552272 -0.4299737
vn -0.01954406 0.7776045 -0.6284502
vn -0.6370448 0.7151825 -0.2875551
vn 0.2802744 0.7438479 -0.6067427
vn -0.7413918 0.6709991 0.009924743
vn 0.4955082 0.7796597 -0.3828871
vn -0.5897458 0.7237661 0.3582773
vn 0.5387743 0.8413832 -0.04238836
vn -0.07666004 0.6276898 0.77468
vn 0.5705281 0.3792479 0.7284703
vn 0.08477981 0.9920146 0.09337901
vn 0.4087662 0.9125795 0.01044098
vn -0.08874262 0.9872134 0.132419
vn 0.559218 0.8283455 -0.03345342
vn -0.4123475 0.8898728 0.195182
vn -0.5624331 0.7973388 0.2189062
vn -0.7989967 0.5493006 0.2446902
vn -0.8854591 0.3938 0.2467462
vn -0.971564 0.06155174 0.2286367
vn -0.9712181 -0.1152153 0.2084725
vn -0.8838109 -0.4426961 0.1513221
vn -0.7967355 -0.5934145 0.1143325
vn -0.5592069 -0.8283531 0.03345003
vn -0.4087662 -0.9125795 -0.01044098
vn -0.08480217 -0.9920132 -0.09337375
vn 0.08873251 -0.9872145 -0.132417
vn 0.412358 -0.8898675 -0.1951841
vn 0.5624502 -0.7973261 -0.218909
vn 0.7989864 -0.5493158 -0.2446897
vn 0.8854403 -0.3938422 -0.2467469
vn 0.9715631 -0.0615612 -0.2286379
vn 0.9712167 0.1152312 -0.2084708
vn 0.8837968 0.4427266 -0.1513156
vn 0.7967304 0.5934218 -0.1143306
vn -0.8093829 0.5760331 0.1143912
vn -0.8118474 0.3765709 -0.4462043
vn -0.6306236 0.5876709 -0.5069092
vn -0.9274721 1.337143E-07 0.3738924
vn -0.5069206 0.5876741 0.6306115
vn -0.3617091 3.334132E-07 0.9322911
vn 0.2284682 0.4699737 0.8526003
vn 0.2588345 3.454405E-07 0.9659218
vn 0.7794028 2.240621E-07 0.6265233
vn 0.7543116 0.5876691 0.292676
vn 0.9901634 -5.003781E-08 -0.1399159
vn 0.7581422 0.5760353 -0.3056203
vn 0.6265344 -2.78733E-07 -0.779394
vn 0.2926786 0.5876707 -0.7543093
vn -0.2588208 -3.454418E-07 -0.9659255
vn -0.1771755 0.7289667 -0.6612235
vn -0.5069206 0.5876741 0.6306115
vn 1.323489E-23 1 -3.576279E-07
vn 0.2284682 0.4699737 0.8526003
vn -0.8093829 0.5760331 0.1143912
vn -0.6306236 0.5876709 -0.5069092
vn -0.1771755 0.7289667 -0.6612235
vn 0.2926786 0.5876707 -0.7543093
vn 0.7543116 0.5876691 0.292676
vn 0.7581422 0.5760353 -0.3056203

vt 0.831599 0.485422
vt 0.854826 0.482228
vt 0.831594 0.482269
vt 0.854831 0.485381
vt 0.831614 0.494995
vt 0.854846 0.494954
vt 0.831684 0.540176
vt 0.854916 0.540134
vt 0.854919 0.55114
vt 0.831687 0.551181
vt 0.78124 0.743179
vt 0.8036 0.748517
vt 0.794579 0.75317
vt 0.8036 0.743807
vt 0.796288 0.754053
vt 0.78124 0.738469
vt 0.78124 0.748715
vt 0.807461 0.698208
vt 0.823653 0.715426
vt 0.807461 0.702919
vt 0.823653 0.720137
vt 0.821823 0.689678
vt 0.836892 0.708864
vt 0.821823 0.694388
vt 0.836892 0.713574
vt 0.837022 0.686868
vt 0.837022 0.691578
vt 0.549683 0.159388
vt 0.551063 0.157827
vt 0.55062 0.159619
vt 0.550126 0.157596
vt 0.55062 0.159619
vt 0.549683 0.159388
vt 0.551063 0.157827
vt 0.550126 0.157596
vt 0.551831 0.154724
vt 0.550894 0.154492
vt 0.552718 0.151139
vt 0.551781 0.150908
vt 0.553486 0.148036
vt 0.552549 0.147804
vt 0.55393 0.146244
vt 0.552993 0.146012
vt 0.55393 0.146244
vt 0.552993 0.146012
vt 0.553486 0.148036
vt 0.552549 0.147804
vt 0.552718 0.151139
vt 0.551781 0.150908
vt 0.551831 0.154724
vt 0.550894 0.154492
vt 0.550944 0.154292
vt 0.550262 0.157049
vt 0.53465 0.15026
vt 0.535437 0.147076
vt 0.551732 0.151108
vt 0.53612 0.144319
vt 0.552414 0.148351
vt 0.536514 0.142727
vt 0.552808 0.146759
vt 0.536514 0.142727
vt 0.552808 0.146759
vt 0.53612 0.144319
vt 0.552414 0.148351
vt 0.535437 0.147076
vt 0.551732 0.151108
vt 0.53465 0.15026
vt 0.550944 0.154292
vt 0.533967 0.153017
vt 0.550262 0.157049
vt 0.533574 0.154609
vt 0.549868 0.158641
vt 0.533574 0.154609
vt 0.549868 0.158641
vt 0.533967 0.153017
vt 0.528165 0.073534
vt 0.443525 0.108442
vt 0.443759 0.108682
vt 0.527962 0.073255
vt 0.441986 0.106856
vt 0.526626 0.071418
vt 0.439554 0.104351
vt 0.524515 0.068514
vt 0.436881 0.101598
vt 0.522195 0.065323
vt 0.434683 0.099334
vt 0.520287 0.062699
vt 0.433549 0.098166
vt 0.519303 0.061345
vt 0.433783 0.098407
vt 0.519506 0.061624
vt 0.435322 0.099992
vt 0.520842 0.063462
vt 0.437754 0.102497
vt 0.522953 0.066365
vt 0.440427 0.10525
vt 0.525273 0.069556
vt 0.442625 0.107514
vt 0.527181 0.07218
vt 0.422803 0.116879
vt 0.419572 0.112832
vt 0.422803 0.116879
vt 0.419572 0.112832
vt 0.422803 0.121553
vt 0.422803 0.121553
vt 0.419572 0.125601
vt 0.419572 0.125601
vt 0.413976 0.127938
vt 0.413976 0.127938
vt 0.407513 0.127938
vt 0.407513 0.127938
vt 0.401917 0.125601
vt 0.401917 0.125601
vt 0.398686 0.121553
vt 0.398686 0.121553
vt 0.398686 0.116879
vt 0.398686 0.116879
vt 0.401917 0.112832
vt 0.401917 0.112832
vt 0.407513 0.110495
vt 0.407513 0.110495
vt 0.413976 0.110495
vt 0.413976 0.110495
vt 0.5161 0.15324
vt 0.519172 0.151519
vt 0.518594 0.153857
vt 0.516679 0.150902
vt 0.518594 0.153857
vt 0.5161 0.15324
vt 0.519172 0.151519
vt 0.516679 0.150902
vt 0.520174 0.14747
vt 0.517681 0.146853
vt 0.521331 0.142794
vt 0.518838 0.142177
vt 0.522333 0.138744
vt 0.51984 0.138127
vt 0.522912 0.136406
vt 0.520418 0.135789
vt 0.522912 0.136406
vt 0.520418 0.135789
vt 0.522333 0.138744
vt 0.51984 0.138127
vt 0.521331 0.142794
vt 0.518838 0.142177
vt 0.520174 0.14747
vt 0.517681 0.146853
vt 0.423175 0.114361
vt 0.41661 0.111644
vt 0.419368 0.115099
vt 0.419397 0.109629
vt 0.419368 0.119088
vt 0.423175 0.119825
vt 0.41661 0.122542
vt 0.419397 0.124558
vt 0.411834 0.124536
vt 0.412854 0.12729
vt 0.406319 0.124536
vt 0.405299 0.12729
vt 0.401542 0.122542
vt 0.398755 0.124558
vt 0.398785 0.119088
vt 0.394978 0.119825
vt 0.398785 0.115099
vt 0.394978 0.114361
vt 0.401542 0.111644
vt 0.398755 0.109629
vt 0.406319 0.10965
vt 0.405299 0.106897
vt 0.411834 0.10965
vt 0.412854 0.106897
vt 0.530391 0.156776
vt 0.533463 0.155055
vt 0.532884 0.157393
vt 0.53097 0.154438
vt 0.532884 0.157393
vt 0.530391 0.156776
vt 0.533463 0.155055
vt 0.53097 0.154438
vt 0.534465 0.151006
vt 0.531972 0.150389
vt 0.535622 0.14633
vt 0.533129 0.145713
vt 0.536624 0.14228
vt 0.534131 0.141663
vt 0.537203 0.139942
vt 0.534709 0.139326
vt 0.537203 0.139942
vt 0.534709 0.139326
vt 0.536624 0.14228
vt 0.534131 0.141663
vt 0.535622 0.14633
vt 0.533129 0.145713
vt 0.534465 0.151006
vt 0.531972 0.150389
vt 0.443294 0.108203
vt 0.416693 0.121976
vt 0.415368 0.120612
vt 0.444619 0.109568
vt 0.440726 0.105558
vt 0.4128 0.117966
vt 0.437602 0.102341
vt 0.409677 0.114749
vt 0.434761 0.099414
vt 0.406836 0.111822
vt 0.432963 0.097562
vt 0.405037 0.10997
vt 0.43269 0.09728
vt 0.404764 0.109688
vt 0.434015 0.098645
vt 0.406089 0.111053
vt 0.436583 0.10129
vt 0.408657 0.113699
vt 0.439706 0.104507
vt 0.41178 0.116916
vt 0.442547 0.107434
vt 0.414622 0.119843
vt 0.444346 0.109287
vt 0.41642 0.121695
vt 0.526803 0.074624
vt 0.579898 0.049124
vt 0.58133 0.050598
vt 0.525721 0.073137
vt 0.577124 0.046266
vt 0.523624 0.070253
vt 0.573749 0.04279
vt 0.521074 0.066746
vt 0.570679 0.039627
vt 0.518754 0.063555
vt 0.568736 0.037626
vt 0.517286 0.061536
vt 0.568441 0.037322
vt 0.517063 0.061229
vt 0.569873 0.038797
vt 0.518144 0.062717
vt 0.572647 0.041655
vt 0.520241 0.065601
vt 0.576022 0.045131
vt 0.522791 0.069108
vt 0.579092 0.048293
vt 0.525111 0.072298
vt 0.581034 0.050294
vt 0.52658 0.074317
vt 0.247376 0.137777
vt 0.220398 0.137305
vt 0.245796 0.135083
vt 0.221979 0.139999
vt 0.244627 0.131308
vt 0.21923 0.133531
vt 0.244184 0.127464
vt 0.218786 0.129687
vt 0.219187 0.126804
vt 0.244585 0.124581
vt 0.245722 0.123432
vt 0.220324 0.125654
vt 0.247291 0.124323
vt 0.221893 0.126546
vt 0.248871 0.127017
vt 0.223473 0.12924
vt 0.25004 0.130792
vt 0.224642 0.133014
vt 0.250483 0.134636
vt 0.225085 0.136858
vt 0.224684 0.139741
vt 0.250082 0.137519
vt 0.248945 0.138669
vt 0.223547 0.140891
vt 0.202648 0.155127
vt 0.193417 0.153794
vt 0.194228 0.155127
vt 0.203054 0.153794
vt 0.209564 0.155127
vt 0.210969 0.153794
vt 0.210316 0.155127
vt 0.21183 0.153794
vt 0.206266 0.153794
vt 0.205455 0.155127
vt 0.196629 0.153794
vt 0.197035 0.155127
vt 0.188714 0.153794
vt 0.190119 0.155127
vt 0.187853 0.153794
vt 0.189367 0.155127
vt 0.193417 0.128098
vt 0.203054 0.128098
vt 0.210969 0.128098
vt 0.206266 0.128098
vt 0.21183 0.128098
vt 0.196629 0.128098
vt 0.188714 0.128098
vt 0.187853 0.128098
vt 0.174929 0.122857
vt 0.183504 0.129822
vt 0.180448 0.126598
vt 0.178267 0.122857
vt 0.178267 0.122857
vt 0.183504 0.125654
vt 0.187385 0.122857
vt 0.191854 0.127244
vt 0.191854 0.134462
vt 0.187385 0.122857
vt 0.20326 0.139276
vt 0.199842 0.122857
vt 0.199842 0.122857
vt 0.20326 0.13094
vt 0.212298 0.122857
vt 0.214666 0.135754
vt 0.221417 0.122857
vt 0.223016 0.140394
vt 0.224754 0.122857
vt 0.226072 0.143618
vt 0.221417 0.122857
vt 0.223016 0.144562
vt 0.212298 0.122857
vt 0.214666 0.142972
vt 0.187385 0.119858
vt 0.199842 0.119858
vt 0.212298 0.119858
vt 0.221417 0.119858
vt 0.212298 0.119858
vt 0.199842 0.119858
vt 0.224754 0.119858
vt 0.221417 0.119858
vt 0.187385 0.119858
vt 0.178267 0.119858
vt 0.174929 0.119858
vt 0.178267 0.119858
vt 0.377167 0.126891
vt 0.406501 0.123419
vt 0.408047 0.124297
vt 0.375621 0.126012
vt 0.409167 0.123165
vt 0.378287 0.125758
vt 0.378681 0.122918
vt 0.409562 0.120324
vt 0.409125 0.116537
vt 0.378245 0.119131
vt 0.407974 0.112819
vt 0.377094 0.115412
vt 0.406417 0.110165
vt 0.375537 0.112758
vt 0.404871 0.109286
vt 0.373991 0.11188
vt 0.403751 0.110419
vt 0.372871 0.113012
vt 0.372476 0.115853
vt 0.403356 0.113259
vt 0.403793 0.117046
vt 0.372913 0.11964
vt 0.404944 0.120765
vt 0.374064 0.123358
vt 0.487671 0.127575
vt 0.48957 0.131708
vt 0.491495 0.129783
vt 0.486966 0.130204
vt 0.483255 0.127575
vt 0.48396 0.130204
vt 0.479431 0.129783
vt 0.481356 0.131708
vt 0.477223 0.133607
vt 0.479853 0.134312
vt 0.477223 0.138023
vt 0.479853 0.137318
vt 0.479431 0.141847
vt 0.481356 0.139922
vt 0.483255 0.144055
vt 0.48396 0.141425
vt 0.487671 0.144055
vt 0.486966 0.141425
vt 0.491495 0.141847
vt 0.48957 0.139922
vt 0.493703 0.138023
vt 0.491074 0.137318
vt 0.493703 0.133607
vt 0.491074 0.134312
vt 0.551332 0.156742
vt 0.55193 0.154326
vt 0.55262 0.151537
vt 0.553218 0.149121
vt 0.553563 0.147726
vt 0.553563 0.147726
vt 0.553218 0.149121
vt 0.55262 0.151537
vt 0.55193 0.154326
vt 0.551332 0.156742
vt 0.550987 0.158137
vt 0.550987 0.158137
vt 0.430959 0.115299
vt 0.430959 0.123134
vt 0.425542 0.129919
vt 0.416161 0.104597
vt 0.425542 0.108514
vt 0.405328 0.133836
vt 0.416161 0.133836
vt 0.405328 0.104597
vt 0.395947 0.108514
vt 0.395947 0.129919
vt 0.39053 0.115299
vt 0.39053 0.123134
vt 0.491495 0.129783
vt 0.493703 0.138023
vt 0.493703 0.133607
vt 0.487671 0.127575
vt 0.491495 0.141847
vt 0.483255 0.144055
vt 0.487671 0.144055
vt 0.483255 0.127575
vt 0.479431 0.129783
vt 0.479431 0.141847
vt 0.477223 0.133607
vt 0.477223 0.138023
vt 0.419818 0.124532
vt 0.423726 0.113981
vt 0.423726 0.119635
vt 0.419818 0.109085
vt 0.413048 0.127358
vt 0.413048 0.106258
vt 0.40523 0.127358
vt 0.40523 0.106258
vt 0.39846 0.124532
vt 0.39846 0.109085
vt 0.394551 0.119635
vt 0.394551 0.113981
vt 0.520046 0.15358
vt 0.512761 0.149004
vt 0.515958 0.152354
vt 0.523929 0.152354
vt 0.511311 0.144427
vt 0.526567 0.149004
vt 0.511996 0.139851
vt 0.527253 0.144427
vt 0.514634 0.136501
vt 0.525802 0.139851
vt 0.518517 0.135274
vt 0.522605 0.136501
vt 0.247278 0.137913
vt 0.376539 0.125406
vt 0.377947 0.126206
vt 0.24587 0.137113
vt 0.248298 0.136881
vt 0.378967 0.125174
vt 0.248658 0.134294
vt 0.379327 0.122587
vt 0.24826 0.130844
vt 0.378929 0.119137
vt 0.247211 0.127457
vt 0.37788 0.11575
vt 0.245793 0.125039
vt 0.376462 0.113332
vt 0.244385 0.124239
vt 0.375054 0.112532
vt 0.243364 0.125271
vt 0.374033 0.113564
vt 0.243005 0.127858
vt 0.373674 0.116151
vt 0.243403 0.131308
vt 0.374072 0.119601
vt 0.244451 0.134695
vt 0.37512 0.122988
vt 0.195424 0.575498
vt 0.201397 0.567494
vt 0.201397 0.575498
vt 0.195424 0.567494
vt 0.190517 0.575498
vt 0.190517 0.567494
vt 0.189983 0.575498
vt 0.189983 0.567494
vt 0.193432 0.567494
vt 0.193432 0.575498
vt 0.199406 0.567494
vt 0.199406 0.575498
vt 0.204313 0.567494
vt 0.204313 0.575498
vt 0.204846 0.567494
vt 0.204846 0.575498
vt 0.422556 0.498218
vt 0.386801 0.515994
vt 0.400529 0.479763
vt 0.422547 0.526793
vt 0.403915 0.548611
vt 0.375065 0.548602
vt 0.353037 0.530147
vt 0.371679 0.479754
vt 0.353047 0.501571
f 2/2/2 1/1/1 3/3/3
f 4/4/4 1/1/1 2/2/2
f 1/1/1 4/4/4 5/5/5
f 5/5/5 4/4/4 6/6/6
f 5/5/5 6/6/6 7/7/7
f 7/7/7 6/6/6 8/8/8
f 9/9/9 7/7/7 8/8/8
f 10/10/10 7/7/7 9/9/9
f 12/12/12 11/11/11 13/13/13
f 13/13/13 14/14/14 12/12/12
f 15/15/15 14/14/14 13/13/13
f 15/15/15 16/16/16 14/14/14
f 17/17/17 16/16/16 15/15/15
f 18/18/18 14/14/14 16/16/16
f 19/19/19 14/14/14 18/18/18
f 19/19/19 12/12/12 14/14/14
f 12/12/12 20/20/20 11/11/11
f 21/21/21 20/20/20 12/12/12
f 21/21/21 12/12/12 19/19/19
f 22/22/22 19/19/19 18/18/18
f 23/23/23 19/19/19 22/22/22
f 23/23/23 21/21/21 19/19/19
f 21/21/21 24/24/24 20/20/20
f 25/25/25 24/24/24 21/21/21
f 25/25/25 21/21/21 23/23/23
f 26/26/26 23/23/23 22/22/22
f 25/25/25 27/27/27 24/24/24
f 29/29/29 28/28/28 30/30/30
f 31/31/31 28/28/28 29/29/29
f 30/30/30 28/28/28 32/32/32
f 32/32/32 28/28/28 33/33/33
f 32/32/32 33/33/33 34/34/34
f 34/34/34 33/33/33 35/35/35
f 34/34/34 35/35/35 36/36/36
f 36/36/36 35/35/35 37/37/37
f 36/36/36 37/37/37 38/38/38
f 38/38/38 37/37/37 39/39/39
f 38/38/38 39/39/39 40/40/40
f 40/40/40 39/39/39 41/41/41
f 40/40/40 41/41/41 42/42/42
f 42/42/42 41/41/41 43/43/43
f 42/42/42 43/43/43 44/44/44
f 44/44/44 43/43/43 45/45/45
f 44/44/44 45/45/45 46/46/46
f 46/46/46 45/45/45 47/47/47
f 46/46/46 47/47/47 48/48/48
f 48/48/48 47/47/47 49/49/49
f 48/48/48 49/49/49 50/50/50
f 50/50/50 49/49/49 51/51/51
f 50/50/50 51/51/51 29/29/29
f 29/29/29 51/51/51 31/31/31
f 51/51/51 52/52/52 31/31/31
f 31/31/31 52/52/52 53/53/53
f 52/52/52 54/54/54 53/53/53
f 52/52/52 55/55/55 54/54/54
f 56/56/56 55/55/55 52/52/52
f 51/51/51 56/56/56 52/52/52
f 49/49/49 56/56/56 51/51/51
f 56/56/56 57/57/57 55/55/55
f 58/58/58 57/57/57 56/56/56
f 49/49/49 58/58/58 56/56/56
f 47/47/47 58/58/58 49/49/49
f 58/58/58 59/59/59 57/57/57
f 60/60/60 59/59/59 58/58/58
f 47/47/47 60/60/60 58/58/58
f 60/60/60 61/61/61 59/59/59
f 62/62/62 61/61/61 60/60/60
f 62/62/62 63/63/63 61/61/61
f 64/64/64 63/63/63 62/62/62
f 64/64/64 65/65/65 63/63/63
f 66/66/66 65/65/65 64/64/64
f 66/66/66 67/67/67 65/65/65
f 68/68/68 67/67/67 66/66/66
f 68/68/68 69/69/69 67/67/67
f 70/70/70 69/69/69 68/68/68
f 70/70/70 71/71/71 69/69/69
f 72/72/72 71/71/71 70/70/70
f 72/72/72 73/73/73 71/71/71
f 74/74/74 73/73/73 72/72/72
f 53/53/53 73/73/73 74/74/74
f 75/75/75 73/73/73 53/53/53
f 53/53/53 54/54/54 75/75/75
f 43/43/43 64/64/64 62/62/62
f 43/43/43 62/62/62 45/45/45
f 45/45/45 62/62/62 60/60/60
f 45/45/45 60/60/60 47/47/47
f 37/37/37 70/70/70 68/68/68
f 37/37/37 68/68/68 39/39/39
f 35/35/35 70/70/70 37/37/37
f 35/35/35 72/72/72 70/70/70
f 33/33/33 72/72/72 35/35/35
f 33/33/33 74/74/74 72/72/72
f 28/28/28 74/74/74 33/33/33
f 31/31/31 74/74/74 28/28/28
f 53/53/53 74/74/74 31/31/31
f 41/41/41 64/64/64 43/43/43
f 41/41/41 66/66/66 64/64/64
f 39/39/39 66/66/66 41/41/41
f 39/39/39 68/68/68 66/66/66
f 77/77/77 76/76/76 78/78/78
f 79/79/79 76/76/76 77/77/77
f 80/80/80 79/79/79 77/77/77
f 81/81/81 79/79/79 80/80/80
f 82/82/82 81/81/81 80/80/80
f 83/83/83 81/81/81 82/82/82
f 82/82/82 84/84/84 83/83/83
f 83/83/83 84/84/84 85/85/85
f 84/84/84 86/86/86 85/85/85
f 85/85/85 86/86/86 87/87/87
f 88/88/88 87/87/87 86/86/86
f 89/89/89 87/87/87 88/88/88
f 88/88/88 90/90/90 89/89/89
f 89/89/89 90/90/90 91/91/91
f 90/90/90 92/92/92 91/91/91
f 91/91/91 92/92/92 93/93/93
f 94/94/94 93/93/93 92/92/92
f 95/95/95 93/93/93 94/94/94
f 94/94/94 96/96/96 95/95/95
f 95/95/95 96/96/96 97/97/97
f 96/96/96 98/98/98 97/97/97
f 97/97/97 98/98/98 99/99/99
f 98/98/98 78/78/78 99/99/99
f 99/99/99 78/78/78 76/76/76
f 101/101/101 100/100/100 102/102/102
f 103/103/103 100/100/100 101/101/101
f 102/102/102 100/100/100 104/104/104
f 104/104/104 100/100/100 105/105/105
f 104/104/104 105/105/105 106/106/106
f 106/106/106 105/105/105 107/107/107
f 106/106/106 107/107/107 108/108/108
f 108/108/108 107/107/107 109/109/109
f 108/108/108 109/109/109 110/110/110
f 110/110/110 109/109/109 111/111/111
f 110/110/110 111/111/111 112/112/112
f 112/112/112 111/111/111 113/113/113
f 112/112/112 113/113/113 114/114/114
f 114/114/114 113/113/113 115/115/115
f 114/114/114 115/115/115 116/116/116
f 116/116/116 115/115/115 117/117/117
f 116/116/116 117/117/117 118/118/118
f 118/118/118 117/117/117 119/119/119
f 118/118/118 119/119/119 120/120/120
f 120/120/120 119/119/119 121/121/121
f 120/120/120 121/121/121 122/122/122
f 122/122/122 121/121/121 123/123/123
f 122/122/122 123/123/123 101/101/101
f 101/101/101 123/123/123 103/103/103
f 125/125/125 124/124/124 126/126/126
f 127/127/127 124/124/124 125/125/125
f 126/126/126 124/124/124 128/128/128
f 128/128/128 124/124/124 129/129/129
f 128/128/128 129/129/129 130/130/130
f 130/130/130 129/129/129 131/131/131
f 130/130/130 131/131/131 132/132/132
f 132/132/132 131/131/131 133/133/133
f 132/132/132 133/133/133 134/134/134
f 134/134/134 133/133/133 135/135/135
f 134/134/134 135/135/135 136/136/136
f 136/136/136 135/135/135 137/137/137
f 136/136/136 137/137/137 138/138/138
f 138/138/138 137/137/137 139/139/139
f 138/138/138 139/139/139 140/140/140
f 140/140/140 139/139/139 141/141/141
f 140/140/140 141/141/141 142/142/142
f 142/142/142 141/141/141 143/143/143
f 142/142/142 143/143/143 144/144/144
f 144/144/144 143/143/143 145/145/145
f 144/144/144 145/145/145 146/146/146
f 146/146/146 145/145/145 147/147/147
f 146/146/146 147/147/147 125/125/125
f 125/125/125 147/147/147 127/127/127
f 149/149/149 148/148/148 150/150/150
f 151/151/151 148/148/148 149/149/149
f 150/150/150 148/148/148 152/152/152
f 152/152/152 148/148/148 153/153/153
f 152/152/152 153/153/153 154/154/154
f 154/154/154 150/150/150 152/152/152
f 154/154/154 153/153/153 155/155/155
f 154/154/154 155/155/155 156/156/156
f 156/156/156 155/155/155 157/157/157
f 156/156/156 157/157/157 158/158/158
f 158/158/158 157/157/157 159/159/159
f 158/158/158 159/159/159 160/160/160
f 160/160/160 159/159/159 161/161/161
f 160/160/160 161/161/161 162/162/162
f 162/162/162 161/161/161 163/163/163
f 162/162/162 163/163/163 164/164/164
f 164/164/164 160/160/160 162/162/162
f 164/164/164 163/163/163 165/165/165
f 164/164/164 165/165/165 166/166/166
f 166/166/166 160/160/160 164/164/164
f 166/166/166 165/165/165 167/167/167
f 166/166/166 167/167/167 168/168/168
f 160/160/160 168/168/168 158/158/158
f 166/166/166 168/168/168 160/160/160
f 168/168/168 156/156/156 158/158/158
f 168/168/168 167/167/167 169/169/169
f 168/168/168 169/169/169 170/170/170
f 170/170/170 156/156/156 168/168/168
f 170/170/170 169/169/169 171/171/171
f 170/170/170 171/171/171 149/149/149
f 149/149/149 171/171/171 151/151/151
f 150/150/150 170/170/170 149/149/149
f 154/154/154 170/170/170 150/150/150
f 156/156/156 170/170/170 154/154/154
f 173/173/173 172/172/172 174/174/174
f 175/175/175 172/172/172 173/173/173
f 174/174/174 172/172/172 176/176/176
f 176/176/176 172/172/172 177/177/177
f 176/176/176 177/177/177 178/178/178
f 178/178/178 177/177/177 179/179/179
f 178/178/178 179/179/179 180/180/180
f 180/180/180 179/179/179 181/181/181
f 180/180/180 181/181/181 182/182/182
f 182/182/182 181/181/181 183/183/183
f 182/182/182 183/183/183 184/184/184
f 184/184/184 183/183/183 185/185/185
f 184/184/184 185/185/185 186/186/186
f 186/186/186 185/185/185 187/187/187
f 186/186/186 187/187/187 188/188/188
f 188/188/188 187/187/187 189/189/189
f 188/188/188 189/189/189 190/190/190
f 190/190/190 189/189/189 191/191/191
f 190/190/190 191/191/191 192/192/192
f 192/192/192 191/191/191 193/193/193
f 192/192/192 193/193/193 194/194/194
f 194/194/194 193/193/193 195/195/195
f 194/194/194 195/195/195 173/173/173
f 173/173/173 195/195/195 175/175/175
f 197/197/197 196/196/196 198/198/198
f 199/199/199 196/196/196 197/197/197
f 196/196/196 200/200/200 198/198/198
f 198/198/198 200/200/200 201/201/201
f 200/200/200 202/202/202 201/201/201
f 201/201/201 202/202/202 203/203/203
f 202/202/202 204/204/204 203/203/203
f 203/203/203 204/204/204 205/205/205
f 204/204/204 206/206/206 205/205/205
f 205/205/205 206/206/206 207/207/207
f 206/206/206 208/208/208 207/207/207
f 206/206/206 204/204/204 208/208/208
f 207/207/207 208/208/208 209/209/209
f 208/208/208 210/210/210 209/209/209
f 204/204/204 202/202/202 210/210/210
f 208/208/208 204/204/204 210/210/210
f 209/209/209 210/210/210 211/211/211
f 210/210/210 212/212/212 211/211/211
f 202/202/202 200/200/200 212/212/212
f 210/210/210 202/202/202 212/212/212
f 211/211/211 212/212/212 213/213/213
f 212/212/212 214/214/214 213/213/213
f 212/212/212 200/200/200 214/214/214
f 213/213/213 214/214/214 215/215/215
f 214/214/214 216/216/216 215/215/215
f 215/215/215 216/216/216 217/217/217
f 216/216/216 218/218/218 217/217/217
f 217/217/217 218/218/218 219/219/219
f 219/219/219 218/218/218 197/197/197
f 197/197/197 218/218/218 199/199/199
f 216/216/216 199/199/199 218/218/218
f 196/196/196 199/199/199 216/216/216
f 214/214/214 196/196/196 216/216/216
f 200/200/200 196/196/196 214/214/214
f 221/221/221 220/220/220 222/222/222
f 223/223/223 220/220/220 221/221/221
f 224/224/224 223/223/223 221/221/221
f 225/225/225 223/223/223 224/224/224
f 226/226/226 225/225/225 224/224/224
f 227/227/227 225/225/225 226/226/226
f 226/226/226 228/228/228 227/227/227
f 227/227/227 228/228/228 229/229/229
f 230/230/230 229/229/229 228/228/228
f 231/231/231 229/229/229 230/230/230
f 232/232/232 231/231/231 230/230/230
f 230/230/230 228/228/228 232/232/232
f 233/233/233 231/231/231 232/232/232
f 233/233/233 229/229/229 231/231/231
f 232/232/232 234/234/234 233/233/233
f 232/232/232 228/228/228 234/234/234
f 228/228/228 226/226/226 234/234/234
f 233/233/233 234/234/234 235/235/235
f 235/235/235 227/227/227 229/229/229
f 235/235/235 229/229/229 233/233/233
f 236/236/236 235/235/235 234/234/234
f 234/234/234 226/226/226 236/236/236
f 226/226/226 224/224/224 236/236/236
f 237/237/237 235/235/235 236/236/236
f 237/237/237 225/225/225 227/227/227
f 237/237/237 227/227/227 235/235/235
f 238/238/238 237/237/237 236/236/236
f 236/236/236 224/224/224 238/238/238
f 239/239/239 237/237/237 238/238/238
f 239/239/239 225/225/225 237/237/237
f 238/238/238 240/240/240 239/239/239
f 239/239/239 240/240/240 241/241/241
f 240/240/240 242/242/242 241/241/241
f 241/241/241 242/242/242 243/243/243
f 222/222/222 243/243/243 242/242/242
f 240/240/240 222/222/222 242/242/242
f 220/220/220 243/243/243 222/222/222
f 220/220/220 241/241/241 243/243/243
f 238/238/238 221/221/221 240/240/240
f 221/221/221 222/222/222 240/240/240
f 224/224/224 221/221/221 238/238/238
f 223/223/223 241/241/241 220/220/220
f 241/241/241 223/223/223 239/239/239
f 239/239/239 223/223/223 225/225/225
f 245/245/245 244/244/244 246/246/246
f 247/247/247 244/244/244 245/245/245
f 246/246/246 248/248/248 245/245/245
f 245/245/245 248/248/248 249/249/249
f 248/248/248 250/250/250 249/249/249
f 249/249/249 250/250/250 251/251/251
f 251/251/251 250/250/250 252/252/252
f 252/252/252 250/250/250 253/253/253
f 253/253/253 254/254/254 252/252/252
f 252/252/252 254/254/254 255/255/255
f 254/254/254 256/256/256 255/255/255
f 253/253/253 256/256/256 254/254/254
f 255/255/255 256/256/256 257/257/257
f 256/256/256 258/258/258 257/257/257
f 258/258/258 253/253/253 250/250/250
f 256/256/256 253/253/253 258/258/258
f 250/250/250 248/248/248 258/258/258
f 257/257/257 258/258/258 259/259/259
f 258/258/258 260/260/260 259/259/259
f 258/258/258 248/248/248 260/260/260
f 259/259/259 260/260/260 261/261/261
f 260/260/260 262/262/262 261/261/261
f 248/248/248 262/262/262 260/260/260
f 261/261/261 262/262/262 263/263/263
f 263/263/263 262/262/262 264/264/264
f 264/264/264 262/262/262 265/265/265
f 266/266/266 264/264/264 265/265/265
f 267/267/267 264/264/264 266/266/266
f 266/266/266 247/247/247 267/267/267
f 244/244/244 247/247/247 266/266/266
f 266/266/266 265/265/265 244/244/244
f 265/265/265 246/246/246 244/244/244
f 262/262/262 246/246/246 265/265/265
f 246/246/246 262/262/262 248/248/248
f 269/269/269 268/268/268 270/270/270
f 271/271/271 268/268/268 269/269/269
f 268/268/268 271/271/271 272/272/272
f 272/272/272 271/271/271 273/273/273
f 272/272/272 273/273/273 274/274/274
f 274/274/274 273/273/273 275/275/275
f 276/276/276 274/274/274 275/275/275
f 277/277/277 274/274/274 276/276/276
f 278/278/278 277/277/277 276/276/276
f 279/279/279 277/277/277 278/278/278
f 280/280/280 279/279/279 278/278/278
f 281/281/281 279/279/279 280/280/280
f 282/282/282 281/281/281 280/280/280
f 270/270/270 282/282/282 269/269/269
f 283/283/283 281/281/281 282/282/282
f 283/283/283 282/282/282 270/270/270
f 269/269/269 284/284/284 271/271/271
f 271/271/271 284/284/284 285/285/285
f 271/271/271 285/285/285 273/273/273
f 273/273/273 285/285/285 286/286/286
f 273/273/273 286/286/286 275/275/275
f 276/276/276 275/275/275 287/287/287
f 287/287/287 275/275/275 288/288/288
f 275/275/275 286/286/286 288/288/288
f 286/286/286 288/288/288 285/285/285
f 285/285/285 288/288/288 287/287/287
f 289/289/289 276/276/276 287/287/287
f 278/278/278 276/276/276 289/289/289
f 285/285/285 287/287/287 289/289/289
f 285/285/285 289/289/289 284/284/284
f 290/290/290 278/278/278 289/289/289
f 280/280/280 278/278/278 290/290/290
f 291/291/291 280/280/280 290/290/290
f 282/282/282 280/280/280 291/291/291
f 289/289/289 291/291/291 284/284/284
f 291/291/291 289/289/289 290/290/290
f 291/291/291 269/269/269 282/282/282
f 284/284/284 269/269/269 291/291/291
f 293/293/293 292/292/292 294/294/294
f 295/295/295 292/292/292 293/293/293
f 292/292/292 296/296/296 294/294/294
f 294/294/294 296/296/296 297/297/297
f 296/296/296 298/298/298 297/297/297
f 297/297/297 298/298/298 299/299/299
f 300/300/300 295/295/295 293/293/293
f 301/301/301 295/295/295 300/300/300
f 302/302/302 301/301/301 300/300/300
f 303/303/303 301/301/301 302/302/302
f 298/298/298 304/304/304 299/299/299
f 299/299/299 304/304/304 305/305/305
f 304/304/304 306/306/306 305/305/305
f 305/305/305 306/306/306 307/307/307
f 306/306/306 308/308/308 307/307/307
f 307/307/307 308/308/308 309/309/309
f 308/308/308 310/310/310 309/309/309
f 309/309/309 310/310/310 311/311/311
f 310/310/310 312/312/312 311/311/311
f 311/311/311 312/312/312 313/313/313
f 312/312/312 314/314/314 313/313/313
f 313/313/313 314/314/314 315/315/315
f 315/315/315 303/303/303 302/302/302
f 314/314/314 303/303/303 315/315/315
f 303/303/303 316/316/316 301/301/301
f 317/317/317 316/316/316 303/303/303
f 314/314/314 317/317/317 303/303/303
f 312/312/312 318/318/318 314/314/314
f 318/318/318 317/317/317 314/314/314
f 319/319/319 318/318/318 312/312/312
f 310/310/310 319/319/319 312/312/312
f 304/304/304 320/320/320 306/306/306
f 321/321/321 320/320/320 304/304/304
f 322/322/322 319/319/319 310/310/310
f 308/308/308 322/322/322 310/310/310
f 323/323/323 322/322/322 308/308/308
f 306/306/306 323/323/323 308/308/308
f 320/320/320 323/323/323 306/306/306
f 298/298/298 321/321/321 304/304/304
f 324/324/324 321/321/321 298/298/298
f 296/296/296 324/324/324 298/298/298
f 325/325/325 324/324/324 296/296/296
f 292/292/292 325/325/325 296/296/296
f 326/326/326 325/325/325 292/292/292
f 295/295/295 326/326/326 292/292/292
f 327/327/327 326/326/326 295/295/295
f 301/301/301 327/327/327 295/295/295
f 316/316/316 327/327/327 301/301/301
f 329/329/329 328/328/328 330/330/330
f 331/331/331 328/328/328 329/329/329
f 330/330/330 328/328/328 332/332/332
f 332/332/332 328/328/328 333/333/333
f 333/333/333 334/334/334 332/332/332
f 332/332/332 334/334/334 335/335/335
f 335/335/335 334/334/334 336/336/336
f 336/336/336 334/334/334 337/337/337
f 336/336/336 337/337/337 338/338/338
f 338/338/338 337/337/337 339/339/339
f 338/338/338 339/339/339 340/340/340
f 340/340/340 339/339/339 341/341/341
f 340/340/340 341/341/341 342/342/342
f 342/342/342 341/341/341 343/343/343
f 341/341/341 339/339/339 343/343/343
f 342/342/342 343/343/343 344/344/344
f 344/344/344 343/343/343 345/345/345
f 339/339/339 337/337/337 345/345/345
f 343/343/343 339/339/339 345/345/345
f 345/345/345 346/346/346 344/344/344
f 337/337/337 334/334/334 346/346/346
f 345/345/345 337/337/337 346/346/346
f 344/344/344 346/346/346 347/347/347
f 347/347/347 346/346/346 348/348/348
f 348/348/348 346/346/346 349/349/349
f 346/346/346 334/334/334 349/349/349
f 348/348/348 349/349/349 350/350/350
f 350/350/350 349/349/349 351/351/351
f 351/351/351 331/331/331 350/350/350
f 350/350/350 331/331/331 329/329/329
f 351/351/351 328/328/328 331/331/331
f 333/333/333 328/328/328 351/351/351
f 349/349/349 333/333/333 351/351/351
f 334/334/334 333/333/333 349/349/349
f 353/353/353 352/352/352 354/354/354
f 355/355/355 352/352/352 353/353/353
f 355/355/355 356/356/356 352/352/352
f 357/357/357 356/356/356 355/355/355
f 357/357/357 358/358/358 356/356/356
f 359/359/359 358/358/358 357/357/357
f 359/359/359 360/360/360 358/358/358
f 361/361/361 360/360/360 359/359/359
f 361/361/361 362/362/362 360/360/360
f 363/363/363 362/362/362 361/361/361
f 363/363/363 364/364/364 362/362/362
f 365/365/365 364/364/364 363/363/363
f 365/365/365 366/366/366 364/364/364
f 367/367/367 366/366/366 365/365/365
f 367/367/367 368/368/368 366/366/366
f 369/369/369 368/368/368 367/367/367
f 369/369/369 370/370/370 368/368/368
f 371/371/371 370/370/370 369/369/369
f 371/371/371 372/372/372 370/370/370
f 373/373/373 372/372/372 371/371/371
f 373/373/373 374/374/374 372/372/372
f 375/375/375 374/374/374 373/373/373
f 353/353/353 374/374/374 375/375/375
f 354/354/354 374/374/374 353/353/353
f 376/376/376 50/50/50 29/29/29
f 377/377/377 50/50/50 376/376/376
f 377/377/377 48/48/48 50/50/50
f 378/378/378 48/48/48 377/377/377
f 378/378/378 46/46/46 48/48/48
f 379/379/379 46/46/46 378/378/378
f 379/379/379 44/44/44 46/46/46
f 380/380/380 44/44/44 379/379/379
f 380/380/380 42/42/42 44/44/44
f 381/381/381 42/42/42 380/380/380
f 381/381/381 40/40/40 42/42/42
f 382/382/382 40/40/40 381/381/381
f 382/382/382 38/38/38 40/40/40
f 383/383/383 38/38/38 382/382/382
f 383/383/383 36/36/36 38/38/38
f 384/384/384 36/36/36 383/383/383
f 384/384/384 34/34/34 36/36/36
f 385/385/385 34/34/34 384/384/384
f 385/385/385 32/32/32 34/34/34
f 386/386/386 32/32/32 385/385/385
f 386/386/386 30/30/30 32/32/32
f 387/387/387 30/30/30 386/386/386
f 376/376/376 30/30/30 387/387/387
f 29/29/29 30/30/30 376/376/376
f 389/389/389 388/388/388 390/390/390
f 388/388/388 391/391/391 390/390/390
f 392/392/392 391/391/391 388/388/388
f 390/390/390 391/391/391 393/393/393
f 390/390/390 393/393/393 394/394/394
f 393/393/393 391/391/391 395/395/395
f 396/396/396 393/393/393 395/395/395
f 397/397/397 393/393/393 396/396/396
f 398/398/398 397/397/397 396/396/396
f 399/399/399 397/397/397 398/398/398
f 401/401/401 400/400/400 402/402/402
f 400/400/400 401/401/401 403/403/403
f 403/403/403 401/401/401 404/404/404
f 405/405/405 403/403/403 404/404/404
f 406/406/406 405/405/405 404/404/404
f 407/407/407 403/403/403 405/405/405
f 407/407/407 405/405/405 408/408/408
f 408/408/408 405/405/405 409/409/409
f 408/408/408 409/409/409 410/410/410
f 410/410/410 409/409/409 411/411/411
f 413/413/413 412/412/412 414/414/414
f 415/415/415 412/412/412 413/413/413
f 412/412/412 415/415/415 416/416/416
f 416/416/416 415/415/415 417/417/417
f 416/416/416 417/417/417 418/418/418
f 418/418/418 417/417/417 419/419/419
f 418/418/418 419/419/419 420/420/420
f 420/420/420 419/419/419 421/421/421
f 420/420/420 421/421/421 422/422/422
f 422/422/422 421/421/421 423/423/423
f 425/425/425 424/424/424 426/426/426
f 427/427/427 424/424/424 425/425/425
f 428/428/428 427/427/427 425/425/425
f 429/429/429 427/427/427 428/428/428
f 430/430/430 429/429/429 428/428/428
f 431/431/431 429/429/429 430/430/430
f 432/432/432 431/431/431 430/430/430
f 433/433/433 431/431/431 432/432/432
f 432/432/432 434/434/434 433/433/433
f 433/433/433 434/434/434 435/435/435
f 437/437/437 436/436/436 438/438/438
f 439/439/439 436/436/436 437/437/437
f 440/440/440 438/438/438 436/436/436
f 441/441/441 438/438/438 440/440/440
f 442/442/442 441/441/441 440/440/440
f 443/443/443 441/441/441 442/442/442
f 444/444/444 443/443/443 442/442/442
f 445/445/445 443/443/443 444/444/444
f 444/444/444 446/446/446 445/445/445
f 445/445/445 446/446/446 447/447/447
f 448/448/448 447/447/447 446/446/446
f 449/449/449 447/447/447 448/448/448
f 450/450/450 449/449/449 448/448/448
f 451/451/451 449/449/449 450/450/450
f 450/450/450 452/452/452 451/451/451
f 451/451/451 452/452/452 453/453/453
f 454/454/454 453/453/453 452/452/452
f 455/455/455 453/453/453 454/454/454
f 456/456/456 455/455/455 454/454/454
f 457/457/457 455/455/455 456/456/456
f 456/456/456 458/458/458 457/457/457
f 457/457/457 458/458/458 459/459/459
f 439/439/439 459/459/459 458/458/458
f 437/437/437 459/459/459 439/439/439
f 461/461/461 460/460/460 462/462/462
f 463/463/463 460/460/460 461/461/461
f 460/460/460 463/463/463 464/464/464
f 464/464/464 463/463/463 465/465/465
f 464/464/464 465/465/465 466/466/466
f 466/466/466 465/465/465 467/467/467
f 468/468/468 466/466/466 467/467/467
f 469/469/469 466/466/466 468/468/468
f 470/470/470 469/469/469 468/468/468
f 471/471/471 469/469/469 470/470/470
f 472/472/472 471/471/471 470/470/470
f 473/473/473 471/471/471 472/472/472
f 474/474/474 473/473/473 472/472/472
f 462/462/462 474/474/474 461/461/461
f 475/475/475 473/473/473 474/474/474
f 475/475/475 474/474/474 462/462/462
f 477/477/477 476/476/476 478/478/478
f 477/477/477 479/479/479 476/476/476
f 477/477/477 480/480/480 479/479/479
f 477/477/477 481/481/481 480/480/480
f 477/477/477 482/482/482 481/481/481
f 477/477/477 478/478/478 483/483/483
f 477/477/477 483/483/483 484/484/484
f 477/477/477 484/484/484 482/482/482
v -1.063361 0.9130083 0.9785537
v -1.046502 0.9425881 0.8056791
v -1.062905 0.8554878 0.9667615
v -1.062488 0.9176998 0.7687823
v -1.06262 0.7865925 0.9258602
v -1.062483 0.8709567 0.696591
v -1.062473 0.6824278 0.7659217
v -1.063306 0.87375 0.682751
v -1.063297 0.6722591 0.6768212
v -1.062992 0.8738397 0.6534702
v -1.062975 0.6774116 0.6086095
v -1.062813 0.8796346 0.6394263
v -1.062975 0.7061183 0.5376332
v -1.062509 0.8873706 0.6324252
v -1.062975 0.7563105 0.4798184
v -1.052116 0.9251595 0.6088025
v -1.076686 0.8178574 0.4310668
v -1.086752 0.8928224 0.4088579
v -1.165396 0.7571804 0.6357526
v -1.084438 0.8276168 0.5958003
v -1.060364 0.778036 0.5962473
v -1.064232 0.7225955 0.596656
v -1.095201 0.6765178 0.5968234
v -1.144599 0.6525041 0.5973107
v -1.199838 0.6563907 0.5977094
v -1.24576 0.6872338 0.5976696
v -1.270185 0.7363686 0.5971673
v -1.26656 0.7917641 0.596881
v -1.235593 0.8378425 0.5966517
v -1.186273 0.8623221 0.5961017
v -1.130677 0.8587139 0.5958233
v -1.190413 0.7244952 0.4211608
v -1.185671 0.7086197 0.4518446
v -1.207122 0.7251225 0.4518705
v -1.170744 0.7164469 0.4211379
v -1.158818 0.7050886 0.4519784
v -1.150145 0.7192277 0.4212656
v -1.134304 0.7152406 0.4520663
v -1.133677 0.7319503 0.4213569
v -1.1178 0.7366937 0.4521705
v -1.125627 0.7516211 0.4214639
v -1.114269 0.7635491 0.4523471
v -1.12841 0.7722231 0.4216335
v -1.124422 0.7880636 0.4523801
v -1.14113 0.7886887 0.4216702
v -1.145871 0.8045632 0.4523433
v -1.160799 0.7967365 0.4216369
v -1.172726 0.8080952 0.4523333
v -1.181399 0.7939561 0.4216208
v -1.197238 0.7979444 0.4521839
v -1.197865 0.7812361 0.421474
v -1.213741 0.7764935 0.4520172
v -1.205915 0.7615641 0.4213105
v -1.217275 0.7496363 0.4519643
v -1.203135 0.7409635 0.4212518
v -1.165772 0.7565924 0.4131096
v -1.130677 0.8587139 0.5958233
v -1.102053 0.8271329 0.4206901
v -1.084438 0.8276168 0.5958003
v -1.146176 0.849593 0.4206922
v -1.186273 0.8623221 0.5961017
v -1.195246 0.8472611 0.4210778
v -1.235593 0.8378425 0.5966517
v -1.236593 0.8205457 0.421329
v -1.26656 0.7917641 0.596881
v -1.286064 0.7810199 0.4861369
v -1.270185 0.7363686 0.5971673
v -1.256752 0.7270097 0.4219396
v -1.24576 0.6872338 0.5976696
v -1.229958 0.6854966 0.4221427
v -1.199838 0.6563907 0.5977094
v -1.185485 0.6629227 0.4220836
v -1.144599 0.6525041 0.5973107
v -1.136224 0.6657221 0.4218077
v -1.095201 0.6765178 0.5968234
v -1.094951 0.6926372 0.4215012
v -1.064232 0.7225955 0.596656
v -1.072434 0.7369359 0.4212748
v -1.060364 0.778036 0.5962473
v -1.07521 0.7860234 0.4209458
v -1.203135 0.7409635 0.4212518
v -1.190413 0.7244952 0.4211608
v -1.205915 0.7615641 0.4213105
v -1.197865 0.7812361 0.421474
v -1.181399 0.7939561 0.4216208
v -1.160799 0.7967365 0.4216369
v -1.14113 0.7886887 0.4216702
v -1.12841 0.7722231 0.4216335
v -1.125627 0.7516211 0.4214639
v -1.197441 0.7653344 0.3961366
v -1.133677 0.7319503 0.4213569
v -1.150145 0.7192277 0.4212656
v -1.170744 0.7164469 0.4211379
v -1.20846 0.8283184 0.4649959
v -1.198565 0.6528161 0.5372127
v -1.16091 0.6685079 0.4334689
v -1.197346 0.8600217 0.5246841
v -1.210966 0.7629312 0.5938905
v -1.174992 0.6313903 0.5672101
v -1.193343 0.6802316 0.6565066
v -1.148784 0.8056107 0.6710917
v -1.172236 0.7090461 0.6250902
v -1.188093 0.871439 0.5600023
v -1.196054 0.7327088 0.649089
v -1.144128 0.8540469 0.6773824
v -1.198565 0.6528161 0.5372127
v -1.039757 0.6422356 0.5764389
v -1.029632 0.6537548 0.5153836
v -1.174992 0.6313903 0.5672101
v -1.089835 0.6679757 0.6790445
v -1.193343 0.6802316 0.6565066
v -1.148784 0.8056107 0.6710917
v -1.057577 0.7751989 0.6651747
v -1.023925 0.7784315 0.5880181
v -1.210966 0.7629312 0.5938905
v -1.172236 0.7090461 0.6250902
v -1.014172 0.7550395 0.5785587
v -1.08709 0.7174921 0.673762
v -1.196054 0.7327088 0.649089
v -1.144128 0.8540469 0.6773824
v -1.059399 0.8277697 0.6681188
v -1.16091 0.6685079 0.4334689
v -1.050578 0.6890851 0.4418832
v -1.085789 0.8359681 0.4245512
v -1.20846 0.8283184 0.4649959
v -1.028599 0.8596708 0.516541
v -1.188093 0.871439 0.5600023
v -1.197346 0.8600217 0.5246841
v -1.051234 0.8813218 0.5737557
v -1.144128 0.8540469 0.6773824
v -1.059399 0.8277697 0.6681188
v -1.085789 0.8359681 0.4245512
v -1.20846 0.8283184 0.4649959
v -1.014172 0.7550395 0.5785587
v -1.029632 0.6537548 0.5153836
v -1.023925 0.7784315 0.5880181
v -1.028599 0.8596708 0.516541
v -1.051234 0.8813218 0.5737557
v -1.039757 0.6422356 0.5764389
v -1.059399 0.8277697 0.6681188
v -1.08709 0.7174921 0.673762
v -1.057577 0.7751989 0.6651747
v -1.089835 0.6679757 0.6790445
v -1.050578 0.6890851 0.4418832
v -1.085789 0.8359681 0.4245512
v -1.171235 0.6677669 0.4334055
v -1.238376 0.8383815 0.4234098
v -1.275465 0.6924813 0.4380601
v -1.11911 0.8278741 0.4658721
v -1.303911 0.6569775 0.5169623
v -1.135547 0.651982 0.5389586
v -1.293318 0.6453029 0.5792288
v -1.158663 0.6314576 0.5679379
v -1.240361 0.669827 0.6810224
v -1.137221 0.6795962 0.6562508
v -1.178759 0.8062199 0.671915
v -1.270637 0.7777247 0.6676154
v -1.3059 0.7820815 0.5907452
v -1.118921 0.7619628 0.5937112
v -1.157839 0.7092273 0.6253541
v -1.316136 0.7589137 0.5816677
v -1.241313 0.7192656 0.6759257
v -1.133016 0.7318794 0.6483008
v -1.181915 0.8545687 0.6784168
v -1.267334 0.8302326 0.6704516
v -1.131329 0.8596231 0.5261522
v -1.238376 0.8383815 0.4234098
v -1.11911 0.8278741 0.4658721
v -1.299253 0.8633783 0.5164924
v -1.139474 0.8708724 0.5600496
v -1.276428 0.8840596 0.576043
v -1.181915 0.8545687 0.6784168
v -1.267334 0.8302326 0.6704516
v -1.299253 0.8633783 0.5164924
v -1.275465 0.6924813 0.4380601
v -1.238376 0.8383815 0.4234098
v -1.303911 0.6569775 0.5169623
v -1.316136 0.7589137 0.5816677
v -1.276428 0.8840596 0.576043
v -1.3059 0.7820815 0.5907452
v -1.293318 0.6453029 0.5792288
v -1.270637 0.7777247 0.6676154
v -1.240361 0.669827 0.6810224
v -1.3059 0.7820815 0.5907452
v -1.316136 0.7589137 0.5816677
v -1.267334 0.8302326 0.6704516
v -1.241313 0.7192656 0.6759257
v -1.131329 0.8596231 0.5261522
v -1.118921 0.7619628 0.5937112
v -1.157839 0.7092273 0.6253541
v -1.135547 0.651982 0.5389586
v -1.158663 0.6314576 0.5679379
v -1.139474 0.8708724 0.5600496
v -1.133016 0.7318794 0.6483008
v -1.181915 0.8545687 0.6784168
v -1.137221 0.6795962 0.6562508
v -1.178759 0.8062199 0.671915
v -1.11911 0.8278741 0.4658721
v -1.171235 0.6677669 0.4334055
v -1.24225 0.9098779 0.9951192
v -1.062905 0.8554878 0.9667615
v -1.266096 0.8483658 0.96403
v -1.063361 0.9130083 0.9785537
v -1.06262 0.7865925 0.9258602
v -1.266381 0.7796315 0.9190472
v -1.062473 0.6824278 0.7659217
v -1.266528 0.6791062 0.7557824
v -1.063297 0.6722591 0.6768212
v -1.265705 0.6722633 0.6739612
v -1.062975 0.6774116 0.6086095
v -1.266027 0.679042 0.601778
v -1.062975 0.7061183 0.5376332
v -1.266027 0.7098773 0.5317003
v -1.062975 0.7563105 0.4798184
v -1.266027 0.7617917 0.475427
v -1.076686 0.8178574 0.4310668
v -1.252316 0.8253648 0.4283215
v -1.086752 0.8928224 0.4088579
v -1.26564 0.8960247 0.4254098
v -1.062488 0.9176998 0.7687823
v -1.26564 0.9531612 0.784815
v -1.266513 0.9256697 0.775738
v -1.046502 0.9425881 0.8056791
v -1.062483 0.8709567 0.696591
v -1.266519 0.8746496 0.7065376
v -1.063306 0.87375 0.682751
v -1.265696 0.873866 0.6854007
v -1.062992 0.8738397 0.6534702
v -1.26601 0.8726084 0.660224
v -1.062813 0.8796346 0.6394263
v -1.266188 0.8753408 0.64661
v -1.062509 0.8873706 0.6324252
v -1.266493 0.8786848 0.6382368
v -1.052116 0.9251595 0.6088025
v -1.287382 0.9179184 0.5885987
v -1.287382 0.9179184 0.5885987
v -1.252316 0.8253648 0.4283215
v -1.26564 0.8960247 0.4254098
v -1.266027 0.7617917 0.475427
v -1.266493 0.8786848 0.6382368
v -1.266027 0.7098773 0.5317003
v -1.266188 0.8753408 0.64661
v -1.266027 0.679042 0.601778
v -1.26601 0.8726084 0.660224
v -1.265705 0.6722633 0.6739612
v -1.265696 0.873866 0.6854007
v -1.266528 0.6791062 0.7557824
v -1.266519 0.8746496 0.7065376
v -1.266381 0.7796315 0.9190472
v -1.266513 0.9256697 0.775738
v -1.266096 0.8483658 0.96403
v -1.26564 0.9531612 0.784815
v -1.24225 0.9098779 0.9951192
v -1.113213 0.9633862 0.6250222
v -1.164001 0.9337518 0.6125006
v -1.09694 0.9595438 0.6221125
v -1.164001 0.9745376 0.6414568
v -1.052501 0.9981259 0.6017869
v -1.06757 1.006826 0.6358606
v -1.041307 1.055902 0.6221126
v -1.052772 1.068074 0.6250222
v -1.052501 1.126875 0.6125007
v -1.087823 1.106482 0.6414569
v -1.099628 1.174001 0.601787
v -1.108327 1.158932 0.6358606
v -1.157404 1.185193 0.6221123
v -1.169574 1.173729 0.625022
v -1.228374 1.174001 0.612501
v -1.207981 1.138679 0.641457
v -1.275501 1.126873 0.6017872
v -1.260432 1.118174 0.6358609
v -1.286693 1.069097 0.6221125
v -1.275229 1.056927 0.6250222
v -1.275501 0.9981273 0.6125009
v -1.240179 1.01852 0.6414568
v -1.228375 0.9510009 0.601787
v -1.219675 0.9660692 0.6358606
v -1.310057 1.068074 0.6250225
v -1.305661 0.9807128 0.6017869
v -1.337293 1.054494 0.5251598
v -1.314385 1.149325 0.5251598
v -1.27034 1.123895 0.6414567
v -1.245788 1.204161 0.6017867
v -1.250825 1.212884 0.5251597
v -1.172008 1.235792 0.5251598
v -1.158427 1.208557 0.6250222
v -1.077175 1.212884 0.5251598
v -1.102605 1.168839 0.6414569
v -1.02234 1.144287 0.6017865
v -1.013616 1.149324 0.5251597
v -0.9907086 1.070507 0.5251596
v -1.017945 1.056926 0.6250222
v -1.013617 0.9756761 0.5251597
v -1.057662 1.001106 0.6414568
v -1.086146 0.9387993 0.6250221
v -1.084289 0.908422 0.5251598
v -1.164001 0.8989248 0.6017869
v -1.164001 0.8888513 0.5251598
v -1.250825 0.9121162 0.5251598
v -1.225395 0.9561614 0.6414567
v -1.314385 0.9756761 0.5251598
v -1.313459 1.056927 0.4218422
v -1.296223 0.9925987 0.4044718
v -1.313459 1.068074 0.4044721
v -1.290649 0.9829439 0.4218418
v -1.296223 1.132402 0.4218419
v -1.290649 1.142057 0.4044718
v -1.243557 1.189149 0.4218419
v -1.233903 1.194723 0.4044719
v -1.243557 0.9358521 0.4044718
v -1.233903 0.9302779 0.4218418
v -1.169574 0.9130421 0.4044721
v -1.158427 0.9130421 0.4218419
v -1.169574 1.211959 0.4218419
v -1.158427 1.211959 0.4044719
v -1.094099 1.194723 0.4218419
v -1.084444 1.189148 0.4044718
v -1.037352 1.142056 0.4218417
v -1.031778 1.132401 0.4044718
v -1.014543 1.068074 0.4218419
v -1.014543 1.056927 0.4044721
v -1.031778 0.9925987 0.4218417
v -1.037352 0.9829439 0.4044719
v -1.077825 0.9264355 0.4354655
v -1.094099 0.9302779 0.4044718
v -1.106386 0.860656 0.4109789
v -1.021726 1.151078 0.4218419
v -1.085076 1.210348 0.4218419
v -1.064934 1.225612 0.5515984
v -1.157971 1.245004 0.5668778
v -1.169573 1.230003 0.421842
v -1.240697 1.218141 0.5822272
v -1.252579 1.204775 0.4218418
v -1.026891 1.151312 0.6010765
v -0.9878185 1.0625 0.4312543
v -0.9789791 1.071308 0.5846844
v -1.312496 1.165733 0.5800033
v -1.311849 1.141425 0.4218419
v -1.349023 1.071307 0.5846846
v -1.317823 1.0625 0.4107822
v -1.038759 1.01322 0.6388811
v -1.01424 0.9858199 0.4226809
v -1.064067 0.8474509 0.5969554
v -1.230284 0.841754 0.6209249
v -1.24542 0.8641109 0.4184234
v -1.326105 0.9883062 0.6064796
v -1.315187 0.9896346 0.4226808
v -1.124254 0.9936564 0.3790806
v -1.164001 0.9830064 0.3790807
v -1.095157 1.022753 0.3790804
v -1.084507 1.0625 0.3790806
v -1.095157 1.102247 0.3790806
v -1.124254 1.131344 0.3790806
v -1.164001 1.141994 0.3790807
v -1.203748 1.131344 0.3790806
v -1.232845 1.102247 0.3790806
v -1.243495 1.0625 0.3790806
v -1.232845 1.022753 0.3790805
v -1.203748 0.9936564 0.3790806
v -1.164001 1.0625 0.6611276

vn 0.1313006 -0.6948093 0.7071071
vn -0.2021524 0.3989169 0.8944271
vn 0.2113733 -0.669431 0.7121683
vn -0.412571 0.5621127 0.7168086
vn 0.4486316 -0.5357391 0.7153416
vn -0.6307592 0.297062 0.7168661
vn 0.6416066 -0.2725562 0.7169756
vn -0.705018 0.04561976 0.7077207
vn 0.7062361 -0.01486246 0.7078204
vn -0.6974036 -0.08837281 0.7112093
vn 0.6916093 0.1248468 0.7114
vn -0.6242029 -0.318941 0.7131951
vn 0.6136339 0.3425827 0.7114004
vn -0.4347809 -0.5454189 0.7165781
vn 0.4691981 0.5232245 0.7113996
vn -0.1871461 -0.5221766 0.8320506
vn 0.3260995 0.7623082 0.5590577
vn 0.1699003 0.8781425 0.4472133
vn -2.965882E-08 -1 3.576279E-07
vn -0.5264717 -0.5602507 0.6394897
vn -0.1399175 -0.5641726 0.8137153
vn 0.2871325 -0.5668461 0.7721663
vn 0.6361946 -0.5664958 0.5237737
vn 0.8097816 -0.5699669 0.1392544
vn 0.7680302 -0.5732192 -0.2855688
vn 0.5210395 -0.5726975 -0.6328788
vn 0.1394418 -0.5681489 -0.8110259
vn -0.2871194 -0.5668455 -0.7721716
vn -0.6361788 -0.5664998 -0.5237887
vn -0.8149416 -0.5623438 -0.1401414
vn -0.7762832 -0.5604172 0.2886468
vn 0.530724 0.7178755 -0.4505408
vn 0.772175 0.5668443 -0.2871122
vn 0.5237544 0.5665013 -0.6362058
vn 0.6852053 0.7181857 -0.1212562
vn 0.8123764 0.5661579 0.1396781
vn 0.6552745 0.7175649 0.2360428
vn 0.6362079 0.566501 0.523752
vn 0.4505456 0.7178753 0.5307202
vn 0.2871188 0.5668454 0.7721718
vn 0.1212588 0.7181866 0.6852041
vn -0.1396975 0.5661614 0.8123707
vn -0.2360751 0.717568 0.6552594
vn -0.5237802 0.5664963 0.636189
vn -0.5307254 0.717871 0.4505463
vn -0.7721651 0.5668466 0.2871342
vn -0.6852018 0.7181877 0.121265
vn -0.8123764 0.5661578 -0.1396785
vn -0.6552745 0.7175648 -0.2360433
vn -0.6362223 0.5664973 -0.5237386
vn -0.4505743 0.7178718 -0.5307003
vn -0.2871569 0.5668483 -0.7721555
vn -0.1212747 0.7181892 -0.6851985
vn 0.1396781 0.5661575 -0.8123767
vn 0.2360428 0.7175645 -0.6552749
vn 2.965882E-08 1 -3.576279E-07
vn -0.7762832 -0.5604172 0.2886468
vn -0.5276402 0.7217705 0.4479322
vn -0.5264717 -0.5602507 0.6394897
vn -0.6814847 0.7218273 0.1205992
vn -0.8149416 -0.5623438 -0.1401414
vn -0.6541415 0.7187195 -0.235672
vn -0.6361788 -0.5664998 -0.5237887
vn -0.4505365 0.7178721 -0.530732
vn -0.2871194 -0.5668455 -0.7721716
vn -0.174273 -3.469865E-07 -0.9846975
vn 0.1394418 -0.5681489 -0.8110259
vn 0.2368856 0.7151675 -0.6575872
vn 0.5210395 -0.5726975 -0.6328788
vn 0.5337971 0.7139531 -0.4531355
vn 0.7680302 -0.5732192 -0.2855688
vn 0.6889073 0.7145237 -0.121913
vn 0.8097816 -0.5699669 0.1392544
vn 0.6563702 0.7164205 0.2364741
vn 0.6361946 -0.5664958 0.5237737
vn 0.4505467 0.7178716 0.5307243
vn 0.2871325 -0.5668461 0.7721663
vn 0.1212614 0.718187 0.685203
vn -0.1399175 -0.5641726 0.8137153
vn -0.2352109 0.719964 0.6529379
vn 0.2360428 0.7175645 -0.6552749
vn 0.530724 0.7178755 -0.4505408
vn -0.1212747 0.7181892 -0.6851985
vn -0.4505743 0.7178718 -0.5307003
vn -0.6552745 0.7175648 -0.2360433
vn -0.6852018 0.7181877 0.121265
vn -0.5307254 0.717871 0.4505463
vn -0.2360751 0.717568 0.6552594
vn 0.1212588 0.7181866 0.6852041
vn 2.965882E-08 1 -3.576279E-07
vn 0.4505456 0.7178753 0.5307202
vn 0.6552745 0.7175649 0.2360428
vn 0.6852053 0.7181857 -0.1212562
vn -0.3923558 0.3886963 -0.83365
vn 0.5868588 -0.02356421 -0.8093464
vn 0.5695724 0.7654207 -0.2995302
vn -0.5821927 0.1046729 -0.806285
vn -0.2314867 -0.1592212 -0.9597201
vn 0.8272344 -0.1151948 -0.5499212
vn 0.4059533 -0.5058209 -0.7611488
vn -0.6912811 -0.6707357 -0.2687833
vn 0.6765694 -0.5088711 -0.5322633
vn -0.7067397 -0.0460716 -0.7059721
vn 0.4252399 -0.4292269 -0.7968284
vn -0.6270831 -0.7464646 -0.2226153
vn 0.5868588 -0.02356421 -0.8093464
vn 0.7041423 -0.2205801 0.6749284
vn 0.5738391 0.2161344 0.7899334
vn 0.8272344 -0.1151948 -0.5499212
vn 0.5432075 -0.7613089 0.3540262
vn 0.4059533 -0.5058209 -0.7611488
vn -0.6912811 -0.6707357 -0.2687833
vn -0.3522947 -0.6100681 0.7097222
vn -0.3972015 -0.353226 0.8470317
vn -0.2314867 -0.1592212 -0.9597201
vn 0.6765694 -0.5088711 -0.5322633
vn 0.172044 -0.2511203 0.9525438
vn 0.5953917 -0.7084486 0.3789585
vn 0.4252399 -0.4292269 -0.7968284
vn -0.6270831 -0.7464646 -0.2226153
vn -0.3340366 -0.6486112 0.6839029
vn 0.5695724 0.7654207 -0.2995302
vn 0.3380592 0.6705058 0.6604075
vn -0.4802307 0.8366604 0.2633969
vn -0.3923558 0.3886963 -0.83365
vn -0.5808935 0.1923083 0.7909364
vn -0.7067397 -0.0460716 -0.7059721
vn -0.5821927 0.1046729 -0.806285
vn -0.8191387 -0.2017447 0.5369459
vn -0.6270831 -0.7464646 -0.2226153
vn -0.3340366 -0.6486112 0.6839029
vn -0.4802307 0.8366604 0.2633969
vn -0.3923558 0.3886963 -0.83365
vn 0.172044 -0.2511203 0.9525438
vn 0.5738391 0.2161344 0.7899334
vn -0.3972015 -0.353226 0.8470317
vn -0.5808935 0.1923083 0.7909364
vn -0.8191387 -0.2017447 0.5369459
vn 0.7041423 -0.2205801 0.6749284
vn -0.3340366 -0.6486112 0.6839029
vn 0.5953917 -0.7084486 0.3789585
vn -0.3522947 -0.6100681 0.7097222
vn 0.5432075 -0.7613089 0.3540262
vn 0.3380592 0.6705058 0.6604075
vn -0.4802307 0.8366604 0.2633969
vn 0.5886047 0.7556221 0.2873672
vn -0.4890352 0.8381324 -0.2416173
vn 0.3184896 0.7018946 -0.6371096
vn -0.3767743 0.3683379 0.8499227
vn 0.5584318 0.219016 -0.8001162
vn 0.6086819 -0.02882047 0.7928908
vn 0.69045 -0.2311656 -0.6854498
vn 0.8390306 -0.1091473 0.5330241
vn 0.5361379 -0.7683864 -0.3494836
vn 0.4255234 -0.4888683 0.7615365
vn -0.685573 -0.6658038 0.2944398
vn -0.3669045 -0.6223192 -0.6914479
vn -0.4174123 -0.36316 -0.8329959
vn -0.2081261 -0.1430488 0.967585
vn 0.6871013 -0.4976709 0.529354
vn 0.1492854 -0.2653205 -0.9525331
vn 0.5891086 -0.7176561 -0.3713773
vn 0.4468885 -0.4064249 0.7969378
vn -0.6204935 -0.7439471 0.2480541
vn -0.3480245 -0.6597327 -0.6660569
vn -0.565363 0.1023848 0.8184633
vn -0.4890352 0.8381324 -0.2416173
vn -0.3767743 0.3683379 0.8499227
vn -0.601833 0.2131487 -0.7696524
vn -0.6880555 -0.03258718 0.7249262
vn -0.8293248 -0.2068577 -0.5190667
vn -0.6204935 -0.7439471 0.2480541
vn -0.3480245 -0.6597327 -0.6660569
vn -0.601833 0.2131487 -0.7696524
vn 0.3184896 0.7018946 -0.6371096
vn -0.4890352 0.8381324 -0.2416173
vn 0.5584318 0.219016 -0.8001162
vn 0.1492854 -0.2653205 -0.9525331
vn -0.8293248 -0.2068577 -0.5190667
vn -0.4174123 -0.36316 -0.8329959
vn 0.69045 -0.2311656 -0.6854498
vn -0.3669045 -0.6223192 -0.6914479
vn 0.5361379 -0.7683864 -0.3494836
vn -0.4174123 -0.36316 -0.8329959
vn 0.1492854 -0.2653205 -0.9525331
vn -0.3480245 -0.6597327 -0.6660569
vn 0.5891086 -0.7176561 -0.3713773
vn -0.565363 0.1023848 0.8184633
vn -0.2081261 -0.1430488 0.967585
vn 0.6871013 -0.4976709 0.529354
vn 0.6086819 -0.02882047 0.7928908
vn 0.8390306 -0.1091473 0.5330241
vn -0.6880555 -0.03258718 0.7249262
vn 0.4468885 -0.4064249 0.7969378
vn -0.6204935 -0.7439471 0.2480541
vn 0.4255234 -0.4888683 0.7615365
vn -0.685573 -0.6658038 0.2944398
vn -0.3767743 0.3683379 0.8499227
vn 0.5886047 0.7556221 0.2873672
vn 0.1660836 -0.8788725 -0.4472134
vn 0.2113733 -0.669431 0.7121683
vn 0.2905061 -0.6390801 -0.7121679
vn 0.1313006 -0.6948093 0.7071071
vn 0.4486316 -0.5357391 0.7153416
vn 0.5259773 -0.4600383 -0.7153412
vn 0.6416066 -0.2725562 0.7169756
vn 0.678512 -0.1598985 -0.7169755
vn 0.7062361 -0.01486246 0.7078204
vn 0.7061898 0.01691548 -0.7078205
vn 0.6916093 0.1248468 0.7114
vn 0.673505 0.2007528 -0.7113996
vn 0.6136339 0.3425827 0.7114004
vn 0.5718674 0.4085053 -0.7114009
vn 0.4691981 0.5232245 0.7113996
vn 0.408296 0.5720178 -0.7114002
vn 0.3260995 0.7623082 0.5590577
vn 0.2426954 0.7928135 -0.5590581
vn 0.1699003 0.8781425 0.4472133
vn 0.134319 0.694232 -0.7071071
vn -0.412571 0.5621127 0.7168086
vn -0.319631 0.6307423 -0.7071071
vn -0.5011256 0.484828 -0.716809
vn -0.2021524 0.3989169 0.8944271
vn -0.6307592 0.297062 0.7168661
vn -0.671791 0.1865466 -0.7168663
vn -0.705018 0.04561976 0.7077207
vn -0.7063072 0.01617678 -0.7077208
vn -0.6974036 -0.08837281 0.7112093
vn -0.6837229 -0.1634156 -0.7112091
vn -0.6242029 -0.318941 0.7131951
vn -0.5764928 -0.3987594 -0.7131949
vn -0.4347809 -0.5454189 0.7165781
vn -0.3382708 -0.6099914 -0.7165777
vn -0.1871461 -0.5221766 0.8320506
vn -0.1066897 -0.297687 -0.9486833
vn -0.1066897 -0.297687 -0.9486833
vn 0.2426954 0.7928135 -0.5590581
vn 0.134319 0.694232 -0.7071071
vn 0.408296 0.5720178 -0.7114002
vn -0.3382708 -0.6099914 -0.7165777
vn 0.5718674 0.4085053 -0.7114009
vn -0.5764928 -0.3987594 -0.7131949
vn 0.673505 0.2007528 -0.7113996
vn -0.6837229 -0.1634156 -0.7112091
vn 0.7061898 0.01691548 -0.7078205
vn -0.7063072 0.01617678 -0.7077208
vn 0.678512 -0.1598985 -0.7169755
vn -0.671791 0.1865466 -0.7168663
vn 0.5259773 -0.4600383 -0.7153412
vn -0.5011256 0.484828 -0.716809
vn 0.2905061 -0.6390801 -0.7121679
vn -0.319631 0.6307423 -0.7071071
vn 0.1660836 -0.8788725 -0.4472134
vn 0.6314792 -0.7178737 0.2930726
vn 0.8880737 -0.4597013 1.64402E-07
vn 0.6741734 -0.5664993 0.4738871
vn 0.4348979 -0.9004799 3.220366E-07
vn 0.4440383 -0.4597005 0.769094
vn 0.3473744 -0.7192544 0.6016681
vn 0.0733114 -0.5664995 0.8207947
vn -0.061934 -0.717874 0.6934129
vn -0.4440383 -0.4597004 0.769094
vn -0.2174499 -0.9004795 0.3766331
vn -0.7691014 -0.4597024 0.4440233
vn -0.6016728 -0.7192562 0.3473623
vn -0.8207977 -0.5664963 0.0733007
vn -0.6934165 -0.717871 -0.0619246
vn -0.7691014 -0.4597027 -0.444023
vn -0.3766353 -0.9004806 -0.2174415
vn -0.4440231 -0.4597028 -0.7691014
vn -0.347362 -0.7192566 -0.6016726
vn -0.0733005 -0.5664966 -0.8207976
vn 0.06192482 -0.7178713 -0.6934164
vn 0.4440231 -0.4597029 -0.7691014
vn 0.2174417 -0.9004806 -0.376635
vn 0.7690938 -0.4597009 -0.4440382
vn 0.6016678 -0.7192547 -0.3473742
vn -0.06193471 -0.7178748 -0.693412
vn 0.4440395 -0.4597009 -0.7690932
vn 0.08896457 -3.588484E-07 -0.9960349
vn -0.5000028 -2.948847E-07 -0.8660238
vn -0.2174505 -0.9004797 -0.3766322
vn -0.7690932 -0.4597007 -0.4440394
vn -0.8660237 -1.531297E-07 -0.5000029
vn -0.9960346 -2.275681E-09 -0.08896648
vn -0.6934127 -0.7178742 0.06193217
vn -0.8660212 2.045017E-07 0.5000073
vn -0.3766305 -0.9004799 0.2174523
vn -0.4440334 -0.4596995 0.7690974
vn -0.4999958 3.24545E-07 0.866028
vn -0.08896457 3.588484E-07 0.9960349
vn 0.06193467 -0.7178742 0.6934125
vn 0.5000028 2.948847E-07 0.8660238
vn 0.2174505 -0.9004794 0.3766328
vn 0.569546 -0.7178735 0.4003438
vn 0.9070709 1.236508E-07 0.420978
vn 0.8880736 -0.4597016 1.644021E-07
vn 1 -2.965882E-08 5.329071E-15
vn 0.8660237 -2.045002E-07 -0.5000029
vn 0.3766325 -0.9004796 -0.2174502
vn 0.5000029 -3.245437E-07 -0.8660238
vn 0.0619293 0.7178723 -0.693415
vn 0.2930636 0.7178744 -0.6314827
vn -0.06192925 0.7178723 -0.693415
vn 0.4003387 0.7178743 -0.5695484
vn -0.2930635 0.7178744 -0.6314827
vn -0.4003387 0.7178743 -0.5695484
vn -0.5695481 0.7178744 -0.400339
vn -0.6314824 0.7178745 -0.2930638
vn 0.5695481 0.7178744 -0.400339
vn 0.6314824 0.7178745 -0.2930638
vn 0.6934146 0.7178726 -0.06192954
vn 0.6934146 0.7178726 0.06192902
vn -0.6934146 0.7178726 -0.06192954
vn -0.6934146 0.7178726 0.06192902
vn -0.6314802 0.7178754 0.2930662
vn -0.5695433 0.7178754 0.4003442
vn -0.4003342 0.7178739 0.5695522
vn -0.2930632 0.7178739 0.6314834
vn -0.06193194 0.7178731 0.693414
vn 0.06192798 0.7178731 0.6934143
vn 0.2930636 0.7178748 0.6314822
vn 0.4003387 0.7178748 0.569548
vn 0.6741759 0.5665004 0.473882
vn 0.6314824 0.7178747 0.2930633
vn 0.5111605 0.8385736 0.1884395
vn -0.4003376 0.7178736 0.5695502
vn -0.6314778 0.7178745 0.2930735
vn -0.8010725 -0.3018636 0.5168764
vn -0.8600918 -0.5057227 0.06698315
vn -0.6934136 0.7178736 -0.06192927
vn -0.7180588 -0.6421825 -0.268316
vn -0.5695474 0.7178741 -0.4003407
vn -0.4029385 -0.7585084 0.512158
vn 1.818947E-08 0.6132907 0.7898574
vn -0.09786128 -0.4491637 0.8880739
vn -0.5631647 -0.5243608 -0.6386638
vn -0.2930692 0.7178739 -0.6314806
vn -0.09785687 -0.4491645 -0.888074
vn 2.493595E-08 0.8407599 -0.5414084
vn -0.03630608 -0.9241515 0.3802976
vn 0.2681382 0.7085528 0.6527289
vn 0.657883 -0.3651851 0.6586577
vn 0.7211816 -0.6315157 -0.2847547
vn 0.4727828 0.7558581 -0.4529405
vn 0.2405236 -0.5641324 -0.7898754
vn 0.2257635 0.7085523 -0.6685691
vn 2.965882E-08 1 -3.576279E-07
vn 2.965882E-08 1 -3.576279E-07
vn 2.965882E-08 1 -3.576279E-07
vn 2.965882E-08 1 -3.576279E-07
vn 2.965882E-08 1 -3.576279E-07
vn 2.965882E-08 1 -3.576279E-07
vn 2.965882E-08 1 -3.576279E-07
vn 2.965882E-08 1 -3.576279E-07
vn 2.965882E-08 1 -3.576279E-07
vn 2.965882E-08 1 -3.576279E-07
vn 2.965882E-08 1 -3.576279E-07
vn 2.965882E-08 1 -3.576279E-07
vn -2.965882E-08 -1 3.576279E-07

vt 0.744067 0.786039
vt 0.743923 0.811009
vt 0.72719 0.789229
vt 0.729222 0.818459
vt 0.711243 0.798913
vt 0.706955 0.850677
vt 0.682127 0.844617
vt 0.70565 0.86291
vt 0.680667 0.866725
vt 0.70591 0.876777
vt 0.681954 0.885388
vt 0.710064 0.888449
vt 0.68923 0.902623
vt 0.718378 0.897635
vt 0.701705 0.916563
vt 0.738529 0.904857
vt 0.718031 0.925699
vt 0.738461 0.929652
vt 0.113932 0.078637
vt 0.114672 0.080123
vt 0.115662 0.07977
vt 0.116201 0.079112
vt 0.116138 0.078316
vt 0.115477 0.077595
vt 0.114387 0.077149
vt 0.113168 0.077105
vt 0.112161 0.077477
vt 0.11164 0.078158
vt 0.11174 0.078956
vt 0.112419 0.079658
vt 0.113489 0.080082
vt 0.853491 0.819889
vt 0.855347 0.819174
vt 0.853243 0.815842
vt 0.855671 0.823283
vt 0.855091 0.822834
vt 0.8554 0.827007
vt 0.852648 0.825849
vt 0.852864 0.83007
vt 0.848717 0.827486
vt 0.848789 0.83173
vt 0.844294 0.827373
vt 0.844208 0.831614
vt 0.840467 0.825537
vt 0.840241 0.829748
vt 0.83821 0.8224
vt 0.837898 0.826559
vt 0.838179 0.81873
vt 0.83786 0.822826
vt 0.840487 0.81551
vt 0.840251 0.819547
vt 0.844571 0.813678
vt 0.844489 0.81768
vt 0.849281 0.813801
vt 0.849379 0.817807
vt 0.846709 0.8208
vt 0.055789 0.079682
vt 0.061612 0.110246
vt 0.059706 0.07931
vt 0.057695 0.110618
vt 0.051275 0.079959
vt 0.053181 0.110895
vt 0.047372 0.080066
vt 0.049278 0.111002
vt 0.045127 0.079974
vt 0.047033 0.11091
vt 0.045142 0.07971
vt 0.047048 0.110646
vt 0.047412 0.079342
vt 0.049318 0.110278
vt 0.051329 0.07897
vt 0.053235 0.109906
vt 0.055843 0.078694
vt 0.05775 0.10963
vt 0.059746 0.078587
vt 0.061652 0.109523
vt 0.061991 0.078678
vt 0.063897 0.109614
vt 0.061976 0.078943
vt 0.063882 0.109879
vt 0.061186 0.110002
vt 0.059643 0.110252
vt 0.061196 0.109822
vt 0.05967 0.10976
vt 0.057018 0.109833
vt 0.053949 0.11002
vt 0.051287 0.110273
vt 0.049744 0.110523
vt 0.049734 0.110703
vt 0.047033 0.11091
vt 0.05126 0.110765
vt 0.053912 0.110692
vt 0.056981 0.110504
vt 0.228232 0.132409
vt 0.205063 0.121539
vt 0.208429 0.1308
vt 0.232671 0.123148
vt 0.215524 0.110041
vt 0.205405 0.115688
vt 0.209075 0.101261
vt 0.216283 0.101682
vt 0.22306 0.11048
vt 0.233013 0.117297
vt 0.22375 0.102117
vt 0.230959 0.102537
vt 0.064433 0.080772
vt 0.07074 0.074625
vt 0.071072 0.080392
vt 0.064102 0.075005
vt 0.064112 0.060853
vt 0.063271 0.060786
vt 0.06326 0.061198
vt 0.064102 0.061265
vt 0.070725 0.075199
vt 0.063825 0.069442
vt 0.063814 0.069873
vt 0.070714 0.07563
vt 0.064091 0.061692
vt 0.063249 0.061625
vt 0.063238 0.062038
vt 0.06408 0.062104
vt 0.062795 0.08978
vt 0.06915 0.089384
vt 0.069109 0.090963
vt 0.062755 0.091358
vt 0.07272 0.08197
vt 0.06575 0.076584
vt 0.066081 0.08235
vt 0.072388 0.076204
vt 0.064927 0.062038
vt 0.065769 0.062104
vt 0.070798 0.090963
vt 0.064443 0.091358
vt 0.223478 0.116607
vt 0.204995 0.121441
vt 0.215703 0.116168
vt 0.233479 0.123052
vt 0.233832 0.117193
vt 0.205348 0.115582
vt 0.231712 0.103192
vt 0.224275 0.102771
vt 0.216571 0.102335
vt 0.209134 0.101914
vt 0.208459 0.130714
vt 0.228889 0.132325
vt 0.046054 0.091167
vt 0.040694 0.093158
vt 0.040476 0.091594
vt 0.046272 0.092731
vt 0.036226 0.082263
vt 0.042865 0.081894
vt 0.035907 0.076496
vt 0.042546 0.076127
vt 0.040944 0.062065
vt 0.041773 0.061905
vt 0.04183 0.062313
vt 0.041001 0.062474
vt 0.035987 0.077065
vt 0.042196 0.070567
vt 0.042255 0.070994
vt 0.036046 0.077491
vt 0.04106 0.062897
vt 0.041889 0.062736
vt 0.041946 0.063144
vt 0.041117 0.063305
vt 0.040631 0.084138
vt 0.038627 0.092275
vt 0.043305 0.091917
vt 0.035061 0.084448
vt 0.040363 0.0793
vt 0.034794 0.07961
vt 0.039676 0.067097
vt 0.038981 0.067232
vt 0.233479 0.126879
vt 0.208459 0.13457
vt 0.228889 0.136152
vt 0.204995 0.125296
vt 0.223478 0.120443
vt 0.233832 0.121018
vt 0.215703 0.120011
vt 0.205348 0.119436
vt 0.215196 0.104957
vt 0.209134 0.104446
vt 0.214327 0.120109
vt 0.224657 0.120541
vt 0.231712 0.1057
vt 0.225454 0.105385
vt 0.233418 0.123158
vt 0.215726 0.110069
vt 0.223501 0.110501
vt 0.204934 0.121576
vt 0.205286 0.115716
vt 0.233771 0.117298
vt 0.224214 0.102104
vt 0.231651 0.102517
vt 0.209073 0.101263
vt 0.21651 0.101676
vt 0.228837 0.132432
vt 0.208407 0.130849
vt 0.855337 0.464095
vt 0.831947 0.467464
vt 0.855337 0.467464
vt 0.831947 0.464095
vt 0.831947 0.477693
vt 0.855337 0.477693
vt 0.831947 0.525971
vt 0.855337 0.525971
vt 0.831947 0.549324
vt 0.855337 0.549324
vt 0.831947 0.569038
vt 0.855337 0.569038
vt 0.831947 0.587243
vt 0.855337 0.587243
vt 0.831947 0.601968
vt 0.855337 0.601968
vt 0.831947 0.611618
vt 0.855337 0.611618
vt 0.831947 0.615793
vt 0.855337 0.615793
vt 0.831947 0.49834
vt 0.855337 0.490471
vt 0.855337 0.49834
vt 0.831947 0.490471
vt 0.831947 0.532372
vt 0.855337 0.532372
vt 0.831947 0.545294
vt 0.855337 0.545294
vt 0.831947 0.559942
vt 0.855337 0.559942
vt 0.831947 0.572271
vt 0.855337 0.572271
vt 0.831947 0.581974
vt 0.855337 0.581974
vt 0.831947 0.589603
vt 0.855337 0.589603
vt 0.833029 0.807357
vt 0.812531 0.828199
vt 0.832961 0.832152
vt 0.796205 0.819063
vt 0.812878 0.800134
vt 0.78373 0.805123
vt 0.804564 0.790949
vt 0.776454 0.787888
vt 0.80041 0.779277
vt 0.775167 0.769225
vt 0.80015 0.76541
vt 0.776627 0.747117
vt 0.801455 0.753177
vt 0.805743 0.701412
vt 0.823722 0.720959
vt 0.82169 0.691729
vt 0.838423 0.713509
vt 0.838567 0.688539
vt 0.207492 0.097718
vt 0.199842 0.095121
vt 0.207492 0.095121
vt 0.199842 0.097718
vt 0.213092 0.097718
vt 0.213092 0.095121
vt 0.215142 0.095121
vt 0.215142 0.097718
vt 0.213092 0.095121
vt 0.213092 0.097718
vt 0.207492 0.097718
vt 0.207492 0.095121
vt 0.199842 0.095121
vt 0.199842 0.097718
vt 0.192192 0.095121
vt 0.192192 0.097718
vt 0.186591 0.097718
vt 0.186591 0.095121
vt 0.184541 0.095121
vt 0.184541 0.097718
vt 0.186591 0.095121
vt 0.186591 0.097718
vt 0.192192 0.097718
vt 0.192192 0.095121
vt 0.173627 0.097718
vt 0.177139 0.097718
vt 0.173627 0.106264
vt 0.177139 0.106264
vt 0.177139 0.097718
vt 0.186734 0.097718
vt 0.186734 0.106264
vt 0.199842 0.106264
vt 0.199842 0.097718
vt 0.212949 0.106264
vt 0.212949 0.097718
vt 0.222544 0.097718
vt 0.222544 0.106264
vt 0.226057 0.106264
vt 0.226057 0.097718
vt 0.222544 0.106264
vt 0.222544 0.097718
vt 0.212949 0.097718
vt 0.212949 0.106264
vt 0.199842 0.097718
vt 0.199842 0.106264
vt 0.186734 0.106264
vt 0.186734 0.097718
vt 0.177139 0.106264
vt 0.17256 0.115647
vt 0.176215 0.119858
vt 0.17256 0.119858
vt 0.176215 0.115647
vt 0.176215 0.115647
vt 0.176215 0.119858
vt 0.186201 0.115647
vt 0.186201 0.119858
vt 0.186201 0.119858
vt 0.186201 0.115647
vt 0.199842 0.119858
vt 0.199842 0.115647
vt 0.199842 0.115647
vt 0.199842 0.119858
vt 0.213482 0.115647
vt 0.213482 0.119858
vt 0.223468 0.115647
vt 0.223468 0.119858
vt 0.227123 0.115647
vt 0.227123 0.119858
vt 0.223468 0.115647
vt 0.223468 0.119858
vt 0.213482 0.115647
vt 0.213482 0.119858
vt 0.212583 0.115647
vt 0.228365 0.115647
vt 0.21631 0.115647
vt 0.21631 0.106441
vt 0.199842 0.107184
vt 0.199842 0.115647
vt 0.183374 0.106441
vt 0.183374 0.115647
vt 0.228365 0.104409
vt 0.232778 0.115647
vt 0.232778 0.101634
vt 0.171318 0.104409
vt 0.171318 0.115647
vt 0.166906 0.101634
vt 0.166906 0.115647
vt 0.228365 0.098859
vt 0.228365 0.115647
vt 0.212583 0.096827
vt 0.187101 0.096827
vt 0.187101 0.115647
vt 0.171318 0.098859
vt 0.171318 0.115647
vt 0.212298 0.119858
vt 0.199842 0.119858
vt 0.221417 0.119858
vt 0.224754 0.119858
vt 0.221417 0.119858
vt 0.212298 0.119858
vt 0.199842 0.119858
vt 0.187385 0.119858
vt 0.178267 0.119858
vt 0.174929 0.119858
vt 0.178267 0.119858
vt 0.187385 0.119858
vt 0.199842 0.095121
f 486/486/486 485/485/485 487/487/487
f 486/486/486 487/487/487 488/488/488
f 488/488/488 487/487/487 489/489/489
f 488/488/488 489/489/489 490/490/490
f 490/490/490 489/489/489 491/491/491
f 490/490/490 491/491/491 492/492/492
f 492/492/492 491/491/491 493/493/493
f 492/492/492 493/493/493 494/494/494
f 494/494/494 493/493/493 495/495/495
f 494/494/494 495/495/495 496/496/496
f 496/496/496 495/495/495 497/497/497
f 496/496/496 497/497/497 498/498/498
f 498/498/498 497/497/497 499/499/499
f 498/498/498 499/499/499 500/500/500
f 500/500/500 499/499/499 501/501/501
f 500/500/500 501/501/501 502/502/502
f 504/504/504 503/503/503 505/505/505
f 505/505/505 503/503/503 506/506/506
f 506/506/506 503/503/503 507/507/507
f 507/507/507 503/503/503 508/508/508
f 508/508/508 503/503/503 509/509/509
f 509/509/509 503/503/503 510/510/510
f 510/510/510 503/503/503 511/511/511
f 511/511/511 503/503/503 512/512/512
f 512/512/512 503/503/503 513/513/513
f 513/513/513 503/503/503 514/514/514
f 514/514/514 503/503/503 515/515/515
f 515/515/515 503/503/503 504/504/504
f 517/517/517 516/516/516 518/518/518
f 519/519/519 516/516/516 517/517/517
f 520/520/520 519/519/519 517/517/517
f 521/521/521 519/519/519 520/520/520
f 522/522/522 521/521/521 520/520/520
f 523/523/523 521/521/521 522/522/522
f 524/524/524 523/523/523 522/522/522
f 525/525/525 523/523/523 524/524/524
f 526/526/526 525/525/525 524/524/524
f 527/527/527 525/525/525 526/526/526
f 528/528/528 527/527/527 526/526/526
f 529/529/529 527/527/527 528/528/528
f 530/530/530 529/529/529 528/528/528
f 531/531/531 529/529/529 530/530/530
f 532/532/532 531/531/531 530/530/530
f 533/533/533 531/531/531 532/532/532
f 534/534/534 533/533/533 532/532/532
f 535/535/535 533/533/533 534/534/534
f 536/536/536 535/535/535 534/534/534
f 537/537/537 535/535/535 536/536/536
f 538/538/538 537/537/537 536/536/536
f 539/539/539 537/537/537 538/538/538
f 518/518/518 539/539/539 538/538/538
f 516/516/516 539/539/539 518/518/518
f 518/518/518 538/538/538 540/540/540
f 538/538/538 536/536/536 540/540/540
f 536/536/536 534/534/534 540/540/540
f 534/534/534 532/532/532 540/540/540
f 532/532/532 530/530/530 540/540/540
f 530/530/530 528/528/528 540/540/540
f 528/528/528 526/526/526 540/540/540
f 526/526/526 524/524/524 540/540/540
f 524/524/524 522/522/522 540/540/540
f 522/522/522 520/520/520 540/540/540
f 520/520/520 517/517/517 540/540/540
f 517/517/517 518/518/518 540/540/540
f 542/542/542 541/541/541 543/543/543
f 544/544/544 541/541/541 542/542/542
f 544/544/544 545/545/545 541/541/541
f 546/546/546 545/545/545 544/544/544
f 546/546/546 547/547/547 545/545/545
f 548/548/548 547/547/547 546/546/546
f 548/548/548 549/549/549 547/547/547
f 550/550/550 549/549/549 548/548/548
f 550/550/550 551/551/551 549/549/549
f 552/552/552 551/551/551 550/550/550
f 552/552/552 553/553/553 551/551/551
f 554/554/554 553/553/553 552/552/552
f 554/554/554 555/555/555 553/553/553
f 556/556/556 555/555/555 554/554/554
f 556/556/556 557/557/557 555/555/555
f 558/558/558 557/557/557 556/556/556
f 558/558/558 559/559/559 557/557/557
f 560/560/560 559/559/559 558/558/558
f 560/560/560 561/561/561 559/559/559
f 562/562/562 561/561/561 560/560/560
f 562/562/562 563/563/563 561/561/561
f 564/564/564 563/563/563 562/562/562
f 564/564/564 543/543/543 563/563/563
f 542/542/542 543/543/543 564/564/564
f 565/565/565 542/542/542 564/564/564
f 566/566/566 542/542/542 565/565/565
f 567/567/567 564/564/564 562/562/562
f 565/565/565 564/564/564 567/567/567
f 568/568/568 562/562/562 560/560/560
f 567/567/567 562/562/562 568/568/568
f 569/569/569 560/560/560 558/558/558
f 568/568/568 560/560/560 569/569/569
f 570/570/570 558/558/558 556/556/556
f 569/569/569 558/558/558 570/570/570
f 570/570/570 556/556/556 571/571/571
f 571/571/571 556/556/556 554/554/554
f 571/571/571 554/554/554 572/572/572
f 572/572/572 554/554/554 552/552/552
f 572/572/572 552/552/552 573/573/573
f 573/573/573 552/552/552 574/574/574
f 573/573/573 574/574/574 575/575/575
f 575/575/575 574/574/574 548/548/548
f 575/575/575 548/548/548 576/576/576
f 576/576/576 548/548/548 546/546/546
f 576/576/576 546/546/546 577/577/577
f 577/577/577 546/546/546 544/544/544
f 577/577/577 544/544/544 566/566/566
f 566/566/566 544/544/544 542/542/542
f 579/579/579 578/578/578 580/580/580
f 581/581/581 578/578/578 579/579/579
f 582/582/582 581/581/581 579/579/579
f 579/579/579 583/583/583 582/582/582
f 584/584/584 582/582/582 583/583/583
f 585/585/585 582/582/582 584/584/584
f 586/586/586 581/581/581 582/582/582
f 581/581/581 586/586/586 587/587/587
f 588/588/588 587/587/587 586/586/586
f 589/589/589 587/587/587 588/588/588
f 591/591/591 590/590/590 592/592/592
f 593/593/593 590/590/590 591/591/591
f 594/594/594 593/593/593 591/591/591
f 595/595/595 593/593/593 594/594/594
f 595/595/595 594/594/594 596/596/596
f 596/596/596 594/594/594 597/597/597
f 597/597/597 598/598/598 596/596/596
f 596/596/596 598/598/598 599/599/599
f 599/599/599 598/598/598 600/600/600
f 600/600/600 598/598/598 601/601/601
f 602/602/602 600/600/600 601/601/601
f 603/603/603 600/600/600 602/602/602
f 603/603/603 602/602/602 604/604/604
f 604/604/604 602/602/602 605/605/605
f 606/606/606 592/592/592 590/590/590
f 607/607/607 592/592/592 606/606/606
f 607/607/607 606/606/606 608/608/608
f 608/608/608 606/606/606 609/609/609
f 611/611/611 610/610/610 612/612/612
f 613/613/613 610/610/610 611/611/611
f 614/614/614 613/613/613 611/611/611
f 615/615/615 613/613/613 614/614/614
f 616/616/616 612/612/612 610/610/610
f 617/617/617 612/612/612 616/616/616
f 619/619/619 618/618/618 620/620/620
f 621/621/621 618/618/618 619/619/619
f 621/621/621 622/622/622 618/618/618
f 619/619/619 620/620/620 623/623/623
f 624/624/624 618/618/618 622/622/622
f 625/625/625 618/618/618 624/624/624
f 626/626/626 623/623/623 620/620/620
f 627/627/627 623/623/623 626/626/626
f 628/628/628 621/621/621 619/619/619
f 629/629/629 621/621/621 628/628/628
f 631/631/631 630/630/630 632/632/632
f 633/633/633 630/630/630 631/631/631
f 630/630/630 634/634/634 632/632/632
f 635/635/635 634/634/634 630/630/630
f 634/634/634 635/635/635 636/636/636
f 636/636/636 635/635/635 637/637/637
f 636/636/636 637/637/637 638/638/638
f 638/638/638 637/637/637 639/639/639
f 640/640/640 638/638/638 639/639/639
f 641/641/641 638/638/638 640/640/640
f 640/640/640 642/642/642 641/641/641
f 643/643/643 642/642/642 640/640/640
f 644/644/644 642/642/642 643/643/643
f 645/645/645 642/642/642 644/644/644
f 645/645/645 644/644/644 646/646/646
f 646/646/646 644/644/644 647/647/647
f 648/648/648 646/646/646 647/647/647
f 649/649/649 646/646/646 648/648/648
f 651/651/651 650/650/650 652/652/652
f 653/653/653 650/650/650 651/651/651
f 650/650/650 653/653/653 654/654/654
f 654/654/654 653/653/653 655/655/655
f 654/654/654 655/655/655 656/656/656
f 656/656/656 655/655/655 657/657/657
f 659/659/659 658/658/658 660/660/660
f 661/661/661 658/658/658 659/659/659
f 661/661/661 662/662/662 658/658/658
f 662/662/662 663/663/663 658/658/658
f 664/664/664 662/662/662 661/661/661
f 665/665/665 664/664/664 661/661/661
f 666/666/666 665/665/665 667/667/667
f 668/668/668 665/665/665 666/666/666
f 663/663/663 669/669/669 670/670/670
f 670/670/670 669/669/669 671/671/671
f 673/673/673 672/672/672 674/674/674
f 675/675/675 672/672/672 673/673/673
f 673/673/673 676/676/676 675/675/675
f 672/672/672 677/677/677 674/674/674
f 674/674/674 677/677/677 678/678/678
f 678/678/678 677/677/677 679/679/679
f 676/676/676 673/673/673 680/680/680
f 680/680/680 673/673/673 681/681/681
f 672/672/672 675/675/675 682/682/682
f 682/682/682 675/675/675 683/683/683
f 685/685/685 684/684/684 686/686/686
f 687/687/687 684/684/684 685/685/685
f 685/685/685 686/686/686 688/688/688
f 688/688/688 686/686/686 689/689/689
f 688/688/688 689/689/689 690/690/690
f 690/690/690 689/689/689 691/691/691
f 690/690/690 691/691/691 692/692/692
f 692/692/692 691/691/691 693/693/693
f 692/692/692 693/693/693 694/694/694
f 694/694/694 693/693/693 695/695/695
f 694/694/694 695/695/695 696/696/696
f 696/696/696 695/695/695 697/697/697
f 696/696/696 697/697/697 698/698/698
f 698/698/698 697/697/697 699/699/699
f 698/698/698 699/699/699 700/700/700
f 700/700/700 699/699/699 701/701/701
f 700/700/700 701/701/701 702/702/702
f 702/702/702 701/701/701 703/703/703
f 705/705/705 704/704/704 706/706/706
f 707/707/707 704/704/704 705/705/705
f 708/708/708 706/706/706 704/704/704
f 709/709/709 706/706/706 708/708/708
f 710/710/710 709/709/709 708/708/708
f 711/711/711 709/709/709 710/710/710
f 710/710/710 712/712/712 711/711/711
f 711/711/711 712/712/712 713/713/713
f 712/712/712 714/714/714 713/713/713
f 713/713/713 714/714/714 715/715/715
f 714/714/714 716/716/716 715/715/715
f 715/715/715 716/716/716 717/717/717
f 716/716/716 718/718/718 717/717/717
f 717/717/717 718/718/718 719/719/719
f 721/721/721 720/720/720 722/722/722
f 723/723/723 720/720/720 721/721/721
f 724/724/724 720/720/720 723/723/723
f 725/725/725 724/724/724 723/723/723
f 726/726/726 724/724/724 725/725/725
f 727/727/727 726/726/726 725/725/725
f 728/728/728 726/726/726 727/727/727
f 727/727/727 729/729/729 728/728/728
f 728/728/728 729/729/729 730/730/730
f 731/731/731 730/730/730 729/729/729
f 732/732/732 730/730/730 731/731/731
f 733/733/733 732/732/732 731/731/731
f 734/734/734 732/732/732 733/733/733
f 735/735/735 734/734/734 733/733/733
f 736/736/736 734/734/734 735/735/735
f 737/737/737 736/736/736 735/735/735
f 739/739/739 738/738/738 740/740/740
f 741/741/741 738/738/738 739/739/739
f 738/738/738 742/742/742 740/740/740
f 740/740/740 742/742/742 743/743/743
f 743/743/743 742/742/742 744/744/744
f 744/744/744 742/742/742 745/745/745
f 744/744/744 745/745/745 746/746/746
f 746/746/746 745/745/745 747/747/747
f 747/747/747 748/748/748 746/746/746
f 746/746/746 748/748/748 749/749/749
f 749/749/749 748/748/748 750/750/750
f 750/750/750 748/748/748 751/751/751
f 750/750/750 751/751/751 752/752/752
f 752/752/752 751/751/751 753/753/753
f 753/753/753 754/754/754 752/752/752
f 752/752/752 754/754/754 755/755/755
f 755/755/755 754/754/754 756/756/756
f 756/756/756 754/754/754 757/757/757
f 756/756/756 757/757/757 758/758/758
f 758/758/758 757/757/757 759/759/759
f 759/759/759 760/760/760 758/758/758
f 758/758/758 760/760/760 761/761/761
f 761/761/761 760/760/760 739/739/739
f 739/739/739 760/760/760 741/741/741
f 757/757/757 762/762/762 759/759/759
f 759/759/759 762/762/762 763/763/763
f 762/762/762 764/764/764 763/763/763
f 762/762/762 765/765/765 764/764/764
f 766/766/766 765/765/765 762/762/762
f 753/753/753 766/766/766 754/754/754
f 757/757/757 766/766/766 762/762/762
f 754/754/754 766/766/766 757/757/757
f 767/767/767 765/765/765 766/766/766
f 768/768/768 765/765/765 767/767/767
f 767/767/767 769/769/769 768/768/768
f 770/770/770 769/769/769 767/767/767
f 770/770/770 771/771/771 769/769/769
f 772/772/772 771/771/771 770/770/770
f 773/773/773 771/771/771 772/772/772
f 774/774/774 771/771/771 773/773/773
f 773/773/773 775/775/775 774/774/774
f 776/776/776 775/775/775 773/773/773
f 776/776/776 777/777/777 775/775/775
f 778/778/778 777/777/777 776/776/776
f 779/779/779 777/777/777 778/778/778
f 780/780/780 777/777/777 779/779/779
f 781/781/781 780/780/780 779/779/779
f 782/782/782 780/780/780 781/781/781
f 781/781/781 783/783/783 782/782/782
f 784/784/784 783/783/783 781/781/781
f 763/763/763 783/783/783 784/784/784
f 785/785/785 783/783/783 763/763/763
f 763/763/763 764/764/764 785/785/785
f 741/741/741 784/784/784 781/781/781
f 781/781/781 779/779/779 741/741/741
f 760/760/760 784/784/784 741/741/741
f 779/779/779 778/778/778 738/738/738
f 741/741/741 779/779/779 738/738/738
f 738/738/738 778/778/778 742/742/742
f 745/745/745 778/778/778 776/776/776
f 742/742/742 778/778/778 745/745/745
f 759/759/759 784/784/784 760/760/760
f 763/763/763 784/784/784 759/759/759
f 745/745/745 776/776/776 747/747/747
f 747/747/747 776/776/776 773/773/773
f 773/773/773 772/772/772 747/747/747
f 747/747/747 772/772/772 748/748/748
f 748/748/748 772/772/772 751/751/751
f 751/751/751 772/772/772 770/770/770
f 751/751/751 770/770/770 753/753/753
f 753/753/753 770/770/770 767/767/767
f 767/767/767 766/766/766 753/753/753
f 787/787/787 786/786/786 788/788/788
f 789/789/789 786/786/786 787/787/787
f 786/786/786 790/790/790 788/788/788
f 788/788/788 790/790/790 791/791/791
f 790/790/790 792/792/792 791/791/791
f 791/791/791 792/792/792 793/793/793
f 794/794/794 789/789/789 787/787/787
f 795/795/795 789/789/789 794/794/794
f 796/796/796 795/795/795 794/794/794
f 797/797/797 795/795/795 796/796/796
f 792/792/792 798/798/798 793/793/793
f 793/793/793 798/798/798 799/799/799
f 798/798/798 800/800/800 799/799/799
f 799/799/799 800/800/800 801/801/801
f 800/800/800 802/802/802 801/801/801
f 801/801/801 802/802/802 803/803/803
f 802/802/802 804/804/804 803/803/803
f 803/803/803 804/804/804 805/805/805
f 804/804/804 806/806/806 805/805/805
f 805/805/805 806/806/806 807/807/807
f 806/806/806 808/808/808 807/807/807
f 807/807/807 808/808/808 809/809/809
f 809/809/809 797/797/797 796/796/796
f 808/808/808 797/797/797 809/809/809
f 808/808/808 810/810/810 797/797/797
f 806/806/806 810/810/810 808/808/808
f 800/800/800 811/811/811 802/802/802
f 812/812/812 811/811/811 800/800/800
f 798/798/798 812/812/812 800/800/800
f 813/813/813 811/811/811 812/812/812
f 813/813/813 812/812/812 814/814/814
f 814/814/814 812/812/812 815/815/815
f 814/814/814 815/815/815 816/816/816
f 816/816/816 815/815/815 817/817/817
f 818/818/818 811/811/811 813/813/813
f 814/814/814 818/818/818 813/813/813
f 814/814/814 816/816/816 818/818/818
f 818/818/818 819/819/819 811/811/811
f 820/820/820 819/819/819 818/818/818
f 816/816/816 817/817/817 821/821/821
f 821/821/821 817/817/817 822/822/822
f 821/821/821 822/822/822 823/823/823
f 823/823/823 822/822/822 824/824/824
f 825/825/825 819/819/819 820/820/820
f 818/818/818 825/825/825 820/820/820
f 818/818/818 816/816/816 825/825/825
f 825/825/825 821/821/821 823/823/823
f 816/816/816 821/821/821 825/825/825
f 826/826/826 819/819/819 825/825/825
f 827/827/827 826/826/826 825/825/825
f 810/810/810 826/826/826 827/827/827
f 828/828/828 810/810/810 827/827/827
f 825/825/825 828/828/828 827/827/827
f 829/829/829 810/810/810 828/828/828
f 830/830/830 829/829/829 828/828/828
f 830/830/830 825/825/825 823/823/823
f 828/828/828 825/825/825 830/830/830
f 831/831/831 829/829/829 830/830/830
f 823/823/823 831/831/831 830/830/830
f 824/824/824 831/831/831 823/823/823
f 829/829/829 831/831/831 795/795/795
f 795/795/795 831/831/831 789/789/789
f 831/831/831 824/824/824 789/789/789
f 824/824/824 822/822/822 786/786/786
f 789/789/789 824/824/824 786/786/786
f 786/786/786 822/822/822 790/790/790
f 822/822/822 817/817/817 790/790/790
f 790/790/790 817/817/817 792/792/792
f 817/817/817 815/815/815 792/792/792
f 792/792/792 815/815/815 798/798/798
f 815/815/815 812/812/812 798/798/798
f 826/826/826 810/810/810 806/806/806
f 797/797/797 829/829/829 795/795/795
f 810/810/810 829/829/829 797/797/797
f 804/804/804 826/826/826 806/806/806
f 819/819/819 826/826/826 804/804/804
f 802/802/802 819/819/819 804/804/804
f 811/811/811 819/819/819 802/802/802
f 832/832/832 796/796/796 833/833/833
f 809/809/809 796/796/796 832/832/832
f 834/834/834 809/809/809 832/832/832
f 807/807/807 809/809/809 834/834/834
f 835/835/835 807/807/807 834/834/834
f 805/805/805 807/807/807 835/835/835
f 836/836/836 805/805/805 835/835/835
f 803/803/803 805/805/805 836/836/836
f 837/837/837 803/803/803 836/836/836
f 801/801/801 803/803/803 837/837/837
f 838/838/838 801/801/801 837/837/837
f 799/799/799 801/801/801 838/838/838
f 839/839/839 799/799/799 838/838/838
f 793/793/793 799/799/799 839/839/839
f 840/840/840 793/793/793 839/839/839
f 791/791/791 793/793/793 840/840/840
f 841/841/841 791/791/791 840/840/840
f 788/788/788 791/791/791 841/841/841
f 842/842/842 788/788/788 841/841/841
f 787/787/787 788/788/788 842/842/842
f 843/843/843 787/787/787 842/842/842
f 794/794/794 787/787/787 843/843/843
f 833/833/833 794/794/794 843/843/843
f 796/796/796 794/794/794 833/833/833
f 844/844/844 756/756/756 758/758/758
f 844/844/844 755/755/755 756/756/756
f 752/752/752 755/755/755 844/844/844
f 758/758/758 761/761/761 844/844/844
f 844/844/844 761/761/761 739/739/739
f 844/844/844 750/750/750 752/752/752
f 844/844/844 749/749/749 750/750/750
f 746/746/746 749/749/749 844/844/844
f 844/844/844 744/744/744 746/746/746
f 844/844/844 743/743/743 744/744/744
f 740/740/740 743/743/743 844/844/844
f 739/739/739 740/740/740 844/844/844
v -1.152779 1.079553 0.7514334
v -1.134405 1.153961 0.7826179
v -1.095219 1.202218 0.7718922
v -1.186185 1.119437 0.7439398
v -1.134405 1.153961 0.7826179
v -1.190123 1.154552 0.7463828
v -1.051573 1.173134 0.7639484
v -1.190123 1.154552 0.7463828
v -1.05615 1.171487 0.7704225
v -1.203403 1.164722 0.7215006
v -1.05615 1.171487 0.7704225
v -1.025658 1.207593 0.6651877
v -1.063192 1.283014 0.6760166
v -1.052131 1.279678 0.7664749
v -1.064729 1.158542 0.7710215
v -1.17128 1.113035 0.623924
v -1.186185 1.119437 0.7439398
v -1.155211 1.209619 0.6076332
v -1.034516 1.205501 0.7176933
v -1.030957 1.193695 0.6502959
v -1.035225 1.177758 0.632957
v -1.091156 1.162212 0.7262008
v -1.143804 1.128969 0.7076065
v -1.095292 1.130501 0.7210584
v -1.164927 1.194957 0.7270014
v -1.192383 1.168303 0.722119
v -1.091156 1.162212 0.7262008
v -1.116165 1.143402 0.7145045
v -1.208396 1.174296 0.8732514
v -1.164927 1.194957 0.7270014
v -1.235628 1.161656 0.8394536
v -1.110531 1.161736 0.8950225
v -1.235628 1.161656 0.8394536
v -1.120566 1.19593 0.8809382
v -1.051448 1.169219 0.783732
v -1.058251 1.176946 0.8284513
v -1.094516 1.20847 0.8811375
v -1.051448 1.169219 0.783732
v -1.082271 1.269059 0.8376186
v -1.081605 1.145568 0.7451052
v -1.082271 1.269059 0.8376186
v -1.064729 1.158542 0.7710215
v -1.052131 1.279678 0.7664749
v -1.187628 1.30215 0.7299572
v -1.228682 1.250165 0.7841232
v -1.209559 1.214609 0.8671945
v -1.203403 1.164722 0.7215006
v -1.05615 1.171487 0.7704225
v -1.195194 1.158411 0.7222898
v -1.187628 1.30215 0.7299572
v -1.195194 1.158411 0.7222898
v -1.177725 1.26883 0.6562012
v -1.063192 1.283014 0.6760166
v -1.177725 1.26883 0.6562012
v -1.155211 1.209619 0.6076332
v -1.203403 1.164722 0.7215006
v -1.190123 1.154552 0.7463828
v -1.063192 1.283014 0.6760166
v -1.025658 1.207593 0.6651877
v -1.051573 1.173134 0.7639484
v -1.035225 1.177758 0.632957
v -1.034516 1.205501 0.7176933
v -1.025658 1.207593 0.6651877
v -1.17128 1.113035 0.623924
v -1.035225 1.177758 0.632957
v -1.087929 1.067413 0.6276581
v -1.030957 1.193695 0.6502959
v -1.125749 1.151484 0.7142451
v -1.116165 1.143402 0.7145045
v -1.051448 1.169219 0.783732
v -1.192383 1.168303 0.722119
v -1.081605 1.145568 0.7451052
v -1.196303 1.159901 0.7251065
v -1.051448 1.169219 0.783732
v -1.081605 1.145568 0.7451052
v -1.195194 1.158411 0.7222898
v -1.064729 1.158542 0.7710215
v -1.195194 1.158411 0.7222898
v -1.228682 1.250165 0.7841232
v -1.187628 1.30215 0.7299572
v -1.228682 1.250165 0.7841232
v -1.234596 1.182905 0.7727137
v -1.209559 1.214609 0.8671945
v -1.234596 1.182905 0.7727137
v -1.235628 1.161656 0.8394536
v -1.192383 1.168303 0.722119
v -1.095219 1.202218 0.7718922
v -1.118818 1.065217 0.7627328
v -1.152779 1.079553 0.7514334
v -1.096775 1.214857 0.7566809
v -1.118818 1.065217 0.7627328
v -1.093441 1.1385 0.8047453
v -1.093474 1.126978 0.804723
v -1.051068 1.063282 0.8047732
v -1.053068 1.202196 0.8029835
v -1.093474 1.126978 0.804723
v -0.9651788 1.202162 0.7020652
v -1.037131 1.202729 0.8182457
v -0.9305066 1.191563 0.7203459
v -1.008854 1.054953 0.6810362
v -1.043668 1.036978 0.7297598
v -1.04434 1.086431 0.6281455
v -1.008854 1.054953 0.6810362
v -0.9638692 1.063316 0.7031444
v -0.9638692 1.063316 0.7031444
v -1.008875 1.210294 0.680644
v -1.035547 1.062674 0.8201687
v -1.053068 1.202196 0.8029835
v -1.037131 1.202729 0.8182457
v -1.051068 1.063282 0.8047732
v -0.9305066 1.191563 0.7203459
v -0.9809988 1.231275 0.7853631
v -0.9400524 1.221341 0.7564931
v -0.9809988 1.231275 0.7853631
v -0.9567674 1.229722 0.8238072
v -1.023686 1.192536 0.8587486
v -0.9638692 1.063316 0.7031444
v -1.051068 1.063282 0.8047732
v -0.9469969 1.053475 0.733357
v -0.9469969 1.053475 0.733357
v -0.9651788 1.202162 0.7020652
v -1.008875 1.210294 0.680644
v -1.041855 1.228482 0.7297599
v -1.096775 1.214857 0.7566809
v -1.008875 1.210294 0.680644
v -1.038796 1.211503 0.6639495
v -1.04434 1.086431 0.6281455
v -1.008854 1.054953 0.6810362
v -0.9220099 1.061039 0.742283
v -0.9305066 1.191563 0.7203459
v -1.030957 1.193695 0.6502959
v -1.038796 1.211503 0.6639495
v -1.087929 1.067413 0.6276581
v -1.037131 1.202729 0.8182457
v -1.052751 1.123916 0.8408865
v -1.035547 1.062674 0.8201687
v -1.052751 1.141562 0.8408864
v -1.052751 1.123916 0.8408865
v -1.023686 1.192536 0.8587486
v -1.005551 1.052503 0.8491912
v -1.033478 1.126841 0.8737336
v -0.9871351 1.185065 0.8930797
v -1.005551 1.052503 0.8491912
v -1.023686 1.192536 0.8587486
v -0.9412246 1.197428 0.8859204
v -0.9567674 1.229722 0.8238072
v -0.9567674 1.035755 0.8238114
v -0.9809988 1.034204 0.7853626
v -0.9220099 1.061039 0.742283
v -0.9809988 1.034204 0.7853626
v -0.9469969 1.053475 0.733357
v -0.9414649 1.086592 0.8987386
v -0.946392 1.051362 0.8674582
v -0.9871351 1.185065 0.8930797
v -1.239847 1.14025 0.7768211
v -1.232454 1.100895 0.7149137
v -1.239847 1.125229 0.7768213
v -1.241392 1.185064 0.7164969
v -1.253788 1.123916 0.7994028
v -1.239847 1.125229 0.7768213
v -1.253788 1.141562 0.7994028
v -1.281204 1.202729 0.7971956
v -1.253788 1.123916 0.7994028
v -1.280332 1.062674 0.7948636
v -1.338577 1.034218 0.7646855
v -1.399789 1.053476 0.7615839
v -1.405086 1.061655 0.7351766
v -1.324992 1.035236 0.7285947
v -1.338577 1.034218 0.7646855
v -1.319569 1.035229 0.735058
v -1.275159 1.202278 0.6819683
v -1.232454 1.100895 0.7149137
v -1.292012 1.046343 0.6981891
v -1.319569 1.23025 0.7350578
v -1.324992 1.230244 0.7285954
v -1.241392 1.185064 0.7164969
v -1.280332 1.062674 0.7948636
v -1.286455 1.202196 0.8186312
v -1.281204 1.202729 0.7971956
v -1.285905 1.063283 0.816005
v -1.419302 1.191563 0.7538086
v -1.338577 1.23126 0.764686
v -1.384352 1.220696 0.743471
v -1.338577 1.23126 0.764686
v -1.324992 1.230244 0.7285954
v -1.319569 1.23025 0.7350578
v -1.417517 1.063317 0.791302
v -1.285905 1.063283 0.816005
v -1.399789 1.053476 0.7615839
v -1.399789 1.053476 0.7615839
v -1.417797 1.202162 0.7929755
v -1.414277 1.210442 0.841248
v -1.274238 1.178848 0.8514655
v -1.303644 1.2141 0.879407
v -1.414277 1.210442 0.841248
v -1.412181 1.212519 0.8747876
v -1.435807 1.076834 0.9067613
v -1.414172 1.054954 0.8413137
v -1.405086 1.061655 0.7351766
v -1.419302 1.191563 0.7538086
v -1.429193 1.194144 0.8753695
v -1.412181 1.212519 0.8747876
v -1.450744 1.120153 0.9191595
v -1.285905 1.063283 0.816005
v -1.274238 1.178848 0.8514655
v -1.286455 1.202196 0.8186312
v -1.291173 1.063258 0.8516475
v -1.292048 1.062237 0.9035621
v -1.291173 1.063258 0.8516475
v -1.303644 1.2141 0.879407
v -1.414172 1.054954 0.8413137
v -1.417517 1.063317 0.791302
v -1.291112 1.201345 0.8713106
v -1.292048 1.062237 0.9035621
v -1.263017 1.131511 0.8965476
v -1.414172 1.054954 0.8413137
v -1.435807 1.076834 0.9067613
v -1.417797 1.202162 0.7929755
v -1.281204 1.202729 0.7971956
v -1.419302 1.191563 0.7538086
v -1.417517 1.063317 0.791302
v -1.414277 1.210442 0.841248
v -1.412181 1.212519 0.8747876
v -1.303644 1.2141 0.879407
v -1.429193 1.194144 0.8753695
v -1.289811 1.183411 0.8585162
v -1.266944 1.154551 0.9656219
v -1.266003 1.150614 0.9006717
v -1.271032 1.119435 0.9634394
v -1.266944 1.154551 0.9656219
v -1.313112 1.171488 0.8375812
v -1.281853 1.164721 0.9895665
v -1.263017 1.131511 0.8965476
v -1.289811 1.183411 0.8585162
v -1.291112 1.201345 0.8713106
v -1.429193 1.194144 0.8753695
v -1.442867 1.177818 0.8888207
v -1.318539 1.279679 0.8360743
v -1.308303 1.158544 0.8447117
v -1.391348 1.283016 0.8908822
v -1.313112 1.171488 0.8375812
v -1.419493 1.207596 0.8637919
v -1.368889 1.192304 0.8355932
v -1.281853 1.164721 0.9895665
v -1.308303 1.158544 0.8447117
v -1.313112 1.171488 0.8375812
v -1.285275 1.158412 0.9820642
v -1.282417 1.302151 0.9716777
v -1.285275 1.158412 0.9820642
v -1.351244 1.26883 0.9999786
v -1.241858 1.269058 0.8266041
v -1.322312 1.145569 0.872287
v -1.318539 1.279679 0.8360743
v -1.391348 1.283016 0.8908822
v -1.351244 1.26883 0.9999786
v -1.303936 1.16922 0.8268527
v -1.241858 1.269058 0.8266041
v -1.198048 1.208469 0.8154494
v -1.282417 1.302151 0.9716777
v -1.21498 1.250165 0.9801478
v -1.1526 1.214611 0.9220471
v -1.178016 1.161736 0.8223758
v -1.303936 1.16922 0.8268527
v -1.321882 1.165058 0.8506693
v -1.286827 1.168304 0.9797145
v -1.333866 1.162377 0.8898153
v -1.296854 1.194561 0.9533386
v -1.333866 1.162377 0.8898153
v -1.323899 1.128973 0.9443821
v -1.336347 1.130498 0.8955589
v -1.145163 1.169299 0.9114879
v -1.296854 1.194561 0.9533386
v -1.163592 1.161657 0.9585012
v -1.163592 1.161657 0.9585012
v -1.184779 1.19556 0.8380935
v -1.145163 1.169299 0.9114879
v -1.146294 1.133556 0.8701886
v -1.143882 1.133556 0.8784633
v -1.1526 1.214611 0.9220471
v -1.178016 1.161736 0.8223758
v -1.323899 1.128973 0.9443821
v -1.261911 1.166555 1.000696
v -1.26404 1.133781 1.005058
v -1.261911 1.166555 1.000696
v -1.156957 1.133781 0.9726971
v -1.15853 1.195977 0.9252175
v -1.322312 1.145569 0.872287
v -1.285275 1.158412 0.9820642
v -1.28228 1.159901 0.9816161
v -1.308303 1.158544 0.8447117
v -1.285204 1.161037 0.9818732
v -1.322312 1.145569 0.872287
v -1.303936 1.16922 0.8268527
v -1.321882 1.165058 0.8506693
v -1.303936 1.16922 0.8268527
v -1.286827 1.168304 0.9797145
v -1.285275 1.158412 0.9820642
v -1.21498 1.250165 0.9801478
v -1.282417 1.302151 0.9716777
v -1.21498 1.250165 0.9801478
v -1.285204 1.161037 0.9818732
v -1.1526 1.214611 0.9220471
v -1.163592 1.161657 0.9585012
v -1.286827 1.168304 0.9797145
v -1.184779 1.19556 0.8380935
v -1.333866 1.162377 0.8898153
v -1.178016 1.161736 0.8223758
v -1.306475 1.196907 0.8451599
v -1.236607 1.17778 0.7959574
v -1.333866 1.162377 0.8898153
v -1.306475 1.196907 0.8451599
v -1.336347 1.130498 0.8955589
v -1.287247 1.133781 0.7968636
v -1.340244 1.100895 0.8547524
v -1.306803 1.192537 0.8976113
v -1.297011 1.138637 0.8826264
v -1.324939 1.052502 0.9071713
v -1.297098 1.060378 0.9342148
v -1.324939 1.052502 0.9071713
v -1.316067 1.221934 0.9482364
v -1.293357 1.202729 0.9381153
v -1.297098 1.060378 0.9342148
v -1.294942 1.062674 0.9361922
v -1.373721 1.035756 0.9325536
v -1.40848 1.061038 1.014075
v -1.383493 1.053475 1.023003
v -1.389251 1.197428 0.8704371
v -1.384089 1.051359 0.8889058
v -1.384953 1.202278 0.8739833
v -1.306803 1.192537 0.8976113
v -1.384953 1.202278 0.8739833
v -1.373721 1.229723 0.9325545
v -1.294942 1.062674 0.9361922
v -1.27742 1.202196 0.9533772
v -1.293357 1.202729 0.9381153
v -1.279419 1.063283 0.9515885
v -1.399984 1.191563 1.036014
v -1.316067 1.221934 0.9482364
v -1.390436 1.221341 0.9998677
v -1.316067 1.221934 0.9482364
v -1.373721 1.229723 0.9325545
v -1.306803 1.192537 0.8976113
v -1.36662 1.063317 1.053216
v -1.279419 1.063283 0.9515885
v -1.383493 1.053475 1.023003
v -1.383493 1.053475 1.023003
v -1.36531 1.202162 1.054295
v -1.321613 1.210294 1.075718
v -1.242946 1.179021 0.9592732
v -1.233715 1.214858 0.9996804
v -1.321613 1.210294 1.075718
v -1.291694 1.211503 1.092409
v -1.286148 1.086431 1.128217
v -1.321636 1.054954 1.075325
v -1.40848 1.061038 1.014075
v -1.399984 1.191563 1.036014
v -1.299534 1.193698 1.106059
v -1.291694 1.211503 1.092409
v -1.242556 1.067412 1.128703
v -1.211671 1.065218 0.9936283
v -1.242556 1.067412 1.128703
v -1.242946 1.179021 0.9592732
v -1.251658 1.063237 0.973681
v -1.233715 1.214858 0.9996804
v -1.279419 1.063283 0.9515885
v -1.27742 1.202196 0.9533772
v -1.251658 1.063237 0.973681
v -1.321636 1.054954 1.075325
v -1.36662 1.063317 1.053216
v -1.23526 1.202217 0.9844679
v -1.211671 1.065218 0.9936283
v -1.177704 1.079555 1.004933
v -1.321636 1.054954 1.075325
v -1.286148 1.086431 1.128217
v -1.242556 1.067412 1.128703
v -1.36531 1.202162 1.054295
v -1.293357 1.202729 0.9381153
v -1.399984 1.191563 1.036014
v -1.36662 1.063317 1.053216
v -1.321613 1.210294 1.075718
v -1.291694 1.211503 1.092409
v -1.233715 1.214858 0.9996804
v -1.299534 1.193698 1.106059
v -1.295263 1.17776 1.123406
v -1.299534 1.193698 1.106059
v -1.159207 1.113034 1.132435
v -1.175272 1.209617 1.148726
v -1.295263 1.17776 1.123406
v -1.304828 1.207597 1.091178
v -1.127085 1.16472 1.034861
v -1.140369 1.154549 1.009974
v -1.152766 1.268828 1.100163
v -1.127085 1.16472 1.034861
v -1.14286 1.302151 1.026404
v -1.135293 1.158411 1.03407
v -1.265759 1.158543 0.9853407
v -1.27434 1.171489 0.9859403
v -1.135293 1.158411 1.03407
v -1.24822 1.269058 0.9187441
v -1.248879 1.145568 1.011261
v -1.278357 1.279679 0.989886
v -1.267294 1.283015 1.080346
v -1.152766 1.268828 1.100163
v -1.279041 1.169219 0.9726303
v -1.24822 1.269058 0.9187441
v -1.235972 1.208469 0.875224
v -1.14286 1.302151 1.026404
v -1.101807 1.250165 0.9722345
v -1.120933 1.21461 0.8891631
v -1.219958 1.161735 0.8613389
v -1.279041 1.169219 0.9726303
v -1.267389 1.165055 1.000077
v -1.138106 1.168305 1.034241
v -1.22076 1.135366 1.041001
v -1.165561 1.19496 1.029358
v -1.22076 1.135366 1.041001
v -1.186684 1.128969 1.048756
v -1.235201 1.130499 1.035301
v -1.126414 1.169083 0.877311
v -1.165561 1.19496 1.029358
v -1.094858 1.161657 0.9169106
v -1.094858 1.161657 0.9169106
v -1.209924 1.195929 0.8754233
v -1.126414 1.169083 0.877311
v -1.166472 1.133556 0.8565263
v -1.150442 1.133556 0.8607695
v -1.120933 1.21461 0.8891631
v -1.219958 1.161735 0.8613389
v -1.186684 1.128969 1.048756
v -1.104569 1.167531 1.019924
v -1.10093 1.133781 1.023564
v -1.104569 1.167531 1.019924
v -1.083138 1.133781 0.9092936
v -1.126009 1.195612 0.8920029
v -1.196082 1.153961 0.9737449
v -1.140369 1.154549 1.009974
v -1.278916 1.173136 0.992415
v -1.144304 1.119436 1.012422
v -1.140369 1.154549 1.009974
v -1.27434 1.171489 0.9859403
v -1.127085 1.16472 1.034861
v -1.177704 1.079555 1.004933
v -1.196082 1.153961 0.9737449
v -1.23526 1.202217 0.9844679
v -1.27434 1.171489 0.9859403
v -1.304828 1.207597 1.091178
v -1.267294 1.283015 1.080346
v -1.278357 1.279679 0.989886
v -1.265759 1.158543 0.9853407
v -1.159207 1.113034 1.132435
v -1.144304 1.119436 1.012422
v -1.175272 1.209617 1.148726
v -1.159207 1.113034 1.132435
v -1.295968 1.205502 1.038658
v -1.299534 1.193698 1.106059
v -1.295263 1.17776 1.123406
v -1.159207 1.113034 1.132435
v -1.248879 1.145568 1.011261
v -1.135293 1.158411 1.03407
v -1.134181 1.159903 1.031251
v -1.265759 1.158543 0.9853407
v -1.135421 1.161037 1.033914
v -1.248879 1.145568 1.011261
v -1.279041 1.169219 0.9726303
v -1.267389 1.165055 1.000077
v -1.279041 1.169219 0.9726303
v -1.138106 1.168305 1.034241
v -1.135293 1.158411 1.03407
v -1.101807 1.250165 0.9722345
v -1.14286 1.302151 1.026404
v -1.101807 1.250165 0.9722345
v -1.135421 1.161037 1.033914
v -1.120933 1.21461 0.8891631
v -1.094858 1.161657 0.9169106
v -1.138106 1.168305 1.034241
v -1.209924 1.195929 0.8754233
v -1.256307 1.202889 0.9761158
v -1.219958 1.161735 0.8613389
v -1.263938 1.195578 0.9869011
v -1.275362 1.17778 0.905073
v -1.256307 1.202889 0.9761158
v -1.263938 1.195578 0.9869011
v -1.235201 1.130499 1.035301
v -1.29682 1.133781 0.9498405
v -1.269226 1.099969 1.015355
v -1.216156 1.193736 1.011127
v -1.217587 1.138637 0.9939941
v -1.218416 1.05084 1.033138
v -1.182782 1.06039 1.020372
v -1.218416 1.05084 1.033138
v -1.189192 1.141562 0.9942499
v -1.18586 1.138937 0.9935561
v -1.182782 1.06039 1.020372
v -1.189298 1.126541 0.9942379
v -1.223806 1.035768 1.090776
v -1.169432 1.060974 1.156779
v -1.148877 1.053228 1.139192
v -1.164566 1.03671 1.082161
v -1.285127 1.197453 1.072485
v -1.266862 1.051333 1.078442
v -1.278734 1.202278 1.066357
v -1.216156 1.193736 1.011127
v -1.278734 1.202278 1.066357
v -1.223805 1.229711 1.090776
v -1.189298 1.126541 0.9942379
v -1.156211 1.202196 1.012927
v -1.18586 1.138937 0.9935561
v -1.158759 1.063283 1.013763
v -1.072654 1.210848 1.11169
v -1.134081 1.17867 0.98593
v -1.112757 1.202162 1.1395
v -1.094555 1.214158 0.9970862
v -1.072654 1.210848 1.11169
v -1.042906 1.211788 1.094433
v -1.00984 1.073157 1.098428
v -1.072708 1.054954 1.112191
v -1.145841 1.191748 1.160215
v -1.114346 1.063317 1.140095
v -1.148877 1.053228 1.139192
v -1.177177 1.23129 1.08411
v -1.164566 1.228768 1.082161
v -1.172792 1.221415 1.134007
v -1.177177 1.23129 1.08411
v -1.223805 1.229711 1.090776
v -1.216156 1.193736 1.011127
v -1.164566 1.03671 1.082161
v -1.158759 1.063283 1.013763
v -1.148877 1.053228 1.139192
v -1.169432 1.060974 1.156779
v -1.145841 1.191748 1.160215
v -1.035034 1.193697 1.108418
v -1.042906 1.211788 1.094433
v -0.9773321 1.072826 1.064145
v -1.093747 1.073518 0.9711007
v -1.067662 1.073362 0.9587577
v -1.134081 1.17867 0.98593
v -1.125746 1.063237 1.000768
v -1.094555 1.214158 0.9970862
v -1.158759 1.063283 1.013763
v -1.156211 1.202196 1.012927
v -1.125746 1.063237 1.000768
v -1.072708 1.054954 1.112191
v -1.114346 1.063317 1.140095
v -1.108205 1.202217 0.9919622
v -1.093747 1.073518 0.9711007
v -1.072708 1.054954 1.112191
v -1.00984 1.073157 1.098428
v -1.112757 1.202162 1.1395
v -1.164566 1.228768 1.082161
v -1.145841 1.191748 1.160215
v -1.114346 1.063317 1.140095
v -1.072654 1.210848 1.11169
v -1.042906 1.211788 1.094433
v -1.094555 1.214158 0.9970862
v -1.035034 1.193697 1.108418
v -1.11999 1.183411 0.9958911
v -1.038668 1.15455 0.9225346
v -1.123151 1.173134 1.033744
v -1.024235 1.105938 0.9328142
v -1.038668 1.15455 0.9225346
v -1.092773 1.143904 0.9568009
v -1.010476 1.164721 0.9234739
v -1.067662 1.073362 0.9587577
v -1.11999 1.183411 0.9958911
v -1.108205 1.202217 0.9919622
v -1.035034 1.193697 1.108418
v -1.01788 1.177758 1.113392
v -1.113222 1.210007 1.06363
v -1.050573 1.207594 1.105563
v -1.041192 1.283014 1.067642
v -1.125061 1.279678 1.031993
v -1.113222 1.210007 1.06363
v -1.122699 1.158542 1.018809
v -0.9773321 1.072826 1.064145
v -0.9773321 1.072826 1.064145
v -1.024235 1.105938 0.9328142
v -0.9365255 1.124457 1.007742
v -0.9359597 1.209619 1.022143
v -1.01788 1.177758 1.113392
v -1.035034 1.193697 1.108418
v -0.9365255 1.124457 1.007742
v -0.9359597 1.209619 1.022143
v -1.01788 1.177758 1.113392
v -1.050573 1.207594 1.105563
v -1.010476 1.164721 0.9234739
v -1.038668 1.15455 0.9225346
v -0.9667636 1.268831 0.9783668
v -1.010476 1.164721 0.9234739
v -1.025687 1.302151 0.9329076
v -1.015264 1.158411 0.9301875
v -1.122699 1.158542 1.018809
v -1.092773 1.143904 0.9568009
v -1.015264 1.158411 0.9301875
v -1.171604 1.269058 0.970318
v -1.091815 1.145568 1.017152
v -1.125061 1.279678 1.031993
v -1.041192 1.283014 1.067642
v -0.9667636 1.268831 0.9783668
v -1.140351 1.169219 1.023955
v -1.171604 1.269058 0.970318
v -1.203169 1.208468 0.9379511
v -1.025687 1.302151 0.9329076
v -1.052072 1.250165 0.8702692
v -1.133576 1.214609 0.8452964
v -1.207186 1.161736 0.9171431
v -1.140351 1.169219 1.023955
v -1.110751 1.165054 1.027589
v -1.040821 1.148257 0.9955614
v -1.0697 1.162419 1.017671
v -1.035317 1.195123 0.9557084
v -1.0697 1.162419 1.017671
v -1.028587 1.128968 0.9824807
v -1.064151 1.130498 1.017324
v -1.041192 1.283014 1.067642
v -1.050573 1.207594 1.105563
v -1.123151 1.173134 1.033744
v -1.11999 1.183411 0.9958911
v -1.14751 1.169366 0.8446867
v -1.096517 1.161658 0.8365889
v -1.04764 1.176655 0.8677732
v -1.035317 1.195123 0.9557084
v -1.096517 1.161658 0.8365889
v -1.189418 1.196139 0.9141785
v -1.14751 1.169366 0.8446867
v -1.18461 1.133556 0.8684162
v -1.175678 1.133556 0.8595371
v -1.133576 1.214609 0.8452964
v -1.207186 1.161736 0.9171431
v -1.091815 1.145568 1.017152
v -1.015264 1.158411 0.9301875
v -1.017149 1.159902 0.9278155
v -1.122699 1.158542 1.018809
v -1.015464 1.161036 0.9302194
v -1.091815 1.145568 1.017152
v -1.140351 1.169219 1.023955
v -1.110751 1.165054 1.027589
v -1.140351 1.169219 1.023955
v -1.040821 1.148257 0.9955614
v -1.015264 1.158411 0.9301875
v -1.052072 1.250165 0.8702692
v -1.025687 1.302151 0.9329076
v -1.052072 1.250165 0.8702692
v -1.015464 1.161036 0.9302194
v -1.133576 1.214609 0.8452964
v -1.096517 1.161658 0.8365889
v -1.04764 1.176655 0.8677732
v -1.189418 1.196139 0.9141785
v -1.0697 1.162419 1.017671
v -1.207186 1.161736 0.9171431
v -1.119244 1.196535 1.017099
v -1.215731 1.166211 0.9304807
v -1.0697 1.162419 1.017671
v -1.119244 1.196535 1.017099
v -1.064151 1.130498 1.017324
v -1.168975 1.133781 1.027959
v -1.098034 1.100894 1.04145
v -1.074645 1.194327 0.9879187
v -1.089095 1.185065 1.039866
v -1.055072 1.050292 0.9981725
v -1.050468 1.060062 0.9644333
v -1.055072 1.050292 0.9981725
v -1.028543 1.222247 0.973986
v -1.075637 1.138937 0.9537254
v -1.050468 1.060062 0.9644333
v -1.076764 1.126541 0.9570391
v -1.005495 1.035235 1.027766
v -0.9254036 1.061655 1.021187
v -0.9306993 1.053475 0.9947788
v -0.9882518 1.03671 0.9795836
v -1.074645 1.194327 0.9879187
v -1.055323 1.202277 1.074399
v -1.005495 1.230244 1.027765
v -1.038472 1.046343 1.058176
v -1.089095 1.185065 1.039866
v -1.076764 1.126541 0.9570391
v -1.044033 1.202196 0.9377289
v -1.075637 1.138937 0.9537254
v -1.044583 1.063282 0.9403563
v -0.9162116 1.210441 0.9151133
v -1.056251 1.178847 0.9048964
v -0.9126906 1.202161 0.9633852
v -1.026845 1.2141 0.8769556
v -0.9162116 1.210441 0.9151133
v -0.9183065 1.212519 0.8815732
v -0.8878559 1.087211 0.8580915
v -0.9163164 1.054953 0.9150461
v -0.9111867 1.191563 1.002555
v -0.9129705 1.063316 0.9650593
v -0.9306993 1.053475 0.9947788
v -1.028543 1.222247 0.973986
v -0.9882518 1.228768 0.9795837
v -0.9461371 1.220696 1.012892
v -1.028543 1.222247 0.973986
v -1.005495 1.230244 1.027765
v -1.074645 1.194327 0.9879187
v -0.9882518 1.03671 0.9795836
v -1.044583 1.063282 0.9403563
v -0.9306993 1.053475 0.9947788
v -0.9254036 1.061655 1.021187
v -0.9111867 1.191563 1.002555
v -0.9012937 1.194143 0.8809879
v -0.9183065 1.212519 0.8815732
v -0.8984877 1.079907 0.8204774
v -1.044583 1.063282 0.9403563
v -1.056251 1.178847 0.9048964
v -1.044033 1.202196 0.9377289
v -1.039316 1.063257 0.9047139
v -1.037839 1.061747 0.8522602
v -1.039316 1.063257 0.9047139
v -1.026845 1.2141 0.8769556
v -0.9163164 1.054953 0.9150461
v -0.9129705 1.063316 0.9650593
v -1.039376 1.201347 0.8850501
v -1.037839 1.061747 0.8522602
v -1.056306 1.088061 0.8325754
v -0.9163164 1.054953 0.9150461
v -0.8878559 1.087211 0.8580915
v -0.9126906 1.202161 0.9633852
v -0.9882518 1.228768 0.9795837
v -0.9111867 1.191563 1.002555
v -0.9129705 1.063316 0.9650593
v -0.9162116 1.210441 0.9151133
v -0.9183065 1.212519 0.8815732
v -1.026845 1.2141 0.8769556
v -0.9012937 1.194143 0.8809879
v -1.056306 1.088061 0.8325754
v -0.9437478 1.106893 0.7502973
v -1.040676 1.183412 0.8978464
v -1.039376 1.201347 0.8850501
v -1.068364 1.146844 0.8527088
v -1.040676 1.183412 0.8978464
v -1.066538 1.151389 0.8491021
v -1.009475 1.173135 0.9195084
v -0.9012937 1.194143 0.8809879
v -0.8876213 1.177815 0.8675402
v -1.066538 1.151389 0.8491021
v -1.017371 1.171488 0.9187817
v -1.048637 1.164721 0.7667957
v -1.017371 1.171488 0.9187817
v -0.9109904 1.207594 0.8925651
v -0.9391388 1.283013 0.8654794
v -1.011947 1.279678 0.9202873
v -1.022185 1.158543 0.9116501
v -1.048637 1.164721 0.7667957
v -1.022185 1.158543 0.9116501
v -1.017371 1.171488 0.9187817
v -1.025812 1.130781 0.8364003
v -1.048071 1.302151 0.7846848
v -1.057494 1.220359 0.7517142
v -0.9792418 1.268831 0.7563839
v -1.08863 1.269058 0.9297562
v -1.008178 1.145568 0.8840755
v -1.011947 1.279678 0.9202873
v -0.9391388 1.283013 0.8654794
v -0.9792418 1.268831 0.7563839
v -1.02655 1.169219 0.9295067
v -1.08863 1.269058 0.9297562
v -1.13244 1.20847 0.9409121
v -1.048071 1.302151 0.7846848
v -1.115509 1.250165 0.7762151
v -1.177888 1.214608 0.8343129
v -1.152471 1.161734 0.9339865
v -1.02655 1.169219 0.9295067
v -1.008609 1.165053 0.9056972
v -1.043657 1.168302 0.7766482
v -0.9966219 1.162372 0.8665469
v -1.002345 1.13685 0.8228078
v -0.9966219 1.162372 0.8665469
v -1.006589 1.128972 0.811981
v -0.9941422 1.130498 0.860802
v -1.185326 1.169298 0.8448741
v -1.073276 1.216038 0.8034092
v -1.166897 1.161656 0.7978606
v -1.166897 1.161656 0.7978606
v -1.145709 1.195557 0.9182689
v -1.185326 1.169298 0.8448741
v -1.184195 1.133556 0.8861712
v -1.186605 1.133556 0.8778986
v -1.177888 1.214608 0.8343129
v -1.152471 1.161734 0.9339865
v -1.008178 1.145568 0.8840755
v -1.025812 1.130781 0.8364003
v -1.048209 1.159902 0.7747455
v -1.022185 1.158543 0.9116501
v -1.045285 1.161036 0.7744873
v -1.008178 1.145568 0.8840755
v -1.02655 1.169219 0.9295067
v -1.008609 1.165053 0.9056972
v -1.02655 1.169219 0.9295067
v -1.043657 1.168302 0.7766482
v -1.057494 1.220359 0.7517142
v -1.115509 1.250165 0.7762151
v -1.048071 1.302151 0.7846848
v -1.115509 1.250165 0.7762151
v -1.045285 1.161036 0.7744873
v -1.177888 1.214608 0.8343129
v -1.166897 1.161656 0.7978606
v -1.043657 1.168302 0.7766482
v -1.145709 1.195557 0.9182689
v -0.9966219 1.162372 0.8665469
v -1.152471 1.161734 0.9339865
v -1.024013 1.196907 0.9111993
v -1.150807 1.166305 0.9433995
v -0.9966219 1.162372 0.8665469
v -1.024013 1.196907 0.9111993
v -0.9941422 1.130498 0.860802
v -1.043242 1.133781 0.9594983
v -1.061256 1.099967 0.741001
v -1.11433 1.193735 0.7452343
v -1.067028 1.186378 0.7333303
v -1.112073 1.05084 0.7232229
v -1.147705 1.06039 0.7359887
v -1.112073 1.05084 0.7232229
v -1.150327 1.221927 0.7125673
v -1.144625 1.138937 0.7628052
v -1.147705 1.06039 0.7359887
v -1.141191 1.126541 0.7621241
v -1.106682 1.035768 0.6655859
v -1.161056 1.060974 0.5995821
v -1.181611 1.053228 0.6171692
v -1.165922 1.03671 0.6741998
v -1.11433 1.193735 0.7452343
v -1.045356 1.197448 0.6838648
v -1.106678 1.229711 0.6655858
v -1.063624 1.051334 0.6779128
v -1.067028 1.186378 0.7333303
v -1.141191 1.126541 0.7621241
v -1.166569 1.1385 0.7687012
v -1.144625 1.138937 0.7628052
v -1.16296 1.126979 0.7675165
v -1.16296 1.126979 0.7675165
v -1.196407 1.17867 0.7704316
v -1.166569 1.1385 0.7687012
v -1.204742 1.063237 0.7555934
v -1.236741 1.073517 0.7852607
v -1.204742 1.063237 0.7555934
v -1.235932 1.214158 0.7592732
v -1.222281 1.202216 0.7643981
v -1.236741 1.073517 0.7852607
v -1.262831 1.073358 0.7976018
v -1.25778 1.054954 0.6441694
v -1.320648 1.07316 0.6579312
v -1.192835 1.036979 0.6826199
v -1.25778 1.054954 0.6441694
v -1.216142 1.063317 0.6162664
v -1.287582 1.211788 0.6619285
v -1.235932 1.214158 0.7592732
v -1.295447 1.193698 0.6479431
v -1.217731 1.202162 0.6168607
v -1.216142 1.063317 0.6162664
v -1.257834 1.210848 0.6446714
v -1.165922 1.228768 0.6741998
v -1.192835 1.2285 0.6826198
v -1.184646 1.191748 0.5961455
v -1.353155 1.072828 0.6922106
v -1.306261 1.105938 0.8235455
v -1.393962 1.124458 0.7486195
v -1.353155 1.072828 0.6922106
v -1.29182 1.154552 0.8338264
v -1.306261 1.105938 0.8235455
v -1.394529 1.20962 0.7342225
v -1.210498 1.18341 0.7604755
v -1.207337 1.173136 0.7226248
v -1.306261 1.105938 0.8235455
v -1.29182 1.154552 0.8338264
v -1.237718 1.143904 0.7995626
v -1.254903 1.132292 0.7945647
v -1.262831 1.073358 0.7976018
v -1.210498 1.18341 0.7604755
v -1.222281 1.202216 0.7643981
v -1.295447 1.193698 0.6479431
v -1.312601 1.17776 0.6429683
v -1.217264 1.210007 0.6927325
v -1.279911 1.207595 0.6507986
v -1.289299 1.283013 0.6887186
v -1.205427 1.279679 0.724369
v -1.217264 1.210007 0.6927325
v -1.207789 1.158542 0.7375535
v -1.254903 1.132292 0.7945647
v -1.207789 1.158542 0.7375535
v -1.237718 1.143904 0.7995626
v -1.315224 1.158411 0.8261722
v -1.158885 1.269058 0.7860413
v -1.238674 1.145568 0.7392102
v -1.205427 1.279679 0.724369
v -1.190144 1.169219 0.7324039
v -1.158885 1.269058 0.7860413
v -1.127319 1.208472 0.8184095
v -1.304801 1.302152 0.8234531
v -1.278417 1.250166 0.8860919
v -1.196913 1.21461 0.9110643
v -1.123301 1.161735 0.8392161
v -1.190144 1.169219 0.7324039
v -1.154816 1.176946 0.7606553
v -1.182978 1.169367 0.9116743
v -1.233978 1.161657 0.919772
v -1.14107 1.196139 0.8421826
v -1.313967 1.168303 0.8236533
v -1.274394 1.217038 0.8347856
v -1.233978 1.161657 0.919772
v -1.260787 1.162427 0.7386919
v -1.282461 1.143402 0.7538462
v -1.294649 1.136861 0.7647932
v -1.260787 1.162427 0.7386919
v -1.301902 1.128978 0.7738792
v -1.266339 1.130503 0.7390378
v -1.182978 1.169367 0.9116743
v -1.145878 1.133556 0.8879455
v -1.157569 1.133556 0.8997061
v -1.196913 1.21461 0.9110643
v -1.123301 1.161735 0.8392161
v -1.238674 1.145568 0.7392102
v -1.315224 1.158411 0.8261722
v -1.313339 1.159901 0.8285418
v -1.207789 1.158542 0.7375535
v -1.315024 1.161038 0.8261419
v -1.238674 1.145568 0.7392102
v -1.190144 1.169219 0.7324039
v -1.282461 1.143402 0.7538462
v -1.190144 1.169219 0.7324039
v -1.313967 1.168303 0.8236533
v -1.315224 1.158411 0.8261722
v -1.278417 1.250166 0.8860919
v -1.304801 1.302152 0.8234531
v -1.278417 1.250166 0.8860919
v -1.315024 1.161038 0.8261419
v -1.196913 1.21461 0.9110643
v -1.233978 1.161657 0.919772
v -1.313967 1.168303 0.8236533
v -1.292012 1.046343 0.6981891
v -1.319569 1.035229 0.735058
v -1.232454 1.100895 0.7149137
v -1.324992 1.035236 0.7285947
v -1.236607 1.17778 0.7959574
v -1.287247 1.133781 0.7968636
v -1.236607 1.133781 0.7864559
v -1.306475 1.196907 0.8451599
v -1.296854 1.194561 0.9533386
v -1.15853 1.195977 0.9252175
v -1.261911 1.166555 1.000696
v -1.145163 1.169299 0.9114879
v -1.40456 1.209619 1.004767
v -1.281853 1.164721 0.9895665
v -1.266944 1.154551 0.9656219
v -1.391348 1.283016 0.8908822
v -1.419493 1.207596 0.8637919
v -1.368889 1.192304 0.8355932
v -1.442867 1.177818 0.8888207
v -1.289811 1.183411 0.8585162
v -1.419493 1.207596 0.8637919
v -1.378459 1.100296 1.004707
v -1.442867 1.177818 0.8888207
v -1.450744 1.120153 0.9191595
v -1.429193 1.194144 0.8753695
v -1.435807 1.076834 0.9067613
v -1.378459 1.100296 1.004707
v -1.378459 1.100296 1.004707
v -1.292048 1.062237 0.9035621
v -1.38566 1.060172 0.9540338
v -1.38566 1.060172 0.9540338
v -1.271032 1.119435 0.9634394
v -1.378459 1.100296 1.004707
v -1.40456 1.209619 1.004767
v -1.384089 1.051359 0.8889058
v -1.324939 1.052502 0.9071713
v -1.340244 1.100895 0.8547524
v -1.373721 1.035756 0.9325536
v -1.275362 1.17778 0.905073
v -1.29682 1.133781 0.9498405
v -1.283972 1.133781 0.9010541
v -1.263938 1.195578 0.9869011
v -1.165561 1.19496 1.029358
v -1.126009 1.195612 0.8920029
v -1.104569 1.167531 1.019924
v -1.126414 1.169083 0.877311
v -1.278916 1.173136 0.992415
v -1.295968 1.205502 1.038658
v -1.304828 1.207597 1.091178
v -1.267294 1.283015 1.080346
v -1.266862 1.051333 1.078442
v -1.218416 1.05084 1.033138
v -1.269226 1.099969 1.015355
v -1.223806 1.035768 1.090776
v -1.215731 1.166211 0.9304807
v -1.168975 1.133781 1.027959
v -1.220302 1.133781 0.929225
v -1.119244 1.196535 1.017099
v -1.010808 1.166555 0.9006435
v -1.08753 1.133781 0.8237463
v -1.005965 1.133781 0.9003084
v -1.129879 1.196173 0.8498661
v -1.028587 1.128968 0.9824807
v -1.010808 1.166555 0.9006435
v -1.035317 1.195123 0.9557084
v -1.129879 1.196173 0.8498661
v -1.010808 1.166555 0.9006435
v -1.14751 1.169366 0.8446867
v -1.038472 1.046343 1.058176
v -1.055072 1.050292 0.9981725
v -1.098034 1.100894 1.04145
v -1.005495 1.035235 1.027766
v -1.150807 1.166305 0.9433995
v -1.043242 1.133781 0.9594983
v -1.157521 1.133781 0.9435444
v -1.024013 1.196907 0.9111993
v -1.068573 1.166554 0.7556662
v -1.173531 1.133781 0.7836633
v -1.066442 1.133781 0.7513046
v -1.171958 1.195978 0.8311479
v -1.006589 1.128972 0.811981
v -1.068573 1.166554 0.7556662
v -1.073276 1.216038 0.8034092
v -1.073276 1.216038 0.8034092
v -1.171958 1.195978 0.8311479
v -1.068573 1.166554 0.7556662
v -1.185326 1.169298 0.8448741
v -0.9259275 1.209619 0.7515945
v -1.048637 1.164721 0.7667957
v -1.007997 1.177424 0.738629
v -0.9391388 1.283013 0.8654794
v -0.9109904 1.207594 0.8925651
v -1.009475 1.173135 0.9195084
v -0.8876213 1.177815 0.8675402
v -1.040676 1.183412 0.8978464
v -0.9109904 1.207594 0.8925651
v -0.9437478 1.106893 0.7502973
v -0.8876213 1.177815 0.8675402
v -0.8984877 1.079907 0.8204774
v -0.9012937 1.194143 0.8809879
v -0.9437478 1.106893 0.7502973
v -1.007997 1.177424 0.738629
v -1.002581 1.107746 0.7504837
v -0.9259275 1.209619 0.7515945
v -0.8984877 1.079907 0.8204774
v -0.8984877 1.079907 0.8204774
v -0.8878559 1.087211 0.8580915
v -0.946392 1.051362 0.8674582
v -1.005551 1.052503 0.8491912
v -0.9414649 1.086592 0.8987386
v -0.9567674 1.035755 0.8238114
v -1.055126 1.177779 0.8512879
v -1.033667 1.133781 0.8065187
v -1.046516 1.133781 0.8553068
v -1.066552 1.195577 0.7694574
v -1.225919 1.167531 0.736437
v -1.247351 1.133781 0.8470683
v -1.229559 1.133781 0.7327973
v -1.204477 1.195612 0.8643599
v -1.120566 1.19593 0.8809382
v -1.066552 1.195577 0.7694574
v -1.055126 1.177779 0.8512879
v -1.091156 1.162212 0.7262008
v -1.058251 1.176946 0.8284513
v -1.091156 1.162212 0.7262008
v -1.110531 1.161736 0.8950225
v -1.164927 1.194957 0.7270014
v -1.204477 1.195612 0.8643599
v -1.225919 1.167531 0.736437
v -1.208396 1.174296 0.8732514
v -1.038796 1.211503 0.6639495
v -1.096775 1.214857 0.7566809
v -1.030957 1.193695 0.6502959
v -1.063624 1.051334 0.6779128
v -1.112073 1.05084 0.7232229
v -1.061256 1.099967 0.741001
v -1.106682 1.035768 0.6655859
v -1.150327 1.221927 0.7125673
v -1.106678 1.229711 0.6655858
v -1.11433 1.193735 0.7452343
v -1.157695 1.221415 0.6223537
v -1.184646 1.191748 0.5961455
v -1.150327 1.221927 0.7125673
v -1.165922 1.228768 0.6741998
v -1.216142 1.063317 0.6162664
v -1.181611 1.053228 0.6171692
v -1.217731 1.202162 0.6168607
v -1.165922 1.03671 0.6741998
v -1.192835 1.036979 0.6826199
v -1.181611 1.053228 0.6171692
v -1.257834 1.210848 0.6446714
v -1.192835 1.2285 0.6826198
v -1.196407 1.17867 0.7704316
v -1.235932 1.214158 0.7592732
v -1.257834 1.210848 0.6446714
v -1.287582 1.211788 0.6619285
v -1.320648 1.07316 0.6579312
v -1.25778 1.054954 0.6441694
v -1.161056 1.060974 0.5995821
v -1.184646 1.191748 0.5961455
v -1.295447 1.193698 0.6479431
v -1.287582 1.211788 0.6619285
v -1.353155 1.072828 0.6922106
v -1.350635 1.210007 0.8261066
v -1.304801 1.302152 0.8234531
v -1.315224 1.158411 0.8261722
v -1.363724 1.26883 0.7779961
v -1.394529 1.20962 0.7342225
v -1.350635 1.210007 0.8261066
v -1.29182 1.154552 0.8338264
v -1.289299 1.283013 0.6887186
v -1.363724 1.26883 0.7779961
v -1.279911 1.207595 0.6507986
v -1.289299 1.283013 0.6887186
v -1.207337 1.173136 0.7226248
v -1.312601 1.17776 0.6429683
v -1.210498 1.18341 0.7604755
v -1.279911 1.207595 0.6507986
v -1.393962 1.124458 0.7486195
v -1.312601 1.17776 0.6429683
v -1.353155 1.072828 0.6922106
v -1.295447 1.193698 0.6479431
v -1.114757 1.166213 0.8258774
v -1.161519 1.133781 0.7283995
v -1.110185 1.133781 0.8271322
v -1.211246 1.196535 0.7392616
v -1.31968 1.166556 0.8557178
v -1.242954 1.133781 0.9326154
v -1.324523 1.133781 0.8560546
v -1.200607 1.196172 0.9064945
v -1.301902 1.128978 0.7738792
v -1.31968 1.166556 0.8557178
v -1.274394 1.217038 0.8347856
v -1.14107 1.196139 0.8421826
v -1.211246 1.196535 0.7392616
v -1.114757 1.166213 0.8258774
v -1.260787 1.162427 0.7386919
v -1.154816 1.176946 0.7606553
v -1.260787 1.162427 0.7386919
v -1.123301 1.161735 0.8392161
v -1.211246 1.196535 0.7392616
v -1.266339 1.130503 0.7390378
v -1.161519 1.133781 0.7283995
v -1.274394 1.217038 0.8347856
v -1.200607 1.196172 0.9064945
v -1.31968 1.166556 0.8557178
v -1.182978 1.169367 0.9116743
v -1.208396 1.174296 0.8732514
v -1.161052 1.133556 0.9006839
v -1.17087 1.133556 0.8975451
v -1.209559 1.214609 0.8671945
v -1.110531 1.161736 0.8950225
v -1.146294 1.133556 0.8701886
v -1.147095 1.137531 0.867101
v -1.146607 1.133781 0.8764569
v -1.184779 1.19556 0.8380935
v -1.15853 1.195977 0.9252175
v -1.143882 1.133556 0.8784633
v -1.156957 1.133781 0.9726971
v -1.145163 1.169299 0.9114879
v -1.166472 1.133556 0.8565263
v -1.173209 1.137531 0.8539931
v -1.171916 1.133781 0.8544475
v -1.209924 1.195929 0.8754233
v -1.126009 1.195612 0.8920029
v -1.164285 1.133556 0.8581982
v -1.083138 1.133781 0.9092936
v -1.126414 1.169083 0.877311
v -1.18461 1.133556 0.8684162
v -1.215731 1.166211 0.9304807
v -1.220302 1.133781 0.929225
v -1.189418 1.196139 0.9141785
v -1.129879 1.196173 0.8498661
v -1.175678 1.133556 0.8595371
v -1.08753 1.133781 0.8237463
v -1.14751 1.169366 0.8446867
v -1.184195 1.133556 0.8861712
v -1.150807 1.166305 0.9433995
v -1.157521 1.133781 0.9435444
v -1.145709 1.195557 0.9182689
v -1.171958 1.195978 0.8311479
v -1.186605 1.133556 0.8778986
v -1.173531 1.133781 0.7836633
v -1.185326 1.169298 0.8448741
v -1.066552 1.195577 0.7694574
v -1.095292 1.130501 0.7210584
v -1.033667 1.133781 0.8065187
v -1.091156 1.162212 0.7262008
v -1.166958 1.133556 0.8988811
v -1.157284 1.13753 0.9023671
v -1.15858 1.133781 0.9019115
v -1.120566 1.19593 0.8809382
v -1.143804 1.128969 0.7076065
v -1.225919 1.167531 0.736437
v -1.229559 1.133781 0.7327973
v -1.164927 1.194957 0.7270014
v -1.204477 1.195612 0.8643599
v -1.17087 1.133556 0.8975451
v -1.247351 1.133781 0.8470683
v -1.175245 1.138433 0.8971317
v -1.145878 1.133556 0.8879455
v -1.114757 1.166213 0.8258774
v -1.110185 1.133781 0.8271322
v -1.14107 1.196139 0.8421826
v -1.200607 1.196172 0.9064945
v -1.153481 1.133556 0.8953391
v -1.242954 1.133781 0.9326154
v -1.182978 1.169367 0.9116743
v -0.9302311 0.9567196 0.6478019
v -0.903398 0.8244708 0.7221291
v -0.8788521 0.9567193 0.7164465
v -0.952471 0.8244694 0.6596435
v -0.8771631 1.062987 0.7109307
v -0.9300281 1.062987 0.6420369
v -0.8827841 1.169255 0.7096359
v -0.9357915 1.169254 0.6422414
v -0.9476335 1.301506 0.6644813
v -0.8999782 1.301503 0.7280519
v -0.8721713 0.8244708 0.7951853
v -0.846991 0.9567186 0.7960492
v -0.843932 1.062987 0.7911594
v -0.8490253 1.169255 0.7884535
v -0.8703993 1.301502 0.8017924
v -0.8609164 0.8244689 0.8738344
v -0.8368177 0.9567187 0.8811861
v -0.8325973 1.062987 0.8772546
v -0.8368168 1.169254 0.8733231
v -0.8609151 1.301502 0.8806751
v -0.8704015 0.8244695 0.9527168
v -0.849025 0.9567184 0.9660555
v -0.8439319 1.062987 0.9633502
v -0.84699 1.169254 0.9584606
v -0.8721701 1.301502 0.9593242
v -0.8999778 0.8244709 1.026457
v -0.8827839 0.9567184 1.044874
v -0.877163 1.062987 1.043579
v -0.8788521 1.169255 1.038064
v -0.9033968 1.301502 1.032381
v -0.9476336 0.8244702 1.09003
v -0.9357912 0.9567196 1.112268
v -0.9300277 1.062987 1.112473
v -0.9302309 1.169254 1.106708
v -0.9524698 1.301504 1.094867
v -1.010118 0.8244706 1.139101
v -1.004435 0.9567195 1.163647
v -0.9989203 1.062987 1.165336
v -0.9976253 1.169255 1.159715
v -1.016042 1.301503 1.142521
v -1.083175 0.8244674 1.170327
v -1.084038 0.9567199 1.195509
v -1.079149 1.062987 1.198567
v -1.076443 1.169255 1.193474
v -1.089782 1.301502 1.1721
v -1.161824 0.8244706 1.181583
v -1.169176 0.9567199 1.205683
v -1.165244 1.062987 1.209902
v -1.161313 1.169254 1.205683
v -1.168664 1.301502 1.181585
v -1.240708 0.8244721 1.1721
v -1.169176 0.9567199 1.205683
v -1.161824 0.8244706 1.181583
v -1.254046 0.9567198 1.193474
v -1.25134 1.062987 1.198568
v -1.165244 1.062987 1.209902
v -1.24645 1.169254 1.19551
v -1.161313 1.169254 1.205683
v -1.168664 1.301502 1.181585
v -1.247314 1.301503 1.170329
v -1.314447 0.8244709 1.142521
v -1.332863 0.9567197 1.159716
v -1.331568 1.062987 1.165336
v -1.326053 1.169255 1.163647
v -1.320371 1.301505 1.139101
v -1.378018 0.8244687 1.094866
v -1.400258 0.9567201 1.106708
v -1.400462 1.062987 1.112471
v -1.394698 1.169256 1.112268
v -1.382856 1.301505 1.090028
v -1.427091 0.8244699 1.032381
v -1.451637 0.9567201 1.038064
v -1.453326 1.062987 1.043578
v -1.447705 1.169256 1.044872
v -1.43051 1.301504 1.026457
v -1.458319 0.8244722 0.9593244
v -1.483499 0.9567199 0.9584609
v -1.486557 1.062987 0.9633497
v -1.481463 1.169255 0.9660555
v -1.460088 1.301505 0.9527171
v -1.469574 0.8244725 0.8806754
v -1.493672 0.9567199 0.8733232
v -1.497891 1.062987 0.8772548
v -1.493672 1.169255 0.8811852
v -1.469572 1.301506 0.8738329
v -1.460089 0.8244721 0.8017932
v -1.481464 0.9567198 0.7884538
v -1.486557 1.062987 0.7911596
v -1.483498 1.169256 0.7960488
v -1.458317 1.301503 0.7951841
v -1.430512 0.8244722 0.7280532
v -1.447705 0.9567198 0.7096359
v -1.453326 1.062987 0.7109308
v -1.451637 1.169256 0.7164463
v -1.42709 1.301503 0.7221273
v -1.382856 0.8244714 0.66448
v -1.394697 0.95672 0.6422415
v -1.400461 1.062987 0.6420371
v -1.400257 1.169256 0.6478009
v -1.378017 1.301503 0.6596428
v -1.320371 0.8244704 0.6154094
v -1.326054 0.9567198 0.5908631
v -1.331568 1.062987 0.5891736
v -1.332862 1.169255 0.5947934
v -1.314445 1.301505 0.6119879
v -1.247315 0.8244714 0.5841812
v -1.24645 0.9567197 0.5590006
v -1.251339 1.062987 0.5559416
v -1.254045 1.169255 0.5610359
v -1.240705 1.301503 0.5824102
v -1.168665 0.8244723 0.5729256
v -1.161313 0.9567198 0.5488272
v -1.165244 1.062987 0.5446079
v -1.169174 1.169255 0.5488274
v -1.161822 1.301503 0.5729263
v -1.089783 0.8244676 0.5824122
v -1.076443 0.9567198 0.5610359
v -1.079148 1.062987 0.5559427
v -1.084037 1.169254 0.5590017
v -1.083173 1.301505 0.5841824
v -1.016043 0.824468 0.6119897
v -0.9976257 0.9567197 0.5947945
v -0.9989203 1.062987 0.5891746
v -1.004434 1.169254 0.5908639
v -1.010117 1.301504 0.6154099
v -1.242901 0.8847737 0.9924906
v -1.087589 0.8847737 0.7636941
v -1.284717 0.9018765 0.7978996
v -1.045773 0.9018765 0.9582852
v -1.039737 0.9589704 0.8968505
v -1.045773 0.9018765 0.9582852
v -1.061131 0.9662431 0.9786995
v -1.040071 0.9580475 0.8750946
v -1.036828 0.9698193 0.8550559
v -1.087589 0.8847737 0.7636941
v -1.064637 0.9662437 0.7739787
v -1.146487 0.9589715 0.7525843
v -1.168243 0.9580486 0.7529196
v -1.188281 0.9698203 0.7496754
v -1.284717 0.9018765 0.7978996
v -1.269358 0.9662436 0.7774855
v -1.290752 0.958971 0.8593352
v -1.290417 0.9580481 0.8810915
v -1.293661 0.9698199 0.90113
v -1.242901 0.8847737 0.9924906
v -1.265852 0.9662436 0.9822053
v -1.184001 0.958971 1.003601
v -1.162246 0.9580483 1.003265
v -1.142207 0.9698197 1.006509
v -1.165244 1.23597 0.8780928
v -1.118644 1.233625 0.9266022
v -1.140756 1.233625 0.9407427
v -1.166595 1.233625 0.9453452
v -1.192228 1.233625 0.9397091
v -1.213753 1.233625 0.9246925
v -1.227894 1.233625 0.9025818
v -1.232497 1.233625 0.8767426
v -1.226861 1.233625 0.851109
v -1.211844 1.233625 0.829583
v -1.189733 1.233625 0.8154422
v -1.163894 1.233625 0.8108399
v -1.13826 1.233625 0.8164756
v -1.116734 1.233625 0.8314921
v -1.102594 1.233625 0.853604
v -1.097991 1.233625 0.8794437
v -1.103628 1.233625 0.9050768
v -1.047084 1.180328 0.9893038
v -1.01352 1.180328 0.9356211
v -1.003053 1.180329 0.8731791
v -1.01728 1.180328 0.811485
v -1.054032 1.180328 0.7599323
v -1.107717 1.180328 0.7263674
v -1.170159 1.180328 0.7159019
v -1.231852 1.180328 0.7301286
v -1.098637 1.180328 1.026057
v -1.16033 1.180328 1.040283
v -1.222771 1.180328 1.029818
v -1.276455 1.180328 0.9962538
v -1.313208 1.180328 0.9447005
v -1.327434 1.180328 0.8830062
v -1.316969 1.180328 0.8205649
v -1.283405 1.180329 0.7668817
v -1.027315 1.051848 0.939743
v -1.074757 1.051848 0.9744814
v -1.061408 1.051848 0.9878333
v -1.044759 1.051848 0.9325162
v -1.017714 1.007859 0.9305999
v -1.033103 1.051848 0.8822673
v -1.010272 1.001587 0.8750767
v -1.024121 1.051848 0.8241552
v -1.014222 1.051848 0.8822673
v -1.041564 1.051848 0.8313807
v -1.047084 1.180328 0.9893038
v -1.027315 1.051848 0.939743
v -1.01352 1.180328 0.9356211
v -1.003053 1.180329 0.8731791
v -1.01728 1.180328 0.811485
v -1.014222 1.051848 0.8822673
v -1.014222 1.051848 0.8822673
v -1.044759 1.051848 0.9325162
v -1.027315 1.051848 0.939743
v -1.033103 1.051848 0.8822673
v -1.059471 1.0121 0.9947988
v -1.017714 1.007859 0.9305999
v -1.074757 1.051848 0.9744814
v -1.061408 1.051848 0.9878333
v -1.118533 1.051849 1.001773
v -1.111307 1.051848 1.019216
v -1.01352 1.180328 0.9356211
v -1.003053 1.180329 0.8731791
v -1.027315 1.051848 0.939743
v -1.098637 1.180328 1.026057
v -1.047084 1.180328 0.9893038
v -1.111307 1.051848 1.019216
v -1.055504 1.051848 0.7742558
v -1.041564 1.051848 0.8313807
v -1.024121 1.051848 0.8241552
v -1.068854 1.051848 0.7876062
v -1.01728 1.180328 0.811485
v -1.054032 1.180328 0.7599323
v -1.024121 1.051848 0.8241552
v -1.103594 1.051848 0.7401637
v -1.068854 1.051848 0.7876062
v -1.055504 1.051848 0.7742558
v -1.11082 1.051849 0.7576072
v -1.054032 1.180328 0.7599323
v -1.107717 1.180328 0.7263674
v -1.055504 1.051848 0.7742558
v -1.16107 1.051849 0.7270703
v -1.11082 1.051849 0.7576072
v -1.103594 1.051848 0.7401637
v -1.16107 1.051849 0.7459514
v -1.107717 1.180328 0.7263674
v -1.170159 1.180328 0.7159019
v -1.103594 1.051848 0.7401637
v -1.219182 1.051849 0.736969
v -1.16107 1.051849 0.7459514
v -1.16107 1.051849 0.7270703
v -1.211957 1.051849 0.7544131
v -1.170159 1.180328 0.7159019
v -1.231852 1.180328 0.7301286
v -1.16107 1.051849 0.7270703
v -1.269082 1.051849 0.7683523
v -1.211957 1.051849 0.7544131
v -1.219182 1.051849 0.736969
v -1.25573 1.051849 0.7817025
v -1.231852 1.180328 0.7301286
v -1.283405 1.180329 0.7668817
v -1.219182 1.051849 0.736969
v -1.303173 1.051849 0.8164437
v -1.25573 1.051849 0.7817025
v -1.269082 1.051849 0.7683523
v -1.28573 1.051849 0.823668
v -1.283405 1.180329 0.7668817
v -1.316969 1.180328 0.8205649
v -1.269082 1.051849 0.7683523
v -1.316266 1.051849 0.8739188
v -1.28573 1.051849 0.823668
v -1.303173 1.051849 0.8164437
v -1.297386 1.051849 0.8739188
v -1.316969 1.180328 0.8205649
v -1.327434 1.180328 0.8830062
v -1.303173 1.051849 0.8164437
v -1.306367 1.051849 0.9320301
v -1.297386 1.051849 0.8739188
v -1.316266 1.051849 0.8739188
v -1.288924 1.051849 0.924805
v -1.327434 1.180328 0.8830062
v -1.313208 1.180328 0.9447005
v -1.316266 1.051849 0.8739188
v -1.274984 1.051849 0.9819301
v -1.288924 1.051849 0.924805
v -1.306367 1.051849 0.9320301
v -1.261634 1.051849 0.9685784
v -1.313208 1.180328 0.9447005
v -1.276455 1.180328 0.9962538
v -1.306367 1.051849 0.9320301
v -1.226894 1.051849 1.016022
v -1.261634 1.051849 0.9685784
v -1.274984 1.051849 0.9819301
v -1.219669 1.051849 0.998578
v -1.276455 1.180328 0.9962538
v -1.222771 1.180328 1.029818
v -1.274984 1.051849 0.9819301
v -1.169418 1.051849 1.029114
v -1.219669 1.051849 0.998578
v -1.226894 1.051849 1.016022
v -1.169418 1.051849 1.010234
v -1.222771 1.180328 1.029818
v -1.16033 1.180328 1.040283
v -1.226894 1.051849 1.016022
v -1.111307 1.051848 1.019216
v -1.169418 1.051849 1.010234
v -1.169418 1.051849 1.029114
v -1.118533 1.051849 1.001773
v -1.16033 1.180328 1.040283
v -1.098637 1.180328 1.026057
v -1.169418 1.051849 1.029114
v -1.052943 1.031244 0.6827467
v -1.056433 1.055736 0.7646174
v -1.006429 1.031244 0.7184397
v -1.095427 1.077419 0.7563292
v -1.122103 1.055736 0.7267038
v -1.107112 1.031244 0.6603099
v -1.162538 1.055737 0.7206694
v -1.165243 1.031244 0.6526559
v -1.203157 1.055737 0.7253039
v -1.223373 1.031244 0.660309
v -1.241194 1.055736 0.7402937
v -1.277542 1.031244 0.6827458
v -1.274054 1.055737 0.764618
v -1.324059 1.031244 0.7184389
v -1.2995 1.055736 0.7966177
v -1.359752 1.031244 0.7649551
v -1.315796 1.055737 0.8341133
v -1.382189 1.031245 0.8191239
v -1.32183 1.055738 0.874548
v -1.389842 1.031245 0.8772539
v -1.317196 1.055737 0.9151691
v -1.382189 1.031245 0.9353849
v -1.302204 1.055737 0.9532046
v -1.359752 1.031244 0.9895542
v -1.277881 1.055737 0.9860643
v -1.324059 1.031244 1.03607
v -1.24588 1.055737 1.011509
v -1.277543 1.031244 1.071763
v -1.208385 1.055737 1.027805
v -1.223374 1.031244 1.094201
v -1.16795 1.055737 1.033841
v -1.165244 1.031244 1.101854
v -1.127331 1.055737 1.029206
v -1.107114 1.031244 1.094201
v -1.089294 1.055737 1.014215
v -1.052945 1.031244 1.071763
v -1.056434 1.055736 0.9898922
v -1.006429 1.031244 1.03607
v -1.03099 1.055737 0.957891
v -0.9707363 1.031244 0.9895541
v -1.014694 1.055737 0.9203957
v -0.9482983 1.031244 0.9353848
v -1.008659 1.055737 0.8799604
v -0.9406454 1.031244 0.8772547
v -1.013293 1.055737 0.8393413
v -0.9482984 1.031244 0.8191237
v -1.010113 1.040187 0.7876895
v -0.9707363 1.031244 0.7649556
v -1.048299 1.181398 0.8097367
v -1.055707 1.206506 0.7717496
v -0.9714623 1.234293 0.7653748
v -1.019103 1.206506 0.8351447
v -0.9491083 1.234293 0.8193417
v -1.013183 1.206506 0.8744037
v -0.9414844 1.234293 0.8772548
v -1.017627 1.206506 0.9138564
v -0.9491082 1.234293 0.9351677
v -1.032131 1.206506 0.9508156
v -0.9714622 1.234293 0.9891348
v -1.055705 1.206507 0.9827607
v -1.007022 1.234294 1.035477
v -1.086745 1.206507 1.007518
v -1.053364 1.234294 1.071037
v -1.123134 1.206507 1.023397
v -1.107331 1.234294 1.093391
v -1.162393 1.206507 1.029316
v -1.165244 1.234294 1.101015
v -1.201846 1.206507 1.024873
v -1.223157 1.234294 1.09339
v -1.238805 1.206507 1.010369
v -1.277124 1.234294 1.071037
v -1.270752 1.206507 0.9867941
v -1.323466 1.234294 1.035477
v -1.295506 1.206507 0.9557541
v -1.359026 1.234294 0.9891351
v -1.311384 1.206506 0.9193649
v -1.381379 1.234294 0.935168
v -1.317305 1.206507 0.8801051
v -1.389004 1.234294 0.8772541
v -1.31286 1.206506 0.8406531
v -1.381379 1.234294 0.8193409
v -1.298357 1.206506 0.8036939
v -1.359025 1.234294 0.7653739
v -1.274783 1.206507 0.7717479
v -1.323465 1.234294 0.7190319
v -1.243743 1.206506 0.7469933
v -1.277123 1.234294 0.6834728
v -1.207354 1.206507 0.7311132
v -1.223156 1.234294 0.6611187
v -1.168095 1.206507 0.7251943
v -1.165243 1.234294 0.6534949
v -1.128643 1.206506 0.7296394
v -1.107329 1.234294 0.6611199
v -1.077117 1.224526 0.7246152
v -1.053363 1.234294 0.683474
v -1.007022 1.234294 0.7190328
v -1.065991 0.8176466 0.7826127
v -1.101954 0.9708317 0.759765
v -1.073702 0.9708315 0.7801493
v -1.093868 0.8176454 0.7601483
v -1.068659 1.062987 0.7806692
v -1.096948 1.062987 0.7589617
v -1.068139 1.155142 0.7857123
v -1.09514 1.155142 0.7636994
v -1.099513 1.308331 0.7568869
v -1.070601 1.308331 0.7779995
v -1.132907 1.308331 0.7439755
v -1.126919 1.155142 0.7494237
v -1.129892 1.062987 0.7453162
v -1.134519 0.9708329 0.7473875
v -1.126609 0.8176425 0.7456632
v -1.168504 1.308331 0.7401475
v -1.16131 1.155142 0.7438598
v -1.165243 1.062987 0.740662
v -1.169178 0.9708328 0.7438599
v -1.161984 0.8176425 0.7401471
v -1.203878 1.308329 0.7456642
v -1.195969 1.155143 0.7473876
v -1.200597 1.062987 0.7453163
v -1.203569 0.9708327 0.7494235
v -1.197581 0.8176425 0.7439755
v -1.23662 1.308328 0.7601485
v -1.228535 1.155143 0.7597653
v -1.233541 1.062987 0.7589623
v -1.235348 0.9708326 0.7636985
v -1.230974 0.8176427 0.7568862
v -1.264498 1.308328 0.7826122
v -1.256786 1.155143 0.7801485
v -1.26183 1.062987 0.780669
v -1.26235 0.9708326 0.7857126
v -1.259889 0.8176425 0.7779996
v -1.285611 1.308328 0.8115255
v -1.2788 1.155143 0.8071512
v -1.283537 1.062987 0.8089581
v -1.282734 0.9708325 0.8139642
v -1.282353 0.8176427 0.8058773
v -1.298521 1.308327 0.8449194
v -1.293076 1.155142 0.8389304
v -1.297183 1.062987 0.841902
v -1.295112 0.9708325 0.8465295
v -1.296837 0.8176428 0.8386195
v -1.302349 1.308328 0.8805148
v -1.298638 1.155142 0.8733203
v -1.301837 1.062987 0.8772548
v -1.298639 0.9708327 0.8811886
v -1.302352 0.8176427 0.8739939
v -1.296834 1.308328 0.9158898
v -1.295112 1.155142 0.9079797
v -1.297183 1.062987 0.9126074
v -1.293076 0.9708324 0.9155796
v -1.298525 0.8176425 0.9095917
v -1.28235 1.308328 0.9486309
v -1.282734 1.155143 0.9405451
v -1.283537 1.062987 0.9455509
v -1.278801 0.9708325 0.9473588
v -1.285614 0.8176425 0.9429845
v -1.259886 1.308328 0.9765092
v -1.26235 1.155143 0.9687976
v -1.26183 1.062987 0.9738407
v -1.256787 0.9708324 0.9743606
v -1.2645 0.817643 0.9718991
v -1.230973 1.308328 0.9976219
v -1.235348 1.155143 0.9908113
v -1.23354 1.062987 0.9955479
v -1.228535 0.9708325 0.994745
v -1.236622 0.8176427 0.9943631
v -1.19758 1.308328 1.010532
v -1.203569 1.155142 1.005086
v -1.200597 1.062987 1.009194
v -1.19597 0.9708327 1.007122
v -1.20388 0.8176424 1.008847
v -1.161983 1.308331 1.014362
v -1.169178 1.155142 1.01065
v -1.165244 1.062987 1.013848
v -1.161311 0.9708328 1.01065
v -1.168505 0.8176425 1.014363
v -1.126608 1.308332 1.008847
v -1.134519 1.155141 1.007122
v -1.129892 1.062987 1.009194
v -1.12692 0.9708328 1.005086
v -1.132909 0.8176438 1.010534
v -1.093867 1.308331 0.994363
v -1.101954 1.155142 0.994745
v -1.096948 1.062987 0.9955479
v -1.09514 0.9708318 0.9908112
v -1.099516 0.8176465 0.9976217
v -1.065989 1.308332 0.9718987
v -1.073702 1.155142 0.9743604
v -1.068659 1.062987 0.9738408
v -1.068139 0.9708316 0.9687976
v -1.070602 0.8176465 0.9765086
v -1.044874 1.308332 0.9429846
v -1.051688 1.155142 0.9473587
v -1.046951 1.062987 0.9455507
v -1.047754 0.9708316 0.9405457
v -1.048139 0.8176465 0.9486315
v -1.031964 1.308331 0.909591
v -1.037413 1.155142 0.9155796
v -1.033306 1.062987 0.9126073
v -1.035377 0.9708318 0.9079807
v -1.033656 0.8176467 0.9158897
v -1.028137 1.308331 0.8739938
v -1.031849 1.155142 0.8811881
v -1.028651 1.062987 0.8772547
v -1.03185 0.9708318 0.8733212
v -1.02814 0.8176467 0.8805156
v -1.033652 1.308331 0.8386189
v -1.035377 1.155142 0.8465298
v -1.033306 1.062987 0.841902
v -1.037413 0.9708319 0.8389298
v -1.031968 0.8176467 0.8449197
v -1.048136 1.308331 0.8058777
v -1.047755 1.155142 0.8139641
v -1.046952 1.062987 0.8089592
v -1.051688 0.9708318 0.807151
v -1.044878 0.8176464 0.8115264
v -0.9583556 1.348576 0.7569069
v -1.070601 1.308331 0.7779995
v -0.9965543 1.348576 0.7074617
v -1.048136 1.308331 0.8058777
v -0.9476335 1.301506 0.6644813
v -0.8999782 1.301503 0.7280519
v -0.9965543 1.348576 0.7074617
v -0.9342535 1.348575 0.814553
v -1.048136 1.308331 0.8058777
v -0.9583556 1.348576 0.7569069
v -1.033652 1.308331 0.8386189
v -0.8999782 1.301503 0.7280519
v -0.8703993 1.301502 0.8017924
v -0.9583556 1.348576 0.7569069
v -0.925895 1.348575 0.8764747
v -1.033652 1.308331 0.8386189
v -0.9342535 1.348575 0.814553
v -1.028137 1.308331 0.8739938
v -0.8703993 1.301502 0.8017924
v -0.8609151 1.301502 0.8806751
v -0.9342535 1.348575 0.814553
v -0.9338495 1.348575 0.9384487
v -1.028137 1.308331 0.8739938
v -0.925895 1.348575 0.8764747
v -1.031964 1.308331 0.909591
v -0.8609151 1.301502 0.8806751
v -0.8721701 1.301502 0.9593242
v -0.925895 1.348575 0.8764747
v -0.9575721 1.348575 0.9962537
v -1.031964 1.308331 0.909591
v -0.9338495 1.348575 0.9384487
v -1.044874 1.308332 0.9429846
v -0.8721701 1.301502 0.9593242
v -0.9033968 1.301502 1.032381
v -0.9338495 1.348575 0.9384487
v -0.9954476 1.348575 1.045948
v -1.044874 1.308332 0.9429846
v -0.9575721 1.348575 0.9962537
v -1.065989 1.308332 0.9718987
v -0.9033968 1.301502 1.032381
v -0.9524698 1.301504 1.094867
v -0.9575721 1.348575 0.9962537
v -1.044896 1.348575 1.084145
v -1.065989 1.308332 0.9718987
v -0.9954476 1.348575 1.045948
v -1.093867 1.308331 0.994363
v -0.9524698 1.301504 1.094867
v -1.016042 1.301503 1.142521
v -0.9954476 1.348575 1.045948
v -1.102542 1.348575 1.108247
v -1.093867 1.308331 0.994363
v -1.044896 1.348575 1.084145
v -1.126608 1.308332 1.008847
v -1.016042 1.301503 1.142521
v -1.089782 1.301502 1.1721
v -1.044896 1.348575 1.084145
v -1.164464 1.348575 1.116605
v -1.126608 1.308332 1.008847
v -1.102542 1.348575 1.108247
v -1.161983 1.308331 1.014362
v -1.089782 1.301502 1.1721
v -1.168664 1.301502 1.181585
v -1.102542 1.348575 1.108247
v -1.226438 1.348576 1.108649
v -1.161983 1.308331 1.014362
v -1.164464 1.348575 1.116605
v -1.19758 1.308328 1.010532
v -1.168664 1.301502 1.181585
v -1.247314 1.301503 1.170329
v -1.164464 1.348575 1.116605
v -1.284241 1.348577 1.084922
v -1.19758 1.308328 1.010532
v -1.226438 1.348576 1.108649
v -1.230973 1.308328 0.9976219
v -1.247314 1.301503 1.170329
v -1.320371 1.301505 1.139101
v -1.226438 1.348576 1.108649
v -1.333933 1.348577 1.047046
v -1.230973 1.308328 0.9976219
v -1.284241 1.348577 1.084922
v -1.259886 1.308328 0.9765092
v -1.320371 1.301505 1.139101
v -1.382856 1.301505 1.090028
v -1.284241 1.348577 1.084922
v -1.37213 1.348577 0.9976005
v -1.259886 1.308328 0.9765092
v -1.333933 1.348577 1.047046
v -1.28235 1.308328 0.9486309
v -1.382856 1.301505 1.090028
v -1.43051 1.301504 1.026457
v -1.333933 1.348577 1.047046
v -1.396231 1.348577 0.9399543
v -1.28235 1.308328 0.9486309
v -1.37213 1.348577 0.9976005
v -1.296834 1.308328 0.9158898
v -1.43051 1.301504 1.026457
v -1.460088 1.301505 0.9527171
v -1.37213 1.348577 0.9976005
v -1.404585 1.348577 0.8780338
v -1.296834 1.308328 0.9158898
v -1.396231 1.348577 0.9399543
v -1.302349 1.308328 0.8805148
v -1.460088 1.301505 0.9527171
v -1.469572 1.301506 0.8738329
v -1.396231 1.348577 0.9399543
v -1.396632 1.348577 0.8160611
v -1.302349 1.308328 0.8805148
v -1.404585 1.348577 0.8780338
v -1.298521 1.308327 0.8449194
v -1.469572 1.301506 0.8738329
v -1.458317 1.301503 0.7951841
v -1.404585 1.348577 0.8780338
v -1.37291 1.348577 0.7582571
v -1.298521 1.308327 0.8449194
v -1.396632 1.348577 0.8160611
v -1.285611 1.308328 0.8115255
v -1.458317 1.301503 0.7951841
v -1.42709 1.301503 0.7221273
v -1.396632 1.348577 0.8160611
v -1.335037 1.348577 0.7085633
v -1.285611 1.308328 0.8115255
v -1.37291 1.348577 0.7582571
v -1.264498 1.308328 0.7826122
v -1.42709 1.301503 0.7221273
v -1.378017 1.301503 0.6596428
v -1.37291 1.348577 0.7582571
v -1.285589 1.348577 0.6703674
v -1.264498 1.308328 0.7826122
v -1.335037 1.348577 0.7085633
v -1.23662 1.308328 0.7601485
v -1.378017 1.301503 0.6596428
v -1.314445 1.301505 0.6119879
v -1.335037 1.348577 0.7085633
v -1.227942 1.348577 0.6462686
v -1.23662 1.308328 0.7601485
v -1.285589 1.348577 0.6703674
v -1.203878 1.308329 0.7456642
v -1.314445 1.301505 0.6119879
v -1.240705 1.301503 0.5824102
v -1.285589 1.348577 0.6703674
v -1.166021 1.348575 0.637907
v -1.203878 1.308329 0.7456642
v -1.227942 1.348577 0.6462686
v -1.168504 1.308331 0.7401475
v -1.240705 1.301503 0.5824102
v -1.161822 1.301503 0.5729263
v -1.227942 1.348577 0.6462686
v -1.104049 1.348576 0.645864
v -1.168504 1.308331 0.7401475
v -1.166021 1.348575 0.637907
v -1.132907 1.308331 0.7439755
v -1.161822 1.301503 0.5729263
v -1.083173 1.301505 0.5841824
v -1.166021 1.348575 0.637907
v -1.046246 1.348576 0.669586
v -1.132907 1.308331 0.7439755
v -1.104049 1.348576 0.645864
v -1.099513 1.308331 0.7568869
v -1.083173 1.301505 0.5841824
v -1.010117 1.301504 0.6154099
v -1.104049 1.348576 0.645864
v -0.9965543 1.348576 0.7074617
v -1.099513 1.308331 0.7568869
v -1.046246 1.348576 0.669586
v -1.070601 1.308331 0.7779995
v -1.010117 1.301504 0.6154099
v -0.9965543 1.348576 0.7074617
v -0.9476335 1.301506 0.6644813
v -1.041564 1.051848 0.8313807
v -1.010272 1.001587 0.8750767
v -1.033103 1.051848 0.8822673
v -1.020973 1.002542 0.8205891
v -1.068854 1.051848 0.7876062
v -1.020973 1.002542 0.8205891
v -1.041564 1.051848 0.8313807
v -1.048537 1.0121 0.7723195
v -1.11082 1.051849 0.7576072
v -1.048537 1.0121 0.7723195
v -1.068854 1.051848 0.7876062
v -1.109902 1.028648 0.7289243
v -1.16107 1.051849 0.7459514
v -1.109902 1.028648 0.7289243
v -1.11082 1.051849 0.7576072
v -1.171199 1.028648 0.7191001
v -1.211957 1.051849 0.7544131
v -1.171199 1.028648 0.7191001
v -1.16107 1.051849 0.7459514
v -1.231589 1.028648 0.7334813
v -1.25573 1.051849 0.7817025
v -1.231589 1.028648 0.7334813
v -1.211957 1.051849 0.7544131
v -1.271017 1.012101 0.7613853
v -1.28573 1.051849 0.823668
v -1.271017 1.012101 0.7613853
v -1.25573 1.051849 0.7817025
v -1.312775 1.00786 0.8255853
v -1.297386 1.051849 0.8739188
v -1.312775 1.00786 0.8255853
v -1.28573 1.051849 0.823668
v -1.320217 1.001589 0.8811095
v -1.288924 1.051849 0.924805
v -1.320217 1.001589 0.8811095
v -1.297386 1.051849 0.8739188
v -1.309516 1.002544 0.9355963
v -1.261634 1.051849 0.9685784
v -1.309516 1.002544 0.9355963
v -1.288924 1.051849 0.924805
v -1.273461 1.028648 0.9947265
v -1.219669 1.051849 0.998578
v -1.273461 1.028648 0.9947265
v -1.261634 1.051849 0.9685784
v -1.220586 1.028648 1.027262
v -1.169418 1.051849 1.010234
v -1.220586 1.028648 1.027262
v -1.219669 1.051849 0.998578
v -1.159291 1.028648 1.037085
v -1.118533 1.051849 1.001773
v -1.159291 1.028648 1.037085
v -1.169418 1.051849 1.010234
v -1.098899 1.028648 1.022705
v -1.074757 1.051848 0.9744814
v -1.098899 1.028648 1.022705
v -1.118533 1.051849 1.001773
v -1.059471 1.0121 0.9947988
v -1.017714 1.007859 0.9305999
v -1.061131 0.9662431 0.9786995
v -1.059471 1.0121 0.9947988
v -1.039737 0.9589704 0.8968505
v -1.010272 1.001587 0.8750767
v -1.040071 0.9580475 0.8750946
v -1.020973 1.002542 0.8205891
v -1.036828 0.9698193 0.8550559
v -1.048537 1.0121 0.7723195
v -1.064637 0.9662437 0.7739787
v -1.117076 0.9879014 0.7369094
v -1.146487 0.9589715 0.7525843
v -1.165067 0.9772439 0.7350282
v -1.168243 0.9580486 0.7529196
v -1.210934 0.9787813 0.7417538
v -1.188281 0.9698203 0.7496754
v -1.271017 1.012101 0.7613853
v -1.269358 0.9662436 0.7774855
v -1.312775 1.00786 0.8255853
v -1.290752 0.958971 0.8593352
v -1.320217 1.001589 0.8811095
v -1.290417 0.9580481 0.8810915
v -1.309516 1.002544 0.9355963
v -1.293661 0.9698199 0.90113
v -1.286745 0.9953817 0.968563
v -1.265852 0.9662436 0.9822053
v -1.213413 0.9879005 1.019276
v -1.184001 0.958971 1.003601
v -1.165421 0.9772437 1.021157
v -1.162246 0.9580483 1.003265
v -1.119555 0.9787803 1.014432
v -1.142207 0.9698197 1.006509
v -1.044878 0.8176464 0.8115264
v -0.9954522 0.7773972 0.7085655
v -1.065991 0.8176466 0.7826127
v -0.9575768 0.7773974 0.758258
v -0.903398 0.8244708 0.7221291
v -0.9575768 0.7773974 0.758258
v -0.952471 0.8244694 0.6596435
v -0.9575768 0.7773974 0.758258
v -1.031968 0.8176467 0.8449197
v -0.9338564 0.777397 0.8160621
v -1.044878 0.8176464 0.8115264
v -0.8721713 0.8244708 0.7951853
v -0.9575768 0.7773974 0.758258
v -0.903398 0.8244708 0.7221291
v -0.9338564 0.777397 0.8160621
v -1.02814 0.8176467 0.8805156
v -0.925904 0.7773967 0.8780346
v -1.031968 0.8176467 0.8449197
v -0.8609164 0.8244689 0.8738344
v -0.9338564 0.777397 0.8160621
v -0.8721713 0.8244708 0.7951853
v -0.925904 0.7773967 0.8780346
v -1.033656 0.8176467 0.9158897
v -0.9342586 0.7773973 0.9399543
v -1.02814 0.8176467 0.8805156
v -0.8704015 0.8244695 0.9527168
v -0.925904 0.7773967 0.8780346
v -0.8609164 0.8244689 0.8738344
v -0.9342586 0.7773973 0.9399543
v -1.048139 0.8176465 0.9486315
v -0.9583569 0.7773973 0.9976023
v -1.033656 0.8176467 0.9158897
v -0.8999778 0.8244709 1.026457
v -0.9342586 0.7773973 0.9399543
v -0.8704015 0.8244695 0.9527168
v -0.9583569 0.7773973 0.9976023
v -1.070602 0.8176465 0.9765086
v -0.996555 0.7773971 1.047047
v -1.048139 0.8176465 0.9486315
v -0.9476336 0.8244702 1.09003
v -0.9583569 0.7773973 0.9976023
v -0.8999778 0.8244709 1.026457
v -0.996555 0.7773971 1.047047
v -1.099516 0.8176465 0.9976217
v -1.046248 0.7773973 1.084922
v -1.070602 0.8176465 0.9765086
v -1.010118 0.8244706 1.139101
v -0.996555 0.7773971 1.047047
v -0.9476336 0.8244702 1.09003
v -1.046248 0.7773973 1.084922
v -1.132909 0.8176438 1.010534
v -1.104052 0.7773986 1.108647
v -1.099516 0.8176465 0.9976217
v -1.083175 0.8244674 1.170327
v -1.046248 0.7773973 1.084922
v -1.010118 0.8244706 1.139101
v -1.104052 0.7773986 1.108647
v -1.168505 0.8176425 1.014363
v -1.166024 0.7773994 1.116604
v -1.132909 0.8176438 1.010534
v -1.161824 0.8244706 1.181583
v -1.104052 0.7773986 1.108647
v -1.083175 0.8244674 1.170327
v -1.166024 0.7773994 1.116604
v -1.20388 0.8176424 1.008847
v -1.227946 0.7773991 1.108246
v -1.168505 0.8176425 1.014363
v -1.240708 0.8244721 1.1721
v -1.166024 0.7773994 1.116604
v -1.161824 0.8244706 1.181583
v -1.227946 0.7773991 1.108246
v -1.236622 0.8176427 0.9943631
v -1.285592 0.7773986 1.084144
v -1.20388 0.8176424 1.008847
v -1.314447 0.8244709 1.142521
v -1.227946 0.7773991 1.108246
v -1.240708 0.8244721 1.1721
v -1.285592 0.7773986 1.084144
v -1.2645 0.817643 0.9718991
v -1.335037 0.7773984 1.045945
v -1.236622 0.8176427 0.9943631
v -1.378018 0.8244687 1.094866
v -1.285592 0.7773986 1.084144
v -1.314447 0.8244709 1.142521
v -1.335037 0.7773984 1.045945
v -1.285614 0.8176425 0.9429845
v -1.372916 0.7773991 0.9962536
v -1.2645 0.817643 0.9718991
v -1.427091 0.8244699 1.032381
v -1.335037 0.7773984 1.045945
v -1.378018 0.8244687 1.094866
v -1.372916 0.7773991 0.9962536
v -1.298525 0.8176425 0.9095917
v -1.39664 0.7773993 0.93845
v -1.285614 0.8176425 0.9429845
v -1.458319 0.8244722 0.9593244
v -1.372916 0.7773991 0.9962536
v -1.427091 0.8244699 1.032381
v -1.39664 0.7773993 0.93845
v -1.302352 0.8176427 0.8739939
v -1.404593 0.7773993 0.8764749
v -1.298525 0.8176425 0.9095917
v -1.469574 0.8244725 0.8806754
v -1.39664 0.7773993 0.93845
v -1.458319 0.8244722 0.9593244
v -1.404593 0.7773993 0.8764749
v -1.296837 0.8176428 0.8386195
v -1.396235 0.7773991 0.8145544
v -1.302352 0.8176427 0.8739939
v -1.460089 0.8244721 0.8017932
v -1.404593 0.7773993 0.8764749
v -1.469574 0.8244725 0.8806754
v -1.396235 0.7773991 0.8145544
v -1.282353 0.8176427 0.8058773
v -1.372137 0.7773992 0.7569053
v -1.296837 0.8176428 0.8386195
v -1.430512 0.8244722 0.7280532
v -1.396235 0.7773991 0.8145544
v -1.460089 0.8244721 0.8017932
v -1.372137 0.7773992 0.7569053
v -1.259889 0.8176425 0.7779996
v -1.333937 0.7773989 0.7074602
v -1.282353 0.8176427 0.8058773
v -1.382856 0.8244714 0.66448
v -1.372137 0.7773992 0.7569053
v -1.430512 0.8244722 0.7280532
v -1.333937 0.7773989 0.7074602
v -1.230974 0.8176427 0.7568862
v -1.284243 0.777399 0.6695849
v -1.259889 0.8176425 0.7779996
v -1.320371 0.8244704 0.6154094
v -1.333937 0.7773989 0.7074602
v -1.382856 0.8244714 0.66448
v -1.284243 0.777399 0.6695849
v -1.197581 0.8176425 0.7439755
v -1.226439 0.7773993 0.6458595
v -1.230974 0.8176427 0.7568862
v -1.247315 0.8244714 0.5841812
v -1.284243 0.777399 0.6695849
v -1.320371 0.8244704 0.6154094
v -1.226439 0.7773993 0.6458595
v -1.161984 0.8176425 0.7401471
v -1.164465 0.777399 0.6379073
v -1.197581 0.8176425 0.7439755
v -1.168665 0.8244723 0.5729256
v -1.226439 0.7773993 0.6458595
v -1.247315 0.8244714 0.5841812
v -1.164465 0.777399 0.6379073
v -1.126609 0.8176425 0.7456632
v -1.102546 0.777398 0.6462688
v -1.161984 0.8176425 0.7401471
v -1.089783 0.8244676 0.5824122
v -1.164465 0.777399 0.6379073
v -1.168665 0.8244723 0.5729256
v -1.102546 0.777398 0.6462688
v -1.093868 0.8176454 0.7601483
v -1.0449 0.7773969 0.6703689
v -1.126609 0.8176425 0.7456632
v -1.016043 0.824468 0.6119897
v -1.102546 0.777398 0.6462688
v -1.089783 0.8244676 0.5824122
v -1.065991 0.8176466 0.7826127
v -1.0449 0.7773969 0.6703689
v -1.093868 0.8176454 0.7601483
v -0.9954522 0.7773972 0.7085655
v -1.0449 0.7773969 0.6703689
v -0.952471 0.8244694 0.6596435
v -1.016043 0.824468 0.6119897
v -1.262831 1.073358 0.7976018
v -1.320648 1.07316 0.6579312
v -1.320648 1.07316 0.6579312
v -1.236741 1.073517 0.7852607
v -1.002581 1.107746 0.7504837
v -1.056306 1.088061 0.8325754
v -1.024235 1.105938 0.9328142
v -0.9365255 1.124457 1.007742
v -1.087929 1.067413 0.6276581
v -1.118818 1.065217 0.7627328
v -1.04434 1.086431 0.6281455
v -1.152779 1.079553 0.7514334
v -1.118818 1.065217 0.7627328
v -1.17128 1.113035 0.623924
v -1.087929 1.067413 0.6276581
v -1.186185 1.119437 0.7439398
v -1.152779 1.079553 0.7514334

vn 0.5617212 -0.5583395 -0.610513
vn 0.03740381 -0.953889 -0.2978207
vn -0.6133937 -0.7887383 0.04049906
vn 0.320697 -0.5518104 -0.7698435
vn 0.03740381 -0.953889 -0.2978207
vn 0.3150363 -0.5564879 -0.7688131
vn 0.1085701 -0.7268729 0.678136
vn 0.3150363 -0.5564879 -0.7688131
vn 0.4280033 -0.5923284 0.682613
vn 0.5031658 -0.0735414 -0.8610552
vn 0.4280033 -0.5923284 0.682613
vn -0.2361536 0.2596472 0.9363841
vn -0.7113011 0.3881235 0.5860129
vn -0.535632 -0.2143785 0.8167866
vn 0.6868564 -0.2648984 0.6767992
vn 0.3918899 0.6653411 -0.6354082
vn 0.320697 -0.5518104 -0.7698435
vn -0.2586663 0.8743535 -0.4106068
vn -0.5352687 -0.2325048 0.8120524
vn -0.5144849 0.4579318 0.7249855
vn -0.2263065 0.5926667 0.7730018
vn -0.2642049 0.8449016 0.4651208
vn 0.05096872 0.9901928 0.1300789
vn 0.03394772 0.9083707 0.4167858
vn -0.628042 0.7703948 -0.1097959
vn -0.2127471 0.8505119 -0.4810077
vn -0.2642049 0.8449016 0.4651208
vn 0.06393103 0.9639258 0.25838
vn -0.3984734 -0.7125516 -0.5774853
vn -0.628042 0.7703948 -0.1097959
vn -0.1388936 -0.3346637 -0.9320456
vn -0.1397732 -0.9244496 0.3547631
vn -0.1388936 -0.3346637 -0.9320456
vn -0.6388525 -0.7438161 0.1964824
vn 0.1520668 0.1578421 0.9756853
vn -0.3087738 -0.3021612 0.9018634
vn -0.2458995 -0.8136209 0.5268345
vn 0.1520668 0.1578421 0.9756853
vn -0.5562441 -0.578886 0.5962246
vn 0.715985 0.3805516 0.5852743
vn -0.5562441 -0.578886 0.5962246
vn 0.6868564 -0.2648984 0.6767992
vn -0.535632 -0.2143785 0.8167866
vn -0.7853235 0.1665865 -0.5962517
vn -0.3463075 -0.009279083 -0.9380753
vn -0.3141058 -0.6834849 -0.6589282
vn 0.5031658 -0.0735414 -0.8610552
vn 0.4280033 -0.5923284 0.682613
vn 0.6883133 0.2517797 -0.6803175
vn -0.7853235 0.1665865 -0.5962517
vn 0.6883133 0.2517797 -0.6803175
vn -0.5536939 0.5835169 -0.5940802
vn -0.7113011 0.3881235 0.5860129
vn -0.5536939 0.5835169 -0.5940802
vn -0.2586663 0.8743535 -0.4106068
vn 0.5031658 -0.0735414 -0.8610552
vn 0.3150363 -0.5564879 -0.7688131
vn -0.7113011 0.3881235 0.5860129
vn -0.2361536 0.2596472 0.9363841
vn 0.1085701 -0.7268729 0.678136
vn -0.2263065 0.5926667 0.7730018
vn -0.5352687 -0.2325048 0.8120524
vn -0.2361536 0.2596472 0.9363841
vn 0.3918899 0.6653411 -0.6354082
vn -0.2263065 0.5926667 0.7730018
vn 0.6969983 0.7125425 0.08047781
vn -0.5144849 0.4579318 0.7249855
vn 0.3491186 0.9051298 0.2426035
vn 0.06393103 0.9639258 0.25838
vn 0.1520668 0.1578421 0.9756853
vn -0.2127471 0.8505119 -0.4810077
vn 0.715985 0.3805516 0.5852743
vn 0.5567289 0.5779705 -0.5966601
vn 0.1520668 0.1578421 0.9756853
vn 0.715985 0.3805516 0.5852743
vn 0.6883133 0.2517797 -0.6803175
vn 0.6868564 -0.2648984 0.6767992
vn 0.6883133 0.2517797 -0.6803175
vn -0.3463075 -0.009279083 -0.9380753
vn -0.7853235 0.1665865 -0.5962517
vn -0.3463075 -0.009279083 -0.9380753
vn -2.123598E-08 0.2554823 -0.9668139
vn -0.3141058 -0.6834849 -0.6589282
vn -2.123598E-08 0.2554823 -0.9668139
vn -0.1388936 -0.3346637 -0.9320456
vn -0.2127471 0.8505119 -0.4810077
vn -0.6133937 -0.7887383 0.04049906
vn 0.6879952 -0.6218328 -0.3741479
vn 0.5617212 -0.5583395 -0.610513
vn -0.8219038 -0.5558236 -0.1246371
vn 0.6879952 -0.6218328 -0.3741479
vn -4.119203E-08 -0.8331705 -0.5530164
vn -4.119579E-08 -0.8329237 -0.5533882
vn 0.7077354 -0.5363134 -0.4598682
vn -0.7077354 -0.5164282 -0.4820921
vn -4.119579E-08 -0.8329237 -0.5533882
vn -0.7073582 0.5514508 0.4422065
vn -0.7087965 -0.4207435 -0.5662001
vn -0.584732 0.6152108 0.5287762
vn 0.8002806 0.4887068 0.3474431
vn 1 -2.965882E-08 -2.980232E-08
vn 0.4523568 0.7879266 0.4177862
vn 0.8002806 0.4887068 0.3474431
vn 0.7073581 0.5394598 0.4567578
vn 0.7073581 0.5394598 0.4567578
vn -0.7977089 0.4930644 0.3472003
vn 0.7096361 -0.4421084 -0.5485954
vn -0.7077354 -0.5164282 -0.4820921
vn -0.7087965 -0.4207435 -0.5662001
vn 0.7077354 -0.5363134 -0.4598682
vn -0.584732 0.6152108 0.5287762
vn -0.996805 0.06939597 -0.03954991
vn -0.8864341 0.3458186 0.3076429
vn -0.996805 0.06939597 -0.03954991
vn -0.9941455 -0.1080496 6.826939E-08
vn -0.580963 -0.4739659 -0.6616936
vn 0.7073581 0.5394598 0.4567578
vn 0.7077354 -0.5363134 -0.4598682
vn 0.8118437 0.4706432 0.3455501
vn 0.8118437 0.4706432 0.3455501
vn -0.7073582 0.5514508 0.4422065
vn -0.7977089 0.4930644 0.3472003
vn -0.9997969 3.68593E-08 0.02015087
vn -0.8219038 -0.5558236 -0.1246371
vn -0.7977089 0.4930644 0.3472003
vn -0.7839311 0.3888703 0.4839752
vn 0.4523568 0.7879266 0.4177862
vn 0.8002806 0.4887068 0.3474431
vn 0.6986387 0.5037087 0.5081157
vn -0.584732 0.6152108 0.5287762
vn -0.5144849 0.4579318 0.7249855
vn -0.7839311 0.3888703 0.4839752
vn 0.6969983 0.7125425 0.08047781
vn -0.7087965 -0.4207435 -0.5662001
vn -4.117726E-08 -0.5475299 -0.8367863
vn 0.7096361 -0.4421084 -0.5485954
vn -4.117726E-08 -0.5475299 -0.8367863
vn -4.117726E-08 -0.5475299 -0.8367863
vn -0.580963 -0.4739659 -0.6616936
vn 0.808062 -0.3677715 -0.4601957
vn -4.156372E-08 -0.5903203 -0.8071692
vn -0.5158676 -0.8052757 -0.2922532
vn 0.808062 -0.3677715 -0.4601957
vn -0.580963 -0.4739659 -0.6616936
vn -0.6532287 -0.7399859 0.1603531
vn -0.9941455 -0.1080496 6.826939E-08
vn 0.9941407 -0.1080937 9.029614E-09
vn 0.9968044 0.06940373 -0.03954982
vn 0.6986387 0.5037087 0.5081157
vn 0.9968044 0.06940373 -0.03954982
vn 0.8118437 0.4706432 0.3455501
vn 0.4472136 -0.8681545 0.2151932
vn 0.8386549 -0.5348475 0.102938
vn -0.5158676 -0.8052757 -0.2922532
vn 1.26366E-08 -0.4640362 0.8858163
vn 0.2882856 0.1669915 0.9428708
vn 1.26366E-08 -0.4640362 0.8858163
vn -0.5158402 0.1494021 0.8435569
vn 1.322818E-08 -0.4508875 0.8925808
vn 1.26366E-08 -0.4640362 0.8858163
vn 1.322818E-08 -0.4508875 0.8925808
vn -0.7088001 -0.2799289 0.6474892
vn 1.322818E-08 -0.4508875 0.8925808
vn 0.7096391 -0.2540178 0.6571814
vn 0.996646 -0.06513849 -0.04953323
vn 0.8118395 0.06393347 -0.5803698
vn 0.6917936 0.1915792 -0.6962178
vn 0.9999269 0.01209201 -3.412459E-08
vn 0.996646 -0.06513849 -0.04953323
vn 1 -2.965882E-08 -2.980232E-08
vn -0.7071068 0.4903614 0.5094563
vn 0.2882856 0.1669915 0.9428708
vn 0.8944272 0.3101318 0.3222085
vn -1 2.965882E-08 2.980232E-08
vn -0.999927 0.01208288 2.547898E-08
vn -0.5158402 0.1494021 0.8435569
vn 0.7096391 -0.2540178 0.6571814
vn -0.7077351 -0.1592922 0.6882858
vn -0.7088001 -0.2799289 0.6474892
vn 0.7077351 -0.1301109 0.6943936
vn -0.5847288 0.1503261 -0.797179
vn -0.9966456 -0.06514551 -0.04953327
vn -0.8792648 0.09942011 -0.4658424
vn -0.9966456 -0.06514551 -0.04953327
vn -0.999927 0.01208288 2.547898E-08
vn -1 2.965882E-08 2.980232E-08
vn 0.7073581 0.125842 -0.6955634
vn 0.7077351 -0.1301109 0.6943936
vn 0.8118395 0.06393347 -0.5803698
vn 0.8118395 0.06393347 -0.5803698
vn -0.7073581 0.1072481 -0.698672
vn -0.7993577 0.05727794 -0.5981191
vn -0.448314 -0.04846177 0.8925616
vn -0.813486 0.1724885 0.5554172
vn -0.7993577 0.05727794 -0.5981191
vn -0.7952244 0.2358161 -0.5585775
vn 0.5589886 -0.1240281 -0.8198469
vn 0.8002808 0.05654795 -0.5969532
vn 0.6917936 0.1915792 -0.6962178
vn -0.5847288 0.1503261 -0.797179
vn -0.5194684 0.4039612 -0.7529728
vn -0.7952244 0.2358161 -0.5585775
vn 0.1109985 -0.09406182 -0.9893593
vn 0.7077351 -0.1301109 0.6943936
vn -0.448314 -0.04846177 0.8925616
vn -0.7077351 -0.1592922 0.6882858
vn 0.7080119 -0.05048436 0.7043937
vn 0.7211103 -0.1004912 0.6854937
vn 0.7080119 -0.05048436 0.7043937
vn -0.813486 0.1724885 0.5554172
vn 0.8002808 0.05654795 -0.5969532
vn 0.7073581 0.125842 -0.6955634
vn -0.6036979 0.42246 0.6760744
vn 0.7211103 -0.1004912 0.6854937
vn -0.0155878 0.1305708 0.9913165
vn 0.8002808 0.05654795 -0.5969532
vn 0.5589886 -0.1240281 -0.8198469
vn -0.7073581 0.1072481 -0.698672
vn -0.7088001 -0.2799289 0.6474892
vn -0.5847288 0.1503261 -0.797179
vn 0.7073581 0.125842 -0.6955634
vn -0.7993577 0.05727794 -0.5981191
vn -0.7952244 0.2358161 -0.5585775
vn -0.813486 0.1724885 0.5554172
vn -0.5194684 0.4039612 -0.7529728
vn -0.2898219 0.671665 0.6818134
vn 0.315062 -0.3875319 0.8663459
vn 0.3588006 0.2416456 0.9015929
vn 0.3207242 -0.3908276 0.8627803
vn 0.315062 -0.3875319 0.8663459
vn 0.4279929 0.8873295 0.1716647
vn 0.5031741 -0.7089174 0.4942188
vn -0.0155878 0.1305708 0.9913165
vn -0.2898219 0.671665 0.6818134
vn -0.6036979 0.42246 0.6760744
vn -0.5194684 0.4039612 -0.7529728
vn -0.2269605 0.3661229 -0.902465
vn -0.5356309 0.8145534 -0.2227166
vn 0.6868497 0.7185814 -0.1089879
vn -0.7113104 0.3134401 -0.6291206
vn 0.4279929 0.8873295 0.1716647
vn -0.2361718 0.6811111 -0.6930445
vn -0.1044255 0.9647425 -0.2415941
vn 0.5031741 -0.7089174 0.4942188
vn 0.6868497 0.7185814 -0.1089879
vn 0.4279929 0.8873295 0.1716647
vn 0.6883087 -0.7150674 0.1221056
vn -0.7853225 -0.599663 0.1538603
vn 0.6883087 -0.7150674 0.1221056
vn -0.5536867 -0.8062501 -0.2083076
vn -0.5562323 0.8057981 0.203212
vn 0.7159792 0.316566 -0.6222218
vn -0.5356309 0.8145534 -0.2227166
vn -0.7113104 0.3134401 -0.6291206
vn -0.5536867 -0.8062501 -0.2083076
vn 0.1520699 0.7660586 -0.6245232
vn -0.5562323 0.8057981 0.203212
vn -0.2458802 0.863072 0.4411914
vn -0.7853225 -0.599663 0.1538603
vn -0.3463094 -0.8077512 0.4770829
vn -0.3141237 -0.2288578 0.9213852
vn -0.1397796 0.7694685 0.6232015
vn 0.1520699 0.7660586 -0.6245232
vn -0.1766827 0.4845294 -0.8567466
vn -0.2127577 -0.8418253 -0.4960489
vn -0.2660347 -0.01750396 -0.9638047
vn -0.6236265 -0.4785394 -0.6181346
vn -0.2660347 -0.01750396 -0.9638047
vn 0.05092755 -0.3766901 -0.9249386
vn 0.03397577 -0.08654371 -0.9956686
vn -0.342945 -0.07130985 0.936645
vn -0.6236265 -0.4785394 -0.6181346
vn -0.1388968 -0.6398705 0.7558264
vn -0.1388968 -0.6398705 0.7558264
vn -0.6347281 0.5422367 0.550545
vn -0.342945 -0.07130985 0.936645
vn 3.470474E-08 0.1820935 0.9832814
vn 3.73517E-08 0.3012067 0.953559
vn -0.3141237 -0.2288578 0.9213852
vn -0.1397796 0.7694685 0.6232015
vn 0.05092755 -0.3766901 -0.9249386
vn -0.3224826 -0.9006553 -0.2912476
vn -3.753483E-08 -0.9491225 -0.3149076
vn -0.3224826 -0.9006553 -0.2912476
vn 4.012621E-09 -0.638256 0.7698243
vn -0.6493945 -0.1107054 0.7523505
vn 0.7159792 0.316566 -0.6222218
vn 0.6883087 -0.7150674 0.1221056
vn 0.5567295 -0.8057112 -0.2021931
vn 0.6868497 0.7185814 -0.1089879
vn 0.2429912 -0.8639024 -0.4411668
vn 0.7159792 0.316566 -0.6222218
vn 0.1520699 0.7660586 -0.6245232
vn -0.1766827 0.4845294 -0.8567466
vn 0.1520699 0.7660586 -0.6245232
vn -0.2127577 -0.8418253 -0.4960489
vn 0.6883087 -0.7150674 0.1221056
vn -0.3463094 -0.8077512 0.4770829
vn -0.7853225 -0.599663 0.1538603
vn -0.3463094 -0.8077512 0.4770829
vn 0.2429912 -0.8639024 -0.4411668
vn -0.3141237 -0.2288578 0.9213852
vn -0.1388968 -0.6398705 0.7558264
vn -0.2127577 -0.8418253 -0.4960489
vn -0.6347281 0.5422367 0.550545
vn -0.2660347 -0.01750396 -0.9638047
vn -0.1397796 0.7694685 0.6232015
vn -0.6597271 0.3577999 -0.6608627
vn -0.4472136 0.8944273 -3.065441E-07
vn -0.2660347 -0.01750396 -0.9638047
vn -0.6597271 0.3577999 -0.6608627
vn 0.03397577 -0.08654371 -0.9956686
vn 1.319965E-08 0.8944271 -0.447214
vn 0.2882898 0.9000524 0.326795
vn -0.580963 0.4739734 0.6616883
vn 4.156387E-08 0.5903393 0.8071553
vn 0.8080788 0.3677529 0.460181
vn 0.7059749 0.339303 0.6216696
vn 0.8080788 0.3677529 0.460181
vn -0.89302 0.1835061 0.4109024
vn -0.7088002 0.4207519 0.5661893
vn 0.7059749 0.339303 0.6216696
vn 0.7096398 0.4421182 0.5485827
vn 0.9941455 0.1080494 -6.826932E-08
vn 0.6986431 -0.5036772 -0.508141
vn 0.811842 -0.4706354 -0.3455648
vn -0.6532265 0.7400198 -0.1602058
vn 0.8386892 0.5348115 -0.1028456
vn -0.7071067 0.6863749 -0.1699695
vn -0.580963 0.4739734 0.6616883
vn -0.7071067 0.6863749 -0.1699695
vn -0.9941467 0.1080387 -9.00977E-09
vn 0.7096398 0.4421182 0.5485827
vn -0.7077348 0.51643 0.4820909
vn -0.7088002 0.4207519 0.5661893
vn 0.7077348 0.536307 0.4598764
vn -0.5847311 -0.6151977 -0.5287924
vn -0.89302 0.1835061 0.4109024
vn -0.8864304 -0.3458172 -0.3076548
vn -0.89302 0.1835061 0.4109024
vn -0.9941467 0.1080387 -9.00977E-09
vn -0.580963 0.4739734 0.6616883
vn 0.707358 -0.5394572 -0.4567611
vn 0.7077348 0.536307 0.4598764
vn 0.811842 -0.4706354 -0.3455648
vn 0.811842 -0.4706354 -0.3455648
vn -0.7073581 -0.5514455 -0.4422132
vn -0.7977088 -0.4930653 -0.3471992
vn -0.4502323 0.7480983 0.4874834
vn -0.8219099 0.5558169 0.1246267
vn -0.7977088 -0.4930653 -0.3471992
vn -0.7839333 -0.3888438 -0.4839931
vn 0.4523564 -0.7879317 -0.4177767
vn 0.8002807 -0.4887024 -0.347449
vn 0.6986431 -0.5036772 -0.508141
vn -0.5847311 -0.6151977 -0.5287924
vn -0.5145133 -0.4578682 -0.7250055
vn -0.7839333 -0.3888438 -0.4839931
vn 0.6970068 -0.7125372 -0.08045118
vn 0.6879948 0.6218314 0.374151
vn 0.6970068 -0.7125372 -0.08045118
vn -0.4502323 0.7480983 0.4874834
vn 0.7082461 0.5880128 0.390677
vn -0.8219099 0.5558169 0.1246267
vn 0.7077348 0.536307 0.4598764
vn -0.7077348 0.51643 0.4820909
vn 0.7082461 0.5880128 0.390677
vn 0.8002807 -0.4887024 -0.347449
vn 0.707358 -0.5394572 -0.4567611
vn -0.6133864 0.7887485 -0.04041237
vn 0.6879948 0.6218314 0.374151
vn 0.5616977 0.5582935 0.6105769
vn 0.8002807 -0.4887024 -0.347449
vn 0.4523564 -0.7879317 -0.4177767
vn 0.6970068 -0.7125372 -0.08045118
vn -0.7073581 -0.5514455 -0.4422132
vn -0.7088002 0.4207519 0.5661893
vn -0.5847311 -0.6151977 -0.5287924
vn 0.707358 -0.5394572 -0.4567611
vn -0.7977088 -0.4930653 -0.3471992
vn -0.7839333 -0.3888438 -0.4839931
vn -0.8219099 0.5558169 0.1246267
vn -0.5145133 -0.4578682 -0.7250055
vn -0.2263165 -0.592674 -0.7729934
vn -0.5145133 -0.4578682 -0.7250055
vn 0.3918965 -0.6653244 0.6354218
vn -0.2586484 -0.8743349 0.4106578
vn -0.2263165 -0.592674 -0.7729934
vn -0.2361815 -0.2596821 -0.9363673
vn 0.5031855 0.07353361 0.8610443
vn 0.3150695 0.5565348 0.7687654
vn -0.5536807 -0.5835519 0.5940582
vn 0.5031855 0.07353361 0.8610443
vn -0.7853242 -0.1665917 0.5962492
vn 0.6883101 -0.2517685 0.6803249
vn 0.6868512 0.2648939 -0.6768062
vn 0.427981 0.5923196 -0.6826345
vn 0.6883101 -0.2517685 0.6803249
vn -0.5562261 0.5788754 -0.5962517
vn 0.7159916 -0.3806019 -0.5852337
vn -0.5356289 0.214389 -0.8167859
vn -0.7113156 -0.3881442 -0.5859814
vn -0.5536807 -0.5835519 0.5940582
vn 0.1520733 -0.1578467 -0.9756836
vn -0.5562261 0.5788754 -0.5962517
vn -0.2458877 0.813621 -0.5268401
vn -0.7853242 -0.1665917 0.5962492
vn -0.346313 0.009317218 0.9380729
vn -0.3141239 0.6835202 0.6588827
vn -0.1397668 0.9244453 -0.3547766
vn 0.1520733 -0.1578467 -0.9756836
vn -0.1766568 -0.4997008 -0.8479928
vn -0.2127666 -0.8505073 0.4810071
vn 0.03408175 -0.9653437 -0.2587473
vn -0.6280723 -0.770371 0.1097908
vn 0.03408175 -0.9653437 -0.2587473
vn 0.05096825 -0.9901929 -0.1300787
vn 0.03396511 -0.9083444 -0.4168417
vn -0.3405518 0.776977 0.5294634
vn -0.6280723 -0.770371 0.1097908
vn -0.1388954 0.3346263 0.9320588
vn -0.1388954 0.3346263 0.9320588
vn -0.6388453 0.7438177 -0.1964997
vn -0.3405518 0.776977 0.5294634
vn 3.706705E-08 0.9564401 0.291929
vn 3.636533E-08 0.9658805 0.2589883
vn -0.3141239 0.6835202 0.6588827
vn -0.1397668 0.9244453 -0.3547766
vn 0.05096825 -0.9901929 -0.1300787
vn -0.3333333 -0.6666665 0.666667
vn 1.014722E-10 -0.7071066 0.7071071
vn -0.3333333 -0.6666665 0.666667
vn 3.991984E-08 0.447214 0.8944271
vn -0.6453386 0.6393325 0.4180816
vn 0.037406 0.9538817 0.2978437
vn 0.3150695 0.5565348 0.7687654
vn 0.1085557 0.7268577 -0.6781547
vn 0.3207157 0.5518129 0.7698338
vn 0.3150695 0.5565348 0.7687654
vn 0.427981 0.5923196 -0.6826345
vn 0.5031855 0.07353361 0.8610443
vn 0.5616977 0.5582935 0.6105769
vn 0.037406 0.9538817 0.2978437
vn -0.6133864 0.7887485 -0.04041237
vn 0.427981 0.5923196 -0.6826345
vn -0.2361815 -0.2596821 -0.9363673
vn -0.7113156 -0.3881442 -0.5859814
vn -0.5356289 0.214389 -0.8167859
vn 0.6868512 0.2648939 -0.6768062
vn 0.3918965 -0.6653244 0.6354218
vn 0.3207157 0.5518129 0.7698338
vn -0.2586484 -0.8743349 0.4106578
vn 0.3918965 -0.6653244 0.6354218
vn -0.5352813 0.2326131 -0.812013
vn -0.5145133 -0.4578682 -0.7250055
vn -0.2263165 -0.592674 -0.7729934
vn 0.3918965 -0.6653244 0.6354218
vn 0.7159916 -0.3806019 -0.5852337
vn 0.6883101 -0.2517685 0.6803249
vn 0.5567174 -0.5779374 0.5967028
vn 0.6868512 0.2648939 -0.6768062
vn 0.2429783 -0.8139982 0.5276068
vn 0.7159916 -0.3806019 -0.5852337
vn 0.1520733 -0.1578467 -0.9756836
vn -0.1766568 -0.4997008 -0.8479928
vn 0.1520733 -0.1578467 -0.9756836
vn -0.2127666 -0.8505073 0.4810071
vn 0.6883101 -0.2517685 0.6803249
vn -0.346313 0.009317218 0.9380729
vn -0.7853242 -0.1665917 0.5962492
vn -0.346313 0.009317218 0.9380729
vn 0.2429783 -0.8139982 0.5276068
vn -0.3141239 0.6835202 0.6588827
vn -0.1388954 0.3346263 0.9320588
vn -0.2127666 -0.8505073 0.4810071
vn -0.6388453 0.7438177 -0.1964997
vn -0.7161725 -0.2443972 -0.6537332
vn -0.1397668 0.9244453 -0.3547766
vn -0.6449665 -0.425889 -0.6345369
vn -0.4472136 0.3783104 -0.8104823
vn -0.7161725 -0.2443972 -0.6537332
vn -0.6449665 -0.425889 -0.6345369
vn 0.03396511 -0.9083444 -0.4168417
vn -3.021776E-08 -0.01410738 -0.9999006
vn 0.2985783 0.7626568 -0.5737646
vn -0.5942855 0.8029464 -0.04584673
vn 2.965882E-08 1 -3.576279E-07
vn 0.8265462 0.5583782 -0.07095956
vn 0.7058426 0.7082001 0.01546198
vn 0.8265462 0.5583782 -0.07095956
vn 2.795079E-08 0.9984441 -0.05576373
vn 2.397418E-08 0.9845099 -0.1753297
vn 0.7058426 0.7082001 0.01546198
vn 2.261115E-08 0.9769369 -0.2135287
vn 0.9940127 -6.855742E-08 -0.1092649
vn 0.6993563 -0.6919297 0.1792604
vn 0.8145882 -0.5300413 0.2355893
vn 0.9981213 -7.691842E-09 0.06126831
vn -0.6534984 0.1848083 -0.7340204
vn 0.8389772 0.1186307 -0.5310784
vn -0.7071068 0.1959726 -0.6794077
vn -0.5942855 0.8029464 -0.04584673
vn -0.7071068 0.1959726 -0.6794077
vn -0.994014 -9.590717E-09 -0.1092532
vn 2.261115E-08 0.9769369 -0.2135287
vn -0.7077346 0.6757161 -0.2062029
vn 2.397418E-08 0.9845099 -0.1753297
vn 0.7077346 0.6664178 -0.2345189
vn -0.8038648 -0.5396727 0.2501091
vn -0.4463288 0.7972117 -0.4065024
vn -0.7073581 -0.6586891 0.256463
vn -0.8141309 0.3985235 -0.4223388
vn -0.8038648 -0.5396727 0.2501091
vn -0.7871005 -0.6094417 0.09515021
vn 0.5998396 -0.6504794 0.4659069
vn 0.8002806 -0.5452497 0.2495073
vn -0.5867927 -0.7636367 0.2693204
vn 0.7073581 -0.6652955 0.2388024
vn 0.8145882 -0.5300413 0.2355893
vn -0.9969752 5.736401E-08 0.0777202
vn -0.9981211 5.151593E-08 0.06127277
vn -0.88725 -0.4389138 0.1419233
vn -0.9969752 5.736401E-08 0.0777202
vn -0.994014 -9.590717E-09 -0.1092532
vn -0.5942855 0.8029464 -0.04584673
vn 0.9981213 -7.691842E-09 0.06126831
vn 0.7077346 0.6664178 -0.2345189
vn 0.8145882 -0.5300413 0.2355893
vn 0.6993563 -0.6919297 0.1792604
vn -0.5867927 -0.7636367 0.2693204
vn -0.5145121 -0.8568052 0.03409104
vn -0.7871005 -0.6094417 0.09515021
vn 0.6368479 -0.356487 0.6836241
vn 0.5957699 0.6906141 -0.4100128
vn 0.6305156 0.7366901 -0.2444133
vn -0.4463288 0.7972117 -0.4065024
vn 0.7082461 0.6323444 -0.3138919
vn -0.8141309 0.3985235 -0.4223388
vn 0.7077346 0.6664178 -0.2345189
vn -0.7077346 0.6757161 -0.2062029
vn 0.7082461 0.6323444 -0.3138919
vn 0.8002806 -0.5452497 0.2495073
vn 0.7073581 -0.6652955 0.2388024
vn -0.6133928 0.3593531 -0.7032884
vn 0.5957699 0.6906141 -0.4100128
vn 0.8002806 -0.5452497 0.2495073
vn 0.5998396 -0.6504794 0.4659069
vn -0.7073581 -0.6586891 0.256463
vn -0.9981211 5.151593E-08 0.06127277
vn -0.5867927 -0.7636367 0.2693204
vn 0.7073581 -0.6652955 0.2388024
vn -0.8038648 -0.5396727 0.2501091
vn -0.7871005 -0.6094417 0.09515021
vn -0.8141309 0.3985235 -0.4223388
vn -0.5145121 -0.8568052 0.03409104
vn -0.2898243 0.2546331 -0.9225855
vn 0.315053 0.9440461 -0.09756471
vn 0.1085666 -0.2238945 -0.9685479
vn 0.4706815 0.8798512 0.0657342
vn 0.315053 0.9440461 -0.09756471
vn 0.7344786 0.4798653 -0.4798652
vn 0.5031806 0.7824556 0.3668419
vn 0.6305156 0.7366901 -0.2444133
vn -0.2898243 0.2546331 -0.9225855
vn -0.6133928 0.3593531 -0.7032884
vn -0.5145121 -0.8568052 0.03409104
vn -0.2263106 -0.9657667 0.1268005
vn -4.204538E-08 -0.7071223 -0.7070914
vn -0.2361677 -0.9407692 -0.2432657
vn -0.7112932 -0.7015721 0.0431122
vn -0.5356318 -0.6001716 -0.5940478
vn -4.204538E-08 -0.7071223 -0.7070914
vn 0.6868521 -0.4536768 -0.567813
vn 0.6368479 -0.356487 0.6836241
vn 0.6368479 -0.356487 0.6836241
vn 0.4706815 0.8798512 0.0657342
vn 0.2649787 0.1324872 0.9551092
vn -0.25866 -0.08158192 0.9625174
vn -0.2263106 -0.9657667 0.1268005
vn -0.5145121 -0.8568052 0.03409104
vn 0.2649787 0.1324872 0.9551092
vn -0.25866 -0.08158192 0.9625174
vn -0.2263106 -0.9657667 0.1268005
vn -0.2361677 -0.9407692 -0.2432657
vn 0.5031806 0.7824556 0.3668419
vn 0.315053 0.9440461 -0.09756471
vn -0.5537062 0.2226804 0.8023859
vn 0.5031806 0.7824556 0.3668419
vn -0.7853269 0.433071 0.4423926
vn 0.6883113 0.4632914 0.5582014
vn 0.6868521 -0.4536768 -0.567813
vn 0.7344786 0.4798653 -0.4798652
vn 0.6883113 0.4632914 0.5582014
vn -0.5562373 -0.2268989 -0.799448
vn 0.7159866 -0.6971355 0.03695135
vn -0.5356318 -0.6001716 -0.5940478
vn -0.7112932 -0.7015721 0.0431122
vn -0.5537062 0.2226804 0.8023859
vn 0.1520656 -0.9238764 -0.3511817
vn -0.5562373 -0.2268989 -0.799448
vn -0.2458814 -0.04941413 -0.9680397
vn -0.7853269 0.433071 0.4423926
vn -0.3463042 0.8170536 0.4609741
vn -0.3141066 0.9123818 -0.2624815
vn -0.139775 0.1549868 -0.9779787
vn 0.1520656 -0.9238764 -0.3511817
vn -0.176644 -0.9842359 0.008762829
vn 0.009984653 -0.70706 0.7070831
vn -0.2665094 -0.8179023 0.5099105
vn -0.6298919 -0.3085967 0.7127442
vn -0.2665094 -0.8179023 0.5099105
vn 0.05098385 -0.6126962 0.7886724
vn 0.03398108 -0.8151522 0.5782495
vn -0.7112932 -0.7015721 0.0431122
vn -0.2361677 -0.9407692 -0.2432657
vn 0.1085666 -0.2238945 -0.9685479
vn -0.2898243 0.2546331 -0.9225855
vn -0.343701 0.8406919 -0.4184577
vn -0.1389086 0.9745108 0.1761628
vn -0.3055471 0.7128084 0.6313044
vn -0.6298919 -0.3085967 0.7127442
vn -0.1389086 0.9745108 0.1761628
vn -0.6411807 0.2163715 -0.7362545
vn -0.343701 0.8406919 -0.4184577
vn 1.346778E-09 0.7310423 -0.6823323
vn -1.955855E-09 0.6752303 -0.7376071
vn -0.3141066 0.9123818 -0.2624815
vn -0.139775 0.1549868 -0.9779787
vn 0.7159866 -0.6971355 0.03695135
vn 0.6883113 0.4632914 0.5582014
vn 0.5567241 0.2277821 0.7988579
vn 0.6868521 -0.4536768 -0.567813
vn 0.2429954 0.0499301 0.9687417
vn 0.7159866 -0.6971355 0.03695135
vn 0.1520656 -0.9238764 -0.3511817
vn -0.176644 -0.9842359 0.008762829
vn 0.1520656 -0.9238764 -0.3511817
vn 0.009984653 -0.70706 0.7070831
vn 0.6883113 0.4632914 0.5582014
vn -0.3463042 0.8170536 0.4609741
vn -0.7853269 0.433071 0.4423926
vn -0.3463042 0.8170536 0.4609741
vn 0.2429954 0.0499301 0.9687417
vn -0.3141066 0.9123818 -0.2624815
vn -0.1389086 0.9745108 0.1761628
vn -0.3055471 0.7128084 0.6313044
vn -0.6411807 0.2163715 -0.7362545
vn -0.2665094 -0.8179023 0.5099105
vn -0.139775 0.1549868 -0.9779787
vn -0.6556041 -0.7523185 0.06480996
vn -0.3186745 0.115156 -0.9408432
vn -0.2665094 -0.8179023 0.5099105
vn -0.6556041 -0.7523185 0.06480996
vn 0.03398108 -0.8151522 0.5782495
vn -4.04277E-08 -0.872985 -0.4877472
vn 0.2883039 -0.1670187 -0.9428604
vn -0.6008568 0.3709497 -0.7080731
vn -0.5158663 -0.1494245 -0.8435369
vn 0.8326209 0.2570167 -0.4905965
vn 0.7094911 0.3678273 -0.6011037
vn 0.8326209 0.2570167 -0.4905965
vn -0.8965025 0.2616896 -0.3574939
vn -1.792784E-08 0.3403711 -0.9402913
vn 0.7094911 0.3678273 -0.6011037
vn -1.939304E-08 0.3035533 -0.9528146
vn 0.999927 -0.01208255 -2.54791E-08
vn 0.691795 -0.191612 0.6962072
vn 0.8118405 -0.06395312 0.5803664
vn 0.9981212 0.05305887 0.03063838
vn -0.6008568 0.3709497 -0.7080731
vn -0.7071068 -0.4904291 -0.5093911
vn -0.999927 -0.01208253 3.41212E-08
vn 0.8944272 -0.3101746 -0.3221673
vn -0.5158663 -0.1494245 -0.8435369
vn -1.939304E-08 0.3035533 -0.9528146
vn -0.7077355 0.1593001 -0.6882834
vn -1.792784E-08 0.3403711 -0.9402913
vn 0.7077355 0.1301067 -0.6943939
vn -0.7993571 -0.05728447 0.5981195
vn -0.4483137 0.048447 -0.8925627
vn -0.7073582 -0.1072375 0.6986735
vn -0.8134822 -0.1725084 -0.5554166
vn -0.7993571 -0.05728447 0.5981195
vn -0.7952257 -0.2358163 0.5585759
vn 0.4436802 0.02968006 0.8956937
vn 0.8002806 -0.05653795 0.5969543
vn -0.5847298 -0.1503527 0.7971733
vn 0.7073582 -0.125839 0.6955639
vn 0.8118405 -0.06395312 0.5803664
vn -0.8965025 0.2616896 -0.3574939
vn -0.9981212 0.05305908 0.03063852
vn -0.8792648 -0.09944867 0.4658363
vn -0.8965025 0.2616896 -0.3574939
vn -0.999927 -0.01208253 3.41212E-08
vn -0.6008568 0.3709497 -0.7080731
vn 0.9981212 0.05305887 0.03063838
vn 0.7077355 0.1301067 -0.6943939
vn 0.8118405 -0.06395312 0.5803664
vn 0.691795 -0.191612 0.6962072
vn -0.5847298 -0.1503527 0.7971733
vn -0.5194637 -0.4039231 0.7529966
vn -0.7952257 -0.2358163 0.5585759
vn 0.5581658 0.2798933 0.7810959
vn 0.7077355 0.1301067 -0.6943939
vn -0.4483137 0.048447 -0.8925627
vn -0.7077355 0.1593001 -0.6882834
vn 0.7080116 0.05047629 -0.7043946
vn 0.7265554 0.1064751 -0.6788081
vn 0.7080116 0.05047629 -0.7043946
vn -0.8134822 -0.1725084 -0.5554166
vn 0.8002806 -0.05653795 0.5969543
vn 0.7073582 -0.125839 0.6955639
vn -0.603723 -0.4224478 -0.6760595
vn 0.7265554 0.1064751 -0.6788081
vn 0.4671923 0.1720734 -0.8672498
vn 0.8002806 -0.05653795 0.5969543
vn 0.4436802 0.02968006 0.8956937
vn -0.7073582 -0.1072375 0.6986735
vn -0.9981212 0.05305908 0.03063852
vn -0.5847298 -0.1503527 0.7971733
vn 0.7073582 -0.125839 0.6955639
vn -0.7993571 -0.05728447 0.5981195
vn -0.7952257 -0.2358163 0.5585759
vn -0.8134822 -0.1725084 -0.5554166
vn -0.5194637 -0.4039231 0.7529966
vn 0.4671923 0.1720734 -0.8672498
vn 0.4601314 0.8332626 0.3065169
vn -0.2898278 -0.6716851 -0.6817911
vn -0.603723 -0.4224478 -0.6760595
vn 0.01617167 -0.2734641 -0.9617464
vn -0.2898278 -0.6716851 -0.6817911
vn 0.350175 -0.2609364 -0.8996054
vn 0.1085545 -0.9507397 -0.2903623
vn -0.5194637 -0.4039231 0.7529966
vn -0.2269466 -0.3661277 0.9024665
vn 0.350175 -0.2609364 -0.8996054
vn 0.4279864 -0.8873417 -0.1716177
vn 0.5031833 0.7089021 -0.4942313
vn 0.4279864 -0.8873417 -0.1716177
vn -0.2361601 -0.6810701 0.6930888
vn -0.7112898 -0.3134491 0.6291397
vn -0.5356317 -0.814548 0.2227339
vn 0.6868497 -0.7185823 0.1089821
vn 0.5031833 0.7089021 -0.4942313
vn 0.6868497 -0.7185823 0.1089821
vn 0.4279864 -0.8873417 -0.1716177
vn 0.9953073 0.02503949 0.09346874
vn -0.7853279 0.599656 -0.1538599
vn 2.094454E-08 0.9659949 -0.2585616
vn -0.5537048 0.8062323 0.208328
vn -0.5562374 -0.8057932 -0.2032177
vn 0.7159915 -0.3165745 0.6222032
vn -0.5356317 -0.814548 0.2227339
vn -0.7112898 -0.3134491 0.6291397
vn -0.5537048 0.8062323 0.208328
vn 0.1520661 -0.7660424 0.624544
vn -0.5562374 -0.8057932 -0.2032177
vn -0.2458981 -0.8630673 -0.4411907
vn -0.7853279 0.599656 -0.1538599
vn -0.3463092 0.8077415 -0.4770994
vn -0.314098 0.2288776 -0.921389
vn -0.1397561 -0.7694736 -0.6232005
vn 0.1520661 -0.7660424 0.624544
vn -0.1766266 -0.4845814 0.8567288
vn -0.2127371 0.841807 0.4960889
vn -0.2659921 0.01748984 0.9638166
vn 0.01758855 0.2587006 0.9657975
vn -0.2659921 0.01748984 0.9638166
vn 0.0509378 0.3766667 0.9249475
vn 0.03398274 0.08654357 0.9956684
vn -0.3429396 0.07129742 -0.936648
vn -0.8622817 0.474242 0.1776651
vn -0.1388886 0.6398599 -0.755837
vn -0.1388886 0.6398599 -0.755837
vn -0.634706 -0.5422558 -0.5505516
vn -0.3429396 0.07129742 -0.936648
vn -3.470416E-08 -0.1820697 -0.9832858
vn -3.735196E-08 -0.3012195 -0.953555
vn -0.314098 0.2288776 -0.921389
vn -0.1397561 -0.7694736 -0.6232005
vn 0.7159915 -0.3165745 0.6222032
vn 0.9953073 0.02503949 0.09346874
vn 0.5567275 0.8057131 0.2021909
vn 0.6868497 -0.7185823 0.1089821
vn 0.2429912 0.863906 0.4411597
vn 0.7159915 -0.3165745 0.6222032
vn 0.1520661 -0.7660424 0.624544
vn -0.1766266 -0.4845814 0.8567288
vn 0.1520661 -0.7660424 0.624544
vn -0.2127371 0.841807 0.4960889
vn 2.094454E-08 0.9659949 -0.2585616
vn -0.3463092 0.8077415 -0.4770994
vn -0.7853279 0.599656 -0.1538599
vn -0.3463092 0.8077415 -0.4770994
vn 0.2429912 0.863906 0.4411597
vn -0.314098 0.2288776 -0.921389
vn -0.1388886 0.6398599 -0.755837
vn -0.2127371 0.841807 0.4960889
vn -0.634706 -0.5422558 -0.5505516
vn -0.2659921 0.01748984 0.9638166
vn -0.1397561 -0.7694736 -0.6232005
vn -0.6597363 -0.3577708 0.6608692
vn -0.3197057 -0.7054954 -0.6325068
vn -0.2659921 0.01748984 0.9638166
vn -0.6597363 -0.3577708 0.6608692
vn 0.03398274 0.08654357 0.9956684
vn -1.319965E-08 -0.8944271 0.447214
vn 0.2985967 -0.7626004 0.5738301
vn -0.5942782 -0.8029499 0.04588077
vn -0.53045 -0.6773707 0.5096977
vn 0.8265458 -0.5583786 0.07096209
vn 0.7058443 -0.7081989 -0.01544006
vn 0.8265458 -0.5583786 0.07096209
vn -0.8929417 -0.44796 -0.04457523
vn -2.397289E-08 -0.9845033 0.1753664
vn 0.7058443 -0.7081989 -0.01544006
vn -2.261101E-08 -0.9769361 0.2135326
vn 0.9940123 9.596213E-09 0.1092684
vn 0.6993561 0.6919299 -0.1792606
vn 0.8145871 0.5300412 -0.2355933
vn 0.9981211 -5.151588E-08 -0.06127261
vn -0.5942782 -0.8029499 0.04588077
vn -0.6534598 -0.1846863 0.7340854
vn -0.9940075 6.8574E-08 0.1093118
vn 0.8389727 -0.118556 0.5311019
vn -0.53045 -0.6773707 0.5096977
vn -2.261101E-08 -0.9769361 0.2135326
vn -1.966932E-08 -0.9564604 0.2918625
vn -2.397289E-08 -0.9845033 0.1753664
vn -1.808383E-08 -0.9432938 0.3319593
vn -1.808383E-08 -0.9432938 0.3319593
vn -0.4463282 -0.7972073 0.4065119
vn -1.966932E-08 -0.9564604 0.2918625
vn 0.7082459 -0.6323395 0.3139022
vn 0.5957826 -0.6906099 0.4100015
vn 0.7082459 -0.6323395 0.3139022
vn -0.8141315 -0.3985034 0.4223566
vn -0.6133813 -0.3593455 0.7033025
vn 0.5957826 -0.6906099 0.4100015
vn 0.6305538 -0.7366765 0.2443557
vn 0.8002806 0.5452495 -0.2495075
vn 0.5998176 0.6504973 -0.4659102
vn 1 -2.965882E-08 -2.980232E-08
vn 0.8002806 0.5452495 -0.2495075
vn 0.7073581 0.6652954 -0.2388025
vn -0.7870974 0.6094481 -0.09513522
vn -0.8141315 -0.3985034 0.4223566
vn -0.5145141 0.8568072 -0.03401351
vn -0.7073581 0.6586891 -0.2564631
vn 0.7073581 0.6652954 -0.2388025
vn -0.8038651 0.5396723 -0.2501097
vn -0.9981211 7.690257E-09 -0.06127272
vn -1 2.965882E-08 2.980232E-08
vn -0.5867927 0.7636368 -0.26932
vn 0.6368319 0.3565481 -0.6836072
vn 0.4706897 -0.8798407 -0.06581446
vn 0.2649773 -0.1324936 -0.9551088
vn 0.6368319 0.3565481 -0.6836072
vn 0.315045 -0.9440495 0.09755692
vn 0.4706897 -0.8798407 -0.06581446
vn -0.258661 0.08153655 -0.9625209
vn -0.2898068 -0.2546837 0.9225771
vn 0.1085584 0.223824 0.968565
vn 0.4706897 -0.8798407 -0.06581446
vn 0.315045 -0.9440495 0.09755692
vn 0.7344826 -0.4798847 0.4798395
vn 0.8634995 -0.356652 0.3566062
vn 0.6305538 -0.7366765 0.2443557
vn -0.2898068 -0.2546837 0.9225771
vn -0.6133813 -0.3593455 0.7033025
vn -0.5145141 0.8568072 -0.03401351
vn -0.2263189 0.965774 -0.1267308
vn 4.204538E-08 0.7071054 0.7071083
vn -0.2361698 0.9407577 0.2433082
vn -0.7112934 0.7015702 -0.04314041
vn -0.535629 0.6001668 0.5940552
vn 4.204538E-08 0.7071054 0.7071083
vn 0.6868557 0.4536725 0.5678123
vn 0.8634995 -0.356652 0.3566062
vn 0.6868557 0.4536725 0.5678123
vn 0.7344826 -0.4798847 0.4798395
vn 0.6883141 -0.463282 -0.5582055
vn -0.556231 0.2269192 0.7994467
vn 0.7159916 0.6971299 -0.03695856
vn -0.535629 0.6001668 0.5940552
vn 0.1520737 0.9238994 0.3511178
vn -0.556231 0.2269192 0.7994467
vn -0.2459056 0.04941619 0.9680334
vn -0.7853272 -0.4330686 -0.4423946
vn -0.3463155 -0.8170461 -0.4609789
vn -0.3141122 -0.9123814 0.2624767
vn -0.1397614 -0.1549678 0.9779836
vn 0.1520737 0.9238994 0.3511178
vn -0.3087756 0.6299835 0.7125859
vn -0.3436937 -0.8406949 0.4184577
vn -0.1388954 -0.9745012 -0.1762264
vn -0.6411719 -0.216375 0.7362613
vn -0.2127385 0.008684168 -0.9770707
vn -0.8733776 -0.07066274 -0.4818903
vn -0.1388954 -0.9745012 -0.1762264
vn -0.2665881 0.8178768 -0.5099103
vn 0.06393074 0.7056409 -0.7056799
vn 0.0174786 0.7070425 -0.7069553
vn -0.2665881 0.8178768 -0.5099103
vn 0.05086448 0.612709 -0.7886701
vn 0.03392616 0.8151462 -0.5782612
vn -0.3436937 -0.8406949 0.4184577
vn -1.347262E-09 -0.7310501 0.6823239
vn 9.239734E-11 -0.7072592 0.7069545
vn -0.3141122 -0.9123814 0.2624767
vn -0.1397614 -0.1549678 0.9779836
vn 0.7159916 0.6971299 -0.03695856
vn 0.6883141 -0.463282 -0.5582055
vn 0.5567383 -0.2277411 -0.7988595
vn 0.6868557 0.4536725 0.5678123
vn 0.2429832 -0.04992281 -0.9687451
vn 0.7159916 0.6971299 -0.03695856
vn 0.1520737 0.9238994 0.3511178
vn 0.06393074 0.7056409 -0.7056799
vn 0.1520737 0.9238994 0.3511178
vn -0.2127385 0.008684168 -0.9770707
vn 0.6883141 -0.463282 -0.5582055
vn -0.3463155 -0.8170461 -0.4609789
vn -0.7853272 -0.4330686 -0.4423946
vn -0.3463155 -0.8170461 -0.4609789
vn 0.2429832 -0.04992281 -0.9687451
vn -0.3141122 -0.9123814 0.2624767
vn -0.1388954 -0.9745012 -0.1762264
vn -0.2127385 0.008684168 -0.9770707
vn 0.8944272 0.3101318 0.3222085
vn 1 -2.965882E-08 -2.980232E-08
vn 0.2882856 0.1669915 0.9428708
vn 0.9999269 0.01209201 -3.412459E-08
vn -0.4472136 0.8944273 -3.065441E-07
vn 1.319965E-08 0.8944271 -0.447214
vn 2.965882E-08 1 -3.576279E-07
vn -0.6597271 0.3577999 -0.6608627
vn -0.6236265 -0.4785394 -0.6181346
vn -0.6493945 -0.1107054 0.7523505
vn -0.3224826 -0.9006553 -0.2912476
vn -0.342945 -0.07130985 0.936645
vn -0.2586584 -0.7927871 -0.5518919
vn 0.5031741 -0.7089174 0.4942188
vn 0.315062 -0.3875319 0.8663459
vn -0.7113104 0.3134401 -0.6291206
vn -0.2361718 0.6811111 -0.6930445
vn -0.1044255 0.9647425 -0.2415941
vn -0.2269605 0.3661229 -0.902465
vn -0.2898219 0.671665 0.6818134
vn -0.2361718 0.6811111 -0.6930445
vn 0.5334416 -0.8181841 -0.2145104
vn -0.2269605 0.3661229 -0.902465
vn 0.1109985 -0.09406182 -0.9893593
vn -0.5194684 0.4039612 -0.7529728
vn 0.5589886 -0.1240281 -0.8198469
vn 0.5334416 -0.8181841 -0.2145104
vn 0.5334416 -0.8181841 -0.2145104
vn 0.7211103 -0.1004912 0.6854937
vn 0.7770689 -0.5081654 -0.3713922
vn 0.7770689 -0.5081654 -0.3713922
vn 0.3207242 -0.3908276 0.8627803
vn 0.5334416 -0.8181841 -0.2145104
vn -0.2586584 -0.7927871 -0.5518919
vn 0.8386892 0.5348115 -0.1028456
vn 0.8080788 0.3677529 0.460181
vn 0.2882898 0.9000524 0.326795
vn 0.9941455 0.1080494 -6.826932E-08
vn -0.4472136 0.3783104 -0.8104823
vn -3.021776E-08 -0.01410738 -0.9999006
vn -1.446065E-08 0.4229639 -0.9061466
vn -0.6449665 -0.425889 -0.6345369
vn -0.6280723 -0.770371 0.1097908
vn -0.6453386 0.6393325 0.4180816
vn -0.3333333 -0.6666665 0.666667
vn -0.3405518 0.776977 0.5294634
vn 0.1085557 0.7268577 -0.6781547
vn -0.5352813 0.2326131 -0.812013
vn -0.2361815 -0.2596821 -0.9363673
vn -0.7113156 -0.3881442 -0.5859814
vn 0.8389772 0.1186307 -0.5310784
vn 0.8265462 0.5583782 -0.07095956
vn 0.2985783 0.7626568 -0.5737646
vn 0.9940127 -6.855742E-08 -0.1092649
vn -0.3186745 0.115156 -0.9408432
vn -4.04277E-08 -0.872985 -0.4877472
vn -2.57236E-08 0.1291108 -0.9916303
vn -0.6556041 -0.7523185 0.06480996
vn -0.322483 0.1980481 0.9256251
vn 3.424103E-08 0.9858082 0.1678766
vn 3.517366E-08 0.2017715 0.9794328
vn -0.6515756 0.6955847 -0.3026735
vn 0.05098385 -0.6126962 0.7886724
vn -0.322483 0.1980481 0.9256251
vn -0.6298919 -0.3085967 0.7127442
vn -0.6515756 0.6955847 -0.3026735
vn -0.322483 0.1980481 0.9256251
vn -0.343701 0.8406919 -0.4184577
vn 0.8944272 -0.3101746 -0.3221673
vn 0.8326209 0.2570167 -0.4905965
vn 0.2883039 -0.1670187 -0.9428604
vn 0.999927 -0.01208255 -2.54791E-08
vn -0.3197057 -0.7054954 -0.6325068
vn -1.319965E-08 -0.8944271 0.447214
vn -4.204538E-08 -0.7071071 -0.7071066
vn -0.6597363 -0.3577708 0.6608692
vn -0.322484 0.9006417 0.2912881
vn -4.012155E-09 0.6382645 -0.7698172
vn 3.753601E-08 0.9491028 0.3149667
vn -0.6494108 0.1106545 -0.7523439
vn 0.0509378 0.3766667 0.9249475
vn -0.322484 0.9006417 0.2912881
vn -0.8622817 0.474242 0.1776651
vn -0.8622817 0.474242 0.1776651
vn -0.6494108 0.1106545 -0.7523439
vn -0.322484 0.9006417 0.2912881
vn -0.3429396 0.07129742 -0.936648
vn -0.2586662 0.7927796 0.551899
vn 0.5031833 0.7089021 -0.4942313
vn 0.06090183 0.966544 -0.2491665
vn -0.7112898 -0.3134491 0.6291397
vn -0.2361601 -0.6810701 0.6930888
vn 0.1085545 -0.9507397 -0.2903623
vn -0.2269466 -0.3661277 0.9024665
vn -0.2898278 -0.6716851 -0.6817911
vn -0.2361601 -0.6810701 0.6930888
vn 0.4601314 0.8332626 0.3065169
vn -0.2269466 -0.3661277 0.9024665
vn 0.5581658 0.2798933 0.7810959
vn -0.5194637 -0.4039231 0.7529966
vn 0.4601314 0.8332626 0.3065169
vn 0.06090183 0.966544 -0.2491665
vn 0.4505953 0.8623676 -0.230838
vn -0.2586662 0.7927796 0.551899
vn 0.5581658 0.2798933 0.7810959
vn 0.5581658 0.2798933 0.7810959
vn 0.4436802 0.02968006 0.8956937
vn 0.8386549 -0.5348475 0.102938
vn 0.808062 -0.3677715 -0.4601957
vn 0.4472136 -0.8681545 0.2151932
vn 0.9941407 -0.1080937 9.029614E-09
vn -0.4472136 -0.3783106 0.8104821
vn 3.021828E-08 0.01412532 0.9999003
vn 1.446064E-08 -0.4229642 0.9061466
vn -0.6449665 0.4259178 0.6345174
vn -0.3333333 0.6666665 -0.666667
vn -3.991984E-08 -0.447214 -0.8944271
vn -1.014722E-10 0.7071066 -0.7071071
vn -0.6453447 -0.6393445 -0.4180539
vn -0.6388525 -0.7438161 0.1964824
vn -0.6449665 0.4259178 0.6345174
vn -0.4472136 -0.3783106 0.8104821
vn -0.2642049 0.8449016 0.4651208
vn -0.3087738 -0.3021612 0.9018634
vn -0.2642049 0.8449016 0.4651208
vn -0.1397732 -0.9244496 0.3547631
vn -0.628042 0.7703948 -0.1097959
vn -0.6453447 -0.6393445 -0.4180539
vn -0.3333333 0.6666665 -0.666667
vn -0.3984734 -0.7125516 -0.5774853
vn -0.7839311 0.3888703 0.4839752
vn -0.8219038 -0.5558236 -0.1246371
vn -0.5144849 0.4579318 0.7249855
vn 0.8389727 -0.118556 0.5311019
vn 0.8265458 -0.5583786 0.07096209
vn 0.2985967 -0.7626004 0.5738301
vn 0.9940123 9.596213E-09 0.1092684
vn -0.8929417 -0.44796 -0.04457523
vn -0.9940075 6.8574E-08 0.1093118
vn -0.5942782 -0.8029499 0.04588077
vn -0.8872501 0.4389141 -0.1419223
vn -0.5867927 0.7636368 -0.26932
vn -0.8929417 -0.44796 -0.04457523
vn -0.9981211 7.690257E-09 -0.06127272
vn 0.7073581 0.6652954 -0.2388025
vn 0.8145871 0.5300412 -0.2355933
vn -0.7073581 0.6586891 -0.2564631
vn 0.9981211 -5.151588E-08 -0.06127261
vn 1 -2.965882E-08 -2.980232E-08
vn 0.8145871 0.5300412 -0.2355933
vn -0.8038651 0.5396723 -0.2501097
vn -1 2.965882E-08 2.980232E-08
vn -0.4463282 -0.7972073 0.4065119
vn -0.8141315 -0.3985034 0.4223566
vn -0.8038651 0.5396723 -0.2501097
vn -0.7870974 0.6094481 -0.09513522
vn 0.5998176 0.6504973 -0.4659102
vn 0.8002806 0.5452495 -0.2495075
vn 0.6993561 0.6919299 -0.1792606
vn -0.5867927 0.7636368 -0.26932
vn -0.5145141 0.8568072 -0.03401351
vn -0.7870974 0.6094481 -0.09513522
vn 0.6368319 0.3565481 -0.6836072
vn -4.204538E-08 -0.7071196 -0.707094
vn -0.7853272 -0.4330686 -0.4423946
vn 0.6883141 -0.463282 -0.5582055
vn -0.5536953 -0.222703 -0.8023871
vn -0.258661 0.08153655 -0.9625209
vn -4.204538E-08 -0.7071196 -0.707094
vn 0.315045 -0.9440495 0.09755692
vn -0.7112934 0.7015702 -0.04314041
vn -0.5536953 -0.222703 -0.8023871
vn -0.2361698 0.9407577 0.2433082
vn -0.7112934 0.7015702 -0.04314041
vn 0.1085584 0.223824 0.968565
vn -0.2263189 0.965774 -0.1267308
vn -0.2898068 -0.2546837 0.9225771
vn -0.2361698 0.9407577 0.2433082
vn 0.2649773 -0.1324936 -0.9551088
vn -0.2263189 0.965774 -0.1267308
vn 0.6368319 0.3565481 -0.6836072
vn -0.5145141 0.8568072 -0.03401351
vn -0.3186873 -0.1151287 0.9408422
vn 4.042699E-08 0.8730153 0.4876932
vn 2.572491E-08 -0.1290717 0.9916354
vn -0.6555955 0.7523239 -0.06483413
vn -0.3224952 -0.1980561 -0.9256192
vn -3.423991E-08 -0.9858157 -0.1678318
vn -3.51743E-08 -0.2017985 -0.9794273
vn -0.6515692 -0.6955838 0.3026892
vn 0.05086448 0.612709 -0.7886701
vn -0.3224952 -0.1980561 -0.9256192
vn -0.8733776 -0.07066274 -0.4818903
vn -0.6411719 -0.216375 0.7362613
vn -0.6555955 0.7523239 -0.06483413
vn -0.3186873 -0.1151287 0.9408422
vn -0.2665881 0.8178768 -0.5099103
vn -0.3087756 0.6299835 0.7125859
vn -0.2665881 0.8178768 -0.5099103
vn -0.1397614 -0.1549678 0.9779836
vn -0.6555955 0.7523239 -0.06483413
vn 0.03392616 0.8151462 -0.5782612
vn 4.042699E-08 0.8730153 0.4876932
vn -0.8733776 -0.07066274 -0.4818903
vn -0.6515692 -0.6955838 0.3026892
vn -0.3224952 -0.1980561 -0.9256192
vn -0.3436937 -0.8406949 0.4184577
vn -0.3984734 -0.7125516 -0.5774853
vn -3.636541E-08 -0.9658796 -0.2589917
vn -3.397113E-08 -0.9875914 -0.1570457
vn -0.3141058 -0.6834849 -0.6589282
vn -0.1397732 -0.9244496 0.3547631
vn 3.470474E-08 0.1820935 0.9832814
vn 3.272405E-08 0.103956 0.9945819
vn 2.980232E-08 3.576279E-07 1
vn -0.6347281 0.5422367 0.550545
vn -0.6493945 -0.1107054 0.7523505
vn 3.73517E-08 0.3012067 0.953559
vn 4.012621E-09 -0.638256 0.7698243
vn -0.342945 -0.07130985 0.936645
vn 3.706705E-08 0.9564401 0.291929
vn 3.772586E-08 0.9458659 0.3245583
vn 3.800413E-08 0.9408144 0.3389225
vn -0.6388453 0.7438177 -0.1964997
vn -0.6453386 0.6393325 0.4180816
vn 3.262925E-08 0.9944521 0.105192
vn 3.991984E-08 0.447214 0.8944271
vn -0.3405518 0.776977 0.5294634
vn 1.346778E-09 0.7310423 -0.6823323
vn -0.3186745 0.115156 -0.9408432
vn -2.57236E-08 0.1291108 -0.9916303
vn -0.6411807 0.2163715 -0.7362545
vn -0.6515756 0.6955847 -0.3026735
vn -1.955855E-09 0.6752303 -0.7376071
vn 3.424103E-08 0.9858082 0.1678766
vn -0.343701 0.8406919 -0.4184577
vn -3.470416E-08 -0.1820697 -0.9832858
vn -0.3197057 -0.7054954 -0.6325068
vn -4.204538E-08 -0.7071071 -0.7071066
vn -0.634706 -0.5422558 -0.5505516
vn -0.6494108 0.1106545 -0.7523439
vn -3.735196E-08 -0.3012195 -0.953555
vn -4.012155E-09 0.6382645 -0.7698172
vn -0.3429396 0.07129742 -0.936648
vn -0.6449665 0.4259178 0.6345174
vn 0.03394772 0.9083707 0.4167858
vn 3.021828E-08 0.01412532 0.9999003
vn -0.2642049 0.8449016 0.4651208
vn -3.772693E-08 -0.9458471 -0.3246129
vn -3.772693E-08 -0.9458471 -0.3246129
vn -3.800577E-08 -0.9407833 -0.3390087
vn -0.6388525 -0.7438161 0.1964824
vn 0.05096872 0.9901928 0.1300789
vn -0.3333333 0.6666665 -0.666667
vn -1.014722E-10 0.7071066 -0.7071071
vn -0.628042 0.7703948 -0.1097959
vn -0.6453447 -0.6393445 -0.4180539
vn -3.397113E-08 -0.9875914 -0.1570457
vn -3.991984E-08 -0.447214 -0.8944271
vn -3.52355E-08 -0.9778885 -0.2091271
vn -1.347262E-09 -0.7310501 0.6823239
vn -0.3186873 -0.1151287 0.9408422
vn 2.572491E-08 -0.1290717 0.9916354
vn -0.6411719 -0.216375 0.7362613
vn -0.6515692 -0.6955838 0.3026892
vn 2.885877E-09 -0.6587231 0.7523856
vn -3.423991E-08 -0.9858157 -0.1678318
vn -0.3436937 -0.8406949 0.4184577
vn 0.08428366 0.6730234 0.7348033
vn 0.498637 0.4658971 0.7309591
vn 0.08428643 0.4599044 0.8839593
vn 0.4986526 0.6392052 0.5854592
vn 4.063899E-08 0.5000014 0.8660249
vn 4.204538E-08 0.7071108 0.7071029
vn -0.08428257 0.5355772 0.84027
vn -0.08427839 0.7348058 0.6730214
vn -0.4986707 0.5854511 0.6391986
vn -0.4986421 0.4000761 0.7689573
vn 0.4986369 0.2608399 0.826634
vn 0.08428406 0.215453 0.9728702
vn 3.646301E-08 0.258815 0.9659271
vn -0.08428238 0.2998485 0.9502566
vn -0.4986272 0.1874256 0.8463113
vn 0.4986583 0.03800344 0.8659652
vn 0.08428206 -0.04368289 0.9954841
vn 2.980232E-08 3.576279E-07 1
vn -0.08428068 0.04368615 0.9954841
vn -0.4986314 -0.03800226 0.8659809
vn 0.4986509 -0.1874221 0.8462981
vn 0.08428626 -0.2998413 0.9502586
vn 2.111075E-08 -0.258814 0.9659274
vn -0.08428098 -0.215454 0.9728702
vn -0.4986356 -0.2608372 0.8266358
vn 0.4986363 -0.4000747 0.7689617
vn 0.08428537 -0.5355773 0.8402697
vn 1.098012E-08 -0.5000007 0.8660252
vn -0.08428226 -0.4599078 0.8839579
vn -0.4986338 -0.4658975 0.7309611
vn 0.4986438 -0.585464 0.6392077
vn 0.08428362 -0.7348043 0.6730224
vn 1.014279E-10 -0.7071073 0.7071064
vn -0.08428049 -0.673023 0.734804
vn -0.4986502 -0.6392059 0.5854605
vn 0.4986392 -0.7309563 0.4658992
vn 0.0842846 -0.8839561 0.4599107
vn -1.078412E-08 -0.8660253 0.5000005
vn -0.08428293 -0.8402702 0.5355768
vn -0.4986421 -0.7689573 0.4000761
vn 0.4986744 -0.8266134 0.2608335
vn 0.08428053 -0.9728702 0.2154543
vn -2.093489E-08 -0.9659264 0.2588172
vn -0.08428244 -0.9502566 0.2998485
vn -0.4986273 -0.8463112 0.1874256
vn 0.4986497 -0.8659705 0.03799867
vn 0.08428046 -0.9954841 -0.04368507
vn -2.965882E-08 -1 3.576279E-07
vn -0.08428074 -0.9954841 0.04368615
vn -0.4986291 -0.8659824 -0.03799698
vn 0.4986342 -0.8463074 -0.1874246
vn 0.08428046 -0.9954841 -0.04368507
vn 0.4986497 -0.8659705 0.03799867
vn 0.08428147 -0.9502565 -0.2998489
vn -3.636158E-08 -0.9659266 -0.2588165
vn -2.965882E-08 -1 3.576279E-07
vn -0.08428059 -0.9728703 -0.2154536
vn -0.08428074 -0.9954841 0.04368615
vn -0.4986291 -0.8659824 -0.03799698
vn -0.498634 -0.826636 -0.2608394
vn 0.4986471 -0.768954 -0.4000764
vn 0.08428258 -0.8402704 -0.5355766
vn -4.058646E-08 -0.8660252 -0.5000006
vn -0.08428292 -0.8839573 -0.4599088
vn -0.4986504 -0.7309501 -0.465897
vn 0.4986707 -0.6391996 -0.5854499
vn 0.08427838 -0.6730235 -0.7348039
vn -4.204538E-08 -0.7071031 -0.7071106
vn -0.08428298 -0.7348009 -0.6730263
vn -0.4986523 -0.5854563 -0.6392082
vn 0.4986587 -0.4658919 -0.7309476
vn 0.08427817 -0.4599077 -0.8839583
vn -4.063894E-08 -0.4999977 -0.8660269
vn -0.08428376 -0.5355727 -0.8402728
vn -0.498647 -0.4000768 -0.7689537
vn 0.4986329 -0.2608369 -0.8266376
vn 0.0842801 -0.215455 -0.9728701
vn -3.646307E-08 -0.2588179 -0.9659263
vn -0.08428136 -0.2998496 -0.9502564
vn -0.4986488 -0.1874227 -0.8462992
vn 0.4986294 -0.03800287 -0.8659819
vn 0.08428068 0.04368543 -0.9954841
vn -2.980232E-08 -3.576279E-07 -1
vn -0.08428036 -0.04368021 -0.9954844
vn -0.498661 0.0380115 -0.8659634
vn 0.4986347 0.1874209 -0.8463078
vn 0.08428148 0.2998464 -0.9502574
vn -2.111074E-08 0.2588142 -0.9659272
vn -0.08428286 0.2154578 -0.9728692
vn -0.4986374 0.2608449 -0.8266323
vn 0.4986323 0.4000758 -0.7689639
vn 0.08428134 0.5355771 -0.8402702
vn -1.09801E-08 0.5000011 -0.8660249
vn -0.08428736 0.4599064 -0.8839581
vn -0.4986306 0.465906 -0.7309578
vn 0.4986409 0.5854648 -0.6392092
vn 0.08427978 0.7348054 -0.6730217
vn -1.012896E-10 0.7071096 -0.707104
vn -0.08428685 0.6730251 -0.7348014
vn -0.4986341 0.639212 -0.5854676
vn 0.498652 0.7309505 -0.4658946
vn 0.08428215 0.8839552 -0.459913
vn 1.078415E-08 0.8660256 -0.4999999
vn -0.08428331 0.8402728 -0.5355728
vn -0.498649 0.7689551 -0.4000718
vn 0.4986415 0.8266305 -0.2608424
vn 0.08428233 0.9728706 -0.2154517
vn 2.093491E-08 0.9659265 -0.2588169
vn -0.08428402 0.9502576 -0.2998446
vn -0.4986348 0.8463091 -0.1874156
vn 0.4986312 0.8659808 -0.03800483
vn 0.08428053 0.9954841 0.04368541
vn 2.965882E-08 1 -3.576279E-07
vn -0.08428217 0.9954844 -0.04367752
vn -0.4986444 0.8659731 0.03800894
vn 0.4986725 0.8462867 0.1874164
vn 0.08428085 0.9502559 0.2998512
vn 3.63617E-08 0.9659251 0.2588219
vn -0.08427881 0.9728692 0.2154595
vn -0.4986658 0.8266174 0.2608378
vn 0.4986673 0.768944 0.4000702
vn 0.08428212 0.8402719 0.5355744
vn 4.058646E-08 0.8660256 0.5000001
vn -0.08427747 0.8839563 0.4599117
vn -0.4986584 0.7309456 0.4658954
vn 0.4082482 -0.8164968 -0.408248
vn 0.4082483 0.8164968 0.408248
vn 0.2182179 0.4364355 -0.8728718
vn 0.2182179 -0.4364355 0.8728718
vn 0.3396077 -0.03445124 0.9399362
vn 0.2182179 -0.4364355 0.8728718
vn 0.2588001 -0.6632585 0.7022185
vn 0.3498626 0.03331559 0.9362085
vn 0.2190647 0.08199951 0.9722586
vn 0.4082483 0.8164968 0.408248
vn 0.258793 0.7022229 0.6632566
vn 0.3395959 0.9399404 0.03445044
vn 0.3498497 0.9362134 -0.0333158
vn 0.219054 0.972261 -0.08200063
vn 0.2182179 0.4364355 -0.8728718
vn 0.2587946 0.6632589 -0.7022203
vn 0.3396014 0.0344501 -0.9399384
vn 0.3498558 -0.03331707 -0.936211
vn 0.2190586 -0.08200055 -0.9722601
vn 0.4082482 -0.8164968 -0.408248
vn 0.2587945 -0.7022143 -0.6632652
vn 0.3396018 -0.9399385 -0.0344439
vn 0.3498536 -0.9362122 0.03330962
vn 0.2190602 -0.9722596 0.0820009
vn -1 2.965882E-08 2.980232E-08
vn -0.9739466 -0.1706129 0.1493965
vn -0.9739468 -0.2147975 0.07273124
vn -0.9739468 -0.2262801 -0.01500337
vn -0.9739469 -0.2033131 -0.1004547
vn -0.9739468 -0.1493944 -0.1706128
vn -0.9739466 -0.07273301 -0.2147971
vn -0.9739468 0.01500322 -0.2262797
vn -0.973947 0.1004524 -0.2033137
vn -0.9739469 0.1706112 -0.1493961
vn -0.9739468 0.2147967 -0.07273337
vn -0.9739468 0.2262801 0.01500343
vn -0.9739464 0.2033158 0.1004544
vn -0.9739465 0.1493957 0.1706138
vn -0.9739468 0.07273124 0.2147976
vn -0.9739469 -0.01500951 0.2262786
vn -0.9739463 -0.1004568 0.2033153
vn -0.5646022 -0.5437306 0.6209521
vn -0.5646025 -0.2647226 0.7817584
vn -0.5646042 0.05459755 0.8235542
vn -0.564603 0.3656111 0.7399678
vn -0.5646021 0.62095 0.5437332
vn -0.5646031 0.7817611 0.2647131
vn -0.5646034 0.8235541 -0.05460532
vn -0.5646032 0.7399688 -0.3656085
vn -0.5646027 -0.73997 0.3656068
vn -0.5646035 -0.823554 0.05460537
vn -0.564603 -0.7817619 -0.2647111
vn -0.5646045 -0.6209519 -0.5437285
vn -0.5646034 -0.3656072 -0.7399693
vn -0.5646032 -0.05460385 -0.8235543
vn -0.5646041 0.2647106 -0.7817612
vn -0.5646051 0.5437242 -0.620955
vn 0.7131646 -0.3105223 0.6284683
vn 0.7131646 -0.5273805 0.4618077
vn 0.7131639 -0.527392 0.4617956
vn 0.7131633 -0.3105145 0.6284735
vn 0.230992 -0.289222 0.9289744
vn 0.713165 -0.04638204 0.6994601
vn 0.3006746 0.03351181 0.9531379
vn 0.7131649 0.2248303 0.6639633
vn 0.7131649 -0.046384 0.6994601
vn 0.7131635 0.224825 0.6639666
vn -0.5646022 -0.5437306 0.6209521
vn 0.7131646 -0.3105223 0.6284683
vn -0.5646025 -0.2647226 0.7817584
vn -0.5646042 0.05459755 0.8235542
vn -0.564603 0.3656111 0.7399678
vn 0.7131649 -0.046384 0.6994601
vn 0.7131649 -0.046384 0.6994601
vn 0.7131633 -0.3105145 0.6284735
vn 0.7131646 -0.3105223 0.6284683
vn 0.713165 -0.04638204 0.6994601
vn 0.1838712 -0.7531312 0.6316525
vn 0.230992 -0.289222 0.9289744
vn 0.7131646 -0.5273805 0.4618077
vn 0.7131639 -0.527392 0.4617956
vn 0.7131656 -0.6639678 0.2248148
vn 0.7131642 -0.6639659 0.2248253
vn -0.5646025 -0.2647226 0.7817584
vn -0.5646042 0.05459755 0.8235542
vn 0.7131646 -0.3105223 0.6284683
vn -0.5646027 -0.73997 0.3656068
vn -0.5646022 -0.5437306 0.6209521
vn 0.7131642 -0.6639659 0.2248253
vn 0.7131635 0.4618001 0.5273884
vn 0.7131635 0.224825 0.6639666
vn 0.7131649 0.2248303 0.6639633
vn 0.7131655 0.4617961 0.5273892
vn -0.564603 0.3656111 0.7399678
vn -0.5646021 0.62095 0.5437332
vn 0.7131649 0.2248303 0.6639633
vn 0.7131646 0.6284674 0.3105238
vn 0.7131655 0.4617961 0.5273892
vn 0.7131635 0.4618001 0.5273884
vn 0.7131635 0.6284741 0.3105128
vn -0.5646021 0.62095 0.5437332
vn -0.5646031 0.7817611 0.2647131
vn 0.7131635 0.4618001 0.5273884
vn 0.7131644 0.699461 0.04637729
vn 0.7131635 0.6284741 0.3105128
vn 0.7131646 0.6284674 0.3105238
vn 0.7131648 0.6994606 0.04637861
vn -0.5646031 0.7817611 0.2647131
vn -0.5646034 0.8235541 -0.05460532
vn 0.7131646 0.6284674 0.3105238
vn 0.7131642 0.6639659 -0.2248253
vn 0.7131648 0.6994606 0.04637861
vn 0.7131644 0.699461 0.04637729
vn 0.7131642 0.6639645 -0.2248292
vn -0.5646034 0.8235541 -0.05460532
vn -0.5646032 0.7399688 -0.3656085
vn 0.7131644 0.699461 0.04637729
vn 0.7131651 0.5273849 -0.4618016
vn 0.7131642 0.6639645 -0.2248292
vn 0.7131642 0.6639659 -0.2248253
vn 0.7131642 0.5273918 -0.4617953
vn -0.5646032 0.7399688 -0.3656085
vn -0.5646051 0.5437242 -0.620955
vn 0.7131642 0.6639659 -0.2248253
vn 0.7131639 0.3105139 -0.6284732
vn 0.7131642 0.5273918 -0.4617953
vn 0.7131651 0.5273849 -0.4618016
vn 0.713164 0.3105192 -0.6284705
vn -0.5646051 0.5437242 -0.620955
vn -0.5646041 0.2647106 -0.7817612
vn 0.7131651 0.5273849 -0.4618016
vn 0.7131644 0.04637723 -0.6994612
vn 0.713164 0.3105192 -0.6284705
vn 0.7131639 0.3105139 -0.6284732
vn 0.713165 0.04637695 -0.6994606
vn -0.5646041 0.2647106 -0.7817612
vn -0.5646032 -0.05460385 -0.8235543
vn 0.7131639 0.3105139 -0.6284732
vn 0.7131642 -0.224824 -0.6639662
vn 0.713165 0.04637695 -0.6994606
vn 0.7131644 0.04637723 -0.6994612
vn 0.7131643 -0.2248347 -0.6639625
vn -0.5646032 -0.05460385 -0.8235543
vn -0.5646034 -0.3656072 -0.7399693
vn 0.7131644 0.04637723 -0.6994612
vn 0.7131646 -0.4617994 -0.5273877
vn 0.7131643 -0.2248347 -0.6639625
vn 0.7131642 -0.224824 -0.6639662
vn 0.7131634 -0.4617941 -0.5273939
vn -0.5646034 -0.3656072 -0.7399693
vn -0.5646045 -0.6209519 -0.5437285
vn 0.7131642 -0.224824 -0.6639662
vn 0.7131642 -0.6284712 -0.3105173
vn 0.7131634 -0.4617941 -0.5273939
vn 0.7131646 -0.4617994 -0.5273877
vn 0.7131659 -0.628467 -0.3105217
vn -0.5646045 -0.6209519 -0.5437285
vn -0.564603 -0.7817619 -0.2647111
vn 0.7131646 -0.4617994 -0.5273877
vn 0.7131644 -0.699461 -0.04637733
vn 0.7131659 -0.628467 -0.3105217
vn 0.7131642 -0.6284712 -0.3105173
vn 0.7131625 -0.6994635 -0.04637005
vn -0.564603 -0.7817619 -0.2647111
vn -0.5646035 -0.823554 0.05460537
vn 0.7131642 -0.6284712 -0.3105173
vn 0.7131642 -0.6639659 0.2248253
vn 0.7131625 -0.6994635 -0.04637005
vn 0.7131644 -0.699461 -0.04637733
vn 0.7131656 -0.6639678 0.2248148
vn -0.5646035 -0.823554 0.05460537
vn -0.5646027 -0.73997 0.3656068
vn 0.7131644 -0.699461 -0.04637733
vn 1 -2.965882E-08 -2.980232E-08
vn 0.7278697 -0.4631492 -0.5056666
vn 1 -2.965882E-08 -2.980232E-08
vn 0.486941 -0.7564159 -0.4367192
vn 0.7278641 -0.6694996 -0.1482712
vn 1 -2.965882E-08 -2.980232E-08
vn 0.7278534 -0.6850737 0.03006335
vn 1 -2.965882E-08 -2.980232E-08
vn 0.72786 -0.6539429 0.2063456
vn 1 -2.965882E-08 -2.980232E-08
vn 0.727864 -0.5782533 0.3685613
vn 1 -2.965882E-08 -2.980232E-08
vn 0.7278593 -0.4631578 0.5056735
vn 1 -2.965882E-08 -2.980232E-08
vn 0.7278692 -0.3164974 0.6083059
vn 1 -2.965882E-08 -2.980232E-08
vn 0.7278649 -0.1482712 0.6694986
vn 1 -2.965882E-08 -2.980232E-08
vn 0.7278591 0.03006598 0.6850674
vn 1 -2.965882E-08 -2.980232E-08
vn 0.7278655 0.2063436 0.6539374
vn 1 -2.965882E-08 -2.980232E-08
vn 0.7278552 0.3685709 0.5782581
vn 1 -2.965882E-08 -2.980232E-08
vn 0.7278556 0.5056772 0.4631597
vn 1 -2.965882E-08 -2.980232E-08
vn 0.7278556 0.6083198 0.3165016
vn 1 -2.965882E-08 -2.980232E-08
vn 0.7278548 0.6695099 0.1482694
vn 1 -2.965882E-08 -2.980232E-08
vn 0.7278534 0.6850736 -0.03006338
vn 1 -2.965882E-08 -2.980232E-08
vn 0.7278557 0.6539462 -0.2063506
vn 1 -2.965882E-08 -2.980232E-08
vn 0.727859 0.5782557 -0.3685671
vn 1 -2.965882E-08 -2.980232E-08
vn 0.7278631 0.463153 -0.5056725
vn 1 -2.965882E-08 -2.980232E-08
vn 0.7278562 0.3164986 -0.6083208
vn 1 -2.965882E-08 -2.980232E-08
vn 0.7278556 0.1482692 -0.6695093
vn 1 -2.965882E-08 -2.980232E-08
vn 0.7278541 -0.03006335 -0.6850728
vn 1 -2.965882E-08 -2.980232E-08
vn 0.7278565 -0.2063504 -0.6539454
vn 1 -2.965882E-08 -2.980232E-08
vn 0.9006351 -0.2172865 -0.3763549
vn 1 -2.965882E-08 -2.980232E-08
vn -0.4122723 -0.455531 -0.7890013
vn -0.6912379 -0.532887 -0.4880796
vn -1 2.965882E-08 2.980232E-08
vn -0.691257 -0.1562435 -0.7055154
vn -1 2.965882E-08 2.980232E-08
vn -0.6912577 0.03167871 -0.7219138
vn -1 2.965882E-08 2.980232E-08
vn -0.691256 0.2174488 -0.6891162
vn -1 2.965882E-08 2.980232E-08
vn -0.6912524 0.3883916 -0.6093621
vn -1 2.965882E-08 2.980232E-08
vn -0.6912498 0.5328789 -0.4880716
vn -1 2.965882E-08 2.980232E-08
vn -0.6912559 0.6410363 -0.3335235
vn -1 2.965882E-08 2.980232E-08
vn -0.6912578 0.7055147 -0.1562433
vn -1 2.965882E-08 2.980232E-08
vn -0.6912584 0.721913 0.03167868
vn -1 2.965882E-08 2.980232E-08
vn -0.6912569 0.6891156 0.2174485
vn -1 2.965882E-08 2.980232E-08
vn -0.6912563 0.6093566 0.3883933
vn -1 2.965882E-08 2.980232E-08
vn -0.6912568 0.4880676 0.5328734
vn -1 2.965882E-08 2.980232E-08
vn -0.691251 0.3335218 0.6410425
vn -1 2.965882E-08 2.980232E-08
vn -0.6912465 0.1562449 0.7055253
vn -1 2.965882E-08 2.980232E-08
vn -0.6912529 -0.03167941 0.7219182
vn -1 2.965882E-08 2.980232E-08
vn -0.6912411 -0.2174572 0.6891285
vn -1 2.965882E-08 2.980232E-08
vn -0.6912475 -0.3883995 0.6093627
vn -1 2.965882E-08 2.980232E-08
vn -0.6912529 -0.5328769 0.4880694
vn -1 2.965882E-08 2.980232E-08
vn -0.691247 -0.6410471 0.3335211
vn -1 2.965882E-08 2.980232E-08
vn -0.6912578 -0.7055146 0.1562434
vn -1 2.965882E-08 2.980232E-08
vn -0.6912534 -0.7219176 -0.03168301
vn -1 2.965882E-08 2.980232E-08
vn -0.6912417 -0.689128 -0.2174568
vn -1 2.965882E-08 2.980232E-08
vn -0.8914617 -0.3923917 -0.2265497
vn -1 2.965882E-08 2.980232E-08
vn -1 2.965882E-08 2.980232E-08
vn 0.5630382 -0.609433 -0.5581931
vn -0.07835081 -0.8406783 -0.5358371
vn -0.07834818 -0.6733495 -0.7351613
vn 0.5630525 -0.7331281 -0.3814383
vn -4.204538E-08 -0.7071047 -0.707109
vn -4.058651E-08 -0.8660231 -0.5000045
vn 0.07834797 -0.7351606 -0.6733505
vn 0.07835075 -0.8843829 -0.4601395
vn -0.5630831 -0.6968774 -0.4441841
vn -0.563079 -0.5581738 -0.609413
vn -0.5630806 -0.788096 -0.2486868
vn 0.07835088 -0.9733409 -0.2155657
vn -3.636175E-08 -0.9659246 -0.2588241
vn -0.07835318 -0.9507179 -0.2999942
vn 0.563085 -0.8068497 -0.1786871
vn -0.5630814 -0.8256066 -0.03623914
vn 0.07835037 -0.9959675 0.04370481
vn -2.965882E-08 -1 3.576279E-07
vn -0.07835199 -0.9959673 -0.04370827
vn 0.5630852 -0.8256044 0.03623177
vn -0.5630556 -0.8068691 0.1786917
vn 0.07834852 -0.950718 0.299995
vn -2.093473E-08 -0.9659253 0.2588215
vn -0.07835093 -0.9733422 0.2155606
vn 0.5630844 -0.7880949 0.2486817
vn -0.56304 -0.7331383 0.3814371
vn 0.07834873 -0.8406824 0.535831
vn -1.07842E-08 -0.8660263 0.4999988
vn -0.07834973 -0.8843853 0.460135
vn 0.5630815 -0.6968812 0.4441801
vn -0.5630392 -0.6094368 0.558188
vn 0.07835054 -0.6733514 0.7351593
vn 1.011904E-10 -0.7071113 0.7071024
vn -0.07835006 -0.7351627 0.6733478
vn 0.5630849 -0.5581751 0.6094064
vn -0.5630388 -0.4441954 0.696906
vn 0.07835057 -0.4601349 0.8843852
vn 1.098012E-08 -0.5000005 0.8660253
vn -0.07834835 -0.5358381 0.8406779
vn 0.5630825 -0.381426 0.7331114
vn -0.5630377 -0.2486923 0.7881248
vn 0.0783523 -0.2155606 0.9733421
vn 2.111039E-08 -0.2588234 0.9659248
vn -0.07834809 -0.2999948 0.9507181
vn 0.5630814 -0.1786831 0.806853
vn -0.5630387 -0.03623077 0.825636
vn 0.078352 0.04370778 0.9959673
vn 2.980232E-08 3.576279E-07 1
vn -0.07835023 -0.04370495 0.9959675
vn 0.5630826 0.03623232 0.825606
vn -0.5630452 0.1786895 0.8068769
vn 0.07835262 0.2999911 0.9507189
vn 3.64631E-08 0.2588196 0.9659258
vn -0.07834776 0.2155581 0.973343
vn 0.5630845 0.2486796 0.7880955
vn -0.5630431 0.381436 0.7331365
vn 0.07835075 0.5358321 0.8406814
vn 4.063901E-08 0.5000026 0.866024
vn -0.0783481 0.4601375 0.8843842
vn 0.5630849 0.4441846 0.6968756
vn -0.5630405 0.5581888 0.6094348
vn 0.0783482 0.7351595 0.6733515
vn 4.204538E-08 0.7071059 0.7071078
vn -0.07834765 0.6733495 0.7351614
vn 0.5630792 0.6094118 0.5581748
vn -0.5630404 0.6969046 0.4441954
vn 0.07835082 0.884385 0.4601352
vn 4.05865E-08 0.8660233 0.5000039
vn -0.07834861 0.8406792 0.5358361
vn 0.5630822 0.7331117 0.3814259
vn -0.5630455 0.7881202 0.2486891
vn 0.07835232 0.9733423 0.2155594
vn 3.636172E-08 0.9659249 0.2588229
vn -0.07835144 0.9507173 0.2999969
vn 0.5630859 0.8068488 0.178688
vn -0.563072 0.825613 0.03623725
vn 0.07835153 0.9959673 -0.04370904
vn 2.965882E-08 1 -3.576279E-07
vn -0.0783517 0.9959673 0.04370751
vn 0.563085 0.8256044 -0.03623325
vn -0.5630859 0.8068488 -0.1786886
vn 0.07835127 0.9507177 -0.2999955
vn 2.093479E-08 0.9659256 -0.2588201
vn -0.078352 0.9733421 -0.2155609
vn 0.5630705 0.7881029 -0.2486877
vn -0.5630821 0.7331115 -0.3814264
vn 0.07835033 0.8406777 -0.5358381
vn 1.078397E-08 0.8660234 -0.5000038
vn -0.07835232 0.8843864 -0.4601325
vn 0.5630407 0.6969052 -0.4441942
vn -0.5630836 0.6094126 -0.5581695
vn 0.07834636 0.6733509 -0.7351604
vn -1.016157E-10 0.7071041 -0.7071095
vn -0.07834917 0.7351601 -0.6733508
vn 0.5630404 0.5581927 -0.6094314
vn -0.5630848 0.4441805 -0.6968781
vn 0.07834578 0.4601335 -0.8843865
vn -1.098005E-08 0.5000021 -0.8660244
vn -0.07834909 0.535836 -0.840679
vn 0.5630397 0.381436 -0.7331392
vn -0.5630814 0.2486741 -0.7880993
vn 0.07834867 0.2155578 -0.973343
vn -2.111056E-08 0.2588188 -0.965926
vn -0.07835199 0.2999893 -0.9507195
vn 0.5630377 0.1786903 -0.806882
vn -0.5630823 0.03623319 -0.8256062
vn 0.07835001 -0.04370528 -0.9959675
vn -2.980232E-08 -3.576279E-07 -1
vn -0.07835201 0.0437082 -0.9959673
vn 0.5630387 -0.03623025 -0.8256361
vn -0.5630826 -0.1786891 -0.8068508
vn 0.07834809 -0.3000002 -0.9507164
vn -3.64632E-08 -0.2588237 -0.9659247
vn -0.07835341 -0.2155554 -0.9733431
vn 0.5630381 -0.2486882 -0.7881258
vn -0.5630801 -0.3814308 -0.7331109
vn 0.07834862 -0.5358368 -0.8406788
vn -4.063903E-08 -0.5000045 -0.8660229
vn -0.07835148 -0.4601348 -0.8843852
vn 0.5630406 -0.4441942 -0.6969053
vn -0.9802725 0.1062345 0.1666742
vn -0.563079 -0.5581738 -0.609413
vn -0.9802749 0.145745 0.1334905
vn -0.5630801 -0.3814308 -0.7331109
vn -0.4986707 0.5854511 0.6391986
vn -0.4986421 0.4000761 0.7689573
vn -0.9802749 0.145745 0.1334905
vn -0.9802662 0.05948626 0.1885199
vn -0.5630801 -0.3814308 -0.7331109
vn -0.9802725 0.1062345 0.1666742
vn -0.5630826 -0.1786891 -0.8068508
vn -0.4986421 0.4000761 0.7689573
vn -0.4986272 0.1874256 0.8463113
vn -0.9802725 0.1062345 0.1666742
vn -0.9802639 0.008667474 0.197503
vn -0.5630826 -0.1786891 -0.8068508
vn -0.9802662 0.05948626 0.1885199
vn -0.5630823 0.03623319 -0.8256062
vn -0.4986272 0.1874256 0.8463113
vn -0.4986314 -0.03800226 0.8659809
vn -0.9802662 0.05948626 0.1885199
vn -0.9802657 -0.04274308 0.1930084
vn -0.5630823 0.03623319 -0.8256062
vn -0.9802639 0.008667474 0.197503
vn -0.5630814 0.2486741 -0.7880993
vn -0.4986314 -0.03800226 0.8659809
vn -0.4986356 -0.2608372 0.8266358
vn -0.9802639 0.008667474 0.197503
vn -0.9802657 -0.09124102 0.1753688
vn -0.5630814 0.2486741 -0.7880993
vn -0.9802657 -0.04274308 0.1930084
vn -0.5630848 0.4441805 -0.6968781
vn -0.4986356 -0.2608372 0.8266358
vn -0.4986338 -0.4658975 0.7309611
vn -0.9802657 -0.04274308 0.1930084
vn -0.9802672 -0.1335151 0.1457736
vn -0.5630848 0.4441805 -0.6968781
vn -0.9802657 -0.09124102 0.1753688
vn -0.5630836 0.6094126 -0.5581695
vn -0.4986338 -0.4658975 0.7309611
vn -0.4986502 -0.6392059 0.5854605
vn -0.9802657 -0.09124102 0.1753688
vn -0.9802698 -0.1666846 0.1062416
vn -0.5630836 0.6094126 -0.5581695
vn -0.9802672 -0.1335151 0.1457736
vn -0.5630821 0.7331115 -0.3814264
vn -0.4986502 -0.6392059 0.5854605
vn -0.4986421 -0.7689573 0.4000761
vn -0.9802672 -0.1335151 0.1457736
vn -0.9802645 -0.188527 0.05948895
vn -0.5630821 0.7331115 -0.3814264
vn -0.9802698 -0.1666846 0.1062416
vn -0.5630859 0.8068488 -0.1786886
vn -0.4986421 -0.7689573 0.4000761
vn -0.4986273 -0.8463112 0.1874256
vn -0.9802698 -0.1666846 0.1062416
vn -0.9802631 -0.1975071 0.008672979
vn -0.5630859 0.8068488 -0.1786886
vn -0.9802645 -0.188527 0.05948895
vn -0.563072 0.825613 0.03623725
vn -0.4986273 -0.8463112 0.1874256
vn -0.4986291 -0.8659824 -0.03799698
vn -0.9802645 -0.188527 0.05948895
vn -0.9802687 -0.1929954 -0.04273226
vn -0.563072 0.825613 0.03623725
vn -0.9802631 -0.1975071 0.008672979
vn -0.5630455 0.7881202 0.2486891
vn -0.4986291 -0.8659824 -0.03799698
vn -0.498634 -0.826636 -0.2608394
vn -0.9802631 -0.1975071 0.008672979
vn -0.980276 -0.1753235 -0.09121775
vn -0.5630455 0.7881202 0.2486891
vn -0.9802687 -0.1929954 -0.04273226
vn -0.5630404 0.6969046 0.4441954
vn -0.498634 -0.826636 -0.2608394
vn -0.4986504 -0.7309501 -0.465897
vn -0.9802687 -0.1929954 -0.04273226
vn -0.9802794 -0.1457271 -0.133476
vn -0.5630404 0.6969046 0.4441954
vn -0.980276 -0.1753235 -0.09121775
vn -0.5630405 0.5581888 0.6094348
vn -0.4986504 -0.7309501 -0.465897
vn -0.4986523 -0.5854563 -0.6392082
vn -0.980276 -0.1753235 -0.09121775
vn -0.9802794 -0.1062163 -0.1666444
vn -0.5630405 0.5581888 0.6094348
vn -0.9802794 -0.1457271 -0.133476
vn -0.5630431 0.381436 0.7331365
vn -0.4986523 -0.5854563 -0.6392082
vn -0.498647 -0.4000768 -0.7689537
vn -0.9802794 -0.1457271 -0.133476
vn -0.9802755 -0.05947225 -0.1884761
vn -0.5630431 0.381436 0.7331365
vn -0.9802794 -0.1062163 -0.1666444
vn -0.5630452 0.1786895 0.8068769
vn -0.498647 -0.4000768 -0.7689537
vn -0.4986488 -0.1874227 -0.8462992
vn -0.9802794 -0.1062163 -0.1666444
vn -0.9802808 -0.008663372 -0.1974195
vn -0.5630452 0.1786895 0.8068769
vn -0.9802755 -0.05947225 -0.1884761
vn -0.5630387 -0.03623077 0.825636
vn -0.4986488 -0.1874227 -0.8462992
vn -0.498661 0.0380115 -0.8659634
vn -0.9802755 -0.05947225 -0.1884761
vn -0.980279 0.04273252 -0.1929431
vn -0.5630387 -0.03623077 0.825636
vn -0.9802808 -0.008663372 -0.1974195
vn -0.5630377 -0.2486923 0.7881248
vn -0.498661 0.0380115 -0.8659634
vn -0.4986374 0.2608449 -0.8266323
vn -0.9802808 -0.008663372 -0.1974195
vn -0.9802762 0.09121948 -0.1753216
vn -0.5630377 -0.2486923 0.7881248
vn -0.980279 0.04273252 -0.1929431
vn -0.5630388 -0.4441954 0.696906
vn -0.4986374 0.2608449 -0.8266323
vn -0.4986306 0.465906 -0.7309578
vn -0.980279 0.04273252 -0.1929431
vn -0.9802735 0.1334963 -0.1457491
vn -0.5630388 -0.4441954 0.696906
vn -0.9802762 0.09121948 -0.1753216
vn -0.5630392 -0.6094368 0.558188
vn -0.4986306 0.465906 -0.7309578
vn -0.4986341 0.639212 -0.5854676
vn -0.9802762 0.09121948 -0.1753216
vn -0.9802776 0.1666515 -0.106222
vn -0.5630392 -0.6094368 0.558188
vn -0.9802735 0.1334963 -0.1457491
vn -0.56304 -0.7331383 0.3814371
vn -0.4986341 0.639212 -0.5854676
vn -0.498649 0.7689551 -0.4000718
vn -0.9802735 0.1334963 -0.1457491
vn -0.9802772 0.1884693 -0.05946298
vn -0.56304 -0.7331383 0.3814371
vn -0.9802776 0.1666515 -0.106222
vn -0.5630556 -0.8068691 0.1786917
vn -0.498649 0.7689551 -0.4000718
vn -0.4986348 0.8463091 -0.1874156
vn -0.9802776 0.1666515 -0.106222
vn -0.9802673 0.1974872 -0.008655643
vn -0.5630556 -0.8068691 0.1786917
vn -0.9802772 0.1884693 -0.05946298
vn -0.5630814 -0.8256066 -0.03623914
vn -0.4986348 0.8463091 -0.1874156
vn -0.4986444 0.8659731 0.03800894
vn -0.9802772 0.1884693 -0.05946298
vn -0.9802721 0.1929774 0.04273582
vn -0.5630814 -0.8256066 -0.03623914
vn -0.9802673 0.1974872 -0.008655643
vn -0.5630806 -0.788096 -0.2486868
vn -0.4986444 0.8659731 0.03800894
vn -0.4986658 0.8266174 0.2608378
vn -0.9802673 0.1974872 -0.008655643
vn -0.9802715 0.1753424 0.09122976
vn -0.5630806 -0.788096 -0.2486868
vn -0.9802721 0.1929774 0.04273582
vn -0.5630831 -0.6968774 -0.4441841
vn -0.4986658 0.8266174 0.2608378
vn -0.4986584 0.7309456 0.4658954
vn -0.9802721 0.1929774 0.04273582
vn -0.9802749 0.145745 0.1334905
vn -0.5630831 -0.6968774 -0.4441841
vn -0.9802715 0.1753424 0.09122976
vn -0.563079 -0.5581738 -0.609413
vn -0.4986584 0.7309456 0.4658954
vn -0.9802749 0.145745 0.1334905
vn -0.4986707 0.5854511 0.6391986
vn 0.7131635 0.224825 0.6639666
vn 0.3006746 0.03351181 0.9531379
vn 0.713165 -0.04638204 0.6994601
vn 0.2900678 0.3447295 0.8927612
vn 0.7131655 0.4617961 0.5273892
vn 0.2900678 0.3447295 0.8927612
vn 0.7131635 0.224825 0.6639666
vn 0.183872 0.6316488 0.7531342
vn 0.7131635 0.6284741 0.3105128
vn 0.183872 0.6316488 0.7531342
vn 0.7131655 0.4617961 0.5273892
vn 3.765029E-08 0.947174 0.3207207
vn 0.7131648 0.6994606 0.04637861
vn 3.765029E-08 0.947174 0.3207207
vn 0.7131635 0.6284741 0.3105128
vn 2.762208E-08 0.9978091 -0.06616173
vn 0.7131642 0.6639645 -0.2248292
vn 2.762208E-08 0.9978091 -0.06616173
vn 0.7131648 0.6994606 0.04637861
vn 1.338891E-08 0.896539 -0.4429653
vn 0.7131642 0.5273918 -0.4617953
vn 1.338891E-08 0.896539 -0.4429653
vn 0.7131642 0.6639645 -0.2248292
vn 0.1838666 0.7531397 -0.6316438
vn 0.713164 0.3105192 -0.6284705
vn 0.1838666 0.7531397 -0.6316438
vn 0.7131642 0.5273918 -0.4617953
vn 0.2309877 0.2892186 -0.9289766
vn 0.713165 0.04637695 -0.6994606
vn 0.2309877 0.2892186 -0.9289766
vn 0.713164 0.3105192 -0.6284705
vn 0.3006691 -0.03351771 -0.9531395
vn 0.7131643 -0.2248347 -0.6639625
vn 0.3006691 -0.03351771 -0.9531395
vn 0.713165 0.04637695 -0.6994606
vn 0.2900605 -0.3447373 -0.8927605
vn 0.7131634 -0.4617941 -0.5273939
vn 0.2900605 -0.3447373 -0.8927605
vn 0.7131643 -0.2248347 -0.6639625
vn -4.194661E-08 -0.7523253 -0.658792
vn 0.7131659 -0.628467 -0.3105217
vn -4.194661E-08 -0.7523253 -0.658792
vn 0.7131634 -0.4617941 -0.5273939
vn -3.765002E-08 -0.9471785 -0.3207072
vn 0.7131625 -0.6994635 -0.04637005
vn -3.765002E-08 -0.9471785 -0.3207072
vn 0.7131659 -0.628467 -0.3105217
vn -2.762247E-08 -0.9978099 0.06614925
vn 0.7131656 -0.6639678 0.2248148
vn -2.762247E-08 -0.9978099 0.06614925
vn 0.7131625 -0.6994635 -0.04637005
vn -1.338883E-08 -0.8965381 0.442967
vn 0.7131646 -0.5273805 0.4618077
vn -1.338883E-08 -0.8965381 0.442967
vn 0.7131656 -0.6639678 0.2248148
vn 0.1838712 -0.7531312 0.6316525
vn 0.230992 -0.289222 0.9289744
vn 0.2588001 -0.6632585 0.7022185
vn 0.1838712 -0.7531312 0.6316525
vn 0.3396077 -0.03445124 0.9399362
vn 0.3006746 0.03351181 0.9531379
vn 0.3498626 0.03331559 0.9362085
vn 0.2900678 0.3447295 0.8927612
vn 0.2190647 0.08199951 0.9722586
vn 0.183872 0.6316488 0.7531342
vn 0.258793 0.7022229 0.6632566
vn 0.4527521 0.8584482 0.241003
vn 0.3395959 0.9399404 0.03445044
vn 0.5711691 0.8208301 0.001967251
vn 0.3498497 0.9362134 -0.0333158
vn 0.5540869 0.8046247 -0.2134638
vn 0.219054 0.972261 -0.08200063
vn 0.1838666 0.7531397 -0.6316438
vn 0.2587946 0.6632589 -0.7022203
vn 0.2309877 0.2892186 -0.9289766
vn 0.3396014 0.0344501 -0.9399384
vn 0.3006691 -0.03351771 -0.9531395
vn 0.3498558 -0.03331707 -0.936211
vn 0.2900605 -0.3447373 -0.8927605
vn 0.2190586 -0.08200055 -0.9722601
vn 0.369638 -0.4616233 -0.8063944
vn 0.2587945 -0.7022143 -0.6632652
vn 0.4527626 -0.8584419 -0.2410052
vn 0.3396018 -0.9399385 -0.0344439
vn 0.5711719 -0.8208282 -0.001966576
vn 0.3498536 -0.9362122 0.03330962
vn 0.5540978 -0.8046198 0.213454
vn 0.2190602 -0.9722596 0.0820009
vn 0.5630406 -0.4441942 -0.6969053
vn 0.9802774 0.1334814 0.1457357
vn 0.5630382 -0.609433 -0.5581931
vn 0.9802749 0.09122025 0.1753286
vn 0.498637 0.4658971 0.7309591
vn 0.9802749 0.09122025 0.1753286
vn 0.4986526 0.6392052 0.5854592
vn 0.9802749 0.09122025 0.1753286
vn 0.5630381 -0.2486882 -0.7881258
vn 0.980279 0.0427316 0.1929434
vn 0.5630406 -0.4441942 -0.6969053
vn 0.4986369 0.2608399 0.826634
vn 0.9802749 0.09122025 0.1753286
vn 0.498637 0.4658971 0.7309591
vn 0.980279 0.0427316 0.1929434
vn 0.5630387 -0.03623025 -0.8256361
vn 0.9802817 -0.008666032 0.1974149
vn 0.5630381 -0.2486882 -0.7881258
vn 0.4986583 0.03800344 0.8659652
vn 0.980279 0.0427316 0.1929434
vn 0.4986369 0.2608399 0.826634
vn 0.9802817 -0.008666032 0.1974149
vn 0.5630377 0.1786903 -0.806882
vn 0.9802757 -0.059471 0.1884748
vn 0.5630387 -0.03623025 -0.8256361
vn 0.4986509 -0.1874221 0.8462981
vn 0.9802817 -0.008666032 0.1974149
vn 0.4986583 0.03800344 0.8659652
vn 0.9802757 -0.059471 0.1884748
vn 0.5630397 0.381436 -0.7331392
vn 0.9802756 -0.1062257 0.1666611
vn 0.5630377 0.1786903 -0.806882
vn 0.4986363 -0.4000747 0.7689617
vn 0.9802757 -0.059471 0.1884748
vn 0.4986509 -0.1874221 0.8462981
vn 0.9802756 -0.1062257 0.1666611
vn 0.5630404 0.5581927 -0.6094314
vn 0.9802774 -0.1457361 0.1334811
vn 0.5630397 0.381436 -0.7331392
vn 0.4986438 -0.585464 0.6392077
vn 0.9802756 -0.1062257 0.1666611
vn 0.4986363 -0.4000747 0.7689617
vn 0.9802774 -0.1457361 0.1334811
vn 0.5630407 0.6969052 -0.4441942
vn 0.9802755 -0.1753273 0.09121634
vn 0.5630404 0.5581927 -0.6094314
vn 0.4986392 -0.7309563 0.4658992
vn 0.9802774 -0.1457361 0.1334811
vn 0.4986438 -0.585464 0.6392077
vn 0.9802755 -0.1753273 0.09121634
vn 0.5630705 0.7881029 -0.2486877
vn 0.9802726 -0.1929771 0.04272677
vn 0.5630407 0.6969052 -0.4441942
vn 0.4986744 -0.8266134 0.2608335
vn 0.9802755 -0.1753273 0.09121634
vn 0.4986392 -0.7309563 0.4658992
vn 0.9802726 -0.1929771 0.04272677
vn 0.563085 0.8256044 -0.03623325
vn 0.9802637 -0.1975049 -0.008666504
vn 0.5630705 0.7881029 -0.2486877
vn 0.4986497 -0.8659705 0.03799867
vn 0.9802726 -0.1929771 0.04272677
vn 0.4986744 -0.8266134 0.2608335
vn 0.9802637 -0.1975049 -0.008666504
vn 0.5630859 0.8068488 0.178688
vn 0.9802663 -0.1885189 -0.05948684
vn 0.563085 0.8256044 -0.03623325
vn 0.4986342 -0.8463074 -0.1874246
vn 0.9802637 -0.1975049 -0.008666504
vn 0.4986497 -0.8659705 0.03799867
vn 0.9802663 -0.1885189 -0.05948684
vn 0.5630822 0.7331117 0.3814259
vn 0.9802725 -0.1666743 -0.1062344
vn 0.5630859 0.8068488 0.178688
vn 0.4986471 -0.768954 -0.4000764
vn 0.9802663 -0.1885189 -0.05948684
vn 0.4986342 -0.8463074 -0.1874246
vn 0.9802725 -0.1666743 -0.1062344
vn 0.5630792 0.6094118 0.5581748
vn 0.9802743 -0.1334927 -0.1457462
vn 0.5630822 0.7331117 0.3814259
vn 0.4986707 -0.6391996 -0.5854499
vn 0.9802725 -0.1666743 -0.1062344
vn 0.4986471 -0.768954 -0.4000764
vn 0.9802743 -0.1334927 -0.1457462
vn 0.5630849 0.4441846 0.6968756
vn 0.9802663 -0.09123816 -0.175367
vn 0.5630792 0.6094118 0.5581748
vn 0.4986587 -0.4658919 -0.7309476
vn 0.9802743 -0.1334927 -0.1457462
vn 0.4986707 -0.6391996 -0.5854499
vn 0.9802663 -0.09123816 -0.175367
vn 0.5630845 0.2486796 0.7880955
vn 0.9802639 -0.04274628 -0.1930163
vn 0.5630849 0.4441846 0.6968756
vn 0.4986329 -0.2608369 -0.8266376
vn 0.9802663 -0.09123816 -0.175367
vn 0.4986587 -0.4658919 -0.7309476
vn 0.9802639 -0.04274628 -0.1930163
vn 0.5630826 0.03623232 0.825606
vn 0.9802644 0.008667194 -0.1975008
vn 0.5630845 0.2486796 0.7880955
vn 0.4986294 -0.03800287 -0.8659819
vn 0.9802639 -0.04274628 -0.1930163
vn 0.4986329 -0.2608369 -0.8266376
vn 0.9802644 0.008667194 -0.1975008
vn 0.5630814 -0.1786831 0.806853
vn 0.9802665 0.05948463 -0.1885184
vn 0.5630826 0.03623232 0.825606
vn 0.4986347 0.1874209 -0.8463078
vn 0.9802644 0.008667194 -0.1975008
vn 0.4986294 -0.03800287 -0.8659819
vn 0.9802665 0.05948463 -0.1885184
vn 0.5630825 -0.381426 0.7331114
vn 0.9802658 0.1062512 -0.166702
vn 0.5630814 -0.1786831 0.806853
vn 0.4986323 0.4000758 -0.7689639
vn 0.9802665 0.05948463 -0.1885184
vn 0.4986347 0.1874209 -0.8463078
vn 0.9802658 0.1062512 -0.166702
vn 0.5630849 -0.5581751 0.6094064
vn 0.9802693 0.1457655 -0.1335089
vn 0.5630825 -0.381426 0.7331114
vn 0.4986409 0.5854648 -0.6392092
vn 0.9802658 0.1062512 -0.166702
vn 0.4986323 0.4000758 -0.7689639
vn 0.9802693 0.1457655 -0.1335089
vn 0.5630815 -0.6968812 0.4441801
vn 0.9802681 0.1753575 -0.09123627
vn 0.5630849 -0.5581751 0.6094064
vn 0.498652 0.7309505 -0.4658946
vn 0.9802693 0.1457655 -0.1335089
vn 0.4986409 0.5854648 -0.6392092
vn 0.9802681 0.1753575 -0.09123627
vn 0.5630844 -0.7880949 0.2486817
vn 0.9802642 0.1930156 -0.04274555
vn 0.5630815 -0.6968812 0.4441801
vn 0.4986415 0.8266305 -0.2608424
vn 0.9802681 0.1753575 -0.09123627
vn 0.498652 0.7309505 -0.4658946
vn 0.9802642 0.1930156 -0.04274555
vn 0.5630852 -0.8256044 0.03623177
vn 0.9802679 0.1974838 0.00866181
vn 0.5630844 -0.7880949 0.2486817
vn 0.4986312 0.8659808 -0.03800483
vn 0.9802642 0.1930156 -0.04274555
vn 0.4986415 0.8266305 -0.2608424
vn 0.9802679 0.1974838 0.00866181
vn 0.563085 -0.8068497 -0.1786871
vn 0.980278 0.1884654 0.05946464
vn 0.5630852 -0.8256044 0.03623177
vn 0.4986725 0.8462867 0.1874164
vn 0.9802679 0.1974838 0.00866181
vn 0.4986312 0.8659808 -0.03800483
vn 0.980278 0.1884654 0.05946464
vn 0.5630525 -0.7331281 -0.3814383
vn 0.9802802 0.1666441 0.1062086
vn 0.563085 -0.8068497 -0.1786871
vn 0.4986673 0.768944 0.4000702
vn 0.980278 0.1884654 0.05946464
vn 0.4986725 0.8462867 0.1874164
vn 0.5630382 -0.609433 -0.5581931
vn 0.9802802 0.1666441 0.1062086
vn 0.5630525 -0.7331281 -0.3814383
vn 0.9802774 0.1334814 0.1457357
vn 0.9802802 0.1666441 0.1062086
vn 0.4986526 0.6392052 0.5854592
vn 0.4986673 0.768944 0.4000702
vn 0.6305538 -0.7366765 0.2443557
vn 0.5998176 0.6504973 -0.4659102
vn 0.5998176 0.6504973 -0.4659102
vn 0.5957826 -0.6906099 0.4100015
vn 0.4505953 0.8623676 -0.230838
vn 0.4671923 0.1720734 -0.8672498
vn 0.4706815 0.8798512 0.0657342
vn 0.2649787 0.1324872 0.9551092
vn 0.6969983 0.7125425 0.08047781
vn 0.6879952 -0.6218328 -0.3741479
vn 0.4523568 0.7879266 0.4177862
vn 0.5617212 -0.5583395 -0.610513
vn 0.6879952 -0.6218328 -0.3741479
vn 0.3918899 0.6653411 -0.6354082
vn 0.6969983 0.7125425 0.08047781
vn 0.320697 -0.5518104 -0.7698435
vn 0.5617212 -0.5583395 -0.610513

vt 0.163904 0.919831
vt 0.177657 0.933584
vt 0.177657 0.919831
vt 0.163904 0.933584
vt 0.163904 0.919831
vt 0.177657 0.933584
vt 0.177657 0.919831
vt 0.163904 0.919831
vt 0.177657 0.933584
vt 0.163904 0.933584
vt 0.163904 0.919831
vt 0.177657 0.933584
vt 0.163904 0.933584
vt 0.163904 0.919831
vt 0.177657 0.919831
vt 0.163904 0.919831
vt 0.177657 0.919831
vt 0.163904 0.933584
vt 0.163904 0.919831
vt 0.177657 0.933584
vt 0.163904 0.933584
vt 0.163904 0.919831
vt 0.177657 0.933584
vt 0.177657 0.919831
vt 0.163904 0.933584
vt 0.163904 0.919831
vt 0.177657 0.933584
vt 0.177657 0.919831
vt 0.177657 0.933584
vt 0.177657 0.919831
vt 0.163904 0.933584
vt 0.163904 0.919831
vt 0.177657 0.919831
vt 0.163904 0.933584
vt 0.177657 0.933584
vt 0.177657 0.919831
vt 0.163904 0.933584
vt 0.163904 0.919831
vt 0.177657 0.933584
vt 0.177657 0.919831
vt 0.163904 0.919831
vt 0.177657 0.933584
vt 0.163904 0.933584
vt 0.163904 0.919831
vt 0.177657 0.919831
vt 0.177657 0.933584
vt 0.163904 0.919831
vt 0.177657 0.919831
vt 0.163904 0.933584
vt 0.177657 0.933584
vt 0.177657 0.919831
vt 0.163904 0.933584
vt 0.163904 0.919831
vt 0.177657 0.919831
vt 0.163904 0.919831
vt 0.177657 0.933584
vt 0.177657 0.919831
vt 0.177657 0.933584
vt 0.163904 0.933584
vt 0.163904 0.919831
vt 0.177657 0.933584
vt 0.177657 0.919831
vt 0.177657 0.919831
vt 0.163904 0.933584
vt 0.163904 0.919831
vt 0.177657 0.933584
vt 0.177657 0.919831
vt 0.163904 0.919831
vt 0.177657 0.933584
vt 0.177657 0.919831
vt 0.163904 0.933584
vt 0.177657 0.933584
vt 0.177657 0.919831
vt 0.163904 0.933584
vt 0.163904 0.919831
vt 0.177657 0.933584
vt 0.163904 0.933584
vt 0.163904 0.919831
vt 0.177657 0.933584
vt 0.163904 0.933584
vt 0.163904 0.919831
vt 0.177657 0.933584
vt 0.163904 0.933584
vt 0.163904 0.919831
vt 0.177657 0.933584
vt 0.177657 0.919831
vt 0.163904 0.919831
vt 0.177657 0.933584
vt 0.177657 0.919831
vt 0.163904 0.933584
vt 0.163904 0.919831
vt 0.177657 0.933584
vt 0.177657 0.919831
vt 0.163904 0.919831
vt 0.177657 0.919831
vt 0.163904 0.933584
vt 0.163904 0.919831
vt 0.177657 0.933584
vt 0.163904 0.933584
vt 0.163904 0.919831
vt 0.177657 0.919831
vt 0.163904 0.933584
vt 0.177657 0.933584
vt 0.163904 0.933584
vt 0.177657 0.919831
vt 0.163904 0.933584
vt 0.163904 0.919831
vt 0.177657 0.933584
vt 0.177657 0.919831
vt 0.163904 0.933584
vt 0.163904 0.919831
vt 0.177657 0.933584
vt 0.163904 0.933584
vt 0.163904 0.919831
vt 0.177657 0.933584
vt 0.177657 0.919831
vt 0.177657 0.933584
vt 0.177657 0.919831
vt 0.163904 0.933584
vt 0.177657 0.919831
vt 0.163904 0.933584
vt 0.163904 0.919831
vt 0.177657 0.919831
vt 0.163904 0.919831
vt 0.177657 0.933584
vt 0.163904 0.933584
vt 0.177657 0.933584
vt 0.177657 0.919831
vt 0.163904 0.919831
vt 0.177657 0.933584
vt 0.163904 0.919831
vt 0.177657 0.919831
vt 0.163904 0.933584
vt 0.163904 0.919831
vt 0.177657 0.933584
vt 0.177657 0.919831
vt 0.163904 0.933584
vt 0.163904 0.919831
vt 0.177657 0.933584
vt 0.177657 0.919831
vt 0.163904 0.919831
vt 0.177657 0.919831
vt 0.163904 0.933584
vt 0.163904 0.919831
vt 0.177657 0.933584
vt 0.163904 0.933584
vt 0.163904 0.919831
vt 0.177657 0.933584
vt 0.163904 0.933584
vt 0.163904 0.919831
vt 0.177657 0.933584
vt 0.163904 0.919831
vt 0.177657 0.919831
vt 0.163904 0.933584
vt 0.177657 0.933584
vt 0.163904 0.919831
vt 0.163904 0.933584
vt 0.177657 0.919831
vt 0.163904 0.919831
vt 0.177657 0.919831
vt 0.163904 0.933584
vt 0.163904 0.919831
vt 0.177657 0.933584
vt 0.177657 0.919831
vt 0.163904 0.919831
vt 0.177657 0.933584
vt 0.163904 0.933584
vt 0.163904 0.919831
vt 0.177657 0.933584
vt 0.177657 0.919831
vt 0.163904 0.919831
vt 0.177657 0.933584
vt 0.163904 0.933584
vt 0.177657 0.933584
vt 0.177657 0.919831
vt 0.163904 0.933584
vt 0.163904 0.919831
vt 0.177657 0.933584
vt 0.177657 0.919831
vt 0.163904 0.933584
vt 0.163904 0.919831
vt 0.177657 0.933584
vt 0.163904 0.933584
vt 0.163904 0.919831
vt 0.177657 0.933584
vt 0.177657 0.919831
vt 0.177657 0.933584
vt 0.177657 0.919831
vt 0.163904 0.933584
vt 0.177657 0.919831
vt 0.163904 0.933584
vt 0.163904 0.919831
vt 0.177657 0.919831
vt 0.163904 0.919831
vt 0.177657 0.933584
vt 0.163904 0.933584
vt 0.177657 0.933584
vt 0.177657 0.919831
vt 0.163904 0.919831
vt 0.177657 0.933584
vt 0.163904 0.919831
vt 0.177657 0.919831
vt 0.163904 0.933584
vt 0.163904 0.919831
vt 0.177657 0.933584
vt 0.177657 0.919831
vt 0.163904 0.933584
vt 0.163904 0.919831
vt 0.177657 0.919831
vt 0.163904 0.933584
vt 0.177657 0.933584
vt 0.163904 0.933584
vt 0.163904 0.919831
vt 0.177657 0.933584
vt 0.177657 0.919831
vt 0.163904 0.919831
vt 0.163904 0.933584
vt 0.163904 0.919831
vt 0.177657 0.933584
vt 0.163904 0.933584
vt 0.177657 0.919831
vt 0.163904 0.933584
vt 0.177657 0.933584
vt 0.177657 0.919831
vt 0.163904 0.933584
vt 0.163904 0.919831
vt 0.177657 0.933584
vt 0.177657 0.919831
vt 0.163904 0.933584
vt 0.163904 0.919831
vt 0.177657 0.933584
vt 0.163904 0.933584
vt 0.163904 0.919831
vt 0.177657 0.933584
vt 0.177657 0.919831
vt 0.177657 0.933584
vt 0.163904 0.933584
vt 0.163904 0.919831
vt 0.177657 0.919831
vt 0.163904 0.933584
vt 0.163904 0.919831
vt 0.177657 0.933584
vt 0.177657 0.919831
vt 0.163904 0.919831
vt 0.177657 0.933584
vt 0.177657 0.919831
vt 0.163904 0.933584
vt 0.177657 0.933584
vt 0.177657 0.919831
vt 0.163904 0.933584
vt 0.163904 0.919831
vt 0.177657 0.919831
vt 0.163904 0.933584
vt 0.163904 0.919831
vt 0.177657 0.919831
vt 0.163904 0.919831
vt 0.177657 0.933584
vt 0.163904 0.933584
vt 0.163904 0.919831
vt 0.177657 0.919831
vt 0.177657 0.933584
vt 0.163904 0.919831
vt 0.177657 0.933584
vt 0.177657 0.919831
vt 0.163904 0.919831
vt 0.177657 0.933584
vt 0.163904 0.933584
vt 0.163904 0.919831
vt 0.177657 0.933584
vt 0.177657 0.919831
vt 0.177657 0.933584
vt 0.177657 0.919831
vt 0.163904 0.933584
vt 0.177657 0.919831
vt 0.163904 0.933584
vt 0.163904 0.919831
vt 0.177657 0.933584
vt 0.177657 0.919831
vt 0.163904 0.919831
vt 0.177657 0.933584
vt 0.163904 0.919831
vt 0.177657 0.933584
vt 0.177657 0.919831
vt 0.163904 0.919831
vt 0.177657 0.933584
vt 0.163904 0.933584
vt 0.163904 0.919831
vt 0.177657 0.933584
vt 0.177657 0.919831
vt 0.163904 0.933584
vt 0.163904 0.919831
vt 0.177657 0.933584
vt 0.163904 0.933584
vt 0.177657 0.933584
vt 0.177657 0.919831
vt 0.163904 0.933584
vt 0.163904 0.919831
vt 0.177657 0.933584
vt 0.163904 0.933584
vt 0.163904 0.919831
vt 0.177657 0.933584
vt 0.163904 0.933584
vt 0.177657 0.933584
vt 0.177657 0.919831
vt 0.163904 0.919831
vt 0.177657 0.919831
vt 0.163904 0.933584
vt 0.177657 0.933584
vt 0.177657 0.919831
vt 0.163904 0.933584
vt 0.163904 0.919831
vt 0.177657 0.933584
vt 0.177657 0.919831
vt 0.163904 0.919831
vt 0.177657 0.933584
vt 0.177657 0.919831
vt 0.163904 0.933584
vt 0.163904 0.919831
vt 0.177657 0.919831
vt 0.163904 0.933584
vt 0.163904 0.919831
vt 0.177657 0.933584
vt 0.177657 0.919831
vt 0.163904 0.919831
vt 0.163904 0.933584
vt 0.177657 0.933584
vt 0.177657 0.933584
vt 0.177657 0.919831
vt 0.163904 0.933584
vt 0.163904 0.919831
vt 0.177657 0.919831
vt 0.163904 0.933584
vt 0.163904 0.919831
vt 0.177657 0.933584
vt 0.177657 0.919831
vt 0.163904 0.933584
vt 0.163904 0.919831
vt 0.177657 0.933584
vt 0.163904 0.933584
vt 0.163904 0.919831
vt 0.177657 0.933584
vt 0.177657 0.919831
vt 0.177657 0.933584
vt 0.177657 0.919831
vt 0.163904 0.933584
vt 0.177657 0.919831
vt 0.163904 0.933584
vt 0.163904 0.919831
vt 0.177657 0.919831
vt 0.163904 0.919831
vt 0.177657 0.933584
vt 0.163904 0.933584
vt 0.177657 0.933584
vt 0.177657 0.919831
vt 0.163904 0.919831
vt 0.177657 0.933584
vt 0.163904 0.919831
vt 0.177657 0.919831
vt 0.163904 0.933584
vt 0.163904 0.919831
vt 0.177657 0.919831
vt 0.177657 0.933584
vt 0.177657 0.919831
vt 0.163904 0.933584
vt 0.163904 0.919831
vt 0.177657 0.919831
vt 0.163904 0.933584
vt 0.177657 0.933584
vt 0.163904 0.933584
vt 0.163904 0.919831
vt 0.177657 0.933584
vt 0.177657 0.919831
vt 0.163904 0.919831
vt 0.163904 0.933584
vt 0.177657 0.933584
vt 0.163904 0.919831
vt 0.177657 0.933584
vt 0.163904 0.933584
vt 0.177657 0.919831
vt 0.163904 0.933584
vt 0.177657 0.933584
vt 0.177657 0.919831
vt 0.163904 0.933584
vt 0.163904 0.919831
vt 0.177657 0.919831
vt 0.163904 0.933584
vt 0.163904 0.919831
vt 0.177657 0.933584
vt 0.177657 0.919831
vt 0.177657 0.933584
vt 0.177657 0.919831
vt 0.163904 0.933584
vt 0.163904 0.919831
vt 0.177657 0.933584
vt 0.177657 0.919831
vt 0.177657 0.933584
vt 0.177657 0.919831
vt 0.163904 0.933584
vt 0.163904 0.919831
vt 0.177657 0.919831
vt 0.163904 0.933584
vt 0.163904 0.919831
vt 0.177657 0.919831
vt 0.163904 0.919831
vt 0.177657 0.933584
vt 0.163904 0.933584
vt 0.163904 0.919831
vt 0.177657 0.919831
vt 0.177657 0.933584
vt 0.163904 0.919831
vt 0.177657 0.933584
vt 0.177657 0.919831
vt 0.163904 0.919831
vt 0.177657 0.933584
vt 0.163904 0.933584
vt 0.163904 0.919831
vt 0.177657 0.933584
vt 0.177657 0.919831
vt 0.177657 0.933584
vt 0.177657 0.919831
vt 0.163904 0.933584
vt 0.177657 0.919831
vt 0.163904 0.933584
vt 0.163904 0.919831
vt 0.177657 0.933584
vt 0.177657 0.919831
vt 0.163904 0.919831
vt 0.177657 0.933584
vt 0.163904 0.919831
vt 0.177657 0.933584
vt 0.177657 0.919831
vt 0.163904 0.919831
vt 0.177657 0.933584
vt 0.163904 0.933584
vt 0.163904 0.919831
vt 0.177657 0.933584
vt 0.177657 0.919831
vt 0.163904 0.933584
vt 0.163904 0.919831
vt 0.177657 0.933584
vt 0.163904 0.933584
vt 0.163904 0.919831
vt 0.177657 0.933584
vt 0.177657 0.919831
vt 0.163904 0.919831
vt 0.177657 0.933584
vt 0.163904 0.933584
vt 0.163904 0.919831
vt 0.177657 0.919831
vt 0.163904 0.919831
vt 0.177657 0.919831
vt 0.163904 0.933584
vt 0.177657 0.933584
vt 0.163904 0.919831
vt 0.177657 0.933584
vt 0.163904 0.933584
vt 0.177657 0.919831
vt 0.163904 0.919831
vt 0.177657 0.933584
vt 0.177657 0.919831
vt 0.163904 0.933584
vt 0.163904 0.919831
vt 0.177657 0.933584
vt 0.163904 0.933584
vt 0.177657 0.933584
vt 0.177657 0.919831
vt 0.163904 0.933584
vt 0.163904 0.919831
vt 0.177657 0.933584
vt 0.163904 0.933584
vt 0.163904 0.919831
vt 0.177657 0.933584
vt 0.163904 0.933584
vt 0.177657 0.933584
vt 0.177657 0.919831
vt 0.163904 0.919831
vt 0.177657 0.919831
vt 0.163904 0.933584
vt 0.177657 0.933584
vt 0.177657 0.919831
vt 0.163904 0.933584
vt 0.163904 0.919831
vt 0.177657 0.933584
vt 0.177657 0.919831
vt 0.163904 0.919831
vt 0.177657 0.933584
vt 0.177657 0.919831
vt 0.163904 0.933584
vt 0.163904 0.919831
vt 0.177657 0.919831
vt 0.163904 0.933584
vt 0.163904 0.919831
vt 0.177657 0.933584
vt 0.177657 0.919831
vt 0.163904 0.919831
vt 0.163904 0.933584
vt 0.177657 0.933584
vt 0.177657 0.919831
vt 0.177657 0.933584
vt 0.177657 0.919831
vt 0.163904 0.933584
vt 0.163904 0.919831
vt 0.177657 0.919831
vt 0.163904 0.933584
vt 0.163904 0.919831
vt 0.177657 0.933584
vt 0.177657 0.919831
vt 0.163904 0.933584
vt 0.163904 0.919831
vt 0.177657 0.919831
vt 0.163904 0.933584
vt 0.163904 0.919831
vt 0.177657 0.933584
vt 0.163904 0.933584
vt 0.177657 0.933584
vt 0.177657 0.919831
vt 0.163904 0.919831
vt 0.177657 0.933584
vt 0.177657 0.919831
vt 0.177657 0.933584
vt 0.177657 0.919831
vt 0.163904 0.933584
vt 0.163904 0.919831
vt 0.177657 0.933584
vt 0.177657 0.919831
vt 0.163904 0.919831
vt 0.177657 0.919831
vt 0.163904 0.933584
vt 0.163904 0.919831
vt 0.177657 0.933584
vt 0.163904 0.919831
vt 0.177657 0.919831
vt 0.163904 0.933584
vt 0.163904 0.919831
vt 0.177657 0.919831
vt 0.177657 0.933584
vt 0.177657 0.919831
vt 0.163904 0.933584
vt 0.163904 0.919831
vt 0.177657 0.919831
vt 0.163904 0.933584
vt 0.177657 0.933584
vt 0.163904 0.933584
vt 0.163904 0.919831
vt 0.177657 0.933584
vt 0.163904 0.919831
vt 0.163904 0.933584
vt 0.163904 0.919831
vt 0.177657 0.933584
vt 0.163904 0.933584
vt 0.177657 0.919831
vt 0.163904 0.933584
vt 0.177657 0.933584
vt 0.177657 0.919831
vt 0.163904 0.933584
vt 0.163904 0.919831
vt 0.177657 0.933584
vt 0.177657 0.919831
vt 0.163904 0.933584
vt 0.163904 0.919831
vt 0.177657 0.933584
vt 0.163904 0.933584
vt 0.163904 0.919831
vt 0.177657 0.933584
vt 0.177657 0.919831
vt 0.177657 0.933584
vt 0.163904 0.933584
vt 0.163904 0.919831
vt 0.177657 0.933584
vt 0.163904 0.933584
vt 0.163904 0.919831
vt 0.177657 0.933584
vt 0.177657 0.919831
vt 0.177657 0.919831
vt 0.177657 0.933584
vt 0.177657 0.919831
vt 0.163904 0.919831
vt 0.163904 0.933584
vt 0.163904 0.919831
vt 0.177657 0.919831
vt 0.163904 0.933584
vt 0.163904 0.919831
vt 0.177657 0.933584
vt 0.177657 0.919831
vt 0.177657 0.933584
vt 0.177657 0.919831
vt 0.163904 0.933584
vt 0.163904 0.919831
vt 0.177657 0.933584
vt 0.177657 0.919831
vt 0.177657 0.933584
vt 0.177657 0.919831
vt 0.163904 0.933584
vt 0.163904 0.919831
vt 0.177657 0.919831
vt 0.163904 0.933584
vt 0.163904 0.919831
vt 0.177657 0.919831
vt 0.163904 0.919831
vt 0.177657 0.933584
vt 0.163904 0.933584
vt 0.163904 0.919831
vt 0.177657 0.919831
vt 0.177657 0.933584
vt 0.163904 0.919831
vt 0.177657 0.933584
vt 0.177657 0.919831
vt 0.163904 0.919831
vt 0.177657 0.933584
vt 0.163904 0.933584
vt 0.163904 0.919831
vt 0.177657 0.933584
vt 0.177657 0.919831
vt 0.177657 0.933584
vt 0.163904 0.933584
vt 0.163904 0.919831
vt 0.177657 0.919831
vt 0.177657 0.933584
vt 0.177657 0.919831
vt 0.163904 0.919831
vt 0.177657 0.919831
vt 0.163904 0.933584
vt 0.163904 0.933584
vt 0.163904 0.919831
vt 0.177657 0.933584
vt 0.177657 0.919831
vt 0.163904 0.919831
vt 0.177657 0.933584
vt 0.163904 0.919831
vt 0.177657 0.933584
vt 0.177657 0.919831
vt 0.163904 0.933584
vt 0.163904 0.919831
vt 0.177657 0.933584
vt 0.163904 0.933584
vt 0.177657 0.933584
vt 0.177657 0.919831
vt 0.163904 0.933584
vt 0.163904 0.919831
vt 0.177657 0.933584
vt 0.163904 0.933584
vt 0.163904 0.919831
vt 0.177657 0.933584
vt 0.163904 0.933584
vt 0.177657 0.933584
vt 0.177657 0.919831
vt 0.163904 0.919831
vt 0.177657 0.919831
vt 0.163904 0.933584
vt 0.177657 0.933584
vt 0.177657 0.919831
vt 0.163904 0.933584
vt 0.163904 0.919831
vt 0.177657 0.933584
vt 0.177657 0.919831
vt 0.163904 0.919831
vt 0.177657 0.933584
vt 0.177657 0.919831
vt 0.163904 0.933584
vt 0.163904 0.919831
vt 0.177657 0.919831
vt 0.163904 0.933584
vt 0.163904 0.919831
vt 0.177657 0.933584
vt 0.177657 0.919831
vt 0.163904 0.919831
vt 0.163904 0.933584
vt 0.177657 0.933584
vt 0.177657 0.919831
vt 0.163904 0.919831
vt 0.177657 0.933584
vt 0.163904 0.933584
vt 0.177657 0.919831
vt 0.163904 0.933584
vt 0.163904 0.919831
vt 0.177657 0.933584
vt 0.177657 0.919831
vt 0.163904 0.933584
vt 0.163904 0.919831
vt 0.177657 0.919831
vt 0.163904 0.933584
vt 0.163904 0.919831
vt 0.177657 0.933584
vt 0.163904 0.933584
vt 0.177657 0.933584
vt 0.177657 0.919831
vt 0.163904 0.919831
vt 0.177657 0.933584
vt 0.177657 0.919831
vt 0.177657 0.933584
vt 0.177657 0.919831
vt 0.163904 0.933584
vt 0.163904 0.919831
vt 0.177657 0.933584
vt 0.177657 0.919831
vt 0.163904 0.919831
vt 0.177657 0.919831
vt 0.163904 0.933584
vt 0.163904 0.919831
vt 0.177657 0.933584
vt 0.163904 0.919831
vt 0.177657 0.919831
vt 0.163904 0.933584
vt 0.163904 0.919831
vt 0.177657 0.933584
vt 0.177657 0.919831
vt 0.163904 0.933584
vt 0.163904 0.919831
vt 0.177657 0.919831
vt 0.163904 0.933584
vt 0.177657 0.933584
vt 0.163904 0.933584
vt 0.163904 0.919831
vt 0.177657 0.933584
vt 0.177657 0.919831
vt 0.163904 0.919831
vt 0.163904 0.933584
vt 0.163904 0.919831
vt 0.177657 0.933584
vt 0.163904 0.933584
vt 0.177657 0.919831
vt 0.163904 0.933584
vt 0.177657 0.933584
vt 0.177657 0.919831
vt 0.163904 0.933584
vt 0.163904 0.919831
vt 0.177657 0.919831
vt 0.177657 0.933584
vt 0.177657 0.919831
vt 0.163904 0.933584
vt 0.163904 0.919831
vt 0.177657 0.933584
vt 0.177657 0.919831
vt 0.177657 0.933584
vt 0.163904 0.933584
vt 0.163904 0.919831
vt 0.177657 0.933584
vt 0.163904 0.933584
vt 0.163904 0.919831
vt 0.177657 0.933584
vt 0.163904 0.933584
vt 0.163904 0.919831
vt 0.177657 0.919831
vt 0.163904 0.919831
vt 0.177657 0.933584
vt 0.177657 0.919831
vt 0.163904 0.933584
vt 0.177657 0.933584
vt 0.177657 0.919831
vt 0.163904 0.933584
vt 0.163904 0.919831
vt 0.177657 0.919831
vt 0.163904 0.933584
vt 0.163904 0.919831
vt 0.177657 0.919831
vt 0.163904 0.919831
vt 0.177657 0.933584
vt 0.163904 0.933584
vt 0.163904 0.919831
vt 0.177657 0.919831
vt 0.177657 0.933584
vt 0.163904 0.919831
vt 0.177657 0.933584
vt 0.177657 0.919831
vt 0.163904 0.919831
vt 0.177657 0.933584
vt 0.163904 0.933584
vt 0.163904 0.919831
vt 0.177657 0.933584
vt 0.177657 0.919831
vt 0.177657 0.933584
vt 0.177657 0.919831
vt 0.163904 0.933584
vt 0.177657 0.919831
vt 0.163904 0.933584
vt 0.163904 0.919831
vt 0.177657 0.933584
vt 0.177657 0.919831
vt 0.163904 0.919831
vt 0.177657 0.933584
vt 0.163904 0.919831
vt 0.177657 0.933584
vt 0.177657 0.919831
vt 0.163904 0.933584
vt 0.163904 0.919831
vt 0.177657 0.933584
vt 0.163904 0.933584
vt 0.177657 0.933584
vt 0.177657 0.919831
vt 0.163904 0.933584
vt 0.163904 0.919831
vt 0.177657 0.933584
vt 0.163904 0.933584
vt 0.163904 0.919831
vt 0.177657 0.933584
vt 0.163904 0.933584
vt 0.177657 0.933584
vt 0.177657 0.919831
vt 0.163904 0.919831
vt 0.177657 0.919831
vt 0.163904 0.933584
vt 0.177657 0.933584
vt 0.177657 0.919831
vt 0.163904 0.933584
vt 0.163904 0.919831
vt 0.177657 0.933584
vt 0.177657 0.919831
vt 0.163904 0.919831
vt 0.177657 0.933584
vt 0.177657 0.919831
vt 0.163904 0.933584
vt 0.163904 0.919831
vt 0.177657 0.919831
vt 0.163904 0.933584
vt 0.163904 0.919831
vt 0.177657 0.933584
vt 0.177657 0.919831
vt 0.163904 0.919831
vt 0.163904 0.933584
vt 0.177657 0.933584
vt 0.177657 0.919831
vt 0.163904 0.919831
vt 0.177657 0.933584
vt 0.163904 0.933584
vt 0.177657 0.919831
vt 0.163904 0.933584
vt 0.163904 0.919831
vt 0.177657 0.933584
vt 0.177657 0.919831
vt 0.163904 0.933584
vt 0.163904 0.919831
vt 0.177657 0.933584
vt 0.177657 0.919831
vt 0.163904 0.933584
vt 0.163904 0.919831
vt 0.177657 0.919831
vt 0.163904 0.933584
vt 0.163904 0.919831
vt 0.177657 0.933584
vt 0.177657 0.919831
vt 0.163904 0.919831
vt 0.163904 0.933584
vt 0.163904 0.919831
vt 0.177657 0.933584
vt 0.163904 0.933584
vt 0.177657 0.933584
vt 0.177657 0.919831
vt 0.163904 0.933584
vt 0.163904 0.919831
vt 0.177657 0.919831
vt 0.163904 0.933584
vt 0.177657 0.933584
vt 0.177657 0.919831
vt 0.163904 0.933584
vt 0.163904 0.919831
vt 0.177657 0.933584
vt 0.163904 0.919831
vt 0.177657 0.919831
vt 0.177657 0.933584
vt 0.177657 0.919831
vt 0.163904 0.933584
vt 0.163904 0.919831
vt 0.177657 0.919831
vt 0.163904 0.933584
vt 0.163904 0.919831
vt 0.177657 0.933584
vt 0.163904 0.933584
vt 0.163904 0.919831
vt 0.177657 0.933584
vt 0.177657 0.919831
vt 0.177657 0.933584
vt 0.163904 0.933584
vt 0.163904 0.919831
vt 0.177657 0.933584
vt 0.163904 0.933584
vt 0.163904 0.919831
vt 0.177657 0.933584
vt 0.177657 0.919831
vt 0.163904 0.919831
vt 0.177657 0.933584
vt 0.177657 0.919831
vt 0.163904 0.933584
vt 0.163904 0.919831
vt 0.177657 0.919831
vt 0.163904 0.933584
vt 0.163904 0.919831
vt 0.177657 0.933584
vt 0.163904 0.933584
vt 0.163904 0.919831
vt 0.177657 0.919831
vt 0.177657 0.933584
vt 0.163904 0.919831
vt 0.177657 0.933584
vt 0.177657 0.919831
vt 0.177657 0.933584
vt 0.177657 0.919831
vt 0.163904 0.933584
vt 0.163904 0.919831
vt 0.177657 0.919831
vt 0.163904 0.933584
vt 0.177657 0.933584
vt 0.177657 0.919831
vt 0.163904 0.933584
vt 0.163904 0.919831
vt 0.177657 0.933584
vt 0.177657 0.919831
vt 0.163904 0.919831
vt 0.177657 0.933584
vt 0.177657 0.919831
vt 0.163904 0.919831
vt 0.177657 0.933584
vt 0.163904 0.919831
vt 0.177657 0.933584
vt 0.177657 0.919831
vt 0.163904 0.933584
vt 0.163904 0.919831
vt 0.177657 0.933584
vt 0.163904 0.933584
vt 0.177657 0.933584
vt 0.177657 0.919831
vt 0.163904 0.933584
vt 0.163904 0.919831
vt 0.177657 0.933584
vt 0.163904 0.933584
vt 0.163904 0.919831
vt 0.177657 0.933584
vt 0.163904 0.933584
vt 0.177657 0.933584
vt 0.177657 0.919831
vt 0.163904 0.919831
vt 0.177657 0.933584
vt 0.177657 0.919831
vt 0.163904 0.933584
vt 0.163904 0.919831
vt 0.177657 0.933584
vt 0.177657 0.919831
vt 0.163904 0.933584
vt 0.163904 0.919831
vt 0.177657 0.933584
vt 0.177657 0.919831
vt 0.163904 0.933584
vt 0.163904 0.919831
vt 0.177657 0.933584
vt 0.177657 0.919831
vt 0.177657 0.933584
vt 0.163904 0.933584
vt 0.163904 0.919831
vt 0.177657 0.933584
vt 0.177657 0.919831
vt 0.177657 0.919831
vt 0.163904 0.933584
vt 0.163904 0.919831
vt 0.177657 0.933584
vt 0.177657 0.919831
vt 0.163904 0.919831
vt 0.177657 0.919831
vt 0.177657 0.933584
vt 0.177657 0.919831
vt 0.177657 0.919831
vt 0.163904 0.919831
vt 0.177657 0.919831
vt 0.163904 0.919831
vt 0.163904 0.933584
vt 0.163904 0.919831
vt 0.177657 0.933584
vt 0.177657 0.919831
vt 0.163904 0.933584
vt 0.163904 0.919831
vt 0.177657 0.933584
vt 0.177657 0.919831
vt 0.163904 0.933584
vt 0.163904 0.919831
vt 0.177657 0.933584
vt 0.177657 0.919831
vt 0.163904 0.933584
vt 0.163904 0.919831
vt 0.177657 0.919831
vt 0.163904 0.933584
vt 0.177657 0.933584
vt 0.163904 0.919831
vt 0.177657 0.933584
vt 0.177657 0.919831
vt 0.163904 0.933584
vt 0.163904 0.919831
vt 0.177657 0.933584
vt 0.177657 0.919831
vt 0.163904 0.933584
vt 0.163904 0.919831
vt 0.177657 0.933584
vt 0.177657 0.919831
vt 0.163904 0.933584
vt 0.163904 0.919831
vt 0.177657 0.933584
vt 0.163904 0.919831
vt 0.177657 0.933584
vt 0.177657 0.919831
vt 0.163904 0.933584
vt 0.163904 0.919831
vt 0.177657 0.933584
vt 0.177657 0.919831
vt 0.163904 0.933584
vt 0.163904 0.919831
vt 0.177657 0.933584
vt 0.177657 0.919831
vt 0.163904 0.933584
vt 0.163904 0.919831
vt 0.177657 0.933584
vt 0.177657 0.919831
vt 0.163904 0.933584
vt 0.163904 0.919831
vt 0.177657 0.933584
vt 0.163904 0.933584
vt 0.163904 0.919831
vt 0.177657 0.933584
vt 0.177657 0.919831
vt 0.163904 0.933584
vt 0.163904 0.919831
vt 0.177657 0.933584
vt 0.177657 0.919831
vt 0.177657 0.933584
vt 0.163904 0.933584
vt 0.163904 0.919831
vt 0.177657 0.933584
vt 0.177657 0.919831
vt 0.177657 0.919831
vt 0.163904 0.933584
vt 0.163904 0.919831
vt 0.177657 0.933584
vt 0.177657 0.919831
vt 0.163904 0.919831
vt 0.177657 0.933584
vt 0.177657 0.919831
vt 0.163904 0.933584
vt 0.177657 0.919831
vt 0.163904 0.919831
vt 0.177657 0.919831
vt 0.163904 0.919831
vt 0.177657 0.933584
vt 0.177657 0.919831
vt 0.163904 0.933584
vt 0.163904 0.919831
vt 0.177657 0.933584
vt 0.177657 0.919831
vt 0.163904 0.933584
vt 0.163904 0.919831
vt 0.177657 0.933584
vt 0.177657 0.919831
vt 0.163904 0.933584
vt 0.163904 0.919831
vt 0.177657 0.933584
vt 0.177657 0.919831
vt 0.163904 0.933584
vt 0.177657 0.933584
vt 0.177657 0.919831
vt 0.163904 0.933584
vt 0.163904 0.919831
vt 0.177657 0.933584
vt 0.177657 0.919831
vt 0.163904 0.933584
vt 0.177657 0.933584
vt 0.177657 0.919831
vt 0.163904 0.933584
vt 0.163904 0.919831
vt 0.177657 0.933584
vt 0.177657 0.919831
vt 0.163904 0.933584
vt 0.163904 0.919831
vt 0.177657 0.933584
vt 0.177657 0.919831
vt 0.163904 0.933584
vt 0.163904 0.919831
vt 0.177657 0.933584
vt 0.177657 0.919831
vt 0.177657 0.933584
vt 0.177657 0.919831
vt 0.163904 0.933584
vt 0.163904 0.919831
vt 0.177657 0.919831
vt 0.163904 0.933584
vt 0.163904 0.919831
vt 0.177657 0.933584
vt 0.177657 0.919831
vt 0.163904 0.919831
vt 0.177657 0.933584
vt 0.163904 0.933584
vt 0.177657 0.933584
vt 0.177657 0.919831
vt 0.163904 0.919831
vt 0.177657 0.933584
vt 0.163904 0.919831
vt 0.177657 0.919831
vt 0.163904 0.933584
vt 0.163904 0.919831
vt 0.177657 0.933584
vt 0.177657 0.919831
vt 0.163904 0.933584
vt 0.163904 0.919831
vt 0.177657 0.933584
vt 0.177657 0.919831
vt 0.177657 0.933584
vt 0.177657 0.919831
vt 0.163904 0.933584
vt 0.163904 0.919831
vt 0.163904 0.919831
vt 0.177657 0.933584
vt 0.177657 0.919831
vt 0.177657 0.919831
vt 0.163904 0.933584
vt 0.163904 0.919831
vt 0.177657 0.933584
vt 0.177657 0.919831
vt 0.163904 0.919831
vt 0.177657 0.933584
vt 0.177657 0.919831
vt 0.163904 0.933584
vt 0.163904 0.919831
vt 0.177657 0.933584
vt 0.177657 0.919831
vt 0.163904 0.933584
vt 0.163904 0.919831
vt 0.177657 0.933584
vt 0.163904 0.933584
vt 0.163904 0.919831
vt 0.177657 0.933584
vt 0.177657 0.919831
vt 0.163904 0.933584
vt 0.177657 0.933584
vt 0.177657 0.919831
vt 0.163904 0.933584
vt 0.163904 0.919831
vt 0.177657 0.933584
vt 0.177657 0.919831
vt 0.163904 0.919831
vt 0.177657 0.933584
vt 0.177657 0.919831
vt 0.163904 0.933584
vt 0.163904 0.919831
vt 0.177657 0.933584
vt 0.177657 0.919831
vt 0.163904 0.919831
vt 0.177657 0.933584
vt 0.305721 0.327401
vt 0.319474 0.341155
vt 0.319474 0.327401
vt 0.305721 0.341155
vt 0.305721 0.327401
vt 0.319474 0.341155
vt 0.319474 0.327401
vt 0.305721 0.341155
vt 0.305721 0.327401
vt 0.319474 0.341155
vt 0.319474 0.327401
vt 0.305721 0.341155
vt 0.305721 0.327401
vt 0.319474 0.341155
vt 0.319474 0.327401
vt 0.305721 0.341155
vt 0.305721 0.327401
vt 0.319474 0.341155
vt 0.319474 0.327401
vt 0.305721 0.341155
vt 0.305721 0.327401
vt 0.319474 0.341155
vt 0.319474 0.327401
vt 0.305721 0.341155
vt 0.305721 0.327401
vt 0.319474 0.341155
vt 0.319474 0.327401
vt 0.305721 0.341155
vt 0.305721 0.327401
vt 0.319474 0.341155
vt 0.319474 0.327401
vt 0.305721 0.341155
vt 0.305721 0.327401
vt 0.319474 0.341155
vt 0.319474 0.327401
vt 0.305721 0.341155
vt 0.305721 0.327401
vt 0.319474 0.341155
vt 0.319474 0.327401
vt 0.305721 0.341155
vt 0.305721 0.327401
vt 0.319474 0.341155
vt 0.319474 0.327401
vt 0.305721 0.341155
vt 0.305721 0.327401
vt 0.319474 0.341155
vt 0.319474 0.327401
vt 0.305721 0.341155
vt 0.305721 0.327401
vt 0.319474 0.341155
vt 0.319474 0.327401
vt 0.305721 0.341155
vt 0.305721 0.327401
vt 0.319474 0.341155
vt 0.319474 0.327401
vt 0.305721 0.341155
vt 0.625179 0.413273
vt 0.666781 0.460751
vt 0.666781 0.413273
vt 0.625179 0.460751
vt 0.666781 0.363932
vt 0.625179 0.363932
vt 0.666781 0.314591
vt 0.625179 0.314591
vt 0.625179 0.267113
vt 0.666781 0.267113
vt 0.708384 0.460751
vt 0.708384 0.413273
vt 0.708384 0.363932
vt 0.708384 0.314591
vt 0.708384 0.267113
vt 0.749986 0.460751
vt 0.749986 0.413273
vt 0.749986 0.363932
vt 0.749986 0.314591
vt 0.749986 0.267113
vt 0.791589 0.460751
vt 0.791589 0.413273
vt 0.791589 0.363932
vt 0.791589 0.314591
vt 0.791589 0.267113
vt 0.833191 0.460751
vt 0.833191 0.413273
vt 0.833191 0.363932
vt 0.833191 0.314591
vt 0.833191 0.267113
vt 0.874794 0.460751
vt 0.874794 0.413273
vt 0.874794 0.363932
vt 0.874794 0.314591
vt 0.874794 0.267113
vt 0.916396 0.460751
vt 0.916396 0.413273
vt 0.916396 0.363932
vt 0.916396 0.314591
vt 0.916396 0.267113
vt 0.957999 0.460751
vt 0.957999 0.413273
vt 0.957999 0.363932
vt 0.957999 0.314591
vt 0.957999 0.267113
vt 0.999601 0.460751
vt 0.999601 0.413273
vt 0.999601 0.363932
vt 0.999601 0.314591
vt 0.999601 0.267113
vt 0.042744 0.460751
vt 0.001141 0.413273
vt 0.001141 0.460751
vt 0.042744 0.413273
vt 0.042744 0.363932
vt 0.001141 0.363932
vt 0.042744 0.314591
vt 0.001142 0.314591
vt 0.001142 0.267113
vt 0.042744 0.267113
vt 0.084346 0.460751
vt 0.084346 0.413273
vt 0.084346 0.363932
vt 0.084347 0.314591
vt 0.084347 0.267113
vt 0.125949 0.460751
vt 0.125949 0.413273
vt 0.125949 0.363932
vt 0.125949 0.314591
vt 0.125949 0.267113
vt 0.167551 0.460751
vt 0.167551 0.413273
vt 0.167552 0.363932
vt 0.167552 0.314591
vt 0.167552 0.267113
vt 0.209154 0.460751
vt 0.209154 0.413273
vt 0.209154 0.363932
vt 0.209154 0.314591
vt 0.209154 0.267113
vt 0.250756 0.460751
vt 0.250756 0.413273
vt 0.250757 0.363932
vt 0.250757 0.314591
vt 0.250757 0.267113
vt 0.292359 0.460751
vt 0.292359 0.413273
vt 0.292359 0.363932
vt 0.292359 0.314591
vt 0.29236 0.267113
vt 0.333961 0.460751
vt 0.333962 0.413273
vt 0.333962 0.363932
vt 0.333962 0.314591
vt 0.333962 0.267113
vt 0.375564 0.460751
vt 0.375564 0.413273
vt 0.375564 0.363932
vt 0.375564 0.314591
vt 0.375565 0.267113
vt 0.417166 0.460751
vt 0.417166 0.413273
vt 0.417167 0.363932
vt 0.417167 0.314591
vt 0.417167 0.267113
vt 0.458769 0.460751
vt 0.458769 0.413273
vt 0.458769 0.363932
vt 0.458769 0.314591
vt 0.45877 0.267113
vt 0.500371 0.460751
vt 0.500372 0.413273
vt 0.500372 0.363932
vt 0.500372 0.314591
vt 0.500372 0.267113
vt 0.541974 0.460751
vt 0.541974 0.413273
vt 0.541974 0.363932
vt 0.541975 0.314591
vt 0.541975 0.267113
vt 0.583576 0.460751
vt 0.583577 0.413273
vt 0.583577 0.363932
vt 0.583577 0.314591
vt 0.583577 0.267113
vt 0.205585 0.035293
vt 0.193477 0.047401
vt 0.205585 0.047401
vt 0.193477 0.035293
vt 0.195427 0.03776
vt 0.200317 0.03708
vt 0.19591 0.038917
vt 0.195128 0.037043
vt 0.194829 0.036325
vt 0.198754 0.033331
vt 0.194347 0.035168
vt 0.194829 0.036325
vt 0.195128 0.037043
vt 0.195427 0.03776
vt 0.200317 0.03708
vt 0.19591 0.038917
vt 0.196392 0.040074
vt 0.196691 0.040791
vt 0.19699 0.041509
vt 0.20188 0.040828
vt 0.197473 0.042666
vt 0.19699 0.041509
vt 0.196691 0.040791
vt 0.196392 0.040074
vt 0.074378 0.184338
vt 0.048271 0.158231
vt 0.060249 0.150228
vt 0.074378 0.147418
vt 0.088506 0.150228
vt 0.100484 0.158231
vt 0.108487 0.170209
vt 0.111298 0.184338
vt 0.108487 0.198467
vt 0.100484 0.210444
vt 0.088506 0.218448
vt 0.074377 0.221258
vt 0.060249 0.218448
vt 0.048271 0.210444
vt 0.040267 0.198467
vt 0.037457 0.184338
vt 0.040268 0.170209
vt 0.02534 0.135301
vt 0.010308 0.157799
vt 0.005029 0.184338
vt 0.010307 0.210876
vt 0.02534 0.233375
vt 0.047839 0.248408
vt 0.074377 0.253687
vt 0.100916 0.248408
vt 0.047839 0.120268
vt 0.074378 0.114989
vt 0.100916 0.120268
vt 0.123415 0.135301
vt 0.138447 0.157799
vt 0.143726 0.184338
vt 0.138447 0.210877
vt 0.123414 0.233375
vt 0.199832 0.340498
vt 0.208892 0.349558
vt 0.208892 0.340498
vt 0.199832 0.349558
vt 0.199832 0.340498
vt 0.208892 0.349558
vt 0.208892 0.340498
vt 0.199832 0.340498
vt 0.208892 0.340498
vt 0.199832 0.349558
vt 0.199832 0.340498
vt 0.208892 0.349558
vt 0.199832 0.349558
vt 0.208892 0.349558
vt 0.208892 0.340498
vt 0.199832 0.349558
vt 0.199832 0.340498
vt 0.208892 0.349558
vt 0.208892 0.340498
vt 0.199832 0.349558
vt 0.199832 0.340498
vt 0.208892 0.340498
vt 0.199832 0.349558
vt 0.199832 0.340498
vt 0.208892 0.349558
vt 0.208892 0.340498
vt 0.208892 0.349558
vt 0.208892 0.340498
vt 0.199832 0.349558
vt 0.208892 0.349558
vt 0.208892 0.340498
vt 0.199832 0.349558
vt 0.199832 0.340498
vt 0.208892 0.349558
vt 0.208892 0.340498
vt 0.199832 0.349558
vt 0.208892 0.349558
vt 0.208892 0.340498
vt 0.199832 0.349558
vt 0.199832 0.340498
vt 0.208892 0.349558
vt 0.208892 0.340498
vt 0.199832 0.349558
vt 0.208892 0.349558
vt 0.208892 0.340498
vt 0.199832 0.349558
vt 0.199832 0.340498
vt 0.208892 0.349558
vt 0.208892 0.340498
vt 0.199832 0.349558
vt 0.208892 0.349558
vt 0.208892 0.340498
vt 0.199832 0.349558
vt 0.199832 0.340498
vt 0.208892 0.349558
vt 0.208892 0.340498
vt 0.199832 0.349558
vt 0.208892 0.349558
vt 0.208892 0.340498
vt 0.199832 0.349558
vt 0.199832 0.340498
vt 0.208892 0.349558
vt 0.208892 0.340498
vt 0.199832 0.349558
vt 0.208892 0.349558
vt 0.208892 0.340498
vt 0.199832 0.349558
vt 0.199832 0.340498
vt 0.208892 0.349558
vt 0.208892 0.340498
vt 0.199832 0.349558
vt 0.208892 0.349558
vt 0.208892 0.340498
vt 0.199832 0.349558
vt 0.199832 0.340498
vt 0.208892 0.349558
vt 0.208892 0.340498
vt 0.199832 0.349558
vt 0.208892 0.349558
vt 0.208892 0.340498
vt 0.199832 0.349558
vt 0.199832 0.340498
vt 0.208892 0.349558
vt 0.208892 0.340498
vt 0.199832 0.349558
vt 0.208892 0.349558
vt 0.208892 0.340498
vt 0.199832 0.349558
vt 0.199832 0.340498
vt 0.208892 0.349558
vt 0.208892 0.340498
vt 0.199832 0.349558
vt 0.208892 0.349558
vt 0.208892 0.340498
vt 0.199832 0.349558
vt 0.199832 0.340498
vt 0.208892 0.349558
vt 0.208892 0.340498
vt 0.199832 0.349558
vt 0.208892 0.349558
vt 0.208892 0.340498
vt 0.199832 0.349558
vt 0.199832 0.340498
vt 0.208892 0.349558
vt 0.208892 0.340498
vt 0.199832 0.349558
vt 0.208892 0.349558
vt 0.208892 0.340498
vt 0.199832 0.349558
vt 0.199832 0.340498
vt 0.208892 0.349558
vt 0.208892 0.340498
vt 0.199832 0.349558
vt 0.208892 0.349558
vt 0.208892 0.340498
vt 0.199832 0.349558
vt 0.200202 0.083891
vt 0.200985 0.083143
vt 0.201068 0.083226
vt 0.200143 0.083789
vt 0.199162 0.084195
vt 0.199193 0.084309
vt 0.19811 0.084333
vt 0.19811 0.084452
vt 0.197057 0.084195
vt 0.197027 0.084309
vt 0.196077 0.083789
vt 0.196018 0.083891
vt 0.195235 0.083143
vt 0.195151 0.083226
vt 0.194589 0.0823
vt 0.194486 0.08236
vt 0.194182 0.08132
vt 0.194068 0.08135
vt 0.194044 0.080268
vt 0.193925 0.080268
vt 0.194182 0.079215
vt 0.194068 0.079185
vt 0.194589 0.078235
vt 0.194486 0.078175
vt 0.195235 0.077393
vt 0.195151 0.077309
vt 0.196077 0.076746
vt 0.196018 0.076644
vt 0.197057 0.07634
vt 0.197027 0.076226
vt 0.19811 0.076202
vt 0.19811 0.076083
vt 0.199162 0.07634
vt 0.199193 0.076226
vt 0.200143 0.076746
vt 0.200202 0.076644
vt 0.200985 0.077393
vt 0.201068 0.077309
vt 0.201631 0.078235
vt 0.201733 0.078175
vt 0.202037 0.079215
vt 0.202151 0.079185
vt 0.202175 0.080268
vt 0.202294 0.080268
vt 0.202037 0.08132
vt 0.202151 0.08135
vt 0.201631 0.0823
vt 0.201733 0.08236
vt 0.201611 0.082289
vt 0.200969 0.083127
vt 0.20172 0.082352
vt 0.202015 0.081314
vt 0.202136 0.081346
vt 0.202153 0.080268
vt 0.202278 0.080268
vt 0.202015 0.079221
vt 0.202136 0.079189
vt 0.201611 0.078246
vt 0.20172 0.078183
vt 0.200969 0.077409
vt 0.201057 0.07732
vt 0.200131 0.076766
vt 0.200194 0.076657
vt 0.199156 0.076362
vt 0.199189 0.076241
vt 0.19811 0.076224
vt 0.19811 0.076099
vt 0.197063 0.076362
vt 0.197031 0.076241
vt 0.196088 0.076766
vt 0.196025 0.076657
vt 0.195251 0.077409
vt 0.195162 0.07732
vt 0.194608 0.078246
vt 0.1945 0.078183
vt 0.194204 0.079221
vt 0.194083 0.079189
vt 0.194066 0.080268
vt 0.193941 0.080268
vt 0.194204 0.081314
vt 0.194083 0.081346
vt 0.194608 0.082289
vt 0.1945 0.082352
vt 0.195251 0.083127
vt 0.195162 0.083215
vt 0.196088 0.083769
vt 0.196025 0.083878
vt 0.197063 0.084173
vt 0.197031 0.084294
vt 0.19811 0.084311
vt 0.19811 0.084436
vt 0.199156 0.084173
vt 0.199189 0.084294
vt 0.200131 0.083769
vt 0.200194 0.083878
vt 0.201057 0.083215
vt 0.113546 0.067329
vt 0.118029 0.063753
vt 0.118029 0.068103
vt 0.113546 0.063206
vt 0.122689 0.06834
vt 0.122689 0.06392
vt 0.127348 0.068103
vt 0.127348 0.063753
vt 0.131832 0.063206
vt 0.131832 0.067329
vt 0.131832 0.058404
vt 0.127348 0.058687
vt 0.122689 0.058774
vt 0.118029 0.058687
vt 0.113546 0.058403
vt 0.131832 0.05325
vt 0.127348 0.05325
vt 0.122689 0.05325
vt 0.118029 0.05325
vt 0.113546 0.05325
vt 0.131832 0.048097
vt 0.127348 0.047814
vt 0.122689 0.047727
vt 0.118029 0.047813
vt 0.113546 0.048097
vt 0.131832 0.043295
vt 0.127348 0.042747
vt 0.122689 0.04258
vt 0.118029 0.042747
vt 0.113546 0.043295
vt 0.131832 0.039171
vt 0.127348 0.038397
vt 0.122689 0.03816
vt 0.118029 0.038397
vt 0.113546 0.039171
vt 0.131832 0.036007
vt 0.127348 0.035059
vt 0.122689 0.034768
vt 0.118029 0.035059
vt 0.113546 0.036007
vt 0.131832 0.034017
vt 0.127348 0.03296
vt 0.122689 0.032636
vt 0.118029 0.03296
vt 0.113546 0.034017
vt 0.131832 0.033339
vt 0.127348 0.032245
vt 0.122689 0.031909
vt 0.118029 0.032245
vt 0.113546 0.033339
vt 0.131832 0.034017
vt 0.127348 0.03296
vt 0.122689 0.032636
vt 0.118029 0.03296
vt 0.113546 0.034017
vt 0.131832 0.036007
vt 0.127348 0.035059
vt 0.122689 0.034768
vt 0.118029 0.035059
vt 0.113546 0.036007
vt 0.131832 0.039171
vt 0.127348 0.038397
vt 0.122689 0.03816
vt 0.118029 0.038397
vt 0.113546 0.039171
vt 0.131832 0.043295
vt 0.127348 0.042747
vt 0.122689 0.04258
vt 0.118029 0.042747
vt 0.113546 0.043295
vt 0.131832 0.048097
vt 0.127348 0.047813
vt 0.122689 0.047727
vt 0.118029 0.047813
vt 0.113546 0.048097
vt 0.131832 0.05325
vt 0.127348 0.05325
vt 0.122689 0.05325
vt 0.118029 0.05325
vt 0.113546 0.05325
vt 0.131832 0.058403
vt 0.127348 0.058687
vt 0.122689 0.058773
vt 0.118029 0.058687
vt 0.113546 0.058403
vt 0.131832 0.063206
vt 0.127348 0.063753
vt 0.122689 0.06392
vt 0.118029 0.063753
vt 0.113546 0.063206
vt 0.131832 0.067329
vt 0.127348 0.068103
vt 0.122689 0.06834
vt 0.118029 0.068103
vt 0.113546 0.067329
vt 0.131832 0.070494
vt 0.127348 0.071441
vt 0.122689 0.071732
vt 0.118029 0.071441
vt 0.113546 0.070494
vt 0.131832 0.072483
vt 0.127348 0.07354
vt 0.122689 0.073864
vt 0.118029 0.07354
vt 0.113546 0.072483
vt 0.131832 0.073161
vt 0.127348 0.074255
vt 0.122689 0.074591
vt 0.118029 0.074255
vt 0.113546 0.073161
vt 0.131832 0.072483
vt 0.127348 0.07354
vt 0.122689 0.073864
vt 0.118029 0.07354
vt 0.113546 0.072483
vt 0.131832 0.070494
vt 0.127348 0.071441
vt 0.122689 0.071732
vt 0.118029 0.071441
vt 0.113546 0.070494
vt 0.199832 0.340498
vt 0.208892 0.349558
vt 0.208892 0.340498
vt 0.199832 0.349558
vt 0.208892 0.349558
vt 0.208892 0.340498
vt 0.199832 0.349558
vt 0.199832 0.340498
vt 0.208892 0.349558
vt 0.208892 0.340498
vt 0.199832 0.349558
vt 0.208892 0.349558
vt 0.208892 0.340498
vt 0.199832 0.349558
vt 0.199832 0.340498
vt 0.208892 0.349558
vt 0.208892 0.340498
vt 0.199832 0.349558
vt 0.208892 0.349558
vt 0.208892 0.340498
vt 0.199832 0.349558
vt 0.199832 0.340498
vt 0.208892 0.349558
vt 0.208892 0.340498
vt 0.199832 0.349558
vt 0.208892 0.349558
vt 0.208892 0.340498
vt 0.199832 0.349558
vt 0.199832 0.340498
vt 0.208892 0.349558
vt 0.208892 0.340498
vt 0.199832 0.349558
vt 0.208892 0.349558
vt 0.208892 0.340498
vt 0.199832 0.349558
vt 0.199832 0.340498
vt 0.208892 0.349558
vt 0.208892 0.340498
vt 0.199832 0.349558
vt 0.208892 0.349558
vt 0.208892 0.340498
vt 0.199832 0.349558
vt 0.199832 0.340498
vt 0.208892 0.349558
vt 0.208892 0.340498
vt 0.199832 0.349558
vt 0.208892 0.349558
vt 0.208892 0.340498
vt 0.199832 0.349558
vt 0.199832 0.340498
vt 0.208892 0.349558
vt 0.208892 0.340498
vt 0.199832 0.349558
vt 0.208892 0.349558
vt 0.208892 0.340498
vt 0.199832 0.349558
vt 0.199832 0.340498
vt 0.208892 0.349558
vt 0.208892 0.340498
vt 0.199832 0.349558
vt 0.208892 0.349558
vt 0.208892 0.340498
vt 0.199832 0.349558
vt 0.199832 0.340498
vt 0.208892 0.349558
vt 0.208892 0.340498
vt 0.199832 0.349558
vt 0.208892 0.349558
vt 0.208892 0.340498
vt 0.199832 0.349558
vt 0.199832 0.340498
vt 0.208892 0.349558
vt 0.208892 0.340498
vt 0.199832 0.349558
vt 0.208892 0.349558
vt 0.208892 0.340498
vt 0.199832 0.349558
vt 0.199832 0.340498
vt 0.208892 0.349558
vt 0.208892 0.340498
vt 0.199832 0.349558
vt 0.208892 0.349558
vt 0.208892 0.340498
vt 0.199832 0.349558
vt 0.199832 0.340498
vt 0.208892 0.349558
vt 0.208892 0.340498
vt 0.199832 0.349558
vt 0.208892 0.349558
vt 0.208892 0.340498
vt 0.199832 0.349558
vt 0.199832 0.340498
vt 0.208892 0.349558
vt 0.208892 0.340498
vt 0.199832 0.349558
vt 0.208892 0.349558
vt 0.208892 0.340498
vt 0.199832 0.349558
vt 0.199832 0.340498
vt 0.208892 0.349558
vt 0.208892 0.340498
vt 0.199832 0.349558
vt 0.208892 0.349558
vt 0.208892 0.340498
vt 0.199832 0.349558
vt 0.199832 0.340498
vt 0.208892 0.349558
vt 0.208892 0.340498
vt 0.199832 0.349558
vt 0.208892 0.349558
vt 0.208892 0.340498
vt 0.199832 0.349558
vt 0.199832 0.340498
vt 0.208892 0.349558
vt 0.208892 0.340498
vt 0.199832 0.349558
vt 0.208892 0.349558
vt 0.208892 0.340498
vt 0.199832 0.349558
vt 0.199832 0.340498
vt 0.208892 0.349558
vt 0.208892 0.340498
vt 0.199832 0.349558
vt 0.208892 0.349558
vt 0.208892 0.340498
vt 0.199832 0.349558
vt 0.199832 0.340498
vt 0.208892 0.349558
vt 0.208892 0.340498
vt 0.199832 0.349558
vt 0.208892 0.349558
vt 0.208892 0.340498
vt 0.199832 0.349558
vt 0.199832 0.340498
vt 0.208892 0.349558
vt 0.208892 0.340498
vt 0.199832 0.349558
vt 0.208892 0.349558
vt 0.208892 0.340498
vt 0.199832 0.349558
vt 0.199832 0.340498
vt 0.208892 0.349558
vt 0.208892 0.340498
vt 0.199832 0.349558
vt 0.208892 0.349558
vt 0.208892 0.340498
vt 0.199832 0.349558
vt 0.199832 0.340498
vt 0.208892 0.349558
vt 0.208892 0.340498
vt 0.199832 0.349558
vt 0.208892 0.349558
vt 0.208892 0.340498
vt 0.199832 0.349558
vt 0.199832 0.340498
vt 0.208892 0.349558
vt 0.208892 0.340498
vt 0.199832 0.349558
vt 0.208892 0.349558
vt 0.208892 0.340498
vt 0.199832 0.349558
vt 0.199832 0.340498
vt 0.208892 0.349558
vt 0.208892 0.340498
vt 0.199832 0.349558
vt 0.199832 0.340498
vt 0.208892 0.349558
vt 0.199832 0.349558
vt 0.199832 0.340498
vt 0.208892 0.349558
vt 0.208892 0.340498
vt 0.199832 0.349558
vt 0.199832 0.340498
vt 0.208892 0.349558
vt 0.208892 0.340498
vt 0.199832 0.349558
vt 0.199832 0.340498
vt 0.208892 0.349558
vt 0.208892 0.340498
vt 0.199832 0.349558
vt 0.199832 0.340498
vt 0.208892 0.349558
vt 0.208892 0.340498
vt 0.199832 0.349558
vt 0.199832 0.340498
vt 0.208892 0.349558
vt 0.208892 0.340498
vt 0.199832 0.349558
vt 0.199832 0.340498
vt 0.208892 0.349558
vt 0.208892 0.340498
vt 0.199832 0.349558
vt 0.199832 0.340498
vt 0.208892 0.349558
vt 0.208892 0.340498
vt 0.199832 0.349558
vt 0.199832 0.340498
vt 0.208892 0.349558
vt 0.208892 0.340498
vt 0.199832 0.349558
vt 0.199832 0.340498
vt 0.208892 0.349558
vt 0.208892 0.340498
vt 0.199832 0.349558
vt 0.199832 0.340498
vt 0.208892 0.349558
vt 0.208892 0.340498
vt 0.199832 0.349558
vt 0.199832 0.340498
vt 0.208892 0.349558
vt 0.208892 0.340498
vt 0.199832 0.349558
vt 0.199832 0.340498
vt 0.208892 0.349558
vt 0.208892 0.340498
vt 0.199832 0.349558
vt 0.199832 0.340498
vt 0.208892 0.349558
vt 0.208892 0.340498
vt 0.199832 0.349558
vt 0.199832 0.340498
vt 0.208892 0.349558
vt 0.208892 0.340498
vt 0.199832 0.349558
vt 0.024043 0.163489
vt 0.042161 0.152121
vt 0.035853 0.145813
vt 0.042161 0.172009
vt 0.019896 0.184338
vt 0.042161 0.184338
vt 0.024043 0.205187
vt 0.042161 0.196667
vt 0.035853 0.222862
vt 0.042161 0.216554
vt 0.053528 0.234672
vt 0.062049 0.216554
vt 0.074378 0.23882
vt 0.074378 0.216554
vt 0.095227 0.234672
vt 0.086706 0.216554
vt 0.112902 0.222862
vt 0.106594 0.216554
vt 0.124712 0.205187
vt 0.106594 0.196667
vt 0.128859 0.184338
vt 0.106594 0.184338
vt 0.124712 0.163489
vt 0.106594 0.172009
vt 0.112902 0.145813
vt 0.106594 0.152121
vt 0.095227 0.134003
vt 0.086706 0.152121
vt 0.074378 0.129856
vt 0.074378 0.152121
vt 0.053528 0.134003
vt 0.062049 0.152121
vt 0.199832 0.340498
vt 0.208892 0.349558
vt 0.208892 0.340498
vt 0.199832 0.349558
vt 0.199832 0.340498
vt 0.208892 0.340498
vt 0.199832 0.349558
vt 0.199832 0.340498
vt 0.208892 0.349558
vt 0.208892 0.340498
vt 0.199832 0.349558
vt 0.199832 0.340498
vt 0.208892 0.349558
vt 0.199832 0.349558
vt 0.199832 0.340498
vt 0.208892 0.349558
vt 0.208892 0.340498
vt 0.199832 0.349558
vt 0.199832 0.340498
vt 0.208892 0.349558
vt 0.199832 0.349558
vt 0.199832 0.340498
vt 0.208892 0.349558
vt 0.208892 0.340498
vt 0.199832 0.349558
vt 0.199832 0.340498
vt 0.208892 0.349558
vt 0.199832 0.349558
vt 0.199832 0.340498
vt 0.208892 0.349558
vt 0.208892 0.340498
vt 0.199832 0.349558
vt 0.199832 0.340498
vt 0.208892 0.349558
vt 0.199832 0.349558
vt 0.199832 0.340498
vt 0.208892 0.349558
vt 0.208892 0.340498
vt 0.199832 0.349558
vt 0.199832 0.340498
vt 0.208892 0.349558
vt 0.199832 0.349558
vt 0.199832 0.340498
vt 0.208892 0.349558
vt 0.208892 0.340498
vt 0.199832 0.349558
vt 0.199832 0.340498
vt 0.208892 0.349558
vt 0.199832 0.349558
vt 0.199832 0.340498
vt 0.208892 0.349558
vt 0.208892 0.340498
vt 0.199832 0.349558
vt 0.199832 0.340498
vt 0.208892 0.349558
vt 0.199832 0.349558
vt 0.199832 0.340498
vt 0.208892 0.349558
vt 0.208892 0.340498
vt 0.199832 0.349558
vt 0.199832 0.340498
vt 0.208892 0.349558
vt 0.199832 0.349558
vt 0.199832 0.340498
vt 0.208892 0.349558
vt 0.208892 0.340498
vt 0.199832 0.349558
vt 0.199832 0.340498
vt 0.208892 0.349558
vt 0.199832 0.349558
vt 0.199832 0.340498
vt 0.208892 0.349558
vt 0.208892 0.340498
vt 0.199832 0.349558
vt 0.199832 0.340498
vt 0.208892 0.349558
vt 0.199832 0.349558
vt 0.199832 0.340498
vt 0.208892 0.349558
vt 0.208892 0.340498
vt 0.199832 0.349558
vt 0.199832 0.340498
vt 0.208892 0.349558
vt 0.199832 0.349558
vt 0.199832 0.340498
vt 0.208892 0.349558
vt 0.208892 0.340498
vt 0.199832 0.349558
vt 0.199832 0.340498
vt 0.208892 0.349558
vt 0.199832 0.349558
vt 0.199832 0.340498
vt 0.208892 0.349558
vt 0.208892 0.340498
vt 0.199832 0.349558
vt 0.199832 0.340498
vt 0.208892 0.349558
vt 0.199832 0.349558
vt 0.199832 0.340498
vt 0.208892 0.349558
vt 0.208892 0.340498
vt 0.199832 0.349558
vt 0.199832 0.340498
vt 0.208892 0.349558
vt 0.199832 0.349558
vt 0.199832 0.340498
vt 0.208892 0.349558
vt 0.208892 0.340498
vt 0.199832 0.349558
vt 0.199832 0.340498
vt 0.208892 0.349558
vt 0.199832 0.349558
vt 0.199832 0.340498
vt 0.208892 0.349558
vt 0.208892 0.340498
vt 0.199832 0.349558
vt 0.199832 0.340498
vt 0.208892 0.349558
vt 0.199832 0.349558
vt 0.199832 0.340498
vt 0.208892 0.349558
vt 0.208892 0.340498
vt 0.199832 0.349558
vt 0.199832 0.340498
vt 0.208892 0.349558
vt 0.199832 0.349558
vt 0.199832 0.340498
vt 0.208892 0.349558
vt 0.208892 0.340498
vt 0.199832 0.349558
vt 0.199832 0.340498
vt 0.208892 0.349558
vt 0.199832 0.349558
vt 0.199832 0.340498
vt 0.208892 0.349558
vt 0.208892 0.340498
vt 0.199832 0.349558
vt 0.199832 0.340498
vt 0.208892 0.349558
vt 0.199832 0.349558
vt 0.199832 0.340498
vt 0.208892 0.349558
vt 0.208892 0.340498
vt 0.199832 0.349558
vt 0.199832 0.340498
vt 0.208892 0.349558
vt 0.199832 0.349558
vt 0.199832 0.340498
vt 0.208892 0.349558
vt 0.208892 0.340498
vt 0.199832 0.349558
vt 0.199832 0.340498
vt 0.208892 0.349558
vt 0.199832 0.349558
vt 0.199832 0.340498
vt 0.208892 0.349558
vt 0.208892 0.340498
vt 0.199832 0.349558
vt 0.199832 0.340498
vt 0.208892 0.349558
vt 0.199832 0.349558
vt 0.199832 0.340498
vt 0.208892 0.349558
vt 0.208892 0.340498
vt 0.199832 0.349558
vt 0.199832 0.340498
vt 0.208892 0.349558
vt 0.208892 0.340498
vt 0.177657 0.933584
vt 0.177657 0.919831
vt 0.163904 0.919831
vt 0.177657 0.919831
vt 0.163904 0.919831
vt 0.177657 0.933584
vt 0.163904 0.919831
vt 0.177657 0.919831
vt 0.305721 0.327401
vt 0.319474 0.341155
vt 0.319474 0.327401
vt 0.319474 0.341155
vt 0.319474 0.327401
vt 0.305721 0.327401
vt 0.319474 0.327401
vt 0.319474 0.341155
vt 0.319474 0.327401
f 846/846/846 845/845/845 847/847/847
f 848/848/848 845/845/845 846/846/846
f 848/848/848 849/849/849 850/850/850
f 850/850/850 849/849/849 851/851/851
f 853/853/853 852/852/852 851/851/851
f 854/854/854 852/852/852 853/853/853
f 856/856/856 855/855/855 851/851/851
f 857/857/857 855/855/855 856/856/856
f 857/857/857 858/858/858 853/853/853
f 853/853/853 858/858/858 859/859/859
f 850/850/850 860/860/860 861/861/861
f 862/862/862 860/860/860 850/850/850
f 864/864/864 863/863/863 847/847/847
f 865/865/865 863/863/863 864/864/864
f 867/867/867 866/866/866 868/868/868
f 869/869/869 866/866/866 867/867/867
f 869/869/869 870/870/870 871/871/871
f 871/871/871 870/870/870 872/872/872
f 873/873/873 870/870/870 874/874/874
f 875/875/875 870/870/870 873/873/873
f 873/873/873 876/876/876 877/877/877
f 878/878/878 876/876/876 873/873/873
f 879/879/879 876/876/876 880/880/880
f 881/881/881 876/876/876 879/879/879
f 881/881/881 882/882/882 883/883/883
f 883/883/883 882/882/882 884/884/884
f 886/886/886 885/885/885 884/884/884
f 887/887/887 885/885/885 886/886/886
f 887/887/887 888/888/888 883/883/883
f 883/883/883 888/888/888 889/889/889
f 890/890/890 885/885/885 889/889/889
f 881/881/881 885/885/885 890/890/890
f 886/886/886 891/891/891 892/892/892
f 893/893/893 891/891/891 886/886/886
f 894/894/894 891/891/891 895/895/895
f 896/896/896 891/891/891 894/894/894
f 887/887/887 897/897/897 894/894/894
f 894/894/894 897/897/897 898/898/898
f 896/896/896 899/899/899 900/900/900
f 900/900/900 899/899/899 901/901/901
f 902/902/902 899/899/899 898/898/898
f 903/903/903 899/899/899 902/902/902
f 903/903/903 904/904/904 905/905/905
f 905/905/905 904/904/904 906/906/906
f 905/905/905 899/899/899 907/907/907
f 908/908/908 899/899/899 905/905/905
f 908/908/908 909/909/909 910/910/910
f 910/910/910 909/909/909 911/911/911
f 913/913/913 912/912/912 914/914/914
f 915/915/915 912/912/912 913/913/913
f 916/916/916 912/912/912 917/917/917
f 918/918/918 912/912/912 916/916/916
f 920/920/920 919/919/919 917/917/917
f 921/921/921 919/919/919 920/920/920
f 923/923/923 922/922/922 917/917/917
f 924/924/924 922/922/922 923/923/923
f 926/926/926 925/925/925 917/917/917
f 927/927/927 925/925/925 926/926/926
f 927/927/927 928/928/928 929/929/929
f 929/929/929 928/928/928 930/930/930
f 932/932/932 931/931/931 933/933/933
f 934/934/934 931/931/931 932/932/932
f 934/934/934 935/935/935 936/936/936
f 936/936/936 935/935/935 937/937/937
f 936/936/936 938/938/938 939/939/939
f 940/940/940 938/938/938 936/936/936
f 942/942/942 941/941/941 939/939/939
f 943/943/943 941/941/941 942/942/942
f 932/932/932 944/944/944 945/945/945
f 946/946/946 944/944/944 932/932/932
f 947/947/947 938/938/938 945/945/945
f 948/948/948 938/938/938 947/947/947
f 947/947/947 941/941/941 949/949/949
f 950/950/950 941/941/941 947/947/947
f 952/952/952 951/951/951 953/953/953
f 954/954/954 951/951/951 952/952/952
f 956/956/956 955/955/955 953/953/953
f 957/957/957 955/955/955 956/956/956
f 957/957/957 958/958/958 959/959/959
f 959/959/959 958/958/958 960/960/960
f 961/961/961 951/951/951 962/962/962
f 963/963/963 951/951/951 961/961/961
f 961/961/961 955/955/955 964/964/964
f 965/965/965 955/955/955 961/961/961
f 965/965/965 966/966/966 952/952/952
f 952/952/952 966/966/966 967/967/967
f 969/969/969 968/968/968 967/967/967
f 970/970/970 968/968/968 969/969/969
f 970/970/970 966/966/966 971/971/971
f 971/971/971 966/966/966 972/972/972
f 974/974/974 973/973/973 964/964/964
f 957/957/957 973/973/973 974/974/974
f 971/971/971 975/975/975 976/976/976
f 977/977/977 975/975/975 971/971/971
f 979/979/979 978/978/978 980/980/980
f 981/981/981 978/978/978 979/979/979
f 981/981/981 982/982/982 983/983/983
f 983/983/983 982/982/982 984/984/984
f 983/983/983 985/985/985 986/986/986
f 987/987/987 985/985/985 983/983/983
f 989/989/989 988/988/988 986/986/986
f 990/990/990 988/988/988 989/989/989
f 992/992/992 991/991/991 984/984/984
f 993/993/993 991/991/991 992/992/992
f 995/995/995 994/994/994 980/980/980
f 993/993/993 994/994/994 995/995/995
f 989/989/989 996/996/996 997/997/997
f 998/998/998 996/996/996 989/989/989
f 1000/1000/1000 999/999/999 1001/1001/1001
f 1002/1002/1002 999/999/999 1000/1000/1000
f 999/999/999 1003/1003/1003 1004/1004/1004
f 1005/1005/1005 1003/1003/1003 999/999/999
f 1005/1005/1005 1006/1006/1006 1007/1007/1007
f 1007/1007/1007 1006/1006/1006 1008/1008/1008
f 1010/1010/1010 1009/1009/1009 1008/1008/1008
f 1011/1011/1011 1009/1009/1009 1010/1010/1010
f 1011/1011/1011 1012/1012/1012 1013/1013/1013
f 1013/1013/1013 1012/1012/1012 1014/1014/1014
f 1016/1016/1016 1015/1015/1015 1002/1002/1002
f 1017/1017/1017 1015/1015/1015 1016/1016/1016
f 1018/1018/1018 1015/1015/1015 1019/1019/1019
f 1020/1020/1020 1015/1015/1015 1018/1018/1018
f 1022/1022/1022 1021/1021/1021 1023/1023/1023
f 1024/1024/1024 1021/1021/1021 1022/1022/1022
f 1026/1026/1026 1025/1025/1025 1023/1023/1023
f 1027/1027/1027 1025/1025/1025 1026/1026/1026
f 1027/1027/1027 1028/1028/1028 1029/1029/1029
f 1029/1029/1029 1028/1028/1028 1030/1030/1030
f 1031/1031/1031 1021/1021/1021 1032/1032/1032
f 1033/1033/1033 1021/1021/1021 1031/1031/1031
f 1031/1031/1031 1025/1025/1025 1034/1034/1034
f 1035/1035/1035 1025/1025/1025 1031/1031/1031
f 1035/1035/1035 1036/1036/1036 1022/1022/1022
f 1022/1022/1022 1036/1036/1036 1037/1037/1037
f 1039/1039/1039 1038/1038/1038 1037/1037/1037
f 1040/1040/1040 1038/1038/1038 1039/1039/1039
f 1040/1040/1040 1036/1036/1036 1041/1041/1041
f 1041/1041/1041 1036/1036/1036 1042/1042/1042
f 1044/1044/1044 1043/1043/1043 1034/1034/1034
f 1027/1027/1027 1043/1043/1043 1044/1044/1044
f 1041/1041/1041 1045/1045/1045 1046/1046/1046
f 1047/1047/1047 1045/1045/1045 1041/1041/1041
f 1049/1049/1049 1048/1048/1048 1050/1050/1050
f 1051/1051/1051 1048/1048/1048 1049/1049/1049
f 1049/1049/1049 1052/1052/1052 1053/1053/1053
f 1054/1054/1054 1052/1052/1052 1049/1049/1049
f 1055/1055/1055 1048/1048/1048 1053/1053/1053
f 1056/1056/1056 1048/1048/1048 1055/1055/1055
f 1054/1054/1054 1057/1057/1057 1058/1058/1058
f 1058/1058/1058 1057/1057/1057 1059/1059/1059
f 1058/1058/1058 1060/1060/1060 1053/1053/1053
f 1061/1061/1061 1060/1060/1060 1058/1058/1058
f 1063/1063/1063 1062/1062/1062 1050/1050/1050
f 1064/1064/1064 1062/1062/1062 1063/1063/1063
f 1055/1055/1055 1062/1062/1062 1065/1065/1065
f 1066/1066/1066 1062/1062/1062 1055/1055/1055
f 1067/1067/1067 1057/1057/1057 1068/1068/1068
f 1069/1069/1069 1057/1057/1057 1067/1067/1067
f 1071/1071/1071 1070/1070/1070 1072/1072/1072
f 1073/1073/1073 1070/1070/1070 1071/1071/1071
f 1075/1075/1075 1074/1074/1074 1072/1072/1072
f 1076/1076/1076 1074/1074/1074 1075/1075/1075
f 1073/1073/1073 1077/1077/1077 1078/1078/1078
f 1078/1078/1078 1077/1077/1077 1079/1079/1079
f 1080/1080/1080 1070/1070/1070 1079/1079/1079
f 1081/1081/1081 1070/1070/1070 1080/1080/1080
f 1075/1075/1075 1082/1082/1082 1083/1083/1083
f 1084/1084/1084 1082/1082/1082 1075/1075/1075
f 1084/1084/1084 1085/1085/1085 1086/1086/1086
f 1086/1086/1086 1085/1085/1085 1087/1087/1087
f 1089/1089/1089 1088/1088/1088 1090/1090/1090
f 1091/1091/1091 1088/1088/1088 1089/1089/1089
f 1092/1092/1092 1088/1088/1088 1093/1093/1093
f 1094/1094/1094 1088/1088/1088 1092/1092/1092
f 1089/1089/1089 1095/1095/1095 1096/1096/1096
f 1097/1097/1097 1095/1095/1095 1089/1089/1089
f 1097/1097/1097 1098/1098/1098 1092/1092/1092
f 1092/1092/1092 1098/1098/1098 1099/1099/1099
f 1101/1101/1101 1100/1100/1100 1096/1096/1096
f 1102/1102/1102 1100/1100/1100 1101/1101/1101
f 1097/1097/1097 1103/1103/1103 1101/1101/1101
f 1101/1101/1101 1103/1103/1103 1104/1104/1104
f 1105/1105/1105 1095/1095/1095 1104/1104/1104
f 1102/1102/1102 1095/1095/1095 1105/1105/1105
f 1102/1102/1102 1106/1106/1106 1107/1107/1107
f 1107/1107/1107 1106/1106/1106 1108/1108/1108
f 1110/1110/1110 1109/1109/1109 1108/1108/1108
f 1111/1111/1111 1109/1109/1109 1110/1110/1110
f 1111/1111/1111 1112/1112/1112 1113/1113/1113
f 1113/1113/1113 1112/1112/1112 1114/1114/1114
f 1115/1115/1115 1109/1109/1109 1116/1116/1116
f 1117/1117/1117 1109/1109/1109 1115/1115/1115
f 1115/1115/1115 1106/1106/1106 1118/1118/1118
f 1119/1119/1119 1106/1106/1106 1115/1115/1115
f 1119/1119/1119 1120/1120/1120 1121/1121/1121
f 1121/1121/1121 1120/1120/1120 1122/1122/1122
f 1124/1124/1124 1123/1123/1123 1118/1118/1118
f 1102/1102/1102 1123/1123/1123 1124/1124/1124
f 1111/1111/1111 1125/1125/1125 1126/1126/1126
f 1126/1126/1126 1125/1125/1125 1127/1127/1127
f 1129/1129/1129 1128/1128/1128 1127/1127/1127
f 1130/1130/1130 1128/1128/1128 1129/1129/1129
f 1132/1132/1132 1131/1131/1131 1133/1133/1133
f 1134/1134/1134 1131/1131/1131 1132/1132/1132
f 1136/1136/1136 1135/1135/1135 1133/1133/1133
f 1137/1137/1137 1135/1135/1135 1136/1136/1136
f 1138/1138/1138 1135/1135/1135 1139/1139/1139
f 1140/1140/1140 1135/1135/1135 1138/1138/1138
f 1142/1142/1142 1141/1141/1141 1133/1133/1133
f 1143/1143/1143 1141/1141/1141 1142/1142/1142
f 1145/1145/1145 1144/1144/1144 1133/1133/1133
f 1146/1146/1146 1144/1144/1144 1145/1145/1145
f 1146/1146/1146 1135/1135/1135 1147/1147/1147
f 1147/1147/1147 1135/1135/1135 1148/1148/1148
f 1138/1138/1138 1149/1149/1149 1150/1150/1150
f 1151/1151/1151 1149/1149/1149 1138/1138/1138
f 1152/1152/1152 1149/1149/1149 1153/1153/1153
f 1154/1154/1154 1149/1149/1149 1152/1152/1152
f 1154/1154/1154 1155/1155/1155 1156/1156/1156
f 1156/1156/1156 1155/1155/1155 1157/1157/1157
f 1159/1159/1159 1158/1158/1158 1160/1160/1160
f 1161/1161/1161 1158/1158/1158 1159/1159/1159
f 1159/1159/1159 1162/1162/1162 1163/1163/1163
f 1164/1164/1164 1162/1162/1162 1159/1159/1159
f 1164/1164/1164 1165/1165/1165 1166/1166/1166
f 1166/1166/1166 1165/1165/1165 1167/1167/1167
f 1166/1166/1166 1168/1168/1168 1163/1163/1163
f 1169/1169/1169 1168/1168/1168 1166/1166/1166
f 1170/1170/1170 1162/1162/1162 1167/1167/1167
f 1169/1169/1169 1162/1162/1162 1170/1170/1170
f 1171/1171/1171 1158/1158/1158 1172/1172/1172
f 1173/1173/1173 1158/1158/1158 1171/1171/1171
f 1171/1171/1171 1174/1174/1174 1175/1175/1175
f 1176/1176/1176 1174/1174/1174 1171/1171/1171
f 1178/1178/1178 1177/1177/1177 1179/1179/1179
f 1180/1180/1180 1177/1177/1177 1178/1178/1178
f 1182/1182/1182 1181/1181/1181 1179/1179/1179
f 1183/1183/1183 1181/1181/1181 1182/1182/1182
f 1183/1183/1183 1184/1184/1184 1185/1185/1185
f 1185/1185/1185 1184/1184/1184 1186/1186/1186
f 1187/1187/1187 1177/1177/1177 1188/1188/1188
f 1189/1189/1189 1177/1177/1177 1187/1187/1187
f 1187/1187/1187 1181/1181/1181 1190/1190/1190
f 1191/1191/1191 1181/1181/1181 1187/1187/1187
f 1191/1191/1191 1192/1192/1192 1178/1178/1178
f 1178/1178/1178 1192/1192/1192 1193/1193/1193
f 1195/1195/1195 1194/1194/1194 1193/1193/1193
f 1196/1196/1196 1194/1194/1194 1195/1195/1195
f 1196/1196/1196 1192/1192/1192 1197/1197/1197
f 1197/1197/1197 1192/1192/1192 1198/1198/1198
f 1200/1200/1200 1199/1199/1199 1190/1190/1190
f 1183/1183/1183 1199/1199/1199 1200/1200/1200
f 1197/1197/1197 1201/1201/1201 1202/1202/1202
f 1203/1203/1203 1201/1201/1201 1197/1197/1197
f 1197/1197/1197 1204/1204/1204 1205/1205/1205
f 1206/1206/1206 1204/1204/1204 1207/1207/1207
f 1208/1208/1208 1204/1204/1204 1206/1206/1206
f 1206/1206/1206 1209/1209/1209 1210/1210/1210
f 1211/1211/1211 1209/1209/1209 1206/1206/1206
f 1212/1212/1212 1209/1209/1209 1207/1207/1207
f 1213/1213/1213 1209/1209/1209 1212/1212/1212
f 1208/1208/1208 1214/1214/1214 1215/1215/1215
f 1215/1215/1215 1214/1214/1214 1216/1216/1216
f 1215/1215/1215 1217/1217/1217 1207/1207/1207
f 1218/1218/1218 1217/1217/1217 1215/1215/1215
f 1219/1219/1219 1204/1204/1204 1216/1216/1216
f 1221/1221/1221 1220/1220/1220 1210/1210/1210
f 1222/1222/1222 1220/1220/1220 1221/1221/1221
f 1212/1212/1212 1220/1220/1220 1223/1223/1223
f 1224/1224/1224 1220/1220/1220 1212/1212/1212
f 1225/1225/1225 1214/1214/1214 1226/1226/1226
f 1227/1227/1227 1214/1214/1214 1225/1225/1225
f 1219/1219/1219 1228/1228/1228 1229/1229/1229
f 1230/1230/1230 1228/1228/1228 1219/1219/1219
f 1230/1230/1230 1231/1231/1231 1232/1232/1232
f 1232/1232/1232 1231/1231/1231 1233/1233/1233
f 1234/1234/1234 1231/1231/1231 1235/1235/1235
f 1236/1236/1236 1231/1231/1231 1234/1234/1234
f 1236/1236/1236 1237/1237/1237 1238/1238/1238
f 1238/1238/1238 1237/1237/1237 1239/1239/1239
f 1240/1240/1240 1237/1237/1237 1241/1241/1241
f 1242/1242/1242 1237/1237/1237 1240/1240/1240
f 1240/1240/1240 1243/1243/1243 1244/1244/1244
f 1245/1245/1245 1243/1243/1243 1240/1240/1240
f 1245/1245/1245 1246/1246/1246 1238/1238/1238
f 1238/1238/1238 1246/1246/1246 1247/1247/1247
f 1249/1249/1249 1248/1248/1248 1244/1244/1244
f 1250/1250/1250 1248/1248/1248 1249/1249/1249
f 1245/1245/1245 1251/1251/1251 1249/1249/1249
f 1249/1249/1249 1251/1251/1251 1252/1252/1252
f 1253/1253/1253 1243/1243/1243 1252/1252/1252
f 1250/1250/1250 1243/1243/1243 1253/1253/1253
f 1250/1250/1250 1254/1254/1254 1255/1255/1255
f 1255/1255/1255 1254/1254/1254 1256/1256/1256
f 1258/1258/1258 1257/1257/1257 1256/1256/1256
f 1259/1259/1259 1257/1257/1257 1258/1258/1258
f 1259/1259/1259 1260/1260/1260 1261/1261/1261
f 1261/1261/1261 1260/1260/1260 1262/1262/1262
f 1263/1263/1263 1257/1257/1257 1264/1264/1264
f 1265/1265/1265 1257/1257/1257 1263/1263/1263
f 1263/1263/1263 1254/1254/1254 1266/1266/1266
f 1267/1267/1267 1254/1254/1254 1263/1263/1263
f 1267/1267/1267 1268/1268/1268 1269/1269/1269
f 1269/1269/1269 1268/1268/1268 1270/1270/1270
f 1272/1272/1272 1271/1271/1271 1266/1266/1266
f 1250/1250/1250 1271/1271/1271 1272/1272/1272
f 1259/1259/1259 1273/1273/1273 1274/1274/1274
f 1274/1274/1274 1273/1273/1273 1275/1275/1275
f 1277/1277/1277 1276/1276/1276 1275/1275/1275
f 1278/1278/1278 1276/1276/1276 1277/1277/1277
f 1280/1280/1280 1279/1279/1279 1281/1281/1281
f 1282/1282/1282 1279/1279/1279 1280/1280/1280
f 1284/1284/1284 1283/1283/1283 1281/1281/1281
f 1285/1285/1285 1283/1283/1283 1284/1284/1284
f 1282/1282/1282 1286/1286/1286 1287/1287/1287
f 1287/1287/1287 1286/1286/1286 1288/1288/1288
f 1290/1290/1290 1289/1289/1289 1281/1281/1281
f 1291/1291/1291 1289/1289/1289 1290/1290/1290
f 1291/1291/1291 1292/1292/1292 1284/1284/1284
f 1284/1284/1284 1292/1292/1292 1293/1293/1293
f 1280/1280/1280 1294/1294/1294 1295/1295/1295
f 1296/1296/1296 1294/1294/1294 1280/1280/1280
f 1297/1297/1297 1286/1286/1286 1295/1295/1295
f 1299/1299/1299 1298/1298/1298 1288/1288/1288
f 1300/1300/1300 1298/1298/1298 1299/1299/1299
f 1219/1219/1219 1286/1286/1286 1301/1301/1301
f 1303/1303/1303 1302/1302/1302 1304/1304/1304
f 1305/1305/1305 1302/1302/1302 1303/1303/1303
f 1307/1307/1307 1306/1306/1306 1304/1304/1304
f 1308/1308/1308 1306/1306/1306 1307/1307/1307
f 1309/1309/1309 1306/1306/1306 1310/1310/1310
f 1311/1311/1311 1306/1306/1306 1309/1309/1309
f 1313/1313/1313 1312/1312/1312 1304/1304/1304
f 1314/1314/1314 1312/1312/1312 1313/1313/1313
f 1316/1316/1316 1315/1315/1315 1304/1304/1304
f 1317/1317/1317 1315/1315/1315 1316/1316/1316
f 1317/1317/1317 1306/1306/1306 1318/1318/1318
f 1318/1318/1318 1306/1306/1306 1319/1319/1319
f 1309/1309/1309 1320/1320/1320 1321/1321/1321
f 1322/1322/1322 1320/1320/1320 1309/1309/1309
f 1323/1323/1323 1320/1320/1320 1324/1324/1324
f 1325/1325/1325 1320/1320/1320 1323/1323/1323
f 1325/1325/1325 1326/1326/1326 1327/1327/1327
f 1327/1327/1327 1326/1326/1326 1328/1328/1328
f 1330/1330/1330 1329/1329/1329 1331/1331/1331
f 1332/1332/1332 1329/1329/1329 1330/1330/1330
f 1330/1330/1330 1333/1333/1333 1334/1334/1334
f 1335/1335/1335 1333/1333/1333 1330/1330/1330
f 1335/1335/1335 1336/1336/1336 1337/1337/1337
f 1337/1337/1337 1336/1336/1336 1338/1338/1338
f 1337/1337/1337 1339/1339/1339 1334/1334/1334
f 1340/1340/1340 1339/1339/1339 1337/1337/1337
f 1340/1340/1340 1333/1333/1333 1341/1341/1341
f 1341/1341/1341 1333/1333/1333 1342/1342/1342
f 1343/1343/1343 1329/1329/1329 1344/1344/1344
f 1345/1345/1345 1329/1329/1329 1343/1343/1343
f 1343/1343/1343 1346/1346/1346 1347/1347/1347
f 1348/1348/1348 1346/1346/1346 1343/1343/1343
f 1350/1350/1350 1349/1349/1349 1351/1351/1351
f 1352/1352/1352 1349/1349/1349 1350/1350/1350
f 1350/1350/1350 1353/1353/1353 1354/1354/1354
f 1355/1355/1355 1353/1353/1353 1350/1350/1350
f 1357/1357/1357 1356/1356/1356 1354/1354/1354
f 1358/1358/1358 1356/1356/1356 1357/1357/1357
f 1358/1358/1358 1353/1353/1353 1359/1359/1359
f 1359/1359/1359 1353/1353/1353 1360/1360/1360
f 1355/1355/1355 1361/1361/1361 1362/1362/1362
f 1362/1362/1362 1361/1361/1361 1363/1363/1363
f 1364/1364/1364 1361/1361/1361 1365/1365/1365
f 1366/1366/1366 1361/1361/1361 1364/1364/1364
f 1366/1366/1366 1367/1367/1367 1368/1368/1368
f 1368/1368/1368 1367/1367/1367 1369/1369/1369
f 1362/1362/1362 1370/1370/1370 1371/1371/1371
f 1372/1372/1372 1370/1370/1370 1362/1362/1362
f 1374/1374/1374 1373/1373/1373 1363/1363/1363
f 1366/1366/1366 1373/1373/1373 1374/1374/1374
f 1359/1359/1359 1375/1375/1375 1376/1376/1376
f 1377/1377/1377 1375/1375/1375 1359/1359/1359
f 1359/1359/1359 1378/1378/1378 1379/1379/1379
f 1380/1380/1380 1378/1378/1378 1381/1381/1381
f 1382/1382/1382 1378/1378/1378 1380/1380/1380
f 1380/1380/1380 1383/1383/1383 1384/1384/1384
f 1385/1385/1385 1383/1383/1383 1380/1380/1380
f 1386/1386/1386 1383/1383/1383 1381/1381/1381
f 1387/1387/1387 1383/1383/1383 1386/1386/1386
f 1389/1389/1389 1388/1388/1388 1379/1379/1379
f 1382/1382/1382 1388/1388/1388 1389/1389/1389
f 1389/1389/1389 1390/1390/1390 1381/1381/1381
f 1391/1391/1391 1390/1390/1390 1389/1389/1389
f 1393/1393/1393 1392/1392/1392 1384/1384/1384
f 1394/1394/1394 1392/1392/1392 1393/1393/1393
f 1386/1386/1386 1392/1392/1392 1395/1395/1395
f 1396/1396/1396 1392/1392/1392 1386/1386/1386
f 1397/1397/1397 1388/1388/1388 1398/1398/1398
f 1399/1399/1399 1388/1388/1388 1397/1397/1397
f 1401/1401/1401 1400/1400/1400 1402/1402/1402
f 1403/1403/1403 1400/1400/1400 1401/1401/1401
f 1405/1405/1405 1404/1404/1404 1402/1402/1402
f 1406/1406/1406 1404/1404/1404 1405/1405/1405
f 1403/1403/1403 1407/1407/1407 1408/1408/1408
f 1408/1408/1408 1407/1407/1407 1409/1409/1409
f 1410/1410/1410 1400/1400/1400 1409/1409/1409
f 1411/1411/1411 1400/1400/1400 1410/1410/1410
f 1413/1413/1413 1412/1412/1412 1402/1402/1402
f 1414/1414/1414 1412/1412/1412 1413/1413/1413
f 1414/1414/1414 1415/1415/1415 1416/1416/1416
f 1416/1416/1416 1415/1415/1415 1417/1417/1417
f 1359/1359/1359 1407/1407/1407 1418/1418/1418
f 1419/1419/1419 1407/1407/1407 1420/1420/1420
f 1401/1401/1401 1421/1421/1421 1420/1420/1420
f 1422/1422/1422 1421/1421/1421 1401/1401/1401
f 1419/1419/1419 1423/1423/1423 1424/1424/1424
f 1425/1425/1425 1423/1423/1423 1419/1419/1419
f 1425/1425/1425 1426/1426/1426 1427/1427/1427
f 1427/1427/1427 1426/1426/1426 1428/1428/1428
f 1429/1429/1429 1426/1426/1426 1430/1430/1430
f 1431/1431/1431 1426/1426/1426 1429/1429/1429
f 1431/1431/1431 1432/1432/1432 1433/1433/1433
f 1433/1433/1433 1432/1432/1432 1434/1434/1434
f 1435/1435/1435 1432/1432/1432 1436/1436/1436
f 1437/1437/1437 1432/1432/1432 1435/1435/1435
f 1435/1435/1435 1438/1438/1438 1439/1439/1439
f 1440/1440/1440 1438/1438/1438 1435/1435/1435
f 1440/1440/1440 1441/1441/1441 1433/1433/1433
f 1433/1433/1433 1441/1441/1441 1442/1442/1442
f 1444/1444/1444 1443/1443/1443 1439/1439/1439
f 1445/1445/1445 1443/1443/1443 1444/1444/1444
f 1440/1440/1440 1446/1446/1446 1444/1444/1444
f 1444/1444/1444 1446/1446/1446 1447/1447/1447
f 1448/1448/1448 1438/1438/1438 1447/1447/1447
f 1445/1445/1445 1438/1438/1438 1448/1448/1448
f 1445/1445/1445 1449/1449/1449 1450/1450/1450
f 1450/1450/1450 1449/1449/1449 1451/1451/1451
f 1453/1453/1453 1452/1452/1452 1451/1451/1451
f 1454/1454/1454 1452/1452/1452 1453/1453/1453
f 1454/1454/1454 1455/1455/1455 1456/1456/1456
f 1456/1456/1456 1455/1455/1455 1457/1457/1457
f 1458/1458/1458 1426/1426/1426 1442/1442/1442
f 1459/1459/1459 1426/1426/1426 1458/1458/1458
f 1459/1459/1459 1460/1460/1460 1427/1427/1427
f 1427/1427/1427 1460/1460/1460 1461/1461/1461
f 1462/1462/1462 1449/1449/1449 1463/1463/1463
f 1462/1462/1462 1464/1464/1464 1465/1465/1465
f 1466/1466/1466 1464/1464/1464 1462/1462/1462
f 1467/1467/1467 1449/1449/1449 1462/1462/1462
f 1467/1467/1467 1468/1468/1468 1469/1469/1469
f 1469/1469/1469 1468/1468/1468 1470/1470/1470
f 1472/1472/1472 1471/1471/1471 1463/1463/1463
f 1445/1445/1445 1471/1471/1471 1472/1472/1472
f 1474/1474/1474 1473/1473/1473 1475/1475/1475
f 1476/1476/1476 1473/1473/1473 1474/1474/1474
f 1478/1478/1478 1477/1477/1477 1475/1475/1475
f 1479/1479/1479 1477/1477/1477 1478/1478/1478
f 1480/1480/1480 1477/1477/1477 1481/1481/1481
f 1482/1482/1482 1477/1477/1477 1480/1480/1480
f 1484/1484/1484 1483/1483/1483 1475/1475/1475
f 1485/1485/1485 1483/1483/1483 1484/1484/1484
f 1487/1487/1487 1486/1486/1486 1475/1475/1475
f 1488/1488/1488 1486/1486/1486 1487/1487/1487
f 1488/1488/1488 1477/1477/1477 1489/1489/1489
f 1489/1489/1489 1477/1477/1477 1490/1490/1490
f 1480/1480/1480 1491/1491/1491 1492/1492/1492
f 1493/1493/1493 1491/1491/1491 1480/1480/1480
f 1494/1494/1494 1491/1491/1491 1495/1495/1495
f 1496/1496/1496 1491/1491/1491 1494/1494/1494
f 1496/1496/1496 1497/1497/1497 1498/1498/1498
f 1498/1498/1498 1497/1497/1497 1499/1499/1499
f 1501/1501/1501 1500/1500/1500 1502/1502/1502
f 1503/1503/1503 1500/1500/1500 1501/1501/1501
f 1501/1501/1501 1504/1504/1504 1505/1505/1505
f 1506/1506/1506 1504/1504/1504 1501/1501/1501
f 1506/1506/1506 1507/1507/1507 1508/1508/1508
f 1508/1508/1508 1507/1507/1507 1509/1509/1509
f 1508/1508/1508 1510/1510/1510 1505/1505/1505
f 1511/1511/1511 1510/1510/1510 1508/1508/1508
f 1511/1511/1511 1504/1504/1504 1512/1512/1512
f 1512/1512/1512 1504/1504/1504 1513/1513/1513
f 1515/1515/1515 1514/1514/1514 1502/1502/1502
f 1516/1516/1516 1514/1514/1514 1515/1515/1515
f 1515/1515/1515 1500/1500/1500 1517/1517/1517
f 1518/1518/1518 1500/1500/1500 1515/1515/1515
f 1520/1520/1520 1519/1519/1519 1521/1521/1521
f 1522/1522/1522 1519/1519/1519 1520/1520/1520
f 1520/1520/1520 1523/1523/1523 1524/1524/1524
f 1525/1525/1525 1523/1523/1523 1520/1520/1520
f 1527/1527/1527 1526/1526/1526 1524/1524/1524
f 1528/1528/1528 1526/1526/1526 1527/1527/1527
f 1528/1528/1528 1523/1523/1523 1529/1529/1529
f 1529/1529/1529 1523/1523/1523 1530/1530/1530
f 1525/1525/1525 1531/1531/1531 1532/1532/1532
f 1532/1532/1532 1531/1531/1531 1533/1533/1533
f 1534/1534/1534 1531/1531/1531 1535/1535/1535
f 1536/1536/1536 1531/1531/1531 1534/1534/1534
f 1536/1536/1536 1537/1537/1537 1538/1538/1538
f 1538/1538/1538 1537/1537/1537 1539/1539/1539
f 1532/1532/1532 1540/1540/1540 1541/1541/1541
f 1542/1542/1542 1540/1540/1540 1532/1532/1532
f 1544/1544/1544 1543/1543/1543 1533/1533/1533
f 1536/1536/1536 1543/1543/1543 1544/1544/1544
f 1529/1529/1529 1545/1545/1545 1546/1546/1546
f 1547/1547/1547 1545/1545/1545 1529/1529/1529
f 1549/1549/1549 1548/1548/1548 1550/1550/1550
f 1551/1551/1551 1548/1548/1548 1549/1549/1549
f 1549/1549/1549 1552/1552/1552 1553/1553/1553
f 1554/1554/1554 1552/1552/1552 1549/1549/1549
f 1555/1555/1555 1548/1548/1548 1553/1553/1553
f 1556/1556/1556 1548/1548/1548 1555/1555/1555
f 1554/1554/1554 1557/1557/1557 1558/1558/1558
f 1558/1558/1558 1557/1557/1557 1559/1559/1559
f 1558/1558/1558 1560/1560/1560 1553/1553/1553
f 1561/1561/1561 1560/1560/1560 1558/1558/1558
f 1563/1563/1563 1562/1562/1562 1550/1550/1550
f 1564/1564/1564 1562/1562/1562 1563/1563/1563
f 1555/1555/1555 1562/1562/1562 1565/1565/1565
f 1566/1566/1566 1562/1562/1562 1555/1555/1555
f 1567/1567/1567 1557/1557/1557 1568/1568/1568
f 1569/1569/1569 1557/1557/1557 1567/1567/1567
f 1558/1558/1558 1570/1570/1570 1571/1571/1571
f 1572/1572/1572 1570/1570/1570 1573/1573/1573
f 1574/1574/1574 1570/1570/1570 1572/1572/1572
f 1574/1574/1574 1575/1575/1575 1576/1576/1576
f 1576/1576/1576 1575/1575/1575 1577/1577/1577
f 1578/1578/1578 1575/1575/1575 1573/1573/1573
f 1579/1579/1579 1575/1575/1575 1578/1578/1578
f 1581/1581/1581 1580/1580/1580 1577/1577/1577
f 1582/1582/1582 1580/1580/1580 1581/1581/1581
f 1584/1584/1584 1583/1583/1583 1577/1577/1577
f 1585/1585/1585 1583/1583/1583 1584/1584/1584
f 1585/1585/1585 1586/1586/1586 1581/1581/1581
f 1581/1581/1581 1586/1586/1586 1587/1587/1587
f 1589/1589/1589 1588/1588/1588 1590/1590/1590
f 1591/1591/1591 1588/1588/1588 1589/1589/1589
f 1592/1592/1592 1588/1588/1588 1593/1593/1593
f 1594/1594/1594 1588/1588/1588 1592/1592/1592
f 1589/1589/1589 1595/1595/1595 1596/1596/1596
f 1597/1597/1597 1595/1595/1595 1589/1589/1589
f 1597/1597/1597 1598/1598/1598 1592/1592/1592
f 1592/1592/1592 1598/1598/1598 1599/1599/1599
f 1601/1601/1601 1600/1600/1600 1596/1596/1596
f 1602/1602/1602 1600/1600/1600 1601/1601/1601
f 1597/1597/1597 1603/1603/1603 1601/1601/1601
f 1601/1601/1601 1603/1603/1603 1604/1604/1604
f 1605/1605/1605 1595/1595/1595 1604/1604/1604
f 1602/1602/1602 1595/1595/1595 1605/1605/1605
f 1602/1602/1602 1606/1606/1606 1607/1607/1607
f 1607/1607/1607 1606/1606/1606 1608/1608/1608
f 1610/1610/1610 1609/1609/1609 1608/1608/1608
f 1611/1611/1611 1609/1609/1609 1610/1610/1610
f 1611/1611/1611 1612/1612/1612 1613/1613/1613
f 1613/1613/1613 1612/1612/1612 1614/1614/1614
f 1615/1615/1615 1609/1609/1609 1616/1616/1616
f 1617/1617/1617 1609/1609/1609 1615/1615/1615
f 1615/1615/1615 1606/1606/1606 1618/1618/1618
f 1619/1619/1619 1606/1606/1606 1615/1615/1615
f 1619/1619/1619 1620/1620/1620 1621/1621/1621
f 1621/1621/1621 1620/1620/1620 1622/1622/1622
f 1624/1624/1624 1623/1623/1623 1618/1618/1618
f 1602/1602/1602 1623/1623/1623 1624/1624/1624
f 1626/1626/1626 1625/1625/1625 1627/1627/1627
f 1628/1628/1628 1625/1625/1625 1626/1626/1626
f 1630/1630/1630 1629/1629/1629 1627/1627/1627
f 1631/1631/1631 1629/1629/1629 1630/1630/1630
f 1632/1632/1632 1629/1629/1629 1633/1633/1633
f 1634/1634/1634 1629/1629/1629 1632/1632/1632
f 1636/1636/1636 1635/1635/1635 1627/1627/1627
f 1637/1637/1637 1635/1635/1635 1636/1636/1636
f 1639/1639/1639 1638/1638/1638 1627/1627/1627
f 1640/1640/1640 1638/1638/1638 1639/1639/1639
f 1640/1640/1640 1629/1629/1629 1641/1641/1641
f 1641/1641/1641 1629/1629/1629 1642/1642/1642
f 1632/1632/1632 1643/1643/1643 1644/1644/1644
f 1645/1645/1645 1643/1643/1643 1632/1632/1632
f 1646/1646/1646 1643/1643/1643 1647/1647/1647
f 1648/1648/1648 1643/1643/1643 1646/1646/1646
f 1648/1648/1648 1649/1649/1649 1650/1650/1650
f 1650/1650/1650 1649/1649/1649 1651/1651/1651
f 1653/1653/1653 1652/1652/1652 1654/1654/1654
f 1655/1655/1655 1652/1652/1652 1653/1653/1653
f 1653/1653/1653 1656/1656/1656 1657/1657/1657
f 1658/1658/1658 1656/1656/1656 1653/1653/1653
f 1658/1658/1658 1659/1659/1659 1660/1660/1660
f 1660/1660/1660 1659/1659/1659 1661/1661/1661
f 1660/1660/1660 1662/1662/1662 1657/1657/1657
f 1663/1663/1663 1662/1662/1662 1660/1660/1660
f 1663/1663/1663 1656/1656/1656 1664/1664/1664
f 1664/1664/1664 1656/1656/1656 1665/1665/1665
f 1667/1667/1667 1666/1666/1666 1654/1654/1654
f 1668/1668/1668 1666/1666/1666 1667/1667/1667
f 1667/1667/1667 1652/1652/1652 1669/1669/1669
f 1670/1670/1670 1652/1652/1652 1667/1667/1667
f 1672/1672/1672 1671/1671/1671 1673/1673/1673
f 1674/1674/1674 1671/1671/1671 1672/1672/1672
f 1676/1676/1676 1675/1675/1675 1677/1677/1677
f 1678/1678/1678 1675/1675/1675 1676/1676/1676
f 1676/1676/1676 1679/1679/1679 1680/1680/1680
f 1681/1681/1681 1679/1679/1679 1676/1676/1676
f 1681/1681/1681 1682/1682/1682 1683/1683/1683
f 1683/1683/1683 1682/1682/1682 1684/1684/1684
f 1683/1683/1683 1685/1685/1685 1680/1680/1680
f 1686/1686/1686 1685/1685/1685 1683/1683/1683
f 1688/1688/1688 1687/1687/1687 1680/1680/1680
f 1689/1689/1689 1687/1687/1687 1688/1688/1688
f 1690/1690/1690 1682/1682/1682 1691/1691/1691
f 1692/1692/1692 1682/1682/1682 1690/1690/1690
f 1688/1688/1688 1693/1693/1693 1694/1694/1694
f 1695/1695/1695 1693/1693/1693 1688/1688/1688
f 1696/1696/1696 1693/1693/1693 1697/1697/1697
f 1698/1698/1698 1693/1693/1693 1696/1696/1696
f 1700/1700/1700 1699/1699/1699 1684/1684/1684
f 1700/1700/1700 1701/1701/1701 1702/1702/1702
f 1703/1703/1703 1701/1701/1701 1704/1704/1704
f 1705/1705/1705 1701/1701/1701 1703/1703/1703
f 1703/1703/1703 1706/1706/1706 1707/1707/1707
f 1708/1708/1708 1706/1706/1706 1703/1703/1703
f 1710/1710/1710 1709/1709/1709 1707/1707/1707
f 1711/1711/1711 1709/1709/1709 1710/1710/1710
f 1708/1708/1708 1712/1712/1712 1713/1713/1713
f 1713/1713/1713 1712/1712/1712 1714/1714/1714
f 1715/1715/1715 1706/1706/1706 1714/1714/1714
f 1716/1716/1716 1706/1706/1706 1715/1715/1715
f 1718/1718/1718 1717/1717/1717 1707/1707/1707
f 1719/1719/1719 1717/1717/1717 1718/1718/1718
f 1719/1719/1719 1720/1720/1720 1721/1721/1721
f 1721/1721/1721 1720/1720/1720 1722/1722/1722
f 1724/1724/1724 1723/1723/1723 1725/1725/1725
f 1726/1726/1726 1723/1723/1723 1724/1724/1724
f 1724/1724/1724 1727/1727/1727 1728/1728/1728
f 1729/1729/1729 1727/1727/1727 1724/1724/1724
f 1731/1731/1731 1730/1730/1730 1728/1728/1728
f 1732/1732/1732 1730/1730/1730 1731/1731/1731
f 1729/1729/1729 1733/1733/1733 1731/1731/1731
f 1731/1731/1731 1733/1733/1733 1734/1734/1734
f 1735/1735/1735 1727/1727/1727 1734/1734/1734
f 1732/1732/1732 1727/1727/1727 1735/1735/1735
f 1732/1732/1732 1736/1736/1736 1737/1737/1737
f 1737/1737/1737 1736/1736/1736 1738/1738/1738
f 1739/1739/1739 1736/1736/1736 1740/1740/1740
f 1741/1741/1741 1736/1736/1736 1739/1739/1739
f 1739/1739/1739 1742/1742/1742 1743/1743/1743
f 1744/1744/1744 1742/1742/1742 1739/1739/1739
f 1745/1745/1745 1742/1742/1742 1746/1746/1746
f 1747/1747/1747 1742/1742/1742 1745/1745/1745
f 1747/1747/1747 1748/1748/1748 1749/1749/1749
f 1749/1749/1749 1748/1748/1748 1750/1750/1750
f 1741/1741/1741 1751/1751/1751 1752/1752/1752
f 1752/1752/1752 1751/1751/1751 1753/1753/1753
f 1755/1755/1755 1754/1754/1754 1740/1740/1740
f 1732/1732/1732 1754/1754/1754 1755/1755/1755
f 1757/1757/1757 1756/1756/1756 1758/1758/1758
f 1759/1759/1759 1756/1756/1756 1757/1757/1757
f 1761/1761/1761 1760/1760/1760 1758/1758/1758
f 1762/1762/1762 1760/1760/1760 1761/1761/1761
f 1763/1763/1763 1760/1760/1760 1764/1764/1764
f 1765/1765/1765 1760/1760/1760 1763/1763/1763
f 1767/1767/1767 1766/1766/1766 1758/1758/1758
f 1768/1768/1768 1766/1766/1766 1767/1767/1767
f 1770/1770/1770 1769/1769/1769 1758/1758/1758
f 1771/1771/1771 1769/1769/1769 1770/1770/1770
f 1771/1771/1771 1760/1760/1760 1772/1772/1772
f 1772/1772/1772 1760/1760/1760 1773/1773/1773
f 1775/1775/1775 1774/1774/1774 1776/1776/1776
f 1777/1777/1777 1774/1774/1774 1775/1775/1775
f 1779/1779/1779 1778/1778/1778 1780/1780/1780
f 1781/1781/1781 1778/1778/1778 1779/1779/1779
f 1783/1783/1783 1782/1782/1782 1784/1784/1784
f 1785/1785/1785 1782/1782/1782 1783/1783/1783
f 1787/1787/1787 1786/1786/1786 1788/1788/1788
f 1094/1094/1094 1786/1786/1786 1787/1787/1787
f 1789/1789/1789 1786/1786/1786 1099/1099/1099
f 1790/1790/1790 1786/1786/1786 1789/1789/1789
f 1790/1790/1790 1791/1791/1791 1792/1792/1792
f 1792/1792/1792 1791/1791/1791 1793/1793/1793
f 1792/1792/1792 1786/1786/1786 1794/1794/1794
f 1795/1795/1795 1786/1786/1786 1792/1792/1792
f 1795/1795/1795 1796/1796/1796 1797/1797/1797
f 1797/1797/1797 1796/1796/1796 1798/1798/1798
f 1797/1797/1797 1799/1799/1799 1800/1800/1800
f 1801/1801/1801 1799/1799/1799 1802/1802/1802
f 1801/1801/1801 1052/1052/1052 1803/1803/1803
f 1801/1801/1801 1804/1804/1804 1805/1805/1805
f 1071/1071/1071 1806/1806/1806 1805/1805/1805
f 1807/1807/1807 1806/1806/1806 1071/1071/1071
f 1809/1809/1809 1808/1808/1808 1810/1810/1810
f 1811/1811/1811 1808/1808/1808 1809/1809/1809
f 1813/1813/1813 1812/1812/1812 1814/1814/1814
f 1815/1815/1815 1812/1812/1812 1813/1813/1813
f 1817/1817/1817 1816/1816/1816 1818/1818/1818
f 1819/1819/1819 1816/1816/1816 1817/1817/1817
f 1232/1232/1232 1820/1820/1820 1821/1821/1821
f 1822/1822/1822 1820/1820/1820 1232/1232/1232
f 1822/1822/1822 1231/1231/1231 1823/1823/1823
f 1823/1823/1823 1231/1231/1231 1247/1247/1247
f 1825/1825/1825 1824/1824/1824 1826/1826/1826
f 1827/1827/1827 1824/1824/1824 1825/1825/1825
f 1829/1829/1829 1828/1828/1828 1830/1830/1830
f 1831/1831/1831 1828/1828/1828 1829/1829/1829
f 1833/1833/1833 1832/1832/1832 1834/1834/1834
f 1835/1835/1835 1832/1832/1832 1833/1833/1833
f 1837/1837/1837 1836/1836/1836 1834/1834/1834
f 1454/1454/1454 1836/1836/1836 1837/1837/1837
f 1839/1839/1839 1838/1838/1838 1840/1840/1840
f 1841/1841/1841 1838/1838/1838 1839/1839/1839
f 1843/1843/1843 1842/1842/1842 1844/1844/1844
f 1845/1845/1845 1842/1842/1842 1843/1843/1843
f 1847/1847/1847 1846/1846/1846 1848/1848/1848
f 1849/1849/1849 1846/1846/1846 1847/1847/1847
f 1851/1851/1851 1850/1850/1850 1852/1852/1852
f 1853/1853/1853 1850/1850/1850 1851/1851/1851
f 1855/1855/1855 1854/1854/1854 1852/1852/1852
f 1856/1856/1856 1854/1854/1854 1855/1855/1855
f 1858/1858/1858 1857/1857/1857 1859/1859/1859
f 1860/1860/1860 1857/1857/1857 1858/1858/1858
f 1862/1862/1862 1861/1861/1861 1863/1863/1863
f 1594/1594/1594 1861/1861/1861 1862/1862/1862
f 1864/1864/1864 1861/1861/1861 1599/1599/1599
f 1865/1865/1865 1861/1861/1861 1864/1864/1864
f 1865/1865/1865 1866/1866/1866 1867/1867/1867
f 1867/1867/1867 1866/1866/1866 1868/1868/1868
f 1867/1867/1867 1861/1861/1861 1869/1869/1869
f 1870/1870/1870 1861/1861/1861 1867/1867/1867
f 1870/1870/1870 1871/1871/1871 1872/1872/1872
f 1872/1872/1872 1871/1871/1871 1873/1873/1873
f 1875/1875/1875 1874/1874/1874 1876/1876/1876
f 1877/1877/1877 1874/1874/1874 1875/1875/1875
f 1558/1558/1558 1874/1874/1874 1878/1878/1878
f 1558/1558/1558 1879/1879/1879 1880/1880/1880
f 1882/1882/1882 1881/1881/1881 1883/1883/1883
f 1884/1884/1884 1881/1881/1881 1882/1882/1882
f 1886/1886/1886 1885/1885/1885 1887/1887/1887
f 1888/1888/1888 1885/1885/1885 1886/1886/1886
f 1890/1890/1890 1889/1889/1889 1891/1891/1891
f 1892/1892/1892 1889/1889/1889 1890/1890/1890
f 1894/1894/1894 1893/1893/1893 1895/1895/1895
f 1896/1896/1896 1893/1893/1893 1894/1894/1894
f 1897/1897/1897 1893/1893/1893 1898/1898/1898
f 1899/1899/1899 1893/1893/1893 1897/1897/1897
f 1901/1901/1901 1900/1900/1900 1902/1902/1902
f 1903/1903/1903 1900/1900/1900 1901/1901/1901
f 1904/1904/1904 931/931/931 1905/1905/1905
f 1906/1906/1906 931/931/931 1904/1904/1904
f 1908/1908/1908 1907/1907/1907 1909/1909/1909
f 1910/1910/1910 1907/1907/1907 1908/1908/1908
f 1912/1912/1912 1911/1911/1911 1913/1913/1913
f 1914/1914/1914 1911/1911/1911 1912/1912/1912
f 1914/1914/1914 1915/1915/1915 1916/1916/1916
f 1916/1916/1916 1915/1915/1915 1917/1917/1917
f 1918/1918/1918 1915/1915/1915 1919/1919/1919
f 1920/1920/1920 1915/1915/1915 1918/1918/1918
f 1918/1918/1918 1921/1921/1921 1922/1922/1922
f 1923/1923/1923 1921/1921/1921 1918/1918/1918
f 1920/1920/1920 1924/1924/1924 1925/1925/1925
f 1925/1925/1925 1924/1924/1924 1926/1926/1926
f 1928/1928/1928 1927/1927/1927 1926/1926/1926
f 1929/1929/1929 1927/1927/1927 1928/1928/1928
f 1929/1929/1929 1924/1924/1924 1930/1930/1930
f 1930/1930/1930 1924/1924/1924 1931/1931/1931
f 1933/1933/1933 1932/1932/1932 1919/1919/1919
f 1914/1914/1914 1932/1932/1932 1933/1933/1933
f 1930/1930/1930 1934/1934/1934 1935/1935/1935
f 1936/1936/1936 1934/1934/1934 1930/1930/1930
f 1938/1938/1938 1937/1937/1937 1939/1939/1939
f 1940/1940/1940 1937/1937/1937 1938/1938/1938
f 1940/1940/1940 1941/1941/1941 1942/1942/1942
f 1942/1942/1942 1941/1941/1941 1943/1943/1943
f 1944/1944/1944 1941/1941/1941 1945/1945/1945
f 1946/1946/1946 1941/1941/1941 1944/1944/1944
f 1938/1938/1938 1947/1947/1947 1945/1945/1945
f 1729/1729/1729 1947/1947/1947 1938/1938/1938
f 1946/1946/1946 1948/1948/1948 1949/1949/1949
f 1949/1949/1949 1948/1948/1948 1950/1950/1950
f 1949/1949/1949 1941/1941/1941 1951/1951/1951
f 1952/1952/1952 1941/1941/1941 1949/1949/1949
f 1952/1952/1952 1953/1953/1953 1954/1954/1954
f 1954/1954/1954 1953/1953/1953 1955/1955/1955
f 1957/1957/1957 1956/1956/1956 1958/1958/1958
f 1959/1959/1959 1956/1956/1956 1957/1957/1957
f 1961/1961/1961 1960/1960/1960 1962/1962/1962
f 1963/1963/1963 1960/1960/1960 1961/1961/1961
f 1965/1965/1965 1964/1964/1964 1962/1962/1962
f 1966/1966/1966 1964/1964/1964 1965/1965/1965
f 1968/1968/1968 1967/1967/1967 1969/1969/1969
f 1970/1970/1970 1967/1967/1967 1968/1968/1968
f 1971/1971/1971 1967/1967/1967 1972/1972/1972
f 1973/1973/1973 1967/1967/1967 1971/1971/1971
f 1970/1970/1970 1974/1974/1974 1975/1975/1975
f 1975/1975/1975 1974/1974/1974 1976/1976/1976
f 1978/1978/1978 1977/1977/1977 1979/1979/1979
f 1980/1980/1980 1977/1977/1977 1978/1978/1978
f 1982/1982/1982 1981/1981/1981 1983/1983/1983
f 878/878/878 1981/1981/1981 1982/1982/1982
f 1985/1985/1985 1984/1984/1984 877/877/877
f 881/881/881 1984/1984/1984 1985/1985/1985
f 1987/1987/1987 1986/1986/1986 1988/1988/1988
f 1989/1989/1989 1986/1986/1986 1987/1987/1987
f 1991/1991/1991 1990/1990/1990 1992/1992/1992
f 1993/1993/1993 1990/1990/1990 1991/1991/1991
f 1995/1995/1995 1994/1994/1994 1996/1996/1996
f 1997/1997/1997 1994/1994/1994 1995/1995/1995
f 1999/1999/1999 1998/1998/1998 2000/2000/2000
f 2001/2001/2001 1998/1998/1998 1999/1999/1999
f 2003/2003/2003 2002/2002/2002 2004/2004/2004
f 2005/2005/2005 2002/2002/2002 2003/2003/2003
f 2007/2007/2007 2006/2006/2006 2008/2008/2008
f 2009/2009/2009 2006/2006/2006 2007/2007/2007
f 2011/2011/2011 2010/2010/2010 2012/2012/2012
f 2013/2013/2013 2010/2010/2010 2011/2011/2011
f 2015/2015/2015 2014/2014/2014 2016/2016/2016
f 2017/2017/2017 2014/2014/2014 2015/2015/2015
f 2019/2019/2019 2018/2018/2018 2020/2020/2020
f 2021/2021/2021 2018/2018/2018 2019/2019/2019
f 2023/2023/2023 2022/2022/2022 2024/2024/2024
f 2025/2025/2025 2022/2022/2022 2023/2023/2023
f 2027/2027/2027 2026/2026/2026 2028/2028/2028
f 2029/2029/2029 2026/2026/2026 2027/2027/2027
f 2031/2031/2031 2030/2030/2030 2032/2032/2032
f 2033/2033/2033 2030/2030/2030 2031/2031/2031
f 2035/2035/2035 2034/2034/2034 2036/2036/2036
f 2037/2037/2037 2034/2034/2034 2035/2035/2035
f 2039/2039/2039 2038/2038/2038 2040/2040/2040
f 2041/2041/2041 2038/2038/2038 2039/2039/2039
f 2043/2043/2043 2042/2042/2042 2044/2044/2044
f 2045/2045/2045 2042/2042/2042 2043/2043/2043
f 2042/2042/2042 2046/2046/2046 2044/2044/2044
f 2047/2047/2047 2046/2046/2046 2042/2042/2042
f 2046/2046/2046 2047/2047/2047 2048/2048/2048
f 2048/2048/2048 2047/2047/2047 2049/2049/2049
f 2049/2049/2049 2050/2050/2050 2048/2048/2048
f 2048/2048/2048 2050/2050/2050 2051/2051/2051
f 2043/2043/2043 2044/2044/2044 2052/2052/2052
f 2052/2052/2052 2044/2044/2044 2053/2053/2053
f 2054/2054/2054 2044/2044/2044 2046/2046/2046
f 2053/2053/2053 2044/2044/2044 2054/2054/2054
f 2055/2055/2055 2046/2046/2046 2048/2048/2048
f 2054/2054/2054 2046/2046/2046 2055/2055/2055
f 2048/2048/2048 2051/2051/2051 2055/2055/2055
f 2055/2055/2055 2051/2051/2051 2056/2056/2056
f 2053/2053/2053 2057/2057/2057 2052/2052/2052
f 2058/2058/2058 2057/2057/2057 2053/2053/2053
f 2059/2059/2059 2053/2053/2053 2054/2054/2054
f 2058/2058/2058 2053/2053/2053 2059/2059/2059
f 2060/2060/2060 2054/2054/2054 2055/2055/2055
f 2059/2059/2059 2054/2054/2054 2060/2060/2060
f 2055/2055/2055 2056/2056/2056 2060/2060/2060
f 2060/2060/2060 2056/2056/2056 2061/2061/2061
f 2058/2058/2058 2062/2062/2062 2057/2057/2057
f 2063/2063/2063 2062/2062/2062 2058/2058/2058
f 2064/2064/2064 2058/2058/2058 2059/2059/2059
f 2063/2063/2063 2058/2058/2058 2064/2064/2064
f 2065/2065/2065 2059/2059/2059 2060/2060/2060
f 2064/2064/2064 2059/2059/2059 2065/2065/2065
f 2060/2060/2060 2061/2061/2061 2065/2065/2065
f 2065/2065/2065 2061/2061/2061 2066/2066/2066
f 2063/2063/2063 2067/2067/2067 2062/2062/2062
f 2068/2068/2068 2067/2067/2067 2063/2063/2063
f 2069/2069/2069 2063/2063/2063 2064/2064/2064
f 2068/2068/2068 2063/2063/2063 2069/2069/2069
f 2070/2070/2070 2064/2064/2064 2065/2065/2065
f 2069/2069/2069 2064/2064/2064 2070/2070/2070
f 2065/2065/2065 2066/2066/2066 2070/2070/2070
f 2070/2070/2070 2066/2066/2066 2071/2071/2071
f 2068/2068/2068 2072/2072/2072 2067/2067/2067
f 2073/2073/2073 2072/2072/2072 2068/2068/2068
f 2074/2074/2074 2068/2068/2068 2069/2069/2069
f 2073/2073/2073 2068/2068/2068 2074/2074/2074
f 2075/2075/2075 2069/2069/2069 2070/2070/2070
f 2074/2074/2074 2069/2069/2069 2075/2075/2075
f 2070/2070/2070 2071/2071/2071 2075/2075/2075
f 2075/2075/2075 2071/2071/2071 2076/2076/2076
f 2073/2073/2073 2077/2077/2077 2072/2072/2072
f 2078/2078/2078 2077/2077/2077 2073/2073/2073
f 2079/2079/2079 2073/2073/2073 2074/2074/2074
f 2078/2078/2078 2073/2073/2073 2079/2079/2079
f 2080/2080/2080 2074/2074/2074 2075/2075/2075
f 2079/2079/2079 2074/2074/2074 2080/2080/2080
f 2075/2075/2075 2076/2076/2076 2080/2080/2080
f 2080/2080/2080 2076/2076/2076 2081/2081/2081
f 2078/2078/2078 2082/2082/2082 2077/2077/2077
f 2083/2083/2083 2082/2082/2082 2078/2078/2078
f 2084/2084/2084 2078/2078/2078 2079/2079/2079
f 2083/2083/2083 2078/2078/2078 2084/2084/2084
f 2085/2085/2085 2079/2079/2079 2080/2080/2080
f 2084/2084/2084 2079/2079/2079 2085/2085/2085
f 2080/2080/2080 2081/2081/2081 2085/2085/2085
f 2085/2085/2085 2081/2081/2081 2086/2086/2086
f 2083/2083/2083 2087/2087/2087 2082/2082/2082
f 2088/2088/2088 2087/2087/2087 2083/2083/2083
f 2089/2089/2089 2083/2083/2083 2084/2084/2084
f 2088/2088/2088 2083/2083/2083 2089/2089/2089
f 2090/2090/2090 2084/2084/2084 2085/2085/2085
f 2089/2089/2089 2084/2084/2084 2090/2090/2090
f 2085/2085/2085 2086/2086/2086 2090/2090/2090
f 2090/2090/2090 2086/2086/2086 2091/2091/2091
f 2093/2093/2093 2092/2092/2092 2094/2094/2094
f 2095/2095/2095 2092/2092/2092 2093/2093/2093
f 2095/2095/2095 2093/2093/2093 2096/2096/2096
f 2096/2096/2096 2093/2093/2093 2097/2097/2097
f 2096/2096/2096 2097/2097/2097 2098/2098/2098
f 2098/2098/2098 2097/2097/2097 2099/2099/2099
f 2099/2099/2099 2100/2100/2100 2098/2098/2098
f 2098/2098/2098 2100/2100/2100 2101/2101/2101
f 2095/2095/2095 2102/2102/2102 2092/2092/2092
f 2103/2103/2103 2102/2102/2102 2095/2095/2095
f 2104/2104/2104 2095/2095/2095 2096/2096/2096
f 2103/2103/2103 2095/2095/2095 2104/2104/2104
f 2105/2105/2105 2096/2096/2096 2098/2098/2098
f 2104/2104/2104 2096/2096/2096 2105/2105/2105
f 2098/2098/2098 2101/2101/2101 2105/2105/2105
f 2105/2105/2105 2101/2101/2101 2106/2106/2106
f 2103/2103/2103 2107/2107/2107 2102/2102/2102
f 2108/2108/2108 2107/2107/2107 2103/2103/2103
f 2109/2109/2109 2103/2103/2103 2104/2104/2104
f 2108/2108/2108 2103/2103/2103 2109/2109/2109
f 2110/2110/2110 2104/2104/2104 2105/2105/2105
f 2109/2109/2109 2104/2104/2104 2110/2110/2110
f 2105/2105/2105 2106/2106/2106 2110/2110/2110
f 2110/2110/2110 2106/2106/2106 2111/2111/2111
f 2108/2108/2108 2112/2112/2112 2107/2107/2107
f 2113/2113/2113 2112/2112/2112 2108/2108/2108
f 2114/2114/2114 2108/2108/2108 2109/2109/2109
f 2113/2113/2113 2108/2108/2108 2114/2114/2114
f 2115/2115/2115 2109/2109/2109 2110/2110/2110
f 2114/2114/2114 2109/2109/2109 2115/2115/2115
f 2110/2110/2110 2111/2111/2111 2115/2115/2115
f 2115/2115/2115 2111/2111/2111 2116/2116/2116
f 2113/2113/2113 2117/2117/2117 2112/2112/2112
f 2118/2118/2118 2117/2117/2117 2113/2113/2113
f 2119/2119/2119 2113/2113/2113 2114/2114/2114
f 2118/2118/2118 2113/2113/2113 2119/2119/2119
f 2120/2120/2120 2114/2114/2114 2115/2115/2115
f 2119/2119/2119 2114/2114/2114 2120/2120/2120
f 2115/2115/2115 2116/2116/2116 2120/2120/2120
f 2120/2120/2120 2116/2116/2116 2121/2121/2121
f 2118/2118/2118 2122/2122/2122 2117/2117/2117
f 2123/2123/2123 2122/2122/2122 2118/2118/2118
f 2124/2124/2124 2118/2118/2118 2119/2119/2119
f 2123/2123/2123 2118/2118/2118 2124/2124/2124
f 2125/2125/2125 2119/2119/2119 2120/2120/2120
f 2124/2124/2124 2119/2119/2119 2125/2125/2125
f 2120/2120/2120 2121/2121/2121 2125/2125/2125
f 2125/2125/2125 2121/2121/2121 2126/2126/2126
f 2123/2123/2123 2127/2127/2127 2122/2122/2122
f 2128/2128/2128 2127/2127/2127 2123/2123/2123
f 2129/2129/2129 2123/2123/2123 2124/2124/2124
f 2128/2128/2128 2123/2123/2123 2129/2129/2129
f 2130/2130/2130 2124/2124/2124 2125/2125/2125
f 2129/2129/2129 2124/2124/2124 2130/2130/2130
f 2125/2125/2125 2126/2126/2126 2130/2130/2130
f 2130/2130/2130 2126/2126/2126 2131/2131/2131
f 2128/2128/2128 2132/2132/2132 2127/2127/2127
f 2133/2133/2133 2132/2132/2132 2128/2128/2128
f 2134/2134/2134 2128/2128/2128 2129/2129/2129
f 2133/2133/2133 2128/2128/2128 2134/2134/2134
f 2135/2135/2135 2129/2129/2129 2130/2130/2130
f 2134/2134/2134 2129/2129/2129 2135/2135/2135
f 2130/2130/2130 2131/2131/2131 2135/2135/2135
f 2135/2135/2135 2131/2131/2131 2136/2136/2136
f 2133/2133/2133 2137/2137/2137 2132/2132/2132
f 2138/2138/2138 2137/2137/2137 2133/2133/2133
f 2139/2139/2139 2133/2133/2133 2134/2134/2134
f 2138/2138/2138 2133/2133/2133 2139/2139/2139
f 2140/2140/2140 2134/2134/2134 2135/2135/2135
f 2139/2139/2139 2134/2134/2134 2140/2140/2140
f 2135/2135/2135 2136/2136/2136 2140/2140/2140
f 2140/2140/2140 2136/2136/2136 2141/2141/2141
f 2138/2138/2138 2142/2142/2142 2137/2137/2137
f 2143/2143/2143 2142/2142/2142 2138/2138/2138
f 2144/2144/2144 2138/2138/2138 2139/2139/2139
f 2143/2143/2143 2138/2138/2138 2144/2144/2144
f 2145/2145/2145 2139/2139/2139 2140/2140/2140
f 2144/2144/2144 2139/2139/2139 2145/2145/2145
f 2140/2140/2140 2141/2141/2141 2145/2145/2145
f 2145/2145/2145 2141/2141/2141 2146/2146/2146
f 2143/2143/2143 2147/2147/2147 2142/2142/2142
f 2148/2148/2148 2147/2147/2147 2143/2143/2143
f 2149/2149/2149 2143/2143/2143 2144/2144/2144
f 2148/2148/2148 2143/2143/2143 2149/2149/2149
f 2150/2150/2150 2144/2144/2144 2145/2145/2145
f 2149/2149/2149 2144/2144/2144 2150/2150/2150
f 2145/2145/2145 2146/2146/2146 2150/2150/2150
f 2150/2150/2150 2146/2146/2146 2151/2151/2151
f 2148/2148/2148 2152/2152/2152 2147/2147/2147
f 2153/2153/2153 2152/2152/2152 2148/2148/2148
f 2154/2154/2154 2148/2148/2148 2149/2149/2149
f 2153/2153/2153 2148/2148/2148 2154/2154/2154
f 2155/2155/2155 2149/2149/2149 2150/2150/2150
f 2154/2154/2154 2149/2149/2149 2155/2155/2155
f 2150/2150/2150 2151/2151/2151 2155/2155/2155
f 2155/2155/2155 2151/2151/2151 2156/2156/2156
f 2153/2153/2153 2157/2157/2157 2152/2152/2152
f 2158/2158/2158 2157/2157/2157 2153/2153/2153
f 2159/2159/2159 2153/2153/2153 2154/2154/2154
f 2158/2158/2158 2153/2153/2153 2159/2159/2159
f 2160/2160/2160 2154/2154/2154 2155/2155/2155
f 2159/2159/2159 2154/2154/2154 2160/2160/2160
f 2155/2155/2155 2156/2156/2156 2160/2160/2160
f 2160/2160/2160 2156/2156/2156 2161/2161/2161
f 2158/2158/2158 2162/2162/2162 2157/2157/2157
f 2163/2163/2163 2162/2162/2162 2158/2158/2158
f 2164/2164/2164 2158/2158/2158 2159/2159/2159
f 2163/2163/2163 2158/2158/2158 2164/2164/2164
f 2165/2165/2165 2159/2159/2159 2160/2160/2160
f 2164/2164/2164 2159/2159/2159 2165/2165/2165
f 2160/2160/2160 2161/2161/2161 2165/2165/2165
f 2165/2165/2165 2161/2161/2161 2166/2166/2166
f 2165/2165/2165 2166/2166/2166 2049/2049/2049
f 2165/2165/2165 2049/2049/2049 2164/2164/2164
f 2049/2049/2049 2166/2166/2166 2050/2050/2050
f 2164/2164/2164 2049/2049/2049 2047/2047/2047
f 2164/2164/2164 2047/2047/2047 2163/2163/2163
f 2163/2163/2163 2047/2047/2047 2042/2042/2042
f 2163/2163/2163 2045/2045/2045 2162/2162/2162
f 2042/2042/2042 2045/2045/2045 2163/2163/2163
f 2168/2168/2168 2167/2167/2167 2169/2169/2169
f 2170/2170/2170 2167/2167/2167 2168/2168/2168
f 2172/2172/2172 2171/2171/2171 2173/2173/2173
f 2172/2172/2172 2174/2174/2174 2171/2171/2171
f 2172/2172/2172 2175/2175/2175 2174/2174/2174
f 2176/2176/2176 2175/2175/2175 2172/2172/2172
f 2176/2176/2176 2177/2177/2177 2175/2175/2175
f 2176/2176/2176 2178/2178/2178 2177/2177/2177
f 2176/2176/2176 2179/2179/2179 2178/2178/2178
f 2176/2176/2176 2180/2180/2180 2179/2179/2179
f 2181/2181/2181 2180/2180/2180 2176/2176/2176
f 2181/2181/2181 2182/2182/2182 2180/2180/2180
f 2181/2181/2181 2183/2183/2183 2182/2182/2182
f 2181/2181/2181 2184/2184/2184 2183/2183/2183
f 2181/2181/2181 2185/2185/2185 2184/2184/2184
f 2186/2186/2186 2185/2185/2185 2181/2181/2181
f 2186/2186/2186 2187/2187/2187 2185/2185/2185
f 2186/2186/2186 2188/2188/2188 2187/2187/2187
f 2186/2186/2186 2189/2189/2189 2188/2188/2188
f 2186/2186/2186 2190/2190/2190 2189/2189/2189
f 2172/2172/2172 2190/2190/2190 2186/2186/2186
f 2172/2172/2172 2173/2173/2173 2190/2190/2190
f 2192/2192/2192 2191/2191/2191 2193/2193/2193
f 2193/2193/2193 2191/2191/2191 2194/2194/2194
f 2194/2194/2194 2191/2191/2191 2195/2195/2195
f 2195/2195/2195 2191/2191/2191 2196/2196/2196
f 2196/2196/2196 2191/2191/2191 2197/2197/2197
f 2197/2197/2197 2191/2191/2191 2198/2198/2198
f 2198/2198/2198 2191/2191/2191 2199/2199/2199
f 2199/2199/2199 2191/2191/2191 2200/2200/2200
f 2200/2200/2200 2191/2191/2191 2201/2201/2201
f 2201/2201/2201 2191/2191/2191 2202/2202/2202
f 2202/2202/2202 2191/2191/2191 2203/2203/2203
f 2203/2203/2203 2191/2191/2191 2204/2204/2204
f 2204/2204/2204 2191/2191/2191 2205/2205/2205
f 2205/2205/2205 2191/2191/2191 2206/2206/2206
f 2206/2206/2206 2191/2191/2191 2207/2207/2207
f 2207/2207/2207 2191/2191/2191 2192/2192/2192
f 2192/2192/2192 2208/2208/2208 2207/2207/2207
f 2207/2207/2207 2208/2208/2208 2209/2209/2209
f 2207/2207/2207 2209/2209/2209 2206/2206/2206
f 2206/2206/2206 2209/2209/2209 2210/2210/2210
f 2206/2206/2206 2210/2210/2210 2205/2205/2205
f 2205/2205/2205 2210/2210/2210 2211/2211/2211
f 2205/2205/2205 2211/2211/2211 2204/2204/2204
f 2204/2204/2204 2211/2211/2211 2212/2212/2212
f 2204/2204/2204 2212/2212/2212 2203/2203/2203
f 2203/2203/2203 2212/2212/2212 2213/2213/2213
f 2203/2203/2203 2213/2213/2213 2202/2202/2202
f 2202/2202/2202 2213/2213/2213 2214/2214/2214
f 2202/2202/2202 2214/2214/2214 2201/2201/2201
f 2201/2201/2201 2214/2214/2214 2215/2215/2215
f 2192/2192/2192 2216/2216/2216 2208/2208/2208
f 2193/2193/2193 2216/2216/2216 2192/2192/2192
f 2193/2193/2193 2217/2217/2217 2216/2216/2216
f 2194/2194/2194 2217/2217/2217 2193/2193/2193
f 2194/2194/2194 2218/2218/2218 2217/2217/2217
f 2195/2195/2195 2218/2218/2218 2194/2194/2194
f 2195/2195/2195 2219/2219/2219 2218/2218/2218
f 2196/2196/2196 2219/2219/2219 2195/2195/2195
f 2196/2196/2196 2220/2220/2220 2219/2219/2219
f 2197/2197/2197 2220/2220/2220 2196/2196/2196
f 2197/2197/2197 2221/2221/2221 2220/2220/2220
f 2198/2198/2198 2221/2221/2221 2197/2197/2197
f 2198/2198/2198 2222/2222/2222 2221/2221/2221
f 2199/2199/2199 2222/2222/2222 2198/2198/2198
f 2199/2199/2199 2223/2223/2223 2222/2222/2222
f 2200/2200/2200 2215/2215/2215 2223/2223/2223
f 2200/2200/2200 2223/2223/2223 2199/2199/2199
f 2201/2201/2201 2215/2215/2215 2200/2200/2200
f 2225/2225/2225 2224/2224/2224 2226/2226/2226
f 2227/2227/2227 2224/2224/2224 2225/2225/2225
f 2227/2227/2227 2228/2228/2228 2229/2229/2229
f 2229/2229/2229 2228/2228/2228 2230/2230/2230
f 2229/2229/2229 2231/2231/2231 2232/2232/2232
f 2233/2233/2233 2231/2231/2231 2229/2229/2229
f 2235/2235/2235 2234/2234/2234 2226/2226/2226
f 2236/2236/2236 2234/2234/2234 2235/2235/2235
f 2237/2237/2237 2231/2231/2231 2238/2238/2238
f 2239/2239/2239 2231/2231/2231 2237/2237/2237
f 2241/2241/2241 2240/2240/2240 2242/2242/2242
f 2243/2243/2243 2240/2240/2240 2241/2241/2241
f 2241/2241/2241 2244/2244/2244 2245/2245/2245
f 2246/2246/2246 2244/2244/2244 2241/2241/2241
f 2246/2246/2246 2247/2247/2247 2248/2248/2248
f 2248/2248/2248 2247/2247/2247 2249/2249/2249
f 2250/2250/2250 2240/2240/2240 2251/2251/2251
f 2252/2252/2252 2240/2240/2240 2250/2250/2250
f 2253/2253/2253 2247/2247/2247 2254/2254/2254
f 2255/2255/2255 2247/2247/2247 2253/2253/2253
f 2257/2257/2257 2256/2256/2256 2258/2258/2258
f 2259/2259/2259 2256/2256/2256 2257/2257/2257
f 2260/2260/2260 2256/2256/2256 2261/2261/2261
f 2262/2262/2262 2256/2256/2256 2260/2260/2260
f 2264/2264/2264 2263/2263/2263 2265/2265/2265
f 2266/2266/2266 2263/2263/2263 2264/2264/2264
f 2267/2267/2267 2263/2263/2263 2268/2268/2268
f 2269/2269/2269 2263/2263/2263 2267/2267/2267
f 2271/2271/2271 2270/2270/2270 2272/2272/2272
f 2273/2273/2273 2270/2270/2270 2271/2271/2271
f 2274/2274/2274 2270/2270/2270 2275/2275/2275
f 2276/2276/2276 2270/2270/2270 2274/2274/2274
f 2278/2278/2278 2277/2277/2277 2279/2279/2279
f 2280/2280/2280 2277/2277/2277 2278/2278/2278
f 2281/2281/2281 2277/2277/2277 2282/2282/2282
f 2283/2283/2283 2277/2277/2277 2281/2281/2281
f 2285/2285/2285 2284/2284/2284 2286/2286/2286
f 2287/2287/2287 2284/2284/2284 2285/2285/2285
f 2288/2288/2288 2284/2284/2284 2289/2289/2289
f 2290/2290/2290 2284/2284/2284 2288/2288/2288
f 2292/2292/2292 2291/2291/2291 2293/2293/2293
f 2294/2294/2294 2291/2291/2291 2292/2292/2292
f 2295/2295/2295 2291/2291/2291 2296/2296/2296
f 2297/2297/2297 2291/2291/2291 2295/2295/2295
f 2299/2299/2299 2298/2298/2298 2300/2300/2300
f 2301/2301/2301 2298/2298/2298 2299/2299/2299
f 2302/2302/2302 2298/2298/2298 2303/2303/2303
f 2304/2304/2304 2298/2298/2298 2302/2302/2302
f 2306/2306/2306 2305/2305/2305 2307/2307/2307
f 2308/2308/2308 2305/2305/2305 2306/2306/2306
f 2309/2309/2309 2305/2305/2305 2310/2310/2310
f 2311/2311/2311 2305/2305/2305 2309/2309/2309
f 2313/2313/2313 2312/2312/2312 2314/2314/2314
f 2315/2315/2315 2312/2312/2312 2313/2313/2313
f 2316/2316/2316 2312/2312/2312 2317/2317/2317
f 2318/2318/2318 2312/2312/2312 2316/2316/2316
f 2320/2320/2320 2319/2319/2319 2321/2321/2321
f 2322/2322/2322 2319/2319/2319 2320/2320/2320
f 2323/2323/2323 2319/2319/2319 2324/2324/2324
f 2325/2325/2325 2319/2319/2319 2323/2323/2323
f 2327/2327/2327 2326/2326/2326 2328/2328/2328
f 2329/2329/2329 2326/2326/2326 2327/2327/2327
f 2330/2330/2330 2326/2326/2326 2331/2331/2331
f 2332/2332/2332 2326/2326/2326 2330/2330/2330
f 2334/2334/2334 2333/2333/2333 2335/2335/2335
f 2336/2336/2336 2333/2333/2333 2334/2334/2334
f 2337/2337/2337 2333/2333/2333 2338/2338/2338
f 2339/2339/2339 2333/2333/2333 2337/2337/2337
f 2341/2341/2341 2340/2340/2340 2342/2342/2342
f 2343/2343/2343 2340/2340/2340 2341/2341/2341
f 2344/2344/2344 2340/2340/2340 2343/2343/2343
f 2345/2345/2345 2340/2340/2340 2344/2344/2344
f 2344/2344/2344 2346/2346/2346 2345/2345/2345
f 2345/2345/2345 2346/2346/2346 2347/2347/2347
f 2346/2346/2346 2348/2348/2348 2347/2347/2347
f 2347/2347/2347 2348/2348/2348 2349/2349/2349
f 2348/2348/2348 2350/2350/2350 2349/2349/2349
f 2349/2349/2349 2350/2350/2350 2351/2351/2351
f 2350/2350/2350 2352/2352/2352 2351/2351/2351
f 2351/2351/2351 2352/2352/2352 2353/2353/2353
f 2352/2352/2352 2354/2354/2354 2353/2353/2353
f 2353/2353/2353 2354/2354/2354 2355/2355/2355
f 2354/2354/2354 2356/2356/2356 2355/2355/2355
f 2355/2355/2355 2356/2356/2356 2357/2357/2357
f 2356/2356/2356 2358/2358/2358 2357/2357/2357
f 2357/2357/2357 2358/2358/2358 2359/2359/2359
f 2358/2358/2358 2360/2360/2360 2359/2359/2359
f 2359/2359/2359 2360/2360/2360 2361/2361/2361
f 2360/2360/2360 2362/2362/2362 2361/2361/2361
f 2361/2361/2361 2362/2362/2362 2363/2363/2363
f 2362/2362/2362 2364/2364/2364 2363/2363/2363
f 2363/2363/2363 2364/2364/2364 2365/2365/2365
f 2364/2364/2364 2366/2366/2366 2365/2365/2365
f 2365/2365/2365 2366/2366/2366 2367/2367/2367
f 2366/2366/2366 2368/2368/2368 2367/2367/2367
f 2367/2367/2367 2368/2368/2368 2369/2369/2369
f 2368/2368/2368 2370/2370/2370 2369/2369/2369
f 2369/2369/2369 2370/2370/2370 2371/2371/2371
f 2370/2370/2370 2372/2372/2372 2371/2371/2371
f 2371/2371/2371 2372/2372/2372 2373/2373/2373
f 2372/2372/2372 2374/2374/2374 2373/2373/2373
f 2373/2373/2373 2374/2374/2374 2375/2375/2375
f 2374/2374/2374 2376/2376/2376 2375/2375/2375
f 2375/2375/2375 2376/2376/2376 2377/2377/2377
f 2376/2376/2376 2378/2378/2378 2377/2377/2377
f 2377/2377/2377 2378/2378/2378 2379/2379/2379
f 2378/2378/2378 2380/2380/2380 2379/2379/2379
f 2379/2379/2379 2380/2380/2380 2381/2381/2381
f 2380/2380/2380 2382/2382/2382 2381/2381/2381
f 2381/2381/2381 2382/2382/2382 2383/2383/2383
f 2382/2382/2382 2384/2384/2384 2383/2383/2383
f 2383/2383/2383 2384/2384/2384 2385/2385/2385
f 2384/2384/2384 2386/2386/2386 2385/2385/2385
f 2385/2385/2385 2386/2386/2386 2387/2387/2387
f 2387/2387/2387 2386/2386/2386 2342/2342/2342
f 2342/2342/2342 2386/2386/2386 2341/2341/2341
f 2386/2386/2386 2388/2388/2388 2341/2341/2341
f 2384/2384/2384 2388/2388/2388 2386/2386/2386
f 2341/2341/2341 2388/2388/2388 2389/2389/2389
f 2390/2390/2390 2389/2389/2389 2388/2388/2388
f 2391/2391/2391 2390/2390/2390 2388/2388/2388
f 2391/2391/2391 2388/2388/2388 2384/2384/2384
f 2382/2382/2382 2391/2391/2391 2384/2384/2384
f 2392/2392/2392 2390/2390/2390 2391/2391/2391
f 2391/2391/2391 2393/2393/2393 2392/2392/2392
f 2393/2393/2393 2391/2391/2391 2382/2382/2382
f 2380/2380/2380 2393/2393/2393 2382/2382/2382
f 2392/2392/2392 2393/2393/2393 2394/2394/2394
f 2393/2393/2393 2395/2395/2395 2394/2394/2394
f 2394/2394/2394 2395/2395/2395 2396/2396/2396
f 2395/2395/2395 2397/2397/2397 2396/2396/2396
f 2396/2396/2396 2397/2397/2397 2398/2398/2398
f 2397/2397/2397 2399/2399/2399 2398/2398/2398
f 2398/2398/2398 2399/2399/2399 2400/2400/2400
f 2399/2399/2399 2401/2401/2401 2400/2400/2400
f 2400/2400/2400 2401/2401/2401 2402/2402/2402
f 2401/2401/2401 2403/2403/2403 2402/2402/2402
f 2402/2402/2402 2403/2403/2403 2404/2404/2404
f 2403/2403/2403 2405/2405/2405 2404/2404/2404
f 2404/2404/2404 2405/2405/2405 2406/2406/2406
f 2405/2405/2405 2407/2407/2407 2406/2406/2406
f 2406/2406/2406 2407/2407/2407 2408/2408/2408
f 2407/2407/2407 2409/2409/2409 2408/2408/2408
f 2408/2408/2408 2409/2409/2409 2410/2410/2410
f 2409/2409/2409 2411/2411/2411 2410/2410/2410
f 2410/2410/2410 2411/2411/2411 2412/2412/2412
f 2411/2411/2411 2413/2413/2413 2412/2412/2412
f 2412/2412/2412 2413/2413/2413 2414/2414/2414
f 2413/2413/2413 2415/2415/2415 2414/2414/2414
f 2414/2414/2414 2415/2415/2415 2416/2416/2416
f 2415/2415/2415 2417/2417/2417 2416/2416/2416
f 2416/2416/2416 2417/2417/2417 2418/2418/2418
f 2417/2417/2417 2419/2419/2419 2418/2418/2418
f 2418/2418/2418 2419/2419/2419 2420/2420/2420
f 2419/2419/2419 2421/2421/2421 2420/2420/2420
f 2420/2420/2420 2421/2421/2421 2422/2422/2422
f 2421/2421/2421 2423/2423/2423 2422/2422/2422
f 2422/2422/2422 2423/2423/2423 2424/2424/2424
f 2423/2423/2423 2425/2425/2425 2424/2424/2424
f 2424/2424/2424 2425/2425/2425 2426/2426/2426
f 2425/2425/2425 2427/2427/2427 2426/2426/2426
f 2426/2426/2426 2427/2427/2427 2428/2428/2428
f 2427/2427/2427 2429/2429/2429 2428/2428/2428
f 2428/2428/2428 2429/2429/2429 2430/2430/2430
f 2429/2429/2429 2431/2431/2431 2430/2430/2430
f 2430/2430/2430 2431/2431/2431 2432/2432/2432
f 2431/2431/2431 2433/2433/2433 2432/2432/2432
f 2432/2432/2432 2433/2433/2433 2434/2434/2434
f 2434/2434/2434 2433/2433/2433 2435/2435/2435
f 2435/2435/2435 2433/2433/2433 2389/2389/2389
f 2435/2435/2435 2389/2389/2389 2390/2390/2390
f 2425/2425/2425 2423/2423/2423 2350/2350/2350
f 2350/2350/2350 2423/2423/2423 2352/2352/2352
f 2348/2348/2348 2425/2425/2425 2350/2350/2350
f 2427/2427/2427 2425/2425/2425 2348/2348/2348
f 2346/2346/2346 2427/2427/2427 2348/2348/2348
f 2429/2429/2429 2427/2427/2427 2346/2346/2346
f 2344/2344/2344 2429/2429/2429 2346/2346/2346
f 2431/2431/2431 2429/2429/2429 2344/2344/2344
f 2343/2343/2343 2431/2431/2431 2344/2344/2344
f 2433/2433/2433 2431/2431/2431 2343/2343/2343
f 2343/2343/2343 2389/2389/2389 2433/2433/2433
f 2341/2341/2341 2389/2389/2389 2343/2343/2343
f 2352/2352/2352 2421/2421/2421 2354/2354/2354
f 2421/2421/2421 2419/2419/2419 2354/2354/2354
f 2354/2354/2354 2419/2419/2419 2356/2356/2356
f 2419/2419/2419 2417/2417/2417 2356/2356/2356
f 2356/2356/2356 2417/2417/2417 2358/2358/2358
f 2417/2417/2417 2415/2415/2415 2358/2358/2358
f 2358/2358/2358 2415/2415/2415 2360/2360/2360
f 2415/2415/2415 2413/2413/2413 2360/2360/2360
f 2360/2360/2360 2413/2413/2413 2362/2362/2362
f 2413/2413/2413 2411/2411/2411 2362/2362/2362
f 2362/2362/2362 2411/2411/2411 2364/2364/2364
f 2411/2411/2411 2409/2409/2409 2364/2364/2364
f 2364/2364/2364 2409/2409/2409 2366/2366/2366
f 2409/2409/2409 2407/2407/2407 2366/2366/2366
f 2366/2366/2366 2407/2407/2407 2368/2368/2368
f 2407/2407/2407 2405/2405/2405 2368/2368/2368
f 2368/2368/2368 2405/2405/2405 2370/2370/2370
f 2405/2405/2405 2403/2403/2403 2370/2370/2370
f 2370/2370/2370 2403/2403/2403 2372/2372/2372
f 2403/2403/2403 2401/2401/2401 2372/2372/2372
f 2372/2372/2372 2401/2401/2401 2374/2374/2374
f 2401/2401/2401 2399/2399/2399 2374/2374/2374
f 2374/2374/2374 2399/2399/2399 2376/2376/2376
f 2399/2399/2399 2397/2397/2397 2376/2376/2376
f 2376/2376/2376 2397/2397/2397 2378/2378/2378
f 2397/2397/2397 2395/2395/2395 2378/2378/2378
f 2378/2378/2378 2395/2395/2395 2380/2380/2380
f 2395/2395/2395 2393/2393/2393 2380/2380/2380
f 2437/2437/2437 2436/2436/2436 2438/2438/2438
f 2439/2439/2439 2436/2436/2436 2437/2437/2437
f 2438/2438/2438 2440/2440/2440 2437/2437/2437
f 2437/2437/2437 2440/2440/2440 2441/2441/2441
f 2440/2440/2440 2442/2442/2442 2441/2441/2441
f 2441/2441/2441 2442/2442/2442 2443/2443/2443
f 2442/2442/2442 2444/2444/2444 2443/2443/2443
f 2445/2445/2445 2444/2444/2444 2442/2442/2442
f 2444/2444/2444 2446/2446/2446 2443/2443/2443
f 2443/2443/2443 2446/2446/2446 2447/2447/2447
f 2443/2443/2443 2448/2448/2448 2441/2441/2441
f 2447/2447/2447 2448/2448/2448 2443/2443/2443
f 2441/2441/2441 2449/2449/2449 2437/2437/2437
f 2448/2448/2448 2449/2449/2449 2441/2441/2441
f 2449/2449/2449 2439/2439/2439 2437/2437/2437
f 2450/2450/2450 2439/2439/2439 2449/2449/2449
f 2446/2446/2446 2451/2451/2451 2447/2447/2447
f 2447/2447/2447 2451/2451/2451 2452/2452/2452
f 2447/2447/2447 2453/2453/2453 2448/2448/2448
f 2452/2452/2452 2453/2453/2453 2447/2447/2447
f 2448/2448/2448 2454/2454/2454 2449/2449/2449
f 2453/2453/2453 2454/2454/2454 2448/2448/2448
f 2454/2454/2454 2450/2450/2450 2449/2449/2449
f 2455/2455/2455 2450/2450/2450 2454/2454/2454
f 2451/2451/2451 2456/2456/2456 2452/2452/2452
f 2452/2452/2452 2456/2456/2456 2457/2457/2457
f 2452/2452/2452 2458/2458/2458 2453/2453/2453
f 2457/2457/2457 2458/2458/2458 2452/2452/2452
f 2453/2453/2453 2459/2459/2459 2454/2454/2454
f 2458/2458/2458 2459/2459/2459 2453/2453/2453
f 2459/2459/2459 2455/2455/2455 2454/2454/2454
f 2460/2460/2460 2455/2455/2455 2459/2459/2459
f 2456/2456/2456 2461/2461/2461 2457/2457/2457
f 2457/2457/2457 2461/2461/2461 2462/2462/2462
f 2457/2457/2457 2463/2463/2463 2458/2458/2458
f 2462/2462/2462 2463/2463/2463 2457/2457/2457
f 2458/2458/2458 2464/2464/2464 2459/2459/2459
f 2463/2463/2463 2464/2464/2464 2458/2458/2458
f 2464/2464/2464 2460/2460/2460 2459/2459/2459
f 2465/2465/2465 2460/2460/2460 2464/2464/2464
f 2461/2461/2461 2466/2466/2466 2462/2462/2462
f 2462/2462/2462 2466/2466/2466 2467/2467/2467
f 2462/2462/2462 2468/2468/2468 2463/2463/2463
f 2467/2467/2467 2468/2468/2468 2462/2462/2462
f 2463/2463/2463 2469/2469/2469 2464/2464/2464
f 2468/2468/2468 2469/2469/2469 2463/2463/2463
f 2469/2469/2469 2465/2465/2465 2464/2464/2464
f 2470/2470/2470 2465/2465/2465 2469/2469/2469
f 2466/2466/2466 2471/2471/2471 2467/2467/2467
f 2467/2467/2467 2471/2471/2471 2472/2472/2472
f 2467/2467/2467 2473/2473/2473 2468/2468/2468
f 2472/2472/2472 2473/2473/2473 2467/2467/2467
f 2468/2468/2468 2474/2474/2474 2469/2469/2469
f 2473/2473/2473 2474/2474/2474 2468/2468/2468
f 2474/2474/2474 2470/2470/2470 2469/2469/2469
f 2475/2475/2475 2470/2470/2470 2474/2474/2474
f 2471/2471/2471 2476/2476/2476 2472/2472/2472
f 2472/2472/2472 2476/2476/2476 2477/2477/2477
f 2472/2472/2472 2478/2478/2478 2473/2473/2473
f 2477/2477/2477 2478/2478/2478 2472/2472/2472
f 2473/2473/2473 2479/2479/2479 2474/2474/2474
f 2478/2478/2478 2479/2479/2479 2473/2473/2473
f 2479/2479/2479 2475/2475/2475 2474/2474/2474
f 2480/2480/2480 2475/2475/2475 2479/2479/2479
f 2476/2476/2476 2481/2481/2481 2477/2477/2477
f 2477/2477/2477 2481/2481/2481 2482/2482/2482
f 2477/2477/2477 2483/2483/2483 2478/2478/2478
f 2482/2482/2482 2483/2483/2483 2477/2477/2477
f 2478/2478/2478 2484/2484/2484 2479/2479/2479
f 2483/2483/2483 2484/2484/2484 2478/2478/2478
f 2484/2484/2484 2480/2480/2480 2479/2479/2479
f 2485/2485/2485 2480/2480/2480 2484/2484/2484
f 2481/2481/2481 2486/2486/2486 2482/2482/2482
f 2482/2482/2482 2486/2486/2486 2487/2487/2487
f 2482/2482/2482 2488/2488/2488 2483/2483/2483
f 2487/2487/2487 2488/2488/2488 2482/2482/2482
f 2483/2483/2483 2489/2489/2489 2484/2484/2484
f 2488/2488/2488 2489/2489/2489 2483/2483/2483
f 2489/2489/2489 2485/2485/2485 2484/2484/2484
f 2490/2490/2490 2485/2485/2485 2489/2489/2489
f 2486/2486/2486 2491/2491/2491 2487/2487/2487
f 2487/2487/2487 2491/2491/2491 2492/2492/2492
f 2487/2487/2487 2493/2493/2493 2488/2488/2488
f 2492/2492/2492 2493/2493/2493 2487/2487/2487
f 2488/2488/2488 2494/2494/2494 2489/2489/2489
f 2493/2493/2493 2494/2494/2494 2488/2488/2488
f 2494/2494/2494 2490/2490/2490 2489/2489/2489
f 2495/2495/2495 2490/2490/2490 2494/2494/2494
f 2491/2491/2491 2496/2496/2496 2492/2492/2492
f 2492/2492/2492 2496/2496/2496 2497/2497/2497
f 2492/2492/2492 2498/2498/2498 2493/2493/2493
f 2497/2497/2497 2498/2498/2498 2492/2492/2492
f 2493/2493/2493 2499/2499/2499 2494/2494/2494
f 2498/2498/2498 2499/2499/2499 2493/2493/2493
f 2499/2499/2499 2495/2495/2495 2494/2494/2494
f 2500/2500/2500 2495/2495/2495 2499/2499/2499
f 2496/2496/2496 2501/2501/2501 2497/2497/2497
f 2497/2497/2497 2501/2501/2501 2502/2502/2502
f 2497/2497/2497 2503/2503/2503 2498/2498/2498
f 2502/2502/2502 2503/2503/2503 2497/2497/2497
f 2498/2498/2498 2504/2504/2504 2499/2499/2499
f 2503/2503/2503 2504/2504/2504 2498/2498/2498
f 2504/2504/2504 2500/2500/2500 2499/2499/2499
f 2505/2505/2505 2500/2500/2500 2504/2504/2504
f 2501/2501/2501 2506/2506/2506 2502/2502/2502
f 2502/2502/2502 2506/2506/2506 2507/2507/2507
f 2502/2502/2502 2508/2508/2508 2503/2503/2503
f 2507/2507/2507 2508/2508/2508 2502/2502/2502
f 2503/2503/2503 2509/2509/2509 2504/2504/2504
f 2508/2508/2508 2509/2509/2509 2503/2503/2503
f 2509/2509/2509 2505/2505/2505 2504/2504/2504
f 2510/2510/2510 2505/2505/2505 2509/2509/2509
f 2506/2506/2506 2511/2511/2511 2507/2507/2507
f 2507/2507/2507 2511/2511/2511 2512/2512/2512
f 2507/2507/2507 2513/2513/2513 2508/2508/2508
f 2512/2512/2512 2513/2513/2513 2507/2507/2507
f 2508/2508/2508 2514/2514/2514 2509/2509/2509
f 2513/2513/2513 2514/2514/2514 2508/2508/2508
f 2514/2514/2514 2510/2510/2510 2509/2509/2509
f 2515/2515/2515 2510/2510/2510 2514/2514/2514
f 2511/2511/2511 2516/2516/2516 2512/2512/2512
f 2512/2512/2512 2516/2516/2516 2517/2517/2517
f 2512/2512/2512 2518/2518/2518 2513/2513/2513
f 2517/2517/2517 2518/2518/2518 2512/2512/2512
f 2513/2513/2513 2519/2519/2519 2514/2514/2514
f 2518/2518/2518 2519/2519/2519 2513/2513/2513
f 2519/2519/2519 2515/2515/2515 2514/2514/2514
f 2520/2520/2520 2515/2515/2515 2519/2519/2519
f 2516/2516/2516 2521/2521/2521 2517/2517/2517
f 2517/2517/2517 2521/2521/2521 2522/2522/2522
f 2517/2517/2517 2523/2523/2523 2518/2518/2518
f 2522/2522/2522 2523/2523/2523 2517/2517/2517
f 2518/2518/2518 2524/2524/2524 2519/2519/2519
f 2523/2523/2523 2524/2524/2524 2518/2518/2518
f 2524/2524/2524 2520/2520/2520 2519/2519/2519
f 2525/2525/2525 2520/2520/2520 2524/2524/2524
f 2521/2521/2521 2526/2526/2526 2522/2522/2522
f 2522/2522/2522 2526/2526/2526 2527/2527/2527
f 2522/2522/2522 2528/2528/2528 2523/2523/2523
f 2527/2527/2527 2528/2528/2528 2522/2522/2522
f 2523/2523/2523 2529/2529/2529 2524/2524/2524
f 2528/2528/2528 2529/2529/2529 2523/2523/2523
f 2529/2529/2529 2525/2525/2525 2524/2524/2524
f 2530/2530/2530 2525/2525/2525 2529/2529/2529
f 2526/2526/2526 2531/2531/2531 2527/2527/2527
f 2527/2527/2527 2531/2531/2531 2532/2532/2532
f 2527/2527/2527 2533/2533/2533 2528/2528/2528
f 2532/2532/2532 2533/2533/2533 2527/2527/2527
f 2528/2528/2528 2534/2534/2534 2529/2529/2529
f 2533/2533/2533 2534/2534/2534 2528/2528/2528
f 2534/2534/2534 2530/2530/2530 2529/2529/2529
f 2535/2535/2535 2530/2530/2530 2534/2534/2534
f 2531/2531/2531 2536/2536/2536 2532/2532/2532
f 2532/2532/2532 2536/2536/2536 2537/2537/2537
f 2532/2532/2532 2538/2538/2538 2533/2533/2533
f 2537/2537/2537 2538/2538/2538 2532/2532/2532
f 2533/2533/2533 2539/2539/2539 2534/2534/2534
f 2538/2538/2538 2539/2539/2539 2533/2533/2533
f 2539/2539/2539 2535/2535/2535 2534/2534/2534
f 2540/2540/2540 2535/2535/2535 2539/2539/2539
f 2536/2536/2536 2541/2541/2541 2537/2537/2537
f 2537/2537/2537 2541/2541/2541 2542/2542/2542
f 2537/2537/2537 2543/2543/2543 2538/2538/2538
f 2542/2542/2542 2543/2543/2543 2537/2537/2537
f 2538/2538/2538 2544/2544/2544 2539/2539/2539
f 2543/2543/2543 2544/2544/2544 2538/2538/2538
f 2544/2544/2544 2540/2540/2540 2539/2539/2539
f 2545/2545/2545 2540/2540/2540 2544/2544/2544
f 2541/2541/2541 2546/2546/2546 2542/2542/2542
f 2542/2542/2542 2546/2546/2546 2547/2547/2547
f 2542/2542/2542 2548/2548/2548 2543/2543/2543
f 2547/2547/2547 2548/2548/2548 2542/2542/2542
f 2543/2543/2543 2549/2549/2549 2544/2544/2544
f 2548/2548/2548 2549/2549/2549 2543/2543/2543
f 2549/2549/2549 2545/2545/2545 2544/2544/2544
f 2550/2550/2550 2545/2545/2545 2549/2549/2549
f 2546/2546/2546 2551/2551/2551 2547/2547/2547
f 2547/2547/2547 2551/2551/2551 2552/2552/2552
f 2547/2547/2547 2553/2553/2553 2548/2548/2548
f 2552/2552/2552 2553/2553/2553 2547/2547/2547
f 2548/2548/2548 2554/2554/2554 2549/2549/2549
f 2553/2553/2553 2554/2554/2554 2548/2548/2548
f 2549/2549/2549 2554/2554/2554 2550/2550/2550
f 2550/2550/2550 2554/2554/2554 2555/2555/2555
f 2551/2551/2551 2445/2445/2445 2552/2552/2552
f 2552/2552/2552 2445/2445/2445 2442/2442/2442
f 2552/2552/2552 2440/2440/2440 2553/2553/2553
f 2442/2442/2442 2440/2440/2440 2552/2552/2552
f 2553/2553/2553 2438/2438/2438 2554/2554/2554
f 2440/2440/2440 2438/2438/2438 2553/2553/2553
f 2554/2554/2554 2438/2438/2438 2555/2555/2555
f 2555/2555/2555 2438/2438/2438 2436/2436/2436
f 2557/2557/2557 2556/2556/2556 2558/2558/2558
f 2559/2559/2559 2556/2556/2556 2557/2557/2557
f 2560/2560/2560 2556/2556/2556 2561/2561/2561
f 2562/2562/2562 2556/2556/2556 2560/2560/2560
f 2564/2564/2564 2563/2563/2563 2565/2565/2565
f 2566/2566/2566 2563/2563/2563 2564/2564/2564
f 2567/2567/2567 2563/2563/2563 2568/2568/2568
f 2569/2569/2569 2563/2563/2563 2567/2567/2567
f 2571/2571/2571 2570/2570/2570 2572/2572/2572
f 2573/2573/2573 2570/2570/2570 2571/2571/2571
f 2574/2574/2574 2570/2570/2570 2575/2575/2575
f 2576/2576/2576 2570/2570/2570 2574/2574/2574
f 2578/2578/2578 2577/2577/2577 2579/2579/2579
f 2580/2580/2580 2577/2577/2577 2578/2578/2578
f 2581/2581/2581 2577/2577/2577 2582/2582/2582
f 2583/2583/2583 2577/2577/2577 2581/2581/2581
f 2585/2585/2585 2584/2584/2584 2586/2586/2586
f 2587/2587/2587 2584/2584/2584 2585/2585/2585
f 2588/2588/2588 2584/2584/2584 2589/2589/2589
f 2590/2590/2590 2584/2584/2584 2588/2588/2588
f 2592/2592/2592 2591/2591/2591 2593/2593/2593
f 2594/2594/2594 2591/2591/2591 2592/2592/2592
f 2595/2595/2595 2591/2591/2591 2596/2596/2596
f 2597/2597/2597 2591/2591/2591 2595/2595/2595
f 2599/2599/2599 2598/2598/2598 2600/2600/2600
f 2601/2601/2601 2598/2598/2598 2599/2599/2599
f 2602/2602/2602 2598/2598/2598 2603/2603/2603
f 2604/2604/2604 2598/2598/2598 2602/2602/2602
f 2606/2606/2606 2605/2605/2605 2607/2607/2607
f 2608/2608/2608 2605/2605/2605 2606/2606/2606
f 2609/2609/2609 2605/2605/2605 2610/2610/2610
f 2611/2611/2611 2605/2605/2605 2609/2609/2609
f 2613/2613/2613 2612/2612/2612 2614/2614/2614
f 2615/2615/2615 2612/2612/2612 2613/2613/2613
f 2616/2616/2616 2612/2612/2612 2617/2617/2617
f 2618/2618/2618 2612/2612/2612 2616/2616/2616
f 2620/2620/2620 2619/2619/2619 2621/2621/2621
f 2622/2622/2622 2619/2619/2619 2620/2620/2620
f 2623/2623/2623 2619/2619/2619 2624/2624/2624
f 2625/2625/2625 2619/2619/2619 2623/2623/2623
f 2627/2627/2627 2626/2626/2626 2628/2628/2628
f 2629/2629/2629 2626/2626/2626 2627/2627/2627
f 2630/2630/2630 2626/2626/2626 2631/2631/2631
f 2632/2632/2632 2626/2626/2626 2630/2630/2630
f 2634/2634/2634 2633/2633/2633 2635/2635/2635
f 2636/2636/2636 2633/2633/2633 2634/2634/2634
f 2637/2637/2637 2633/2633/2633 2638/2638/2638
f 2639/2639/2639 2633/2633/2633 2637/2637/2637
f 2641/2641/2641 2640/2640/2640 2642/2642/2642
f 2643/2643/2643 2640/2640/2640 2641/2641/2641
f 2644/2644/2644 2640/2640/2640 2645/2645/2645
f 2646/2646/2646 2640/2640/2640 2644/2644/2644
f 2648/2648/2648 2647/2647/2647 2649/2649/2649
f 2650/2650/2650 2647/2647/2647 2648/2648/2648
f 2651/2651/2651 2647/2647/2647 2652/2652/2652
f 2653/2653/2653 2647/2647/2647 2651/2651/2651
f 2655/2655/2655 2654/2654/2654 2656/2656/2656
f 2657/2657/2657 2654/2654/2654 2655/2655/2655
f 2658/2658/2658 2654/2654/2654 2659/2659/2659
f 2660/2660/2660 2654/2654/2654 2658/2658/2658
f 2662/2662/2662 2661/2661/2661 2663/2663/2663
f 2664/2664/2664 2661/2661/2661 2662/2662/2662
f 2665/2665/2665 2661/2661/2661 2666/2666/2666
f 2667/2667/2667 2661/2661/2661 2665/2665/2665
f 2669/2669/2669 2668/2668/2668 2670/2670/2670
f 2671/2671/2671 2668/2668/2668 2669/2669/2669
f 2672/2672/2672 2668/2668/2668 2673/2673/2673
f 2674/2674/2674 2668/2668/2668 2672/2672/2672
f 2676/2676/2676 2675/2675/2675 2677/2677/2677
f 2678/2678/2678 2675/2675/2675 2676/2676/2676
f 2679/2679/2679 2675/2675/2675 2680/2680/2680
f 2681/2681/2681 2675/2675/2675 2679/2679/2679
f 2683/2683/2683 2682/2682/2682 2684/2684/2684
f 2685/2685/2685 2682/2682/2682 2683/2683/2683
f 2686/2686/2686 2682/2682/2682 2687/2687/2687
f 2688/2688/2688 2682/2682/2682 2686/2686/2686
f 2690/2690/2690 2689/2689/2689 2691/2691/2691
f 2692/2692/2692 2689/2689/2689 2690/2690/2690
f 2693/2693/2693 2689/2689/2689 2694/2694/2694
f 2695/2695/2695 2689/2689/2689 2693/2693/2693
f 2697/2697/2697 2696/2696/2696 2698/2698/2698
f 2699/2699/2699 2696/2696/2696 2697/2697/2697
f 2700/2700/2700 2696/2696/2696 2701/2701/2701
f 2702/2702/2702 2696/2696/2696 2700/2700/2700
f 2704/2704/2704 2703/2703/2703 2705/2705/2705
f 2706/2706/2706 2703/2703/2703 2704/2704/2704
f 2707/2707/2707 2703/2703/2703 2708/2708/2708
f 2709/2709/2709 2703/2703/2703 2707/2707/2707
f 2711/2711/2711 2710/2710/2710 2712/2712/2712
f 2713/2713/2713 2710/2710/2710 2711/2711/2711
f 2714/2714/2714 2710/2710/2710 2715/2715/2715
f 2716/2716/2716 2710/2710/2710 2714/2714/2714
f 2718/2718/2718 2717/2717/2717 2719/2719/2719
f 2720/2720/2720 2717/2717/2717 2718/2718/2718
f 2722/2722/2722 2721/2721/2721 2719/2719/2719
f 2723/2723/2723 2721/2721/2721 2722/2722/2722
f 2725/2725/2725 2724/2724/2724 2726/2726/2726
f 2727/2727/2727 2724/2724/2724 2725/2725/2725
f 2729/2729/2729 2728/2728/2728 2730/2730/2730
f 2731/2731/2731 2728/2728/2728 2729/2729/2729
f 2733/2733/2733 2732/2732/2732 2734/2734/2734
f 2735/2735/2735 2732/2732/2732 2733/2733/2733
f 2737/2737/2737 2736/2736/2736 2738/2738/2738
f 2739/2739/2739 2736/2736/2736 2737/2737/2737
f 2741/2741/2741 2740/2740/2740 2742/2742/2742
f 2743/2743/2743 2740/2740/2740 2741/2741/2741
f 2745/2745/2745 2744/2744/2744 2746/2746/2746
f 2747/2747/2747 2744/2744/2744 2745/2745/2745
f 2749/2749/2749 2748/2748/2748 2750/2750/2750
f 2751/2751/2751 2748/2748/2748 2749/2749/2749
f 2753/2753/2753 2752/2752/2752 2754/2754/2754
f 2755/2755/2755 2752/2752/2752 2753/2753/2753
f 2757/2757/2757 2756/2756/2756 2758/2758/2758
f 2759/2759/2759 2756/2756/2756 2757/2757/2757
f 2761/2761/2761 2760/2760/2760 2762/2762/2762
f 2763/2763/2763 2760/2760/2760 2761/2761/2761
f 2765/2765/2765 2764/2764/2764 2766/2766/2766
f 2767/2767/2767 2764/2764/2764 2765/2765/2765
f 2769/2769/2769 2768/2768/2768 2770/2770/2770
f 2771/2771/2771 2768/2768/2768 2769/2769/2769
f 2773/2773/2773 2772/2772/2772 2774/2774/2774
f 2775/2775/2775 2772/2772/2772 2773/2773/2773
f 2777/2777/2777 2776/2776/2776 2778/2778/2778
f 2779/2779/2779 2776/2776/2776 2777/2777/2777
f 2781/2781/2781 2780/2780/2780 2782/2782/2782
f 2783/2783/2783 2780/2780/2780 2781/2781/2781
f 2783/2783/2783 2784/2784/2784 2780/2780/2780
f 2785/2785/2785 2784/2784/2784 2783/2783/2783
f 2785/2785/2785 2786/2786/2786 2784/2784/2784
f 2787/2787/2787 2786/2786/2786 2785/2785/2785
f 2787/2787/2787 2788/2788/2788 2786/2786/2786
f 2789/2789/2789 2788/2788/2788 2787/2787/2787
f 2789/2789/2789 2790/2790/2790 2788/2788/2788
f 2791/2791/2791 2790/2790/2790 2789/2789/2789
f 2791/2791/2791 2792/2792/2792 2790/2790/2790
f 2793/2793/2793 2792/2792/2792 2791/2791/2791
f 2793/2793/2793 2794/2794/2794 2792/2792/2792
f 2795/2795/2795 2794/2794/2794 2793/2793/2793
f 2795/2795/2795 2796/2796/2796 2794/2794/2794
f 2797/2797/2797 2796/2796/2796 2795/2795/2795
f 2797/2797/2797 2798/2798/2798 2796/2796/2796
f 2799/2799/2799 2798/2798/2798 2797/2797/2797
f 2799/2799/2799 2800/2800/2800 2798/2798/2798
f 2801/2801/2801 2800/2800/2800 2799/2799/2799
f 2801/2801/2801 2802/2802/2802 2800/2800/2800
f 2803/2803/2803 2802/2802/2802 2801/2801/2801
f 2803/2803/2803 2804/2804/2804 2802/2802/2802
f 2805/2805/2805 2804/2804/2804 2803/2803/2803
f 2805/2805/2805 2806/2806/2806 2804/2804/2804
f 2807/2807/2807 2806/2806/2806 2805/2805/2805
f 2807/2807/2807 2808/2808/2808 2806/2806/2806
f 2809/2809/2809 2808/2808/2808 2807/2807/2807
f 2809/2809/2809 2810/2810/2810 2808/2808/2808
f 2811/2811/2811 2810/2810/2810 2809/2809/2809
f 2811/2811/2811 2782/2782/2782 2810/2810/2810
f 2781/2781/2781 2782/2782/2782 2811/2811/2811
f 2423/2423/2423 2421/2421/2421 2352/2352/2352
f 2813/2813/2813 2812/2812/2812 2814/2814/2814
f 2815/2815/2815 2812/2812/2812 2813/2813/2813
f 2813/2813/2813 2816/2816/2816 2817/2817/2817
f 2818/2818/2818 2816/2816/2816 2813/2813/2813
f 2820/2820/2820 2819/2819/2819 2821/2821/2821
f 2822/2822/2822 2819/2819/2819 2820/2820/2820
f 2824/2824/2824 2823/2823/2823 2821/2821/2821
f 2825/2825/2825 2823/2823/2823 2824/2824/2824
f 2827/2827/2827 2826/2826/2826 2828/2828/2828
f 2829/2829/2829 2826/2826/2826 2827/2827/2827
f 2831/2831/2831 2830/2830/2830 2828/2828/2828
f 2832/2832/2832 2830/2830/2830 2831/2831/2831
f 2834/2834/2834 2833/2833/2833 2835/2835/2835
f 2836/2836/2836 2833/2833/2833 2834/2834/2834
f 2838/2838/2838 2837/2837/2837 2835/2835/2835
f 2839/2839/2839 2837/2837/2837 2838/2838/2838
f 2841/2841/2841 2840/2840/2840 2842/2842/2842
f 2843/2843/2843 2840/2840/2840 2841/2841/2841
f 2845/2845/2845 2844/2844/2844 2842/2842/2842
f 2846/2846/2846 2844/2844/2844 2845/2845/2845
f 2848/2848/2848 2847/2847/2847 2849/2849/2849
f 2850/2850/2850 2847/2847/2847 2848/2848/2848
f 2852/2852/2852 2851/2851/2851 2849/2849/2849
f 2853/2853/2853 2851/2851/2851 2852/2852/2852
f 2855/2855/2855 2854/2854/2854 2856/2856/2856
f 2857/2857/2857 2854/2854/2854 2855/2855/2855
f 2859/2859/2859 2858/2858/2858 2856/2856/2856
f 2860/2860/2860 2858/2858/2858 2859/2859/2859
f 2862/2862/2862 2861/2861/2861 2863/2863/2863
f 2864/2864/2864 2861/2861/2861 2862/2862/2862
f 2866/2866/2866 2865/2865/2865 2863/2863/2863
f 2867/2867/2867 2865/2865/2865 2866/2866/2866
f 2869/2869/2869 2868/2868/2868 2870/2870/2870
f 2871/2871/2871 2868/2868/2868 2869/2869/2869
f 2873/2873/2873 2872/2872/2872 2870/2870/2870
f 2874/2874/2874 2872/2872/2872 2873/2873/2873
f 2876/2876/2876 2875/2875/2875 2877/2877/2877
f 2878/2878/2878 2875/2875/2875 2876/2876/2876
f 2880/2880/2880 2879/2879/2879 2877/2877/2877
f 2881/2881/2881 2879/2879/2879 2880/2880/2880
f 2883/2883/2883 2882/2882/2882 2884/2884/2884
f 2885/2885/2885 2882/2882/2882 2883/2883/2883
f 2887/2887/2887 2886/2886/2886 2884/2884/2884
f 2888/2888/2888 2886/2886/2886 2887/2887/2887
f 2890/2890/2890 2889/2889/2889 2891/2891/2891
f 2892/2892/2892 2889/2889/2889 2890/2890/2890
f 2894/2894/2894 2893/2893/2893 2891/2891/2891
f 2895/2895/2895 2893/2893/2893 2894/2894/2894
f 2897/2897/2897 2896/2896/2896 2898/2898/2898
f 2899/2899/2899 2896/2896/2896 2897/2897/2897
f 2901/2901/2901 2900/2900/2900 2898/2898/2898
f 2902/2902/2902 2900/2900/2900 2901/2901/2901
f 2904/2904/2904 2903/2903/2903 2905/2905/2905
f 2906/2906/2906 2903/2903/2903 2904/2904/2904
f 2908/2908/2908 2907/2907/2907 2905/2905/2905
f 2909/2909/2909 2907/2907/2907 2908/2908/2908
f 2911/2911/2911 2910/2910/2910 2912/2912/2912
f 2913/2913/2913 2910/2910/2910 2911/2911/2911
f 2915/2915/2915 2914/2914/2914 2912/2912/2912
f 2916/2916/2916 2914/2914/2914 2915/2915/2915
f 2918/2918/2918 2917/2917/2917 2919/2919/2919
f 2920/2920/2920 2917/2917/2917 2918/2918/2918
f 2922/2922/2922 2921/2921/2921 2919/2919/2919
f 2923/2923/2923 2921/2921/2921 2922/2922/2922
f 2925/2925/2925 2924/2924/2924 2926/2926/2926
f 2927/2927/2927 2924/2924/2924 2925/2925/2925
f 2929/2929/2929 2928/2928/2928 2926/2926/2926
f 2930/2930/2930 2928/2928/2928 2929/2929/2929
f 2932/2932/2932 2931/2931/2931 2933/2933/2933
f 2934/2934/2934 2931/2931/2931 2932/2932/2932
f 2936/2936/2936 2935/2935/2935 2933/2933/2933
f 2937/2937/2937 2935/2935/2935 2936/2936/2936
f 2939/2939/2939 2938/2938/2938 2940/2940/2940
f 2941/2941/2941 2938/2938/2938 2939/2939/2939
f 2943/2943/2943 2942/2942/2942 2940/2940/2940
f 2944/2944/2944 2942/2942/2942 2943/2943/2943
f 2946/2946/2946 2945/2945/2945 2947/2947/2947
f 2948/2948/2948 2945/2945/2945 2946/2946/2946
f 2950/2950/2950 2949/2949/2949 2947/2947/2947
f 2951/2951/2951 2949/2949/2949 2950/2950/2950
f 2953/2953/2953 2952/2952/2952 2954/2954/2954
f 2955/2955/2955 2952/2952/2952 2953/2953/2953
f 2957/2957/2957 2956/2956/2956 2954/2954/2954
f 2958/2958/2958 2956/2956/2956 2957/2957/2957
f 2960/2960/2960 2959/2959/2959 2961/2961/2961
f 2962/2962/2962 2959/2959/2959 2960/2960/2960
f 2964/2964/2964 2963/2963/2963 2961/2961/2961
f 2965/2965/2965 2963/2963/2963 2964/2964/2964
f 2967/2967/2967 2966/2966/2966 2968/2968/2968
f 2969/2969/2969 2966/2966/2966 2967/2967/2967
f 2971/2971/2971 2970/2970/2970 2968/2968/2968
f 2972/2972/2972 2970/2970/2970 2971/2971/2971
f 2974/2974/2974 2973/2973/2973 2975/2975/2975
f 2976/2976/2976 2973/2973/2973 2974/2974/2974
f 2976/2976/2976 2977/2977/2977 2978/2978/2978
f 2978/2978/2978 2977/2977/2977 2979/2979/2979
f 2980/2980/2980 1699/1699/1699 2981/2981/2981
f 2980/2980/2980 2982/2982/2982 2983/2983/2983
f 2985/2985/2985 2984/2984/2984 1571/1571/1571
f 1419/1419/1419 2986/2986/2986 2987/2987/2987
f 2989/2989/2989 2988/2988/2988 2990/2990/2990
f 2991/2991/2991 2988/2988/2988 2992/2992/2992
f 2991/2991/2991 2993/2993/2993 2994/2994/2994
f 2995/2995/2995 2993/2993/2993 2996/2996/2996
v -0.07653511 1.21022 0.7513528
v -0.009684658 1.314078 0.7800536
v -0.01897649 1.332883 0.7718121
v -0.1099408 1.250104 0.7438601
v -0.009684658 1.314078 0.7800536
v -0.1138783 1.285218 0.7463024
v 0.0246711 1.3038 0.7638681
v 0.04528849 1.324361 0.6502185
v 0.04102019 1.308424 0.6328784
v -0.1138783 1.285218 0.7463024
v -0.05715417 1.27457 0.7760273
v -0.1271593 1.295388 0.7214202
v 0.04559334 1.340673 0.7403252
v 0.0505858 1.338259 0.6651055
v 0.01305174 1.413679 0.6759348
v 0.0241135 1.410344 0.7663947
v 0.04559334 1.340673 0.7403252
v 0.01151445 1.289208 0.7709422
v -0.09503606 1.243701 0.6238438
v -0.1099408 1.250104 0.7438601
v -0.07896692 1.340285 0.6075526
v -0.01491111 1.292877 0.7261203
v -0.06756016 1.259635 0.7075261
v -0.01904756 1.261167 0.7209782
v -0.08868291 1.325623 0.7269211
v -0.116139 1.298969 0.7220384
v -0.01491111 1.292877 0.7261203
v -0.03992023 1.274068 0.7144246
v -0.132152 1.304962 0.8731714
v -0.08868291 1.325623 0.7269211
v -0.1593844 1.292323 0.8393734
v -0.03428709 1.292402 0.8949421
v -0.1593844 1.292323 0.8393734
v -0.04432185 1.326595 0.8808586
v 0.02479658 1.299885 0.7836527
v 0.0179932 1.307611 0.8283736
v -0.01827216 1.339136 0.8810574
v 0.02479658 1.299885 0.7836527
v -0.006025924 1.399724 0.8375381
v -0.005360174 1.276235 0.7450251
v -0.006025924 1.399724 0.8375381
v 0.01151445 1.289208 0.7709422
v 0.0241135 1.410344 0.7663947
v -0.1113835 1.432817 0.7298771
v -0.1524379 1.380831 0.7840452
v -0.1333136 1.345275 0.8671154
v -0.1271593 1.295388 0.7214202
v -0.05715417 1.27457 0.7760273
v -0.1189499 1.289077 0.7222096
v -0.1113835 1.432817 0.7298771
v -0.1189499 1.289077 0.7222096
v -0.1014805 1.399496 0.6561212
v 0.01305174 1.413679 0.6759348
v -0.1014805 1.399496 0.6561212
v -0.07896692 1.340285 0.6075526
v -0.1271593 1.295388 0.7214202
v -0.1138783 1.285218 0.7463024
v 0.01305174 1.413679 0.6759348
v 0.0505858 1.338259 0.6651055
v 0.0246711 1.3038 0.7638681
v 0.04102019 1.308424 0.6328784
v -0.009684658 1.314078 0.7800536
v 0.0505858 1.338259 0.6651055
v -0.09503606 1.243701 0.6238438
v 0.04102019 1.308424 0.6328784
v -0.0116823 1.198079 0.6275787
v 0.04528849 1.324361 0.6502185
v -0.1188191 1.291702 0.7223648
v -0.03992023 1.274068 0.7144246
v 0.02479658 1.299885 0.7836527
v -0.116139 1.298969 0.7220384
v -0.005360174 1.276235 0.7450251
v -0.1200591 1.290568 0.7250269
v 0.02479658 1.299885 0.7836527
v -0.005360174 1.276235 0.7450251
v -0.1189499 1.289077 0.7222096
v 0.01151445 1.289208 0.7709422
v -0.1189499 1.289077 0.7222096
v -0.1524379 1.380831 0.7840452
v -0.1113835 1.432817 0.7298771
v -0.1524379 1.380831 0.7840452
v -0.1188191 1.291702 0.7223648
v -0.1333136 1.345275 0.8671154
v -0.1593844 1.292323 0.8393734
v -0.116139 1.298969 0.7220384
v -0.01897649 1.332883 0.7718121
v -0.0425736 1.195884 0.7626525
v -0.07653511 1.21022 0.7513528
v -0.02053063 1.345524 0.7566007
v -0.0425736 1.195884 0.7626525
v -0.01719674 1.269165 0.8046649
v -0.01723018 1.257644 0.8046426
v 0.02517662 1.193948 0.8046927
v 0.02317641 1.332861 0.8029031
v -0.01723018 1.257644 0.8046426
v 0.1110653 1.332827 0.7019849
v 0.03911416 1.333395 0.8181672
v 0.1457376 1.322229 0.7202655
v 0.06739062 1.185619 0.680956
v 0.03257574 1.167644 0.7296793
v 0.03190366 1.217097 0.6280646
v 0.06739062 1.185619 0.680956
v 0.112375 1.193982 0.7030642
v 0.112375 1.193982 0.7030642
v 0.06736875 1.34096 0.6805637
v 0.04069792 1.19334 0.8200892
v 0.02317641 1.332861 0.8029031
v 0.03911416 1.333395 0.8181672
v 0.02517662 1.193948 0.8046927
v 0.1457376 1.322229 0.7202655
v 0.06182335 1.3526 0.808045
v 0.1361916 1.352007 0.7564129
v 0.06182335 1.3526 0.808045
v 0.1194768 1.360388 0.823727
v 0.05255902 1.323202 0.8586693
v 0.112375 1.193982 0.7030642
v 0.02517662 1.193948 0.8046927
v 0.1292473 1.184141 0.7332766
v 0.1292473 1.184141 0.7332766
v 0.1110653 1.332827 0.7019849
v 0.06736875 1.34096 0.6805637
v 0.03438933 1.359148 0.7296796
v -0.02053063 1.345524 0.7566007
v 0.06736875 1.34096 0.6805637
v 0.0374475 1.342169 0.6638687
v 0.03190366 1.217097 0.6280646
v 0.06739062 1.185619 0.680956
v 0.1542341 1.191705 0.7422026
v 0.1457376 1.322229 0.7202655
v 0.04528849 1.324361 0.6502185
v 0.0374475 1.342169 0.6638687
v -0.0116823 1.198079 0.6275787
v 0.03911416 1.333395 0.8181672
v 0.04285441 1.191044 0.8220656
v 0.04069792 1.19334 0.8200892
v 0.06182335 1.3526 0.808045
v 0.04285441 1.191044 0.8220656
v 0.05255902 1.323202 0.8586693
v 0.07069492 1.183169 0.8491131
v 0.1194768 1.166421 0.8237308
v 0.1542341 1.191705 0.7422026
v 0.1292473 1.184141 0.7332766
v 0.08601113 1.23156 0.9015328
v 0.0891083 1.315732 0.8929991
v 0.07069492 1.183169 0.8491131
v 0.05255902 1.323202 0.8586693
v 0.1350195 1.328094 0.8858404
v 0.1194768 1.360388 0.823727
v 0.1298522 1.182028 0.8673776
v 0.0891083 1.315732 0.8929991
v -0.1636025 1.270916 0.7767404
v -0.1562112 1.23156 0.714828
v -0.1636028 1.255895 0.7767409
v -0.16515 1.315731 0.7164117
v -0.1775443 1.254583 0.7993231
v -0.1636028 1.255895 0.7767409
v -0.2256994 1.352913 0.7822933
v -0.2049601 1.333396 0.7971151
v -0.1775443 1.254583 0.7993231
v -0.2040878 1.193341 0.7947834
v -0.2623328 1.164885 0.7646058
v -0.3235444 1.184142 0.7615048
v -0.3288423 1.192322 0.7350982
v -0.2487483 1.165902 0.728515
v -0.2623328 1.164885 0.7646058
v -0.2433253 1.165895 0.7349777
v -0.198921 1.332944 0.6818832
v -0.1562112 1.23156 0.714828
v -0.2157712 1.177009 0.6981062
v -0.2433253 1.360916 0.7349776
v -0.2487483 1.36091 0.7285151
v -0.16515 1.315731 0.7164117
v -0.2040878 1.193341 0.7947834
v -0.2102106 1.332862 0.8185509
v -0.2049601 1.333396 0.7971151
v -0.2096609 1.193949 0.8159246
v -0.3430565 1.322231 0.7537276
v -0.2256994 1.352913 0.7822933
v -0.3081066 1.351363 0.7433892
v -0.2256994 1.352913 0.7822933
v -0.2487483 1.36091 0.7285151
v -0.2433253 1.360916 0.7349776
v -0.341273 1.193983 0.7912218
v -0.2096609 1.193949 0.8159246
v -0.3235444 1.184142 0.7615048
v -0.3235444 1.184142 0.7615048
v -0.3415528 1.332828 0.7928953
v -0.338033 1.341108 0.8411674
v -0.1979937 1.309514 0.8513852
v -0.2273996 1.344765 0.8793248
v -0.338033 1.341108 0.8411674
v -0.3359372 1.343186 0.8747067
v -0.3595625 1.2075 0.9066814
v -0.3379281 1.18562 0.8412333
v -0.3288423 1.192322 0.7350982
v -0.3430565 1.322231 0.7537276
v -0.3529502 1.32481 0.8752912
v -0.3359372 1.343186 0.8747067
v -0.3744996 1.250819 0.9190792
v -0.2096609 1.193949 0.8159246
v -0.1979937 1.309514 0.8513852
v -0.2102106 1.332862 0.8185509
v -0.2149289 1.193924 0.8515673
v -0.215804 1.192903 0.9034828
v -0.2149289 1.193924 0.8515673
v -0.2273996 1.344765 0.8793248
v -0.3379281 1.18562 0.8412333
v -0.341273 1.193983 0.7912218
v -0.2148683 1.332013 0.8712299
v -0.215804 1.192903 0.9034828
v -0.1867728 1.262178 0.8964676
v -0.3379281 1.18562 0.8412333
v -0.3595625 1.2075 0.9066814
v -0.3415528 1.332828 0.7928953
v -0.2049601 1.333396 0.7971151
v -0.3430565 1.322231 0.7537276
v -0.341273 1.193983 0.7912218
v -0.338033 1.341108 0.8411674
v -0.3359372 1.343186 0.8747067
v -0.2273996 1.344765 0.8793248
v -0.3529502 1.32481 0.8752912
v -0.1871795 1.284627 0.8991759
v -0.190701 1.285217 0.9655441
v -0.244762 1.303802 0.8367752
v -0.194788 1.2501 0.9633585
v -0.190701 1.285217 0.9655441
v -0.2368676 1.302155 0.8375012
v -0.2056093 1.295388 0.9894867
v -0.1867728 1.262178 0.8964676
v -0.1871795 1.284627 0.8991759
v -0.2148683 1.332013 0.8712299
v -0.2368676 1.302155 0.8375012
v -0.3432493 1.338262 0.8637117
v -0.3151041 1.413682 0.8908022
v -0.2422953 1.410345 0.8359941
v -0.2320603 1.289209 0.8446317
v -0.3022138 1.230961 1.004626
v -0.194788 1.2501 0.9633585
v -0.3283155 1.340285 1.004687
v -0.2933437 1.336169 0.8451284
v -0.3529502 1.32481 0.8752912
v -0.3666233 1.308483 0.8887407
v -0.3094113 1.190837 0.9539534
v -0.3022138 1.230961 1.004626
v -0.3595625 1.2075 0.9066814
v -0.215804 1.192903 0.9034828
v -0.3744996 1.250819 0.9190792
v -0.3022138 1.230961 1.004626
v -0.3666233 1.308483 0.8887407
v -0.3529502 1.32481 0.8752912
v -0.3022138 1.230961 1.004626
v -0.3283155 1.340285 1.004687
v -0.3666233 1.308483 0.8887407
v -0.3432493 1.338262 0.8637117
v -0.2056093 1.295388 0.9894867
v -0.190701 1.285217 0.9655441
v -0.2749999 1.399496 0.9998984
v -0.2056093 1.295388 0.9894867
v -0.2061736 1.432817 0.9715976
v -0.2090313 1.289078 0.9819839
v -0.2320603 1.289209 0.8446317
v -0.2368676 1.302155 0.8375012
v -0.2090313 1.289078 0.9819839
v -0.1656145 1.399725 0.8265238
v -0.2460679 1.276234 0.8722084
v -0.2422953 1.410345 0.8359941
v -0.3151041 1.413682 0.8908022
v -0.2749999 1.399496 0.9998984
v -0.2276936 1.299885 0.8267734
v -0.1656145 1.399725 0.8265238
v -0.1218038 1.339135 0.8153691
v -0.2061736 1.432817 0.9715976
v -0.1387358 1.380832 0.9800674
v -0.0763552 1.345276 0.9219661
v -0.1017721 1.292402 0.8222954
v -0.2276936 1.299885 0.8267734
v -0.2456382 1.295724 0.8505907
v -0.2105826 1.298971 0.9796339
v -0.2576217 1.293043 0.889735
v -0.2206104 1.325227 0.9532583
v -0.2576217 1.293043 0.889735
v -0.2476547 1.259639 0.9443017
v -0.2601024 1.261164 0.8954786
v -0.06891919 1.299965 0.9114075
v -0.2206104 1.325227 0.9532583
v -0.08734756 1.292323 0.9584207
v -0.08734756 1.292323 0.9584207
v -0.1085352 1.326226 0.8380135
v -0.06891919 1.299965 0.9114075
v -0.07004993 1.264222 0.8701082
v -0.06763794 1.264222 0.878383
v -0.0763552 1.345276 0.9219661
v -0.1017721 1.292402 0.8222954
v -0.2476547 1.259639 0.9443017
v -0.1856665 1.297221 1.000616
v -0.1877959 1.264447 1.004978
v -0.1856665 1.297221 1.000616
v -0.08071306 1.264447 0.9726169
v -0.08228571 1.326643 0.9251371
v -0.2460679 1.276234 0.8722084
v -0.2090313 1.289078 0.9819839
v -0.2060354 1.290567 0.9815356
v -0.2320603 1.289209 0.8446317
v -0.2089568 1.291703 0.9817945
v -0.2460679 1.276234 0.8722084
v -0.2276936 1.299885 0.8267734
v -0.2456382 1.295724 0.8505907
v -0.2276936 1.299885 0.8267734
v -0.2105826 1.298971 0.9796339
v -0.2090313 1.289078 0.9819839
v -0.1387358 1.380832 0.9800674
v -0.2061736 1.432817 0.9715976
v -0.1387358 1.380832 0.9800674
v -0.2089568 1.291703 0.9817945
v -0.0763552 1.345276 0.9219661
v -0.08734756 1.292323 0.9584207
v -0.2105826 1.298971 0.9796339
v -0.1085352 1.326226 0.8380135
v -0.2576217 1.293043 0.889735
v -0.1017721 1.292402 0.8222954
v -0.2302299 1.327572 0.8450797
v -0.103439 1.29697 0.8128806
v -0.2576217 1.293043 0.889735
v -0.2302299 1.327572 0.8450797
v -0.2601024 1.261164 0.8954786
v -0.2110015 1.264447 0.7967832
v -0.2207673 1.257507 0.8825461
v -0.2305593 1.323203 0.8975309
v -0.2670977 1.31573 0.8632044
v -0.2486952 1.18317 0.9070872
v -0.2208539 1.191045 0.934135
v -0.2486952 1.18317 0.9070872
v -0.2014938 1.272228 0.9153936
v -0.2171123 1.333395 0.9380362
v -0.2208539 1.191045 0.934135
v -0.2186978 1.193341 0.9361119
v -0.2974773 1.166422 0.9324693
v -0.3322356 1.191706 1.013996
v -0.3072491 1.184142 1.022923
v -0.2305593 1.323203 0.8975309
v -0.3130068 1.328094 0.8703569
v -0.2974773 1.360389 0.9324732
v -0.3127609 1.217259 0.8575385
v -0.3078442 1.182029 0.8888206
v -0.2670977 1.31573 0.8632044
v -0.2186978 1.193341 0.9361119
v -0.2011761 1.332862 0.9532971
v -0.2171123 1.333395 0.9380362
v -0.2031754 1.193949 0.951508
v -0.3237383 1.322228 1.035935
v -0.273244 1.361941 0.9709203
v -0.3141913 1.352008 0.9997885
v -0.273244 1.361941 0.9709203
v -0.2974773 1.360389 0.9324732
v -0.2305593 1.323203 0.8975309
v -0.2903757 1.193983 1.053136
v -0.2031754 1.193949 0.951508
v -0.3072491 1.184142 1.022923
v -0.3072491 1.184142 1.022923
v -0.2890664 1.332828 1.054215
v -0.245369 1.34096 1.075638
v -0.1667017 1.309687 0.9591929
v -0.1574708 1.345524 0.9996004
v -0.245369 1.34096 1.075638
v -0.2154493 1.342169 1.092329
v -0.2099028 1.217097 1.128137
v -0.2453915 1.18562 1.075245
v -0.3322356 1.191706 1.013996
v -0.3237383 1.322228 1.035935
v -0.2232899 1.324364 1.105979
v -0.2154493 1.342169 1.092329
v -0.1663123 1.198079 1.128623
v -0.1354271 1.195884 0.9935477
v -0.1663123 1.198079 1.128623
v -0.1667017 1.309687 0.9591929
v -0.1754143 1.193903 0.9736006
v -0.1574708 1.345524 0.9996004
v -0.2031754 1.193949 0.951508
v -0.2011761 1.332862 0.9532971
v -0.1754143 1.193903 0.9736006
v -0.2453915 1.18562 1.075245
v -0.2903757 1.193983 1.053136
v -0.1590185 1.332882 0.9843869
v -0.1354271 1.195884 0.9935477
v -0.1014599 1.21022 1.004853
v -0.2453915 1.18562 1.075245
v -0.2099028 1.217097 1.128137
v -0.1663123 1.198079 1.128623
v -0.2890664 1.332828 1.054215
v -0.2171123 1.333395 0.9380362
v -0.3237383 1.322228 1.035935
v -0.2903757 1.193983 1.053136
v -0.245369 1.34096 1.075638
v -0.2154493 1.342169 1.092329
v -0.1574708 1.345524 0.9996004
v -0.2232899 1.324364 1.105979
v -0.2190187 1.308426 1.123325
v -0.2232899 1.324364 1.105979
v -0.08296453 1.243703 1.132357
v -0.09902908 1.340285 1.148646
v -0.2190187 1.308426 1.123325
v -0.2285846 1.338262 1.091096
v -0.0508412 1.295386 1.034781
v -0.0467687 1.308091 1.084062
v -0.07652193 1.399495 1.100082
v -0.0508412 1.295386 1.034781
v -0.06661579 1.432817 1.026324
v -0.05904898 1.289077 1.03399
v -0.1895148 1.289209 0.9852604
v -0.1980958 1.302155 0.9858594
v -0.05904898 1.289077 1.03399
v -0.1719759 1.399724 0.9186637
v -0.1726352 1.276234 1.011181
v -0.2021129 1.410345 0.9898058
v -0.1910504 1.413681 1.080265
v -0.07652193 1.399495 1.100082
v -0.2018356 1.313572 0.9347427
v -0.1719759 1.399724 0.9186637
v -0.1597278 1.339135 0.8751436
v -0.06661579 1.432817 1.026324
v -0.02556261 1.380831 0.9721543
v -0.04468878 1.345276 0.8890827
v -0.1437138 1.292402 0.8612584
v -0.2018356 1.313572 0.9347427
v -0.191144 1.295723 0.9999973
v -0.06186157 1.298971 1.034161
v -0.1445155 1.266032 1.040921
v -0.08931705 1.325626 1.029278
v -0.1445155 1.266032 1.040921
v -0.1104403 1.259635 1.048675
v -0.1589568 1.261165 1.035221
v -0.05016952 1.299749 0.8772306
v -0.08931705 1.325626 1.029278
v -0.01861392 1.292323 0.9168302
v -0.01861392 1.292323 0.9168302
v -0.1336809 1.326597 0.8753438
v -0.05016952 1.299749 0.8772306
v -0.09022757 1.264222 0.8564461
v -0.07419828 1.264222 0.8606895
v -0.04468878 1.345276 0.8890827
v -0.1437138 1.292402 0.8612584
v -0.1104403 1.259635 1.048675
v -0.02832515 1.298197 1.019844
v -0.02468557 1.264447 1.023483
v -0.02832515 1.298197 1.019844
v -0.006893742 1.264447 0.9092135
v -0.04976489 1.326278 0.8919225
v -0.1198378 1.284626 0.9736643
v -0.1131684 1.282055 0.9781228
v -0.1198992 1.28128 0.9766059
v -0.0680584 1.250102 1.012344
v -0.1131684 1.282055 0.9781228
v -0.1980958 1.302155 0.9858594
v -0.0508412 1.295386 1.034781
v -0.1014599 1.21022 1.004853
v -0.1198378 1.284626 0.9736643
v -0.1590185 1.332882 0.9843869
v -0.2021129 1.410345 0.9898058
v -0.1895148 1.289209 0.9852604
v -0.1910504 1.413681 1.080265
v -0.1980958 1.302155 0.9858594
v -0.2285846 1.338262 1.091096
v -0.2277041 1.32297 1.033169
v -0.2197243 1.336169 1.038578
v -0.2232899 1.324364 1.105979
v -0.2190187 1.308426 1.123325
v -0.08296453 1.243703 1.132357
v -0.08296453 1.243703 1.132357
v -0.0680584 1.250102 1.012344
v -0.08296453 1.243703 1.132357
v -0.0467687 1.308091 1.084062
v -0.09902908 1.340285 1.148646
v -0.1726352 1.276234 1.011181
v -0.05904898 1.289077 1.03399
v -0.05793696 1.290569 1.031171
v -0.1895148 1.289209 0.9852604
v -0.05917662 1.291703 1.033834
v -0.1726352 1.276234 1.011181
v -0.1368094 1.28215 1.039808
v -0.191144 1.295723 0.9999973
v -0.1368094 1.28215 1.039808
v -0.06186157 1.298971 1.034161
v -0.05904898 1.289077 1.03399
v -0.02556261 1.380831 0.9721543
v -0.06661579 1.432817 1.026324
v -0.02556261 1.380831 0.9721543
v -0.05917662 1.291703 1.033834
v -0.04468878 1.345276 0.8890827
v -0.01861392 1.292323 0.9168302
v -0.06186157 1.298971 1.034161
v -0.1336809 1.326597 0.8753438
v -0.180064 1.333555 0.9760352
v -0.1437138 1.292402 0.8612584
v -0.187695 1.326243 0.9868205
v -0.1991176 1.308446 0.9049927
v -0.180064 1.333555 0.9760352
v -0.187695 1.326243 0.9868205
v -0.1589568 1.261165 1.035221
v -0.2205763 1.264447 0.9497603
v -0.192982 1.230635 1.015275
v -0.1399114 1.324402 1.011047
v -0.1413432 1.269303 0.9939138
v -0.1421715 1.181506 1.033058
v -0.1065398 1.191056 1.020292
v -0.1421715 1.181506 1.033058
v -0.112951 1.272228 0.9941702
v -0.1011535 1.333395 1.019017
v -0.1065398 1.191056 1.020292
v -0.1036101 1.19334 1.019428
v -0.147562 1.166434 1.090696
v -0.09318773 1.19164 1.156699
v -0.07263313 1.183894 1.139111
v -0.208883 1.328119 1.072405
v -0.1906182 1.181999 1.078361
v -0.2024899 1.332944 1.066276
v -0.1399114 1.324402 1.011047
v -0.2024899 1.332944 1.066276
v -0.147561 1.360377 1.090696
v -0.1036101 1.19334 1.019428
v -0.07996527 1.332862 1.012846
v -0.1011535 1.333395 1.019017
v -0.08251429 1.193949 1.013683
v -0.06959734 1.322415 1.160135
v -0.1009334 1.361956 1.08403
v -0.09654807 1.352081 1.133927
v -0.1009334 1.361956 1.08403
v -0.147561 1.360377 1.090696
v -0.1399114 1.324402 1.011047
v -0.03810196 1.193983 1.140014
v -0.08251429 1.193949 1.013683
v -0.07263313 1.183894 1.139111
v -0.07263313 1.183894 1.139111
v -0.03651254 1.332828 1.13942
v 0.003590669 1.341514 1.111609
v -0.05783639 1.309336 0.9858497
v -0.01831063 1.344824 0.9970055
v 0.003590669 1.341514 1.111609
v 0.03333833 1.342454 1.094352
v 0.06640443 1.203823 1.098348
v 0.003536488 1.18562 1.112111
v -0.09318773 1.19164 1.156699
v -0.06959734 1.322415 1.160135
v 0.04121003 1.324363 1.108338
v 0.03333833 1.342454 1.094352
v 0.09891202 1.203492 1.064065
v -0.01750335 1.204184 0.9710205
v 0.008581669 1.204028 0.9586774
v -0.05783639 1.309336 0.9858497
v -0.06126766 1.257644 0.9769843
v -0.01831063 1.344824 0.9970055
v -0.08251429 1.193949 1.013683
v -0.07996527 1.332862 1.012846
v -0.06126766 1.257644 0.9769843
v -0.03196117 1.332883 0.9918818
v -0.01750335 1.204184 0.9710205
v -0.03651254 1.332828 1.13942
v -0.1011535 1.333395 1.019017
v -0.06959734 1.322415 1.160135
v 0.003536488 1.18562 1.112111
v -0.02125114 1.167645 1.057599
v 0.06640443 1.203823 1.098348
v 0.003536488 1.18562 1.112111
v -0.03810196 1.193983 1.140014
v -0.03810196 1.193983 1.140014
v 0.003590669 1.341514 1.111609
v 0.03333833 1.342454 1.094352
v -0.01831063 1.344824 0.9970055
v 0.04121003 1.324363 1.108338
v -0.04374573 1.314078 0.9958107
v 0.03757598 1.285216 0.9224547
v -0.01913914 1.281279 0.9541104
v 0.05200889 1.236604 0.932734
v 0.03757598 1.285216 0.9224547
v -0.01652906 1.27457 0.9567209
v 0.06576862 1.295387 0.9233936
v 0.008581669 1.204028 0.9586774
v -0.04374573 1.314078 0.9958107
v -0.03196117 1.332883 0.9918818
v 0.04121003 1.324363 1.108338
v 0.05836323 1.308425 1.113312
v 0.1397186 1.255123 1.007662
v 0.05200889 1.236604 0.932734
v 0.1402844 1.340285 1.022063
v 0.09891202 1.203492 1.064065
v 0.05836323 1.308425 1.113312
v 0.04121003 1.324363 1.108338
v 0.1397186 1.255123 1.007662
v 0.1402844 1.340285 1.022063
v 0.05836323 1.308425 1.113312
v 0.02566853 1.33826 1.105482
v 0.06576862 1.295387 0.9233936
v 0.03757598 1.285216 0.9224547
v 0.1094805 1.399497 0.9782866
v 0.06576862 1.295387 0.9233936
v 0.05055716 1.432817 0.9328271
v 0.06097993 1.289077 0.9301075
v -0.04645538 1.289208 1.018729
v -0.01652906 1.27457 0.9567209
v 0.06097993 1.289077 0.9301075
v -0.09535956 1.399724 0.9702377
v -0.01557059 1.276234 1.017072
v -0.04881649 1.410344 1.031913
v 0.0350519 1.41368 1.067562
v 0.1094805 1.399497 0.9782866
v -0.06410658 1.299885 1.023875
v -0.09535956 1.399724 0.9702377
v -0.1269248 1.339134 0.937871
v 0.05055716 1.432817 0.9328271
v 0.02417249 1.380831 0.8701889
v -0.05733157 1.345275 0.8452161
v -0.1309427 1.2924 0.9170636
v -0.06410658 1.299885 1.023875
v -0.03450776 1.295719 1.027509
v 0.03542321 1.278923 0.9954811
v 0.006543569 1.293086 1.017591
v 0.04092649 1.32579 0.9556283
v 0.006543569 1.293086 1.017591
v 0.03998391 1.255128 0.9905785
v 0.01209312 1.261164 1.017244
v 0.0350519 1.41368 1.067562
v 0.02566853 1.33826 1.105482
v -0.02405714 1.322969 1.075758
v -0.04374573 1.314078 0.9958107
v -0.07126654 1.300032 0.8446067
v -0.02027257 1.292324 0.8365087
v 0.02860421 1.307321 0.8676929
v 0.04092649 1.32579 0.9556283
v -0.02027257 1.292324 0.8365087
v -0.1079007 1.335021 0.9277009
v -0.07126654 1.300032 0.8446067
v -0.1083668 1.264222 0.8683363
v -0.09943387 1.264222 0.8594567
v -0.05733157 1.345275 0.8452161
v -0.1309427 1.2924 0.9170636
v -0.01557059 1.276234 1.017072
v 0.06097993 1.289077 0.9301075
v 0.05909505 1.290568 0.9277353
v -0.04645538 1.289208 1.018729
v 0.06078055 1.291702 0.9301389
v -0.01557059 1.276234 1.017072
v -0.06410658 1.299885 1.023875
v -0.03450776 1.295719 1.027509
v -0.06410658 1.299885 1.023875
v 0.03542321 1.278923 0.9954811
v 0.06097993 1.289077 0.9301075
v 0.02417249 1.380831 0.8701889
v 0.05055716 1.432817 0.9328271
v 0.02417249 1.380831 0.8701889
v 0.06078055 1.291702 0.9301389
v -0.05733157 1.345275 0.8452161
v -0.02027257 1.292324 0.8365087
v 0.02860421 1.307321 0.8676929
v -0.1079007 1.335021 0.9277009
v 0.006543569 1.293086 1.017591
v -0.1309427 1.2924 0.9170636
v -0.04300031 1.3272 1.017018
v -0.1394871 1.296877 0.9304007
v 0.006543569 1.293086 1.017591
v -0.04300031 1.3272 1.017018
v 0.01209312 1.261164 1.017244
v -0.09273046 1.264447 1.027878
v -0.02178961 1.23156 1.04137
v 0.001599233 1.324992 0.9878383
v -0.01285047 1.315731 1.039786
v 0.02117215 1.180958 0.9980922
v 0.02577743 1.190728 0.9643512
v 0.02117215 1.180958 0.9980922
v 0.04770188 1.352913 0.9739049
v 0.02696184 1.333395 0.9590823
v 0.02577743 1.190728 0.9643512
v 0.02608899 1.19334 0.9614157
v 0.07074887 1.165901 1.027685
v 0.1508405 1.192321 1.021107
v 0.1455448 1.184141 0.9946984
v 0.001599233 1.324992 0.9878383
v 0.02092166 1.332943 1.074319
v 0.07074887 1.360909 1.027686
v 0.03777177 1.177009 1.058095
v -0.01285047 1.315731 1.039786
v 0.02608899 1.19334 0.9614157
v 0.03221097 1.332861 0.9376498
v 0.02696184 1.333395 0.9590823
v 0.03166124 1.193948 0.9402764
v 0.1650574 1.322229 1.002474
v 0.04770188 1.352913 0.9739049
v 0.130107 1.351362 1.012813
v 0.04770188 1.352913 0.9739049
v 0.07074887 1.360909 1.027686
v 0.001599233 1.324992 0.9878383
v 0.1632735 1.193982 0.9649791
v 0.03166124 1.193948 0.9402764
v 0.1455448 1.184141 0.9946984
v 0.1455448 1.184141 0.9946984
v 0.1635534 1.332827 0.9633049
v 0.1600325 1.341107 0.9150333
v 0.01999314 1.309513 0.9048164
v 0.09938682 1.360328 0.876141
v 0.1600325 1.341107 0.9150333
v 0.1579376 1.343185 0.8814932
v 0.1883882 1.217877 0.8580115
v 0.1599277 1.185619 0.9149661
v 0.1508405 1.192321 1.021107
v 0.1650574 1.322229 1.002474
v 0.1749506 1.324809 0.8809073
v 0.1579376 1.343185 0.8814932
v 0.1777564 1.210573 0.8203971
v 0.03166124 1.193948 0.9402764
v 0.01999314 1.309513 0.9048164
v 0.03221097 1.332861 0.9376498
v 0.03692831 1.193923 0.9046338
v 0.03840506 1.192413 0.8521798
v 0.03692831 1.193923 0.9046338
v 0.009585498 1.271551 0.867327
v 0.1599277 1.185619 0.9149661
v 0.1632735 1.193982 0.9649791
v 0.008130247 1.277678 0.855598
v 0.03840506 1.192413 0.8521798
v 0.01993893 1.218727 0.8324926
v 0.1599277 1.185619 0.9149661
v 0.1883882 1.217877 0.8580115
v 0.1635534 1.332827 0.9633049
v 0.02696184 1.333395 0.9590823
v 0.1650574 1.322229 1.002474
v 0.1632735 1.193982 0.9649791
v 0.1600325 1.341107 0.9150333
v 0.01993893 1.218727 0.8324926
v 0.1324963 1.237559 0.7502167
v 0.03556545 1.314078 0.897763
v 0.008130247 1.277678 0.855598
v 0.01678816 1.250101 0.7928421
v 0.03556545 1.314078 0.897763
v 0.01269999 1.285217 0.7906598
v 0.06676664 1.3038 0.9194272
v 0.01269999 1.285217 0.7906598
v 0.05887278 1.302153 0.9187007
v 0.02824359 1.262958 0.8422665
v 0.05887278 1.302153 0.9187007
v 0.1652538 1.33826 0.8924849
v 0.1371053 1.413679 0.865399
v 0.0642968 1.410344 0.9202069
v 0.05405899 1.289209 0.9115701
v 0.1324963 1.237559 0.7502167
v 0.01678816 1.250101 0.7928421
v 0.1503164 1.340285 0.7515142
v 0.1749506 1.324809 0.8809073
v 0.1024364 1.35523 0.8923752
v 0.1886227 1.308481 0.8674599
v 0.1777564 1.210573 0.8203971
v 0.1777564 1.210573 0.8203971
v 0.1883882 1.217877 0.8580115
v 0.02824359 1.262958 0.8422665
v 0.05405899 1.289209 0.9115701
v 0.05887278 1.302153 0.9187007
v 0.03102967 1.289077 0.7742181
v -0.01238583 1.399724 0.929676
v 0.0680659 1.276234 0.8839959
v 0.0642968 1.410344 0.9202069
v 0.04969373 1.299885 0.9294264
v -0.01238583 1.399724 0.929676
v -0.05619642 1.339136 0.9408315
v 0.02817336 1.432817 0.7846044
v -0.03926521 1.380831 0.7761348
v -0.1016443 1.345274 0.8342325
v -0.07622728 1.2924 0.9339063
v 0.04969373 1.299885 0.9294264
v 0.007565346 1.30761 0.9458953
v -0.1090816 1.299964 0.8447937
v -0.09065258 1.292322 0.7977802
v -0.06946442 1.326222 0.9181899
v -0.03920406 1.30732 0.7710463
v 0.04261456 1.325223 0.8029432
v -0.09065258 1.292322 0.7977802
v -0.1090816 1.299964 0.8447937
v -0.1079509 1.264222 0.8860908
v -0.1103612 1.264222 0.8778183
v -0.1016443 1.345274 0.8342325
v -0.07622728 1.2924 0.9339063
v 0.0680659 1.276234 0.8839959
v 0.03102967 1.289077 0.7742181
v 0.02803471 1.290568 0.7746655
v 0.05405899 1.289209 0.9115701
v 0.03095916 1.291702 0.774407
v 0.0680659 1.276234 0.8839959
v 0.04969373 1.299885 0.9294264
v 0.07728731 1.274068 0.8387662
v 0.04969373 1.299885 0.9294264
v 0.07487046 1.278921 0.8290479
v 0.03102967 1.289077 0.7742181
v -0.03926521 1.380831 0.7761348
v 0.02817336 1.432817 0.7846044
v -0.03926521 1.380831 0.7761348
v 0.03095916 1.291702 0.774407
v -0.1016443 1.345274 0.8342325
v -0.09065258 1.292322 0.7977802
v -0.03920406 1.30732 0.7710463
v 0.07487046 1.278921 0.8290479
v 0.07962275 1.293037 0.8664695
v 0.07728731 1.274068 0.8387662
v 0.04261456 1.325223 0.8029432
v 0.07962275 1.293037 0.8664695
v 0.07290124 1.255128 0.822637
v 0.07898319 1.255127 0.8453473
v 0.0649073 1.264222 0.8017764
v 0.007670718 1.29722 0.7555858
v 0.009801762 1.264447 0.7512243
v 0.007670718 1.29722 0.7555858
v -0.09728682 1.264447 0.7835826
v -0.0957142 1.326644 0.8310675
v 0.01498838 1.230633 0.7409205
v -0.03808541 1.324401 0.745154
v 0.009216498 1.317044 0.7332499
v -0.03582782 1.181506 0.7231426
v -0.07146065 1.191056 0.7359086
v -0.03582782 1.181506 0.7231426
v -0.07408293 1.352593 0.712487
v -0.0768456 1.333395 0.7371835
v -0.07146065 1.191056 0.7359086
v -0.07438944 1.19334 0.7367728
v -0.03043606 1.166434 0.6655056
v -0.08481184 1.19164 0.5995021
v -0.1053667 1.183894 0.617089
v -0.03808541 1.324401 0.745154
v 0.03088903 1.328114 0.6837842
v -0.03043218 1.360377 0.6655056
v 0.01262104 1.182 0.6778325
v 0.009216498 1.317044 0.7332499
v -0.07438944 1.19334 0.7367728
v -0.09803398 1.332862 0.7433543
v -0.0768456 1.333395 0.7371835
v -0.09548469 1.193949 0.7425172
v -0.1084021 1.322414 0.5960655
v -0.07408293 1.352593 0.712487
v -0.08145138 1.352081 0.6222731
v -0.07408293 1.352593 0.712487
v -0.03043218 1.360377 0.6655056
v -0.03808541 1.324401 0.745154
v -0.1398976 1.193983 0.6161861
v -0.09548469 1.193949 0.7425172
v -0.1053667 1.183894 0.617089
v -0.1053667 1.183894 0.617089
v -0.141487 1.332828 0.6167805
v -0.1815906 1.341514 0.6445913
v -0.1546671 1.359142 0.6986027
v -0.1596883 1.344824 0.7591928
v -0.1815906 1.341514 0.6445913
v -0.2113381 1.342454 0.6618484
v -0.2444049 1.203825 0.657853
v -0.1815363 1.18562 0.6440894
v -0.08481184 1.19164 0.5995021
v -0.1084021 1.322414 0.5960655
v -0.219202 1.324364 0.6478629
v -0.2113381 1.342454 0.6618484
v -0.2769095 1.203492 0.6921314
v -0.09548469 1.193949 0.7425172
v -0.116696 1.269166 0.7791987
v -0.09803398 1.332862 0.7433543
v -0.1167319 1.257645 0.7792165
v -0.1604981 1.204183 0.7851813
v -0.1167319 1.257645 0.7792165
v -0.1596883 1.344824 0.7591928
v -0.1460371 1.332882 0.7643177
v -0.1604981 1.204183 0.7851813
v -0.1865867 1.204027 0.7975233
v -0.141487 1.332828 0.6167805
v -0.0768456 1.333395 0.7371835
v -0.1084021 1.322414 0.5960655
v -0.1815363 1.18562 0.6440894
v -0.1567483 1.167645 0.6986027
v -0.2444049 1.203825 0.657853
v -0.1815363 1.18562 0.6440894
v -0.1398976 1.193983 0.6161861
v -0.1815906 1.341514 0.6445913
v -0.1398976 1.193983 0.6161861
v -0.2113381 1.342454 0.6618484
v -0.1596883 1.344824 0.7591928
v -0.219202 1.324364 0.6478629
v -0.2769095 1.203492 0.6921314
v -0.2300149 1.236604 0.8234657
v -0.3177181 1.255124 0.7485389
v -0.2769095 1.203492 0.6921314
v -0.2155754 1.285218 0.8337457
v -0.2300149 1.236604 0.8234657
v -0.3182853 1.340285 0.7341419
v -0.1342544 1.314076 0.7603952
v -0.1310924 1.303802 0.7225446
v -0.2300149 1.236604 0.8234657
v -0.2155754 1.285218 0.8337457
v -0.1277745 1.302153 0.7297418
v -0.2437661 1.295387 0.8328075
v -0.1865867 1.204027 0.7975233
v -0.1342544 1.314076 0.7603952
v -0.1460371 1.332882 0.7643177
v -0.219202 1.324364 0.6478629
v -0.2363571 1.308426 0.6428881
v -0.1277745 1.302153 0.7297418
v -0.2036654 1.338261 0.6507188
v -0.2130534 1.413681 0.6886388
v -0.129183 1.410345 0.7242891
v -0.1189915 1.351026 0.7146812
v -0.2437661 1.295387 0.8328075
v -0.1752395 1.261637 0.7857125
v -0.1277745 1.302153 0.7297418
v -0.1948986 1.261447 0.7782383
v -0.2285561 1.432818 0.8233732
v -0.2523988 1.351026 0.8480183
v -0.28748 1.399497 0.7779161
v -0.3182853 1.340285 0.7341419
v -0.2437661 1.295387 0.8328075
v -0.2155754 1.285218 0.8337457
v -0.2130534 1.413681 0.6886388
v -0.28748 1.399497 0.7779161
v -0.2036654 1.338261 0.6507188
v -0.2130534 1.413681 0.6886388
v -0.129183 1.410345 0.7242891
v -0.08264109 1.399724 0.7859601
v -0.1189915 1.351026 0.7146812
v -0.1624295 1.276234 0.73913
v -0.1138997 1.299885 0.7323237
v -0.08264109 1.399724 0.7859601
v -0.05107523 1.339137 0.8183259
v -0.2285561 1.432818 0.8233732
v -0.2021714 1.380832 0.8860124
v -0.1206647 1.345276 0.9109831
v -0.04705665 1.292401 0.839135
v -0.1138997 1.299885 0.7323237
v -0.1434927 1.295721 0.7286926
v -0.2377225 1.298969 0.8235706
v -0.2022491 1.266036 0.7486128
v -0.2184053 1.267527 0.7647128
v -0.2022491 1.266036 0.7486128
v -0.2256576 1.259644 0.7737989
v -0.1900948 1.261168 0.7389573
v -0.1067336 1.300033 0.911594
v -0.1981494 1.347704 0.8347052
v -0.1577324 1.292322 0.919692
v -0.1577324 1.292322 0.919692
v -0.06482647 1.326807 0.8421021
v -0.1067336 1.300033 0.911594
v -0.06963356 1.264222 0.8878644
v -0.07856627 1.264222 0.896744
v -0.1206647 1.345276 0.9109831
v -0.04705665 1.292401 0.839135
v -0.1624295 1.276234 0.73913
v -0.1948986 1.261447 0.7782383
v -0.2370946 1.290567 0.8284612
v -0.1752395 1.261637 0.7857125
v -0.2387801 1.291703 0.8260624
v -0.1624295 1.276234 0.73913
v -0.1138997 1.299885 0.7323237
v -0.1434927 1.295721 0.7286926
v -0.1138997 1.299885 0.7323237
v -0.2377225 1.298969 0.8235706
v -0.2523988 1.351026 0.8480183
v -0.2021714 1.380832 0.8860124
v -0.2285561 1.432818 0.8233732
v -0.2021714 1.380832 0.8860124
v -0.2387801 1.291703 0.8260624
v -0.1206647 1.345276 0.9109831
v -0.1577324 1.292322 0.919692
v -0.2377225 1.298969 0.8235706
v -0.06482647 1.326807 0.8421021
v -0.1297175 1.335157 0.7517503
v -0.04705665 1.292401 0.839135
v -0.1350024 1.327201 0.7391816
v -0.03851251 1.296879 0.8257974
v -0.1297175 1.335157 0.7517503
v -0.1350024 1.327201 0.7391816
v -0.1900948 1.261168 0.7389573
v -0.08527489 1.264447 0.7283192
v -0.2157712 1.177009 0.6981062
v -0.2433253 1.165895 0.7349777
v -0.1562112 1.23156 0.714828
v -0.2487483 1.165902 0.728515
v -0.103439 1.29697 0.8128806
v -0.2110015 1.264447 0.7967832
v -0.09672367 1.264447 0.8127368
v -0.2302299 1.327572 0.8450797
v -0.2206104 1.325227 0.9532583
v -0.08228571 1.326643 0.9251371
v -0.1856665 1.297221 1.000616
v -0.06891919 1.299965 0.9114075
v -0.244762 1.303802 0.8367752
v -0.2933437 1.336169 0.8451284
v -0.3432493 1.338262 0.8637117
v -0.3151041 1.413682 0.8908022
v -0.3078442 1.182029 0.8888206
v -0.2486952 1.18317 0.9070872
v -0.3127609 1.217259 0.8575385
v -0.2974773 1.166422 0.9324693
v -0.1991176 1.308446 0.9049927
v -0.2205763 1.264447 0.9497603
v -0.2077274 1.264447 0.9009738
v -0.187695 1.326243 0.9868205
v -0.08931705 1.325626 1.029278
v -0.04976489 1.326278 0.8919225
v -0.02832515 1.298197 1.019844
v -0.05016952 1.299749 0.8772306
v -0.2277041 1.32297 1.033169
v -0.2197243 1.336169 1.038578
v -0.2285846 1.338262 1.091096
v -0.1910504 1.413681 1.080265
v -0.1906182 1.181999 1.078361
v -0.1421715 1.181506 1.033058
v -0.192982 1.230635 1.015275
v -0.147562 1.166434 1.090696
v -0.03697921 1.340673 1.063549
v 0.02566853 1.33826 1.105482
v -0.02405714 1.322969 1.075758
v 0.0350519 1.41368 1.067562
v -0.04881649 1.410344 1.031913
v -0.03697921 1.340673 1.063549
v -0.04645538 1.289208 1.018729
v -0.1394871 1.296877 0.9304007
v -0.09273046 1.264447 1.027878
v -0.1440579 1.264447 0.9291447
v -0.04300031 1.3272 1.017018
v 0.06543602 1.297221 0.9005632
v -0.01128532 1.264447 0.8236657
v 0.07027872 1.264447 0.9002281
v -0.05363485 1.326839 0.8497861
v 0.05405144 1.264222 0.973227
v 0.06543602 1.297221 0.9005632
v 0.04092649 1.32579 0.9556283
v -0.05363485 1.326839 0.8497861
v 0.06543602 1.297221 0.9005632
v -0.07126654 1.300032 0.8446067
v 0.03777177 1.177009 1.058095
v 0.02117215 1.180958 0.9980922
v -0.02178961 1.23156 1.04137
v 0.07074887 1.165901 1.027685
v 0.04879304 1.340673 0.7435836
v 0.02817336 1.432817 0.7846044
v 0.03102967 1.289077 0.7742181
v 0.09700152 1.399497 0.7563035
v 0.1503164 1.340285 0.7515142
v 0.04879304 1.340673 0.7435836
v 0.01269999 1.285217 0.7906598
v 0.1371053 1.413679 0.865399
v 0.09700152 1.399497 0.7563035
v 0.1652538 1.33826 0.8924849
v 0.1371053 1.413679 0.865399
v 0.06676664 1.3038 0.9194272
v 0.1886227 1.308481 0.8674599
v 0.03556545 1.314078 0.897763
v 0.1652538 1.33826 0.8924849
v 0.1324963 1.237559 0.7502167
v 0.1886227 1.308481 0.8674599
v 0.1777564 1.210573 0.8203971
v 0.1749506 1.324809 0.8809073
v -0.01763621 1.308446 0.960323
v 0.03300205 1.264447 0.959418
v -0.08127683 1.264447 0.9434643
v 0.0522305 1.327572 0.9111215
v -0.06946442 1.326222 0.9181899
v 0.0522305 1.327572 0.9111215
v -0.01763621 1.308446 0.960323
v 0.07962275 1.293037 0.8664695
v 0.007565346 1.30761 0.9458953
v 0.07962275 1.293037 0.8664695
v -0.07622728 1.2924 0.9339063
v 0.0522305 1.327572 0.9111215
v 0.08249176 1.264222 0.8685105
v 0.03300205 1.264447 0.959418
v 0.04261456 1.325223 0.8029432
v -0.0957142 1.326644 0.8310675
v 0.007670718 1.29722 0.7555858
v -0.1090816 1.299964 0.8447937
v 0.1024364 1.35523 0.8923752
v 0.1579376 1.343185 0.8814932
v 0.09938682 1.360328 0.876141
v 0.1749506 1.324809 0.8809073
v 0.1298522 1.182028 0.8673776
v 0.07069492 1.183169 0.8491131
v 0.08601113 1.23156 0.9015328
v 0.1194768 1.166421 0.8237308
v -0.01846343 1.296879 0.8956737
v 0.04257677 1.264447 0.8064355
v -0.01726615 1.264447 0.900261
v 0.009692335 1.326243 0.7693762
v -0.1496753 1.298197 0.7363566
v -0.1711067 1.264447 0.8469877
v -0.1533149 1.264447 0.7327169
v -0.1282331 1.326278 0.8642796
v -0.04432185 1.326595 0.8808586
v 0.009692335 1.326243 0.7693762
v -0.01846343 1.296879 0.8956737
v -0.01491111 1.292877 0.7261203
v 0.0179932 1.307611 0.8283736
v -0.01491111 1.292877 0.7261203
v -0.03428709 1.292402 0.8949421
v -0.08868291 1.325623 0.7269211
v -0.1282331 1.326278 0.8642796
v -0.1496753 1.298197 0.7363566
v -0.132152 1.304962 0.8731714
v 0.0374475 1.342169 0.6638687
v -0.02053063 1.345524 0.7566007
v 0.04528849 1.324361 0.6502185
v 0.01262104 1.182 0.6778325
v -0.03582782 1.181506 0.7231426
v 0.01498838 1.230633 0.7409205
v -0.03043606 1.166434 0.6655056
v -0.03851251 1.296879 0.8257974
v -0.08527489 1.264447 0.7283192
v -0.03394105 1.264447 0.8270522
v -0.1350024 1.327201 0.7391816
v -0.243436 1.297222 0.8556378
v -0.1667102 1.264447 0.9325351
v -0.2482787 1.264447 0.8559746
v -0.1243633 1.326838 0.9064142
v -0.2256576 1.259644 0.7737989
v -0.243436 1.297222 0.8556378
v -0.1981494 1.347704 0.8347052
v -0.1981494 1.347704 0.8347052
v -0.1243633 1.326838 0.9064142
v -0.243436 1.297222 0.8556378
v -0.1067336 1.300033 0.911594
v -0.1310924 1.303802 0.7225446
v -0.2363571 1.308426 0.6428881
v -0.1342544 1.314076 0.7603952
v -0.2036654 1.338261 0.6507188
v -0.3177181 1.255124 0.7485389
v -0.2363571 1.308426 0.6428881
v -0.2769095 1.203492 0.6921314
v -0.219202 1.324364 0.6478629
v -0.132152 1.304962 0.8731714
v -0.08777659 1.264222 0.8997527
v -0.09462638 1.264222 0.8974647
v -0.1333136 1.345275 0.8671154
v -0.03428709 1.292402 0.8949421
v -0.07004993 1.264222 0.8701082
v -0.103439 1.29697 0.8128806
v -0.09672367 1.264447 0.8127368
v -0.1085352 1.326226 0.8380135
v -0.08228571 1.326643 0.9251371
v -0.06763794 1.264222 0.878383
v -0.08071306 1.264447 0.9726169
v -0.06891919 1.299965 0.9114075
v -0.09022757 1.264222 0.8564461
v -0.09696472 1.268197 0.8539127
v -0.0956722 1.264447 0.8543674
v -0.1336809 1.326597 0.8753438
v -0.04976489 1.326278 0.8919225
v -0.08804095 1.264222 0.8581178
v -0.006893742 1.264447 0.9092135
v -0.05016952 1.299749 0.8772306
v -0.1083668 1.264222 0.8683363
v -0.1394871 1.296877 0.9304007
v -0.1440579 1.264447 0.9291447
v -0.107058 1.269099 0.8666212
v -0.05363485 1.326839 0.8497861
v -0.09943387 1.264222 0.8594567
v -0.01128532 1.264447 0.8236657
v -0.07126654 1.300032 0.8446067
v -0.1079509 1.264222 0.8860908
v -0.10715 1.268197 0.8891767
v -0.08127683 1.264447 0.9434643
v -0.06946442 1.326222 0.9181899
v -0.0957142 1.326644 0.8310675
v -0.1103612 1.264222 0.8778183
v -0.09728682 1.264447 0.7835826
v -0.1090816 1.299964 0.8447937
v 0.009692335 1.326243 0.7693762
v -0.01904756 1.261167 0.7209782
v 0.04257677 1.264447 0.8064355
v -0.01491111 1.292877 0.7261203
v -0.08777659 1.264222 0.8997527
v -0.01846343 1.296879 0.8956737
v -0.01726615 1.264447 0.900261
v -0.04432185 1.326595 0.8808586
v -0.06756016 1.259635 0.7075261
v -0.1496753 1.298197 0.7363566
v -0.1533149 1.264447 0.7327169
v -0.08868291 1.325623 0.7269211
v -0.1282331 1.326278 0.8642796
v -0.09462638 1.264222 0.8974647
v -0.1711067 1.264447 0.8469877
v -0.09900071 1.269099 0.8970515
v -0.06963356 1.264222 0.8878644
v -0.03851251 1.296879 0.8257974
v -0.03394105 1.264447 0.8270522
v -0.06482647 1.326807 0.8421021
v -0.1243633 1.326838 0.9064142
v -0.07856627 1.264222 0.896744
v -0.1667102 1.264447 0.9325351
v -0.1067336 1.300033 0.911594
v 0.146013 1.087385 0.6477215
v 0.172846 0.9551368 0.7220488
v 0.1973921 1.087384 0.7163661
v 0.123773 0.9551353 0.6595629
v 0.199081 1.193653 0.7108503
v 0.146216 1.193653 0.6419565
v 0.1934599 1.29992 0.7095553
v 0.1404527 1.29992 0.642161
v 0.1286111 1.432169 0.6644
v 0.1762671 1.432169 0.7279719
v 0.204073 0.9551368 0.7951054
v 0.2292532 1.087384 0.7959691
v 0.2323122 1.193653 0.791079
v 0.2272189 1.29992 0.7883732
v 0.2058449 1.432168 0.8017126
v 0.2153281 0.9551373 0.8737542
v 0.2394263 1.087384 0.8811056
v 0.2436468 1.193653 0.8771746
v 0.2394273 1.29992 0.8732428
v 0.2153291 1.432168 0.8805948
v 0.2058434 0.9551367 0.952636
v 0.227219 1.087384 0.9659753
v 0.2323122 1.193653 0.9632698
v 0.2292541 1.29992 0.9583806
v 0.204074 1.432168 0.9592439
v 0.1762664 0.9551368 1.026376
v 0.1934601 1.087384 1.044794
v 0.1990812 1.193653 1.043499
v 0.197392 1.299921 1.037983
v 0.1728473 1.432168 1.0323
v 0.1286105 0.9551361 1.089949
v 0.1404528 1.087385 1.112188
v 0.1462164 1.193653 1.112392
v 0.1460132 1.29992 1.106628
v 0.1237743 1.43217 1.094786
v 0.06612526 0.9551353 1.13902
v 0.07180881 1.087386 1.163567
v 0.07732391 1.193653 1.165256
v 0.07861876 1.299921 1.159635
v 0.06020276 1.432169 1.142441
v -0.0069312 0.955133 1.170247
v -0.007794267 1.087386 1.195429
v -0.002904598 1.193653 1.198487
v -0.0001986677 1.29992 1.193394
v -0.01353689 1.432168 1.172019
v -0.0855803 0.9551367 1.181503
v -0.09293184 1.087386 1.205602
v -0.08900013 1.193653 1.209822
v -0.08506843 1.29992 1.205602
v -0.09241996 1.432168 1.181504
v -0.1644634 0.955138 1.172019
v -0.09293184 1.087386 1.205602
v -0.0855803 0.9551367 1.181503
v -0.1778016 1.087386 1.193394
v -0.1750957 1.193653 1.198487
v -0.08900013 1.193653 1.209822
v -0.170206 1.29992 1.195429
v -0.08506843 1.29992 1.205602
v -0.09241996 1.432168 1.181504
v -0.1710698 1.432169 1.170249
v -0.238203 0.9551369 1.142441
v -0.2566191 1.087386 1.159635
v -0.2553242 1.193653 1.165256
v -0.2498091 1.299922 1.163567
v -0.2441267 1.432169 1.139021
v -0.3017744 0.9551367 1.094787
v -0.3240136 1.087386 1.106628
v -0.3242182 1.193653 1.112391
v -0.3184536 1.299922 1.112188
v -0.3066114 1.432169 1.089949
v -0.350847 0.9551369 1.032301
v -0.3753925 1.087386 1.037984
v -0.3770818 1.193654 1.043497
v -0.3714609 1.299922 1.044792
v -0.3542655 1.432172 1.026376
v -0.3820746 0.9551381 0.9592441
v -0.4072545 1.087386 0.9583805
v -0.4103126 1.193654 0.9632693
v -0.4052185 1.299922 0.9659749
v -0.3838437 1.432172 0.9526363
v -0.3933297 0.9551384 0.8805948
v -0.4174278 1.087386 0.8732428
v -0.4216473 1.193654 0.8771746
v -0.4174268 1.299922 0.8811052
v -0.3933285 1.432169 0.8737528
v -0.383845 0.955138 0.8017128
v -0.4052195 1.087386 0.7883735
v -0.4103127 1.193654 0.7910793
v -0.4072537 1.299922 0.7959692
v -0.3820733 1.432169 0.795104
v -0.3542681 0.9551382 0.7279728
v -0.3714607 1.087386 0.7095557
v -0.3770816 1.193654 0.7108505
v -0.3753926 1.299922 0.7163661
v -0.3508455 1.432169 0.7220473
v -0.3066121 0.9551374 0.6643996
v -0.3184533 1.087386 0.6421611
v -0.3242166 1.193653 0.6419564
v -0.3240122 1.299922 0.64772
v -0.3017733 1.432169 0.6595625
v -0.2441268 0.9551364 0.6153291
v -0.2498093 1.087386 0.5907825
v -0.2553231 1.193653 0.5890932
v -0.2566179 1.299922 0.5947142
v -0.238201 1.43217 0.6119077
v -0.1710712 0.9551374 0.5841009
v -0.1702063 1.087386 0.5589202
v -0.1750949 1.193653 0.5558621
v -0.1778005 1.29992 0.5609556
v -0.1644607 1.432169 0.5823299
v -0.0924219 0.9551383 0.5728454
v -0.08506867 1.087386 0.5487471
v -0.08899935 1.193653 0.5445276
v -0.09293055 1.29992 0.5487471
v -0.08557697 1.432168 0.5728455
v -0.01353894 0.9551336 0.5823319
v -0.000198715 1.087386 0.5609555
v -0.002904351 1.193653 0.5558623
v -0.007792706 1.299921 0.5589216
v -0.006928549 1.432168 0.5841014
v 0.06020102 0.955134 0.6119094
v 0.07861838 1.087386 0.5947142
v 0.0773237 1.193653 0.5890944
v 0.07180956 1.29992 0.5907836
v 0.06612764 1.432168 0.6153282
v -0.1666566 1.01544 0.9924107
v -0.01134495 1.01544 0.7636138
v -0.2084727 1.032542 0.7978193
v 0.03047124 1.032542 0.9582048
v 0.03650702 1.089636 0.8967702
v 0.03047124 1.032542 0.9582048
v 0.01511315 1.096909 0.9786194
v 0.03617251 1.088714 0.8750142
v 0.03941607 1.100485 0.8549755
v -0.01134495 1.01544 0.7636138
v 0.01160684 1.09691 0.7738985
v -0.07024271 1.089638 0.7525039
v -0.09199867 1.088715 0.7528395
v -0.1120373 1.100486 0.7495951
v -0.2084727 1.032542 0.7978193
v -0.1931141 1.09691 0.7774053
v -0.2145077 1.089637 0.8592552
v -0.2141732 1.088714 0.8810112
v -0.2174166 1.100486 0.9010497
v -0.1666566 1.01544 0.9924107
v -0.1896081 1.09691 0.982125
v -0.1077572 1.089637 1.00352
v -0.08600236 1.088714 1.003185
v -0.06596316 1.100486 1.006429
v -0.08900025 1.366636 0.8780127
v -0.04239956 1.364291 0.9265216
v -0.06451142 1.364291 0.9406623
v -0.09035054 1.364291 0.9452648
v -0.1159837 1.364291 0.9396298
v -0.1375096 1.364292 0.9246135
v -0.1516511 1.364292 0.9025018
v -0.1562535 1.364292 0.8766621
v -0.1506175 1.364292 0.8510283
v -0.1355996 1.364292 0.8295017
v -0.1134884 1.364291 0.8153617
v -0.08764996 1.364291 0.8107595
v -0.06201638 1.364291 0.8163952
v -0.04049001 1.364291 0.8314121
v -0.02634944 1.364291 0.8535238
v -0.02174717 1.364291 0.8793635
v -0.02738386 1.364291 0.9049968
v 0.02916048 1.310994 0.9892234
v 0.06272402 1.310994 0.9355404
v 0.07319064 1.310995 0.8730987
v 0.05896388 1.310994 0.8114046
v 0.02221175 1.310994 0.7598522
v -0.0314731 1.310994 0.7262872
v -0.09391477 1.310994 0.7158217
v -0.1556077 1.310994 0.730048
v -0.02239258 1.310994 1.025976
v -0.08408573 1.310995 1.040203
v -0.1465272 1.310994 1.029737
v -0.2002104 1.310994 0.9961742
v -0.236964 1.310994 0.9446206
v -0.2511907 1.310994 0.882926
v -0.2407253 1.310994 0.8204845
v -0.2071614 1.310994 0.7668009
v 0.04892895 1.182514 0.9396626
v 0.001487172 1.182514 0.9744013
v 0.01483641 1.182514 0.987753
v 0.03148499 1.182514 0.9324375
v 0.05853036 1.138525 0.9305208
v 0.04314125 1.182514 0.8821868
v 0.06597222 1.132253 0.8749964
v 0.05212348 1.182514 0.8240747
v 0.06202222 1.182514 0.8821872
v 0.03467976 1.182514 0.8313003
v 0.02916048 1.310994 0.9892234
v 0.04892895 1.182514 0.9396626
v 0.06272402 1.310994 0.9355404
v 0.07319064 1.310995 0.8730987
v 0.05896388 1.310994 0.8114046
v 0.06202222 1.182514 0.8821872
v 0.06202222 1.182514 0.8821872
v 0.03148499 1.182514 0.9324375
v 0.04892895 1.182514 0.9396626
v 0.04314125 1.182514 0.8821868
v 0.01677279 1.142766 0.994719
v 0.05853036 1.138525 0.9305208
v 0.001487172 1.182514 0.9744013
v 0.01483641 1.182514 0.987753
v -0.04228887 1.182514 1.001693
v -0.03506292 1.182514 1.019136
v 0.06272402 1.310994 0.9355404
v 0.07319064 1.310995 0.8730987
v 0.04892895 1.182514 0.9396626
v -0.02239258 1.310994 1.025976
v 0.02916048 1.310994 0.9892234
v -0.03506292 1.182514 1.019136
v 0.0207397 1.182514 0.7741755
v 0.03467976 1.182514 0.8313003
v 0.05212348 1.182514 0.8240747
v 0.007389813 1.182514 0.7875258
v 0.05896388 1.310994 0.8114046
v 0.02221175 1.310994 0.7598522
v 0.05212348 1.182514 0.8240747
v -0.02735012 1.182514 0.7400835
v 0.007389813 1.182514 0.7875258
v 0.0207397 1.182514 0.7741755
v -0.0345761 1.182514 0.7575268
v 0.02221175 1.310994 0.7598522
v -0.0314731 1.310994 0.7262872
v 0.0207397 1.182514 0.7741755
v -0.08482631 1.182515 0.72699
v -0.0345761 1.182514 0.7575268
v -0.02735012 1.182514 0.7400835
v -0.08482619 1.182515 0.745871
v -0.0314731 1.310994 0.7262872
v -0.09391477 1.310994 0.7158217
v -0.02735012 1.182514 0.7400835
v -0.142938 1.182515 0.7368888
v -0.08482619 1.182515 0.745871
v -0.08482631 1.182515 0.72699
v -0.1357129 1.182515 0.7543327
v -0.09391477 1.310994 0.7158217
v -0.1556077 1.310994 0.730048
v -0.08482631 1.182515 0.72699
v -0.1928376 1.182515 0.768273
v -0.1357129 1.182515 0.7543327
v -0.142938 1.182515 0.7368888
v -0.1794859 1.182515 0.7816225
v -0.1556077 1.310994 0.730048
v -0.2071614 1.310994 0.7668009
v -0.142938 1.182515 0.7368888
v -0.2269287 1.182515 0.8163631
v -0.1794859 1.182515 0.7816225
v -0.1928376 1.182515 0.768273
v -0.2094856 1.182515 0.823588
v -0.2071614 1.310994 0.7668009
v -0.2407253 1.310994 0.8204845
v -0.1928376 1.182515 0.768273
v -0.2400218 1.182515 0.8738387
v -0.2094856 1.182515 0.823588
v -0.2269287 1.182515 0.8163631
v -0.2211417 1.182515 0.8738388
v -0.2407253 1.310994 0.8204845
v -0.2511907 1.310994 0.882926
v -0.2269287 1.182515 0.8163631
v -0.2301232 1.182515 0.9319497
v -0.2211417 1.182515 0.8738388
v -0.2400218 1.182515 0.8738387
v -0.2126799 1.182515 0.9247249
v -0.2511907 1.310994 0.882926
v -0.236964 1.310994 0.9446206
v -0.2400218 1.182515 0.8738387
v -0.1987401 1.182515 0.9818497
v -0.2126799 1.182515 0.9247249
v -0.2301232 1.182515 0.9319497
v -0.1853897 1.182515 0.968498
v -0.236964 1.310994 0.9446206
v -0.2002104 1.310994 0.9961742
v -0.2301232 1.182515 0.9319497
v -0.1506498 1.182515 1.015941
v -0.1853897 1.182515 0.968498
v -0.1987401 1.182515 0.9818497
v -0.1434252 1.182515 0.998498
v -0.2002104 1.310994 0.9961742
v -0.1465272 1.310994 1.029737
v -0.1987401 1.182515 0.9818497
v -0.09317419 1.182515 1.029034
v -0.1434252 1.182515 0.998498
v -0.1506498 1.182515 1.015941
v -0.09317354 1.182515 1.010153
v -0.1465272 1.310994 1.029737
v -0.08408573 1.310995 1.040203
v -0.1506498 1.182515 1.015941
v -0.03506292 1.182514 1.019136
v -0.09317354 1.182515 1.010153
v -0.09317419 1.182515 1.029034
v -0.04228887 1.182514 1.001693
v -0.08408573 1.310995 1.040203
v -0.02239258 1.310994 1.025976
v -0.09317419 1.182515 1.029034
v 0.0233007 1.16191 0.6826667
v 0.01981082 1.186402 0.764537
v 0.06981476 1.16191 0.7183595
v -0.01918326 1.208086 0.7562492
v -0.04585873 1.186402 0.7266235
v -0.03086831 1.16191 0.6602295
v -0.08629363 1.186403 0.7205891
v -0.08899932 1.16191 0.6525756
v -0.1269132 1.186403 0.7252235
v -0.1471293 1.16191 0.6602286
v -0.1649499 1.186402 0.7402135
v -0.2012983 1.16191 0.6826656
v -0.1978098 1.186404 0.7645377
v -0.2478153 1.161911 0.7183586
v -0.2232558 1.186403 0.7965375
v -0.2835083 1.161911 0.7648748
v -0.2395514 1.186403 0.834033
v -0.3059453 1.161911 0.8190436
v -0.2455862 1.186404 0.8744676
v -0.3135983 1.161911 0.8771737
v -0.2409519 1.186403 0.9150888
v -0.3059463 1.161911 0.9353046
v -0.2259601 1.186404 0.9531243
v -0.2835082 1.161911 0.9894738
v -0.2016369 1.186404 0.9859838
v -0.2478152 1.161911 1.03599
v -0.1696361 1.186403 1.011429
v -0.2012992 1.16191 1.071683
v -0.1321409 1.186403 1.027725
v -0.1471302 1.16191 1.094121
v -0.09170589 1.186403 1.03376
v -0.08900017 1.16191 1.101774
v -0.05108672 1.186403 1.029126
v -0.03087012 1.16191 1.094121
v -0.01305021 1.186403 1.014135
v 0.02329887 1.16191 1.071683
v 0.01981084 1.186402 0.989812
v 0.06981487 1.16191 1.03599
v 0.04525569 1.186402 0.9578111
v 0.1055078 1.16191 0.9894735
v 0.0615504 1.186403 0.9203154
v 0.1279458 1.16191 0.9353044
v 0.0675872 1.186402 0.8798802
v 0.1355988 1.16191 0.8771744
v 0.06295072 1.186403 0.8392615
v 0.1279458 1.16191 0.8190434
v 0.06613085 1.170853 0.7876092
v 0.1055078 1.16191 0.7648757
v 0.02794562 1.312064 0.8096564
v 0.02053752 1.337171 0.7716691
v 0.1047817 1.364959 0.7652946
v 0.05714106 1.337172 0.835065
v 0.1271357 1.364959 0.8192616
v 0.0630597 1.337171 0.874323
v 0.1347598 1.364959 0.8771745
v 0.05861684 1.337172 0.9137764
v 0.1271358 1.364959 0.9350877
v 0.04411278 1.337171 0.9507347
v 0.1047818 1.364959 0.9890548
v 0.02053938 1.337172 0.9826806
v 0.06922186 1.364959 1.035397
v -0.01050128 1.337173 1.007438
v 0.02287985 1.36496 1.070957
v -0.04689008 1.337173 1.023316
v -0.03108715 1.36496 1.09331
v -0.0861491 1.337173 1.029236
v -0.08900017 1.36496 1.100935
v -0.1256018 1.337173 1.024792
v -0.1469132 1.36496 1.09331
v -0.1625608 1.337173 1.010289
v -0.2008802 1.36496 1.070957
v -0.1945076 1.337173 0.9867138
v -0.2472222 1.36496 1.035397
v -0.2192624 1.337173 0.9556738
v -0.2827822 1.36496 0.989055
v -0.23514 1.337172 0.9192846
v -0.3051353 1.36496 0.9350876
v -0.2410606 1.337173 0.8800248
v -0.3127603 1.36496 0.8771737
v -0.2366157 1.337172 0.8405727
v -0.3051353 1.36496 0.8192606
v -0.2221126 1.337172 0.8036135
v -0.2827813 1.36496 0.7652935
v -0.1985391 1.337173 0.7716676
v -0.2472213 1.36496 0.7189516
v -0.1674984 1.337172 0.7469129
v -0.2008793 1.36496 0.6833928
v -0.1311094 1.337173 0.7310329
v -0.1469123 1.36496 0.6610387
v -0.09185081 1.337173 0.7251143
v -0.08899932 1.36496 0.6534147
v -0.05239825 1.337172 0.7295588
v -0.03108533 1.36496 0.6610397
v -0.0008716526 1.355192 0.7245343
v 0.02288073 1.36496 0.6833936
v 0.06922175 1.364959 0.7189524
v 0.0102528 0.9483123 0.7825325
v -0.02570961 1.101498 0.7596846
v 0.002542343 1.101498 0.7800692
v -0.01762478 0.9483112 0.7600679
v 0.007584896 1.193653 0.7805889
v -0.02070372 1.193653 0.7588817
v 0.008105188 1.285808 0.785632
v -0.01889585 1.285808 0.763619
v -0.02326863 1.438998 0.7568062
v 0.005644049 1.438998 0.7779194
v -0.05666304 1.438998 0.7438951
v -0.05067474 1.285808 0.7493433
v -0.0536475 1.193653 0.7452356
v -0.0582749 1.101499 0.7473072
v -0.05036525 0.9483085 0.745583
v -0.09225951 1.438998 0.7400669
v -0.08506592 1.285808 0.7437807
v -0.08899929 1.193653 0.7405815
v -0.09293403 1.101499 0.7437795
v -0.08574034 0.9483085 0.7400671
v -0.1276344 1.438995 0.7455838
v -0.1197253 1.285809 0.7473072
v -0.1243526 1.193653 0.7452359
v -0.1273248 1.101499 0.7493433
v -0.121337 0.9483086 0.7438952
v -0.160376 1.438994 0.7600681
v -0.1522905 1.285809 0.7596849
v -0.1572964 1.193653 0.758882
v -0.1591043 1.101498 0.7636184
v -0.154731 0.9483089 0.7568058
v -0.1882531 1.438994 0.7825319
v -0.1805419 1.285808 0.780068
v -0.1855861 1.193653 0.7805887
v -0.1861059 1.101498 0.7856321
v -0.183644 0.9483097 0.7779198
v -0.209366 1.438994 0.8114451
v -0.2025555 1.285808 0.8070707
v -0.207293 1.193654 0.8088778
v -0.2064903 1.101498 0.813884
v -0.2061073 0.9483132 0.8057985
v -0.2222773 1.438994 0.844839
v -0.2168305 1.285808 0.8388503
v -0.220939 1.193654 0.8418216
v -0.2188676 1.101499 0.8464493
v -0.2205902 0.9483133 0.8385397
v -0.2261051 1.438994 0.8804346
v -0.2223942 1.285808 0.8732404
v -0.2255933 1.193654 0.8771745
v -0.2223952 1.101499 0.8811082
v -0.2261053 0.9483132 0.8739136
v -0.220589 1.438994 0.9158093
v -0.2188676 1.285808 0.9078996
v -0.2209389 1.193654 0.9125267
v -0.2168314 1.101498 0.9154996
v -0.2222784 0.948313 0.9095107
v -0.2061057 1.438994 0.9485506
v -0.2064899 1.285809 0.9404647
v -0.2072931 1.193654 0.9454705
v -0.2025567 1.101499 0.9472784
v -0.2093683 0.9483115 0.9429033
v -0.1836421 1.438994 0.976429
v -0.1861055 1.285809 0.9687173
v -0.1855853 1.193653 0.9737605
v -0.1805427 1.101498 0.9742802
v -0.188256 0.9483085 0.9718186
v -0.1547288 1.438994 0.9975413
v -0.1591042 1.285808 0.9907311
v -0.1572967 1.193653 0.9954679
v -0.1522908 1.101499 0.9946648
v -0.1603778 0.9483087 0.9942827
v -0.1213353 1.438994 1.010452
v -0.1273248 1.285808 1.005006
v -0.1243533 1.193653 1.009113
v -0.1197256 1.101499 1.007042
v -0.1276363 0.9483083 1.008766
v -0.08573876 1.438997 1.014282
v -0.09293399 1.285808 1.01057
v -0.0890002 1.193653 1.013768
v -0.08506656 1.101499 1.010569
v -0.0922612 0.9483084 1.014282
v -0.05036414 1.438998 1.008766
v -0.05827484 1.285808 1.007042
v -0.05364806 1.193653 1.009113
v -0.05067653 1.101499 1.005006
v -0.05666501 0.9483099 1.010454
v -0.01762255 1.438998 0.9942827
v -0.02570947 1.285808 0.9946646
v -0.02070441 1.193653 0.9954676
v -0.018896 1.101498 0.9907307
v -0.02327188 0.9483126 0.9975412
v 0.01025555 1.438998 0.9718185
v 0.002542412 1.285808 0.9742803
v 0.007585204 1.193653 0.9737602
v 0.008105312 1.101498 0.9687173
v 0.00564114 0.9483123 0.9764282
v 0.03136978 1.438998 0.9429044
v 0.02455607 1.285808 0.9472787
v 0.02929261 1.193653 0.9454704
v 0.02848985 1.101498 0.9404652
v 0.02810547 0.9483125 0.9485511
v 0.04427983 1.438998 0.909511
v 0.03883095 1.285808 0.9154994
v 0.04293849 1.193653 0.9125269
v 0.04086705 1.101498 0.9079006
v 0.04258843 0.9483128 0.9158095
v 0.04810721 1.438998 0.8739136
v 0.04439474 1.285808 0.8811079
v 0.04759277 1.193653 0.8771746
v 0.04439372 1.101498 0.8732408
v 0.04810453 0.9483126 0.8804352
v 0.0425921 1.438998 0.8385381
v 0.04086721 1.285808 0.8464493
v 0.04293852 1.193653 0.8418216
v 0.03883087 1.101498 0.8388495
v 0.04427647 0.9483127 0.8448395
v 0.02810887 1.438998 0.8057971
v 0.02848975 1.285808 0.8138839
v 0.02929268 1.193653 0.8088789
v 0.02455608 1.101498 0.8070707
v 0.03136657 0.9483123 0.8114463
v 0.1178906 1.479241 0.7568257
v 0.005644049 1.438998 0.7779194
v 0.07969338 1.479241 0.7073789
v 0.02810887 1.438998 0.8057971
v 0.1286111 1.432169 0.6644
v 0.1762671 1.432169 0.7279719
v 0.07969338 1.479241 0.7073789
v 0.1419906 1.479241 0.8144729
v 0.02810887 1.438998 0.8057971
v 0.1178906 1.479241 0.7568257
v 0.0425921 1.438998 0.8385381
v 0.1762671 1.432169 0.7279719
v 0.2058449 1.432168 0.8017126
v 0.1178906 1.479241 0.7568257
v 0.150349 1.479241 0.8763944
v 0.0425921 1.438998 0.8385381
v 0.1419906 1.479241 0.8144729
v 0.04810721 1.438998 0.8739136
v 0.2058449 1.432168 0.8017126
v 0.2153291 1.432168 0.8805948
v 0.1419906 1.479241 0.8144729
v 0.1423946 1.479241 0.9383683
v 0.04810721 1.438998 0.8739136
v 0.150349 1.479241 0.8763944
v 0.04427983 1.438998 0.909511
v 0.2153291 1.432168 0.8805948
v 0.204074 1.432168 0.9592439
v 0.150349 1.479241 0.8763944
v 0.118672 1.479241 0.9961733
v 0.04427983 1.438998 0.909511
v 0.1423946 1.479241 0.9383683
v 0.03136978 1.438998 0.9429044
v 0.204074 1.432168 0.9592439
v 0.1728473 1.432168 1.0323
v 0.1423946 1.479241 0.9383683
v 0.08079643 1.479241 1.045867
v 0.03136978 1.438998 0.9429044
v 0.118672 1.479241 0.9961733
v 0.01025555 1.438998 0.9718185
v 0.1728473 1.432168 1.0323
v 0.1237743 1.43217 1.094786
v 0.118672 1.479241 0.9961733
v 0.0313486 1.479241 1.084064
v 0.01025555 1.438998 0.9718185
v 0.08079643 1.479241 1.045867
v -0.01762255 1.438998 0.9942827
v 0.1237743 1.43217 1.094786
v 0.06020276 1.432169 1.142441
v 0.08079643 1.479241 1.045867
v -0.02629832 1.479241 1.108165
v -0.01762255 1.438998 0.9942827
v 0.0313486 1.479241 1.084064
v -0.05036414 1.438998 1.008766
v 0.06020276 1.432169 1.142441
v -0.01353689 1.432168 1.172019
v 0.0313486 1.479241 1.084064
v -0.08821967 1.479241 1.116524
v -0.05036414 1.438998 1.008766
v -0.02629832 1.479241 1.108165
v -0.08573876 1.438997 1.014282
v -0.01353689 1.432168 1.172019
v -0.09241996 1.432168 1.181504
v -0.02629832 1.479241 1.108165
v -0.1501928 1.479242 1.108567
v -0.08573876 1.438997 1.014282
v -0.08821967 1.479241 1.116524
v -0.1213353 1.438994 1.010452
v -0.09241996 1.432168 1.181504
v -0.1710698 1.432169 1.170249
v -0.08821967 1.479241 1.116524
v -0.2079974 1.479243 1.084843
v -0.1213353 1.438994 1.010452
v -0.1501928 1.479242 1.108567
v -0.1547288 1.438994 0.9975413
v -0.1710698 1.432169 1.170249
v -0.2441267 1.432169 1.139021
v -0.1501928 1.479242 1.108567
v -0.2576911 1.479243 1.046968
v -0.1547288 1.438994 0.9975413
v -0.2079974 1.479243 1.084843
v -0.1836421 1.438994 0.976429
v -0.2441267 1.432169 1.139021
v -0.3066114 1.432169 1.089949
v -0.2079974 1.479243 1.084843
v -0.2958871 1.479243 0.997521
v -0.1836421 1.438994 0.976429
v -0.2576911 1.479243 1.046968
v -0.2061057 1.438994 0.9485506
v -0.3066114 1.432169 1.089949
v -0.3542655 1.432172 1.026376
v -0.2576911 1.479243 1.046968
v -0.3199827 1.479244 0.9398732
v -0.2061057 1.438994 0.9485506
v -0.2958871 1.479243 0.997521
v -0.220589 1.438994 0.9158093
v -0.3542655 1.432172 1.026376
v -0.3838437 1.432172 0.9526363
v -0.2958871 1.479243 0.997521
v -0.3283421 1.479243 0.8779531
v -0.220589 1.438994 0.9158093
v -0.3199827 1.479244 0.9398732
v -0.2261051 1.438994 0.8804346
v -0.3838437 1.432172 0.9526363
v -0.3933285 1.432169 0.8737528
v -0.3199827 1.479244 0.9398732
v -0.3203897 1.479243 0.8159809
v -0.2261051 1.438994 0.8804346
v -0.3283421 1.479243 0.8779531
v -0.2222773 1.438994 0.844839
v -0.3933285 1.432169 0.8737528
v -0.3820733 1.432169 0.795104
v -0.3283421 1.479243 0.8779531
v -0.2966668 1.479243 0.7581766
v -0.2222773 1.438994 0.844839
v -0.3203897 1.479243 0.8159809
v -0.209366 1.438994 0.8114451
v -0.3820733 1.432169 0.795104
v -0.3508455 1.432169 0.7220473
v -0.3203897 1.479243 0.8159809
v -0.2587929 1.479243 0.7084827
v -0.209366 1.438994 0.8114451
v -0.2966668 1.479243 0.7581766
v -0.1882531 1.438994 0.7825319
v -0.3508455 1.432169 0.7220473
v -0.3017733 1.432169 0.6595625
v -0.2966668 1.479243 0.7581766
v -0.2093453 1.479243 0.670287
v -0.1882531 1.438994 0.7825319
v -0.2587929 1.479243 0.7084827
v -0.160376 1.438994 0.7600681
v -0.3017733 1.432169 0.6595625
v -0.238201 1.43217 0.6119077
v -0.2587929 1.479243 0.7084827
v -0.151698 1.479243 0.6461883
v -0.160376 1.438994 0.7600681
v -0.2093453 1.479243 0.670287
v -0.1276344 1.438995 0.7455838
v -0.238201 1.43217 0.6119077
v -0.1644607 1.432169 0.5823299
v -0.2093453 1.479243 0.670287
v -0.08977734 1.479241 0.6378266
v -0.1276344 1.438995 0.7455838
v -0.151698 1.479243 0.6461883
v -0.09225951 1.438998 0.7400669
v -0.1644607 1.432169 0.5823299
v -0.08557697 1.432168 0.5728455
v -0.151698 1.479243 0.6461883
v -0.02780422 1.479241 0.6457807
v -0.09225951 1.438998 0.7400669
v -0.08977734 1.479241 0.6378266
v -0.05666304 1.438998 0.7438951
v -0.08557697 1.432168 0.5728455
v -0.006928549 1.432168 0.5841014
v -0.08977734 1.479241 0.6378266
v 0.03000068 1.479241 0.6695029
v -0.05666304 1.438998 0.7438951
v -0.02780422 1.479241 0.6457807
v -0.02326863 1.438998 0.7568062
v -0.006928549 1.432168 0.5841014
v 0.06612764 1.432168 0.6153282
v -0.02780422 1.479241 0.6457807
v 0.07969338 1.479241 0.7073789
v -0.02326863 1.438998 0.7568062
v 0.03000068 1.479241 0.6695029
v 0.005644049 1.438998 0.7779194
v 0.06612764 1.432168 0.6153282
v 0.07969338 1.479241 0.7073789
v 0.1286111 1.432169 0.6644
v 0.03467976 1.182514 0.8313003
v 0.06597222 1.132253 0.8749964
v 0.04314125 1.182514 0.8821868
v 0.05527126 1.133208 0.8205091
v 0.007389813 1.182514 0.7875258
v 0.05527126 1.133208 0.8205091
v 0.03467976 1.182514 0.8313003
v 0.02770683 1.142766 0.7722391
v -0.0345761 1.182514 0.7575268
v 0.02770683 1.142766 0.7722391
v 0.007389813 1.182514 0.7875258
v -0.03365737 1.159314 0.7288437
v -0.08482619 1.182515 0.745871
v -0.03365737 1.159314 0.7288437
v -0.0345761 1.182514 0.7575268
v -0.09495484 1.159314 0.7190198
v -0.1357129 1.182515 0.7543327
v -0.09495484 1.159314 0.7190198
v -0.08482619 1.182515 0.745871
v -0.1465043 1.13321 0.7337407
v -0.1794859 1.182515 0.7816225
v -0.1465043 1.13321 0.7337407
v -0.1357129 1.182515 0.7543327
v -0.1947732 1.142767 0.761305
v -0.2094856 1.182515 0.823588
v -0.1947732 1.142767 0.761305
v -0.1794859 1.182515 0.7816225
v -0.2365312 1.138526 0.825505
v -0.2211417 1.182515 0.8738388
v -0.2365312 1.138526 0.825505
v -0.2094856 1.182515 0.823588
v -0.2439728 1.132255 0.8810292
v -0.2126799 1.182515 0.9247249
v -0.2439728 1.132255 0.8810292
v -0.2211417 1.182515 0.8738388
v -0.2332717 1.13321 0.9355159
v -0.1853897 1.182515 0.968498
v -0.2332717 1.13321 0.9355159
v -0.2126799 1.182515 0.9247249
v -0.2057086 1.142767 0.9837836
v -0.1434252 1.182515 0.998498
v -0.2057086 1.142767 0.9837836
v -0.1853897 1.182515 0.968498
v -0.1415073 1.138526 1.025544
v -0.09317354 1.182515 1.010153
v -0.1415073 1.138526 1.025544
v -0.1434252 1.182515 0.998498
v -0.08304679 1.159314 1.037004
v -0.04228887 1.182514 1.001693
v -0.08304679 1.159314 1.037004
v -0.09317354 1.182515 1.010153
v -0.0226552 1.159314 1.022624
v 0.001487172 1.182514 0.9744013
v -0.0226552 1.159314 1.022624
v -0.04228887 1.182514 1.001693
v 0.01677279 1.142766 0.994719
v 0.05853036 1.138525 0.9305208
v 0.01511315 1.096909 0.9786194
v 0.01677279 1.142766 0.994719
v 0.03650702 1.089636 0.8967702
v 0.06597222 1.132253 0.8749964
v 0.03617251 1.088714 0.8750142
v 0.05527126 1.133208 0.8205091
v 0.03941607 1.100485 0.8549755
v 0.02770683 1.142766 0.7722391
v 0.01160684 1.09691 0.7738985
v -0.04083199 1.118567 0.7368292
v -0.07024271 1.089638 0.7525039
v -0.08882321 1.10791 0.7349479
v -0.09199867 1.088715 0.7528395
v -0.1465043 1.13321 0.7337407
v -0.1120373 1.100486 0.7495951
v -0.1947732 1.142767 0.761305
v -0.1931141 1.09691 0.7774053
v -0.2365312 1.138526 0.825505
v -0.2145077 1.089637 0.8592552
v -0.2439728 1.132255 0.8810292
v -0.2141732 1.088714 0.8810112
v -0.2332717 1.13321 0.9355159
v -0.2174166 1.100486 0.9010497
v -0.2057086 1.142767 0.9837836
v -0.1896081 1.09691 0.982125
v -0.1415073 1.138526 1.025544
v -0.1077572 1.089637 1.00352
v -0.08917722 1.10791 1.021076
v -0.08600236 1.088714 1.003185
v -0.04331136 1.109446 1.014351
v -0.06596316 1.100486 1.006429
v 0.03136657 0.9483123 0.8114463
v 0.08079237 0.9080633 0.7084849
v 0.0102528 0.9483123 0.7825325
v 0.1186673 0.9080634 0.7581776
v 0.172846 0.9551368 0.7220488
v 0.1186673 0.9080634 0.7581776
v 0.123773 0.9551353 0.6595629
v 0.1186673 0.9080634 0.7581776
v 0.04427647 0.9483127 0.8448395
v 0.1423892 0.9080634 0.8159817
v 0.03136657 0.9483123 0.8114463
v 0.204073 0.9551368 0.7951054
v 0.1186673 0.9080634 0.7581776
v 0.172846 0.9551368 0.7220488
v 0.1423892 0.9080634 0.8159817
v 0.04810453 0.9483126 0.8804352
v 0.1503431 0.9080634 0.8779545
v 0.04427647 0.9483127 0.8448395
v 0.2153281 0.9551373 0.8737542
v 0.1423892 0.9080634 0.8159817
v 0.204073 0.9551368 0.7951054
v 0.1503431 0.9080634 0.8779545
v 0.04258843 0.9483128 0.9158095
v 0.1419856 0.9080633 0.9398739
v 0.04810453 0.9483126 0.8804352
v 0.2058434 0.9551367 0.952636
v 0.1503431 0.9080634 0.8779545
v 0.2153281 0.9551373 0.8737542
v 0.1419856 0.9080633 0.9398739
v 0.02810547 0.9483125 0.9485511
v 0.1178876 0.9080634 0.9975221
v 0.04258843 0.9483128 0.9158095
v 0.1762664 0.9551368 1.026376
v 0.1419856 0.9080633 0.9398739
v 0.2058434 0.9551367 0.952636
v 0.1178876 0.9080634 0.9975221
v 0.00564114 0.9483123 0.9764282
v 0.07968874 0.908063 1.046966
v 0.02810547 0.9483125 0.9485511
v 0.1286105 0.9551361 1.089949
v 0.1178876 0.9080634 0.9975221
v 0.1762664 0.9551368 1.026376
v 0.07968874 0.908063 1.046966
v -0.02327188 0.9483126 0.9975412
v 0.02999433 0.9080629 1.08484
v 0.00564114 0.9483123 0.9764282
v 0.06612526 0.9551353 1.13902
v 0.07968874 0.908063 1.046966
v 0.1286105 0.9551361 1.089949
v 0.02999433 0.9080629 1.08484
v -0.05666501 0.9483099 1.010454
v -0.02780769 0.9080646 1.108567
v -0.02327188 0.9483126 0.9975412
v -0.0069312 0.955133 1.170247
v 0.02999433 0.9080629 1.08484
v 0.06612526 0.9551353 1.13902
v -0.02780769 0.9080646 1.108567
v -0.0922612 0.9483084 1.014282
v -0.08978015 0.9080654 1.116524
v -0.05666501 0.9483099 1.010454
v -0.0855803 0.9551367 1.181503
v -0.02780769 0.9080646 1.108567
v -0.0069312 0.955133 1.170247
v -0.08978015 0.9080654 1.116524
v -0.1276363 0.9483083 1.008766
v -0.151702 0.9080651 1.108165
v -0.0922612 0.9483084 1.014282
v -0.1644634 0.955138 1.172019
v -0.08978015 0.9080654 1.116524
v -0.0855803 0.9551367 1.181503
v -0.151702 0.9080651 1.108165
v -0.1603778 0.9483087 0.9942827
v -0.2093489 0.9080648 1.084064
v -0.1276363 0.9483083 1.008766
v -0.238203 0.9551369 1.142441
v -0.151702 0.9080651 1.108165
v -0.1644634 0.955138 1.172019
v -0.2093489 0.9080648 1.084064
v -0.188256 0.9483085 0.9718186
v -0.2587953 0.9080647 1.045866
v -0.1603778 0.9483087 0.9942827
v -0.3017744 0.9551367 1.094787
v -0.2093489 0.9080648 1.084064
v -0.238203 0.9551369 1.142441
v -0.2587953 0.9080647 1.045866
v -0.2093683 0.9483115 0.9429033
v -0.2966687 0.9080644 0.9961715
v -0.188256 0.9483085 0.9718186
v -0.350847 0.9551369 1.032301
v -0.2587953 0.9080647 1.045866
v -0.3017744 0.9551367 1.094787
v -0.2966687 0.9080644 0.9961715
v -0.2222784 0.948313 0.9095107
v -0.3203918 0.9080645 0.938369
v -0.2093683 0.9483115 0.9429033
v -0.3820746 0.9551381 0.9592441
v -0.2966687 0.9080644 0.9961715
v -0.350847 0.9551369 1.032301
v -0.3203918 0.9080645 0.938369
v -0.2261053 0.9483132 0.8739136
v -0.3283453 0.9080645 0.8763947
v -0.2222784 0.948313 0.9095107
v -0.3933297 0.9551384 0.8805948
v -0.3203918 0.9080645 0.938369
v -0.3820746 0.9551381 0.9592441
v -0.3283453 0.9080645 0.8763947
v -0.2205902 0.9483133 0.8385397
v -0.3199871 0.9080643 0.8144752
v -0.2261053 0.9483132 0.8739136
v -0.383845 0.955138 0.8017128
v -0.3283453 0.9080645 0.8763947
v -0.3933297 0.9551384 0.8805948
v -0.3199871 0.9080643 0.8144752
v -0.2061073 0.9483132 0.8057985
v -0.2958903 0.9080647 0.7568268
v -0.2205902 0.9483133 0.8385397
v -0.3542681 0.9551382 0.7279728
v -0.3199871 0.9080643 0.8144752
v -0.383845 0.955138 0.8017128
v -0.2958903 0.9080647 0.7568268
v -0.183644 0.9483097 0.7779198
v -0.257693 0.9080648 0.7073798
v -0.2061073 0.9483132 0.8057985
v -0.3066121 0.9551374 0.6643996
v -0.2958903 0.9080647 0.7568268
v -0.3542681 0.9551382 0.7279728
v -0.257693 0.9080648 0.7073798
v -0.154731 0.9483089 0.7568058
v -0.2079984 0.908065 0.6695048
v -0.183644 0.9483097 0.7779198
v -0.2441268 0.9551364 0.6153291
v -0.257693 0.9080648 0.7073798
v -0.3066121 0.9551374 0.6643996
v -0.2079984 0.908065 0.6695048
v -0.121337 0.9483086 0.7438952
v -0.1501954 0.9080653 0.6457791
v -0.154731 0.9483089 0.7568058
v -0.1710712 0.9551374 0.5841009
v -0.2079984 0.908065 0.6695048
v -0.2441268 0.9551364 0.6153291
v -0.1501954 0.9080653 0.6457791
v -0.08574034 0.9483085 0.7400671
v -0.08822181 0.908065 0.637827
v -0.121337 0.9483086 0.7438952
v -0.0924219 0.9551383 0.5728454
v -0.1501954 0.9080653 0.6457791
v -0.1710712 0.9551374 0.5841009
v -0.08822181 0.908065 0.637827
v -0.05036525 0.9483085 0.745583
v -0.02630147 0.9080641 0.6461884
v -0.08574034 0.9483085 0.7400671
v -0.01353894 0.9551336 0.5823319
v -0.08822181 0.908065 0.637827
v -0.0924219 0.9551383 0.5728454
v -0.02630147 0.9080641 0.6461884
v -0.01762478 0.9483112 0.7600679
v 0.03134482 0.908063 0.6702881
v -0.05036525 0.9483085 0.745583
v 0.06020102 0.955134 0.6119094
v -0.02630147 0.9080641 0.6461884
v -0.01353894 0.9551336 0.5823319
v 0.0102528 0.9483123 0.7825325
v 0.03134482 0.908063 0.6702881
v -0.01762478 0.9483112 0.7600679
v 0.08079237 0.9080633 0.7084849
v 0.03134482 0.908063 0.6702881
v 0.123773 0.9551353 0.6595629
v 0.06020102 0.955134 0.6119094
v -0.1865867 1.204027 0.7975233
v -0.2444049 1.203825 0.657853
v -0.2444049 1.203825 0.657853
v -0.1604981 1.204183 0.7851813
v 0.01678816 1.250101 0.7928421
v 0.01993893 1.218727 0.8324926
v 0.09891202 1.203492 1.064065
v 0.05200889 1.236604 0.932734
v 0.1397186 1.255123 1.007662
v -0.3094113 1.190837 0.9539534
v -0.0116823 1.198079 0.6275787
v -0.0425736 1.195884 0.7626525
v 0.03190366 1.217097 0.6280646
v -0.07653511 1.21022 0.7513528
v -0.0425736 1.195884 0.7626525
v -0.09503606 1.243701 0.6238438
v -0.0116823 1.198079 0.6275787
v -0.1099408 1.250104 0.7438601
v -0.07653511 1.21022 0.7513528

vn 0.5617176 -0.5583357 -0.61052
vn -0.2898335 -0.9262904 0.2407962
vn -0.6133921 -0.7887402 0.04048647
vn 0.3206933 -0.5518184 -0.7698392
vn -0.2898335 -0.9262904 0.2407962
vn 0.3150386 -0.5564894 -0.768811
vn 0.108573 -0.726871 0.6781377
vn -0.5144859 0.4579113 0.7249978
vn -0.2263065 0.592647 0.7730169
vn 0.3150386 -0.5564894 -0.768811
vn 0.7344749 -0.6554974 -0.1756987
vn 0.5031658 -0.0735414 -0.8610551
vn -7.675963E-09 -0.2588085 0.9659288
vn -0.2361508 0.2596673 0.9363792
vn -0.711292 0.3881421 0.5860116
vn -0.535632 -0.2143791 0.8167865
vn -7.675963E-09 -0.2588085 0.9659288
vn 0.686856 -0.2649055 0.6767969
vn 0.39189 0.6653411 -0.6354082
vn 0.3206933 -0.5518184 -0.7698392
vn -0.2586662 0.8743535 -0.4106068
vn -0.2642005 0.8449014 0.4651238
vn 0.05096871 0.9901928 0.1300789
vn 0.03394771 0.9083707 0.4167858
vn -0.628042 0.7703948 -0.1097959
vn -0.2127453 0.8505121 -0.481008
vn -0.2642005 0.8449014 0.4651238
vn 0.06393334 0.9639229 0.2583896
vn -0.3984734 -0.7125516 -0.5774853
vn -0.628042 0.7703948 -0.1097959
vn -0.1388936 -0.3346637 -0.9320456
vn -0.1397725 -0.9244517 0.3547576
vn -0.1388936 -0.3346637 -0.9320456
vn -0.6388469 -0.7438208 0.1964823
vn 0.1520653 0.1578321 0.9756871
vn -0.3087652 -0.3021781 0.9018607
vn -0.2458996 -0.8136209 0.5268345
vn 0.1520653 0.1578321 0.9756871
vn -0.5562329 -0.5788838 0.5962371
vn 0.7159822 0.3805501 0.5852787
vn -0.5562329 -0.5788838 0.5962371
vn 0.686856 -0.2649055 0.6767969
vn -0.535632 -0.2143791 0.8167865
vn -0.7853271 0.1665854 -0.5962473
vn -0.3463129 -0.009294623 -0.9380732
vn -0.3141049 -0.6834984 -0.6589144
vn 0.5031658 -0.0735414 -0.8610551
vn 0.7344749 -0.6554974 -0.1756987
vn 0.6883135 0.2517766 -0.6803185
vn -0.7853271 0.1665854 -0.5962473
vn 0.6883135 0.2517766 -0.6803185
vn -0.5536939 0.5835169 -0.5940802
vn -0.711292 0.3881421 0.5860116
vn -0.5536939 0.5835169 -0.5940802
vn -0.2586662 0.8743535 -0.4106068
vn 0.5031658 -0.0735414 -0.8610551
vn 0.3150386 -0.5564894 -0.768811
vn -0.711292 0.3881421 0.5860116
vn -0.2361508 0.2596673 0.9363792
vn 0.108573 -0.726871 0.6781377
vn -0.2263065 0.592647 0.7730169
vn -0.2898335 -0.9262904 0.2407962
vn -0.2361508 0.2596673 0.9363792
vn 0.39189 0.6653411 -0.6354082
vn -0.2263065 0.592647 0.7730169
vn 0.6970065 0.7125307 0.08051082
vn -0.5144859 0.4579113 0.7249978
vn 0.2429955 0.8140206 -0.527564
vn 0.06393334 0.9639229 0.2583896
vn 0.1520653 0.1578321 0.9756871
vn -0.2127453 0.8505121 -0.481008
vn 0.7159822 0.3805501 0.5852787
vn 0.5567295 0.5779647 -0.596665
vn 0.1520653 0.1578321 0.9756871
vn 0.7159822 0.3805501 0.5852787
vn 0.6883135 0.2517766 -0.6803185
vn 0.686856 -0.2649055 0.6767969
vn 0.6883135 0.2517766 -0.6803185
vn -0.3463129 -0.009294623 -0.9380732
vn -0.7853271 0.1665854 -0.5962473
vn -0.3463129 -0.009294623 -0.9380732
vn 0.2429955 0.8140206 -0.527564
vn -0.3141049 -0.6834984 -0.6589144
vn -0.1388936 -0.3346637 -0.9320456
vn -0.2127453 0.8505121 -0.481008
vn -0.6133921 -0.7887402 0.04048647
vn 0.6879951 -0.6218328 -0.3741479
vn 0.5617176 -0.5583357 -0.61052
vn -0.8219038 -0.5558236 -0.1246372
vn 0.6879951 -0.6218328 -0.3741479
vn -2.471084E-08 -0.8331705 -0.5530164
vn -2.470352E-08 -0.8329237 -0.5533881
vn 0.7077354 -0.5363134 -0.4598681
vn -0.7077354 -0.5164282 -0.4820921
vn -2.470352E-08 -0.8329237 -0.5533881
vn -0.7073582 0.5514508 0.4422065
vn -0.7087968 -0.4207644 -0.5661842
vn -0.5847321 0.6152108 0.5287761
vn 0.8002806 0.4887068 0.3474431
vn 1 -2.965882E-08 5.329071E-15
vn 0.4523568 0.7879315 0.4177768
vn 0.8002806 0.4887068 0.3474431
vn 0.7073581 0.5394598 0.4567578
vn 0.7073581 0.5394598 0.4567578
vn -0.7977089 0.4930644 0.3472002
vn 0.709636 -0.4421188 -0.5485872
vn -0.7077354 -0.5164282 -0.4820921
vn -0.7087968 -0.4207644 -0.5661842
vn 0.7077354 -0.5363134 -0.4598681
vn -0.5847321 0.6152108 0.5287761
vn -0.8930169 -0.1835168 -0.4109043
vn -0.8864341 0.3458186 0.3076429
vn -0.8930169 -0.1835168 -0.4109043
vn -0.9941455 -0.1080496 3.864155E-08
vn -0.5809637 -0.4739755 -0.6616861
vn 0.7073581 0.5394598 0.4567578
vn 0.7077354 -0.5363134 -0.4598681
vn 0.8118437 0.4706432 0.3455501
vn 0.8118437 0.4706432 0.3455501
vn -0.7073582 0.5514508 0.4422065
vn -0.7977089 0.4930644 0.3472002
vn -0.9997969 3.68593E-08 0.02015084
vn -0.8219038 -0.5558236 -0.1246372
vn -0.7977089 0.4930644 0.3472002
vn -0.783935 0.3888759 0.4839644
vn 0.4523568 0.7879315 0.4177768
vn 0.8002806 0.4887068 0.3474431
vn 0.6986387 0.5037087 0.5081157
vn -0.5847321 0.6152108 0.5287761
vn -0.5144859 0.4579113 0.7249978
vn -0.783935 0.3888759 0.4839644
vn 0.6970065 0.7125307 0.08051082
vn -0.7087968 -0.4207644 -0.5661842
vn 0.7059751 -0.3393018 -0.6216701
vn 0.709636 -0.4421188 -0.5485872
vn -0.8930169 -0.1835168 -0.4109043
vn 0.7059751 -0.3393018 -0.6216701
vn -0.5809637 -0.4739755 -0.6616861
vn 0.8080619 -0.3677957 -0.4601764
vn 0.9941407 -0.1080937 3.865732E-08
vn 0.6986387 0.5037087 0.5081157
vn 0.8118437 0.4706432 0.3455501
vn 0.2883065 -0.900091 -0.3266739
vn -0.51587 -0.8052713 -0.2922606
vn 0.8080619 -0.3677957 -0.4601764
vn -0.5809637 -0.4739755 -0.6616861
vn -0.6532287 -0.7399859 0.160353
vn -0.9941455 -0.1080496 3.864155E-08
vn 0.8386549 -0.5348475 0.102938
vn -0.51587 -0.8052713 -0.2922606
vn -1.376258E-08 -0.4640298 0.8858197
vn 0.2882971 0.1670521 0.9428566
vn -1.376277E-08 -0.4640362 0.8858163
vn -0.5158566 0.1494551 0.8435373
vn -1.337298E-08 -0.4508937 0.8925778
vn -1.376277E-08 -0.4640362 0.8858163
vn -0.8965006 -0.2616741 0.35751
vn -0.7087985 -0.279927 0.6474918
vn -1.337298E-08 -0.4508937 0.8925778
vn 0.7096371 -0.2540187 0.6571833
vn 0.9966459 -0.06514543 -0.04952795
vn 0.8118418 0.06392971 -0.580367
vn 0.6917953 0.1915585 -0.6962217
vn 0.999927 0.01208282 -4.321158E-09
vn 0.9966459 -0.06514543 -0.04952795
vn 1 -2.965882E-08 5.329071E-15
vn -0.7071068 0.4904276 0.5093927
vn 0.2882971 0.1670521 0.9428566
vn 0.8944272 0.3101736 0.3221683
vn -1 2.965882E-08 -5.329071E-15
vn -0.999927 0.01208288 -4.321168E-09
vn -0.5158566 0.1494551 0.8435373
vn 0.7096371 -0.2540187 0.6571833
vn -0.7077351 -0.1592922 0.6882857
vn -0.7087985 -0.279927 0.6474918
vn 0.7077351 -0.1301109 0.6943936
vn -0.5847384 0.1503435 -0.7971687
vn -0.8965006 -0.2616741 0.35751
vn -0.8792715 0.09943725 -0.4658261
vn -0.8965006 -0.2616741 0.35751
vn -0.999927 0.01208288 -4.321168E-09
vn -1 2.965882E-08 -5.329071E-15
vn 0.7073581 0.1258447 -0.695563
vn 0.7077351 -0.1301109 0.6943936
vn 0.8118418 0.06392971 -0.580367
vn 0.8118418 0.06392971 -0.580367
vn -0.7073581 0.1072494 -0.6986718
vn -0.7993575 0.05728128 -0.5981191
vn -0.4483141 -0.04846177 0.8925616
vn -0.8134802 0.1725114 0.5554187
vn -0.7993575 0.05728128 -0.5981191
vn -0.7952223 0.235824 -0.5585773
vn 0.5589886 -0.124028 -0.8198469
vn 0.8002808 0.05654795 -0.5969532
vn 0.6917953 0.1915585 -0.6962217
vn -0.5847384 0.1503435 -0.7971687
vn -0.5194648 0.4039381 -0.7529877
vn -0.7952223 0.235824 -0.5585773
vn 0.1109986 -0.09406182 -0.9893593
vn 0.7077351 -0.1301109 0.6943936
vn -0.4483141 -0.04846177 0.8925616
vn -0.7077351 -0.1592922 0.6882857
vn 0.7080119 -0.05048436 0.7043937
vn 0.7211101 -0.1004997 0.6854926
vn 0.7080119 -0.05048436 0.7043937
vn -0.8134802 0.1725114 0.5554187
vn 0.8002808 0.05654795 -0.5969532
vn 0.7073581 0.1258447 -0.695563
vn -0.6037046 0.4224634 0.6760663
vn 0.7211101 -0.1004997 0.6854926
vn -0.01558736 0.1305694 0.9913167
vn 0.8002808 0.05654795 -0.5969532
vn 0.5589886 -0.124028 -0.8198469
vn -0.7073581 0.1072494 -0.6986718
vn -0.7087985 -0.279927 0.6474918
vn -0.5847384 0.1503435 -0.7971687
vn 0.7073581 0.1258447 -0.695563
vn -0.7993575 0.05728128 -0.5981191
vn -0.7952223 0.235824 -0.5585773
vn -0.8134802 0.1725114 0.5554187
vn -0.5194648 0.4039381 -0.7529877
vn 0.03741661 0.2189971 0.975008
vn 0.3150554 -0.3875584 0.8663363
vn 0.1085621 0.9507164 0.2904358
vn 0.3207323 -0.3908204 0.8627807
vn 0.3150554 -0.3875584 0.8663363
vn 0.4279927 0.8873278 0.171674
vn 0.503176 -0.7089213 0.4942111
vn -0.01558736 0.1305694 0.9913167
vn 0.03741661 0.2189971 0.975008
vn -0.6037046 0.4224634 0.6760663
vn 0.4279927 0.8873278 0.171674
vn -0.2361718 0.6811111 -0.6930445
vn -0.7113104 0.3134401 -0.6291206
vn -0.5356323 0.8145509 -0.2227223
vn 0.6868528 0.7185766 -0.1090004
vn 0.5334538 -0.8181803 -0.2144957
vn 0.3207323 -0.3908204 0.8627807
vn -0.2586584 -0.7927871 -0.5518919
vn -0.5352725 0.8195243 -0.2046052
vn -0.5194648 0.4039381 -0.7529877
vn -0.2269568 0.3661199 -0.9024673
vn 0.7770921 -0.5081643 -0.371345
vn 0.5334538 -0.8181803 -0.2144957
vn 0.5589886 -0.124028 -0.8198469
vn 0.7211101 -0.1004997 0.6854926
vn 0.1109986 -0.09406182 -0.9893593
vn 0.5334538 -0.8181803 -0.2144957
vn -0.2269568 0.3661199 -0.9024673
vn -0.5194648 0.4039381 -0.7529877
vn 0.5334538 -0.8181803 -0.2144957
vn -0.2586584 -0.7927871 -0.5518919
vn -0.2269568 0.3661199 -0.9024673
vn -0.2361718 0.6811111 -0.6930445
vn 0.503176 -0.7089213 0.4942111
vn 0.3150554 -0.3875584 0.8663363
vn -0.5536867 -0.8062501 -0.2083076
vn 0.503176 -0.7089213 0.4942111
vn -0.7853236 -0.5996639 0.1538512
vn 0.6883096 -0.7150677 0.122099
vn 0.6868528 0.7185766 -0.1090004
vn 0.4279927 0.8873278 0.171674
vn 0.6883096 -0.7150677 0.122099
vn -0.5562323 0.8057993 0.2032079
vn 0.7159896 0.3165489 -0.6222184
vn -0.5356323 0.8145509 -0.2227223
vn -0.7113104 0.3134401 -0.6291206
vn -0.5536867 -0.8062501 -0.2083076
vn 0.1520767 0.766046 -0.6245371
vn -0.5562323 0.8057993 0.2032079
vn -0.2458757 0.863072 0.4411939
vn -0.7853236 -0.5996639 0.1538512
vn -0.3463085 -0.8077515 0.4770831
vn -0.3141151 -0.2288519 0.9213895
vn -0.1397796 0.7694685 0.6232015
vn 0.1520767 0.766046 -0.6245371
vn -0.1766922 0.484511 -0.856755
vn -0.2127642 -0.8418238 -0.4960487
vn -0.2660346 -0.01750379 -0.9638047
vn -0.6236264 -0.4785394 -0.6181346
vn -0.2660346 -0.01750379 -0.9638047
vn 0.05092758 -0.3766901 -0.9249386
vn 0.03397579 -0.08654371 -0.9956686
vn -0.3429451 -0.07130985 0.936645
vn -0.6236264 -0.4785394 -0.6181346
vn -0.1388963 -0.6398664 0.7558299
vn -0.1388963 -0.6398664 0.7558299
vn -0.6347281 0.5422368 0.5505449
vn -0.3429451 -0.07130985 0.936645
vn 5.400667E-09 0.1820935 0.9832814
vn 8.933424E-09 0.3012067 0.953559
vn -0.3141151 -0.2288519 0.9213895
vn -0.1397796 0.7694685 0.6232015
vn 0.05092758 -0.3766901 -0.9249386
vn -0.3224826 -0.9006553 -0.2912476
vn -2.814985E-08 -0.9491225 -0.3149076
vn -0.3224826 -0.9006553 -0.2912476
vn -1.892992E-08 -0.638256 0.7698243
vn -0.6493945 -0.1107054 0.7523505
vn 0.7159896 0.3165489 -0.6222184
vn 0.6883096 -0.7150677 0.122099
vn 0.556735 -0.8057081 -0.2021901
vn 0.6868528 0.7185766 -0.1090004
vn 0.242985 -0.8639178 -0.44114
vn 0.7159896 0.3165489 -0.6222184
vn 0.1520767 0.766046 -0.6245371
vn -0.1766922 0.484511 -0.856755
vn 0.1520767 0.766046 -0.6245371
vn -0.2127642 -0.8418238 -0.4960487
vn 0.6883096 -0.7150677 0.122099
vn -0.3463085 -0.8077515 0.4770831
vn -0.7853236 -0.5996639 0.1538512
vn -0.3463085 -0.8077515 0.4770831
vn 0.242985 -0.8639178 -0.44114
vn -0.3141151 -0.2288519 0.9213895
vn -0.1388963 -0.6398664 0.7558299
vn -0.2127642 -0.8418238 -0.4960487
vn -0.6347281 0.5422368 0.5505449
vn -0.2660346 -0.01750379 -0.9638047
vn -0.1397796 0.7694685 0.6232015
vn -0.659727 0.3578001 -0.6608626
vn -0.3197008 0.7055112 0.6324915
vn -0.2660346 -0.01750379 -0.9638047
vn -0.659727 0.3578001 -0.6608626
vn 0.03397579 -0.08654371 -0.9956686
vn 2.652765E-08 0.8944271 -0.447214
vn 1.750876E-08 0.5903393 0.8071553
vn -0.580963 0.4739734 0.6616883
vn -0.5158462 0.8052462 0.2923724
vn 0.8080615 0.3677942 0.4601783
vn 0.7059764 0.3392978 0.6216708
vn 0.8080615 0.3677942 0.4601783
vn 1.623923E-08 0.547535 0.8367829
vn -0.7087996 0.4207395 0.5661992
vn 0.7059764 0.3392978 0.6216708
vn 0.7096397 0.442118 0.5485828
vn 0.9941407 0.1080933 -3.865717E-08
vn 0.6986393 -0.5036857 -0.5081378
vn 0.811842 -0.4706356 -0.3455646
vn -0.580963 0.4739734 0.6616883
vn -0.6532265 0.7400198 -0.1602058
vn -0.9941455 0.1080494 -3.864148E-08
vn 0.4472136 0.8682032 -0.2149964
vn 0.8386527 0.5348691 -0.1028436
vn -0.5158462 0.8052462 0.2923724
vn 0.7096397 0.442118 0.5485828
vn -0.7077348 0.51643 0.4820909
vn -0.7087996 0.4207395 0.5661992
vn 0.7077348 0.536307 0.4598764
vn -0.5847232 -0.6152175 -0.5287781
vn -0.9968023 -0.06942853 0.03955829
vn -0.8864286 -0.3458307 -0.3076452
vn -0.9968023 -0.06942853 0.03955829
vn -0.9941455 0.1080494 -3.864148E-08
vn -0.580963 0.4739734 0.6616883
vn 0.707358 -0.5394572 -0.4567611
vn 0.7077348 0.536307 0.4598764
vn 0.811842 -0.4706356 -0.3455646
vn 0.811842 -0.4706356 -0.3455646
vn -0.7073581 -0.5514455 -0.4422132
vn -0.7977089 -0.4930667 -0.3471972
vn -0.4502323 0.7480983 0.4874834
vn -0.8219099 0.5558169 0.1246267
vn -0.7977089 -0.4930667 -0.3471972
vn -0.7839341 -0.3888463 -0.4839896
vn 0.4523567 -0.7879331 -0.417774
vn 0.8002808 -0.4887037 -0.3474472
vn 0.6986393 -0.5036857 -0.5081378
vn -0.5847232 -0.6152175 -0.5287781
vn -0.5145124 -0.4578654 -0.7250079
vn -0.7839341 -0.3888463 -0.4839896
vn 0.6969984 -0.7125449 -0.08045712
vn 0.6879952 0.6218342 0.3741456
vn 0.6969984 -0.7125449 -0.08045712
vn -0.4502323 0.7480983 0.4874834
vn 0.7082461 0.5880128 0.3906771
vn -0.8219099 0.5558169 0.1246267
vn 0.7077348 0.536307 0.4598764
vn -0.7077348 0.51643 0.4820909
vn 0.7082461 0.5880128 0.3906771
vn 0.8002808 -0.4887037 -0.3474472
vn 0.707358 -0.5394572 -0.4567611
vn -0.6133801 0.7887521 -0.0404368
vn 0.6879952 0.6218342 0.3741456
vn 0.5617111 0.558288 0.6105698
vn 0.8002808 -0.4887037 -0.3474472
vn 0.4523567 -0.7879331 -0.417774
vn 0.6969984 -0.7125449 -0.08045712
vn -0.7073581 -0.5514455 -0.4422132
vn -0.7087996 0.4207395 0.5661992
vn -0.5847232 -0.6152175 -0.5287781
vn 0.707358 -0.5394572 -0.4567611
vn -0.7977089 -0.4930667 -0.3471972
vn -0.7839341 -0.3888463 -0.4839896
vn -0.8219099 0.5558169 0.1246267
vn -0.5145124 -0.4578654 -0.7250079
vn -0.2263161 -0.5926719 -0.7729949
vn -0.5145124 -0.4578654 -0.7250079
vn 0.3918823 -0.6653464 0.6354074
vn -0.2586544 -0.8743388 0.4106455
vn -0.2263161 -0.5926719 -0.7729949
vn -0.2361776 -0.2596712 -0.9363712
vn 0.5031855 0.07353361 0.8610443
vn 0.06090464 -0.2675533 0.9616165
vn -0.5536843 -0.5835484 0.5940583
vn 0.5031855 0.07353361 0.8610443
vn -0.7853242 -0.1665917 0.5962492
vn 0.6883101 -0.2517685 0.6803249
vn 0.6868512 0.2648939 -0.6768062
vn 0.4279831 0.5923249 -0.6826287
vn 0.6883101 -0.2517685 0.6803249
vn -0.5562261 0.5788754 -0.5962517
vn 0.7159916 -0.3806019 -0.5852337
vn -0.5356289 0.214389 -0.8167859
vn -0.7113126 -0.3881352 -0.5859912
vn -0.5536843 -0.5835484 0.5940583
vn 7.777577E-09 0.2622345 -0.9650043
vn -0.5562261 0.5788754 -0.5962517
vn -0.2458876 0.8136212 -0.5268398
vn -0.7853242 -0.1665917 0.5962492
vn -0.346313 0.009317218 0.9380729
vn -0.3141239 0.6835202 0.6588827
vn -0.1397744 0.9244454 -0.3547734
vn 7.777577E-09 0.2622345 -0.9650043
vn -0.1766736 -0.4997049 -0.8479869
vn -0.2127666 -0.8505073 0.4810071
vn 0.03408176 -0.9653437 -0.2587473
vn -0.6280723 -0.770371 0.1097907
vn 0.03408176 -0.9653437 -0.2587473
vn 0.05096826 -0.9901929 -0.1300787
vn 0.03396512 -0.9083453 -0.4168399
vn -0.3405528 0.7769766 0.5294633
vn -0.6280723 -0.770371 0.1097907
vn -0.1388955 0.3346263 0.9320588
vn -0.1388955 0.3346263 0.9320588
vn -0.638854 0.7438081 -0.1965077
vn -0.3405528 0.7769766 0.5294633
vn 2.836688E-08 0.95644 0.2919296
vn 2.864687E-08 0.9658805 0.2589883
vn -0.3141239 0.6835202 0.6588827
vn -0.1397744 0.9244454 -0.3547734
vn 0.05096826 -0.9901929 -0.1300787
vn -0.3333334 -0.6666665 0.666667
vn -2.097195E-08 -0.7071066 0.7071071
vn -0.3333334 -0.6666665 0.666667
vn 1.326383E-08 0.447214 0.8944271
vn -0.6453387 0.6393325 0.4180816
vn 0.03740776 0.9538834 0.2978379
vn 0.3501816 0.9095425 0.2238423
vn 0.3587953 0.901622 0.2415446
vn 0.3207166 0.5517855 0.7698532
vn 0.3501816 0.9095425 0.2238423
vn 0.4279831 0.5923249 -0.6826287
vn 0.5031855 0.07353361 0.8610443
vn 0.5617111 0.558288 0.6105698
vn 0.03740776 0.9538834 0.2978379
vn -0.6133801 0.7887521 -0.0404368
vn -0.5356289 0.214389 -0.8167859
vn 0.6868512 0.2648939 -0.6768062
vn -0.7113126 -0.3881352 -0.5859912
vn 0.4279831 0.5923249 -0.6826287
vn -0.2361776 -0.2596712 -0.9363712
vn -0.1044194 0.2731494 -0.9562878
vn -0.5352813 0.2326131 -0.812013
vn -0.5145124 -0.4578654 -0.7250079
vn -0.2263161 -0.5926719 -0.7729949
vn 0.3918823 -0.6653464 0.6354074
vn 0.3918823 -0.6653464 0.6354074
vn 0.3207166 0.5517855 0.7698532
vn 0.3918823 -0.6653464 0.6354074
vn 0.06090464 -0.2675533 0.9616165
vn -0.2586544 -0.8743388 0.4106455
vn 0.7159916 -0.3806019 -0.5852337
vn 0.6883101 -0.2517685 0.6803249
vn 0.5567174 -0.5779374 0.5967028
vn 0.6868512 0.2648939 -0.6768062
vn 0.2429782 -0.8139982 0.5276068
vn 0.7159916 -0.3806019 -0.5852337
vn 0.3491195 -0.9051595 -0.2424915
vn -0.1766736 -0.4997049 -0.8479869
vn 0.3491195 -0.9051595 -0.2424915
vn -0.2127666 -0.8505073 0.4810071
vn 0.6883101 -0.2517685 0.6803249
vn -0.346313 0.009317218 0.9380729
vn -0.7853242 -0.1665917 0.5962492
vn -0.346313 0.009317218 0.9380729
vn 0.2429782 -0.8139982 0.5276068
vn -0.3141239 0.6835202 0.6588827
vn -0.1388955 0.3346263 0.9320588
vn -0.2127666 -0.8505073 0.4810071
vn -0.638854 0.7438081 -0.1965077
vn -0.7161648 -0.2443953 -0.6537424
vn -0.1397744 0.9244454 -0.3547734
vn -0.6449545 -0.4258834 -0.6345526
vn -0.4472136 0.3783104 -0.8104823
vn -0.7161648 -0.2443953 -0.6537424
vn -0.6449545 -0.4258834 -0.6345526
vn 0.03396512 -0.9083453 -0.4168399
vn -4.183976E-10 -0.01410738 -0.9999006
vn 0.2985783 0.7626568 -0.5737646
vn -0.5942855 0.8029464 -0.04584675
vn 2.965882E-08 1 -3.576279E-07
vn 0.8265462 0.5583782 -0.07095954
vn 0.7058445 0.7081987 0.01543754
vn 0.8265462 0.5583782 -0.07095954
vn 2.961261E-08 0.9984422 -0.05579844
vn -0.7087984 0.7007102 -0.0813031
vn 0.7058445 0.7081987 0.01543754
vn 0.7096377 0.696147 -0.1085993
vn 0.9940127 -6.855741E-08 -0.1092649
vn 0.6993563 -0.6919297 0.1792604
vn 0.8145882 -0.5300413 0.2355893
vn -0.6534984 0.1848083 -0.7340204
vn 0.8389772 0.1186307 -0.5310784
vn -0.7071068 0.1959726 -0.6794077
vn -0.5942855 0.8029464 -0.04584675
vn -0.7071068 0.1959726 -0.6794077
vn -0.994014 -9.590721E-09 -0.1092533
vn 0.7096377 0.696147 -0.1085993
vn -0.7077349 0.6757197 -0.2061898
vn -0.7087984 0.7007102 -0.0813031
vn 0.7077349 0.6664198 -0.2345124
vn -0.5867927 -0.7636367 0.2693204
vn -0.9969752 5.736401E-08 0.07772017
vn -0.88725 -0.4389138 0.1419233
vn -0.9969752 5.736401E-08 0.07772017
vn -0.994014 -9.590721E-09 -0.1092533
vn -0.5942855 0.8029464 -0.04584675
vn 0.7073581 -0.6652955 0.2388024
vn 0.7077349 0.6664198 -0.2345124
vn 0.8145882 -0.5300413 0.2355893
vn 0.8145882 -0.5300413 0.2355893
vn -0.7073581 -0.6586891 0.2564629
vn -0.8038648 -0.5396727 0.2501091
vn -0.4463288 0.7972117 -0.4065024
vn -0.8141309 0.3985235 -0.4223388
vn -0.8038648 -0.5396727 0.2501091
vn -0.7871005 -0.6094417 0.09515019
vn 0.5998396 -0.6504794 0.4659069
vn 0.8002806 -0.5452497 0.2495074
vn 0.6993563 -0.6919297 0.1792604
vn -0.5867927 -0.7636367 0.2693204
vn -0.5145121 -0.8568052 0.03409102
vn -0.7871005 -0.6094417 0.09515019
vn 0.6368479 -0.356487 0.6836241
vn 0.5957699 0.6906141 -0.4100127
vn 0.6305156 0.7366901 -0.2444133
vn -0.4463288 0.7972117 -0.4065024
vn 2.656587E-08 0.8957157 -0.4446277
vn -0.8141309 0.3985235 -0.4223388
vn 0.7077349 0.6664198 -0.2345124
vn -0.7077349 0.6757197 -0.2061898
vn 2.656587E-08 0.8957157 -0.4446277
vn -0.6133928 0.3593531 -0.7032885
vn 0.5957699 0.6906141 -0.4100127
vn -0.7073581 -0.6586891 0.2564629
vn -0.7087984 0.7007102 -0.0813031
vn -0.5867927 -0.7636367 0.2693204
vn 0.8002806 -0.5452497 0.2495074
vn 1 -2.965882E-08 5.329071E-15
vn 0.5998396 -0.6504794 0.4659069
vn 0.8002806 -0.5452497 0.2495074
vn 0.7073581 -0.6652955 0.2388024
vn 0.7073581 -0.6652955 0.2388024
vn -0.8038648 -0.5396727 0.2501091
vn -0.7871005 -0.6094417 0.09515019
vn -0.8141309 0.3985235 -0.4223388
vn -0.5145121 -0.8568052 0.03409102
vn -0.2898294 0.2546335 -0.9225838
vn 0.315053 0.9440461 -0.0975647
vn 0.3588061 0.6600227 -0.6600215
vn 0.4706815 0.8798512 0.06573422
vn 0.315053 0.9440461 -0.0975647
vn 0.7344786 0.4798653 -0.4798652
vn 0.5031805 0.7824556 0.3668419
vn 0.6305156 0.7366901 -0.2444133
vn -0.2898294 0.2546335 -0.9225838
vn -0.6133928 0.3593531 -0.7032885
vn -0.5145121 -0.8568052 0.03409102
vn -0.2263165 -0.9657663 0.1267931
vn 0.2649786 0.1324872 0.9551092
vn 0.4706815 0.8798512 0.06573422
vn -0.25866 -0.08158192 0.9625173
vn 0.6368479 -0.356487 0.6836241
vn -0.2263165 -0.9657663 0.1267931
vn -0.5145121 -0.8568052 0.03409102
vn 0.2649786 0.1324872 0.9551092
vn -0.25866 -0.08158192 0.9625173
vn -0.2263165 -0.9657663 0.1267931
vn -0.2361694 -0.9407619 -0.2432925
vn 0.5031805 0.7824556 0.3668419
vn 0.315053 0.9440461 -0.0975647
vn -0.5537062 0.2226804 0.8023858
vn 0.5031805 0.7824556 0.3668419
vn -0.7853269 0.433071 0.4423926
vn 0.6883112 0.4632914 0.5582014
vn 0.6868522 -0.4536768 -0.567813
vn 0.7344786 0.4798653 -0.4798652
vn 0.6883112 0.4632914 0.5582014
vn -0.5562373 -0.2268989 -0.799448
vn 0.7159866 -0.6971355 0.03695137
vn -0.5356318 -0.6001716 -0.5940478
vn -0.7112932 -0.7015721 0.04311218
vn -0.5537062 0.2226804 0.8023858
vn 0.1520656 -0.9238764 -0.3511817
vn -0.5562373 -0.2268989 -0.799448
vn -0.2458813 -0.04941413 -0.9680397
vn -0.7853269 0.433071 0.4423926
vn -0.3463042 0.8170536 0.4609741
vn -0.3141066 0.9123818 -0.2624815
vn -0.1397541 0.1549783 -0.9779829
vn 0.1520656 -0.9238764 -0.3511817
vn -0.1766317 -0.9842383 0.008749691
vn 0.009981718 -0.7070608 0.7070825
vn -0.2665158 -0.8179013 0.5099089
vn -0.6298959 -0.3085957 0.7127413
vn -0.2665158 -0.8179013 0.5099089
vn 0.1010321 -0.703565 0.7034124
vn 0.03398096 -0.815153 0.5782484
vn -0.7112932 -0.7015721 0.04311218
vn -0.2361694 -0.9407619 -0.2432925
vn -0.1044223 -0.6916159 -0.7146773
vn -0.2898294 0.2546335 -0.9225838
vn -0.3436946 0.8406884 -0.41847
vn -0.1389086 0.9745108 0.1761628
vn -0.3055471 0.7128084 0.6313044
vn -0.6298959 -0.3085957 0.7127413
vn -0.1389086 0.9745108 0.1761628
vn -0.7324658 0.06522905 -0.6776718
vn -0.3436946 0.8406884 -0.41847
vn 2.168167E-08 0.7310359 -0.6823392
vn 2.002654E-08 0.6752303 -0.7376071
vn -0.3141066 0.9123818 -0.2624815
vn -0.1397541 0.1549783 -0.9779829
vn 0.7159866 -0.6971355 0.03695137
vn 0.6883112 0.4632914 0.5582014
vn 0.556724 0.2277821 0.7988579
vn 0.6868522 -0.4536768 -0.567813
vn 0.2429952 0.04992891 0.9687418
vn 0.7159866 -0.6971355 0.03695137
vn 0.1520656 -0.9238764 -0.3511817
vn -0.1766317 -0.9842383 0.008749691
vn 0.1520656 -0.9238764 -0.3511817
vn 0.009981718 -0.7070608 0.7070825
vn 0.6883112 0.4632914 0.5582014
vn -0.3463042 0.8170536 0.4609741
vn -0.7853269 0.433071 0.4423926
vn -0.3463042 0.8170536 0.4609741
vn 0.2429952 0.04992891 0.9687418
vn -0.3141066 0.9123818 -0.2624815
vn -0.1389086 0.9745108 0.1761628
vn -0.3055471 0.7128084 0.6313044
vn -0.7324658 0.06522905 -0.6776718
vn -0.2665158 -0.8179013 0.5099089
vn -0.1397541 0.1549783 -0.9779829
vn -0.6556041 -0.7523185 0.06480994
vn -0.3186744 0.115156 -0.9408433
vn -0.2665158 -0.8179013 0.5099089
vn -0.6556041 -0.7523185 0.06480994
vn 0.03398096 -0.815153 0.5782484
vn -2.58917E-08 -0.872985 -0.4877472
vn 0.2883039 -0.1670187 -0.9428604
vn -0.6008568 0.3709497 -0.7080732
vn -0.5158663 -0.1494245 -0.8435369
vn 0.8326209 0.2570167 -0.4905965
vn 0.7094893 0.3678479 -0.6010932
vn 0.8326209 0.2570167 -0.4905965
vn -0.8965025 0.2616971 -0.3574885
vn -0.7087998 0.2799574 -0.6474773
vn 0.7094893 0.3678479 -0.6010932
vn 0.7096392 0.2540321 -0.6571758
vn 0.999927 -0.01208255 4.321051E-09
vn 0.691795 -0.191612 0.6962073
vn 0.8118405 -0.06395312 0.5803664
vn -0.6008568 0.3709497 -0.7080732
vn -0.7071068 -0.4904291 -0.5093911
vn -0.9999269 -0.01209171 4.324337E-09
vn 0.8944272 -0.3101746 -0.3221673
vn -0.5158663 -0.1494245 -0.8435369
vn 0.7096392 0.2540321 -0.6571758
vn -0.7077352 0.1592869 -0.6882867
vn -0.7087998 0.2799574 -0.6474773
vn 0.7077353 0.1301002 -0.6943954
vn -0.5847298 -0.1503527 0.7971732
vn -0.8965025 0.2616971 -0.3574885
vn -0.8792636 -0.09946078 0.4658359
vn -0.8965025 0.2616971 -0.3574885
vn -0.9999269 -0.01209171 4.324337E-09
vn -0.6008568 0.3709497 -0.7080732
vn 0.7073582 -0.125839 0.6955639
vn 0.7077353 0.1301002 -0.6943954
vn 0.8118405 -0.06395312 0.5803664
vn 0.8118405 -0.06395312 0.5803664
vn -0.7073582 -0.1072375 0.6986735
vn -0.7993571 -0.05728447 0.5981195
vn -0.4483136 0.04844697 -0.8925627
vn -0.9864021 -0.1643503 5.877623E-08
vn -0.7993571 -0.05728447 0.5981195
vn -0.7952254 -0.235817 0.5585759
vn 0.4436801 0.02968006 0.8956938
vn 0.8002806 -0.05653795 0.5969544
vn 0.691795 -0.191612 0.6962073
vn -0.5847298 -0.1503527 0.7971732
vn -0.5194641 -0.40392 0.752998
vn -0.7952254 -0.235817 0.5585759
vn 0.5581657 0.2798933 0.7810959
vn 0.7077353 0.1301002 -0.6943954
vn -0.4483136 0.04844697 -0.8925627
vn -0.7077352 0.1592869 -0.6882867
vn 0.7080116 0.05047629 -0.7043946
vn 0.7265554 0.1064751 -0.6788081
vn 0.7080116 0.05047629 -0.7043946
vn -1.969798E-09 -0.06641562 -0.9977922
vn 0.8002806 -0.05653795 0.5969544
vn 0.7073582 -0.125839 0.6955639
vn -2.849985E-09 -0.09609269 -0.9953725
vn 0.7265554 0.1064751 -0.6788081
vn 0.4671959 0.1720975 -0.8672431
vn 0.8002806 -0.05653795 0.5969544
vn 0.4436801 0.02968006 0.8956938
vn -0.7073582 -0.1072375 0.6986735
vn -0.7087998 0.2799574 -0.6474773
vn -0.5847298 -0.1503527 0.7971732
vn 0.7073582 -0.125839 0.6955639
vn -0.7993571 -0.05728447 0.5981195
vn 0.4671959 0.1720975 -0.8672431
vn 0.4601314 0.8332626 0.3065169
vn -0.289827 -0.6716502 -0.6818259
vn -2.849985E-09 -0.09609269 -0.9953725
vn 0.3207155 0.3908257 -0.8627845
vn -0.289827 -0.6716502 -0.6818259
vn 0.3150459 0.3875293 -0.8663529
vn 0.1085651 -0.9507299 -0.2903905
vn 0.3150459 0.3875293 -0.8663529
vn 0.4279965 -0.8873358 -0.1716223
vn 0.8635002 -0.1305556 -0.4871576
vn 0.4279965 -0.8873358 -0.1716223
vn -0.2361601 -0.6810701 0.6930887
vn -0.7112898 -0.3134491 0.6291397
vn -0.5356317 -0.814548 0.2227339
vn 0.6868494 -0.7185829 0.10898
vn 0.4601314 0.8332626 0.3065169
vn 0.3207155 0.3908257 -0.8627845
vn -0.2586671 0.7927812 0.5518963
vn -0.5194641 -0.40392 0.752998
vn -0.8616818 -0.5047297 0.05246311
vn -0.2269466 -0.3661277 0.9024665
vn 0.5581657 0.2798933 0.7810959
vn 0.5581657 0.2798933 0.7810959
vn 0.4436801 0.02968006 0.8956938
vn 0.8635002 -0.1305556 -0.4871576
vn 0.6868494 -0.7185829 0.10898
vn 0.4279965 -0.8873358 -0.1716223
vn 0.6883132 0.7150601 -0.1221235
vn -0.5562373 -0.8057932 -0.2032177
vn 0.7159899 -0.3165815 0.6222016
vn -0.5356317 -0.814548 0.2227339
vn 0.1520654 -0.7660424 0.6245441
vn -0.5562373 -0.8057932 -0.2032177
vn -0.245898 -0.8630673 -0.4411907
vn -0.785328 0.599656 -0.1538598
vn -0.3463092 0.8077415 -0.4770994
vn -0.314098 0.2288776 -0.921389
vn -0.1397561 -0.7694736 -0.6232005
vn 0.1520654 -0.7660424 0.6245441
vn -0.3087532 -0.9321176 0.1892842
vn -0.3429395 0.07129742 -0.936648
vn -0.1388886 0.6398599 -0.755837
vn -0.6346984 -0.5422701 -0.5505464
vn -0.3055328 0.9031585 -0.3015871
vn -0.623597 0.4785253 0.6181751
vn -0.1388886 0.6398599 -0.755837
vn -0.3429395 0.07129742 -0.936648
vn -5.399963E-09 -0.1820697 -0.9832858
vn -8.933804E-09 -0.3012195 -0.953555
vn -0.314098 0.2288776 -0.921389
vn -0.1397561 -0.7694736 -0.6232005
vn 0.7159899 -0.3165815 0.6222016
vn 0.6883132 0.7150601 -0.1221235
vn 0.5567287 0.8057129 0.2021883
vn 0.6868494 -0.7185829 0.10898
vn 0.2429902 0.8639062 0.44116
vn 0.7159899 -0.3165815 0.6222016
vn 0.1520654 -0.7660424 0.6245441
vn 0.06392638 0.2582043 0.963973
vn 0.1520654 -0.7660424 0.6245441
vn 0.00999717 0.2586957 0.9659073
vn 0.6883132 0.7150601 -0.1221235
vn -0.3463092 0.8077415 -0.4770994
vn -0.785328 0.599656 -0.1538598
vn -0.3463092 0.8077415 -0.4770994
vn 0.2429902 0.8639062 0.44116
vn -0.314098 0.2288776 -0.921389
vn -0.1388886 0.6398599 -0.755837
vn -0.3055328 0.9031585 -0.3015871
vn 0.00999717 0.2586957 0.9659073
vn -0.2659752 0.01745528 0.9638219
vn 0.06392638 0.2582043 0.963973
vn -0.623597 0.4785253 0.6181751
vn -0.2659752 0.01745528 0.9638219
vn 0.1010297 0.2573738 0.961016
vn 0.1010405 0.2573714 0.9610156
vn 1.450787E-08 0.4891591 0.8721948
vn -0.322484 0.9006417 0.291288
vn 2.814926E-08 0.9491028 0.3149667
vn -0.322484 0.9006417 0.291288
vn 1.893018E-08 0.6382645 -0.7698172
vn -0.6494108 0.1106545 -0.7523439
vn 0.2985967 -0.7626004 0.5738301
vn -0.5942767 -0.8029507 0.04588806
vn -0.53045 -0.6773707 0.5096977
vn 0.8265442 -0.5583795 0.07097232
vn 0.7058445 -0.7081987 -0.01543692
vn 0.8265442 -0.5583795 0.07097232
vn -0.8929419 -0.4479599 -0.04457346
vn -0.7087984 -0.7007096 0.081308
vn 0.7058445 -0.7081987 -0.01543692
vn 0.7096376 -0.6961472 0.1085987
vn 0.994011 9.600497E-09 0.1092803
vn 0.699356 0.6919298 -0.1792611
vn 0.8145871 0.5300412 -0.2355933
vn -0.5942767 -0.8029507 0.04588806
vn -0.6534521 -0.1846851 0.7340927
vn -0.9940063 6.857821E-08 0.1093236
vn 0.8389646 -0.1185555 0.5311151
vn -0.53045 -0.6773707 0.5096977
vn 0.7096376 -0.6961472 0.1085987
vn -0.707735 -0.6757188 0.2061925
vn -0.7087984 -0.7007096 0.081308
vn 0.7077351 -0.6664177 0.2345181
vn -0.5867927 0.7636368 -0.26932
vn -0.8929419 -0.4479599 -0.04457346
vn -0.88725 0.438914 -0.141923
vn -0.8929419 -0.4479599 -0.04457346
vn -0.9940063 6.857821E-08 0.1093236
vn -0.5942767 -0.8029507 0.04588806
vn 0.7073581 0.6652954 -0.2388025
vn 0.7077351 -0.6664177 0.2345181
vn 0.8145871 0.5300412 -0.2355933
vn 0.8145871 0.5300412 -0.2355933
vn -0.7073581 0.6586891 -0.2564631
vn -0.803865 0.5396702 -0.2501144
vn -0.9997326 3.792084E-08 0.02312447
vn -0.814132 -0.3985036 0.4223554
vn -0.803865 0.5396702 -0.2501144
vn -0.7870989 0.6094452 -0.09514221
vn 0.5998267 0.6504833 -0.465918
vn 0.8002806 0.5452479 -0.2495106
vn 0.699356 0.6919298 -0.1792611
vn -0.5867927 0.7636368 -0.26932
vn -0.5145126 0.8568083 -0.0340073
vn -0.7870989 0.6094452 -0.09514221
vn 0.6368571 0.3565342 -0.683591
vn 0.7077351 -0.6664177 0.2345181
vn -2.655984E-08 -0.8955125 0.4450367
vn -0.707735 -0.6757188 0.2061925
vn -2.656571E-08 -0.8957103 0.4446384
vn 0.5957785 -0.6906192 0.4099916
vn -2.656571E-08 -0.8957103 0.4446384
vn -0.814132 -0.3985036 0.4223554
vn -0.6133814 -0.3593458 0.7033023
vn 0.5957785 -0.6906192 0.4099916
vn 0.6305295 -0.7366951 0.2443625
vn -0.7073581 0.6586891 -0.2564631
vn -0.7087984 -0.7007096 0.081308
vn -0.5867927 0.7636368 -0.26932
vn 0.8002806 0.5452479 -0.2495106
vn 1 -2.965882E-08 5.329071E-15
vn 0.5998267 0.6504833 -0.465918
vn 0.8002806 0.5452479 -0.2495106
vn 0.7073581 0.6652954 -0.2388025
vn -0.803865 0.5396702 -0.2501144
vn 0.7073581 0.6652954 -0.2388025
vn -0.7870989 0.6094452 -0.09514221
vn -0.814132 -0.3985036 0.4223554
vn -0.5145126 0.8568083 -0.0340073
vn 0.6368571 0.3565342 -0.683591
vn 0.4706883 -0.8798431 -0.06579498
vn 0.2649773 -0.1324936 -0.9551088
vn 0.6368571 0.3565342 -0.683591
vn 0.3150507 -0.9440467 0.09756606
vn 0.4706883 -0.8798431 -0.06579498
vn -0.2586558 0.08153885 -0.9625221
vn -0.2898071 -0.2546841 0.9225769
vn 0.1085583 0.2238224 0.9685654
vn 0.4706883 -0.8798431 -0.06579498
vn 0.3150507 -0.9440467 0.09756606
vn 0.4279988 0.2950101 0.8542753
vn 0.5031785 -0.7824673 -0.3668195
vn 0.6305295 -0.7366951 0.2443625
vn -0.2898071 -0.2546841 0.9225769
vn -0.6133814 -0.3593458 0.7033023
vn -0.5145126 0.8568083 -0.0340073
vn -0.2263189 0.965774 -0.1267308
vn 0.4279988 0.2950101 0.8542753
vn -0.2361684 0.9407548 0.243321
vn -0.7113016 0.7015629 -0.04312361
vn -0.5356305 0.6001619 0.5940588
vn 2.096629E-08 0.7069163 0.7072974
vn 0.5031785 -0.7824673 -0.3668195
vn 0.9932002 -0.08232071 0.08232065
vn 0.4279988 0.2950101 0.8542753
vn 0.9953076 0.06842667 -0.06841476
vn -0.7853283 -0.4330742 -0.4423868
vn -2.096604E-08 -0.7069079 -0.7073057
vn -0.5536954 -0.2227074 -0.8023858
vn -0.2586558 0.08153885 -0.9625221
vn 0.5031785 -0.7824673 -0.3668195
vn 0.3150507 -0.9440467 0.09756606
vn -0.7113016 0.7015629 -0.04312361
vn -0.5536954 -0.2227074 -0.8023858
vn -0.2361684 0.9407548 0.243321
vn -0.7113016 0.7015629 -0.04312361
vn -0.5356305 0.6001619 0.5940588
vn -0.5562279 0.2269267 0.7994466
vn 2.096629E-08 0.7069163 0.7072974
vn 0.7159916 0.6971299 -0.03695854
vn 0.1520782 0.9238986 0.3511179
vn -0.5562279 0.2269267 0.7994466
vn -0.2458966 0.04945205 0.9680339
vn -0.7853283 -0.4330742 -0.4423868
vn -0.3463168 -0.8170514 -0.4609686
vn -0.3141089 -0.9123706 0.2625178
vn -0.1397644 -0.1549578 0.9779848
vn 0.1520782 0.9238986 0.3511179
vn -0.1766483 0.9842352 -0.008760237
vn -0.2127429 0.008709439 -0.9770696
vn 0.03403565 0.7067523 -0.706642
vn 0.01747931 0.7070419 -0.7069558
vn 0.03403565 0.7067523 -0.706642
vn 0.05086959 0.6127079 -0.7886707
vn 0.03393305 0.815146 -0.5782609
vn -0.3436954 -0.8406917 0.4184626
vn -0.8733776 -0.07066274 -0.4818903
vn -0.1388889 -0.9745046 -0.1762127
vn -0.1388889 -0.9745046 -0.1762127
vn -0.6411818 -0.2163718 0.7362536
vn -0.3436954 -0.8406917 0.4184626
vn -2.168192E-08 -0.7310444 0.6823301
vn -2.002641E-08 -0.6752259 0.7376112
vn -0.3141089 -0.9123706 0.2625178
vn -0.1397644 -0.1549578 0.9779848
vn 0.7159916 0.6971299 -0.03695854
vn 0.9953076 0.06842667 -0.06841476
vn 0.5567384 -0.2277411 -0.7988594
vn 0.9932002 -0.08232071 0.08232065
vn 0.2429927 -0.04993073 -0.9687423
vn 0.7159916 0.6971299 -0.03695854
vn 0.1520782 0.9238986 0.3511179
vn -0.1766483 0.9842352 -0.008760237
vn 0.1520782 0.9238986 0.3511179
vn -0.2127429 0.008709439 -0.9770696
vn -2.096604E-08 -0.7069079 -0.7073057
vn -0.3463168 -0.8170514 -0.4609686
vn -0.7853283 -0.4330742 -0.4423868
vn -0.3463168 -0.8170514 -0.4609686
vn 0.2429927 -0.04993073 -0.9687423
vn -0.3141089 -0.9123706 0.2625178
vn -0.1388889 -0.9745046 -0.1762127
vn -0.2127429 0.008709439 -0.9770696
vn -0.6411818 -0.2163718 0.7362536
vn -0.7339685 0.6718907 0.09926365
vn -0.1397644 -0.1549578 0.9779848
vn -0.6555955 0.7523239 -0.06483415
vn -0.3186877 -0.1151301 0.9408419
vn -0.7339685 0.6718907 0.09926365
vn -0.6555955 0.7523239 -0.06483415
vn 0.03393305 0.815146 -0.5782609
vn 2.589259E-08 0.8730153 0.4876932
vn 0.8944272 0.3101736 0.3221683
vn 1 -2.965882E-08 5.329071E-15
vn 0.2882971 0.1670521 0.9428566
vn 0.999927 0.01208282 -4.321158E-09
vn -0.3197008 0.7055112 0.6324915
vn 2.652765E-08 0.8944271 -0.447214
vn 2.097195E-08 0.7071071 0.7071066
vn -0.659727 0.3578001 -0.6608626
vn -0.6236264 -0.4785394 -0.6181346
vn -0.6493945 -0.1107054 0.7523505
vn -0.3224826 -0.9006553 -0.2912476
vn -0.3429451 -0.07130985 0.936645
vn 0.1085621 0.9507164 0.2904358
vn -0.5352725 0.8195243 -0.2046052
vn -0.2361718 0.6811111 -0.6930445
vn -0.7113104 0.3134401 -0.6291206
vn 0.8386527 0.5348691 -0.1028436
vn 0.8080615 0.3677942 0.4601783
vn 0.4472136 0.8682032 -0.2149964
vn 0.9941407 0.1080933 -3.865717E-08
vn -0.4472136 0.3783104 -0.8104823
vn -4.183976E-10 -0.01410738 -0.9999006
vn 1.254462E-08 0.4229639 -0.9061466
vn -0.6449545 -0.4258834 -0.6345526
vn -0.6280723 -0.770371 0.1097907
vn -0.6453387 0.6393325 0.4180816
vn -0.3333334 -0.6666665 0.666667
vn -0.3405528 0.7769766 0.5294633
vn -0.1044194 0.2731494 -0.9562878
vn -0.5352813 0.2326131 -0.812013
vn -0.2361776 -0.2596712 -0.9363712
vn -0.7113126 -0.3881352 -0.5859912
vn 0.8389772 0.1186307 -0.5310784
vn 0.8265462 0.5583782 -0.07095954
vn 0.2985783 0.7626568 -0.5737646
vn 0.9940127 -6.855741E-08 -0.1092649
vn -2.097215E-08 -0.7071138 -0.7070999
vn -0.2361694 -0.9407619 -0.2432925
vn -0.1044223 -0.6916159 -0.7146773
vn -0.7112932 -0.7015721 0.04311218
vn -0.5356318 -0.6001716 -0.5940478
vn -2.097215E-08 -0.7071138 -0.7070999
vn 0.6868522 -0.4536768 -0.567813
vn -0.3186744 0.115156 -0.9408433
vn -2.58917E-08 -0.872985 -0.4877472
vn 3.829284E-09 0.1291108 -0.9916303
vn -0.6556041 -0.7523185 0.06480994
vn -0.3224831 0.1980481 0.9256251
vn 2.92379E-08 0.9858082 0.1678766
vn 5.984292E-09 0.2017715 0.9794328
vn -0.6515756 0.6955847 -0.3026735
vn -1.514882E-08 -0.5107693 0.859718
vn -0.3224831 0.1980481 0.9256251
vn -0.6298959 -0.3085957 0.7127413
vn -0.6515756 0.6955847 -0.3026735
vn -0.3224831 0.1980481 0.9256251
vn -0.3436946 0.8406884 -0.41847
vn 0.8944272 -0.3101746 -0.3221673
vn 0.8326209 0.2570167 -0.4905965
vn 0.2883039 -0.1670187 -0.9428604
vn 0.999927 -0.01208255 4.321051E-09
vn 2.864805E-08 0.96592 -0.2588412
vn -0.785328 0.599656 -0.1538598
vn 0.6883132 0.7150601 -0.1221235
vn -0.5537072 0.806233 0.2083191
vn -0.2586671 0.7927812 0.5518963
vn 2.864805E-08 0.96592 -0.2588412
vn 0.3150459 0.3875293 -0.8663529
vn -0.7112898 -0.3134491 0.6291397
vn -0.5537072 0.806233 0.2083191
vn -0.2361601 -0.6810701 0.6930887
vn -0.7112898 -0.3134491 0.6291397
vn 0.1085651 -0.9507299 -0.2903905
vn -0.2269466 -0.3661277 0.9024665
vn -0.289827 -0.6716502 -0.6818259
vn -0.2361601 -0.6810701 0.6930887
vn 0.4601314 0.8332626 0.3065169
vn -0.2269466 -0.3661277 0.9024665
vn 0.5581657 0.2798933 0.7810959
vn -0.5194641 -0.40392 0.752998
vn -0.4472136 -0.8944273 3.198721E-07
vn -2.652765E-08 -0.8944271 0.447214
vn -2.097195E-08 -0.7071071 -0.7071066
vn -0.6597278 -0.3577976 0.6608632
vn -0.6346984 -0.5422701 -0.5505464
vn -0.6597278 -0.3577976 0.6608632
vn -0.4472136 -0.8944273 3.198721E-07
vn -0.2659752 0.01745528 0.9638219
vn -0.3087532 -0.9321176 0.1892842
vn -0.2659752 0.01745528 0.9638219
vn -0.1397561 -0.7694736 -0.6232005
vn -0.6597278 -0.3577976 0.6608632
vn 0 3.576279E-07 1
vn -2.652765E-08 -0.8944271 0.447214
vn -0.623597 0.4785253 0.6181751
vn -0.6494108 0.1106545 -0.7523439
vn -0.322484 0.9006417 0.291288
vn -0.3429395 0.07129742 -0.936648
vn -0.8616818 -0.5047297 0.05246311
vn -0.7952254 -0.235817 0.5585759
vn -0.9864021 -0.1643503 5.877623E-08
vn -0.5194641 -0.40392 0.752998
vn 0.8386549 -0.5348475 0.102938
vn 0.8080619 -0.3677957 -0.4601764
vn 0.2883065 -0.900091 -0.3266739
vn 0.9941407 -0.1080937 3.865732E-08
vn -0.3186946 -0.8723676 0.3706868
vn 4.198787E-10 0.01415732 0.9998999
vn -2.73851E-08 -0.9233374 0.3839899
vn -0.644961 0.425926 0.6345174
vn -0.3333333 0.6666665 -0.666667
vn -1.326383E-08 -0.447214 -0.8944271
vn 2.097195E-08 0.7071066 -0.7071071
vn -0.6453446 -0.6393445 -0.4180539
vn -0.6388469 -0.7438208 0.1964823
vn -0.644961 0.425926 0.6345174
vn -0.3186946 -0.8723676 0.3706868
vn -0.2642005 0.8449014 0.4651238
vn -0.3087652 -0.3021781 0.9018607
vn -0.2642005 0.8449014 0.4651238
vn -0.1397725 -0.9244517 0.3547576
vn -0.628042 0.7703948 -0.1097959
vn -0.6453446 -0.6393445 -0.4180539
vn -0.3333333 0.6666665 -0.666667
vn -0.3984734 -0.7125516 -0.5774853
vn -0.783935 0.3888759 0.4839644
vn -0.8219038 -0.5558236 -0.1246372
vn -0.5144859 0.4579113 0.7249978
vn 0.8389646 -0.1185555 0.5311151
vn 0.8265442 -0.5583795 0.07097232
vn 0.2985967 -0.7626004 0.5738301
vn 0.994011 9.600497E-09 0.1092803
vn -0.3186877 -0.1151301 0.9408419
vn 2.589259E-08 0.8730153 0.4876932
vn -3.828123E-09 -0.1290717 0.9916354
vn -0.6555955 0.7523239 -0.06483415
vn -0.3224951 -0.1980561 -0.9256192
vn -2.923812E-08 -0.9858157 -0.1678318
vn -5.985094E-09 -0.2017985 -0.9794273
vn -0.6515692 -0.6955838 0.3026892
vn 0.05086959 0.6127079 -0.7886707
vn -0.3224951 -0.1980561 -0.9256192
vn -0.8733776 -0.07066274 -0.4818903
vn -0.8733776 -0.07066274 -0.4818903
vn -0.6515692 -0.6955838 0.3026892
vn -0.3224951 -0.1980561 -0.9256192
vn -0.3436954 -0.8406917 0.4184626
vn 0.1085583 0.2238224 0.9685654
vn -0.2263189 0.965774 -0.1267308
vn -0.2898071 -0.2546841 0.9225769
vn -0.2361684 0.9407548 0.243321
vn 0.2649773 -0.1324936 -0.9551088
vn -0.2263189 0.965774 -0.1267308
vn 0.6368571 0.3565342 -0.683591
vn -0.5145126 0.8568083 -0.0340073
vn -0.3984734 -0.7125516 -0.5774853
vn -2.83664E-08 -0.9564241 -0.2919814
vn -2.929079E-08 -0.9875914 -0.1570457
vn -0.3141049 -0.6834984 -0.6589144
vn -0.1397725 -0.9244517 0.3547576
vn 5.400667E-09 0.1820935 0.9832814
vn -0.3197008 0.7055112 0.6324915
vn 2.097195E-08 0.7071071 0.7071066
vn -0.6347281 0.5422368 0.5505449
vn -0.6493945 -0.1107054 0.7523505
vn 8.933424E-09 0.3012067 0.953559
vn -1.892992E-08 -0.638256 0.7698243
vn -0.3429451 -0.07130985 0.936645
vn 2.836688E-08 0.95644 0.2919296
vn 2.805323E-08 0.9458648 0.3245611
vn 2.790344E-08 0.9408144 0.3389225
vn -0.638854 0.7438081 -0.1965077
vn -0.6453387 0.6393325 0.4180816
vn 2.949427E-08 0.9944521 0.105192
vn 1.326383E-08 0.447214 0.8944271
vn -0.3405528 0.7769766 0.5294633
vn 2.168167E-08 0.7310359 -0.6823392
vn -0.3186744 0.115156 -0.9408433
vn 3.829284E-09 0.1291108 -0.9916303
vn 2.206304E-08 0.7438945 -0.6682973
vn -0.6515756 0.6955847 -0.3026735
vn 2.002654E-08 0.6752303 -0.7376071
vn 2.92379E-08 0.9858082 0.1678766
vn -0.3436946 0.8406884 -0.41847
vn -5.399963E-09 -0.1820697 -0.9832858
vn -3.08195E-09 -0.1039138 -0.9945864
vn -2.097195E-08 -0.7071071 -0.7071066
vn -0.6346984 -0.5422701 -0.5505464
vn -0.6494108 0.1106545 -0.7523439
vn -8.933804E-09 -0.3012195 -0.953555
vn 1.893018E-08 0.6382645 -0.7698172
vn -0.3429395 0.07129742 -0.936648
vn -0.644961 0.425926 0.6345174
vn 0.03394771 0.9083707 0.4167858
vn 4.198787E-10 0.01415732 0.9998999
vn -0.2642005 0.8449014 0.4651238
vn -2.83664E-08 -0.9564241 -0.2919814
vn -0.3186946 -0.8723676 0.3706868
vn -2.73851E-08 -0.9233374 0.3839899
vn -0.6388469 -0.7438208 0.1964823
vn 0.05096871 0.9901928 0.1300789
vn -0.3333333 0.6666665 -0.666667
vn 2.097195E-08 0.7071066 -0.7071071
vn -0.628042 0.7703948 -0.1097959
vn -0.6453446 -0.6393445 -0.4180539
vn -2.929079E-08 -0.9875914 -0.1570457
vn -1.326383E-08 -0.447214 -0.8944271
vn -2.900301E-08 -0.9778885 -0.2091271
vn -2.168192E-08 -0.7310444 0.6823301
vn -0.3186877 -0.1151301 0.9408419
vn -3.828123E-09 -0.1290717 0.9916354
vn -0.6411818 -0.2163718 0.7362536
vn -0.6515692 -0.6955838 0.3026892
vn -2.002641E-08 -0.6752259 0.7376112
vn -2.923812E-08 -0.9858157 -0.1678318
vn -0.3436954 -0.8406917 0.4184626
vn 0.08428413 0.6730238 0.7348031
vn 0.4986376 0.4658969 0.7309589
vn 0.08428673 0.4599039 0.8839595
vn 0.498653 0.6392053 0.5854587
vn 1.482944E-08 0.5000014 0.8660249
vn 2.097206E-08 0.7071108 0.7071028
vn -0.0842796 0.5355791 0.840269
vn -0.08427841 0.7348058 0.6730214
vn -0.4986486 0.5854628 0.639205
vn -0.4986399 0.4000745 0.7689595
vn 0.4986373 0.2608349 0.8266354
vn 0.08428571 0.2154498 0.9728708
vn 7.676132E-09 0.2588149 0.9659271
vn -0.08428084 0.2998461 0.9502575
vn -0.4986271 0.1874213 0.8463123
vn 0.4986316 0.03800288 0.8659807
vn 0.08428548 -0.04368012 0.9954839
vn 0 3.576279E-07 1
vn -0.08428071 0.04368615 0.9954841
vn -0.4986314 -0.03800226 0.8659809
vn 0.4986381 -0.1874178 0.8463065
vn 0.08428623 -0.2998413 0.9502586
vn -7.676126E-09 -0.258814 0.9659274
vn -0.084281 -0.215454 0.9728702
vn -0.4986356 -0.2608372 0.8266358
vn 0.4986363 -0.4000747 0.7689617
vn 0.0842855 -0.5355769 0.84027
vn -1.482944E-08 -0.5000007 0.8660252
vn -0.08428229 -0.4599078 0.8839579
vn -0.4986338 -0.4658975 0.730961
vn 0.4986442 -0.5854636 0.6392077
vn 0.08428393 -0.7348042 0.6730224
vn -2.097197E-08 -0.7071072 0.7071064
vn -0.08428051 -0.673023 0.734804
vn -0.4986502 -0.6392059 0.5854605
vn 0.4986539 -0.7309498 0.4658935
vn 0.08428458 -0.8839564 0.4599103
vn -2.568529E-08 -0.8660253 0.5000004
vn -0.08428295 -0.8402702 0.5355768
vn -0.4986471 -0.7689537 0.4000769
vn 0.4986799 -0.8266103 0.2608328
vn 0.08428052 -0.9728702 0.2154543
vn -2.864824E-08 -0.9659264 0.2588172
vn -0.08428154 -0.9502563 0.2998496
vn -0.4986342 -0.8463072 0.1874252
vn 0.4986497 -0.8659705 0.03799868
vn 0.08428046 -0.9954841 -0.04368507
vn -2.965882E-08 -1 3.576279E-07
vn -0.08428051 -0.9954841 0.04368578
vn -0.4986309 -0.8659813 -0.03799768
vn 0.4986342 -0.8463074 -0.1874246
vn 0.08428046 -0.9954841 -0.04368507
vn 0.4986497 -0.8659705 0.03799868
vn 0.08428148 -0.9502565 -0.2998489
vn -2.864824E-08 -0.9659266 -0.2588164
vn -2.965882E-08 -1 3.576279E-07
vn -0.08428058 -0.9728705 -0.2154532
vn -0.08428051 -0.9954841 0.04368578
vn -0.4986309 -0.8659813 -0.03799768
vn -0.4986369 -0.8266342 -0.2608399
vn 0.4986471 -0.768954 -0.4000764
vn 0.0842826 -0.8402704 -0.5355766
vn -2.568528E-08 -0.8660252 -0.5000007
vn -0.08428496 -0.8839567 -0.4599096
vn -0.4986296 -0.7309586 -0.4659058
vn 0.49865 -0.6392083 -0.585458
vn 0.08427835 -0.6730234 -0.734804
vn -2.097183E-08 -0.707103 -0.7071106
vn -0.08428659 -0.7348003 -0.6730263
vn -0.4986334 -0.5854669 -0.6392131
vn 0.4986472 -0.4658951 -0.7309535
vn 0.08427801 -0.4599077 -0.8839583
vn -1.482927E-08 -0.4999956 -0.8660281
vn -0.08428523 -0.5355704 -0.8402741
vn -0.4986596 -0.4000741 -0.768947
vn 0.4986329 -0.2608369 -0.8266376
vn 0.08427994 -0.215455 -0.9728701
vn -7.676222E-09 -0.2588179 -0.9659263
vn -0.08428136 -0.2998448 -0.9502578
vn -0.4986602 -0.1874162 -0.8462939
vn 0.4986295 -0.03800287 -0.8659819
vn 0.08428051 0.04368543 -0.9954841
vn 0 -3.576279E-07 -1
vn -0.08428384 -0.04368267 -0.995484
vn -0.4986312 0.03800814 -0.8659807
vn 0.4986347 0.1874209 -0.8463078
vn 0.08428133 0.2998464 -0.9502574
vn 7.676131E-09 0.2588141 -0.9659272
vn -0.08428477 0.2154498 -0.9728708
vn -0.4986376 0.2608403 -0.8266336
vn 0.4986323 0.4000758 -0.7689639
vn 0.08428125 0.5355771 -0.8402703
vn 1.482945E-08 0.5000011 -0.8660249
vn -0.08428752 0.4599064 -0.8839582
vn -0.4986306 0.465906 -0.7309578
vn 0.498641 0.5854648 -0.6392092
vn 0.08427981 0.7348054 -0.6730217
vn 2.097208E-08 0.707111 -0.7071027
vn -0.08428691 0.6730279 -0.7347989
vn -0.4986331 0.6392137 -0.5854666
vn 0.498652 0.7309505 -0.4658946
vn 0.0842806 0.8839565 -0.4599109
vn 2.568534E-08 0.8660269 -0.4999976
vn -0.08428346 0.8402725 -0.5355734
vn -0.4986467 0.7689551 -0.4000745
vn 0.4986416 0.8266304 -0.260843
vn 0.08427883 0.9728703 -0.2154547
vn 2.864824E-08 0.9659264 -0.2588172
vn -0.08428093 0.9502573 -0.2998466
vn -0.4986348 0.8463091 -0.1874156
vn 0.4986312 0.8659808 -0.03800634
vn 0.08428053 0.9954841 0.04368505
vn 2.965882E-08 1 -3.576279E-07
vn -0.08428048 0.9954844 -0.04368018
vn -0.4986316 0.86598 0.03801531
vn 0.4986727 0.8462867 0.1874155
vn 0.08428084 0.9502559 0.2998512
vn 2.864819E-08 0.9659251 0.2588219
vn -0.08428215 0.9728683 0.2154622
vn -0.4986344 0.8266349 0.2608419
vn 0.4986673 0.768944 0.4000702
vn 0.08428224 0.8402721 0.535574
vn 2.568529E-08 0.8660256 0.5000001
vn -0.08427906 0.8839574 0.4599093
vn -0.498635 0.7309591 0.4658993
vn 0.4082482 -0.8164968 -0.408248
vn 0.4082483 0.8164968 0.408248
vn 0.2182179 0.4364355 -0.8728718
vn 0.2182179 -0.4364355 0.8728718
vn 0.3396081 -0.03444993 0.939936
vn 0.2182179 -0.4364355 0.8728718
vn 0.2588001 -0.6632622 0.702215
vn 0.3498625 0.03331559 0.9362085
vn 0.2190647 0.08199951 0.9722586
vn 0.4082483 0.8164968 0.408248
vn 0.258793 0.7022229 0.6632566
vn 0.3395959 0.9399404 0.03445045
vn 0.3498497 0.9362134 -0.03331579
vn 0.219054 0.972261 -0.08200062
vn 0.2182179 0.4364355 -0.8728718
vn 0.2587946 0.6632589 -0.7022203
vn 0.3396015 0.0344501 -0.9399384
vn 0.3498558 -0.03331707 -0.936211
vn 0.2190586 -0.08200055 -0.97226
vn 0.4082482 -0.8164968 -0.408248
vn 0.2587945 -0.7022143 -0.6632652
vn 0.3396018 -0.9399385 -0.03444389
vn 0.3498536 -0.9362122 0.03330963
vn 0.2190602 -0.9722596 0.08200091
vn -1 2.965882E-08 -5.329071E-15
vn -0.9739466 -0.1706129 0.1493965
vn -0.9739468 -0.2147975 0.07273121
vn -0.9739468 -0.2262801 -0.01500339
vn -0.9739453 -0.2033238 -0.1004494
vn -0.9739442 -0.1494098 -0.1706147
vn -0.9739439 -0.07273695 -0.2148087
vn -0.9739439 0.01500403 -0.226292
vn -0.9739441 0.1004579 -0.2033247
vn -0.9739458 0.1706213 -0.1493924
vn -0.9739466 0.2148007 -0.07272378
vn -0.9739468 0.2262801 0.0150034
vn -0.9739464 0.2033158 0.1004544
vn -0.9739465 0.1493957 0.1706138
vn -0.9739468 0.07273124 0.2147975
vn -0.9739469 -0.01500951 0.2262786
vn -0.9739463 -0.1004568 0.2033152
vn -0.5646022 -0.5437306 0.6209521
vn -0.5646025 -0.2647226 0.7817584
vn -0.5646042 0.05459755 0.8235541
vn -0.564603 0.3656111 0.7399677
vn -0.5646021 0.62095 0.5437332
vn -0.5646032 0.7817611 0.2647131
vn -0.5646034 0.8235541 -0.05460534
vn -0.5646012 0.7399722 -0.3656047
vn -0.5646027 -0.73997 0.3656068
vn -0.5646035 -0.823554 0.05460535
vn -0.5646029 -0.7817619 -0.2647111
vn -0.5645979 -0.6209617 -0.543724
vn -0.5645946 -0.3656099 -0.7399747
vn -0.5645945 -0.05460425 -0.8235604
vn -0.5645953 0.2647125 -0.781767
vn -0.5645962 0.5437306 -0.6209576
vn 0.7131646 -0.3105223 0.6284683
vn 0.713164 -0.5273841 0.4618046
vn 0.7131639 -0.527392 0.4617956
vn 0.7131642 -0.3105213 0.6284692
vn 0.2309932 -0.289225 0.9289733
vn 0.7131648 -0.04637866 0.6994607
vn 0.3006748 0.03351416 0.9531378
vn 0.7131649 0.2248303 0.6639633
vn 0.7131649 -0.046384 0.6994601
vn 0.7131635 0.224825 0.6639666
vn -0.5646022 -0.5437306 0.6209521
vn 0.7131646 -0.3105223 0.6284683
vn -0.5646025 -0.2647226 0.7817584
vn -0.5646042 0.05459755 0.8235541
vn -0.564603 0.3656111 0.7399677
vn 0.7131649 -0.046384 0.6994601
vn 0.7131649 -0.046384 0.6994601
vn 0.7131642 -0.3105213 0.6284692
vn 0.7131646 -0.3105223 0.6284683
vn 0.7131648 -0.04637866 0.6994607
vn 0.1838709 -0.7531381 0.6316445
vn 0.2309932 -0.289225 0.9289733
vn 0.713164 -0.5273841 0.4618046
vn 0.7131639 -0.527392 0.4617956
vn 0.7131656 -0.6639678 0.2248148
vn 0.7131642 -0.6639659 0.2248253
vn -0.5646025 -0.2647226 0.7817584
vn -0.5646042 0.05459755 0.8235541
vn 0.7131646 -0.3105223 0.6284683
vn -0.5646027 -0.73997 0.3656068
vn -0.5646022 -0.5437306 0.6209521
vn 0.7131642 -0.6639659 0.2248253
vn 0.7131635 0.4618001 0.5273884
vn 0.7131635 0.224825 0.6639666
vn 0.7131649 0.2248303 0.6639633
vn 0.7131655 0.4617961 0.5273892
vn -0.564603 0.3656111 0.7399677
vn -0.5646021 0.62095 0.5437332
vn 0.7131649 0.2248303 0.6639633
vn 0.7131646 0.6284674 0.3105238
vn 0.7131655 0.4617961 0.5273892
vn 0.7131635 0.4618001 0.5273884
vn 0.7131635 0.6284741 0.3105128
vn -0.5646021 0.62095 0.5437332
vn -0.5646032 0.7817611 0.2647131
vn 0.7131635 0.4618001 0.5273884
vn 0.7131644 0.699461 0.0463773
vn 0.7131635 0.6284741 0.3105128
vn 0.7131646 0.6284674 0.3105238
vn 0.7131648 0.6994606 0.04637863
vn -0.5646032 0.7817611 0.2647131
vn -0.5646034 0.8235541 -0.05460534
vn 0.7131646 0.6284674 0.3105238
vn 0.7131649 0.6639633 -0.2248303
vn 0.7131648 0.6994606 0.04637863
vn 0.7131644 0.699461 0.0463773
vn 0.7131642 0.6639645 -0.2248292
vn -0.5646034 0.8235541 -0.05460534
vn -0.5646012 0.7399722 -0.3656047
vn 0.7131644 0.699461 0.0463773
vn 0.7131643 0.5273843 -0.4618038
vn 0.7131642 0.6639645 -0.2248292
vn 0.7131649 0.6639633 -0.2248303
vn 0.7131642 0.5273918 -0.4617953
vn -0.5646012 0.7399722 -0.3656047
vn -0.5645962 0.5437306 -0.6209576
vn 0.7131649 0.6639633 -0.2248303
vn 0.7131642 0.3105172 -0.6284713
vn 0.7131642 0.5273918 -0.4617953
vn 0.7131643 0.5273843 -0.4618038
vn 0.713164 0.3105192 -0.6284705
vn -0.5645962 0.5437306 -0.6209576
vn -0.5645953 0.2647125 -0.781767
vn 0.7131643 0.5273843 -0.4618038
vn 0.7131644 0.04637723 -0.6994612
vn 0.713164 0.3105192 -0.6284705
vn 0.7131642 0.3105172 -0.6284713
vn 0.713165 0.04637695 -0.6994606
vn -0.5645953 0.2647125 -0.781767
vn -0.5645945 -0.05460425 -0.8235604
vn 0.7131642 0.3105172 -0.6284713
vn 0.7131642 -0.224824 -0.6639662
vn 0.713165 0.04637695 -0.6994606
vn 0.7131644 0.04637723 -0.6994612
vn 0.7131643 -0.2248347 -0.6639625
vn -0.5645945 -0.05460425 -0.8235604
vn -0.5645946 -0.3656099 -0.7399747
vn 0.7131644 0.04637723 -0.6994612
vn 0.7131646 -0.4617994 -0.5273877
vn 0.7131643 -0.2248347 -0.6639625
vn 0.7131642 -0.224824 -0.6639662
vn 0.7131634 -0.4617941 -0.5273938
vn -0.5645946 -0.3656099 -0.7399747
vn -0.5645979 -0.6209617 -0.543724
vn 0.7131642 -0.224824 -0.6639662
vn 0.7131642 -0.6284712 -0.3105173
vn 0.7131634 -0.4617941 -0.5273938
vn 0.7131646 -0.4617994 -0.5273877
vn 0.7131659 -0.628467 -0.3105217
vn -0.5645979 -0.6209617 -0.543724
vn -0.5646029 -0.7817619 -0.2647111
vn 0.7131646 -0.4617994 -0.5273877
vn 0.7131644 -0.699461 -0.0463773
vn 0.7131659 -0.628467 -0.3105217
vn 0.7131642 -0.6284712 -0.3105173
vn 0.7131625 -0.6994635 -0.04637003
vn -0.5646029 -0.7817619 -0.2647111
vn -0.5646035 -0.823554 0.05460535
vn 0.7131642 -0.6284712 -0.3105173
vn 0.7131642 -0.6639659 0.2248253
vn 0.7131625 -0.6994635 -0.04637003
vn 0.7131644 -0.699461 -0.0463773
vn 0.7131656 -0.6639678 0.2248148
vn -0.5646035 -0.823554 0.05460535
vn -0.5646027 -0.73997 0.3656068
vn 0.7131644 -0.699461 -0.0463773
vn 1 -2.965882E-08 5.329071E-15
vn 0.7278702 -0.4631491 -0.5056659
vn 1 -2.965882E-08 5.329071E-15
vn 0.4869342 -0.7564186 -0.4367221
vn 0.7278641 -0.6694996 -0.1482711
vn 1 -2.965882E-08 5.329071E-15
vn 0.7278534 -0.6850737 0.03006337
vn 1 -2.965882E-08 5.329071E-15
vn 0.72786 -0.6539429 0.2063456
vn 1 -2.965882E-08 5.329071E-15
vn 0.7278641 -0.5782531 0.3685609
vn 1 -2.965882E-08 5.329071E-15
vn 0.7278601 -0.4631574 0.5056729
vn 1 -2.965882E-08 5.329071E-15
vn 0.7278696 -0.316497 0.6083055
vn 1 -2.965882E-08 5.329071E-15
vn 0.7278649 -0.148271 0.6694987
vn 1 -2.965882E-08 5.329071E-15
vn 0.7278591 0.03006598 0.6850674
vn 1 -2.965882E-08 5.329071E-15
vn 0.7278658 0.2063434 0.6539372
vn 1 -2.965882E-08 5.329071E-15
vn 0.727856 0.3685703 0.5782575
vn 1 -2.965882E-08 5.329071E-15
vn 0.727856 0.5056769 0.4631592
vn 1 -2.965882E-08 5.329071E-15
vn 0.7278557 0.6083199 0.3165015
vn 1 -2.965882E-08 5.329071E-15
vn 0.7278548 0.6695099 0.1482694
vn 1 -2.965882E-08 5.329071E-15
vn 0.7278534 0.6850736 -0.03006336
vn 1 -2.965882E-08 5.329071E-15
vn 0.7278557 0.6539462 -0.2063506
vn 1 -2.965882E-08 5.329071E-15
vn 0.7278593 0.5782553 -0.3685671
vn 1 -2.965882E-08 5.329071E-15
vn 0.7278674 0.4631524 -0.5056669
vn 1 -2.965882E-08 5.329071E-15
vn 0.727865 0.3164937 -0.6083127
vn 1 -2.965882E-08 5.329071E-15
vn 0.72786 0.1482685 -0.6695046
vn 1 -2.965882E-08 5.329071E-15
vn 0.7278644 -0.03006295 -0.6850619
vn 1 -2.965882E-08 5.329071E-15
vn 0.7278561 -0.2063543 -0.6539446
vn 1 -2.965882E-08 5.329071E-15
vn 0.9006351 -0.2172865 -0.3763548
vn 1 -2.965882E-08 5.329071E-15
vn -0.4122719 -0.4555314 -0.7890015
vn -0.6912404 -0.5328836 -0.4880799
vn -1 2.965882E-08 -5.329071E-15
vn -0.6912516 -0.1562487 -0.7055194
vn -1 2.965882E-08 -5.329071E-15
vn -0.6912475 0.03168338 -0.7219233
vn -1 2.965882E-08 -5.329071E-15
vn -0.691251 0.2174464 -0.689122
vn -1 2.965882E-08 -5.329071E-15
vn -0.6912434 0.3883993 -0.6093675
vn -1 2.965882E-08 -5.329071E-15
vn -0.6912493 0.5328794 -0.4880719
vn -1 2.965882E-08 -5.329071E-15
vn -0.6912559 0.641036 -0.3335237
vn -1 2.965882E-08 -5.329071E-15
vn -0.6912578 0.7055147 -0.1562433
vn -1 2.965882E-08 -5.329071E-15
vn -0.6912584 0.721913 0.03167866
vn -1 2.965882E-08 -5.329071E-15
vn -0.6912569 0.6891156 0.2174485
vn -1 2.965882E-08 -5.329071E-15
vn -0.691256 0.609357 0.3883933
vn -1 2.965882E-08 -5.329071E-15
vn -0.691256 0.488068 0.5328739
vn -1 2.965882E-08 -5.329071E-15
vn -0.6912505 0.3335219 0.641043
vn -1 2.965882E-08 -5.329071E-15
vn -0.6912465 0.1562449 0.7055253
vn -1 2.965882E-08 -5.329071E-15
vn -0.6912529 -0.03167941 0.7219182
vn -1 2.965882E-08 -5.329071E-15
vn -0.6912409 -0.2174571 0.6891289
vn -1 2.965882E-08 -5.329071E-15
vn -0.6912467 -0.3883998 0.6093634
vn -1 2.965882E-08 -5.329071E-15
vn -0.6912524 -0.5328774 0.4880695
vn -1 2.965882E-08 -5.329071E-15
vn -0.691247 -0.6410471 0.3335211
vn -1 2.965882E-08 -5.329071E-15
vn -0.6912578 -0.7055146 0.1562433
vn -1 2.965882E-08 -5.329071E-15
vn -0.6912534 -0.7219176 -0.03168304
vn -1 2.965882E-08 -5.329071E-15
vn -0.6912437 -0.6891267 -0.2174548
vn -1 2.965882E-08 -5.329071E-15
vn -0.8914638 -0.3923877 -0.2265487
vn -1 2.965882E-08 -5.329071E-15
vn -1 2.965882E-08 -5.329071E-15
vn 0.5630419 -0.6094339 -0.5581883
vn -0.07835356 -0.8406782 -0.5358369
vn -0.07835061 -0.6733512 -0.7351596
vn 0.5630545 -0.7331262 -0.381439
vn -2.097188E-08 -0.7071047 -0.707109
vn -2.568521E-08 -0.8660231 -0.5000045
vn 0.07834799 -0.7351606 -0.6733505
vn 0.07835075 -0.8843829 -0.4601395
vn -0.5630885 -0.6968743 -0.4441819
vn -0.5630847 -0.558174 -0.6094075
vn -0.5630819 -0.7880954 -0.248686
vn 0.07835095 -0.9733422 -0.2155602
vn -2.864818E-08 -0.9659246 -0.2588241
vn -0.07835382 -0.9507175 -0.2999952
vn 0.5630849 -0.8068495 -0.1786881
vn -0.5630841 -0.825605 -0.03623533
vn 0.07835019 -0.9959676 0.04370474
vn -2.965882E-08 -1 3.576279E-07
vn -0.07835199 -0.9959673 -0.04370787
vn 0.5630852 -0.8256043 0.03623324
vn -0.5630572 -0.8068689 0.1786877
vn 0.07834854 -0.9507197 0.2999896
vn -2.864823E-08 -0.9659261 0.2588187
vn -0.07835072 -0.9733422 0.215561
vn 0.5630835 -0.7880957 0.2486808
vn -0.56304 -0.7331383 0.3814371
vn 0.07834872 -0.8406824 0.535831
vn -2.568532E-08 -0.8660263 0.4999988
vn -0.07834801 -0.8843859 0.460134
vn 0.5630797 -0.6968817 0.4441816
vn -0.5630395 -0.609434 0.5581908
vn 0.07835192 -0.6733496 0.7351609
vn -2.097209E-08 -0.7071113 0.7071024
vn -0.07834905 -0.7351615 0.6733493
vn 0.5630713 -0.5581803 0.6094142
vn -0.5630416 -0.4441953 0.6969038
vn 0.07835377 -0.4601325 0.8843862
vn -1.482943E-08 -0.5000005 0.8660253
vn -0.07834868 -0.5358377 0.8406782
vn 0.5630437 -0.3814413 0.7331334
vn -0.5630424 -0.248692 0.7881216
vn 0.07835225 -0.215561 0.9733419
vn -7.676329E-09 -0.2588208 0.9659255
vn -0.07834855 -0.2999947 0.9507181
vn 0.5630425 -0.1786889 0.8068789
vn -0.5630404 -0.03623447 0.8256348
vn 0.07835218 0.04370218 0.9959675
vn 0 3.576279E-07 1
vn -0.07835071 -0.04370495 0.9959675
vn 0.5630438 0.03623347 0.8256325
vn -0.5630386 0.1786919 0.806881
vn 0.07835276 0.2999911 0.9507189
vn 7.676271E-09 0.2588196 0.9659258
vn -0.07834824 0.2155581 0.973343
vn 0.5630456 0.2486875 0.7881207
vn -0.5630399 0.3814358 0.7331392
vn 0.07835085 0.5358322 0.8406814
vn 1.482948E-08 0.5000027 0.866024
vn -0.07834856 0.4601375 0.8843842
vn 0.5630622 0.4441932 0.6968884
vn -0.5630406 0.5581888 0.6094348
vn 0.07834921 0.7351583 0.6733528
vn 2.097184E-08 0.7071035 0.7071102
vn -0.0783478 0.6733492 0.7351615
vn 0.563084 0.6094124 0.5581694
vn -0.5630407 0.6969056 0.4441937
vn 0.07835315 0.8843858 0.4601332
vn 2.56852E-08 0.8660227 0.500005
vn -0.07835029 0.840678 0.5358375
vn 0.5630821 0.7331117 0.3814259
vn -0.5630448 0.7881213 0.2486877
vn 0.07835322 0.9733422 0.2155598
vn 2.86482E-08 0.9659255 0.2588208
vn -0.07835209 0.9507175 0.2999957
vn 0.5630859 0.8068488 0.178688
vn -0.5630718 0.8256131 0.03623803
vn 0.07835153 0.9959673 -0.04370904
vn 2.965882E-08 1 -3.576279E-07
vn -0.07835171 0.9959674 0.04370678
vn 0.5630852 0.8256042 -0.03623372
vn -0.5630859 0.8068488 -0.1786886
vn 0.07835062 0.9507173 -0.2999965
vn 2.864821E-08 0.9659254 -0.2588211
vn -0.07835194 0.9733424 -0.2155595
vn 0.5630698 0.7881036 -0.248687
vn -0.5630821 0.7331115 -0.3814264
vn 0.07834868 0.8406788 -0.5358368
vn 2.568525E-08 0.866024 -0.5000027
vn -0.07835066 0.884387 -0.4601316
vn 0.5630386 0.6969053 -0.4441967
vn -0.5630836 0.6094126 -0.5581696
vn 0.07834638 0.6733509 -0.7351604
vn 2.097195E-08 0.7071066 -0.7071071
vn -0.07835055 0.7351599 -0.6733507
vn 0.5630427 0.5581923 -0.6094297
vn -0.5630848 0.4441805 -0.6968781
vn 0.07834581 0.4601335 -0.8843865
vn 1.482948E-08 0.5000021 -0.8660244
vn -0.07835042 0.535838 -0.8406777
vn 0.5630399 0.3814394 -0.7331372
vn -0.5630814 0.2486741 -0.7880993
vn 0.0783487 0.2155578 -0.973343
vn 7.67627E-09 0.2588188 -0.965926
vn -0.07835196 0.2999893 -0.9507195
vn 0.5630377 0.1786903 -0.806882
vn -0.5630823 0.03623319 -0.8256062
vn 0.07835004 -0.04370528 -0.9959675
vn 0 -3.576279E-07 -1
vn -0.07835198 0.0437082 -0.9959673
vn 0.5630387 -0.03623025 -0.8256361
vn -0.5630824 -0.1786847 -0.806852
vn 0.07834656 -0.2999976 -0.9507173
vn -7.676393E-09 -0.2588237 -0.9659247
vn -0.07835338 -0.2155554 -0.9733431
vn 0.5630382 -0.2486882 -0.7881258
vn -0.563083 -0.3814285 -0.7331098
vn 0.07834564 -0.5358388 -0.8406776
vn -1.482953E-08 -0.5000045 -0.8660229
vn -0.07835145 -0.4601348 -0.8843852
vn 0.5630425 -0.4441966 -0.6969023
vn -0.9802691 0.1062442 0.1666872
vn -0.5630847 -0.558174 -0.6094075
vn -0.9802665 0.1457749 0.1335187
vn -0.563083 -0.3814285 -0.7331098
vn -0.4986486 0.5854628 0.639205
vn -0.4986399 0.4000745 0.7689595
vn -0.9802665 0.1457749 0.1335187
vn -0.980266 0.05948436 0.1885206
vn -0.563083 -0.3814285 -0.7331098
vn -0.9802691 0.1062442 0.1666872
vn -0.5630824 -0.1786847 -0.806852
vn -0.4986399 0.4000745 0.7689595
vn -0.4986271 0.1874213 0.8463123
vn -0.9802691 0.1062442 0.1666872
vn -0.9802639 0.008667474 0.197503
vn -0.5630824 -0.1786847 -0.806852
vn -0.980266 0.05948436 0.1885206
vn -0.5630823 0.03623319 -0.8256062
vn -0.4986271 0.1874213 0.8463123
vn -0.4986314 -0.03800226 0.8659809
vn -0.980266 0.05948436 0.1885206
vn -0.9802657 -0.04274308 0.1930084
vn -0.5630823 0.03623319 -0.8256062
vn -0.9802639 0.008667474 0.197503
vn -0.5630814 0.2486741 -0.7880993
vn -0.4986314 -0.03800226 0.8659809
vn -0.4986356 -0.2608372 0.8266358
vn -0.9802639 0.008667474 0.197503
vn -0.9802657 -0.09124102 0.1753688
vn -0.5630814 0.2486741 -0.7880993
vn -0.9802657 -0.04274308 0.1930084
vn -0.5630848 0.4441805 -0.6968781
vn -0.4986356 -0.2608372 0.8266358
vn -0.4986338 -0.4658975 0.730961
vn -0.9802657 -0.04274308 0.1930084
vn -0.9802672 -0.1335151 0.1457736
vn -0.5630848 0.4441805 -0.6968781
vn -0.9802657 -0.09124102 0.1753688
vn -0.5630836 0.6094126 -0.5581696
vn -0.4986338 -0.4658975 0.730961
vn -0.4986502 -0.6392059 0.5854605
vn -0.9802657 -0.09124102 0.1753688
vn -0.9802698 -0.1666846 0.1062415
vn -0.5630836 0.6094126 -0.5581696
vn -0.9802672 -0.1335151 0.1457736
vn -0.5630821 0.7331115 -0.3814264
vn -0.4986502 -0.6392059 0.5854605
vn -0.4986471 -0.7689537 0.4000769
vn -0.9802672 -0.1335151 0.1457736
vn -0.9802663 -0.1885188 0.05948694
vn -0.5630821 0.7331115 -0.3814264
vn -0.9802698 -0.1666846 0.1062415
vn -0.5630859 0.8068488 -0.1786886
vn -0.4986471 -0.7689537 0.4000769
vn -0.4986342 -0.8463072 0.1874252
vn -0.9802698 -0.1666846 0.1062415
vn -0.9802635 -0.1975049 0.008672286
vn -0.5630859 0.8068488 -0.1786886
vn -0.9802663 -0.1885188 0.05948694
vn -0.5630718 0.8256131 0.03623803
vn -0.4986342 -0.8463072 0.1874252
vn -0.4986309 -0.8659813 -0.03799768
vn -0.9802663 -0.1885188 0.05948694
vn -0.9802704 -0.1929875 -0.04272927
vn -0.5630718 0.8256131 0.03623803
vn -0.9802635 -0.1975049 0.008672286
vn -0.5630448 0.7881213 0.2486877
vn -0.4986309 -0.8659813 -0.03799768
vn -0.4986369 -0.8266342 -0.2608399
vn -0.9802635 -0.1975049 0.008672286
vn -0.980274 -0.1753311 -0.09122427
vn -0.5630448 0.7881213 0.2486877
vn -0.9802704 -0.1929875 -0.04272927
vn -0.5630407 0.6969056 0.4441937
vn -0.4986369 -0.8266342 -0.2608399
vn -0.4986296 -0.7309586 -0.4659058
vn -0.9802704 -0.1929875 -0.04272927
vn -0.9802728 -0.1457511 -0.1334986
vn -0.5630407 0.6969056 0.4441937
vn -0.980274 -0.1753311 -0.09122427
vn -0.5630406 0.5581888 0.6094348
vn -0.4986296 -0.7309586 -0.4659058
vn -0.4986334 -0.5854669 -0.6392131
vn -0.980274 -0.1753311 -0.09122427
vn -0.9802768 -0.1062245 -0.1666546
vn -0.5630406 0.5581888 0.6094348
vn -0.9802728 -0.1457511 -0.1334986
vn -0.5630399 0.3814358 0.7331392
vn -0.4986334 -0.5854669 -0.6392131
vn -0.4986596 -0.4000741 -0.768947
vn -0.9802728 -0.1457511 -0.1334986
vn -0.9802833 -0.05946219 -0.188438
vn -0.5630399 0.3814358 0.7331392
vn -0.9802768 -0.1062245 -0.1666546
vn -0.5630386 0.1786919 0.806881
vn -0.4986596 -0.4000741 -0.768947
vn -0.4986602 -0.1874162 -0.8462939
vn -0.9802768 -0.1062245 -0.1666546
vn -0.9802786 -0.008660128 -0.1974314
vn -0.5630386 0.1786919 0.806881
vn -0.9802833 -0.05946219 -0.188438
vn -0.5630404 -0.03623447 0.8256348
vn -0.4986602 -0.1874162 -0.8462939
vn -0.4986312 0.03800814 -0.8659807
vn -0.9802833 -0.05946219 -0.188438
vn -0.9802757 0.04273293 -0.1929598
vn -0.5630404 -0.03623447 0.8256348
vn -0.9802786 -0.008660128 -0.1974314
vn -0.5630424 -0.248692 0.7881216
vn -0.4986312 0.03800814 -0.8659807
vn -0.4986376 0.2608403 -0.8266336
vn -0.9802786 -0.008660128 -0.1974314
vn -0.9802747 0.09122217 -0.175328
vn -0.5630424 -0.248692 0.7881216
vn -0.9802757 0.04273293 -0.1929598
vn -0.5630416 -0.4441953 0.6969038
vn -0.4986376 0.2608403 -0.8266336
vn -0.4986306 0.465906 -0.7309578
vn -0.9802757 0.04273293 -0.1929598
vn -0.9802728 0.1334987 -0.1457512
vn -0.5630416 -0.4441953 0.6969038
vn -0.9802747 0.09122217 -0.175328
vn -0.5630395 -0.609434 0.5581908
vn -0.4986306 0.465906 -0.7309578
vn -0.4986331 0.6392137 -0.5854666
vn -0.9802747 0.09122217 -0.175328
vn -0.9802776 0.1666515 -0.106222
vn -0.5630395 -0.609434 0.5581908
vn -0.9802728 0.1334987 -0.1457512
vn -0.56304 -0.7331383 0.3814371
vn -0.4986331 0.6392137 -0.5854666
vn -0.4986467 0.7689551 -0.4000745
vn -0.9802728 0.1334987 -0.1457512
vn -0.9802772 0.1884693 -0.05946301
vn -0.56304 -0.7331383 0.3814371
vn -0.9802776 0.1666515 -0.106222
vn -0.5630572 -0.8068689 0.1786877
vn -0.4986467 0.7689551 -0.4000745
vn -0.4986348 0.8463091 -0.1874156
vn -0.9802776 0.1666515 -0.106222
vn -0.9802673 0.1974872 -0.008655672
vn -0.5630572 -0.8068689 0.1786877
vn -0.9802772 0.1884693 -0.05946301
vn -0.5630841 -0.825605 -0.03623533
vn -0.4986348 0.8463091 -0.1874156
vn -0.4986316 0.86598 0.03801531
vn -0.9802772 0.1884693 -0.05946301
vn -0.9802657 0.1930076 0.04274512
vn -0.5630841 -0.825605 -0.03623533
vn -0.9802673 0.1974872 -0.008655672
vn -0.5630819 -0.7880954 -0.248686
vn -0.4986316 0.86598 0.03801531
vn -0.4986344 0.8266349 0.2608419
vn -0.9802673 0.1974872 -0.008655672
vn -0.9802644 0.1753747 0.09124428
vn -0.5630819 -0.7880954 -0.248686
vn -0.9802657 0.1930076 0.04274512
vn -0.5630885 -0.6968743 -0.4441819
vn -0.4986344 0.8266349 0.2608419
vn -0.498635 0.7309591 0.4658993
vn -0.9802657 0.1930076 0.04274512
vn -0.9802665 0.1457749 0.1335187
vn -0.5630885 -0.6968743 -0.4441819
vn -0.9802644 0.1753747 0.09124428
vn -0.5630847 -0.558174 -0.6094075
vn -0.498635 0.7309591 0.4658993
vn -0.9802665 0.1457749 0.1335187
vn -0.4986486 0.5854628 0.639205
vn 0.7131635 0.224825 0.6639666
vn 0.3006748 0.03351416 0.9531378
vn 0.7131648 -0.04637866 0.6994607
vn 0.2900677 0.3447295 0.8927612
vn 0.7131655 0.4617961 0.5273892
vn 0.2900677 0.3447295 0.8927612
vn 0.7131635 0.224825 0.6639666
vn 0.183872 0.6316488 0.7531342
vn 0.7131635 0.6284741 0.3105128
vn 0.183872 0.6316488 0.7531342
vn 0.7131655 0.4617961 0.5273892
vn 2.809205E-08 0.947174 0.3207207
vn 0.7131648 0.6994606 0.04637863
vn 2.809205E-08 0.947174 0.3207207
vn 0.7131635 0.6284741 0.3105128
vn 2.959384E-08 0.9978091 -0.06616173
vn 0.7131642 0.6639645 -0.2248292
vn 2.959384E-08 0.9978091 -0.06616173
vn 0.7131648 0.6994606 0.04637863
vn 0.2900546 0.892764 -0.3447333
vn 0.7131642 0.5273918 -0.4617953
vn 0.2900546 0.892764 -0.3447333
vn 0.7131642 0.6639645 -0.2248292
vn 0.1838667 0.7531397 -0.6316438
vn 0.713164 0.3105192 -0.6284705
vn 0.1838667 0.7531397 -0.6316438
vn 0.7131642 0.5273918 -0.4617953
vn 0.2309877 0.2892186 -0.9289766
vn 0.713165 0.04637695 -0.6994606
vn 0.2309877 0.2892186 -0.9289766
vn 0.713164 0.3105192 -0.6284705
vn 0.3006692 -0.03351771 -0.9531395
vn 0.7131643 -0.2248347 -0.6639625
vn 0.3006692 -0.03351771 -0.9531395
vn 0.713165 0.04637695 -0.6994606
vn 0.2900605 -0.3447373 -0.8927605
vn 0.7131634 -0.4617941 -0.5273938
vn 0.2900605 -0.3447373 -0.8927605
vn 0.7131643 -0.2248347 -0.6639625
vn 0.1838656 -0.631633 -0.7531489
vn 0.7131659 -0.628467 -0.3105217
vn 0.1838656 -0.631633 -0.7531489
vn 0.7131634 -0.4617941 -0.5273938
vn 0.2309897 -0.9289784 -0.2892111
vn 0.7131625 -0.6994635 -0.04637003
vn 0.2309897 -0.9289784 -0.2892111
vn 0.7131659 -0.628467 -0.3105217
vn -2.959386E-08 -0.9978099 0.06614925
vn 0.7131656 -0.6639678 0.2248148
vn -2.959386E-08 -0.9978099 0.06614925
vn 0.7131625 -0.6994635 -0.04637003
vn -2.659026E-08 -0.8965381 0.442967
vn 0.713164 -0.5273841 0.4618046
vn -2.659026E-08 -0.8965381 0.442967
vn 0.7131656 -0.6639678 0.2248148
vn 0.1838709 -0.7531381 0.6316445
vn 0.2309932 -0.289225 0.9289733
vn 0.2588001 -0.6632622 0.702215
vn 0.1838709 -0.7531381 0.6316445
vn 0.3396081 -0.03444993 0.939936
vn 0.3006748 0.03351416 0.9531378
vn 0.3498625 0.03331559 0.9362085
vn 0.2900677 0.3447295 0.8927612
vn 0.2190647 0.08199951 0.9722586
vn 0.183872 0.6316488 0.7531342
vn 0.258793 0.7022229 0.6632566
vn 0.4527521 0.8584482 0.2410031
vn 0.3395959 0.9399404 0.03445045
vn 0.5711691 0.8208301 0.001967268
vn 0.3498497 0.9362134 -0.03331579
vn 0.2900546 0.892764 -0.3447333
vn 0.219054 0.972261 -0.08200062
vn 0.1838667 0.7531397 -0.6316438
vn 0.2587946 0.6632589 -0.7022203
vn 0.2309877 0.2892186 -0.9289766
vn 0.3396015 0.0344501 -0.9399384
vn 0.3006692 -0.03351771 -0.9531395
vn 0.3498558 -0.03331707 -0.936211
vn 0.2900605 -0.3447373 -0.8927605
vn 0.2190586 -0.08200055 -0.97226
vn 0.1838656 -0.631633 -0.7531489
vn 0.2587945 -0.7022143 -0.6632652
vn 0.2309897 -0.9289784 -0.2892111
vn 0.3396018 -0.9399385 -0.03444389
vn 0.5711719 -0.8208282 -0.001966559
vn 0.3498536 -0.9362122 0.03330963
vn 0.5540978 -0.8046198 0.2134541
vn 0.2190602 -0.9722596 0.08200091
vn 0.5630425 -0.4441966 -0.6969023
vn 0.9802763 0.1334848 0.1457403
vn 0.5630419 -0.6094339 -0.5581883
vn 0.9802749 0.09122025 0.1753286
vn 0.4986376 0.4658969 0.7309589
vn 0.9802749 0.09122025 0.1753286
vn 0.498653 0.6392053 0.5854587
vn 0.9802749 0.09122025 0.1753286
vn 0.5630382 -0.2486882 -0.7881258
vn 0.9802757 0.042732 0.1929601
vn 0.5630425 -0.4441966 -0.6969023
vn 0.4986373 0.2608349 0.8266354
vn 0.9802749 0.09122025 0.1753286
vn 0.4986376 0.4658969 0.7309589
vn 0.9802757 0.042732 0.1929601
vn 0.5630387 -0.03623025 -0.8256361
vn 0.9802752 -0.008664254 0.1974476
vn 0.5630382 -0.2486882 -0.7881258
vn 0.4986316 0.03800288 0.8659807
vn 0.9802757 0.042732 0.1929601
vn 0.4986373 0.2608349 0.8266354
vn 0.9802752 -0.008664254 0.1974476
vn 0.5630377 0.1786903 -0.806882
vn 0.9802757 -0.059471 0.1884749
vn 0.5630387 -0.03623025 -0.8256361
vn 0.4986381 -0.1874178 0.8463065
vn 0.9802752 -0.008664254 0.1974476
vn 0.4986316 0.03800288 0.8659807
vn 0.9802757 -0.059471 0.1884749
vn 0.5630399 0.3814394 -0.7331372
vn 0.980275 -0.106227 0.166664
vn 0.5630377 0.1786903 -0.806882
vn 0.4986363 -0.4000747 0.7689617
vn 0.9802757 -0.059471 0.1884749
vn 0.4986381 -0.1874178 0.8463065
vn 0.980275 -0.106227 0.166664
vn 0.5630427 0.5581923 -0.6094297
vn 0.9802788 -0.1457308 0.1334766
vn 0.5630399 0.3814394 -0.7331372
vn 0.4986442 -0.5854636 0.6392077
vn 0.980275 -0.106227 0.166664
vn 0.4986363 -0.4000747 0.7689617
vn 0.9802788 -0.1457308 0.1334766
vn 0.5630386 0.6969053 -0.4441967
vn 0.9802794 -0.1753103 0.09120562
vn 0.5630427 0.5581923 -0.6094297
vn 0.4986539 -0.7309498 0.4658935
vn 0.9802788 -0.1457308 0.1334766
vn 0.4986442 -0.5854636 0.6392077
vn 0.9802794 -0.1753103 0.09120562
vn 0.5630698 0.7881036 -0.248687
vn 0.9802726 -0.192977 0.04272721
vn 0.5630386 0.6969053 -0.4441967
vn 0.4986799 -0.8266103 0.2608328
vn 0.9802794 -0.1753103 0.09120562
vn 0.4986539 -0.7309498 0.4658935
vn 0.9802726 -0.192977 0.04272721
vn 0.5630852 0.8256042 -0.03623372
vn 0.9802637 -0.1975049 -0.008666474
vn 0.5630698 0.7881036 -0.248687
vn 0.4986497 -0.8659705 0.03799868
vn 0.9802726 -0.192977 0.04272721
vn 0.4986799 -0.8266103 0.2608328
vn 0.9802637 -0.1975049 -0.008666474
vn 0.5630859 0.8068488 0.178688
vn 0.9802663 -0.1885189 -0.05948681
vn 0.5630852 0.8256042 -0.03623372
vn 0.4986342 -0.8463074 -0.1874246
vn 0.9802637 -0.1975049 -0.008666474
vn 0.4986497 -0.8659705 0.03799868
vn 0.9802663 -0.1885189 -0.05948681
vn 0.5630821 0.7331117 0.3814259
vn 0.9802698 -0.1666847 -0.1062414
vn 0.5630859 0.8068488 0.178688
vn 0.4986471 -0.768954 -0.4000764
vn 0.9802663 -0.1885189 -0.05948681
vn 0.4986342 -0.8463074 -0.1874246
vn 0.9802698 -0.1666847 -0.1062414
vn 0.563084 0.6094124 0.5581694
vn 0.9802715 -0.1335009 -0.145757
vn 0.5630821 0.7331117 0.3814259
vn 0.49865 -0.6392083 -0.585458
vn 0.9802698 -0.1666847 -0.1062414
vn 0.4986471 -0.768954 -0.4000764
vn 0.9802715 -0.1335009 -0.145757
vn 0.5630622 0.4441932 0.6968884
vn 0.9802755 -0.09121664 -0.1753276
vn 0.563084 0.6094124 0.5581694
vn 0.4986472 -0.4658951 -0.7309535
vn 0.9802715 -0.1335009 -0.145757
vn 0.49865 -0.6392083 -0.585458
vn 0.9802755 -0.09121664 -0.1753276
vn 0.5630456 0.2486875 0.7881207
vn 0.9802731 -0.04273656 -0.1929723
vn 0.5630622 0.4441932 0.6968884
vn 0.4986329 -0.2608369 -0.8266376
vn 0.9802755 -0.09121664 -0.1753276
vn 0.4986472 -0.4658951 -0.7309535
vn 0.9802731 -0.04273656 -0.1929723
vn 0.5630438 0.03623347 0.8256325
vn 0.9802735 0.008665222 -0.1974559
vn 0.5630456 0.2486875 0.7881207
vn 0.4986295 -0.03800287 -0.8659819
vn 0.9802731 -0.04273656 -0.1929723
vn 0.4986329 -0.2608369 -0.8266376
vn 0.9802735 0.008665222 -0.1974559
vn 0.5630425 -0.1786889 0.8068789
vn 0.9802756 0.05947108 -0.1884754
vn 0.5630438 0.03623347 0.8256325
vn 0.4986347 0.1874209 -0.8463078
vn 0.9802735 0.008665222 -0.1974559
vn 0.4986295 -0.03800287 -0.8659819
vn 0.9802756 0.05947108 -0.1884754
vn 0.5630437 -0.3814413 0.7331334
vn 0.9802719 0.1062335 -0.1666776
vn 0.5630425 -0.1786889 0.8068789
vn 0.4986323 0.4000758 -0.7689639
vn 0.9802756 0.05947108 -0.1884754
vn 0.4986347 0.1874209 -0.8463078
vn 0.9802719 0.1062335 -0.1666776
vn 0.5630713 -0.5581803 0.6094142
vn 0.9802697 0.1457639 -0.133507
vn 0.5630437 -0.3814413 0.7331334
vn 0.498641 0.5854648 -0.6392092
vn 0.9802719 0.1062335 -0.1666776
vn 0.4986323 0.4000758 -0.7689639
vn 0.9802697 0.1457639 -0.133507
vn 0.5630797 -0.6968817 0.4441816
vn 0.980269 0.175354 -0.09123444
vn 0.5630713 -0.5581803 0.6094142
vn 0.498652 0.7309505 -0.4658946
vn 0.9802697 0.1457639 -0.133507
vn 0.498641 0.5854648 -0.6392092
vn 0.980269 0.175354 -0.09123444
vn 0.5630835 -0.7880957 0.2486808
vn 0.9802642 0.1930155 -0.04274581
vn 0.5630797 -0.6968817 0.4441816
vn 0.4986416 0.8266304 -0.260843
vn 0.980269 0.175354 -0.09123444
vn 0.498652 0.7309505 -0.4658946
vn 0.9802642 0.1930155 -0.04274581
vn 0.5630852 -0.8256043 0.03623324
vn 0.9802679 0.1974838 0.008661401
vn 0.5630835 -0.7880957 0.2486808
vn 0.4986312 0.8659808 -0.03800634
vn 0.9802642 0.1930155 -0.04274581
vn 0.4986416 0.8266304 -0.260843
vn 0.9802679 0.1974838 0.008661401
vn 0.5630849 -0.8068495 -0.1786881
vn 0.9802776 0.1884669 0.0594648
vn 0.5630852 -0.8256043 0.03623324
vn 0.4986727 0.8462867 0.1874155
vn 0.9802679 0.1974838 0.008661401
vn 0.4986312 0.8659808 -0.03800634
vn 0.9802776 0.1884669 0.0594648
vn 0.5630545 -0.7331262 -0.381439
vn 0.980279 0.1666494 0.1062123
vn 0.5630849 -0.8068495 -0.1786881
vn 0.4986673 0.768944 0.4000702
vn 0.9802776 0.1884669 0.0594648
vn 0.4986727 0.8462867 0.1874155
vn 0.5630419 -0.6094339 -0.5581883
vn 0.980279 0.1666494 0.1062123
vn 0.5630545 -0.7331262 -0.381439
vn 0.9802763 0.1334848 0.1457403
vn 0.980279 0.1666494 0.1062123
vn 0.498653 0.6392053 0.5854587
vn 0.4986673 0.768944 0.4000702
vn 0.6305295 -0.7366951 0.2443625
vn 0.5998267 0.6504833 -0.465918
vn 0.5998267 0.6504833 -0.465918
vn 0.5957785 -0.6906192 0.4099916
vn 0.3207155 0.3908257 -0.8627845
vn 0.4671959 0.1720975 -0.8672431
vn 0.6368479 -0.356487 0.6836241
vn 0.4706815 0.8798512 0.06573422
vn 0.2649786 0.1324872 0.9551092
vn 0.7770921 -0.5081643 -0.371345
vn 0.6970065 0.7125307 0.08051082
vn 0.6879951 -0.6218328 -0.3741479
vn 0.4523568 0.7879315 0.4177768
vn 0.5617176 -0.5583357 -0.61052
vn 0.6879951 -0.6218328 -0.3741479
vn 0.39189 0.6653411 -0.6354082
vn 0.6970065 0.7125307 0.08051082
vn 0.3206933 -0.5518184 -0.7698392
vn 0.5617176 -0.5583357 -0.61052

vt 0.163904 0.919831
vt 0.177657 0.933584
vt 0.177657 0.919831
vt 0.163904 0.933584
vt 0.163904 0.919831
vt 0.177657 0.933584
vt 0.177657 0.919831
vt 0.177657 0.933584
vt 0.163904 0.933584
vt 0.163904 0.919831
vt 0.177657 0.933584
vt 0.163904 0.933584
vt 0.163904 0.919831
vt 0.177657 0.933584
vt 0.163904 0.933584
vt 0.163904 0.919831
vt 0.177657 0.933584
vt 0.177657 0.919831
vt 0.163904 0.919831
vt 0.177657 0.919831
vt 0.163904 0.933584
vt 0.163904 0.919831
vt 0.177657 0.933584
vt 0.177657 0.919831
vt 0.163904 0.933584
vt 0.163904 0.919831
vt 0.177657 0.933584
vt 0.177657 0.919831
vt 0.177657 0.933584
vt 0.177657 0.919831
vt 0.163904 0.933584
vt 0.163904 0.919831
vt 0.177657 0.919831
vt 0.163904 0.933584
vt 0.177657 0.933584
vt 0.177657 0.919831
vt 0.163904 0.933584
vt 0.163904 0.919831
vt 0.177657 0.933584
vt 0.177657 0.919831
vt 0.163904 0.919831
vt 0.177657 0.933584
vt 0.163904 0.933584
vt 0.163904 0.919831
vt 0.177657 0.919831
vt 0.177657 0.933584
vt 0.163904 0.919831
vt 0.177657 0.919831
vt 0.163904 0.933584
vt 0.177657 0.933584
vt 0.177657 0.919831
vt 0.163904 0.933584
vt 0.163904 0.919831
vt 0.177657 0.919831
vt 0.163904 0.919831
vt 0.177657 0.933584
vt 0.177657 0.919831
vt 0.177657 0.933584
vt 0.163904 0.933584
vt 0.163904 0.919831
vt 0.177657 0.933584
vt 0.177657 0.919831
vt 0.177657 0.919831
vt 0.163904 0.933584
vt 0.163904 0.919831
vt 0.177657 0.933584
vt 0.177657 0.919831
vt 0.163904 0.919831
vt 0.177657 0.933584
vt 0.177657 0.919831
vt 0.163904 0.933584
vt 0.177657 0.933584
vt 0.177657 0.919831
vt 0.163904 0.933584
vt 0.163904 0.919831
vt 0.177657 0.933584
vt 0.163904 0.933584
vt 0.163904 0.919831
vt 0.177657 0.933584
vt 0.163904 0.933584
vt 0.163904 0.919831
vt 0.177657 0.933584
vt 0.163904 0.933584
vt 0.177657 0.933584
vt 0.177657 0.919831
vt 0.163904 0.919831
vt 0.177657 0.933584
vt 0.177657 0.919831
vt 0.163904 0.933584
vt 0.163904 0.919831
vt 0.177657 0.933584
vt 0.177657 0.919831
vt 0.163904 0.919831
vt 0.177657 0.919831
vt 0.163904 0.933584
vt 0.163904 0.919831
vt 0.177657 0.933584
vt 0.163904 0.933584
vt 0.163904 0.919831
vt 0.177657 0.919831
vt 0.163904 0.933584
vt 0.177657 0.933584
vt 0.163904 0.933584
vt 0.177657 0.919831
vt 0.163904 0.933584
vt 0.163904 0.919831
vt 0.177657 0.933584
vt 0.177657 0.919831
vt 0.163904 0.933584
vt 0.163904 0.919831
vt 0.177657 0.933584
vt 0.163904 0.933584
vt 0.163904 0.919831
vt 0.177657 0.933584
vt 0.177657 0.919831
vt 0.177657 0.933584
vt 0.177657 0.919831
vt 0.163904 0.933584
vt 0.177657 0.919831
vt 0.163904 0.933584
vt 0.163904 0.919831
vt 0.177657 0.919831
vt 0.163904 0.919831
vt 0.177657 0.933584
vt 0.163904 0.933584
vt 0.177657 0.933584
vt 0.177657 0.919831
vt 0.163904 0.919831
vt 0.177657 0.933584
vt 0.163904 0.919831
vt 0.177657 0.919831
vt 0.163904 0.933584
vt 0.163904 0.919831
vt 0.177657 0.933584
vt 0.177657 0.919831
vt 0.163904 0.933584
vt 0.163904 0.919831
vt 0.177657 0.933584
vt 0.177657 0.919831
vt 0.163904 0.919831
vt 0.163904 0.933584
vt 0.177657 0.933584
vt 0.163904 0.919831
vt 0.177657 0.919831
vt 0.163904 0.933584
vt 0.163904 0.919831
vt 0.177657 0.933584
vt 0.163904 0.933584
vt 0.177657 0.919831
vt 0.163904 0.933584
vt 0.177657 0.933584
vt 0.163904 0.919831
vt 0.163904 0.933584
vt 0.177657 0.919831
vt 0.163904 0.919831
vt 0.177657 0.919831
vt 0.163904 0.933584
vt 0.163904 0.919831
vt 0.177657 0.933584
vt 0.177657 0.919831
vt 0.163904 0.919831
vt 0.177657 0.933584
vt 0.163904 0.933584
vt 0.163904 0.919831
vt 0.177657 0.933584
vt 0.177657 0.919831
vt 0.163904 0.919831
vt 0.177657 0.933584
vt 0.163904 0.933584
vt 0.177657 0.933584
vt 0.177657 0.919831
vt 0.163904 0.933584
vt 0.163904 0.919831
vt 0.177657 0.933584
vt 0.177657 0.919831
vt 0.163904 0.933584
vt 0.163904 0.919831
vt 0.177657 0.933584
vt 0.163904 0.933584
vt 0.163904 0.919831
vt 0.177657 0.933584
vt 0.177657 0.919831
vt 0.177657 0.933584
vt 0.177657 0.919831
vt 0.163904 0.933584
vt 0.177657 0.919831
vt 0.163904 0.933584
vt 0.163904 0.919831
vt 0.177657 0.919831
vt 0.163904 0.919831
vt 0.177657 0.933584
vt 0.163904 0.933584
vt 0.177657 0.933584
vt 0.177657 0.919831
vt 0.163904 0.919831
vt 0.177657 0.933584
vt 0.163904 0.919831
vt 0.177657 0.919831
vt 0.163904 0.933584
vt 0.163904 0.919831
vt 0.177657 0.933584
vt 0.177657 0.919831
vt 0.163904 0.933584
vt 0.163904 0.919831
vt 0.177657 0.919831
vt 0.163904 0.933584
vt 0.177657 0.933584
vt 0.163904 0.933584
vt 0.163904 0.919831
vt 0.177657 0.933584
vt 0.177657 0.919831
vt 0.163904 0.919831
vt 0.163904 0.933584
vt 0.163904 0.919831
vt 0.177657 0.933584
vt 0.163904 0.933584
vt 0.177657 0.919831
vt 0.163904 0.933584
vt 0.177657 0.933584
vt 0.177657 0.919831
vt 0.163904 0.933584
vt 0.163904 0.919831
vt 0.177657 0.933584
vt 0.177657 0.919831
vt 0.163904 0.933584
vt 0.163904 0.919831
vt 0.177657 0.933584
vt 0.163904 0.933584
vt 0.163904 0.919831
vt 0.177657 0.933584
vt 0.177657 0.919831
vt 0.163904 0.919831
vt 0.177657 0.933584
vt 0.163904 0.933584
vt 0.163904 0.919831
vt 0.177657 0.919831
vt 0.163904 0.919831
vt 0.177657 0.919831
vt 0.163904 0.933584
vt 0.163904 0.919831
vt 0.177657 0.933584
vt 0.163904 0.933584
vt 0.163904 0.919831
vt 0.177657 0.933584
vt 0.163904 0.919831
vt 0.177657 0.919831
vt 0.177657 0.933584
vt 0.177657 0.919831
vt 0.163904 0.919831
vt 0.177657 0.919831
vt 0.163904 0.933584
vt 0.163904 0.919831
vt 0.177657 0.933584
vt 0.177657 0.919831
vt 0.177657 0.933584
vt 0.177657 0.919831
vt 0.163904 0.933584
vt 0.163904 0.919831
vt 0.177657 0.933584
vt 0.177657 0.919831
vt 0.177657 0.933584
vt 0.177657 0.919831
vt 0.163904 0.933584
vt 0.163904 0.919831
vt 0.177657 0.919831
vt 0.163904 0.933584
vt 0.163904 0.919831
vt 0.177657 0.919831
vt 0.163904 0.919831
vt 0.177657 0.933584
vt 0.163904 0.933584
vt 0.163904 0.919831
vt 0.177657 0.919831
vt 0.177657 0.933584
vt 0.163904 0.919831
vt 0.177657 0.933584
vt 0.177657 0.919831
vt 0.163904 0.919831
vt 0.177657 0.933584
vt 0.163904 0.933584
vt 0.163904 0.919831
vt 0.177657 0.933584
vt 0.177657 0.919831
vt 0.177657 0.933584
vt 0.177657 0.919831
vt 0.163904 0.933584
vt 0.177657 0.919831
vt 0.163904 0.933584
vt 0.163904 0.919831
vt 0.177657 0.933584
vt 0.177657 0.919831
vt 0.163904 0.919831
vt 0.177657 0.933584
vt 0.163904 0.919831
vt 0.177657 0.933584
vt 0.177657 0.919831
vt 0.163904 0.919831
vt 0.177657 0.933584
vt 0.163904 0.933584
vt 0.163904 0.919831
vt 0.177657 0.933584
vt 0.177657 0.919831
vt 0.163904 0.933584
vt 0.163904 0.919831
vt 0.177657 0.933584
vt 0.163904 0.933584
vt 0.177657 0.933584
vt 0.177657 0.919831
vt 0.163904 0.933584
vt 0.163904 0.919831
vt 0.177657 0.933584
vt 0.163904 0.933584
vt 0.163904 0.919831
vt 0.177657 0.933584
vt 0.163904 0.933584
vt 0.177657 0.933584
vt 0.177657 0.919831
vt 0.163904 0.919831
vt 0.177657 0.919831
vt 0.163904 0.933584
vt 0.177657 0.933584
vt 0.177657 0.919831
vt 0.163904 0.933584
vt 0.163904 0.919831
vt 0.177657 0.933584
vt 0.177657 0.919831
vt 0.163904 0.919831
vt 0.177657 0.933584
vt 0.177657 0.919831
vt 0.163904 0.933584
vt 0.163904 0.919831
vt 0.177657 0.919831
vt 0.163904 0.933584
vt 0.163904 0.919831
vt 0.177657 0.933584
vt 0.177657 0.919831
vt 0.163904 0.919831
vt 0.163904 0.933584
vt 0.177657 0.933584
vt 0.163904 0.919831
vt 0.177657 0.933584
vt 0.163904 0.933584
vt 0.163904 0.919831
vt 0.177657 0.919831
vt 0.163904 0.933584
vt 0.163904 0.919831
vt 0.177657 0.933584
vt 0.177657 0.919831
vt 0.163904 0.933584
vt 0.163904 0.919831
vt 0.177657 0.933584
vt 0.163904 0.933584
vt 0.163904 0.919831
vt 0.177657 0.933584
vt 0.177657 0.919831
vt 0.177657 0.933584
vt 0.177657 0.919831
vt 0.163904 0.933584
vt 0.177657 0.919831
vt 0.163904 0.933584
vt 0.163904 0.919831
vt 0.177657 0.919831
vt 0.163904 0.919831
vt 0.177657 0.933584
vt 0.163904 0.933584
vt 0.177657 0.933584
vt 0.177657 0.919831
vt 0.163904 0.919831
vt 0.177657 0.933584
vt 0.163904 0.919831
vt 0.177657 0.919831
vt 0.163904 0.933584
vt 0.163904 0.919831
vt 0.177657 0.919831
vt 0.177657 0.933584
vt 0.177657 0.919831
vt 0.163904 0.933584
vt 0.163904 0.919831
vt 0.177657 0.919831
vt 0.163904 0.933584
vt 0.177657 0.933584
vt 0.163904 0.933584
vt 0.163904 0.919831
vt 0.177657 0.933584
vt 0.177657 0.919831
vt 0.163904 0.919831
vt 0.163904 0.933584
vt 0.177657 0.933584
vt 0.163904 0.919831
vt 0.177657 0.933584
vt 0.163904 0.933584
vt 0.177657 0.919831
vt 0.163904 0.933584
vt 0.177657 0.933584
vt 0.177657 0.919831
vt 0.163904 0.933584
vt 0.163904 0.919831
vt 0.177657 0.919831
vt 0.163904 0.933584
vt 0.163904 0.919831
vt 0.177657 0.933584
vt 0.177657 0.919831
vt 0.177657 0.933584
vt 0.177657 0.919831
vt 0.163904 0.933584
vt 0.163904 0.919831
vt 0.177657 0.933584
vt 0.177657 0.919831
vt 0.177657 0.933584
vt 0.177657 0.919831
vt 0.163904 0.933584
vt 0.163904 0.919831
vt 0.177657 0.919831
vt 0.163904 0.933584
vt 0.163904 0.919831
vt 0.177657 0.919831
vt 0.163904 0.919831
vt 0.177657 0.933584
vt 0.163904 0.933584
vt 0.163904 0.919831
vt 0.177657 0.919831
vt 0.177657 0.933584
vt 0.163904 0.919831
vt 0.177657 0.933584
vt 0.177657 0.919831
vt 0.163904 0.919831
vt 0.177657 0.933584
vt 0.163904 0.933584
vt 0.163904 0.919831
vt 0.177657 0.933584
vt 0.177657 0.919831
vt 0.177657 0.933584
vt 0.177657 0.919831
vt 0.163904 0.933584
vt 0.177657 0.919831
vt 0.163904 0.933584
vt 0.163904 0.919831
vt 0.177657 0.933584
vt 0.177657 0.919831
vt 0.163904 0.919831
vt 0.177657 0.933584
vt 0.163904 0.919831
vt 0.177657 0.933584
vt 0.177657 0.919831
vt 0.163904 0.919831
vt 0.177657 0.933584
vt 0.163904 0.933584
vt 0.163904 0.919831
vt 0.177657 0.933584
vt 0.177657 0.919831
vt 0.163904 0.933584
vt 0.163904 0.919831
vt 0.177657 0.933584
vt 0.163904 0.933584
vt 0.163904 0.919831
vt 0.177657 0.933584
vt 0.177657 0.919831
vt 0.163904 0.919831
vt 0.177657 0.919831
vt 0.163904 0.933584
vt 0.163904 0.919831
vt 0.177657 0.933584
vt 0.177657 0.919831
vt 0.163904 0.919831
vt 0.177657 0.933584
vt 0.163904 0.933584
vt 0.177657 0.919831
vt 0.177657 0.933584
vt 0.177657 0.919831
vt 0.163904 0.919831
vt 0.177657 0.933584
vt 0.163904 0.933584
vt 0.163904 0.919831
vt 0.177657 0.933584
vt 0.177657 0.919831
vt 0.163904 0.933584
vt 0.163904 0.919831
vt 0.177657 0.933584
vt 0.163904 0.933584
vt 0.177657 0.933584
vt 0.177657 0.919831
vt 0.163904 0.933584
vt 0.163904 0.919831
vt 0.177657 0.933584
vt 0.163904 0.933584
vt 0.163904 0.919831
vt 0.177657 0.933584
vt 0.163904 0.933584
vt 0.177657 0.933584
vt 0.177657 0.919831
vt 0.163904 0.919831
vt 0.177657 0.919831
vt 0.163904 0.933584
vt 0.177657 0.933584
vt 0.177657 0.919831
vt 0.163904 0.933584
vt 0.163904 0.919831
vt 0.177657 0.933584
vt 0.177657 0.919831
vt 0.163904 0.919831
vt 0.177657 0.933584
vt 0.177657 0.919831
vt 0.163904 0.933584
vt 0.163904 0.919831
vt 0.177657 0.919831
vt 0.163904 0.933584
vt 0.163904 0.919831
vt 0.177657 0.933584
vt 0.177657 0.919831
vt 0.163904 0.919831
vt 0.163904 0.933584
vt 0.177657 0.933584
vt 0.177657 0.933584
vt 0.177657 0.919831
vt 0.163904 0.933584
vt 0.163904 0.919831
vt 0.177657 0.919831
vt 0.163904 0.933584
vt 0.163904 0.919831
vt 0.177657 0.933584
vt 0.177657 0.919831
vt 0.163904 0.933584
vt 0.163904 0.919831
vt 0.177657 0.933584
vt 0.163904 0.933584
vt 0.163904 0.919831
vt 0.177657 0.933584
vt 0.177657 0.919831
vt 0.177657 0.933584
vt 0.177657 0.919831
vt 0.163904 0.933584
vt 0.177657 0.919831
vt 0.163904 0.933584
vt 0.163904 0.919831
vt 0.177657 0.919831
vt 0.163904 0.919831
vt 0.177657 0.933584
vt 0.163904 0.933584
vt 0.177657 0.933584
vt 0.177657 0.919831
vt 0.163904 0.919831
vt 0.177657 0.933584
vt 0.163904 0.919831
vt 0.177657 0.919831
vt 0.163904 0.933584
vt 0.163904 0.919831
vt 0.177657 0.919831
vt 0.177657 0.933584
vt 0.177657 0.919831
vt 0.163904 0.933584
vt 0.163904 0.919831
vt 0.177657 0.919831
vt 0.163904 0.933584
vt 0.163904 0.919831
vt 0.177657 0.933584
vt 0.163904 0.919831
vt 0.177657 0.933584
vt 0.163904 0.933584
vt 0.163904 0.919831
vt 0.177657 0.919831
vt 0.163904 0.933584
vt 0.177657 0.933584
vt 0.163904 0.933584
vt 0.177657 0.919831
vt 0.163904 0.933584
vt 0.177657 0.933584
vt 0.177657 0.919831
vt 0.163904 0.933584
vt 0.163904 0.919831
vt 0.177657 0.933584
vt 0.177657 0.919831
vt 0.163904 0.933584
vt 0.163904 0.919831
vt 0.177657 0.933584
vt 0.163904 0.933584
vt 0.163904 0.919831
vt 0.177657 0.933584
vt 0.177657 0.919831
vt 0.177657 0.933584
vt 0.163904 0.933584
vt 0.163904 0.919831
vt 0.177657 0.919831
vt 0.163904 0.933584
vt 0.177657 0.933584
vt 0.163904 0.919831
vt 0.177657 0.919831
vt 0.163904 0.933584
vt 0.163904 0.919831
vt 0.177657 0.933584
vt 0.177657 0.919831
vt 0.177657 0.933584
vt 0.177657 0.919831
vt 0.163904 0.933584
vt 0.163904 0.919831
vt 0.177657 0.933584
vt 0.177657 0.919831
vt 0.177657 0.933584
vt 0.177657 0.919831
vt 0.163904 0.933584
vt 0.163904 0.919831
vt 0.177657 0.919831
vt 0.163904 0.933584
vt 0.163904 0.919831
vt 0.177657 0.919831
vt 0.163904 0.919831
vt 0.177657 0.933584
vt 0.163904 0.933584
vt 0.163904 0.919831
vt 0.177657 0.919831
vt 0.177657 0.933584
vt 0.163904 0.919831
vt 0.177657 0.933584
vt 0.177657 0.919831
vt 0.163904 0.919831
vt 0.177657 0.933584
vt 0.163904 0.933584
vt 0.163904 0.919831
vt 0.177657 0.933584
vt 0.177657 0.919831
vt 0.177657 0.933584
vt 0.163904 0.933584
vt 0.163904 0.919831
vt 0.177657 0.919831
vt 0.177657 0.933584
vt 0.177657 0.919831
vt 0.163904 0.919831
vt 0.177657 0.919831
vt 0.163904 0.933584
vt 0.163904 0.933584
vt 0.163904 0.919831
vt 0.177657 0.933584
vt 0.177657 0.919831
vt 0.163904 0.919831
vt 0.177657 0.933584
vt 0.163904 0.919831
vt 0.177657 0.933584
vt 0.177657 0.919831
vt 0.163904 0.933584
vt 0.163904 0.919831
vt 0.177657 0.933584
vt 0.163904 0.933584
vt 0.177657 0.933584
vt 0.177657 0.919831
vt 0.163904 0.933584
vt 0.163904 0.919831
vt 0.177657 0.933584
vt 0.163904 0.933584
vt 0.163904 0.919831
vt 0.177657 0.933584
vt 0.163904 0.933584
vt 0.177657 0.933584
vt 0.177657 0.919831
vt 0.163904 0.919831
vt 0.177657 0.919831
vt 0.163904 0.933584
vt 0.177657 0.933584
vt 0.177657 0.919831
vt 0.163904 0.933584
vt 0.163904 0.919831
vt 0.177657 0.933584
vt 0.177657 0.919831
vt 0.163904 0.919831
vt 0.177657 0.933584
vt 0.177657 0.919831
vt 0.163904 0.933584
vt 0.163904 0.919831
vt 0.177657 0.919831
vt 0.163904 0.933584
vt 0.163904 0.919831
vt 0.177657 0.933584
vt 0.177657 0.919831
vt 0.163904 0.919831
vt 0.163904 0.933584
vt 0.177657 0.933584
vt 0.163904 0.919831
vt 0.177657 0.933584
vt 0.163904 0.933584
vt 0.177657 0.919831
vt 0.163904 0.933584
vt 0.163904 0.919831
vt 0.177657 0.933584
vt 0.177657 0.919831
vt 0.163904 0.933584
vt 0.163904 0.919831
vt 0.177657 0.933584
vt 0.163904 0.933584
vt 0.163904 0.919831
vt 0.177657 0.933584
vt 0.177657 0.919831
vt 0.177657 0.933584
vt 0.177657 0.919831
vt 0.163904 0.933584
vt 0.177657 0.919831
vt 0.163904 0.933584
vt 0.163904 0.919831
vt 0.177657 0.919831
vt 0.163904 0.919831
vt 0.177657 0.933584
vt 0.163904 0.933584
vt 0.177657 0.933584
vt 0.177657 0.919831
vt 0.163904 0.919831
vt 0.177657 0.933584
vt 0.163904 0.919831
vt 0.177657 0.919831
vt 0.163904 0.933584
vt 0.163904 0.919831
vt 0.177657 0.933584
vt 0.177657 0.919831
vt 0.163904 0.933584
vt 0.163904 0.919831
vt 0.177657 0.919831
vt 0.163904 0.933584
vt 0.177657 0.933584
vt 0.163904 0.933584
vt 0.163904 0.919831
vt 0.177657 0.933584
vt 0.177657 0.919831
vt 0.163904 0.919831
vt 0.163904 0.933584
vt 0.163904 0.919831
vt 0.177657 0.933584
vt 0.163904 0.933584
vt 0.177657 0.919831
vt 0.163904 0.933584
vt 0.163904 0.919831
vt 0.177657 0.919831
vt 0.177657 0.933584
vt 0.177657 0.919831
vt 0.163904 0.933584
vt 0.163904 0.919831
vt 0.177657 0.933584
vt 0.177657 0.919831
vt 0.163904 0.919831
vt 0.177657 0.933584
vt 0.163904 0.933584
vt 0.163904 0.919831
vt 0.177657 0.933584
vt 0.163904 0.933584
vt 0.163904 0.919831
vt 0.177657 0.919831
vt 0.163904 0.919831
vt 0.177657 0.919831
vt 0.163904 0.933584
vt 0.177657 0.933584
vt 0.177657 0.919831
vt 0.163904 0.933584
vt 0.177657 0.919831
vt 0.163904 0.919831
vt 0.177657 0.919831
vt 0.163904 0.919831
vt 0.177657 0.933584
vt 0.177657 0.919831
vt 0.163904 0.933584
vt 0.163904 0.919831
vt 0.177657 0.919831
vt 0.163904 0.933584
vt 0.163904 0.919831
vt 0.177657 0.933584
vt 0.163904 0.933584
vt 0.163904 0.919831
vt 0.177657 0.919831
vt 0.177657 0.933584
vt 0.163904 0.919831
vt 0.177657 0.933584
vt 0.177657 0.919831
vt 0.177657 0.933584
vt 0.177657 0.919831
vt 0.163904 0.933584
vt 0.163904 0.919831
vt 0.177657 0.919831
vt 0.163904 0.933584
vt 0.163904 0.919831
vt 0.177657 0.933584
vt 0.177657 0.919831
vt 0.163904 0.919831
vt 0.177657 0.933584
vt 0.163904 0.919831
vt 0.177657 0.933584
vt 0.177657 0.919831
vt 0.163904 0.933584
vt 0.163904 0.919831
vt 0.177657 0.933584
vt 0.163904 0.933584
vt 0.177657 0.933584
vt 0.177657 0.919831
vt 0.163904 0.933584
vt 0.163904 0.919831
vt 0.177657 0.933584
vt 0.163904 0.933584
vt 0.163904 0.919831
vt 0.177657 0.933584
vt 0.163904 0.933584
vt 0.177657 0.933584
vt 0.177657 0.919831
vt 0.163904 0.919831
vt 0.177657 0.933584
vt 0.177657 0.919831
vt 0.163904 0.933584
vt 0.163904 0.919831
vt 0.177657 0.933584
vt 0.177657 0.919831
vt 0.163904 0.919831
vt 0.177657 0.933584
vt 0.177657 0.919831
vt 0.163904 0.919831
vt 0.177657 0.933584
vt 0.163904 0.933584
vt 0.163904 0.919831
vt 0.177657 0.933584
vt 0.177657 0.919831
vt 0.163904 0.933584
vt 0.163904 0.919831
vt 0.177657 0.919831
vt 0.163904 0.933584
vt 0.163904 0.919831
vt 0.177657 0.933584
vt 0.177657 0.919831
vt 0.163904 0.919831
vt 0.163904 0.933584
vt 0.177657 0.933584
vt 0.163904 0.919831
vt 0.177657 0.933584
vt 0.163904 0.933584
vt 0.177657 0.919831
vt 0.163904 0.933584
vt 0.163904 0.919831
vt 0.177657 0.933584
vt 0.177657 0.919831
vt 0.163904 0.933584
vt 0.163904 0.919831
vt 0.177657 0.933584
vt 0.163904 0.933584
vt 0.163904 0.919831
vt 0.177657 0.933584
vt 0.177657 0.919831
vt 0.177657 0.933584
vt 0.177657 0.919831
vt 0.163904 0.933584
vt 0.177657 0.919831
vt 0.163904 0.933584
vt 0.163904 0.919831
vt 0.177657 0.919831
vt 0.163904 0.919831
vt 0.177657 0.933584
vt 0.163904 0.933584
vt 0.177657 0.933584
vt 0.177657 0.919831
vt 0.163904 0.919831
vt 0.177657 0.933584
vt 0.163904 0.919831
vt 0.177657 0.919831
vt 0.163904 0.933584
vt 0.163904 0.919831
vt 0.177657 0.933584
vt 0.177657 0.919831
vt 0.163904 0.933584
vt 0.163904 0.919831
vt 0.177657 0.919831
vt 0.163904 0.933584
vt 0.163904 0.919831
vt 0.177657 0.933584
vt 0.177657 0.919831
vt 0.163904 0.919831
vt 0.177657 0.933584
vt 0.163904 0.933584
vt 0.163904 0.919831
vt 0.177657 0.919831
vt 0.163904 0.933584
vt 0.177657 0.933584
vt 0.177657 0.919831
vt 0.163904 0.933584
vt 0.163904 0.933584
vt 0.177657 0.933584
vt 0.177657 0.919831
vt 0.163904 0.933584
vt 0.163904 0.919831
vt 0.177657 0.933584
vt 0.163904 0.919831
vt 0.177657 0.919831
vt 0.177657 0.933584
vt 0.177657 0.919831
vt 0.163904 0.933584
vt 0.163904 0.919831
vt 0.177657 0.919831
vt 0.163904 0.933584
vt 0.163904 0.919831
vt 0.177657 0.933584
vt 0.163904 0.933584
vt 0.163904 0.919831
vt 0.177657 0.933584
vt 0.177657 0.919831
vt 0.177657 0.933584
vt 0.163904 0.933584
vt 0.163904 0.919831
vt 0.177657 0.933584
vt 0.163904 0.933584
vt 0.163904 0.919831
vt 0.177657 0.919831
vt 0.163904 0.919831
vt 0.177657 0.933584
vt 0.177657 0.919831
vt 0.163904 0.933584
vt 0.177657 0.933584
vt 0.177657 0.919831
vt 0.163904 0.933584
vt 0.163904 0.919831
vt 0.177657 0.933584
vt 0.177657 0.919831
vt 0.177657 0.933584
vt 0.177657 0.919831
vt 0.163904 0.933584
vt 0.163904 0.919831
vt 0.163904 0.933584
vt 0.163904 0.919831
vt 0.177657 0.933584
vt 0.177657 0.919831
vt 0.163904 0.919831
vt 0.177657 0.933584
vt 0.163904 0.933584
vt 0.163904 0.919831
vt 0.177657 0.919831
vt 0.177657 0.933584
vt 0.163904 0.919831
vt 0.177657 0.933584
vt 0.177657 0.919831
vt 0.163904 0.919831
vt 0.177657 0.933584
vt 0.163904 0.933584
vt 0.163904 0.919831
vt 0.177657 0.933584
vt 0.177657 0.919831
vt 0.177657 0.933584
vt 0.177657 0.919831
vt 0.163904 0.933584
vt 0.177657 0.919831
vt 0.163904 0.933584
vt 0.163904 0.919831
vt 0.177657 0.933584
vt 0.177657 0.919831
vt 0.163904 0.919831
vt 0.177657 0.933584
vt 0.163904 0.919831
vt 0.177657 0.933584
vt 0.177657 0.919831
vt 0.163904 0.933584
vt 0.163904 0.919831
vt 0.177657 0.933584
vt 0.163904 0.933584
vt 0.177657 0.933584
vt 0.177657 0.919831
vt 0.163904 0.933584
vt 0.163904 0.919831
vt 0.177657 0.933584
vt 0.163904 0.933584
vt 0.163904 0.919831
vt 0.177657 0.933584
vt 0.163904 0.933584
vt 0.177657 0.933584
vt 0.177657 0.919831
vt 0.163904 0.919831
vt 0.177657 0.919831
vt 0.163904 0.933584
vt 0.177657 0.933584
vt 0.177657 0.919831
vt 0.163904 0.933584
vt 0.163904 0.919831
vt 0.177657 0.933584
vt 0.177657 0.919831
vt 0.163904 0.919831
vt 0.177657 0.933584
vt 0.177657 0.919831
vt 0.163904 0.933584
vt 0.163904 0.919831
vt 0.177657 0.933584
vt 0.177657 0.919831
vt 0.163904 0.933584
vt 0.163904 0.919831
vt 0.177657 0.933584
vt 0.177657 0.919831
vt 0.163904 0.933584
vt 0.163904 0.919831
vt 0.177657 0.919831
vt 0.163904 0.933584
vt 0.177657 0.933584
vt 0.163904 0.919831
vt 0.177657 0.933584
vt 0.177657 0.919831
vt 0.163904 0.933584
vt 0.163904 0.919831
vt 0.177657 0.933584
vt 0.177657 0.919831
vt 0.163904 0.933584
vt 0.163904 0.919831
vt 0.177657 0.933584
vt 0.177657 0.919831
vt 0.163904 0.933584
vt 0.163904 0.919831
vt 0.177657 0.919831
vt 0.163904 0.933584
vt 0.177657 0.933584
vt 0.163904 0.919831
vt 0.177657 0.933584
vt 0.177657 0.919831
vt 0.163904 0.933584
vt 0.163904 0.919831
vt 0.177657 0.933584
vt 0.177657 0.919831
vt 0.163904 0.933584
vt 0.163904 0.919831
vt 0.177657 0.933584
vt 0.177657 0.919831
vt 0.163904 0.919831
vt 0.177657 0.933584
vt 0.177657 0.919831
vt 0.163904 0.933584
vt 0.163904 0.919831
vt 0.177657 0.933584
vt 0.177657 0.919831
vt 0.163904 0.933584
vt 0.163904 0.919831
vt 0.177657 0.933584
vt 0.163904 0.919831
vt 0.177657 0.933584
vt 0.177657 0.919831
vt 0.163904 0.933584
vt 0.163904 0.919831
vt 0.177657 0.933584
vt 0.177657 0.919831
vt 0.163904 0.933584
vt 0.163904 0.919831
vt 0.177657 0.933584
vt 0.177657 0.919831
vt 0.163904 0.933584
vt 0.163904 0.919831
vt 0.177657 0.933584
vt 0.177657 0.919831
vt 0.177657 0.933584
vt 0.177657 0.919831
vt 0.163904 0.933584
vt 0.163904 0.919831
vt 0.163904 0.919831
vt 0.177657 0.933584
vt 0.177657 0.919831
vt 0.177657 0.919831
vt 0.163904 0.933584
vt 0.163904 0.919831
vt 0.177657 0.933584
vt 0.177657 0.919831
vt 0.163904 0.919831
vt 0.177657 0.933584
vt 0.177657 0.919831
vt 0.163904 0.933584
vt 0.163904 0.919831
vt 0.177657 0.933584
vt 0.177657 0.919831
vt 0.163904 0.933584
vt 0.177657 0.933584
vt 0.177657 0.919831
vt 0.163904 0.933584
vt 0.163904 0.919831
vt 0.177657 0.933584
vt 0.177657 0.919831
vt 0.163904 0.919831
vt 0.177657 0.933584
vt 0.177657 0.919831
vt 0.163904 0.933584
vt 0.163904 0.919831
vt 0.177657 0.933584
vt 0.177657 0.919831
vt 0.163904 0.933584
vt 0.163904 0.919831
vt 0.177657 0.933584
vt 0.177657 0.919831
vt 0.163904 0.933584
vt 0.163904 0.919831
vt 0.177657 0.933584
vt 0.177657 0.919831
vt 0.163904 0.933584
vt 0.163904 0.919831
vt 0.177657 0.933584
vt 0.177657 0.919831
vt 0.163904 0.933584
vt 0.163904 0.919831
vt 0.177657 0.933584
vt 0.177657 0.919831
vt 0.163904 0.933584
vt 0.177657 0.933584
vt 0.177657 0.919831
vt 0.163904 0.933584
vt 0.163904 0.919831
vt 0.177657 0.933584
vt 0.177657 0.919831
vt 0.163904 0.933584
vt 0.177657 0.933584
vt 0.177657 0.919831
vt 0.163904 0.933584
vt 0.163904 0.919831
vt 0.177657 0.933584
vt 0.177657 0.919831
vt 0.163904 0.933584
vt 0.163904 0.919831
vt 0.177657 0.933584
vt 0.177657 0.919831
vt 0.163904 0.933584
vt 0.163904 0.919831
vt 0.177657 0.933584
vt 0.177657 0.919831
vt 0.163904 0.933584
vt 0.163904 0.919831
vt 0.177657 0.933584
vt 0.163904 0.933584
vt 0.163904 0.919831
vt 0.177657 0.933584
vt 0.177657 0.919831
vt 0.163904 0.933584
vt 0.163904 0.919831
vt 0.177657 0.933584
vt 0.177657 0.919831
vt 0.177657 0.919831
vt 0.163904 0.933584
vt 0.163904 0.919831
vt 0.177657 0.933584
vt 0.177657 0.919831
vt 0.163904 0.919831
vt 0.177657 0.933584
vt 0.177657 0.919831
vt 0.163904 0.919831
vt 0.177657 0.933584
vt 0.305721 0.327401
vt 0.319474 0.341155
vt 0.319474 0.327401
vt 0.305721 0.341155
vt 0.305721 0.327401
vt 0.319474 0.341155
vt 0.319474 0.327401
vt 0.305721 0.341155
vt 0.305721 0.327401
vt 0.319474 0.341155
vt 0.319474 0.327401
vt 0.305721 0.341155
vt 0.305721 0.327401
vt 0.319474 0.341155
vt 0.319474 0.327401
vt 0.305721 0.341155
vt 0.305721 0.327401
vt 0.319474 0.341155
vt 0.319474 0.327401
vt 0.305721 0.341155
vt 0.305721 0.327401
vt 0.319474 0.341155
vt 0.319474 0.327401
vt 0.305721 0.341155
vt 0.305721 0.327401
vt 0.319474 0.341155
vt 0.319474 0.327401
vt 0.305721 0.341155
vt 0.305721 0.327401
vt 0.319474 0.341155
vt 0.319474 0.327401
vt 0.305721 0.341155
vt 0.305721 0.327401
vt 0.319474 0.341155
vt 0.319474 0.327401
vt 0.305721 0.341155
vt 0.305721 0.327401
vt 0.319474 0.341155
vt 0.319474 0.327401
vt 0.305721 0.341155
vt 0.305721 0.327401
vt 0.319474 0.341155
vt 0.319474 0.327401
vt 0.305721 0.341155
vt 0.305721 0.327401
vt 0.319474 0.341155
vt 0.319474 0.327401
vt 0.305721 0.341155
vt 0.305721 0.327401
vt 0.319474 0.341155
vt 0.319474 0.327401
vt 0.305721 0.341155
vt 0.305721 0.327401
vt 0.319474 0.341155
vt 0.319474 0.327401
vt 0.305721 0.341155
vt 0.625179 0.413273
vt 0.666781 0.460751
vt 0.666781 0.413273
vt 0.625179 0.460751
vt 0.666781 0.363932
vt 0.625179 0.363932
vt 0.666781 0.314591
vt 0.625179 0.314591
vt 0.625179 0.267113
vt 0.666781 0.267113
vt 0.708384 0.460751
vt 0.708384 0.413273
vt 0.708384 0.363932
vt 0.708384 0.314591
vt 0.708384 0.267113
vt 0.749986 0.460751
vt 0.749986 0.413273
vt 0.749986 0.363932
vt 0.749986 0.314591
vt 0.749986 0.267113
vt 0.791589 0.460751
vt 0.791589 0.413273
vt 0.791589 0.363932
vt 0.791589 0.314591
vt 0.791589 0.267113
vt 0.833191 0.460751
vt 0.833191 0.413273
vt 0.833191 0.363932
vt 0.833191 0.314591
vt 0.833191 0.267113
vt 0.874794 0.460751
vt 0.874794 0.413273
vt 0.874794 0.363932
vt 0.874794 0.314591
vt 0.874794 0.267113
vt 0.916396 0.460751
vt 0.916396 0.413273
vt 0.916396 0.363932
vt 0.916396 0.314591
vt 0.916396 0.267113
vt 0.957999 0.460751
vt 0.957999 0.413273
vt 0.957999 0.363932
vt 0.957999 0.314591
vt 0.957999 0.267113
vt 0.999601 0.460751
vt 0.999601 0.413273
vt 0.999601 0.363932
vt 0.999601 0.314591
vt 0.999601 0.267113
vt 0.042744 0.460751
vt 0.001141 0.413273
vt 0.001141 0.460751
vt 0.042744 0.413273
vt 0.042744 0.363932
vt 0.001141 0.363932
vt 0.042744 0.314591
vt 0.001142 0.314591
vt 0.001142 0.267113
vt 0.042744 0.267113
vt 0.084346 0.460751
vt 0.084346 0.413273
vt 0.084346 0.363932
vt 0.084347 0.314591
vt 0.084347 0.267113
vt 0.125949 0.460751
vt 0.125949 0.413273
vt 0.125949 0.363932
vt 0.125949 0.314591
vt 0.125949 0.267113
vt 0.167551 0.460751
vt 0.167551 0.413273
vt 0.167552 0.363932
vt 0.167552 0.314591
vt 0.167552 0.267113
vt 0.209154 0.460751
vt 0.209154 0.413273
vt 0.209154 0.363932
vt 0.209154 0.314591
vt 0.209154 0.267113
vt 0.250756 0.460751
vt 0.250756 0.413273
vt 0.250757 0.363932
vt 0.250757 0.314591
vt 0.250757 0.267113
vt 0.292359 0.460751
vt 0.292359 0.413273
vt 0.292359 0.363932
vt 0.292359 0.314591
vt 0.29236 0.267113
vt 0.333961 0.460751
vt 0.333962 0.413273
vt 0.333962 0.363932
vt 0.333962 0.314591
vt 0.333962 0.267113
vt 0.375564 0.460751
vt 0.375564 0.413273
vt 0.375564 0.363932
vt 0.375564 0.314591
vt 0.375565 0.267113
vt 0.417166 0.460751
vt 0.417166 0.413273
vt 0.417167 0.363932
vt 0.417167 0.314591
vt 0.417167 0.267113
vt 0.458769 0.460751
vt 0.458769 0.413273
vt 0.458769 0.363932
vt 0.458769 0.314591
vt 0.45877 0.267113
vt 0.500371 0.460751
vt 0.500372 0.413273
vt 0.500372 0.363932
vt 0.500372 0.314591
vt 0.500372 0.267113
vt 0.541974 0.460751
vt 0.541974 0.413273
vt 0.541974 0.363932
vt 0.541975 0.314591
vt 0.541975 0.267113
vt 0.583576 0.460751
vt 0.583577 0.413273
vt 0.583577 0.363932
vt 0.583577 0.314591
vt 0.583577 0.267113
vt 0.205351 0.035386
vt 0.193604 0.047133
vt 0.205351 0.047133
vt 0.193604 0.035386
vt 0.195496 0.03778
vt 0.20024 0.03712
vt 0.195965 0.038902
vt 0.195206 0.037084
vt 0.194916 0.036388
vt 0.198724 0.033483
vt 0.194448 0.035266
vt 0.194916 0.036388
vt 0.195206 0.037084
vt 0.195496 0.03778
vt 0.20024 0.03712
vt 0.195965 0.038902
vt 0.196433 0.040025
vt 0.196723 0.040721
vt 0.197013 0.041417
vt 0.201756 0.040757
vt 0.197481 0.042539
vt 0.197013 0.041417
vt 0.196723 0.040721
vt 0.196433 0.040025
vt 0.074378 0.184338
vt 0.048271 0.158231
vt 0.060249 0.150228
vt 0.074378 0.147418
vt 0.088506 0.150228
vt 0.100484 0.158231
vt 0.108487 0.170209
vt 0.111298 0.184338
vt 0.108487 0.198467
vt 0.100484 0.210444
vt 0.088506 0.218448
vt 0.074377 0.221258
vt 0.060249 0.218448
vt 0.048271 0.210444
vt 0.040267 0.198467
vt 0.037457 0.184338
vt 0.040268 0.170209
vt 0.02534 0.135301
vt 0.010308 0.157799
vt 0.005029 0.184338
vt 0.010307 0.210876
vt 0.02534 0.233375
vt 0.047839 0.248408
vt 0.074377 0.253687
vt 0.100916 0.248408
vt 0.047839 0.120268
vt 0.074378 0.114989
vt 0.100916 0.120268
vt 0.123415 0.135301
vt 0.138447 0.157799
vt 0.143726 0.184338
vt 0.138447 0.210877
vt 0.123414 0.233375
vt 0.199832 0.340498
vt 0.208892 0.349558
vt 0.208892 0.340498
vt 0.199832 0.349558
vt 0.199832 0.340498
vt 0.208892 0.349558
vt 0.208892 0.340498
vt 0.199832 0.340498
vt 0.208892 0.340498
vt 0.199832 0.349558
vt 0.199832 0.340498
vt 0.208892 0.349558
vt 0.199832 0.349558
vt 0.208892 0.349558
vt 0.208892 0.340498
vt 0.199832 0.349558
vt 0.199832 0.340498
vt 0.208892 0.349558
vt 0.208892 0.340498
vt 0.199832 0.349558
vt 0.199832 0.340498
vt 0.208892 0.340498
vt 0.199832 0.349558
vt 0.199832 0.340498
vt 0.208892 0.349558
vt 0.208892 0.340498
vt 0.208892 0.349558
vt 0.208892 0.340498
vt 0.199832 0.349558
vt 0.208892 0.349558
vt 0.208892 0.340498
vt 0.199832 0.349558
vt 0.199832 0.340498
vt 0.208892 0.349558
vt 0.208892 0.340498
vt 0.199832 0.349558
vt 0.208892 0.349558
vt 0.208892 0.340498
vt 0.199832 0.349558
vt 0.199832 0.340498
vt 0.208892 0.349558
vt 0.208892 0.340498
vt 0.199832 0.349558
vt 0.208892 0.349558
vt 0.208892 0.340498
vt 0.199832 0.349558
vt 0.199832 0.340498
vt 0.208892 0.349558
vt 0.208892 0.340498
vt 0.199832 0.349558
vt 0.208892 0.349558
vt 0.208892 0.340498
vt 0.199832 0.349558
vt 0.199832 0.340498
vt 0.208892 0.349558
vt 0.208892 0.340498
vt 0.199832 0.349558
vt 0.208892 0.349558
vt 0.208892 0.340498
vt 0.199832 0.349558
vt 0.199832 0.340498
vt 0.208892 0.349558
vt 0.208892 0.340498
vt 0.199832 0.349558
vt 0.208892 0.349558
vt 0.208892 0.340498
vt 0.199832 0.349558
vt 0.199832 0.340498
vt 0.208892 0.349558
vt 0.208892 0.340498
vt 0.199832 0.349558
vt 0.208892 0.349558
vt 0.208892 0.340498
vt 0.199832 0.349558
vt 0.199832 0.340498
vt 0.208892 0.349558
vt 0.208892 0.340498
vt 0.199832 0.349558
vt 0.208892 0.349558
vt 0.208892 0.340498
vt 0.199832 0.349558
vt 0.199832 0.340498
vt 0.208892 0.349558
vt 0.208892 0.340498
vt 0.199832 0.349558
vt 0.208892 0.349558
vt 0.208892 0.340498
vt 0.199832 0.349558
vt 0.199832 0.340498
vt 0.208892 0.349558
vt 0.208892 0.340498
vt 0.199832 0.349558
vt 0.208892 0.349558
vt 0.208892 0.340498
vt 0.199832 0.349558
vt 0.199832 0.340498
vt 0.208892 0.349558
vt 0.208892 0.340498
vt 0.199832 0.349558
vt 0.208892 0.349558
vt 0.208892 0.340498
vt 0.199832 0.349558
vt 0.199832 0.340498
vt 0.208892 0.349558
vt 0.208892 0.340498
vt 0.199832 0.349558
vt 0.208892 0.349558
vt 0.208892 0.340498
vt 0.199832 0.349558
vt 0.199832 0.340498
vt 0.208892 0.349558
vt 0.208892 0.340498
vt 0.199832 0.349558
vt 0.208892 0.349558
vt 0.208892 0.340498
vt 0.199832 0.349558
vt 0.200202 0.083891
vt 0.200985 0.083143
vt 0.201068 0.083226
vt 0.200143 0.083789
vt 0.199162 0.084195
vt 0.199193 0.084309
vt 0.19811 0.084333
vt 0.19811 0.084452
vt 0.197057 0.084195
vt 0.197027 0.084309
vt 0.196077 0.083789
vt 0.196018 0.083891
vt 0.195235 0.083143
vt 0.195151 0.083226
vt 0.194589 0.0823
vt 0.194486 0.08236
vt 0.194182 0.08132
vt 0.194068 0.08135
vt 0.194044 0.080268
vt 0.193925 0.080268
vt 0.194182 0.079215
vt 0.194068 0.079185
vt 0.194589 0.078235
vt 0.194486 0.078175
vt 0.195235 0.077393
vt 0.195151 0.077309
vt 0.196077 0.076746
vt 0.196018 0.076644
vt 0.197057 0.07634
vt 0.197027 0.076226
vt 0.19811 0.076202
vt 0.19811 0.076083
vt 0.199162 0.07634
vt 0.199193 0.076226
vt 0.200143 0.076746
vt 0.200202 0.076644
vt 0.200985 0.077393
vt 0.201068 0.077309
vt 0.201631 0.078235
vt 0.201733 0.078175
vt 0.202037 0.079215
vt 0.202151 0.079185
vt 0.202175 0.080268
vt 0.202294 0.080268
vt 0.202037 0.08132
vt 0.202151 0.08135
vt 0.201631 0.0823
vt 0.201733 0.08236
vt 0.201611 0.082289
vt 0.200969 0.083127
vt 0.20172 0.082352
vt 0.202015 0.081314
vt 0.202136 0.081346
vt 0.202153 0.080268
vt 0.202278 0.080268
vt 0.202015 0.079221
vt 0.202136 0.079189
vt 0.201611 0.078246
vt 0.20172 0.078183
vt 0.200969 0.077409
vt 0.201057 0.07732
vt 0.200131 0.076766
vt 0.200194 0.076657
vt 0.199156 0.076362
vt 0.199189 0.076241
vt 0.19811 0.076224
vt 0.19811 0.076099
vt 0.197063 0.076362
vt 0.197031 0.076241
vt 0.196088 0.076766
vt 0.196025 0.076657
vt 0.195251 0.077409
vt 0.195162 0.07732
vt 0.194608 0.078246
vt 0.1945 0.078183
vt 0.194204 0.079221
vt 0.194083 0.079189
vt 0.194066 0.080268
vt 0.193941 0.080268
vt 0.194204 0.081314
vt 0.194083 0.081346
vt 0.194608 0.082289
vt 0.1945 0.082352
vt 0.195251 0.083127
vt 0.195162 0.083215
vt 0.196088 0.083769
vt 0.196025 0.083878
vt 0.197063 0.084173
vt 0.197031 0.084294
vt 0.19811 0.084311
vt 0.19811 0.084436
vt 0.199156 0.084173
vt 0.199189 0.084294
vt 0.200131 0.083769
vt 0.200194 0.083878
vt 0.201057 0.083215
vt 0.113546 0.067329
vt 0.118029 0.063753
vt 0.118029 0.068103
vt 0.113546 0.063206
vt 0.122689 0.06834
vt 0.122689 0.06392
vt 0.127348 0.068103
vt 0.127348 0.063753
vt 0.131832 0.063206
vt 0.131832 0.067329
vt 0.131832 0.058404
vt 0.127348 0.058687
vt 0.122689 0.058774
vt 0.118029 0.058687
vt 0.113546 0.058403
vt 0.131832 0.05325
vt 0.127348 0.05325
vt 0.122689 0.05325
vt 0.118029 0.05325
vt 0.113546 0.05325
vt 0.131832 0.048097
vt 0.127348 0.047814
vt 0.122689 0.047727
vt 0.118029 0.047813
vt 0.113546 0.048097
vt 0.131832 0.043295
vt 0.127348 0.042747
vt 0.122689 0.04258
vt 0.118029 0.042747
vt 0.113546 0.043295
vt 0.131832 0.039171
vt 0.127348 0.038397
vt 0.122689 0.03816
vt 0.118029 0.038397
vt 0.113546 0.039171
vt 0.131832 0.036007
vt 0.127348 0.035059
vt 0.122689 0.034768
vt 0.118029 0.035059
vt 0.113546 0.036007
vt 0.131832 0.034017
vt 0.127348 0.03296
vt 0.122689 0.032636
vt 0.118029 0.03296
vt 0.113546 0.034017
vt 0.131832 0.033339
vt 0.127348 0.032245
vt 0.122689 0.031909
vt 0.118029 0.032245
vt 0.113546 0.033339
vt 0.131832 0.034017
vt 0.127348 0.03296
vt 0.122689 0.032636
vt 0.118029 0.03296
vt 0.113546 0.034017
vt 0.131832 0.036007
vt 0.127348 0.035059
vt 0.122689 0.034768
vt 0.118029 0.035059
vt 0.113546 0.036007
vt 0.131832 0.039171
vt 0.127348 0.038397
vt 0.122689 0.03816
vt 0.118029 0.038397
vt 0.113546 0.039171
vt 0.131832 0.043295
vt 0.127348 0.042747
vt 0.122689 0.04258
vt 0.118029 0.042747
vt 0.113546 0.043295
vt 0.131832 0.048097
vt 0.127348 0.047813
vt 0.122689 0.047727
vt 0.118029 0.047813
vt 0.113546 0.048097
vt 0.131832 0.05325
vt 0.127348 0.05325
vt 0.122689 0.05325
vt 0.118029 0.05325
vt 0.113546 0.05325
vt 0.131832 0.058403
vt 0.127348 0.058687
vt 0.122689 0.058773
vt 0.118029 0.058687
vt 0.113546 0.058403
vt 0.131832 0.063206
vt 0.127348 0.063753
vt 0.122689 0.06392
vt 0.118029 0.063753
vt 0.113546 0.063206
vt 0.131832 0.067329
vt 0.127348 0.068103
vt 0.122689 0.06834
vt 0.118029 0.068103
vt 0.113546 0.067329
vt 0.131832 0.070494
vt 0.127348 0.071441
vt 0.122689 0.071732
vt 0.118029 0.071441
vt 0.113546 0.070494
vt 0.131832 0.072483
vt 0.127348 0.07354
vt 0.122689 0.073864
vt 0.118029 0.07354
vt 0.113546 0.072483
vt 0.131832 0.073161
vt 0.127348 0.074255
vt 0.122689 0.074591
vt 0.118029 0.074255
vt 0.113546 0.073161
vt 0.131832 0.072483
vt 0.127348 0.07354
vt 0.122689 0.073864
vt 0.118029 0.07354
vt 0.113546 0.072483
vt 0.131832 0.070494
vt 0.127348 0.071441
vt 0.122689 0.071732
vt 0.118029 0.071441
vt 0.113546 0.070494
vt 0.199832 0.340498
vt 0.208892 0.349558
vt 0.208892 0.340498
vt 0.199832 0.349558
vt 0.208892 0.349558
vt 0.208892 0.340498
vt 0.199832 0.349558
vt 0.199832 0.340498
vt 0.208892 0.349558
vt 0.208892 0.340498
vt 0.199832 0.349558
vt 0.208892 0.349558
vt 0.208892 0.340498
vt 0.199832 0.349558
vt 0.199832 0.340498
vt 0.208892 0.349558
vt 0.208892 0.340498
vt 0.199832 0.349558
vt 0.208892 0.349558
vt 0.208892 0.340498
vt 0.199832 0.349558
vt 0.199832 0.340498
vt 0.208892 0.349558
vt 0.208892 0.340498
vt 0.199832 0.349558
vt 0.208892 0.349558
vt 0.208892 0.340498
vt 0.199832 0.349558
vt 0.199832 0.340498
vt 0.208892 0.349558
vt 0.208892 0.340498
vt 0.199832 0.349558
vt 0.208892 0.349558
vt 0.208892 0.340498
vt 0.199832 0.349558
vt 0.199832 0.340498
vt 0.208892 0.349558
vt 0.208892 0.340498
vt 0.199832 0.349558
vt 0.208892 0.349558
vt 0.208892 0.340498
vt 0.199832 0.349558
vt 0.199832 0.340498
vt 0.208892 0.349558
vt 0.208892 0.340498
vt 0.199832 0.349558
vt 0.208892 0.349558
vt 0.208892 0.340498
vt 0.199832 0.349558
vt 0.199832 0.340498
vt 0.208892 0.349558
vt 0.208892 0.340498
vt 0.199832 0.349558
vt 0.208892 0.349558
vt 0.208892 0.340498
vt 0.199832 0.349558
vt 0.199832 0.340498
vt 0.208892 0.349558
vt 0.208892 0.340498
vt 0.199832 0.349558
vt 0.208892 0.349558
vt 0.208892 0.340498
vt 0.199832 0.349558
vt 0.199832 0.340498
vt 0.208892 0.349558
vt 0.208892 0.340498
vt 0.199832 0.349558
vt 0.208892 0.349558
vt 0.208892 0.340498
vt 0.199832 0.349558
vt 0.199832 0.340498
vt 0.208892 0.349558
vt 0.208892 0.340498
vt 0.199832 0.349558
vt 0.208892 0.349558
vt 0.208892 0.340498
vt 0.199832 0.349558
vt 0.199832 0.340498
vt 0.208892 0.349558
vt 0.208892 0.340498
vt 0.199832 0.349558
vt 0.208892 0.349558
vt 0.208892 0.340498
vt 0.199832 0.349558
vt 0.199832 0.340498
vt 0.208892 0.349558
vt 0.208892 0.340498
vt 0.199832 0.349558
vt 0.208892 0.349558
vt 0.208892 0.340498
vt 0.199832 0.349558
vt 0.199832 0.340498
vt 0.208892 0.349558
vt 0.208892 0.340498
vt 0.199832 0.349558
vt 0.208892 0.349558
vt 0.208892 0.340498
vt 0.199832 0.349558
vt 0.199832 0.340498
vt 0.208892 0.349558
vt 0.208892 0.340498
vt 0.199832 0.349558
vt 0.208892 0.349558
vt 0.208892 0.340498
vt 0.199832 0.349558
vt 0.199832 0.340498
vt 0.208892 0.349558
vt 0.208892 0.340498
vt 0.199832 0.349558
vt 0.208892 0.349558
vt 0.208892 0.340498
vt 0.199832 0.349558
vt 0.199832 0.340498
vt 0.208892 0.349558
vt 0.208892 0.340498
vt 0.199832 0.349558
vt 0.208892 0.349558
vt 0.208892 0.340498
vt 0.199832 0.349558
vt 0.199832 0.340498
vt 0.208892 0.349558
vt 0.208892 0.340498
vt 0.199832 0.349558
vt 0.208892 0.349558
vt 0.208892 0.340498
vt 0.199832 0.349558
vt 0.199832 0.340498
vt 0.208892 0.349558
vt 0.208892 0.340498
vt 0.199832 0.349558
vt 0.208892 0.349558
vt 0.208892 0.340498
vt 0.199832 0.349558
vt 0.199832 0.340498
vt 0.208892 0.349558
vt 0.208892 0.340498
vt 0.199832 0.349558
vt 0.208892 0.349558
vt 0.208892 0.340498
vt 0.199832 0.349558
vt 0.199832 0.340498
vt 0.208892 0.349558
vt 0.208892 0.340498
vt 0.199832 0.349558
vt 0.208892 0.349558
vt 0.208892 0.340498
vt 0.199832 0.349558
vt 0.199832 0.340498
vt 0.208892 0.349558
vt 0.208892 0.340498
vt 0.199832 0.349558
vt 0.208892 0.349558
vt 0.208892 0.340498
vt 0.199832 0.349558
vt 0.199832 0.340498
vt 0.208892 0.349558
vt 0.208892 0.340498
vt 0.199832 0.349558
vt 0.208892 0.349558
vt 0.208892 0.340498
vt 0.199832 0.349558
vt 0.199832 0.340498
vt 0.208892 0.349558
vt 0.208892 0.340498
vt 0.199832 0.349558
vt 0.199832 0.340498
vt 0.208892 0.349558
vt 0.199832 0.349558
vt 0.199832 0.340498
vt 0.208892 0.349558
vt 0.208892 0.340498
vt 0.199832 0.349558
vt 0.199832 0.340498
vt 0.208892 0.349558
vt 0.208892 0.340498
vt 0.199832 0.349558
vt 0.199832 0.340498
vt 0.208892 0.349558
vt 0.208892 0.340498
vt 0.199832 0.349558
vt 0.199832 0.340498
vt 0.208892 0.349558
vt 0.208892 0.340498
vt 0.199832 0.349558
vt 0.199832 0.340498
vt 0.208892 0.349558
vt 0.208892 0.340498
vt 0.199832 0.349558
vt 0.199832 0.340498
vt 0.208892 0.349558
vt 0.208892 0.340498
vt 0.199832 0.349558
vt 0.199832 0.340498
vt 0.208892 0.349558
vt 0.208892 0.340498
vt 0.199832 0.349558
vt 0.199832 0.340498
vt 0.208892 0.349558
vt 0.208892 0.340498
vt 0.199832 0.349558
vt 0.199832 0.340498
vt 0.208892 0.349558
vt 0.208892 0.340498
vt 0.199832 0.349558
vt 0.199832 0.340498
vt 0.208892 0.349558
vt 0.208892 0.340498
vt 0.199832 0.349558
vt 0.199832 0.340498
vt 0.208892 0.349558
vt 0.208892 0.340498
vt 0.199832 0.349558
vt 0.199832 0.340498
vt 0.208892 0.349558
vt 0.208892 0.340498
vt 0.199832 0.349558
vt 0.199832 0.340498
vt 0.208892 0.349558
vt 0.208892 0.340498
vt 0.199832 0.349558
vt 0.199832 0.340498
vt 0.208892 0.349558
vt 0.208892 0.340498
vt 0.199832 0.349558
vt 0.024043 0.163489
vt 0.042161 0.152121
vt 0.035853 0.145813
vt 0.042161 0.172009
vt 0.019896 0.184338
vt 0.042161 0.184338
vt 0.024043 0.205187
vt 0.042161 0.196667
vt 0.035853 0.222862
vt 0.042161 0.216554
vt 0.053528 0.234672
vt 0.062049 0.216554
vt 0.074378 0.23882
vt 0.074378 0.216554
vt 0.095227 0.234672
vt 0.086706 0.216554
vt 0.112902 0.222862
vt 0.106594 0.216554
vt 0.124712 0.205187
vt 0.106594 0.196667
vt 0.128859 0.184338
vt 0.106594 0.184338
vt 0.124712 0.163489
vt 0.106594 0.172009
vt 0.112902 0.145813
vt 0.106594 0.152121
vt 0.095227 0.134003
vt 0.086706 0.152121
vt 0.074378 0.129856
vt 0.074378 0.152121
vt 0.053528 0.134003
vt 0.062049 0.152121
vt 0.199832 0.340498
vt 0.208892 0.349558
vt 0.208892 0.340498
vt 0.199832 0.349558
vt 0.199832 0.340498
vt 0.208892 0.340498
vt 0.199832 0.349558
vt 0.199832 0.340498
vt 0.208892 0.349558
vt 0.208892 0.340498
vt 0.199832 0.349558
vt 0.199832 0.340498
vt 0.208892 0.349558
vt 0.199832 0.349558
vt 0.199832 0.340498
vt 0.208892 0.349558
vt 0.208892 0.340498
vt 0.199832 0.349558
vt 0.199832 0.340498
vt 0.208892 0.349558
vt 0.199832 0.349558
vt 0.199832 0.340498
vt 0.208892 0.349558
vt 0.208892 0.340498
vt 0.199832 0.349558
vt 0.199832 0.340498
vt 0.208892 0.349558
vt 0.199832 0.349558
vt 0.199832 0.340498
vt 0.208892 0.349558
vt 0.208892 0.340498
vt 0.199832 0.349558
vt 0.199832 0.340498
vt 0.208892 0.349558
vt 0.199832 0.349558
vt 0.199832 0.340498
vt 0.208892 0.349558
vt 0.208892 0.340498
vt 0.199832 0.349558
vt 0.199832 0.340498
vt 0.208892 0.349558
vt 0.199832 0.349558
vt 0.199832 0.340498
vt 0.208892 0.349558
vt 0.208892 0.340498
vt 0.199832 0.349558
vt 0.199832 0.340498
vt 0.208892 0.349558
vt 0.199832 0.349558
vt 0.199832 0.340498
vt 0.208892 0.349558
vt 0.208892 0.340498
vt 0.199832 0.349558
vt 0.199832 0.340498
vt 0.208892 0.349558
vt 0.199832 0.349558
vt 0.199832 0.340498
vt 0.208892 0.349558
vt 0.208892 0.340498
vt 0.199832 0.349558
vt 0.199832 0.340498
vt 0.208892 0.349558
vt 0.199832 0.349558
vt 0.199832 0.340498
vt 0.208892 0.349558
vt 0.208892 0.340498
vt 0.199832 0.349558
vt 0.199832 0.340498
vt 0.208892 0.349558
vt 0.199832 0.349558
vt 0.199832 0.340498
vt 0.208892 0.349558
vt 0.208892 0.340498
vt 0.199832 0.349558
vt 0.199832 0.340498
vt 0.208892 0.349558
vt 0.199832 0.349558
vt 0.199832 0.340498
vt 0.208892 0.349558
vt 0.208892 0.340498
vt 0.199832 0.349558
vt 0.199832 0.340498
vt 0.208892 0.349558
vt 0.199832 0.349558
vt 0.199832 0.340498
vt 0.208892 0.349558
vt 0.208892 0.340498
vt 0.199832 0.349558
vt 0.199832 0.340498
vt 0.208892 0.349558
vt 0.199832 0.349558
vt 0.199832 0.340498
vt 0.208892 0.349558
vt 0.208892 0.340498
vt 0.199832 0.349558
vt 0.199832 0.340498
vt 0.208892 0.349558
vt 0.199832 0.349558
vt 0.199832 0.340498
vt 0.208892 0.349558
vt 0.208892 0.340498
vt 0.199832 0.349558
vt 0.199832 0.340498
vt 0.208892 0.349558
vt 0.199832 0.349558
vt 0.199832 0.340498
vt 0.208892 0.349558
vt 0.208892 0.340498
vt 0.199832 0.349558
vt 0.199832 0.340498
vt 0.208892 0.349558
vt 0.199832 0.349558
vt 0.199832 0.340498
vt 0.208892 0.349558
vt 0.208892 0.340498
vt 0.199832 0.349558
vt 0.199832 0.340498
vt 0.208892 0.349558
vt 0.199832 0.349558
vt 0.199832 0.340498
vt 0.208892 0.349558
vt 0.208892 0.340498
vt 0.199832 0.349558
vt 0.199832 0.340498
vt 0.208892 0.349558
vt 0.199832 0.349558
vt 0.199832 0.340498
vt 0.208892 0.349558
vt 0.208892 0.340498
vt 0.199832 0.349558
vt 0.199832 0.340498
vt 0.208892 0.349558
vt 0.199832 0.349558
vt 0.199832 0.340498
vt 0.208892 0.349558
vt 0.208892 0.340498
vt 0.199832 0.349558
vt 0.199832 0.340498
vt 0.208892 0.349558
vt 0.199832 0.349558
vt 0.199832 0.340498
vt 0.208892 0.349558
vt 0.208892 0.340498
vt 0.199832 0.349558
vt 0.199832 0.340498
vt 0.208892 0.349558
vt 0.199832 0.349558
vt 0.199832 0.340498
vt 0.208892 0.349558
vt 0.208892 0.340498
vt 0.199832 0.349558
vt 0.199832 0.340498
vt 0.208892 0.349558
vt 0.199832 0.349558
vt 0.199832 0.340498
vt 0.208892 0.349558
vt 0.208892 0.340498
vt 0.199832 0.349558
vt 0.199832 0.340498
vt 0.208892 0.349558
vt 0.199832 0.349558
vt 0.199832 0.340498
vt 0.208892 0.349558
vt 0.208892 0.340498
vt 0.199832 0.349558
vt 0.199832 0.340498
vt 0.208892 0.349558
vt 0.208892 0.340498
vt 0.177657 0.933584
vt 0.177657 0.919831
vt 0.163904 0.919831
vt 0.177657 0.919831
vt 0.163904 0.919831
vt 0.177657 0.933584
vt 0.177657 0.919831
vt 0.163904 0.919831
vt 0.177657 0.919831
vt 0.177657 0.919831
vt 0.305721 0.327401
vt 0.319474 0.341155
vt 0.319474 0.327401
vt 0.319474 0.341155
vt 0.319474 0.327401
vt 0.305721 0.327401
vt 0.319474 0.327401
vt 0.319474 0.341155
vt 0.319474 0.327401
f 2998/2998/2998 2997/2997/2997 2999/2999/2999
f 3000/3000/3000 2997/2997/2997 2998/2998/2998
f 3000/3000/3000 3001/3001/3001 3002/3002/3002
f 3002/3002/3002 3001/3001/3001 3003/3003/3003
f 3004/3004/3004 3001/3001/3001 2999/2999/2999
f 3005/3005/3005 3001/3001/3001 3004/3004/3004
f 3007/3007/3007 3006/3006/3006 3003/3003/3003
f 3008/3008/3008 3006/3006/3006 3007/3007/3007
f 3010/3010/3010 3009/3009/3009 3003/3003/3003
f 3011/3011/3011 3009/3009/3009 3010/3010/3010
f 3011/3011/3011 3012/3012/3012 3013/3013/3013
f 3013/3013/3013 3012/3012/3012 3014/3014/3014
f 3002/3002/3002 3015/3015/3015 3016/3016/3016
f 3017/3017/3017 3015/3015/3015 3002/3002/3002
f 3019/3019/3019 3018/3018/3018 3020/3020/3020
f 3021/3021/3021 3018/3018/3018 3019/3019/3019
f 3021/3021/3021 3022/3022/3022 3023/3023/3023
f 3023/3023/3023 3022/3022/3022 3024/3024/3024
f 3025/3025/3025 3022/3022/3022 3026/3026/3026
f 3027/3027/3027 3022/3022/3022 3025/3025/3025
f 3025/3025/3025 3028/3028/3028 3029/3029/3029
f 3030/3030/3030 3028/3028/3028 3025/3025/3025
f 3031/3031/3031 3028/3028/3028 3032/3032/3032
f 3033/3033/3033 3028/3028/3028 3031/3031/3031
f 3033/3033/3033 3034/3034/3034 3035/3035/3035
f 3035/3035/3035 3034/3034/3034 3036/3036/3036
f 3038/3038/3038 3037/3037/3037 3036/3036/3036
f 3039/3039/3039 3037/3037/3037 3038/3038/3038
f 3039/3039/3039 3040/3040/3040 3035/3035/3035
f 3035/3035/3035 3040/3040/3040 3041/3041/3041
f 3042/3042/3042 3037/3037/3037 3041/3041/3041
f 3033/3033/3033 3037/3037/3037 3042/3042/3042
f 3038/3038/3038 3043/3043/3043 3044/3044/3044
f 3045/3045/3045 3043/3043/3043 3038/3038/3038
f 3046/3046/3046 3043/3043/3043 3047/3047/3047
f 3048/3048/3048 3043/3043/3043 3046/3046/3046
f 3039/3039/3039 3049/3049/3049 3046/3046/3046
f 3046/3046/3046 3049/3049/3049 3050/3050/3050
f 3048/3048/3048 3051/3051/3051 3052/3052/3052
f 3052/3052/3052 3051/3051/3051 3053/3053/3053
f 3054/3054/3054 3051/3051/3051 3050/3050/3050
f 3055/3055/3055 3051/3051/3051 3054/3054/3054
f 3055/3055/3055 3056/3056/3056 3057/3057/3057
f 3057/3057/3057 3056/3056/3056 3058/3058/3058
f 3057/3057/3057 3051/3051/3051 3059/3059/3059
f 3060/3060/3060 3051/3051/3051 3057/3057/3057
f 3060/3060/3060 3061/3061/3061 3062/3062/3062
f 3062/3062/3062 3061/3061/3061 3063/3063/3063
f 3065/3065/3065 3064/3064/3064 3066/3066/3066
f 3067/3067/3067 3064/3064/3064 3065/3065/3065
f 3068/3068/3068 3064/3064/3064 3069/3069/3069
f 3070/3070/3070 3064/3064/3064 3068/3068/3068
f 3072/3072/3072 3071/3071/3071 3069/3069/3069
f 3073/3073/3073 3071/3071/3071 3072/3072/3072
f 3075/3075/3075 3074/3074/3074 3069/3069/3069
f 3076/3076/3076 3074/3074/3074 3075/3075/3075
f 3078/3078/3078 3077/3077/3077 3069/3069/3069
f 3079/3079/3079 3077/3077/3077 3078/3078/3078
f 3079/3079/3079 3064/3064/3064 3080/3080/3080
f 3080/3080/3080 3064/3064/3064 3081/3081/3081
f 3083/3083/3083 3082/3082/3082 3084/3084/3084
f 3085/3085/3085 3082/3082/3082 3083/3083/3083
f 3085/3085/3085 3086/3086/3086 3087/3087/3087
f 3087/3087/3087 3086/3086/3086 3088/3088/3088
f 3087/3087/3087 3089/3089/3089 3090/3090/3090
f 3091/3091/3091 3089/3089/3089 3087/3087/3087
f 3093/3093/3093 3092/3092/3092 3090/3090/3090
f 3094/3094/3094 3092/3092/3092 3093/3093/3093
f 3083/3083/3083 3095/3095/3095 3096/3096/3096
f 3097/3097/3097 3095/3095/3095 3083/3083/3083
f 3098/3098/3098 3089/3089/3089 3096/3096/3096
f 3099/3099/3099 3089/3089/3089 3098/3098/3098
f 3098/3098/3098 3092/3092/3092 3100/3100/3100
f 3101/3101/3101 3092/3092/3092 3098/3098/3098
f 3103/3103/3103 3102/3102/3102 3104/3104/3104
f 3105/3105/3105 3102/3102/3102 3103/3103/3103
f 3107/3107/3107 3106/3106/3106 3104/3104/3104
f 3108/3108/3108 3106/3106/3106 3107/3107/3107
f 3108/3108/3108 3109/3109/3109 3110/3110/3110
f 3110/3110/3110 3109/3109/3109 3111/3111/3111
f 3112/3112/3112 3102/3102/3102 3113/3113/3113
f 3114/3114/3114 3102/3102/3102 3112/3112/3112
f 3112/3112/3112 3106/3106/3106 3115/3115/3115
f 3116/3116/3116 3106/3106/3106 3112/3112/3112
f 3116/3116/3116 3117/3117/3117 3103/3103/3103
f 3103/3103/3103 3117/3117/3117 3118/3118/3118
f 3120/3120/3120 3119/3119/3119 3118/3118/3118
f 3121/3121/3121 3119/3119/3119 3120/3120/3120
f 3121/3121/3121 3117/3117/3117 3122/3122/3122
f 3122/3122/3122 3117/3117/3117 3123/3123/3123
f 3125/3125/3125 3124/3124/3124 3115/3115/3115
f 3108/3108/3108 3124/3124/3124 3125/3125/3125
f 3122/3122/3122 3126/3126/3126 3127/3127/3127
f 3128/3128/3128 3126/3126/3126 3122/3122/3122
f 3130/3130/3130 3129/3129/3129 3131/3131/3131
f 3132/3132/3132 3129/3129/3129 3130/3130/3130
f 3132/3132/3132 3133/3133/3133 3134/3134/3134
f 3134/3134/3134 3133/3133/3133 3135/3135/3135
f 3130/3130/3130 3136/3136/3136 3135/3135/3135
f 3137/3137/3137 3136/3136/3136 3130/3130/3130
f 3138/3138/3138 3133/3133/3133 3131/3131/3131
f 3137/3137/3137 3133/3133/3133 3138/3138/3138
f 3134/3134/3134 3139/3139/3139 3140/3140/3140
f 3141/3141/3141 3139/3139/3139 3134/3134/3134
f 3143/3143/3143 3142/3142/3142 3140/3140/3140
f 3144/3144/3144 3142/3142/3142 3143/3143/3143
f 3143/3143/3143 3139/3139/3139 3145/3145/3145
f 3146/3146/3146 3139/3139/3139 3143/3143/3143
f 3148/3148/3148 3147/3147/3147 3149/3149/3149
f 3150/3150/3150 3147/3147/3147 3148/3148/3148
f 3147/3147/3147 3151/3151/3151 3152/3152/3152
f 3153/3153/3153 3151/3151/3151 3147/3147/3147
f 3153/3153/3153 3154/3154/3154 3155/3155/3155
f 3155/3155/3155 3154/3154/3154 3156/3156/3156
f 3158/3158/3158 3157/3157/3157 3156/3156/3156
f 3159/3159/3159 3157/3157/3157 3158/3158/3158
f 3159/3159/3159 3160/3160/3160 3161/3161/3161
f 3161/3161/3161 3160/3160/3160 3162/3162/3162
f 3164/3164/3164 3163/3163/3163 3150/3150/3150
f 3165/3165/3165 3163/3163/3163 3164/3164/3164
f 3166/3166/3166 3163/3163/3163 3167/3167/3167
f 3168/3168/3168 3163/3163/3163 3166/3166/3166
f 3170/3170/3170 3169/3169/3169 3171/3171/3171
f 3172/3172/3172 3169/3169/3169 3170/3170/3170
f 3174/3174/3174 3173/3173/3173 3171/3171/3171
f 3175/3175/3175 3173/3173/3173 3174/3174/3174
f 3175/3175/3175 3176/3176/3176 3177/3177/3177
f 3177/3177/3177 3176/3176/3176 3178/3178/3178
f 3179/3179/3179 3169/3169/3169 3180/3180/3180
f 3181/3181/3181 3169/3169/3169 3179/3179/3179
f 3179/3179/3179 3173/3173/3173 3182/3182/3182
f 3183/3183/3183 3173/3173/3173 3179/3179/3179
f 3183/3183/3183 3184/3184/3184 3170/3170/3170
f 3170/3170/3170 3184/3184/3184 3185/3185/3185
f 3187/3187/3187 3186/3186/3186 3185/3185/3185
f 3188/3188/3188 3186/3186/3186 3187/3187/3187
f 3188/3188/3188 3184/3184/3184 3189/3189/3189
f 3189/3189/3189 3184/3184/3184 3190/3190/3190
f 3192/3192/3192 3191/3191/3191 3182/3182/3182
f 3175/3175/3175 3191/3191/3191 3192/3192/3192
f 3189/3189/3189 3193/3193/3193 3194/3194/3194
f 3195/3195/3195 3193/3193/3193 3189/3189/3189
f 3197/3197/3197 3196/3196/3196 3198/3198/3198
f 3199/3199/3199 3196/3196/3196 3197/3197/3197
f 3197/3197/3197 3200/3200/3200 3201/3201/3201
f 3202/3202/3202 3200/3200/3200 3197/3197/3197
f 3203/3203/3203 3196/3196/3196 3201/3201/3201
f 3204/3204/3204 3196/3196/3196 3203/3203/3203
f 3202/3202/3202 3205/3205/3205 3206/3206/3206
f 3206/3206/3206 3205/3205/3205 3207/3207/3207
f 3206/3206/3206 3208/3208/3208 3201/3201/3201
f 3209/3209/3209 3208/3208/3208 3206/3206/3206
f 3211/3211/3211 3210/3210/3210 3198/3198/3198
f 3212/3212/3212 3210/3210/3210 3211/3211/3211
f 3203/3203/3203 3210/3210/3210 3213/3213/3213
f 3214/3214/3214 3210/3210/3210 3203/3203/3203
f 3215/3215/3215 3205/3205/3205 3216/3216/3216
f 3217/3217/3217 3205/3205/3205 3215/3215/3215
f 3219/3219/3219 3218/3218/3218 3220/3220/3220
f 3221/3221/3221 3218/3218/3218 3219/3219/3219
f 3223/3223/3223 3222/3222/3222 3220/3220/3220
f 3224/3224/3224 3222/3222/3222 3223/3223/3223
f 3221/3221/3221 3225/3225/3225 3226/3226/3226
f 3226/3226/3226 3225/3225/3225 3227/3227/3227
f 3229/3229/3229 3228/3228/3228 3220/3220/3220
f 3230/3230/3230 3228/3228/3228 3229/3229/3229
f 3230/3230/3230 3231/3231/3231 3223/3223/3223
f 3223/3223/3223 3231/3231/3231 3232/3232/3232
f 3219/3219/3219 3233/3233/3233 3234/3234/3234
f 3235/3235/3235 3233/3233/3233 3219/3219/3219
f 3237/3237/3237 3236/3236/3236 3227/3227/3227
f 3238/3238/3238 3236/3236/3236 3237/3237/3237
f 3240/3240/3240 3239/3239/3239 3234/3234/3234
f 3240/3240/3240 3241/3241/3241 3242/3242/3242
f 3243/3243/3243 3241/3241/3241 3244/3244/3244
f 3243/3243/3243 3245/3245/3245 3246/3246/3246
f 3247/3247/3247 3245/3245/3245 3243/3243/3243
f 3247/3247/3247 3248/3248/3248 3249/3249/3249
f 3249/3249/3249 3248/3248/3248 3250/3250/3250
f 3251/3251/3251 3248/3248/3248 3252/3252/3252
f 3253/3253/3253 3248/3248/3248 3251/3251/3251
f 3253/3253/3253 3254/3254/3254 3255/3255/3255
f 3255/3255/3255 3254/3254/3254 3256/3256/3256
f 3257/3257/3257 3254/3254/3254 3258/3258/3258
f 3259/3259/3259 3254/3254/3254 3257/3257/3257
f 3257/3257/3257 3260/3260/3260 3261/3261/3261
f 3262/3262/3262 3260/3260/3260 3257/3257/3257
f 3262/3262/3262 3263/3263/3263 3255/3255/3255
f 3255/3255/3255 3263/3263/3263 3264/3264/3264
f 3266/3266/3266 3265/3265/3265 3261/3261/3261
f 3267/3267/3267 3265/3265/3265 3266/3266/3266
f 3262/3262/3262 3268/3268/3268 3266/3266/3266
f 3266/3266/3266 3268/3268/3268 3269/3269/3269
f 3270/3270/3270 3260/3260/3260 3269/3269/3269
f 3267/3267/3267 3260/3260/3260 3270/3270/3270
f 3267/3267/3267 3271/3271/3271 3272/3272/3272
f 3272/3272/3272 3271/3271/3271 3273/3273/3273
f 3275/3275/3275 3274/3274/3274 3273/3273/3273
f 3276/3276/3276 3274/3274/3274 3275/3275/3275
f 3276/3276/3276 3277/3277/3277 3278/3278/3278
f 3278/3278/3278 3277/3277/3277 3279/3279/3279
f 3280/3280/3280 3274/3274/3274 3281/3281/3281
f 3282/3282/3282 3274/3274/3274 3280/3280/3280
f 3280/3280/3280 3271/3271/3271 3283/3283/3283
f 3284/3284/3284 3271/3271/3271 3280/3280/3280
f 3284/3284/3284 3285/3285/3285 3286/3286/3286
f 3286/3286/3286 3285/3285/3285 3287/3287/3287
f 3289/3289/3289 3288/3288/3288 3283/3283/3283
f 3267/3267/3267 3288/3288/3288 3289/3289/3289
f 3276/3276/3276 3290/3290/3290 3291/3291/3291
f 3291/3291/3291 3290/3290/3290 3292/3292/3292
f 3294/3294/3294 3293/3293/3293 3292/3292/3292
f 3295/3295/3295 3293/3293/3293 3294/3294/3294
f 3297/3297/3297 3296/3296/3296 3298/3298/3298
f 3299/3299/3299 3296/3296/3296 3297/3297/3297
f 3301/3301/3301 3300/3300/3300 3298/3298/3298
f 3302/3302/3302 3300/3300/3300 3301/3301/3301
f 3303/3303/3303 3300/3300/3300 3304/3304/3304
f 3305/3305/3305 3300/3300/3300 3303/3303/3303
f 3307/3307/3307 3306/3306/3306 3298/3298/3298
f 3308/3308/3308 3306/3306/3306 3307/3307/3307
f 3310/3310/3310 3309/3309/3309 3298/3298/3298
f 3311/3311/3311 3309/3309/3309 3310/3310/3310
f 3311/3311/3311 3300/3300/3300 3312/3312/3312
f 3312/3312/3312 3300/3300/3300 3313/3313/3313
f 3303/3303/3303 3314/3314/3314 3315/3315/3315
f 3316/3316/3316 3314/3314/3314 3303/3303/3303
f 3317/3317/3317 3314/3314/3314 3318/3318/3318
f 3319/3319/3319 3314/3314/3314 3317/3317/3317
f 3319/3319/3319 3320/3320/3320 3321/3321/3321
f 3321/3321/3321 3320/3320/3320 3322/3322/3322
f 3324/3324/3324 3323/3323/3323 3325/3325/3325
f 3326/3326/3326 3323/3323/3323 3324/3324/3324
f 3324/3324/3324 3327/3327/3327 3328/3328/3328
f 3329/3329/3329 3327/3327/3327 3324/3324/3324
f 3329/3329/3329 3330/3330/3330 3331/3331/3331
f 3331/3331/3331 3330/3330/3330 3332/3332/3332
f 3331/3331/3331 3333/3333/3333 3328/3328/3328
f 3334/3334/3334 3333/3333/3333 3331/3331/3331
f 3335/3335/3335 3327/3327/3327 3332/3332/3332
f 3334/3334/3334 3327/3327/3327 3335/3335/3335
f 3337/3337/3337 3336/3336/3336 3325/3325/3325
f 3338/3338/3338 3336/3336/3336 3337/3337/3337
f 3337/3337/3337 3339/3339/3339 3340/3340/3340
f 3341/3341/3341 3339/3339/3339 3337/3337/3337
f 3343/3343/3343 3342/3342/3342 3344/3344/3344
f 3345/3345/3345 3342/3342/3342 3343/3343/3343
f 3347/3347/3347 3346/3346/3346 3344/3344/3344
f 3348/3348/3348 3346/3346/3346 3347/3347/3347
f 3348/3348/3348 3349/3349/3349 3350/3350/3350
f 3350/3350/3350 3349/3349/3349 3351/3351/3351
f 3352/3352/3352 3342/3342/3342 3353/3353/3353
f 3354/3354/3354 3342/3342/3342 3352/3352/3352
f 3352/3352/3352 3346/3346/3346 3355/3355/3355
f 3356/3356/3356 3346/3346/3346 3352/3352/3352
f 3356/3356/3356 3357/3357/3357 3343/3343/3343
f 3343/3343/3343 3357/3357/3357 3358/3358/3358
f 3360/3360/3360 3359/3359/3359 3358/3358/3358
f 3361/3361/3361 3359/3359/3359 3360/3360/3360
f 3361/3361/3361 3357/3357/3357 3362/3362/3362
f 3362/3362/3362 3357/3357/3357 3363/3363/3363
f 3365/3365/3365 3364/3364/3364 3355/3355/3355
f 3348/3348/3348 3364/3364/3364 3365/3365/3365
f 3362/3362/3362 3366/3366/3366 3367/3367/3367
f 3368/3368/3368 3366/3366/3366 3362/3362/3362
f 3362/3362/3362 3369/3369/3369 3370/3370/3370
f 3371/3371/3371 3369/3369/3369 3372/3372/3372
f 3373/3373/3373 3369/3369/3369 3371/3371/3371
f 3371/3371/3371 3374/3374/3374 3375/3375/3375
f 3376/3376/3376 3374/3374/3374 3371/3371/3371
f 3377/3377/3377 3374/3374/3374 3372/3372/3372
f 3378/3378/3378 3374/3374/3374 3377/3377/3377
f 3373/3373/3373 3379/3379/3379 3380/3380/3380
f 3380/3380/3380 3379/3379/3379 3381/3381/3381
f 3380/3380/3380 3382/3382/3382 3372/3372/3372
f 3383/3383/3383 3382/3382/3382 3380/3380/3380
f 3384/3384/3384 3369/3369/3369 3381/3381/3381
f 3386/3386/3386 3385/3385/3385 3375/3375/3375
f 3387/3387/3387 3385/3385/3385 3386/3386/3386
f 3377/3377/3377 3385/3385/3385 3388/3388/3388
f 3389/3389/3389 3385/3385/3385 3377/3377/3377
f 3390/3390/3390 3379/3379/3379 3391/3391/3391
f 3392/3392/3392 3379/3379/3379 3390/3390/3390
f 3384/3384/3384 3393/3393/3393 3394/3394/3394
f 3395/3395/3395 3393/3393/3393 3384/3384/3384
f 3395/3395/3395 3396/3396/3396 3397/3397/3397
f 3397/3397/3397 3396/3396/3396 3398/3398/3398
f 3399/3399/3399 3396/3396/3396 3400/3400/3400
f 3401/3401/3401 3396/3396/3396 3399/3399/3399
f 3401/3401/3401 3402/3402/3402 3403/3403/3403
f 3403/3403/3403 3402/3402/3402 3404/3404/3404
f 3405/3405/3405 3402/3402/3402 3406/3406/3406
f 3407/3407/3407 3402/3402/3402 3405/3405/3405
f 3405/3405/3405 3408/3408/3408 3409/3409/3409
f 3410/3410/3410 3408/3408/3408 3405/3405/3405
f 3410/3410/3410 3411/3411/3411 3403/3403/3403
f 3403/3403/3403 3411/3411/3411 3412/3412/3412
f 3414/3414/3414 3413/3413/3413 3409/3409/3409
f 3415/3415/3415 3413/3413/3413 3414/3414/3414
f 3410/3410/3410 3416/3416/3416 3414/3414/3414
f 3414/3414/3414 3416/3416/3416 3417/3417/3417
f 3418/3418/3418 3408/3408/3408 3417/3417/3417
f 3415/3415/3415 3408/3408/3408 3418/3418/3418
f 3415/3415/3415 3419/3419/3419 3420/3420/3420
f 3420/3420/3420 3419/3419/3419 3421/3421/3421
f 3423/3423/3423 3422/3422/3422 3421/3421/3421
f 3424/3424/3424 3422/3422/3422 3423/3423/3423
f 3424/3424/3424 3425/3425/3425 3426/3426/3426
f 3426/3426/3426 3425/3425/3425 3427/3427/3427
f 3428/3428/3428 3422/3422/3422 3429/3429/3429
f 3430/3430/3430 3422/3422/3422 3428/3428/3428
f 3428/3428/3428 3419/3419/3419 3431/3431/3431
f 3432/3432/3432 3419/3419/3419 3428/3428/3428
f 3432/3432/3432 3433/3433/3433 3434/3434/3434
f 3434/3434/3434 3433/3433/3433 3435/3435/3435
f 3437/3437/3437 3436/3436/3436 3431/3431/3431
f 3415/3415/3415 3436/3436/3436 3437/3437/3437
f 3424/3424/3424 3438/3438/3438 3439/3439/3439
f 3439/3439/3439 3438/3438/3438 3440/3440/3440
f 3442/3442/3442 3441/3441/3441 3440/3440/3440
f 3443/3443/3443 3441/3441/3441 3442/3442/3442
f 3445/3445/3445 3444/3444/3444 3446/3446/3446
f 3447/3447/3447 3444/3444/3444 3445/3445/3445
f 3449/3449/3449 3448/3448/3448 3446/3446/3446
f 3450/3450/3450 3448/3448/3448 3449/3449/3449
f 3447/3447/3447 3451/3451/3451 3452/3452/3452
f 3452/3452/3452 3451/3451/3451 3453/3453/3453
f 3449/3449/3449 3454/3454/3454 3455/3455/3455
f 3456/3456/3456 3454/3454/3454 3449/3449/3449
f 3456/3456/3456 3457/3457/3457 3458/3458/3458
f 3458/3458/3458 3457/3457/3457 3459/3459/3459
f 3461/3461/3461 3460/3460/3460 3453/3453/3453
f 3462/3462/3462 3460/3460/3460 3461/3461/3461
f 3384/3384/3384 3451/3451/3451 3463/3463/3463
f 3464/3464/3464 3451/3451/3451 3465/3465/3465
f 3467/3467/3467 3466/3466/3466 3465/3465/3465
f 3468/3468/3468 3466/3466/3466 3467/3467/3467
f 3470/3470/3470 3469/3469/3469 3471/3471/3471
f 3472/3472/3472 3469/3469/3469 3470/3470/3470
f 3474/3474/3474 3473/3473/3473 3471/3471/3471
f 3475/3475/3475 3473/3473/3473 3474/3474/3474
f 3476/3476/3476 3473/3473/3473 3477/3477/3477
f 3478/3478/3478 3473/3473/3473 3476/3476/3476
f 3480/3480/3480 3479/3479/3479 3471/3471/3471
f 3481/3481/3481 3479/3479/3479 3480/3480/3480
f 3483/3483/3483 3482/3482/3482 3471/3471/3471
f 3484/3484/3484 3482/3482/3482 3483/3483/3483
f 3484/3484/3484 3473/3473/3473 3485/3485/3485
f 3485/3485/3485 3473/3473/3473 3486/3486/3486
f 3476/3476/3476 3487/3487/3487 3488/3488/3488
f 3489/3489/3489 3487/3487/3487 3476/3476/3476
f 3490/3490/3490 3487/3487/3487 3491/3491/3491
f 3492/3492/3492 3487/3487/3487 3490/3490/3490
f 3492/3492/3492 3493/3493/3493 3494/3494/3494
f 3494/3494/3494 3493/3493/3493 3495/3495/3495
f 3497/3497/3497 3496/3496/3496 3498/3498/3498
f 3499/3499/3499 3496/3496/3496 3497/3497/3497
f 3497/3497/3497 3500/3500/3500 3501/3501/3501
f 3502/3502/3502 3500/3500/3500 3497/3497/3497
f 3502/3502/3502 3503/3503/3503 3504/3504/3504
f 3504/3504/3504 3503/3503/3503 3505/3505/3505
f 3504/3504/3504 3506/3506/3506 3501/3501/3501
f 3507/3507/3507 3506/3506/3506 3504/3504/3504
f 3508/3508/3508 3500/3500/3500 3505/3505/3505
f 3507/3507/3507 3500/3500/3500 3508/3508/3508
f 3509/3509/3509 3496/3496/3496 3510/3510/3510
f 3511/3511/3511 3496/3496/3496 3509/3509/3509
f 3509/3509/3509 3512/3512/3512 3513/3513/3513
f 3514/3514/3514 3512/3512/3512 3509/3509/3509
f 3516/3516/3516 3515/3515/3515 3517/3517/3517
f 3518/3518/3518 3515/3515/3515 3516/3516/3516
f 3520/3520/3520 3519/3519/3519 3517/3517/3517
f 3521/3521/3521 3519/3519/3519 3520/3520/3520
f 3521/3521/3521 3522/3522/3522 3523/3523/3523
f 3523/3523/3523 3522/3522/3522 3524/3524/3524
f 3525/3525/3525 3515/3515/3515 3526/3526/3526
f 3527/3527/3527 3515/3515/3515 3525/3525/3525
f 3525/3525/3525 3519/3519/3519 3528/3528/3528
f 3529/3529/3529 3519/3519/3519 3525/3525/3525
f 3529/3529/3529 3530/3530/3530 3516/3516/3516
f 3516/3516/3516 3530/3530/3530 3531/3531/3531
f 3533/3533/3533 3532/3532/3532 3531/3531/3531
f 3534/3534/3534 3532/3532/3532 3533/3533/3533
f 3534/3534/3534 3530/3530/3530 3535/3535/3535
f 3535/3535/3535 3530/3530/3530 3536/3536/3536
f 3538/3538/3538 3537/3537/3537 3528/3528/3528
f 3521/3521/3521 3537/3537/3537 3538/3538/3538
f 3535/3535/3535 3539/3539/3539 3540/3540/3540
f 3541/3541/3541 3539/3539/3539 3535/3535/3535
f 3535/3535/3535 3542/3542/3542 3543/3543/3543
f 3544/3544/3544 3542/3542/3542 3545/3545/3545
f 3546/3546/3546 3542/3542/3542 3544/3544/3544
f 3544/3544/3544 3547/3547/3547 3548/3548/3548
f 3549/3549/3549 3547/3547/3547 3544/3544/3544
f 3551/3551/3551 3550/3550/3550 3543/3543/3543
f 3546/3546/3546 3550/3550/3550 3551/3551/3551
f 3553/3553/3553 3552/3552/3552 3548/3548/3548
f 3554/3554/3554 3552/3552/3552 3553/3553/3553
f 3551/3551/3551 3555/3555/3555 3556/3556/3556
f 3557/3557/3557 3555/3555/3555 3551/3551/3551
f 3558/3558/3558 3547/3547/3547 3556/3556/3556
f 3559/3559/3559 3547/3547/3547 3558/3558/3558
f 3558/3558/3558 3552/3552/3552 3560/3560/3560
f 3561/3561/3561 3552/3552/3552 3558/3558/3558
f 3562/3562/3562 3550/3550/3550 3563/3563/3563
f 3564/3564/3564 3550/3550/3550 3562/3562/3562
f 3566/3566/3566 3565/3565/3565 3567/3567/3567
f 3568/3568/3568 3565/3565/3565 3566/3566/3566
f 3570/3570/3570 3569/3569/3569 3567/3567/3567
f 3571/3571/3571 3569/3569/3569 3570/3570/3570
f 3568/3568/3568 3572/3572/3572 3573/3573/3573
f 3573/3573/3573 3572/3572/3572 3574/3574/3574
f 3575/3575/3575 3565/3565/3565 3574/3574/3574
f 3576/3576/3576 3565/3565/3565 3575/3575/3575
f 3566/3566/3566 3577/3577/3577 3578/3578/3578
f 3579/3579/3579 3577/3577/3577 3566/3566/3566
f 3580/3580/3580 3572/3572/3572 3578/3578/3578
f 3580/3580/3580 3581/3581/3581 3582/3582/3582
f 3583/3583/3583 3581/3581/3581 3580/3580/3580
f 3583/3583/3583 3584/3584/3584 3585/3585/3585
f 3585/3585/3585 3584/3584/3584 3586/3586/3586
f 3587/3587/3587 3584/3584/3584 3588/3588/3588
f 3589/3589/3589 3584/3584/3584 3587/3587/3587
f 3589/3589/3589 3590/3590/3590 3591/3591/3591
f 3591/3591/3591 3590/3590/3590 3592/3592/3592
f 3593/3593/3593 3590/3590/3590 3594/3594/3594
f 3595/3595/3595 3590/3590/3590 3593/3593/3593
f 3593/3593/3593 3596/3596/3596 3597/3597/3597
f 3598/3598/3598 3596/3596/3596 3593/3593/3593
f 3598/3598/3598 3599/3599/3599 3591/3591/3591
f 3591/3591/3591 3599/3599/3599 3600/3600/3600
f 3602/3602/3602 3601/3601/3601 3597/3597/3597
f 3603/3603/3603 3601/3601/3601 3602/3602/3602
f 3598/3598/3598 3604/3604/3604 3602/3602/3602
f 3602/3602/3602 3604/3604/3604 3605/3605/3605
f 3606/3606/3606 3596/3596/3596 3605/3605/3605
f 3603/3603/3603 3596/3596/3596 3606/3606/3606
f 3603/3603/3603 3607/3607/3607 3608/3608/3608
f 3608/3608/3608 3607/3607/3607 3609/3609/3609
f 3611/3611/3611 3610/3610/3610 3609/3609/3609
f 3612/3612/3612 3610/3610/3610 3611/3611/3611
f 3612/3612/3612 3613/3613/3613 3614/3614/3614
f 3614/3614/3614 3613/3613/3613 3615/3615/3615
f 3616/3616/3616 3584/3584/3584 3600/3600/3600
f 3617/3617/3617 3584/3584/3584 3616/3616/3616
f 3617/3617/3617 3618/3618/3618 3585/3585/3585
f 3585/3585/3585 3618/3618/3618 3619/3619/3619
f 3620/3620/3620 3607/3607/3607 3621/3621/3621
f 3620/3620/3620 3622/3622/3622 3623/3623/3623
f 3624/3624/3624 3622/3622/3622 3620/3620/3620
f 3625/3625/3625 3607/3607/3607 3620/3620/3620
f 3625/3625/3625 3626/3626/3626 3627/3627/3627
f 3627/3627/3627 3626/3626/3626 3628/3628/3628
f 3630/3630/3630 3629/3629/3629 3621/3621/3621
f 3603/3603/3603 3629/3629/3629 3630/3630/3630
f 3632/3632/3632 3631/3631/3631 3633/3633/3633
f 3634/3634/3634 3631/3631/3631 3632/3632/3632
f 3636/3636/3636 3635/3635/3635 3633/3633/3633
f 3637/3637/3637 3635/3635/3635 3636/3636/3636
f 3638/3638/3638 3635/3635/3635 3639/3639/3639
f 3640/3640/3640 3635/3635/3635 3638/3638/3638
f 3642/3642/3642 3641/3641/3641 3633/3633/3633
f 3643/3643/3643 3641/3641/3641 3642/3642/3642
f 3645/3645/3645 3644/3644/3644 3633/3633/3633
f 3646/3646/3646 3644/3644/3644 3645/3645/3645
f 3646/3646/3646 3635/3635/3635 3647/3647/3647
f 3647/3647/3647 3635/3635/3635 3648/3648/3648
f 3638/3638/3638 3649/3649/3649 3650/3650/3650
f 3651/3651/3651 3649/3649/3649 3638/3638/3638
f 3652/3652/3652 3649/3649/3649 3653/3653/3653
f 3654/3654/3654 3649/3649/3649 3652/3652/3652
f 3654/3654/3654 3655/3655/3655 3656/3656/3656
f 3656/3656/3656 3655/3655/3655 3657/3657/3657
f 3659/3659/3659 3658/3658/3658 3660/3660/3660
f 3661/3661/3661 3658/3658/3658 3659/3659/3659
f 3659/3659/3659 3662/3662/3662 3663/3663/3663
f 3664/3664/3664 3662/3662/3662 3659/3659/3659
f 3664/3664/3664 3665/3665/3665 3666/3666/3666
f 3666/3666/3666 3665/3665/3665 3667/3667/3667
f 3666/3666/3666 3668/3668/3668 3663/3663/3663
f 3669/3669/3669 3668/3668/3668 3666/3666/3666
f 3670/3670/3670 3662/3662/3662 3667/3667/3667
f 3669/3669/3669 3662/3662/3662 3670/3670/3670
f 3672/3672/3672 3671/3671/3671 3660/3660/3660
f 3673/3673/3673 3671/3671/3671 3672/3672/3672
f 3672/3672/3672 3658/3658/3658 3674/3674/3674
f 3675/3675/3675 3658/3658/3658 3672/3672/3672
f 3677/3677/3677 3676/3676/3676 3678/3678/3678
f 3679/3679/3679 3676/3676/3676 3677/3677/3677
f 3681/3681/3681 3680/3680/3680 3678/3678/3678
f 3682/3682/3682 3680/3680/3680 3681/3681/3681
f 3682/3682/3682 3683/3683/3683 3684/3684/3684
f 3684/3684/3684 3683/3683/3683 3685/3685/3685
f 3686/3686/3686 3676/3676/3676 3687/3687/3687
f 3688/3688/3688 3676/3676/3676 3686/3686/3686
f 3686/3686/3686 3680/3680/3680 3689/3689/3689
f 3690/3690/3690 3680/3680/3680 3686/3686/3686
f 3690/3690/3690 3691/3691/3691 3677/3677/3677
f 3677/3677/3677 3691/3691/3691 3692/3692/3692
f 3694/3694/3694 3693/3693/3693 3692/3692/3692
f 3695/3695/3695 3693/3693/3693 3694/3694/3694
f 3695/3695/3695 3691/3691/3691 3696/3696/3696
f 3696/3696/3696 3691/3691/3691 3697/3697/3697
f 3699/3699/3699 3698/3698/3698 3689/3689/3689
f 3682/3682/3682 3698/3698/3698 3699/3699/3699
f 3696/3696/3696 3700/3700/3700 3701/3701/3701
f 3702/3702/3702 3700/3700/3700 3696/3696/3696
f 3704/3704/3704 3703/3703/3703 3705/3705/3705
f 3706/3706/3706 3703/3703/3703 3704/3704/3704
f 3704/3704/3704 3707/3707/3707 3708/3708/3708
f 3709/3709/3709 3707/3707/3707 3704/3704/3704
f 3710/3710/3710 3703/3703/3703 3708/3708/3708
f 3711/3711/3711 3703/3703/3703 3710/3710/3710
f 3709/3709/3709 3712/3712/3712 3713/3713/3713
f 3713/3713/3713 3712/3712/3712 3714/3714/3714
f 3713/3713/3713 3715/3715/3715 3708/3708/3708
f 3716/3716/3716 3715/3715/3715 3713/3713/3713
f 3718/3718/3718 3717/3717/3717 3705/3705/3705
f 3719/3719/3719 3717/3717/3717 3718/3718/3718
f 3710/3710/3710 3717/3717/3717 3720/3720/3720
f 3721/3721/3721 3717/3717/3717 3710/3710/3710
f 3713/3713/3713 3722/3722/3722 3723/3723/3723
f 3724/3724/3724 3722/3722/3722 3725/3725/3725
f 3726/3726/3726 3722/3722/3722 3724/3724/3724
f 3726/3726/3726 3727/3727/3727 3728/3728/3728
f 3728/3728/3728 3727/3727/3727 3729/3729/3729
f 3731/3731/3731 3730/3730/3730 3729/3729/3729
f 3732/3732/3732 3730/3730/3730 3731/3731/3731
f 3734/3734/3734 3733/3733/3733 3729/3729/3729
f 3735/3735/3735 3733/3733/3733 3734/3734/3734
f 3735/3735/3735 3736/3736/3736 3731/3731/3731
f 3731/3731/3731 3736/3736/3736 3737/3737/3737
f 3728/3728/3728 3738/3738/3738 3739/3739/3739
f 3740/3740/3740 3738/3738/3738 3728/3728/3728
f 3741/3741/3741 3727/3727/3727 3742/3742/3742
f 3743/3743/3743 3727/3727/3727 3741/3741/3741
f 3713/3713/3713 3738/3738/3738 3744/3744/3744
f 3713/3713/3713 3745/3745/3745 3746/3746/3746
f 3748/3748/3748 3747/3747/3747 3749/3749/3749
f 3750/3750/3750 3747/3747/3747 3748/3748/3748
f 3748/3748/3748 3751/3751/3751 3752/3752/3752
f 3753/3753/3753 3751/3751/3751 3748/3748/3748
f 3755/3755/3755 3754/3754/3754 3752/3752/3752
f 3756/3756/3756 3754/3754/3754 3755/3755/3755
f 3753/3753/3753 3757/3757/3757 3755/3755/3755
f 3755/3755/3755 3757/3757/3757 3758/3758/3758
f 3759/3759/3759 3751/3751/3751 3758/3758/3758
f 3756/3756/3756 3751/3751/3751 3759/3759/3759
f 3756/3756/3756 3760/3760/3760 3761/3761/3761
f 3761/3761/3761 3760/3760/3760 3762/3762/3762
f 3763/3763/3763 3760/3760/3760 3764/3764/3764
f 3765/3765/3765 3760/3760/3760 3763/3763/3763
f 3763/3763/3763 3766/3766/3766 3767/3767/3767
f 3768/3768/3768 3766/3766/3766 3763/3763/3763
f 3765/3765/3765 3769/3769/3769 3770/3770/3770
f 3770/3770/3770 3769/3769/3769 3771/3771/3771
f 3773/3773/3773 3772/3772/3772 3764/3764/3764
f 3756/3756/3756 3772/3772/3772 3773/3773/3773
f 3775/3775/3775 3774/3774/3774 3776/3776/3776
f 3777/3777/3777 3774/3774/3774 3775/3775/3775
f 3779/3779/3779 3778/3778/3778 3776/3776/3776
f 3780/3780/3780 3778/3778/3778 3779/3779/3779
f 3781/3781/3781 3778/3778/3778 3782/3782/3782
f 3783/3783/3783 3778/3778/3778 3781/3781/3781
f 3785/3785/3785 3784/3784/3784 3776/3776/3776
f 3786/3786/3786 3784/3784/3784 3785/3785/3785
f 3788/3788/3788 3787/3787/3787 3776/3776/3776
f 3789/3789/3789 3787/3787/3787 3788/3788/3788
f 3789/3789/3789 3778/3778/3778 3790/3790/3790
f 3790/3790/3790 3778/3778/3778 3791/3791/3791
f 3793/3793/3793 3792/3792/3792 3794/3794/3794
f 3795/3795/3795 3792/3792/3792 3793/3793/3793
f 3795/3795/3795 3796/3796/3796 3797/3797/3797
f 3797/3797/3797 3796/3796/3796 3798/3798/3798
f 3795/3795/3795 3799/3799/3799 3800/3800/3800
f 3800/3800/3800 3799/3799/3799 3801/3801/3801
f 3803/3803/3803 3802/3802/3802 3801/3801/3801
f 3804/3804/3804 3802/3802/3802 3803/3803/3803
f 3806/3806/3806 3805/3805/3805 3807/3807/3807
f 3808/3808/3808 3805/3805/3805 3806/3806/3806
f 3806/3806/3806 3809/3809/3809 3810/3810/3810
f 3811/3811/3811 3809/3809/3809 3806/3806/3806
f 3811/3811/3811 3812/3812/3812 3813/3813/3813
f 3813/3813/3813 3812/3812/3812 3814/3814/3814
f 3813/3813/3813 3815/3815/3815 3810/3810/3810
f 3816/3816/3816 3815/3815/3815 3813/3813/3813
f 3817/3817/3817 3809/3809/3809 3814/3814/3814
f 3816/3816/3816 3809/3809/3809 3817/3817/3817
f 3819/3819/3819 3818/3818/3818 3807/3807/3807
f 3820/3820/3820 3818/3818/3818 3819/3819/3819
f 3819/3819/3819 3805/3805/3805 3821/3821/3821
f 3822/3822/3822 3805/3805/3805 3819/3819/3819
f 3824/3824/3824 3823/3823/3823 3825/3825/3825
f 3826/3826/3826 3823/3823/3823 3824/3824/3824
f 3828/3828/3828 3827/3827/3827 3825/3825/3825
f 3829/3829/3829 3827/3827/3827 3828/3828/3828
f 3829/3829/3829 3830/3830/3830 3831/3831/3831
f 3831/3831/3831 3830/3830/3830 3832/3832/3832
f 3833/3833/3833 3823/3823/3823 3834/3834/3834
f 3835/3835/3835 3823/3823/3823 3833/3833/3833
f 3833/3833/3833 3827/3827/3827 3836/3836/3836
f 3837/3837/3837 3827/3827/3827 3833/3833/3833
f 3837/3837/3837 3838/3838/3838 3824/3824/3824
f 3824/3824/3824 3838/3838/3838 3839/3839/3839
f 3841/3841/3841 3840/3840/3840 3839/3839/3839
f 3842/3842/3842 3840/3840/3840 3841/3841/3841
f 3842/3842/3842 3838/3838/3838 3843/3843/3843
f 3843/3843/3843 3838/3838/3838 3844/3844/3844
f 3846/3846/3846 3845/3845/3845 3836/3836/3836
f 3829/3829/3829 3845/3845/3845 3846/3846/3846
f 3843/3843/3843 3847/3847/3847 3848/3848/3848
f 3849/3849/3849 3847/3847/3847 3843/3843/3843
f 3851/3851/3851 3850/3850/3850 3852/3852/3852
f 3853/3853/3853 3850/3850/3850 3851/3851/3851
f 3851/3851/3851 3854/3854/3854 3855/3855/3855
f 3856/3856/3856 3854/3854/3854 3851/3851/3851
f 3856/3856/3856 3857/3857/3857 3858/3858/3858
f 3858/3858/3858 3857/3857/3857 3859/3859/3859
f 3861/3861/3861 3860/3860/3860 3852/3852/3852
f 3862/3862/3862 3860/3860/3860 3861/3861/3861
f 3858/3858/3858 3863/3863/3863 3864/3864/3864
f 3865/3865/3865 3863/3863/3863 3858/3858/3858
f 3866/3866/3866 3850/3850/3850 3864/3864/3864
f 3866/3866/3866 3860/3860/3860 3867/3867/3867
f 3868/3868/3868 3860/3860/3860 3866/3866/3866
f 3869/3869/3869 3850/3850/3850 3866/3866/3866
f 3870/3870/3870 3857/3857/3857 3871/3871/3871
f 3872/3872/3872 3857/3857/3857 3870/3870/3870
f 3874/3874/3874 3873/3873/3873 3859/3859/3859
f 3874/3874/3874 3875/3875/3875 3876/3876/3876
f 3877/3877/3877 3875/3875/3875 3878/3878/3878
f 3879/3879/3879 3875/3875/3875 3877/3877/3877
f 3877/3877/3877 3880/3880/3880 3881/3881/3881
f 3882/3882/3882 3880/3880/3880 3877/3877/3877
f 3884/3884/3884 3883/3883/3883 3881/3881/3881
f 3885/3885/3885 3883/3883/3883 3884/3884/3884
f 3882/3882/3882 3886/3886/3886 3887/3887/3887
f 3887/3887/3887 3886/3886/3886 3888/3888/3888
f 3889/3889/3889 3880/3880/3880 3888/3888/3888
f 3890/3890/3890 3880/3880/3880 3889/3889/3889
f 3892/3892/3892 3891/3891/3891 3881/3881/3881
f 3893/3893/3893 3891/3891/3891 3892/3892/3892
f 3893/3893/3893 3894/3894/3894 3884/3884/3884
f 3884/3884/3884 3894/3894/3894 3895/3895/3895
f 3897/3897/3897 3896/3896/3896 3898/3898/3898
f 3899/3899/3899 3896/3896/3896 3897/3897/3897
f 3900/3900/3900 3896/3896/3896 3901/3901/3901
f 3902/3902/3902 3896/3896/3896 3900/3900/3900
f 3902/3902/3902 3903/3903/3903 3904/3904/3904
f 3904/3904/3904 3903/3903/3903 3905/3905/3905
f 3906/3906/3906 3903/3903/3903 3907/3907/3907
f 3908/3908/3908 3903/3903/3903 3906/3906/3906
f 3900/3900/3900 3909/3909/3909 3907/3907/3907
f 3910/3910/3910 3909/3909/3909 3900/3900/3900
f 3910/3910/3910 3911/3911/3911 3912/3912/3912
f 3912/3912/3912 3911/3911/3911 3913/3913/3913
f 3915/3915/3915 3914/3914/3914 3913/3913/3913
f 3916/3916/3916 3914/3914/3914 3915/3915/3915
f 3910/3910/3910 3917/3917/3917 3915/3915/3915
f 3915/3915/3915 3917/3917/3917 3918/3918/3918
f 3919/3919/3919 3911/3911/3911 3918/3918/3918
f 3916/3916/3916 3911/3911/3911 3919/3919/3919
f 3916/3916/3916 3920/3920/3920 3921/3921/3921
f 3921/3921/3921 3920/3920/3920 3922/3922/3922
f 3924/3924/3924 3923/3923/3923 3922/3922/3922
f 3925/3925/3925 3923/3923/3923 3924/3924/3924
f 3925/3925/3925 3926/3926/3926 3927/3927/3927
f 3927/3927/3927 3926/3926/3926 3928/3928/3928
f 3929/3929/3929 3923/3923/3923 3930/3930/3930
f 3931/3931/3931 3923/3923/3923 3929/3929/3929
f 3929/3929/3929 3920/3920/3920 3932/3932/3932
f 3933/3933/3933 3920/3920/3920 3929/3929/3929
f 3933/3933/3933 3934/3934/3934 3935/3935/3935
f 3935/3935/3935 3934/3934/3934 3936/3936/3936
f 3938/3938/3938 3937/3937/3937 3932/3932/3932
f 3916/3916/3916 3937/3937/3937 3938/3938/3938
f 3940/3940/3940 3939/3939/3939 3941/3941/3941
f 3942/3942/3942 3939/3939/3939 3940/3940/3940
f 3944/3944/3944 3943/3943/3943 3941/3941/3941
f 3945/3945/3945 3943/3943/3943 3944/3944/3944
f 3946/3946/3946 3943/3943/3943 3947/3947/3947
f 3948/3948/3948 3943/3943/3943 3946/3946/3946
f 3950/3950/3950 3949/3949/3949 3941/3941/3941
f 3951/3951/3951 3949/3949/3949 3950/3950/3950
f 3953/3953/3953 3952/3952/3952 3941/3941/3941
f 3954/3954/3954 3952/3952/3952 3953/3953/3953
f 3954/3954/3954 3943/3943/3943 3955/3955/3955
f 3955/3955/3955 3943/3943/3943 3956/3956/3956
f 3946/3946/3946 3957/3957/3957 3958/3958/3958
f 3959/3959/3959 3957/3957/3957 3946/3946/3946
f 3960/3960/3960 3957/3957/3957 3961/3961/3961
f 3962/3962/3962 3957/3957/3957 3960/3960/3960
f 3962/3962/3962 3963/3963/3963 3964/3964/3964
f 3964/3964/3964 3963/3963/3963 3965/3965/3965
f 3967/3967/3967 3966/3966/3966 3968/3968/3968
f 3969/3969/3969 3966/3966/3966 3967/3967/3967
f 3971/3971/3971 3970/3970/3970 3972/3972/3972
f 3973/3973/3973 3970/3970/3970 3971/3971/3971
f 3975/3975/3975 3974/3974/3974 3976/3976/3976
f 3977/3977/3977 3974/3974/3974 3975/3975/3975
f 3249/3249/3249 3978/3978/3978 3979/3979/3979
f 3980/3980/3980 3978/3978/3978 3249/3249/3249
f 3980/3980/3980 3248/3248/3248 3981/3981/3981
f 3981/3981/3981 3248/3248/3248 3264/3264/3264
f 3983/3983/3983 3982/3982/3982 3984/3984/3984
f 3985/3985/3985 3982/3982/3982 3983/3983/3983
f 3987/3987/3987 3986/3986/3986 3988/3988/3988
f 3989/3989/3989 3986/3986/3986 3987/3987/3987
f 3991/3991/3991 3990/3990/3990 3992/3992/3992
f 3993/3993/3993 3990/3990/3990 3991/3991/3991
f 3397/3397/3397 3994/3994/3994 3995/3995/3995
f 3996/3996/3996 3994/3994/3994 3397/3397/3397
f 3996/3996/3996 3396/3396/3396 3997/3997/3997
f 3997/3997/3997 3396/3396/3396 3412/3412/3412
f 3999/3999/3999 3998/3998/3998 4000/4000/4000
f 4001/4001/4001 3998/3998/3998 3999/3999/3999
f 4003/4003/4003 4002/4002/4002 4004/4004/4004
f 4005/4005/4005 4002/4002/4002 4003/4003/4003
f 4005/4005/4005 4006/4006/4006 4007/4007/4007
f 4007/4007/4007 4006/4006/4006 4008/4008/4008
f 4010/4010/4010 4009/4009/4009 4011/4011/4011
f 4012/4012/4012 4009/4009/4009 4010/4010/4010
f 4014/4014/4014 4013/4013/4013 4015/4015/4015
f 4016/4016/4016 4013/4013/4013 4014/4014/4014
f 4018/4018/4018 4017/4017/4017 4015/4015/4015
f 3612/3612/3612 4017/4017/4017 4018/4018/4018
f 4020/4020/4020 4019/4019/4019 4021/4021/4021
f 4022/4022/4022 4019/4019/4019 4020/4020/4020
f 4024/4024/4024 4023/4023/4023 4025/4025/4025
f 4026/4026/4026 4023/4023/4023 4024/4024/4024
f 4028/4028/4028 4027/4027/4027 4029/4029/4029
f 4030/4030/4030 4027/4027/4027 4028/4028/4028
f 4030/4030/4030 4031/4031/4031 4032/4032/4032
f 4032/4032/4032 4031/4031/4031 4033/4033/4033
f 4034/4034/4034 4031/4031/4031 4035/4035/4035
f 4036/4036/4036 4031/4031/4031 4034/4034/4034
f 4028/4028/4028 4037/4037/4037 4035/4035/4035
f 3753/3753/3753 4037/4037/4037 4028/4028/4028
f 4036/4036/4036 4038/4038/4038 4039/4039/4039
f 4039/4039/4039 4038/4038/4038 4040/4040/4040
f 4039/4039/4039 4031/4031/4031 4041/4041/4041
f 4042/4042/4042 4031/4031/4031 4039/4039/4039
f 4042/4042/4042 4043/4043/4043 4044/4044/4044
f 4044/4044/4044 4043/4043/4043 4045/4045/4045
f 4047/4047/4047 4046/4046/4046 4048/4048/4048
f 4049/4049/4049 4046/4046/4046 4047/4047/4047
f 4051/4051/4051 4050/4050/4050 4052/4052/4052
f 4053/4053/4053 4050/4050/4050 4051/4051/4051
f 4054/4054/4054 4050/4050/4050 4055/4055/4055
f 4056/4056/4056 4050/4050/4050 4054/4054/4054
f 4053/4053/4053 4057/4057/4057 4058/4058/4058
f 4058/4058/4058 4057/4057/4057 4059/4059/4059
f 4061/4061/4061 4060/4060/4060 4062/4062/4062
f 4063/4063/4063 4060/4060/4060 4061/4061/4061
f 4065/4065/4065 4064/4064/4064 4066/4066/4066
f 4067/4067/4067 4064/4064/4064 4065/4065/4065
f 4069/4069/4069 4068/4068/4068 4070/4070/4070
f 4071/4071/4071 4068/4068/4068 4069/4069/4069
f 4073/4073/4073 4072/4072/4072 4074/4074/4074
f 4075/4075/4075 4072/4072/4072 4073/4073/4073
f 4077/4077/4077 4076/4076/4076 4078/4078/4078
f 4079/4079/4079 4076/4076/4076 4077/4077/4077
f 4081/4081/4081 4080/4080/4080 4082/4082/4082
f 4083/4083/4083 4080/4080/4080 4081/4081/4081
f 4084/4084/4084 4080/4080/4080 4085/4085/4085
f 4086/4086/4086 4080/4080/4080 4084/4084/4084
f 4088/4088/4088 4087/4087/4087 4089/4089/4089
f 4090/4090/4090 4087/4087/4087 4088/4088/4088
f 4091/4091/4091 3082/3082/3082 4092/4092/4092
f 4093/4093/4093 3082/3082/3082 4091/4091/4091
f 4095/4095/4095 4094/4094/4094 4096/4096/4096
f 4097/4097/4097 4094/4094/4094 4095/4095/4095
f 4099/4099/4099 4098/4098/4098 4100/4100/4100
f 4101/4101/4101 4098/4098/4098 4099/4099/4099
f 4103/4103/4103 4102/4102/4102 4104/4104/4104
f 4105/4105/4105 4102/4102/4102 4103/4103/4103
f 4107/4107/4107 4106/4106/4106 4104/4104/4104
f 4108/4108/4108 4106/4106/4106 4107/4107/4107
f 4110/4110/4110 4109/4109/4109 4111/4111/4111
f 4112/4112/4112 4109/4109/4109 4110/4110/4110
f 4114/4114/4114 4113/4113/4113 4115/4115/4115
f 3908/3908/3908 4113/4113/4113 4114/4114/4114
f 4114/4114/4114 3903/3903/3903 4116/4116/4116
f 4117/4117/4117 3903/3903/3903 4114/4114/4114
f 4117/4117/4117 4118/4118/4118 4119/4119/4119
f 4119/4119/4119 4118/4118/4118 4120/4120/4120
f 4122/4122/4122 4121/4121/4121 4123/4123/4123
f 3030/3030/3030 4121/4121/4121 4122/4122/4122
f 4125/4125/4125 4124/4124/4124 3029/3029/3029
f 3033/3033/3033 4124/4124/4124 4125/4125/4125
f 4127/4127/4127 4126/4126/4126 4128/4128/4128
f 4129/4129/4129 4126/4126/4126 4127/4127/4127
f 4131/4131/4131 4130/4130/4130 4132/4132/4132
f 4133/4133/4133 4130/4130/4130 4131/4131/4131
f 4135/4135/4135 4134/4134/4134 4136/4136/4136
f 4137/4137/4137 4134/4134/4134 4135/4135/4135
f 4139/4139/4139 4138/4138/4138 4140/4140/4140
f 4141/4141/4141 4138/4138/4138 4139/4139/4139
f 4143/4143/4143 4142/4142/4142 4144/4144/4144
f 4145/4145/4145 4142/4142/4142 4143/4143/4143
f 4147/4147/4147 4146/4146/4146 4148/4148/4148
f 4149/4149/4149 4146/4146/4146 4147/4147/4147
f 4151/4151/4151 4150/4150/4150 4152/4152/4152
f 4153/4153/4153 4150/4150/4150 4151/4151/4151
f 4155/4155/4155 4154/4154/4154 4156/4156/4156
f 4157/4157/4157 4154/4154/4154 4155/4155/4155
f 4159/4159/4159 4158/4158/4158 4160/4160/4160
f 4161/4161/4161 4158/4158/4158 4159/4159/4159
f 4163/4163/4163 4162/4162/4162 4164/4164/4164
f 4165/4165/4165 4162/4162/4162 4163/4163/4163
f 4167/4167/4167 4166/4166/4166 4168/4168/4168
f 4169/4169/4169 4166/4166/4166 4167/4167/4167
f 4171/4171/4171 4170/4170/4170 4172/4172/4172
f 4173/4173/4173 4170/4170/4170 4171/4171/4171
f 4175/4175/4175 4174/4174/4174 4176/4176/4176
f 4177/4177/4177 4174/4174/4174 4175/4175/4175
f 4179/4179/4179 4178/4178/4178 4180/4180/4180
f 4181/4181/4181 4178/4178/4178 4179/4179/4179
f 4183/4183/4183 4182/4182/4182 4184/4184/4184
f 4185/4185/4185 4182/4182/4182 4183/4183/4183
f 4182/4182/4182 4186/4186/4186 4184/4184/4184
f 4187/4187/4187 4186/4186/4186 4182/4182/4182
f 4186/4186/4186 4187/4187/4187 4188/4188/4188
f 4188/4188/4188 4187/4187/4187 4189/4189/4189
f 4189/4189/4189 4190/4190/4190 4188/4188/4188
f 4188/4188/4188 4190/4190/4190 4191/4191/4191
f 4183/4183/4183 4184/4184/4184 4192/4192/4192
f 4192/4192/4192 4184/4184/4184 4193/4193/4193
f 4194/4194/4194 4184/4184/4184 4186/4186/4186
f 4193/4193/4193 4184/4184/4184 4194/4194/4194
f 4195/4195/4195 4186/4186/4186 4188/4188/4188
f 4194/4194/4194 4186/4186/4186 4195/4195/4195
f 4188/4188/4188 4191/4191/4191 4195/4195/4195
f 4195/4195/4195 4191/4191/4191 4196/4196/4196
f 4193/4193/4193 4197/4197/4197 4192/4192/4192
f 4198/4198/4198 4197/4197/4197 4193/4193/4193
f 4199/4199/4199 4193/4193/4193 4194/4194/4194
f 4198/4198/4198 4193/4193/4193 4199/4199/4199
f 4200/4200/4200 4194/4194/4194 4195/4195/4195
f 4199/4199/4199 4194/4194/4194 4200/4200/4200
f 4195/4195/4195 4196/4196/4196 4200/4200/4200
f 4200/4200/4200 4196/4196/4196 4201/4201/4201
f 4198/4198/4198 4202/4202/4202 4197/4197/4197
f 4203/4203/4203 4202/4202/4202 4198/4198/4198
f 4204/4204/4204 4198/4198/4198 4199/4199/4199
f 4203/4203/4203 4198/4198/4198 4204/4204/4204
f 4205/4205/4205 4199/4199/4199 4200/4200/4200
f 4204/4204/4204 4199/4199/4199 4205/4205/4205
f 4200/4200/4200 4201/4201/4201 4205/4205/4205
f 4205/4205/4205 4201/4201/4201 4206/4206/4206
f 4203/4203/4203 4207/4207/4207 4202/4202/4202
f 4208/4208/4208 4207/4207/4207 4203/4203/4203
f 4209/4209/4209 4203/4203/4203 4204/4204/4204
f 4208/4208/4208 4203/4203/4203 4209/4209/4209
f 4210/4210/4210 4204/4204/4204 4205/4205/4205
f 4209/4209/4209 4204/4204/4204 4210/4210/4210
f 4205/4205/4205 4206/4206/4206 4210/4210/4210
f 4210/4210/4210 4206/4206/4206 4211/4211/4211
f 4208/4208/4208 4212/4212/4212 4207/4207/4207
f 4213/4213/4213 4212/4212/4212 4208/4208/4208
f 4214/4214/4214 4208/4208/4208 4209/4209/4209
f 4213/4213/4213 4208/4208/4208 4214/4214/4214
f 4215/4215/4215 4209/4209/4209 4210/4210/4210
f 4214/4214/4214 4209/4209/4209 4215/4215/4215
f 4210/4210/4210 4211/4211/4211 4215/4215/4215
f 4215/4215/4215 4211/4211/4211 4216/4216/4216
f 4213/4213/4213 4217/4217/4217 4212/4212/4212
f 4218/4218/4218 4217/4217/4217 4213/4213/4213
f 4219/4219/4219 4213/4213/4213 4214/4214/4214
f 4218/4218/4218 4213/4213/4213 4219/4219/4219
f 4220/4220/4220 4214/4214/4214 4215/4215/4215
f 4219/4219/4219 4214/4214/4214 4220/4220/4220
f 4215/4215/4215 4216/4216/4216 4220/4220/4220
f 4220/4220/4220 4216/4216/4216 4221/4221/4221
f 4218/4218/4218 4222/4222/4222 4217/4217/4217
f 4223/4223/4223 4222/4222/4222 4218/4218/4218
f 4224/4224/4224 4218/4218/4218 4219/4219/4219
f 4223/4223/4223 4218/4218/4218 4224/4224/4224
f 4225/4225/4225 4219/4219/4219 4220/4220/4220
f 4224/4224/4224 4219/4219/4219 4225/4225/4225
f 4220/4220/4220 4221/4221/4221 4225/4225/4225
f 4225/4225/4225 4221/4221/4221 4226/4226/4226
f 4223/4223/4223 4227/4227/4227 4222/4222/4222
f 4228/4228/4228 4227/4227/4227 4223/4223/4223
f 4229/4229/4229 4223/4223/4223 4224/4224/4224
f 4228/4228/4228 4223/4223/4223 4229/4229/4229
f 4230/4230/4230 4224/4224/4224 4225/4225/4225
f 4229/4229/4229 4224/4224/4224 4230/4230/4230
f 4225/4225/4225 4226/4226/4226 4230/4230/4230
f 4230/4230/4230 4226/4226/4226 4231/4231/4231
f 4233/4233/4233 4232/4232/4232 4234/4234/4234
f 4235/4235/4235 4232/4232/4232 4233/4233/4233
f 4235/4235/4235 4233/4233/4233 4236/4236/4236
f 4236/4236/4236 4233/4233/4233 4237/4237/4237
f 4236/4236/4236 4237/4237/4237 4238/4238/4238
f 4238/4238/4238 4237/4237/4237 4239/4239/4239
f 4239/4239/4239 4240/4240/4240 4238/4238/4238
f 4238/4238/4238 4240/4240/4240 4241/4241/4241
f 4235/4235/4235 4242/4242/4242 4232/4232/4232
f 4243/4243/4243 4242/4242/4242 4235/4235/4235
f 4244/4244/4244 4235/4235/4235 4236/4236/4236
f 4243/4243/4243 4235/4235/4235 4244/4244/4244
f 4245/4245/4245 4236/4236/4236 4238/4238/4238
f 4244/4244/4244 4236/4236/4236 4245/4245/4245
f 4238/4238/4238 4241/4241/4241 4245/4245/4245
f 4245/4245/4245 4241/4241/4241 4246/4246/4246
f 4243/4243/4243 4247/4247/4247 4242/4242/4242
f 4248/4248/4248 4247/4247/4247 4243/4243/4243
f 4249/4249/4249 4243/4243/4243 4244/4244/4244
f 4248/4248/4248 4243/4243/4243 4249/4249/4249
f 4250/4250/4250 4244/4244/4244 4245/4245/4245
f 4249/4249/4249 4244/4244/4244 4250/4250/4250
f 4245/4245/4245 4246/4246/4246 4250/4250/4250
f 4250/4250/4250 4246/4246/4246 4251/4251/4251
f 4248/4248/4248 4252/4252/4252 4247/4247/4247
f 4253/4253/4253 4252/4252/4252 4248/4248/4248
f 4254/4254/4254 4248/4248/4248 4249/4249/4249
f 4253/4253/4253 4248/4248/4248 4254/4254/4254
f 4255/4255/4255 4249/4249/4249 4250/4250/4250
f 4254/4254/4254 4249/4249/4249 4255/4255/4255
f 4250/4250/4250 4251/4251/4251 4255/4255/4255
f 4255/4255/4255 4251/4251/4251 4256/4256/4256
f 4253/4253/4253 4257/4257/4257 4252/4252/4252
f 4258/4258/4258 4257/4257/4257 4253/4253/4253
f 4259/4259/4259 4253/4253/4253 4254/4254/4254
f 4258/4258/4258 4253/4253/4253 4259/4259/4259
f 4260/4260/4260 4254/4254/4254 4255/4255/4255
f 4259/4259/4259 4254/4254/4254 4260/4260/4260
f 4255/4255/4255 4256/4256/4256 4260/4260/4260
f 4260/4260/4260 4256/4256/4256 4261/4261/4261
f 4258/4258/4258 4262/4262/4262 4257/4257/4257
f 4263/4263/4263 4262/4262/4262 4258/4258/4258
f 4264/4264/4264 4258/4258/4258 4259/4259/4259
f 4263/4263/4263 4258/4258/4258 4264/4264/4264
f 4265/4265/4265 4259/4259/4259 4260/4260/4260
f 4264/4264/4264 4259/4259/4259 4265/4265/4265
f 4260/4260/4260 4261/4261/4261 4265/4265/4265
f 4265/4265/4265 4261/4261/4261 4266/4266/4266
f 4263/4263/4263 4267/4267/4267 4262/4262/4262
f 4268/4268/4268 4267/4267/4267 4263/4263/4263
f 4269/4269/4269 4263/4263/4263 4264/4264/4264
f 4268/4268/4268 4263/4263/4263 4269/4269/4269
f 4270/4270/4270 4264/4264/4264 4265/4265/4265
f 4269/4269/4269 4264/4264/4264 4270/4270/4270
f 4265/4265/4265 4266/4266/4266 4270/4270/4270
f 4270/4270/4270 4266/4266/4266 4271/4271/4271
f 4268/4268/4268 4272/4272/4272 4267/4267/4267
f 4273/4273/4273 4272/4272/4272 4268/4268/4268
f 4274/4274/4274 4268/4268/4268 4269/4269/4269
f 4273/4273/4273 4268/4268/4268 4274/4274/4274
f 4275/4275/4275 4269/4269/4269 4270/4270/4270
f 4274/4274/4274 4269/4269/4269 4275/4275/4275
f 4270/4270/4270 4271/4271/4271 4275/4275/4275
f 4275/4275/4275 4271/4271/4271 4276/4276/4276
f 4273/4273/4273 4277/4277/4277 4272/4272/4272
f 4278/4278/4278 4277/4277/4277 4273/4273/4273
f 4279/4279/4279 4273/4273/4273 4274/4274/4274
f 4278/4278/4278 4273/4273/4273 4279/4279/4279
f 4280/4280/4280 4274/4274/4274 4275/4275/4275
f 4279/4279/4279 4274/4274/4274 4280/4280/4280
f 4275/4275/4275 4276/4276/4276 4280/4280/4280
f 4280/4280/4280 4276/4276/4276 4281/4281/4281
f 4278/4278/4278 4282/4282/4282 4277/4277/4277
f 4283/4283/4283 4282/4282/4282 4278/4278/4278
f 4284/4284/4284 4278/4278/4278 4279/4279/4279
f 4283/4283/4283 4278/4278/4278 4284/4284/4284
f 4285/4285/4285 4279/4279/4279 4280/4280/4280
f 4284/4284/4284 4279/4279/4279 4285/4285/4285
f 4280/4280/4280 4281/4281/4281 4285/4285/4285
f 4285/4285/4285 4281/4281/4281 4286/4286/4286
f 4283/4283/4283 4287/4287/4287 4282/4282/4282
f 4288/4288/4288 4287/4287/4287 4283/4283/4283
f 4289/4289/4289 4283/4283/4283 4284/4284/4284
f 4288/4288/4288 4283/4283/4283 4289/4289/4289
f 4290/4290/4290 4284/4284/4284 4285/4285/4285
f 4289/4289/4289 4284/4284/4284 4290/4290/4290
f 4285/4285/4285 4286/4286/4286 4290/4290/4290
f 4290/4290/4290 4286/4286/4286 4291/4291/4291
f 4288/4288/4288 4292/4292/4292 4287/4287/4287
f 4293/4293/4293 4292/4292/4292 4288/4288/4288
f 4294/4294/4294 4288/4288/4288 4289/4289/4289
f 4293/4293/4293 4288/4288/4288 4294/4294/4294
f 4295/4295/4295 4289/4289/4289 4290/4290/4290
f 4294/4294/4294 4289/4289/4289 4295/4295/4295
f 4290/4290/4290 4291/4291/4291 4295/4295/4295
f 4295/4295/4295 4291/4291/4291 4296/4296/4296
f 4293/4293/4293 4297/4297/4297 4292/4292/4292
f 4298/4298/4298 4297/4297/4297 4293/4293/4293
f 4299/4299/4299 4293/4293/4293 4294/4294/4294
f 4298/4298/4298 4293/4293/4293 4299/4299/4299
f 4300/4300/4300 4294/4294/4294 4295/4295/4295
f 4299/4299/4299 4294/4294/4294 4300/4300/4300
f 4295/4295/4295 4296/4296/4296 4300/4300/4300
f 4300/4300/4300 4296/4296/4296 4301/4301/4301
f 4298/4298/4298 4302/4302/4302 4297/4297/4297
f 4303/4303/4303 4302/4302/4302 4298/4298/4298
f 4304/4304/4304 4298/4298/4298 4299/4299/4299
f 4303/4303/4303 4298/4298/4298 4304/4304/4304
f 4305/4305/4305 4299/4299/4299 4300/4300/4300
f 4304/4304/4304 4299/4299/4299 4305/4305/4305
f 4300/4300/4300 4301/4301/4301 4305/4305/4305
f 4305/4305/4305 4301/4301/4301 4306/4306/4306
f 4305/4305/4305 4306/4306/4306 4189/4189/4189
f 4305/4305/4305 4189/4189/4189 4304/4304/4304
f 4189/4189/4189 4306/4306/4306 4190/4190/4190
f 4304/4304/4304 4189/4189/4189 4187/4187/4187
f 4304/4304/4304 4187/4187/4187 4303/4303/4303
f 4303/4303/4303 4187/4187/4187 4182/4182/4182
f 4303/4303/4303 4185/4185/4185 4302/4302/4302
f 4182/4182/4182 4185/4185/4185 4303/4303/4303
f 4308/4308/4308 4307/4307/4307 4309/4309/4309
f 4310/4310/4310 4307/4307/4307 4308/4308/4308
f 4312/4312/4312 4311/4311/4311 4313/4313/4313
f 4312/4312/4312 4314/4314/4314 4311/4311/4311
f 4312/4312/4312 4315/4315/4315 4314/4314/4314
f 4316/4316/4316 4315/4315/4315 4312/4312/4312
f 4316/4316/4316 4317/4317/4317 4315/4315/4315
f 4316/4316/4316 4318/4318/4318 4317/4317/4317
f 4316/4316/4316 4319/4319/4319 4318/4318/4318
f 4316/4316/4316 4320/4320/4320 4319/4319/4319
f 4321/4321/4321 4320/4320/4320 4316/4316/4316
f 4321/4321/4321 4322/4322/4322 4320/4320/4320
f 4321/4321/4321 4323/4323/4323 4322/4322/4322
f 4321/4321/4321 4324/4324/4324 4323/4323/4323
f 4321/4321/4321 4325/4325/4325 4324/4324/4324
f 4326/4326/4326 4325/4325/4325 4321/4321/4321
f 4326/4326/4326 4327/4327/4327 4325/4325/4325
f 4326/4326/4326 4328/4328/4328 4327/4327/4327
f 4326/4326/4326 4329/4329/4329 4328/4328/4328
f 4326/4326/4326 4330/4330/4330 4329/4329/4329
f 4312/4312/4312 4330/4330/4330 4326/4326/4326
f 4312/4312/4312 4313/4313/4313 4330/4330/4330
f 4332/4332/4332 4331/4331/4331 4333/4333/4333
f 4333/4333/4333 4331/4331/4331 4334/4334/4334
f 4334/4334/4334 4331/4331/4331 4335/4335/4335
f 4335/4335/4335 4331/4331/4331 4336/4336/4336
f 4336/4336/4336 4331/4331/4331 4337/4337/4337
f 4337/4337/4337 4331/4331/4331 4338/4338/4338
f 4338/4338/4338 4331/4331/4331 4339/4339/4339
f 4339/4339/4339 4331/4331/4331 4340/4340/4340
f 4340/4340/4340 4331/4331/4331 4341/4341/4341
f 4341/4341/4341 4331/4331/4331 4342/4342/4342
f 4342/4342/4342 4331/4331/4331 4343/4343/4343
f 4343/4343/4343 4331/4331/4331 4344/4344/4344
f 4344/4344/4344 4331/4331/4331 4345/4345/4345
f 4345/4345/4345 4331/4331/4331 4346/4346/4346
f 4346/4346/4346 4331/4331/4331 4347/4347/4347
f 4347/4347/4347 4331/4331/4331 4332/4332/4332
f 4332/4332/4332 4348/4348/4348 4347/4347/4347
f 4347/4347/4347 4348/4348/4348 4349/4349/4349
f 4347/4347/4347 4349/4349/4349 4346/4346/4346
f 4346/4346/4346 4349/4349/4349 4350/4350/4350
f 4346/4346/4346 4350/4350/4350 4345/4345/4345
f 4345/4345/4345 4350/4350/4350 4351/4351/4351
f 4345/4345/4345 4351/4351/4351 4344/4344/4344
f 4344/4344/4344 4351/4351/4351 4352/4352/4352
f 4344/4344/4344 4352/4352/4352 4343/4343/4343
f 4343/4343/4343 4352/4352/4352 4353/4353/4353
f 4343/4343/4343 4353/4353/4353 4342/4342/4342
f 4342/4342/4342 4353/4353/4353 4354/4354/4354
f 4342/4342/4342 4354/4354/4354 4341/4341/4341
f 4341/4341/4341 4354/4354/4354 4355/4355/4355
f 4332/4332/4332 4356/4356/4356 4348/4348/4348
f 4333/4333/4333 4356/4356/4356 4332/4332/4332
f 4333/4333/4333 4357/4357/4357 4356/4356/4356
f 4334/4334/4334 4357/4357/4357 4333/4333/4333
f 4334/4334/4334 4358/4358/4358 4357/4357/4357
f 4335/4335/4335 4358/4358/4358 4334/4334/4334
f 4335/4335/4335 4359/4359/4359 4358/4358/4358
f 4336/4336/4336 4359/4359/4359 4335/4335/4335
f 4336/4336/4336 4360/4360/4360 4359/4359/4359
f 4337/4337/4337 4360/4360/4360 4336/4336/4336
f 4337/4337/4337 4361/4361/4361 4360/4360/4360
f 4338/4338/4338 4361/4361/4361 4337/4337/4337
f 4338/4338/4338 4362/4362/4362 4361/4361/4361
f 4339/4339/4339 4362/4362/4362 4338/4338/4338
f 4339/4339/4339 4363/4363/4363 4362/4362/4362
f 4340/4340/4340 4355/4355/4355 4363/4363/4363
f 4340/4340/4340 4363/4363/4363 4339/4339/4339
f 4341/4341/4341 4355/4355/4355 4340/4340/4340
f 4365/4365/4365 4364/4364/4364 4366/4366/4366
f 4367/4367/4367 4364/4364/4364 4365/4365/4365
f 4367/4367/4367 4368/4368/4368 4369/4369/4369
f 4369/4369/4369 4368/4368/4368 4370/4370/4370
f 4369/4369/4369 4371/4371/4371 4372/4372/4372
f 4373/4373/4373 4371/4371/4371 4369/4369/4369
f 4375/4375/4375 4374/4374/4374 4366/4366/4366
f 4376/4376/4376 4374/4374/4374 4375/4375/4375
f 4377/4377/4377 4371/4371/4371 4378/4378/4378
f 4379/4379/4379 4371/4371/4371 4377/4377/4377
f 4381/4381/4381 4380/4380/4380 4382/4382/4382
f 4383/4383/4383 4380/4380/4380 4381/4381/4381
f 4381/4381/4381 4384/4384/4384 4385/4385/4385
f 4386/4386/4386 4384/4384/4384 4381/4381/4381
f 4386/4386/4386 4387/4387/4387 4388/4388/4388
f 4388/4388/4388 4387/4387/4387 4389/4389/4389
f 4390/4390/4390 4380/4380/4380 4391/4391/4391
f 4392/4392/4392 4380/4380/4380 4390/4390/4390
f 4393/4393/4393 4387/4387/4387 4394/4394/4394
f 4395/4395/4395 4387/4387/4387 4393/4393/4393
f 4397/4397/4397 4396/4396/4396 4398/4398/4398
f 4399/4399/4399 4396/4396/4396 4397/4397/4397
f 4400/4400/4400 4396/4396/4396 4401/4401/4401
f 4402/4402/4402 4396/4396/4396 4400/4400/4400
f 4404/4404/4404 4403/4403/4403 4405/4405/4405
f 4406/4406/4406 4403/4403/4403 4404/4404/4404
f 4407/4407/4407 4403/4403/4403 4408/4408/4408
f 4409/4409/4409 4403/4403/4403 4407/4407/4407
f 4411/4411/4411 4410/4410/4410 4412/4412/4412
f 4413/4413/4413 4410/4410/4410 4411/4411/4411
f 4414/4414/4414 4410/4410/4410 4415/4415/4415
f 4416/4416/4416 4410/4410/4410 4414/4414/4414
f 4418/4418/4418 4417/4417/4417 4419/4419/4419
f 4420/4420/4420 4417/4417/4417 4418/4418/4418
f 4421/4421/4421 4417/4417/4417 4422/4422/4422
f 4423/4423/4423 4417/4417/4417 4421/4421/4421
f 4425/4425/4425 4424/4424/4424 4426/4426/4426
f 4427/4427/4427 4424/4424/4424 4425/4425/4425
f 4428/4428/4428 4424/4424/4424 4429/4429/4429
f 4430/4430/4430 4424/4424/4424 4428/4428/4428
f 4432/4432/4432 4431/4431/4431 4433/4433/4433
f 4434/4434/4434 4431/4431/4431 4432/4432/4432
f 4435/4435/4435 4431/4431/4431 4436/4436/4436
f 4437/4437/4437 4431/4431/4431 4435/4435/4435
f 4439/4439/4439 4438/4438/4438 4440/4440/4440
f 4441/4441/4441 4438/4438/4438 4439/4439/4439
f 4442/4442/4442 4438/4438/4438 4443/4443/4443
f 4444/4444/4444 4438/4438/4438 4442/4442/4442
f 4446/4446/4446 4445/4445/4445 4447/4447/4447
f 4448/4448/4448 4445/4445/4445 4446/4446/4446
f 4449/4449/4449 4445/4445/4445 4450/4450/4450
f 4451/4451/4451 4445/4445/4445 4449/4449/4449
f 4453/4453/4453 4452/4452/4452 4454/4454/4454
f 4455/4455/4455 4452/4452/4452 4453/4453/4453
f 4456/4456/4456 4452/4452/4452 4457/4457/4457
f 4458/4458/4458 4452/4452/4452 4456/4456/4456
f 4460/4460/4460 4459/4459/4459 4461/4461/4461
f 4462/4462/4462 4459/4459/4459 4460/4460/4460
f 4463/4463/4463 4459/4459/4459 4464/4464/4464
f 4465/4465/4465 4459/4459/4459 4463/4463/4463
f 4467/4467/4467 4466/4466/4466 4468/4468/4468
f 4469/4469/4469 4466/4466/4466 4467/4467/4467
f 4470/4470/4470 4466/4466/4466 4471/4471/4471
f 4472/4472/4472 4466/4466/4466 4470/4470/4470
f 4474/4474/4474 4473/4473/4473 4475/4475/4475
f 4476/4476/4476 4473/4473/4473 4474/4474/4474
f 4477/4477/4477 4473/4473/4473 4478/4478/4478
f 4479/4479/4479 4473/4473/4473 4477/4477/4477
f 4481/4481/4481 4480/4480/4480 4482/4482/4482
f 4483/4483/4483 4480/4480/4480 4481/4481/4481
f 4484/4484/4484 4480/4480/4480 4483/4483/4483
f 4485/4485/4485 4480/4480/4480 4484/4484/4484
f 4484/4484/4484 4486/4486/4486 4485/4485/4485
f 4485/4485/4485 4486/4486/4486 4487/4487/4487
f 4486/4486/4486 4488/4488/4488 4487/4487/4487
f 4487/4487/4487 4488/4488/4488 4489/4489/4489
f 4488/4488/4488 4490/4490/4490 4489/4489/4489
f 4489/4489/4489 4490/4490/4490 4491/4491/4491
f 4490/4490/4490 4492/4492/4492 4491/4491/4491
f 4491/4491/4491 4492/4492/4492 4493/4493/4493
f 4492/4492/4492 4494/4494/4494 4493/4493/4493
f 4493/4493/4493 4494/4494/4494 4495/4495/4495
f 4494/4494/4494 4496/4496/4496 4495/4495/4495
f 4495/4495/4495 4496/4496/4496 4497/4497/4497
f 4496/4496/4496 4498/4498/4498 4497/4497/4497
f 4497/4497/4497 4498/4498/4498 4499/4499/4499
f 4498/4498/4498 4500/4500/4500 4499/4499/4499
f 4499/4499/4499 4500/4500/4500 4501/4501/4501
f 4500/4500/4500 4502/4502/4502 4501/4501/4501
f 4501/4501/4501 4502/4502/4502 4503/4503/4503
f 4502/4502/4502 4504/4504/4504 4503/4503/4503
f 4503/4503/4503 4504/4504/4504 4505/4505/4505
f 4504/4504/4504 4506/4506/4506 4505/4505/4505
f 4505/4505/4505 4506/4506/4506 4507/4507/4507
f 4506/4506/4506 4508/4508/4508 4507/4507/4507
f 4507/4507/4507 4508/4508/4508 4509/4509/4509
f 4508/4508/4508 4510/4510/4510 4509/4509/4509
f 4509/4509/4509 4510/4510/4510 4511/4511/4511
f 4510/4510/4510 4512/4512/4512 4511/4511/4511
f 4511/4511/4511 4512/4512/4512 4513/4513/4513
f 4512/4512/4512 4514/4514/4514 4513/4513/4513
f 4513/4513/4513 4514/4514/4514 4515/4515/4515
f 4514/4514/4514 4516/4516/4516 4515/4515/4515
f 4515/4515/4515 4516/4516/4516 4517/4517/4517
f 4516/4516/4516 4518/4518/4518 4517/4517/4517
f 4517/4517/4517 4518/4518/4518 4519/4519/4519
f 4518/4518/4518 4520/4520/4520 4519/4519/4519
f 4519/4519/4519 4520/4520/4520 4521/4521/4521
f 4520/4520/4520 4522/4522/4522 4521/4521/4521
f 4521/4521/4521 4522/4522/4522 4523/4523/4523
f 4522/4522/4522 4524/4524/4524 4523/4523/4523
f 4523/4523/4523 4524/4524/4524 4525/4525/4525
f 4524/4524/4524 4526/4526/4526 4525/4525/4525
f 4525/4525/4525 4526/4526/4526 4527/4527/4527
f 4527/4527/4527 4526/4526/4526 4482/4482/4482
f 4482/4482/4482 4526/4526/4526 4481/4481/4481
f 4526/4526/4526 4528/4528/4528 4481/4481/4481
f 4524/4524/4524 4528/4528/4528 4526/4526/4526
f 4481/4481/4481 4528/4528/4528 4529/4529/4529
f 4530/4530/4530 4529/4529/4529 4528/4528/4528
f 4531/4531/4531 4530/4530/4530 4528/4528/4528
f 4531/4531/4531 4528/4528/4528 4524/4524/4524
f 4522/4522/4522 4531/4531/4531 4524/4524/4524
f 4532/4532/4532 4530/4530/4530 4531/4531/4531
f 4531/4531/4531 4533/4533/4533 4532/4532/4532
f 4533/4533/4533 4531/4531/4531 4522/4522/4522
f 4520/4520/4520 4533/4533/4533 4522/4522/4522
f 4532/4532/4532 4533/4533/4533 4534/4534/4534
f 4533/4533/4533 4535/4535/4535 4534/4534/4534
f 4534/4534/4534 4535/4535/4535 4536/4536/4536
f 4535/4535/4535 4537/4537/4537 4536/4536/4536
f 4536/4536/4536 4537/4537/4537 4538/4538/4538
f 4537/4537/4537 4539/4539/4539 4538/4538/4538
f 4538/4538/4538 4539/4539/4539 4540/4540/4540
f 4539/4539/4539 4541/4541/4541 4540/4540/4540
f 4540/4540/4540 4541/4541/4541 4542/4542/4542
f 4541/4541/4541 4543/4543/4543 4542/4542/4542
f 4542/4542/4542 4543/4543/4543 4544/4544/4544
f 4543/4543/4543 4545/4545/4545 4544/4544/4544
f 4544/4544/4544 4545/4545/4545 4546/4546/4546
f 4545/4545/4545 4547/4547/4547 4546/4546/4546
f 4546/4546/4546 4547/4547/4547 4548/4548/4548
f 4547/4547/4547 4549/4549/4549 4548/4548/4548
f 4548/4548/4548 4549/4549/4549 4550/4550/4550
f 4549/4549/4549 4551/4551/4551 4550/4550/4550
f 4550/4550/4550 4551/4551/4551 4552/4552/4552
f 4551/4551/4551 4553/4553/4553 4552/4552/4552
f 4552/4552/4552 4553/4553/4553 4554/4554/4554
f 4553/4553/4553 4555/4555/4555 4554/4554/4554
f 4554/4554/4554 4555/4555/4555 4556/4556/4556
f 4555/4555/4555 4557/4557/4557 4556/4556/4556
f 4556/4556/4556 4557/4557/4557 4558/4558/4558
f 4557/4557/4557 4559/4559/4559 4558/4558/4558
f 4558/4558/4558 4559/4559/4559 4560/4560/4560
f 4559/4559/4559 4561/4561/4561 4560/4560/4560
f 4560/4560/4560 4561/4561/4561 4562/4562/4562
f 4561/4561/4561 4563/4563/4563 4562/4562/4562
f 4562/4562/4562 4563/4563/4563 4564/4564/4564
f 4563/4563/4563 4565/4565/4565 4564/4564/4564
f 4564/4564/4564 4565/4565/4565 4566/4566/4566
f 4565/4565/4565 4567/4567/4567 4566/4566/4566
f 4566/4566/4566 4567/4567/4567 4568/4568/4568
f 4567/4567/4567 4569/4569/4569 4568/4568/4568
f 4568/4568/4568 4569/4569/4569 4570/4570/4570
f 4569/4569/4569 4571/4571/4571 4570/4570/4570
f 4570/4570/4570 4571/4571/4571 4572/4572/4572
f 4571/4571/4571 4573/4573/4573 4572/4572/4572
f 4572/4572/4572 4573/4573/4573 4574/4574/4574
f 4574/4574/4574 4573/4573/4573 4575/4575/4575
f 4575/4575/4575 4573/4573/4573 4529/4529/4529
f 4575/4575/4575 4529/4529/4529 4530/4530/4530
f 4565/4565/4565 4563/4563/4563 4490/4490/4490
f 4490/4490/4490 4563/4563/4563 4492/4492/4492
f 4488/4488/4488 4565/4565/4565 4490/4490/4490
f 4567/4567/4567 4565/4565/4565 4488/4488/4488
f 4486/4486/4486 4567/4567/4567 4488/4488/4488
f 4569/4569/4569 4567/4567/4567 4486/4486/4486
f 4484/4484/4484 4569/4569/4569 4486/4486/4486
f 4571/4571/4571 4569/4569/4569 4484/4484/4484
f 4483/4483/4483 4571/4571/4571 4484/4484/4484
f 4573/4573/4573 4571/4571/4571 4483/4483/4483
f 4483/4483/4483 4529/4529/4529 4573/4573/4573
f 4481/4481/4481 4529/4529/4529 4483/4483/4483
f 4492/4492/4492 4561/4561/4561 4494/4494/4494
f 4561/4561/4561 4559/4559/4559 4494/4494/4494
f 4494/4494/4494 4559/4559/4559 4496/4496/4496
f 4559/4559/4559 4557/4557/4557 4496/4496/4496
f 4496/4496/4496 4557/4557/4557 4498/4498/4498
f 4557/4557/4557 4555/4555/4555 4498/4498/4498
f 4498/4498/4498 4555/4555/4555 4500/4500/4500
f 4555/4555/4555 4553/4553/4553 4500/4500/4500
f 4500/4500/4500 4553/4553/4553 4502/4502/4502
f 4553/4553/4553 4551/4551/4551 4502/4502/4502
f 4502/4502/4502 4551/4551/4551 4504/4504/4504
f 4551/4551/4551 4549/4549/4549 4504/4504/4504
f 4504/4504/4504 4549/4549/4549 4506/4506/4506
f 4549/4549/4549 4547/4547/4547 4506/4506/4506
f 4506/4506/4506 4547/4547/4547 4508/4508/4508
f 4547/4547/4547 4545/4545/4545 4508/4508/4508
f 4508/4508/4508 4545/4545/4545 4510/4510/4510
f 4545/4545/4545 4543/4543/4543 4510/4510/4510
f 4510/4510/4510 4543/4543/4543 4512/4512/4512
f 4543/4543/4543 4541/4541/4541 4512/4512/4512
f 4512/4512/4512 4541/4541/4541 4514/4514/4514
f 4541/4541/4541 4539/4539/4539 4514/4514/4514
f 4514/4514/4514 4539/4539/4539 4516/4516/4516
f 4539/4539/4539 4537/4537/4537 4516/4516/4516
f 4516/4516/4516 4537/4537/4537 4518/4518/4518
f 4537/4537/4537 4535/4535/4535 4518/4518/4518
f 4518/4518/4518 4535/4535/4535 4520/4520/4520
f 4535/4535/4535 4533/4533/4533 4520/4520/4520
f 4577/4577/4577 4576/4576/4576 4578/4578/4578
f 4579/4579/4579 4576/4576/4576 4577/4577/4577
f 4578/4578/4578 4580/4580/4580 4577/4577/4577
f 4577/4577/4577 4580/4580/4580 4581/4581/4581
f 4580/4580/4580 4582/4582/4582 4581/4581/4581
f 4581/4581/4581 4582/4582/4582 4583/4583/4583
f 4582/4582/4582 4584/4584/4584 4583/4583/4583
f 4585/4585/4585 4584/4584/4584 4582/4582/4582
f 4584/4584/4584 4586/4586/4586 4583/4583/4583
f 4583/4583/4583 4586/4586/4586 4587/4587/4587
f 4583/4583/4583 4588/4588/4588 4581/4581/4581
f 4587/4587/4587 4588/4588/4588 4583/4583/4583
f 4581/4581/4581 4589/4589/4589 4577/4577/4577
f 4588/4588/4588 4589/4589/4589 4581/4581/4581
f 4589/4589/4589 4579/4579/4579 4577/4577/4577
f 4590/4590/4590 4579/4579/4579 4589/4589/4589
f 4586/4586/4586 4591/4591/4591 4587/4587/4587
f 4587/4587/4587 4591/4591/4591 4592/4592/4592
f 4587/4587/4587 4593/4593/4593 4588/4588/4588
f 4592/4592/4592 4593/4593/4593 4587/4587/4587
f 4588/4588/4588 4594/4594/4594 4589/4589/4589
f 4593/4593/4593 4594/4594/4594 4588/4588/4588
f 4594/4594/4594 4590/4590/4590 4589/4589/4589
f 4595/4595/4595 4590/4590/4590 4594/4594/4594
f 4591/4591/4591 4596/4596/4596 4592/4592/4592
f 4592/4592/4592 4596/4596/4596 4597/4597/4597
f 4592/4592/4592 4598/4598/4598 4593/4593/4593
f 4597/4597/4597 4598/4598/4598 4592/4592/4592
f 4593/4593/4593 4599/4599/4599 4594/4594/4594
f 4598/4598/4598 4599/4599/4599 4593/4593/4593
f 4599/4599/4599 4595/4595/4595 4594/4594/4594
f 4600/4600/4600 4595/4595/4595 4599/4599/4599
f 4596/4596/4596 4601/4601/4601 4597/4597/4597
f 4597/4597/4597 4601/4601/4601 4602/4602/4602
f 4597/4597/4597 4603/4603/4603 4598/4598/4598
f 4602/4602/4602 4603/4603/4603 4597/4597/4597
f 4598/4598/4598 4604/4604/4604 4599/4599/4599
f 4603/4603/4603 4604/4604/4604 4598/4598/4598
f 4604/4604/4604 4600/4600/4600 4599/4599/4599
f 4605/4605/4605 4600/4600/4600 4604/4604/4604
f 4601/4601/4601 4606/4606/4606 4602/4602/4602
f 4602/4602/4602 4606/4606/4606 4607/4607/4607
f 4602/4602/4602 4608/4608/4608 4603/4603/4603
f 4607/4607/4607 4608/4608/4608 4602/4602/4602
f 4603/4603/4603 4609/4609/4609 4604/4604/4604
f 4608/4608/4608 4609/4609/4609 4603/4603/4603
f 4609/4609/4609 4605/4605/4605 4604/4604/4604
f 4610/4610/4610 4605/4605/4605 4609/4609/4609
f 4606/4606/4606 4611/4611/4611 4607/4607/4607
f 4607/4607/4607 4611/4611/4611 4612/4612/4612
f 4607/4607/4607 4613/4613/4613 4608/4608/4608
f 4612/4612/4612 4613/4613/4613 4607/4607/4607
f 4608/4608/4608 4614/4614/4614 4609/4609/4609
f 4613/4613/4613 4614/4614/4614 4608/4608/4608
f 4614/4614/4614 4610/4610/4610 4609/4609/4609
f 4615/4615/4615 4610/4610/4610 4614/4614/4614
f 4611/4611/4611 4616/4616/4616 4612/4612/4612
f 4612/4612/4612 4616/4616/4616 4617/4617/4617
f 4612/4612/4612 4618/4618/4618 4613/4613/4613
f 4617/4617/4617 4618/4618/4618 4612/4612/4612
f 4613/4613/4613 4619/4619/4619 4614/4614/4614
f 4618/4618/4618 4619/4619/4619 4613/4613/4613
f 4619/4619/4619 4615/4615/4615 4614/4614/4614
f 4620/4620/4620 4615/4615/4615 4619/4619/4619
f 4616/4616/4616 4621/4621/4621 4617/4617/4617
f 4617/4617/4617 4621/4621/4621 4622/4622/4622
f 4617/4617/4617 4623/4623/4623 4618/4618/4618
f 4622/4622/4622 4623/4623/4623 4617/4617/4617
f 4618/4618/4618 4624/4624/4624 4619/4619/4619
f 4623/4623/4623 4624/4624/4624 4618/4618/4618
f 4624/4624/4624 4620/4620/4620 4619/4619/4619
f 4625/4625/4625 4620/4620/4620 4624/4624/4624
f 4621/4621/4621 4626/4626/4626 4622/4622/4622
f 4622/4622/4622 4626/4626/4626 4627/4627/4627
f 4622/4622/4622 4628/4628/4628 4623/4623/4623
f 4627/4627/4627 4628/4628/4628 4622/4622/4622
f 4623/4623/4623 4629/4629/4629 4624/4624/4624
f 4628/4628/4628 4629/4629/4629 4623/4623/4623
f 4629/4629/4629 4625/4625/4625 4624/4624/4624
f 4630/4630/4630 4625/4625/4625 4629/4629/4629
f 4626/4626/4626 4631/4631/4631 4627/4627/4627
f 4627/4627/4627 4631/4631/4631 4632/4632/4632
f 4627/4627/4627 4633/4633/4633 4628/4628/4628
f 4632/4632/4632 4633/4633/4633 4627/4627/4627
f 4628/4628/4628 4634/4634/4634 4629/4629/4629
f 4633/4633/4633 4634/4634/4634 4628/4628/4628
f 4634/4634/4634 4630/4630/4630 4629/4629/4629
f 4635/4635/4635 4630/4630/4630 4634/4634/4634
f 4631/4631/4631 4636/4636/4636 4632/4632/4632
f 4632/4632/4632 4636/4636/4636 4637/4637/4637
f 4632/4632/4632 4638/4638/4638 4633/4633/4633
f 4637/4637/4637 4638/4638/4638 4632/4632/4632
f 4633/4633/4633 4639/4639/4639 4634/4634/4634
f 4638/4638/4638 4639/4639/4639 4633/4633/4633
f 4639/4639/4639 4635/4635/4635 4634/4634/4634
f 4640/4640/4640 4635/4635/4635 4639/4639/4639
f 4636/4636/4636 4641/4641/4641 4637/4637/4637
f 4637/4637/4637 4641/4641/4641 4642/4642/4642
f 4637/4637/4637 4643/4643/4643 4638/4638/4638
f 4642/4642/4642 4643/4643/4643 4637/4637/4637
f 4638/4638/4638 4644/4644/4644 4639/4639/4639
f 4643/4643/4643 4644/4644/4644 4638/4638/4638
f 4644/4644/4644 4640/4640/4640 4639/4639/4639
f 4645/4645/4645 4640/4640/4640 4644/4644/4644
f 4641/4641/4641 4646/4646/4646 4642/4642/4642
f 4642/4642/4642 4646/4646/4646 4647/4647/4647
f 4642/4642/4642 4648/4648/4648 4643/4643/4643
f 4647/4647/4647 4648/4648/4648 4642/4642/4642
f 4643/4643/4643 4649/4649/4649 4644/4644/4644
f 4648/4648/4648 4649/4649/4649 4643/4643/4643
f 4649/4649/4649 4645/4645/4645 4644/4644/4644
f 4650/4650/4650 4645/4645/4645 4649/4649/4649
f 4646/4646/4646 4651/4651/4651 4647/4647/4647
f 4647/4647/4647 4651/4651/4651 4652/4652/4652
f 4647/4647/4647 4653/4653/4653 4648/4648/4648
f 4652/4652/4652 4653/4653/4653 4647/4647/4647
f 4648/4648/4648 4654/4654/4654 4649/4649/4649
f 4653/4653/4653 4654/4654/4654 4648/4648/4648
f 4654/4654/4654 4650/4650/4650 4649/4649/4649
f 4655/4655/4655 4650/4650/4650 4654/4654/4654
f 4651/4651/4651 4656/4656/4656 4652/4652/4652
f 4652/4652/4652 4656/4656/4656 4657/4657/4657
f 4652/4652/4652 4658/4658/4658 4653/4653/4653
f 4657/4657/4657 4658/4658/4658 4652/4652/4652
f 4653/4653/4653 4659/4659/4659 4654/4654/4654
f 4658/4658/4658 4659/4659/4659 4653/4653/4653
f 4659/4659/4659 4655/4655/4655 4654/4654/4654
f 4660/4660/4660 4655/4655/4655 4659/4659/4659
f 4656/4656/4656 4661/4661/4661 4657/4657/4657
f 4657/4657/4657 4661/4661/4661 4662/4662/4662
f 4657/4657/4657 4663/4663/4663 4658/4658/4658
f 4662/4662/4662 4663/4663/4663 4657/4657/4657
f 4658/4658/4658 4664/4664/4664 4659/4659/4659
f 4663/4663/4663 4664/4664/4664 4658/4658/4658
f 4664/4664/4664 4660/4660/4660 4659/4659/4659
f 4665/4665/4665 4660/4660/4660 4664/4664/4664
f 4661/4661/4661 4666/4666/4666 4662/4662/4662
f 4662/4662/4662 4666/4666/4666 4667/4667/4667
f 4662/4662/4662 4668/4668/4668 4663/4663/4663
f 4667/4667/4667 4668/4668/4668 4662/4662/4662
f 4663/4663/4663 4669/4669/4669 4664/4664/4664
f 4668/4668/4668 4669/4669/4669 4663/4663/4663
f 4669/4669/4669 4665/4665/4665 4664/4664/4664
f 4670/4670/4670 4665/4665/4665 4669/4669/4669
f 4666/4666/4666 4671/4671/4671 4667/4667/4667
f 4667/4667/4667 4671/4671/4671 4672/4672/4672
f 4667/4667/4667 4673/4673/4673 4668/4668/4668
f 4672/4672/4672 4673/4673/4673 4667/4667/4667
f 4668/4668/4668 4674/4674/4674 4669/4669/4669
f 4673/4673/4673 4674/4674/4674 4668/4668/4668
f 4674/4674/4674 4670/4670/4670 4669/4669/4669
f 4675/4675/4675 4670/4670/4670 4674/4674/4674
f 4671/4671/4671 4676/4676/4676 4672/4672/4672
f 4672/4672/4672 4676/4676/4676 4677/4677/4677
f 4672/4672/4672 4678/4678/4678 4673/4673/4673
f 4677/4677/4677 4678/4678/4678 4672/4672/4672
f 4673/4673/4673 4679/4679/4679 4674/4674/4674
f 4678/4678/4678 4679/4679/4679 4673/4673/4673
f 4679/4679/4679 4675/4675/4675 4674/4674/4674
f 4680/4680/4680 4675/4675/4675 4679/4679/4679
f 4676/4676/4676 4681/4681/4681 4677/4677/4677
f 4677/4677/4677 4681/4681/4681 4682/4682/4682
f 4677/4677/4677 4683/4683/4683 4678/4678/4678
f 4682/4682/4682 4683/4683/4683 4677/4677/4677
f 4678/4678/4678 4684/4684/4684 4679/4679/4679
f 4683/4683/4683 4684/4684/4684 4678/4678/4678
f 4684/4684/4684 4680/4680/4680 4679/4679/4679
f 4685/4685/4685 4680/4680/4680 4684/4684/4684
f 4681/4681/4681 4686/4686/4686 4682/4682/4682
f 4682/4682/4682 4686/4686/4686 4687/4687/4687
f 4682/4682/4682 4688/4688/4688 4683/4683/4683
f 4687/4687/4687 4688/4688/4688 4682/4682/4682
f 4683/4683/4683 4689/4689/4689 4684/4684/4684
f 4688/4688/4688 4689/4689/4689 4683/4683/4683
f 4689/4689/4689 4685/4685/4685 4684/4684/4684
f 4690/4690/4690 4685/4685/4685 4689/4689/4689
f 4686/4686/4686 4691/4691/4691 4687/4687/4687
f 4687/4687/4687 4691/4691/4691 4692/4692/4692
f 4687/4687/4687 4693/4693/4693 4688/4688/4688
f 4692/4692/4692 4693/4693/4693 4687/4687/4687
f 4688/4688/4688 4694/4694/4694 4689/4689/4689
f 4693/4693/4693 4694/4694/4694 4688/4688/4688
f 4689/4689/4689 4694/4694/4694 4690/4690/4690
f 4690/4690/4690 4694/4694/4694 4695/4695/4695
f 4691/4691/4691 4585/4585/4585 4692/4692/4692
f 4692/4692/4692 4585/4585/4585 4582/4582/4582
f 4692/4692/4692 4580/4580/4580 4693/4693/4693
f 4582/4582/4582 4580/4580/4580 4692/4692/4692
f 4693/4693/4693 4578/4578/4578 4694/4694/4694
f 4580/4580/4580 4578/4578/4578 4693/4693/4693
f 4694/4694/4694 4578/4578/4578 4695/4695/4695
f 4695/4695/4695 4578/4578/4578 4576/4576/4576
f 4697/4697/4697 4696/4696/4696 4698/4698/4698
f 4699/4699/4699 4696/4696/4696 4697/4697/4697
f 4700/4700/4700 4696/4696/4696 4701/4701/4701
f 4702/4702/4702 4696/4696/4696 4700/4700/4700
f 4704/4704/4704 4703/4703/4703 4705/4705/4705
f 4706/4706/4706 4703/4703/4703 4704/4704/4704
f 4707/4707/4707 4703/4703/4703 4708/4708/4708
f 4709/4709/4709 4703/4703/4703 4707/4707/4707
f 4711/4711/4711 4710/4710/4710 4712/4712/4712
f 4713/4713/4713 4710/4710/4710 4711/4711/4711
f 4714/4714/4714 4710/4710/4710 4715/4715/4715
f 4716/4716/4716 4710/4710/4710 4714/4714/4714
f 4718/4718/4718 4717/4717/4717 4719/4719/4719
f 4720/4720/4720 4717/4717/4717 4718/4718/4718
f 4721/4721/4721 4717/4717/4717 4722/4722/4722
f 4723/4723/4723 4717/4717/4717 4721/4721/4721
f 4725/4725/4725 4724/4724/4724 4726/4726/4726
f 4727/4727/4727 4724/4724/4724 4725/4725/4725
f 4728/4728/4728 4724/4724/4724 4729/4729/4729
f 4730/4730/4730 4724/4724/4724 4728/4728/4728
f 4732/4732/4732 4731/4731/4731 4733/4733/4733
f 4734/4734/4734 4731/4731/4731 4732/4732/4732
f 4735/4735/4735 4731/4731/4731 4736/4736/4736
f 4737/4737/4737 4731/4731/4731 4735/4735/4735
f 4739/4739/4739 4738/4738/4738 4740/4740/4740
f 4741/4741/4741 4738/4738/4738 4739/4739/4739
f 4742/4742/4742 4738/4738/4738 4743/4743/4743
f 4744/4744/4744 4738/4738/4738 4742/4742/4742
f 4746/4746/4746 4745/4745/4745 4747/4747/4747
f 4748/4748/4748 4745/4745/4745 4746/4746/4746
f 4749/4749/4749 4745/4745/4745 4750/4750/4750
f 4751/4751/4751 4745/4745/4745 4749/4749/4749
f 4753/4753/4753 4752/4752/4752 4754/4754/4754
f 4755/4755/4755 4752/4752/4752 4753/4753/4753
f 4756/4756/4756 4752/4752/4752 4757/4757/4757
f 4758/4758/4758 4752/4752/4752 4756/4756/4756
f 4760/4760/4760 4759/4759/4759 4761/4761/4761
f 4762/4762/4762 4759/4759/4759 4760/4760/4760
f 4763/4763/4763 4759/4759/4759 4764/4764/4764
f 4765/4765/4765 4759/4759/4759 4763/4763/4763
f 4767/4767/4767 4766/4766/4766 4768/4768/4768
f 4769/4769/4769 4766/4766/4766 4767/4767/4767
f 4770/4770/4770 4766/4766/4766 4771/4771/4771
f 4772/4772/4772 4766/4766/4766 4770/4770/4770
f 4774/4774/4774 4773/4773/4773 4775/4775/4775
f 4776/4776/4776 4773/4773/4773 4774/4774/4774
f 4777/4777/4777 4773/4773/4773 4778/4778/4778
f 4779/4779/4779 4773/4773/4773 4777/4777/4777
f 4781/4781/4781 4780/4780/4780 4782/4782/4782
f 4783/4783/4783 4780/4780/4780 4781/4781/4781
f 4784/4784/4784 4780/4780/4780 4785/4785/4785
f 4786/4786/4786 4780/4780/4780 4784/4784/4784
f 4788/4788/4788 4787/4787/4787 4789/4789/4789
f 4790/4790/4790 4787/4787/4787 4788/4788/4788
f 4791/4791/4791 4787/4787/4787 4792/4792/4792
f 4793/4793/4793 4787/4787/4787 4791/4791/4791
f 4795/4795/4795 4794/4794/4794 4796/4796/4796
f 4797/4797/4797 4794/4794/4794 4795/4795/4795
f 4798/4798/4798 4794/4794/4794 4799/4799/4799
f 4800/4800/4800 4794/4794/4794 4798/4798/4798
f 4802/4802/4802 4801/4801/4801 4803/4803/4803
f 4804/4804/4804 4801/4801/4801 4802/4802/4802
f 4805/4805/4805 4801/4801/4801 4806/4806/4806
f 4807/4807/4807 4801/4801/4801 4805/4805/4805
f 4809/4809/4809 4808/4808/4808 4810/4810/4810
f 4811/4811/4811 4808/4808/4808 4809/4809/4809
f 4812/4812/4812 4808/4808/4808 4813/4813/4813
f 4814/4814/4814 4808/4808/4808 4812/4812/4812
f 4816/4816/4816 4815/4815/4815 4817/4817/4817
f 4818/4818/4818 4815/4815/4815 4816/4816/4816
f 4819/4819/4819 4815/4815/4815 4820/4820/4820
f 4821/4821/4821 4815/4815/4815 4819/4819/4819
f 4823/4823/4823 4822/4822/4822 4824/4824/4824
f 4825/4825/4825 4822/4822/4822 4823/4823/4823
f 4826/4826/4826 4822/4822/4822 4827/4827/4827
f 4828/4828/4828 4822/4822/4822 4826/4826/4826
f 4830/4830/4830 4829/4829/4829 4831/4831/4831
f 4832/4832/4832 4829/4829/4829 4830/4830/4830
f 4833/4833/4833 4829/4829/4829 4834/4834/4834
f 4835/4835/4835 4829/4829/4829 4833/4833/4833
f 4837/4837/4837 4836/4836/4836 4838/4838/4838
f 4839/4839/4839 4836/4836/4836 4837/4837/4837
f 4840/4840/4840 4836/4836/4836 4841/4841/4841
f 4842/4842/4842 4836/4836/4836 4840/4840/4840
f 4844/4844/4844 4843/4843/4843 4845/4845/4845
f 4846/4846/4846 4843/4843/4843 4844/4844/4844
f 4847/4847/4847 4843/4843/4843 4848/4848/4848
f 4849/4849/4849 4843/4843/4843 4847/4847/4847
f 4851/4851/4851 4850/4850/4850 4852/4852/4852
f 4853/4853/4853 4850/4850/4850 4851/4851/4851
f 4854/4854/4854 4850/4850/4850 4855/4855/4855
f 4856/4856/4856 4850/4850/4850 4854/4854/4854
f 4858/4858/4858 4857/4857/4857 4859/4859/4859
f 4860/4860/4860 4857/4857/4857 4858/4858/4858
f 4862/4862/4862 4861/4861/4861 4859/4859/4859
f 4863/4863/4863 4861/4861/4861 4862/4862/4862
f 4865/4865/4865 4864/4864/4864 4866/4866/4866
f 4867/4867/4867 4864/4864/4864 4865/4865/4865
f 4869/4869/4869 4868/4868/4868 4870/4870/4870
f 4871/4871/4871 4868/4868/4868 4869/4869/4869
f 4873/4873/4873 4872/4872/4872 4874/4874/4874
f 4875/4875/4875 4872/4872/4872 4873/4873/4873
f 4877/4877/4877 4876/4876/4876 4878/4878/4878
f 4879/4879/4879 4876/4876/4876 4877/4877/4877
f 4881/4881/4881 4880/4880/4880 4882/4882/4882
f 4883/4883/4883 4880/4880/4880 4881/4881/4881
f 4885/4885/4885 4884/4884/4884 4886/4886/4886
f 4887/4887/4887 4884/4884/4884 4885/4885/4885
f 4889/4889/4889 4888/4888/4888 4890/4890/4890
f 4891/4891/4891 4888/4888/4888 4889/4889/4889
f 4893/4893/4893 4892/4892/4892 4894/4894/4894
f 4895/4895/4895 4892/4892/4892 4893/4893/4893
f 4897/4897/4897 4896/4896/4896 4898/4898/4898
f 4899/4899/4899 4896/4896/4896 4897/4897/4897
f 4901/4901/4901 4900/4900/4900 4902/4902/4902
f 4903/4903/4903 4900/4900/4900 4901/4901/4901
f 4905/4905/4905 4904/4904/4904 4906/4906/4906
f 4907/4907/4907 4904/4904/4904 4905/4905/4905
f 4909/4909/4909 4908/4908/4908 4910/4910/4910
f 4911/4911/4911 4908/4908/4908 4909/4909/4909
f 4913/4913/4913 4912/4912/4912 4914/4914/4914
f 4915/4915/4915 4912/4912/4912 4913/4913/4913
f 4917/4917/4917 4916/4916/4916 4918/4918/4918
f 4919/4919/4919 4916/4916/4916 4917/4917/4917
f 4921/4921/4921 4920/4920/4920 4922/4922/4922
f 4923/4923/4923 4920/4920/4920 4921/4921/4921
f 4923/4923/4923 4924/4924/4924 4920/4920/4920
f 4925/4925/4925 4924/4924/4924 4923/4923/4923
f 4925/4925/4925 4926/4926/4926 4924/4924/4924
f 4927/4927/4927 4926/4926/4926 4925/4925/4925
f 4927/4927/4927 4928/4928/4928 4926/4926/4926
f 4929/4929/4929 4928/4928/4928 4927/4927/4927
f 4929/4929/4929 4930/4930/4930 4928/4928/4928
f 4931/4931/4931 4930/4930/4930 4929/4929/4929
f 4931/4931/4931 4932/4932/4932 4930/4930/4930
f 4933/4933/4933 4932/4932/4932 4931/4931/4931
f 4933/4933/4933 4934/4934/4934 4932/4932/4932
f 4935/4935/4935 4934/4934/4934 4933/4933/4933
f 4935/4935/4935 4936/4936/4936 4934/4934/4934
f 4937/4937/4937 4936/4936/4936 4935/4935/4935
f 4937/4937/4937 4938/4938/4938 4936/4936/4936
f 4939/4939/4939 4938/4938/4938 4937/4937/4937
f 4939/4939/4939 4940/4940/4940 4938/4938/4938
f 4941/4941/4941 4940/4940/4940 4939/4939/4939
f 4941/4941/4941 4942/4942/4942 4940/4940/4940
f 4943/4943/4943 4942/4942/4942 4941/4941/4941
f 4943/4943/4943 4944/4944/4944 4942/4942/4942
f 4945/4945/4945 4944/4944/4944 4943/4943/4943
f 4945/4945/4945 4946/4946/4946 4944/4944/4944
f 4947/4947/4947 4946/4946/4946 4945/4945/4945
f 4947/4947/4947 4948/4948/4948 4946/4946/4946
f 4949/4949/4949 4948/4948/4948 4947/4947/4947
f 4949/4949/4949 4950/4950/4950 4948/4948/4948
f 4951/4951/4951 4950/4950/4950 4949/4949/4949
f 4951/4951/4951 4922/4922/4922 4950/4950/4950
f 4921/4921/4921 4922/4922/4922 4951/4951/4951
f 4563/4563/4563 4561/4561/4561 4492/4492/4492
f 4953/4953/4953 4952/4952/4952 4954/4954/4954
f 4955/4955/4955 4952/4952/4952 4953/4953/4953
f 4953/4953/4953 4956/4956/4956 4957/4957/4957
f 4958/4958/4958 4956/4956/4956 4953/4953/4953
f 4960/4960/4960 4959/4959/4959 4961/4961/4961
f 4962/4962/4962 4959/4959/4959 4960/4960/4960
f 4964/4964/4964 4963/4963/4963 4961/4961/4961
f 4965/4965/4965 4963/4963/4963 4964/4964/4964
f 4967/4967/4967 4966/4966/4966 4968/4968/4968
f 4969/4969/4969 4966/4966/4966 4967/4967/4967
f 4971/4971/4971 4970/4970/4970 4968/4968/4968
f 4972/4972/4972 4970/4970/4970 4971/4971/4971
f 4974/4974/4974 4973/4973/4973 4975/4975/4975
f 4976/4976/4976 4973/4973/4973 4974/4974/4974
f 4978/4978/4978 4977/4977/4977 4975/4975/4975
f 4979/4979/4979 4977/4977/4977 4978/4978/4978
f 4981/4981/4981 4980/4980/4980 4982/4982/4982
f 4983/4983/4983 4980/4980/4980 4981/4981/4981
f 4985/4985/4985 4984/4984/4984 4982/4982/4982
f 4986/4986/4986 4984/4984/4984 4985/4985/4985
f 4988/4988/4988 4987/4987/4987 4989/4989/4989
f 4990/4990/4990 4987/4987/4987 4988/4988/4988
f 4992/4992/4992 4991/4991/4991 4989/4989/4989
f 4993/4993/4993 4991/4991/4991 4992/4992/4992
f 4995/4995/4995 4994/4994/4994 4996/4996/4996
f 4997/4997/4997 4994/4994/4994 4995/4995/4995
f 4999/4999/4999 4998/4998/4998 4996/4996/4996
f 5000/5000/5000 4998/4998/4998 4999/4999/4999
f 5002/5002/5002 5001/5001/5001 5003/5003/5003
f 5004/5004/5004 5001/5001/5001 5002/5002/5002
f 5006/5006/5006 5005/5005/5005 5003/5003/5003
f 5007/5007/5007 5005/5005/5005 5006/5006/5006
f 5009/5009/5009 5008/5008/5008 5010/5010/5010
f 5011/5011/5011 5008/5008/5008 5009/5009/5009
f 5013/5013/5013 5012/5012/5012 5010/5010/5010
f 5014/5014/5014 5012/5012/5012 5013/5013/5013
f 5016/5016/5016 5015/5015/5015 5017/5017/5017
f 5018/5018/5018 5015/5015/5015 5016/5016/5016
f 5020/5020/5020 5019/5019/5019 5017/5017/5017
f 5021/5021/5021 5019/5019/5019 5020/5020/5020
f 5023/5023/5023 5022/5022/5022 5024/5024/5024
f 5025/5025/5025 5022/5022/5022 5023/5023/5023
f 5027/5027/5027 5026/5026/5026 5024/5024/5024
f 5028/5028/5028 5026/5026/5026 5027/5027/5027
f 5030/5030/5030 5029/5029/5029 5031/5031/5031
f 5032/5032/5032 5029/5029/5029 5030/5030/5030
f 5034/5034/5034 5033/5033/5033 5031/5031/5031
f 5035/5035/5035 5033/5033/5033 5034/5034/5034
f 5037/5037/5037 5036/5036/5036 5038/5038/5038
f 5039/5039/5039 5036/5036/5036 5037/5037/5037
f 5041/5041/5041 5040/5040/5040 5038/5038/5038
f 5042/5042/5042 5040/5040/5040 5041/5041/5041
f 5044/5044/5044 5043/5043/5043 5045/5045/5045
f 5046/5046/5046 5043/5043/5043 5044/5044/5044
f 5048/5048/5048 5047/5047/5047 5045/5045/5045
f 5049/5049/5049 5047/5047/5047 5048/5048/5048
f 5051/5051/5051 5050/5050/5050 5052/5052/5052
f 5053/5053/5053 5050/5050/5050 5051/5051/5051
f 5055/5055/5055 5054/5054/5054 5052/5052/5052
f 5056/5056/5056 5054/5054/5054 5055/5055/5055
f 5058/5058/5058 5057/5057/5057 5059/5059/5059
f 5060/5060/5060 5057/5057/5057 5058/5058/5058
f 5062/5062/5062 5061/5061/5061 5059/5059/5059
f 5063/5063/5063 5061/5061/5061 5062/5062/5062
f 5065/5065/5065 5064/5064/5064 5066/5066/5066
f 5067/5067/5067 5064/5064/5064 5065/5065/5065
f 5069/5069/5069 5068/5068/5068 5066/5066/5066
f 5070/5070/5070 5068/5068/5068 5069/5069/5069
f 5072/5072/5072 5071/5071/5071 5073/5073/5073
f 5074/5074/5074 5071/5071/5071 5072/5072/5072
f 5076/5076/5076 5075/5075/5075 5073/5073/5073
f 5077/5077/5077 5075/5075/5075 5076/5076/5076
f 5079/5079/5079 5078/5078/5078 5080/5080/5080
f 5081/5081/5081 5078/5078/5078 5079/5079/5079
f 5083/5083/5083 5082/5082/5082 5080/5080/5080
f 5084/5084/5084 5082/5082/5082 5083/5083/5083
f 5086/5086/5086 5085/5085/5085 5087/5087/5087
f 5088/5088/5088 5085/5085/5085 5086/5086/5086
f 5090/5090/5090 5089/5089/5089 5087/5087/5087
f 5091/5091/5091 5089/5089/5089 5090/5090/5090
f 5093/5093/5093 5092/5092/5092 5094/5094/5094
f 5095/5095/5095 5092/5092/5092 5093/5093/5093
f 5097/5097/5097 5096/5096/5096 5094/5094/5094
f 5098/5098/5098 5096/5096/5096 5097/5097/5097
f 5100/5100/5100 5099/5099/5099 5101/5101/5101
f 5102/5102/5102 5099/5099/5099 5100/5100/5100
f 5104/5104/5104 5103/5103/5103 5101/5101/5101
f 5105/5105/5105 5103/5103/5103 5104/5104/5104
f 5107/5107/5107 5106/5106/5106 5108/5108/5108
f 5109/5109/5109 5106/5106/5106 5107/5107/5107
f 5111/5111/5111 5110/5110/5110 5108/5108/5108
f 5112/5112/5112 5110/5110/5110 5111/5111/5111
f 5114/5114/5114 5113/5113/5113 5115/5115/5115
f 5116/5116/5116 5113/5113/5113 5114/5114/5114
f 5116/5116/5116 5117/5117/5117 5118/5118/5118
f 5118/5118/5118 5117/5117/5117 5119/5119/5119
f 5120/5120/5120 3873/3873/3873 5121/5121/5121
f 5120/5120/5120 5122/5122/5122 5123/5123/5123
f 5125/5125/5125 5124/5124/5124 3723/3723/3723
f 3535/3535/3535 3572/3572/3572 5126/5126/5126
f 3580/3580/3580 5127/5127/5127 5128/5128/5128
f 3240/3240/3240 3200/3200/3200 5129/5129/5129
f 5131/5131/5131 5130/5130/5130 5132/5132/5132
f 5133/5133/5133 5130/5130/5130 5134/5134/5134
f 5133/5133/5133 5135/5135/5135 5136/5136/5136
f 5137/5137/5137 5135/5135/5135 5138/5138/5138
