v -0.1274832 -1.056672 0.9660113
v -0.00867094 -1.009096 0.9212967
v -0.006873589 -1.058411 0.9309661
v -0.1447141 -1.00514 0.9486622
v -0.01531057 -0.9544184 0.8892953
v -0.1521366 -0.9505511 0.9145088
v -0.05600614 -0.8565382 0.7594624
v -0.1877204 -0.8710744 0.7753057
v -0.1691 -0.8536147 0.7340038
v -0.08137753 -0.8486818 0.7199609
v -0.05600614 -0.8565382 0.7594624
v -0.06427011 -0.9680461 0.6860238
v -0.05409839 -0.9911433 0.7046921
v -0.1896845 -0.9903298 0.7295133
v -0.1962129 -0.9599941 0.7050725
v -0.1877204 -0.8710744 0.7753057
v -0.1691 -0.8536147 0.7340038
v -0.1521366 -0.9505511 0.9145088
v -0.1729408 -1.050176 0.8169819
v -0.01531057 -0.9544184 0.8892953
v -0.03756269 -1.045748 0.7842558
v -0.1447141 -1.00514 0.9486622
v -0.1698252 -1.08057 0.8293087
v -0.00867094 -1.009096 0.9212967
v -0.02302147 -1.074696 0.8099546
v -0.1274832 -1.056672 0.9660113
v -0.006873589 -1.058411 0.9309661
v -0.450874 -0.9886668 0.5010068
v -0.4747522 -0.9951417 0.542365
v -0.4907745 -1.010706 0.5263433
v -0.4727607 -1.017181 0.4951423
v -0.4594738 -1.00805 0.458759
v -0.4610767 -1.001575 0.4527769
v -0.4794447 -1.00805 0.4209614
v -0.483824 -1.001575 0.416582
v -0.5156397 -1.00805 0.3982126
v -0.5216222 -1.001575 0.3966095
v -0.5583602 -1.00805 0.3966095
v -0.5643426 -1.001575 0.3982126
v -0.596158 -1.00805 0.4165817
v -0.6005371 -1.001575 0.4209608
v -0.6189063 -1.00805 0.4527762
v -0.6205093 -1.001575 0.4587587
v -0.6205091 -1.00805 0.4954968
v -0.618906 -1.001575 0.5014796
v -0.6005368 -1.00805 0.533294
v -0.5961578 -1.001575 0.5376729
v -0.5643426 -1.00805 0.5560418
v -0.5583601 -1.001575 0.557645
v -0.5216221 -1.00805 0.5576448
v -0.5156397 -1.001575 0.5560419
v -0.5230061 -1.001575 0.5524809
v -0.4785334 -0.9886667 0.5385854
v -0.5170237 -0.8889495 0.5508779
v -0.5569771 -0.8889495 0.5524809
v -0.5629595 -1.001575 0.550878
v -0.592378 -0.8889494 0.5338928
v -0.596757 -1.001575 0.5295138
v -0.6137422 -0.8889495 0.5000951
v -0.6153453 -1.001575 0.4941126
v -0.6153453 -0.8889495 0.4601417
v -0.6137423 -1.001575 0.4541592
v -0.5967571 -0.8889494 0.4247408
v -0.5923781 -1.001575 0.4203618
v -0.5629596 -0.8889495 0.4033766
v -0.5569771 -1.001575 0.4017735
v -0.5230061 -0.8889495 0.4017738
v -0.5170237 -1.001575 0.4033765
v -0.4876052 -0.8889494 0.4203617
v -0.4832262 -1.001575 0.4247408
v -0.466241 -0.8889495 0.4541593
v -0.4646379 -1.001575 0.4601417
v -0.4560381 -0.8760409 0.4996231
v -0.4779247 -1.010706 0.4937583
v -0.4945556 -0.8980798 0.5225632
v -0.1180064 -0.9047571 0.627181
v -0.4175618 -0.9375024 0.4603397
v -0.1210169 -0.9469402 0.6323729
v -0.4169233 -0.8965447 0.4592395
v -0.4283885 -0.9723391 0.4790099
v -0.1342064 -0.9804707 0.6551148
v -0.4465027 -0.9917153 0.5102435
v -0.1540391 -0.9963652 0.6893113
v -0.4670514 -0.9904435 0.5456743
v -0.1752011 -0.9903633 0.7258011
v -0.4845276 -0.9688632 0.5758093
v -0.1920243 -0.9640734 0.7548085
v -0.4942494 -0.9327533 0.5925719
v -0.199998 -0.9245407 0.7685567
v -0.4936108 -0.8917959 0.5914711
v -0.1969874 -0.882358 0.7633647
v -0.4827828 -0.8569601 0.5728018
v -0.1837976 -0.8488273 0.7406222
v -0.4646683 -0.837584 0.5415676
v -0.1639654 -0.8329344 0.7064264
v -0.4441201 -0.838856 0.5061368
v -0.142803 -0.8389356 0.6699362
v -0.4266446 -0.8604368 0.4760024
v -0.1259805 -0.8652242 0.6409306
v -0.4611228 -0.9951417 0.4982591
v -0.4794095 -0.9945085 0.5377092
v -0.4982777 -1.017181 0.518841
v -0.4620337 -1.006793 0.498015
v -0.4590869 -1.000834 0.4561051
v -0.4713256 -1.00805 0.4555232
v -0.4804374 -1.000834 0.4184684
v -0.4913278 -1.008051 0.4240837
v -0.5177467 -1.000833 0.3965501
v -0.5243697 -1.00805 0.4068583
v -0.5610138 -1.000834 0.3962227
v -0.5615956 -1.00805 0.408461
v -0.5986504 -1.000834 0.4175729
v -0.5930353 -1.00805 0.4284633
v -0.6205687 -1.000833 0.4548822
v -0.6102604 -1.00805 0.4615051
v -0.6208962 -1.000833 0.4981502
v -0.6086572 -1.00805 0.4987321
v -0.5995445 -1.000833 0.5357869
v -0.5886546 -1.00805 0.530171
v -0.5622371 -1.000834 0.557704
v -0.5556139 -1.00805 0.547396
v -0.5189695 -1.000834 0.5580319
v -0.5183876 -1.00805 0.5457934
v -0.4367909 -0.7140589 0.5047798
v -0.4644434 -0.7772619 0.5526755
v -0.4766999 -0.6950059 0.5404189
v -0.4367909 -0.7772619 0.5047796
v -0.4453909 -0.7901706 0.4549848
v -0.4352779 -0.720791 0.4447143
v -0.4691361 -0.7901706 0.410651
v -0.4735154 -0.7011502 0.4062718
v -0.5075788 -0.7705297 0.3724136
v -0.5178494 -0.7011502 0.3825265
v -0.5604733 -0.7974935 0.3920454
v -0.5681162 -0.7011502 0.3841295
v -0.6064678 -0.7901706 0.4062718
v -0.6108472 -0.7011502 0.4106511
v -0.6447054 -0.7705297 0.4447143
v -0.6408917 -0.7087189 0.453886
v -0.6408916 -0.7826018 0.5003685
v -0.6447053 -0.720791 0.5095401
v -0.6108471 -0.7901706 0.5436034
v -0.6064678 -0.7011502 0.5479829
v -0.570314 -0.7826018 0.5761299
v -0.5621338 -0.7011502 0.5717281
v -0.5187772 -0.7947126 0.5664096
v -0.511867 -0.7011502 0.570125
v -0.4620337 -1.006793 0.498015
v -0.4992949 -1.032316 0.5178238
v -0.4794095 -0.9945085 0.5377092
v -0.4987689 -1.040133 0.4881725
v -0.4853683 -1.033472 0.4651427
v -0.4590869 -1.000834 0.4561051
v -0.5057763 -1.038617 0.4453703
v -0.4804374 -1.000834 0.4184684
v -0.5262394 -1.038617 0.4325171
v -0.5177467 -1.000833 0.3965501
v -0.5510508 -1.036776 0.4278081
v -0.5610138 -1.000834 0.3962227
v -0.5699236 -1.039723 0.4450948
v -0.5986504 -1.000834 0.4175729
v -0.5932893 -1.033472 0.4601953
v -0.6205687 -1.000833 0.4548822
v -0.5893106 -1.036776 0.4881863
v -0.6208962 -1.000833 0.4981502
v -0.5771737 -1.036776 0.5113649
v -0.5995445 -1.000833 0.5357869
v -0.552766 -1.039723 0.5190656
v -0.5622371 -1.000834 0.557704
v -0.5300859 -1.039723 0.519834
v -0.5189695 -1.000834 0.5580319
v -0.4415344 -0.8051583 0.5035086
v -0.4644434 -0.8760409 0.5526755
v -0.4644434 -0.8128378 0.5526754
v -0.4586776 -0.8980798 0.498915
v -0.4453909 -0.8889495 0.4549848
v -0.4352779 -0.8195699 0.4447143
v -0.4691361 -0.8889495 0.4106511
v -0.4769782 -0.7953871 0.4104137
v -0.5118671 -0.8889495 0.3841295
v -0.5157052 -0.8195699 0.3702361
v -0.5621339 -0.8889495 0.3825266
v -0.564795 -0.7926062 0.3932033
v -0.6064678 -0.8889495 0.4062719
v -0.6108472 -0.7999291 0.4106512
v -0.6329895 -0.8889495 0.4490026
v -0.6468828 -0.8195699 0.4528409
v -0.6345923 -0.8889495 0.4992695
v -0.6389942 -0.8074979 0.5074496
v -0.6108471 -0.8889495 0.5436034
v -0.6064678 -0.7999291 0.5479828
v -0.5681162 -0.8889495 0.5701251
v -0.5632328 -0.8074979 0.5780274
v -0.5178493 -0.8889495 0.5717279
v -0.5137227 -0.7953871 0.5650553
v -0.3966311 -0.8728443 0.496958
v -0.4982584 -0.9000341 0.404371
v -0.3899829 -0.9027094 0.4856829
v -0.5091086 -0.8572713 0.4228416
v -0.4108291 -0.8510813 0.5213197
v -0.5278007 -0.8342261 0.4546856
v -0.4286218 -0.8463109 0.5518449
v -0.5498173 -0.8327324 0.4922036
v -0.4452504 -0.859861 0.5803686
v -0.5692573 -0.8531875 0.5253382
v -0.4790569 -0.8828571 0.5990209
v -0.5809152 -0.8901119 0.5452164
v -0.4684576 -0.924112 0.6049812
v -0.5816644 -0.9336093 0.546509
v -0.4517531 -0.9565911 0.591507
v -0.5713068 -0.9720283 0.5288706
v -0.4374826 -0.9783301 0.5670212
v -0.5526146 -0.9950733 0.4970268
v -0.4196648 -0.982964 0.5364538
v -0.5305983 -0.9965674 0.4595107
v -0.403084 -0.9693026 0.508011
v -0.5111564 -0.9761117 0.426374
v -0.4051522 -0.9428592 0.4655655
v -0.5001792 -0.9434351 0.4076455
v -0.102312 -0.8976842 0.644095
v 0.01889827 -0.8709159 0.7352419
v -0.1072447 -0.8669946 0.6678907
v 0.022609 -0.9047077 0.7135503
v 0.004095678 -0.8482972 0.7607584
v -0.1226926 -0.8474051 0.6945228
v -0.014397 -0.8434591 0.7926374
v -0.1409859 -0.8458341 0.7260571
v -0.03162444 -0.8576955 0.8223371
v -0.157223 -0.8627018 0.7540478
v -0.06581587 -0.8819101 0.8416825
v -0.1902749 -0.8902872 0.771427
v -0.05523938 -0.9245891 0.8477641
v -0.1775805 -0.9316103 0.7738578
v -0.03826031 -0.9583781 0.8337763
v -0.1593795 -0.962299 0.7577648
v -0.02346085 -0.9809973 0.8082648
v -0.1439331 -0.9818918 0.7311373
v -0.00496847 -0.9858412 0.7763869
v -0.1256388 -0.9834675 0.6996003
v 0.01226231 -0.9716074 0.7466819
v -0.1094007 -0.9666022 0.6716089
v 0.01207261 -0.9473913 0.707388
v -0.1107284 -0.9390147 0.6342787
v -1.057257 -0.9929023 0.3524991
v -1.116482 -0.9741504 0.3679161
v -1.104136 -1.008662 0.335571
v -1.077021 -0.9832426 0.3835363
v -1.081411 -0.9725354 0.4120986
v -1.124637 -0.9630467 0.414817
v -1.071024 -0.9643674 0.4564346
v -1.126416 -0.9740057 0.4535452
v -1.122548 -1.004592 0.4858166
v -1.082227 -1.005484 0.4697856
v -1.054254 -1.026291 0.502107
v -1.112498 -1.050738 0.4984829
v -1.055082 -1.067786 0.4875622
v -1.100846 -1.091936 0.4860541
v -1.058493 -1.090182 0.4530218
v -1.089958 -1.120973 0.454034
v -1.03756 -1.108809 0.4238211
v -1.082749 -1.13008 0.4109974
v -1.037742 -1.097792 0.3817633
v -1.08097 -1.11912 0.3722676
v -1.084839 -1.088534 0.3399981
v -1.054698 -1.067136 0.3627326
v -1.030155 -1.029778 0.3358821
v -1.093762 -1.046699 0.3272693
v -1.149837 -1.127993 0.2900566
v -1.208485 -1.132938 0.310225
v -1.142439 -1.141214 0.3107788
v -1.20421 -1.129429 0.304724
v -1.104428 -1.098664 0.2895008
v -1.088863 -1.102311 0.3102248
v -1.094826 -1.039281 0.2899201
v -1.078885 -1.035009 0.3169059
v -1.121176 -0.9817138 0.3102248
v -1.132832 -0.9926566 0.2894996
v -1.187027 -0.9748104 0.3107769
v -1.186823 -0.9899614 0.2900546
v -1.240086 -1.015002 0.3102241
v -1.229144 -1.026657 0.2894996
v -1.244586 -1.079409 0.3050066
v -1.233147 -1.076344 0.2899176
v -1.19912 -1.131035 0.4056689
v -1.14292 -1.1229 0.3942741
v -1.084666 -1.095312 0.4179848
v -1.118141 -0.9907752 0.4056689
v -1.092673 -1.038704 0.3986042
v -1.178286 -0.9909102 0.3942742
v -1.236124 -1.007868 0.4179851
v -1.244872 -1.079485 0.4115537
v -1.289627 -1.060921 0.4376756
v -1.247541 -1.020928 0.3890612
v -1.275691 -0.9949799 0.445268
v -1.251271 -1.060895 0.399366
v -1.269362 -1.120993 0.4318473
v -1.237617 -1.097806 0.4023719
v -1.225603 -1.165052 0.4332739
v -1.210727 -1.129685 0.3984417
v -1.219813 -0.98496 0.3716071
v -1.228778 -0.9463525 0.4491453
v -1.172224 -0.9687452 0.3499605
v -1.164207 -0.9285808 0.4515659
v -1.165084 -1.184905 0.4414025
v -1.167457 -1.152154 0.3875683
v -1.100829 -1.170466 0.450959
v -1.116188 -1.151917 0.3699214
v -1.052329 -1.123384 0.4566598
v -1.072127 -1.123358 0.3481411
v -1.034511 -1.057954 0.4579722
v -1.041555 -1.066823 0.339646
v -1.051973 -0.9928416 0.4565752
v -1.053617 -1.001954 0.3481752
v -1.099531 -0.9455781 0.4540927
v -1.118804 -0.9781139 0.3316255
v -1.224783 -0.9436151 0.4690455
v -1.159539 -0.928517 0.4690453
v -1.095487 -0.9480632 0.4690453
v -1.04979 -0.9970171 0.4690453
v -1.103192 -1.17201 0.4690453
v -1.168435 -1.187108 0.4690453
v -1.034692 -1.062261 0.4690453
v -1.054238 -1.126311 0.4690453
v -1.232488 -1.167562 0.4690454
v -1.278185 -1.118607 0.4690455
v -1.293283 -1.053365 0.4690454
v -1.273737 -0.9893128 0.4690454
v -0.6577315 -0.9441942 0.3836701
v -0.5525414 -0.8797462 0.3984728
v -0.6625094 -0.8989202 0.3935165
v -0.542784 -0.9176525 0.3901758
v -0.5345023 -0.9593627 0.4027544
v -0.6718239 -0.9788501 0.4077141
v -0.6554257 -1.009125 0.4265306
v -0.5310126 -0.9898493 0.4347754
v -0.5328265 -1.000761 0.4732299
v -0.6639908 -1.015529 0.4663867
v -0.5397438 -0.9916698 0.5160412
v -0.6705274 -1.004915 0.5007041
v -0.5500483 -0.9626917 0.5479355
v -0.6602821 -0.9792618 0.5382675
v -0.5609789 -0.9215977 0.5603686
v -0.6817806 -0.941551 0.5387031
v -0.5702762 -0.875552 0.547865
v -0.6988506 -0.917659 0.5138923
v -0.693252 -0.8821706 0.49762
v -0.5737658 -0.8450657 0.5158429
v -0.5719507 -0.8341542 0.4773882
v -0.6947061 -0.8784528 0.4563761
v -0.5641608 -0.8452605 0.430706
v -0.6936603 -0.8955034 0.4280672
v -0.5178493 -0.8889495 0.5717279
v -0.4945556 -0.8980798 0.5225632
v -0.5170237 -0.8889495 0.5508779
v -0.4644434 -0.8760409 0.5526755
v -0.5681162 -0.8889495 0.5701251
v -0.5569771 -0.8889495 0.5524809
v -0.6108471 -0.8889495 0.5436034
v -0.592378 -0.8889494 0.5338928
v -0.6345923 -0.8889495 0.4992695
v -0.6137422 -0.8889495 0.5000951
v -0.6329895 -0.8889495 0.4490026
v -0.6153453 -0.8889495 0.4601417
v -0.6064678 -0.8889495 0.4062719
v -0.5967571 -0.8889494 0.4247408
v -0.5621339 -0.8889495 0.3825266
v -0.5629596 -0.8889495 0.4033766
v -0.5118671 -0.8889495 0.3841295
v -0.5230061 -0.8889495 0.4017738
v -0.4691361 -0.8889495 0.4106511
v -0.4876052 -0.8889494 0.4203617
v -0.4453909 -0.8889495 0.4549848
v -0.466241 -0.8889495 0.4541593
v -0.4586776 -0.8980798 0.498915
v -0.4560381 -0.8760409 0.4996231
v -0.4982777 -1.017181 0.518841
v -0.5183876 -1.00805 0.5457934
v -0.5556139 -1.00805 0.547396
v -0.5886546 -1.00805 0.530171
v -0.6086572 -1.00805 0.4987321
v -0.6102604 -1.00805 0.4615051
v -0.5930353 -1.00805 0.4284633
v -0.5615956 -1.00805 0.408461
v -0.5243697 -1.00805 0.4068583
v -0.4913278 -1.008051 0.4240837
v -0.4713256 -1.00805 0.4555232
v -0.4611228 -0.9951417 0.4982591
v -0.4415344 -0.8051583 0.5035086
v -0.4769782 -0.7953871 0.4104137
v -0.4352779 -0.8195699 0.4447143
v -0.5137227 -0.7953871 0.5650553
v -0.4644434 -0.8128378 0.5526754
v -0.564795 -0.7926062 0.3932033
v -0.5157052 -0.8195699 0.3702361
v -0.5632328 -0.8074979 0.5780274
v -0.6064678 -0.7999291 0.5479828
v -0.6108472 -0.7999291 0.4106512
v -0.6389942 -0.8074979 0.5074496
v -0.6468828 -0.8195699 0.4528409
v -0.4644434 -0.7772619 0.5526755
v -0.4367909 -0.7772619 0.5047796
v -0.4453909 -0.7901706 0.4549848
v -0.5187772 -0.7947126 0.5664096
v -0.4691361 -0.7901706 0.410651
v -0.5604733 -0.7974935 0.3920454
v -0.5075788 -0.7705297 0.3724136
v -0.570314 -0.7826018 0.5761299
v -0.6108471 -0.7901706 0.5436034
v -0.6064678 -0.7901706 0.4062718
v -0.6408916 -0.7826018 0.5003685
v -0.6447054 -0.7705297 0.4447143
v -0.4735154 -0.7011502 0.4062718
v -0.4367909 -0.7140589 0.5047798
v -0.4766999 -0.6950059 0.5404189
v -0.4352779 -0.720791 0.4447143
v -0.5178494 -0.7011502 0.3825265
v -0.511867 -0.7011502 0.570125
v -0.5681162 -0.7011502 0.3841295
v -0.5621338 -0.7011502 0.5717281
v -0.6108472 -0.7011502 0.4106511
v -0.6064678 -0.7011502 0.5479829
v -0.6408917 -0.7087189 0.453886
v -0.6447053 -0.720791 0.5095401
v -1.251271 -1.060895 0.399366
v -1.210727 -1.129685 0.3984417
v -1.247541 -1.020928 0.3890612
v -1.237617 -1.097806 0.4023719
v -1.167457 -1.152154 0.3875683
v -1.219813 -0.98496 0.3716071
v -1.116188 -1.151917 0.3699214
v -1.172224 -0.9687452 0.3499605
v -1.072127 -1.123358 0.3481411
v -1.118804 -0.9781139 0.3316255
v -1.041555 -1.066823 0.339646
v -1.053617 -1.001954 0.3481752
v -1.023667 -1.023197 0.3394219
v -0.6415684 -0.9021013 0.391629
v -1.034167 -0.9836416 0.3514807
v -0.631311 -0.942808 0.3840215
v -1.01548 -1.063885 0.3492955
v -0.6238883 -0.9823273 0.3982824
v -1.011798 -1.09481 0.3784573
v -0.6212903 -1.01007 0.4305932
v -1.013609 -1.10768 0.4190928
v -0.624212 -1.0186 0.4722919
v -1.020426 -1.09905 0.4603152
v -0.631872 -1.005634 0.512211
v -1.030426 -1.071229 0.491079
v -0.6422166 -0.9746441 0.5396502
v -1.040926 -1.031676 0.5031379
v -0.6524745 -0.9339352 0.547259
v -1.049114 -0.9909844 0.493264
v -0.6598959 -0.8944168 0.532997
v -1.052796 -0.9600617 0.4641036
v -0.6624939 -0.8666757 0.5006889
v -1.050984 -0.9471896 0.4234662
v -0.6595722 -0.8581439 0.4589876
v -1.044166 -0.9558209 0.3822432
v -0.6519132 -0.8711113 0.4190681
v -1.149313 -1.131705 0.2587509
v -1.20421 -1.129429 0.304724
v -1.136337 -1.137609 0.3235525
v -1.207245 -1.120368 0.258169
v -1.101434 -1.10107 0.2581691
v -1.086351 -1.09381 0.3235526
v -1.087935 -1.037433 0.2640537
v -1.082268 -1.035915 0.3235525
v -1.114751 -0.9878176 0.3235526
v -1.131443 -0.9890721 0.2581691
v -1.179941 -0.9748796 0.3235526
v -1.188226 -0.9864809 0.2587507
v -1.233983 -1.008574 0.3235525
v -1.232728 -1.025266 0.2581691
v -1.245709 -1.079709 0.3235527
v -1.230474 -1.075626 0.2511042
v -1.101434 -1.10107 0.2581691
v -1.087935 -1.037433 0.2640537
v -1.163989 -1.057812 0.2375526
v -1.149313 -1.131705 0.2587509
v -1.207245 -1.120368 0.258169
v -1.230474 -1.075626 0.2511042
v -1.232728 -1.025266 0.2581691
v -1.131443 -0.9890721 0.2581691
v -1.188226 -0.9864809 0.2587507

vn -0.1660906 -0.9526466 -0.2547137
vn -0.2113755 -0.5067328 0.8357889
vn -0.1313089 -0.5326036 0.8361173
vn -0.2905041 -0.7731839 -0.5637326
vn -0.4486282 -0.3753067 0.811097
vn -0.5259742 -0.5987156 -0.6040624
vn -0.8428737 -0.1791108 0.5074281
vn -0.5521464 -0.2151158 -0.8055185
vn -0.9013413 -2.332548E-07 -0.4331096
vn -1 -2.965811E-08 1.499245E-12
vn -0.8428737 -0.1791108 0.5074281
vn 0.5920068 0.6939639 0.409808
vn 0.5160719 0.598 0.6132424
vn 0.499801 0.3824314 -0.7771395
vn 0.329068 0.2603483 -0.907708
vn -0.5521464 -0.2151158 -0.8055185
vn -0.9013413 -2.332548E-07 -0.4331096
vn -0.5259742 -0.5987156 -0.6040624
vn 0.5011262 0.3252 -0.8019465
vn -0.4486282 -0.3753067 0.811097
vn 0.412571 0.6988623 0.5842749
vn -0.2905041 -0.7731839 -0.5637326
vn 0.3196297 0.4699441 -0.8227941
vn -0.2113755 -0.5067328 0.8357889
vn 0.2021513 0.5761666 0.7919392
vn -0.1660906 -0.9526466 -0.2547137
vn -0.1313089 -0.5326036 0.8361173
vn 0.459701 -0.2298516 0.8578133
vn 0.4596998 -0.6279587 0.6279685
vn 0.9004791 -0.3075179 0.3075228
vn 0.9004797 -0.1125605 0.4200793
vn 0.7178732 0.1196425 0.6858163
vn 0.7178732 0.2392846 0.6537594
vn 0.7178738 0.446515 0.534118
vn 0.7178738 0.5341029 0.4465331
vn 0.7178746 0.6537526 0.239299
vn 0.7178746 0.6858137 0.1196493
vn 0.7178746 0.6858136 -0.11965
vn 0.7178746 0.6537523 -0.2392996
vn 0.7178723 0.5341086 -0.4465285
vn 0.7178723 0.446528 -0.534109
vn 0.7178746 0.239299 -0.6537526
vn 0.7178746 0.1196493 -0.6858137
vn 0.7178755 -0.1196543 -0.685812
vn 0.7178754 -0.2393082 -0.6537483
vn 0.7178715 -0.4465363 -0.5341032
vn 0.7178715 -0.5341126 -0.4465251
vn 0.7178746 -0.6537525 -0.239299
vn 0.7178746 -0.6858137 -0.1196493
vn 0.7178746 -0.6858135 0.11965
vn 0.7178746 -0.6537523 0.2392996
vn 0.7178745 -0.6858137 0.1196497
vn 0.4596992 -0.6279636 0.6279642
vn 0.7178745 -0.6537526 0.239299
vn 0.7178745 -0.6858138 -0.119649
vn 0.7178745 -0.6537527 -0.2392984
vn 0.7178724 -0.5341091 -0.4465277
vn 0.7178724 -0.4465282 -0.5341087
vn 0.7178745 -0.239299 -0.6537526
vn 0.7178745 -0.1196496 -0.6858137
vn 0.7178745 0.119649 -0.6858138
vn 0.7178745 0.2392984 -0.6537528
vn 0.7178724 0.4465277 -0.5341091
vn 0.7178724 0.5341087 -0.4465282
vn 0.7178745 0.6537526 -0.239299
vn 0.7178745 0.6858137 -0.1196497
vn 0.7178745 0.6858138 0.119649
vn 0.7178745 0.6537528 0.2392984
vn 0.7178724 0.5341091 0.4465277
vn 0.7178724 0.4465282 0.5341087
vn 0.7178745 0.239299 0.6537526
vn 0.7178745 0.1196497 0.6858137
vn 0.4597017 -0.2298573 0.8578115
vn 0.90048 -0.1125631 0.4200779
vn 0.9004788 -0.3075206 0.3075209
vn -0.08535212 0.8665026 0.4918221
vn 0.2570533 0.8405884 0.4767969
vn 0.4242491 0.7879428 0.4462727
vn -0.2605613 0.8397753 0.4763255
vn 0.7058073 0.6173837 0.3473816
vn 0.8201573 0.4994878 0.2790236
vn 0.9654115 0.2300137 0.1227781
vn 0.9963086 0.07843394 0.03488953
vn 0.9663553 -0.2177787 -0.1368573
vn 0.9055113 -0.3624029 -0.2207113
vn 0.7083695 -0.6059802 -0.3619408
vn 0.5720537 -0.7049326 -0.419315
vn 0.2605314 -0.8305944 -0.492176
vn 0.08533896 -0.8573151 -0.5076699
vn -0.2570586 -0.8313988 -0.4926435
vn -0.4242563 -0.7787519 -0.4621177
vn -0.7058138 -0.6081905 -0.3632237
vn -0.8201699 -0.4902844 -0.2948605
vn -0.965417 -0.2208076 -0.1386147
vn -0.9963086 -0.06924483 -0.05073738
vn -0.9663554 0.2269663 0.12101
vn -0.9055061 0.3716003 0.2048708
vn -0.7083598 0.6151761 0.3460999
vn -0.5720714 0.7141097 0.4034626
vn 0.4596995 -0.2298388 0.8578176
vn 0.2487557 -0.6848798 0.6848804
vn 0.9004808 -0.3075177 0.307518
vn 0.4944395 -0.2249578 0.8395975
vn 0.3752546 0.2276429 0.898534
vn 0.7178727 0.2392803 0.6537614
vn 0.375259 0.6464164 0.6643245
vn 0.717876 0.5341132 0.446517
vn 0.3752538 0.8919816 0.2520994
vn 0.7178727 0.6858174 0.1196396
vn 0.3752545 0.898534 -0.2276429
vn 0.7178727 0.6537614 -0.2392802
vn 0.375259 0.6643245 -0.6464164
vn 0.717876 0.4465171 -0.5341132
vn 0.3752538 0.2520994 -0.8919815
vn 0.7178727 0.1196397 -0.6858174
vn 0.3752498 -0.227658 -0.8985321
vn 0.7178746 -0.2392995 -0.6537523
vn 0.3752455 -0.6464302 -0.6643188
vn 0.7178731 -0.5341141 -0.4465205
vn 0.3752544 -0.8919778 -0.2521116
vn 0.7178738 -0.6858153 -0.1196452
vn 0.3752546 -0.8985339 0.2276429
vn 0.7178727 -0.6537614 0.2392802
vn -0.4597008 -0.2298497 0.857814
vn 0.4597009 -0.6279629 0.6279635
vn -0.8407601 -0.3828331 0.3828335
vn 0.4597008 -0.2298497 0.857814
vn 0.7178738 0.1196458 0.6858152
vn -0.3250575 0.3250576 0.8880742
vn 0.7178739 0.4465238 0.5341104
vn -0.7178739 0.5341107 0.4465233
vn 0.3250575 0.8880745 0.3250567
vn -0.7178738 0.6858153 0.1196452
vn 0.8643316 0.4954395 -0.08643329
vn -0.7178738 0.6537563 -0.2392913
vn 0.7178739 0.5341104 -0.4465238
vn -0.7178739 0.4465233 -0.5341108
vn 0.3250575 0.3250567 -0.8880745
vn -0.5664994 0.1416243 -0.8118014
vn 0.5664994 -0.141625 -0.8118013
vn -0.3250575 -0.3250576 -0.8880742
vn 0.7178739 -0.4465238 -0.5341104
vn -0.7178739 -0.5341108 -0.4465233
vn 0.5664994 -0.7738533 -0.283249
vn -0.7178738 -0.6858153 -0.1196452
vn 0.8087147 -0.5794494 0.1010895
vn -0.7178738 -0.6537563 0.2392913
vn 0.4944395 -0.2249578 0.8395975
vn 0.7944857 -0.4294137 0.4294141
vn 0.2487557 -0.6848798 0.6848804
vn 0.950819 -0.08016539 0.2991937
vn 0.8176097 0.09895016 0.5672068
vn 0.3752546 0.2276429 0.898534
vn 0.9204986 0.2506206 0.299786
vn 0.375259 0.6464164 0.6643245
vn 0.9204973 0.3669433 0.1343037
vn 0.3752538 0.8919816 0.2520994
vn 0.8836835 0.4611211 -0.08044329
vn 0.3752545 0.898534 -0.2276429
vn 0.9426299 0.2561267 -0.2141214
vn 0.375259 0.6643245 -0.6464164
vn 0.8176107 0.1978975 -0.5406937
vn 0.3752538 0.2520994 -0.8919815
vn 0.8836835 -0.08044327 -0.461121
vn 0.3752498 -0.227658 -0.8985321
vn 0.8836794 -0.3002358 -0.359123
vn 0.3752455 -0.6464302 -0.6643188
vn 0.9426278 -0.3135055 -0.1147488
vn 0.3752544 -0.8919778 -0.2521116
vn 0.9426287 -0.3288764 0.05737302
vn 0.3752546 -0.8985339 0.2276429
vn -0.6132904 -0.2044296 0.7629442
vn 0.4597009 -0.6279629 0.6279635
vn -0.4597009 -0.6279629 0.6279635
vn 0.9004796 -0.1125596 0.4200798
vn 0.7178738 0.1196458 0.6858152
vn -0.3250575 0.3250576 0.8880742
vn 0.7178739 0.4465238 0.5341104
vn -0.8087148 0.4512735 0.3772703
vn 0.7178738 0.6537565 0.2392907
vn -0.3250576 0.9316238 0.1625281
vn 0.7178738 0.6858152 -0.1196458
vn -0.8643316 0.4722798 -0.1728663
vn 0.7178739 0.5341104 -0.4465238
vn -0.7178739 0.4465233 -0.5341108
vn 0.7178738 0.2392907 -0.6537565
vn -0.3250576 0.1625281 -0.9316238
vn 0.7178738 -0.1196458 -0.6858152
vn -0.5664994 -0.2832497 -0.773853
vn 0.7178739 -0.4465238 -0.5341104
vn -0.7178739 -0.5341108 -0.4465233
vn 0.7178738 -0.6537564 -0.2392907
vn -0.5664994 -0.8118014 -0.1416243
vn 0.7178738 -0.6858152 0.1196458
vn -0.8087147 -0.5523627 0.2021787
vn -0.3969089 0.1308007 0.9084905
vn -0.173653 0.8476663 0.5013055
vn -0.1201477 0.2270031 0.9664548
vn -0.7083688 0.6075502 0.3593003
vn -0.6292912 -0.1058301 0.7699305
vn -0.9663932 0.2212702 0.1308574
vn -0.6938785 -0.4115514 0.5908962
vn -0.9654477 -0.2243076 -0.1326537
vn -0.5723555 -0.7047653 0.4191844
vn -0.7058264 -0.6097386 -0.3605944
vn -0.4021539 -0.9023352 -0.1551253
vn -0.2570578 -0.8318203 -0.4919317
vn 0.07060343 -0.9948797 0.07232016
vn 0.2605509 -0.8310134 -0.4914577
vn 0.3996266 -0.854673 0.3314109
vn 0.7083701 -0.6075469 -0.3593034
vn 0.6315266 -0.6155792 0.4714201
vn 0.9663924 -0.2212728 -0.1308589
vn 0.6933852 -0.3089898 0.6509551
vn 0.9654527 0.2242912 0.1326448
vn 0.5696368 -0.01741488 0.8217123
vn 0.7058186 0.6097429 0.3606023
vn 0.3304883 0.6560324 0.6785277
vn 0.3420057 0.8088359 0.4783484
vn -0.2156726 0.4095435 0.886431
vn -0.4001381 0.1375384 0.9060757
vn -0.4954633 0.06834719 0.865936
vn -0.07064242 0.4316944 0.89925
vn -0.6333327 -0.1020291 0.7671246
vn -0.6758736 -0.2031744 0.70846
vn -0.696794 -0.4103293 0.5883098
vn -0.6751734 -0.5163206 0.5268342
vn -0.5735673 -0.7047439 0.4175608
vn -0.4935601 -0.7872182 0.3697113
vn -0.4022957 -0.9020716 -0.156287
vn -0.2437526 -0.9519816 -0.1852468
vn 0.07060596 -0.9949054 0.07196303
vn 0.2155924 -0.9727982 0.08476082
vn 0.400047 -0.8548278 0.3305031
vn 0.495366 -0.785654 0.3706224
vn 0.6332502 -0.6153571 0.4693934
vn 0.6758195 -0.5142292 0.5280499
vn 0.696808 -0.3070768 0.6481995
vn 0.6752142 -0.2010463 0.7096947
vn 0.5736342 -0.01254089 0.8190159
vn 0.493668 0.06988315 0.8668384
vn 0.4023517 0.5837376 0.7052404
vn 0.2437986 0.6336474 0.7342029
vn -0.3258498 0.7431296 -0.5844492
vn -0.8370858 0.5231894 -0.1598768
vn -0.4051685 0.9142315 -0.004448396
vn -0.2607422 0.3782423 -0.8882267
vn -0.3803277 0.1637786 -0.9102352
vn -0.9646209 -0.05805369 -0.2571697
vn -0.638246 -0.3608464 -0.6800238
vn -0.8399811 -0.4705155 -0.2702719
vn -0.486569 -0.8455456 -0.219781
vn -0.07420531 -0.3574851 -0.9309665
vn -0.01092616 -0.8976721 -0.4405293
vn 0.08348701 -0.9926319 -0.08782159
vn 0.466107 -0.6931587 -0.5497963
vn 0.5546001 -0.8304572 0.05253527
vn 0.655721 -0.2582085 -0.7094777
vn 0.8770367 -0.4459136 0.1787954
vn 0.933731 -0.0309755 -0.3566329
vn 0.9646206 0.05804119 0.2571738
vn 0.8079253 0.4480814 -0.3827273
vn 0.8399658 0.4705357 0.270285
vn 0.4865623 0.8455474 0.2197892
vn 0.4531009 0.5583178 -0.6949686
vn 0.05880762 0.9890881 -0.1350822
vn 0.002704338 0.9938869 0.1103734
vn 0.7351277 0.6699206 0.1038941
vn 0.7923657 0.3765555 -0.4799614
vn 0.9029759 0.3654772 0.2259672
vn 0.8118474 0.376571 -0.4462044
vn 0.4587797 0.6810349 0.570713
vn 0.4799714 0.3765566 0.7923592
vn -0.1915165 0.6726502 0.7147474
vn -0.2510667 0.2429357 0.9369891
vn -0.8118392 0.376556 0.446232
vn -0.6826416 0.6810602 0.2648731
vn -0.8949677 0.3655147 -0.2557966
vn -0.6885476 0.669962 -0.277585
vn -0.4462185 0.3765674 -0.8118415
vn -0.2648732 0.6810596 -0.6826425
vn 0.2269226 0.4809196 -0.8468903
vn 0.1915044 0.6726969 -0.7147066
vn 0.7543171 0.5876704 -0.2926596
vn 0.5366967 0.8155647 0.2163595
vn 0.3399896 0.3413519 0.8762914
vn -0.6306092 0.5876702 0.5069281
vn -0.1771762 0.7289644 0.6612262
vn -0.5729702 0.815567 -0.0809687
vn -0.5888879 0.3413476 -0.7325936
vn 0.2284522 0.4699768 -0.8526031
vn 0.06217152 0.3799586 -0.9229122
vn 0.01955424 0.7776052 -0.6284492
vn -0.4617169 0.2281088 -0.8571957
vn 0.201263 0.8375081 -0.5080099
vn 0.4686866 0.4965223 -0.7306156
vn 0.2893132 0.8552297 -0.4299777
vn 0.7679132 0.4679914 -0.4373713
vn 0.4183249 0.8027161 -0.4250316
vn -0.2802744 0.743848 -0.6067429
vn -0.8523247 0.1505633 -0.5008727
vn -0.4955106 0.7796618 -0.3828802
vn -0.9947595 0.1021484 -0.004380632
vn 0.9519657 0.3054192 -0.02191616
vn 0.6370449 0.7151826 -0.2875553
vn 0.8761809 0.1142878 0.4682365
vn 0.7413907 0.6710005 0.009928689
vn 0.516501 0.0002739795 0.8562869
vn 0.5897406 0.7237687 0.3582811
vn 0.002832029 -0.02597531 0.9996589
vn 0.07666235 0.6276933 0.7746772
vn -0.504482 0.001962955 0.8634203
vn -0.5705338 0.3792464 0.7284666
vn -0.8678131 0.05161401 0.4942028
vn -0.5387776 0.8413809 -0.04239502
vn -0.9070737 -2.27637E-07 -0.4209718
vn -0.9960352 1.287933E-08 0.08896091
vn -0.8181114 2.499462E-07 0.5750599
vn -0.4209712 4.200414E-07 0.9070743
vn 0.9070718 2.276391E-07 0.4209762
vn 0.9960352 -1.287921E-08 -0.08896066
vn 0.08896479 4.775849E-07 0.9960352
vn 0.5750521 4.071634E-07 0.8181171
vn 0.8181043 -2.499512E-07 -0.5750699
vn 0.4209705 -4.200415E-07 -0.9070746
vn -0.08895914 -4.77585E-07 -0.9960356
vn -0.57506 -4.071611E-07 -0.8181116
vn 0.1061283 0.9311854 -0.3487568
vn -0.4065926 0.913609 0.001304675
vn -0.4517132 0.8193596 -0.3529952
vn 0.003894961 0.994451 0.1051323
vn 0.4904793 0.8475356 0.2027658
vn 0.4516265 0.5549625 -0.6986061
vn 0.8026555 0.4450151 -0.3971223
vn 0.8457119 0.4735146 0.2460802
vn 0.9708095 0.06116375 0.2319229
vn 0.8375745 0.004632096 -0.5463037
vn 0.8821223 -0.4435821 0.158415
vn 0.7184523 -0.3302157 -0.6121962
vn 0.5570594 -0.8293865 0.04246657
vn 0.4598608 -0.829424 -0.3171504
vn 0.08279939 -0.9929481 -0.08484682
vn 0.05326505 -0.7530367 -0.6558195
vn -0.4904761 -0.8475359 -0.2027725
vn -0.07693527 -0.3614821 -0.9291998
vn -0.5322235 -0.3024172 -0.7907481
vn -0.8457233 -0.4734921 -0.2460845
vn -0.9708107 -0.0611407 -0.2319236
vn -0.5134408 0.1657233 -0.8419707
vn -0.8418257 0.521023 -0.140942
vn -0.2655668 0.3803989 -0.8858733
vn 0.7178738 -0.6858152 0.1196458
vn 0.9004788 -0.3075206 0.3075209
vn 0.7178745 -0.6537526 0.239299
vn 0.4597009 -0.6279629 0.6279635
vn 0.7178738 -0.6537564 -0.2392907
vn 0.7178745 -0.6858138 -0.119649
vn 0.7178739 -0.4465238 -0.5341104
vn 0.7178724 -0.5341091 -0.4465277
vn 0.7178738 -0.1196458 -0.6858152
vn 0.7178745 -0.239299 -0.6537526
vn 0.7178738 0.2392907 -0.6537565
vn 0.7178745 0.119649 -0.6858138
vn 0.7178739 0.5341104 -0.4465238
vn 0.7178724 0.4465277 -0.5341091
vn 0.7178738 0.6858152 -0.1196458
vn 0.7178745 0.6537526 -0.239299
vn 0.7178738 0.6537565 0.2392907
vn 0.7178745 0.6858138 0.119649
vn 0.7178739 0.4465238 0.5341104
vn 0.7178724 0.5341091 0.4465277
vn 0.7178738 0.1196458 0.6858152
vn 0.7178745 0.239299 0.6537526
vn 0.9004796 -0.1125596 0.4200798
vn 0.4597017 -0.2298573 0.8578115
vn 0.9004808 -0.3075177 0.307518
vn 0.7178727 -0.6537614 0.2392802
vn 0.7178738 -0.6858153 -0.1196452
vn 0.7178731 -0.5341141 -0.4465205
vn 0.7178746 -0.2392995 -0.6537523
vn 0.7178727 0.1196397 -0.6858174
vn 0.717876 0.4465171 -0.5341132
vn 0.7178727 0.6537614 -0.2392802
vn 0.7178727 0.6858174 0.1196396
vn 0.717876 0.5341132 0.446517
vn 0.7178727 0.2392803 0.6537614
vn 0.4596995 -0.2298388 0.8578176
vn -0.6132904 -0.2044296 0.7629442
vn -0.8087148 0.4512735 0.3772703
vn -0.3250575 0.3250576 0.8880742
vn -0.8087147 -0.5523627 0.2021787
vn -0.4597009 -0.6279629 0.6279635
vn -0.8643316 0.4722798 -0.1728663
vn -0.3250576 0.9316238 0.1625281
vn -0.5664994 -0.8118014 -0.1416243
vn -0.7178739 -0.5341108 -0.4465233
vn -0.7178739 0.4465233 -0.5341108
vn -0.5664994 -0.2832497 -0.773853
vn -0.3250576 0.1625281 -0.9316238
vn 0.4597009 -0.6279629 0.6279635
vn 0.4597008 -0.2298497 0.857814
vn 0.7178738 0.1196458 0.6858152
vn 0.8087147 -0.5794494 0.1010895
vn 0.7178739 0.4465238 0.5341104
vn 0.8643316 0.4954395 -0.08643329
vn 0.3250575 0.8880745 0.3250567
vn 0.5664994 -0.7738533 -0.283249
vn 0.7178739 -0.4465238 -0.5341104
vn 0.7178739 0.5341104 -0.4465238
vn 0.5664994 -0.141625 -0.8118013
vn 0.3250575 0.3250567 -0.8880745
vn -0.7178739 0.5341107 0.4465233
vn -0.4597008 -0.2298497 0.857814
vn -0.8407601 -0.3828331 0.3828335
vn -0.3250575 0.3250576 0.8880742
vn -0.7178738 0.6858153 0.1196452
vn -0.7178738 -0.6537563 0.2392913
vn -0.7178738 0.6537563 -0.2392913
vn -0.7178738 -0.6858153 -0.1196452
vn -0.7178739 0.4465233 -0.5341108
vn -0.7178739 -0.5341108 -0.4465233
vn -0.5664994 0.1416243 -0.8118014
vn -0.3250575 -0.3250576 -0.8880742
vn 0.201263 0.8375081 -0.5080099
vn 0.4183249 0.8027161 -0.4250316
vn 0.01955424 0.7776052 -0.6284492
vn 0.2893132 0.8552297 -0.4299777
vn 0.6370449 0.7151826 -0.2875553
vn -0.2802744 0.743848 -0.6067429
vn 0.7413907 0.6710005 0.009928689
vn -0.4955106 0.7796618 -0.3828802
vn 0.5897406 0.7237687 0.3582811
vn -0.5387776 0.8413809 -0.04239502
vn 0.07666235 0.6276933 0.7746772
vn -0.5705338 0.3792464 0.7284666
vn -0.08477835 0.9920151 0.0933776
vn -0.4087488 0.9125875 0.01044487
vn -0.5592032 0.8283558 -0.03344899
vn 0.08872434 0.9872159 0.1324134
vn 0.4123307 0.8898818 0.1951782
vn 0.5624331 0.7973391 0.2189061
vn 0.7989967 0.5493008 0.2446902
vn 0.8854591 0.3938001 0.2467462
vn 0.971564 0.06155181 0.2286367
vn 0.9712181 -0.1152153 0.2084726
vn 0.8838109 -0.4426962 0.1513222
vn 0.7967355 -0.5934146 0.1143326
vn 0.5592069 -0.8283533 0.03345014
vn 0.4087662 -0.9125797 -0.01044087
vn 0.0848022 -0.9920135 -0.09337365
vn -0.08873248 -0.9872147 -0.1324169
vn -0.4123464 -0.8898736 -0.195182
vn -0.5624393 -0.7973346 -0.2189068
vn -0.7989814 -0.5493237 -0.2446886
vn -0.8854423 -0.3938382 -0.2467461
vn -0.9715636 -0.06155667 -0.2286373
vn -0.9712167 0.1152312 -0.2084708
vn -0.8837968 0.4427267 -0.1513157
vn -0.7967304 0.5934218 -0.1143307
vn 0.8093811 0.5760347 0.1143965
vn 0.8118474 0.376571 -0.4462044
vn 0.9274666 2.057992E-07 0.3739062
vn 0.6306236 0.587671 -0.5069094
vn 0.5069202 0.5876698 0.6306161
vn 0.3617274 4.552758E-07 0.9322843
vn -0.2284519 0.4699764 0.8526034
vn -0.2588164 4.529137E-07 0.9659269
vn -0.7794034 2.756335E-07 0.6265227
vn -0.7543121 0.5876695 0.2926741
vn -0.9901621 -9.60877E-08 -0.1399249
vn -0.7581367 0.5760365 -0.3056322
vn -0.6265226 -3.902299E-07 -0.7794034
vn -0.2926742 0.5876691 -0.7543126
vn 0.2588208 -4.52913E-07 -0.9659258
vn 0.1771755 0.7289668 -0.6612238
vn 0.5069202 0.5876698 0.6306161
vn -0.2284519 0.4699764 0.8526034
vn -2.965811E-08 1 -4.768372E-07
vn 0.8093811 0.5760347 0.1143965
vn 0.6306236 0.587671 -0.5069094
vn 0.1771755 0.7289668 -0.6612238
vn -0.2926742 0.5876691 -0.7543126
vn -0.7543121 0.5876695 0.2926741
vn -0.7581367 0.5760365 -0.3056322

vt 0.854826 0.482228
vt 0.831599 0.485422
vt 0.831594 0.482269
vt 0.854831 0.485381
vt 0.831614 0.494995
vt 0.854846 0.494954
vt 0.831684 0.540176
vt 0.854916 0.540134
vt 0.854919 0.55114
vt 0.831687 0.551181
vt 0.78124 0.743179
vt 0.794579 0.75317
vt 0.8036 0.748517
vt 0.8036 0.743807
vt 0.796288 0.754053
vt 0.78124 0.738469
vt 0.78124 0.748715
vt 0.807461 0.698208
vt 0.823653 0.715426
vt 0.807461 0.702919
vt 0.823653 0.720137
vt 0.821823 0.689678
vt 0.836892 0.708864
vt 0.821823 0.694388
vt 0.836892 0.713574
vt 0.837022 0.686868
vt 0.837022 0.691578
vt 0.549683 0.159388
vt 0.551063 0.157827
vt 0.550126 0.157596
vt 0.55062 0.159619
vt 0.55062 0.159619
vt 0.549683 0.159388
vt 0.551063 0.157827
vt 0.550126 0.157596
vt 0.551831 0.154724
vt 0.550894 0.154492
vt 0.552718 0.151139
vt 0.551781 0.150908
vt 0.553486 0.148036
vt 0.552549 0.147804
vt 0.55393 0.146244
vt 0.552993 0.146012
vt 0.55393 0.146244
vt 0.552993 0.146012
vt 0.553486 0.148036
vt 0.552549 0.147804
vt 0.552718 0.151139
vt 0.551781 0.150908
vt 0.551831 0.154724
vt 0.550894 0.154492
vt 0.550944 0.154292
vt 0.550262 0.157049
vt 0.53465 0.15026
vt 0.535437 0.147076
vt 0.551732 0.151108
vt 0.53612 0.144319
vt 0.552414 0.148351
vt 0.536514 0.142727
vt 0.552808 0.146759
vt 0.536514 0.142727
vt 0.552808 0.146759
vt 0.53612 0.144319
vt 0.552414 0.148351
vt 0.535437 0.147076
vt 0.551732 0.151108
vt 0.53465 0.15026
vt 0.550944 0.154292
vt 0.533967 0.153017
vt 0.550262 0.157049
vt 0.533574 0.154609
vt 0.549868 0.158641
vt 0.533574 0.154609
vt 0.549868 0.158641
vt 0.533967 0.153017
vt 0.528165 0.073534
vt 0.443525 0.108442
vt 0.527962 0.073255
vt 0.443759 0.108682
vt 0.441986 0.106856
vt 0.526626 0.071418
vt 0.439554 0.104351
vt 0.524515 0.068514
vt 0.436881 0.101598
vt 0.522195 0.065323
vt 0.434683 0.099334
vt 0.520287 0.062699
vt 0.433549 0.098166
vt 0.519303 0.061345
vt 0.433783 0.098407
vt 0.519506 0.061624
vt 0.435322 0.099992
vt 0.520842 0.063462
vt 0.437754 0.102497
vt 0.522953 0.066365
vt 0.440427 0.10525
vt 0.525273 0.069556
vt 0.442625 0.107514
vt 0.527181 0.07218
vt 0.422803 0.116879
vt 0.419572 0.112832
vt 0.419572 0.112832
vt 0.422803 0.116879
vt 0.422803 0.121553
vt 0.422803 0.121553
vt 0.419572 0.125601
vt 0.419572 0.125601
vt 0.413976 0.127938
vt 0.413976 0.127938
vt 0.407513 0.127938
vt 0.407513 0.127938
vt 0.401917 0.125601
vt 0.401917 0.125601
vt 0.398686 0.121553
vt 0.398686 0.121553
vt 0.398686 0.116879
vt 0.398686 0.116879
vt 0.401917 0.112832
vt 0.401917 0.112832
vt 0.407513 0.110495
vt 0.407513 0.110495
vt 0.413976 0.110495
vt 0.413976 0.110495
vt 0.5161 0.15324
vt 0.519172 0.151519
vt 0.516679 0.150902
vt 0.518594 0.153857
vt 0.518594 0.153857
vt 0.5161 0.15324
vt 0.519172 0.151519
vt 0.516679 0.150902
vt 0.520174 0.14747
vt 0.517681 0.146853
vt 0.521331 0.142794
vt 0.518838 0.142177
vt 0.522333 0.138744
vt 0.51984 0.138127
vt 0.522912 0.136406
vt 0.520418 0.135789
vt 0.522912 0.136406
vt 0.520418 0.135789
vt 0.522333 0.138744
vt 0.51984 0.138127
vt 0.521331 0.142794
vt 0.518838 0.142177
vt 0.520174 0.14747
vt 0.517681 0.146853
vt 0.423175 0.114361
vt 0.41661 0.111644
vt 0.419397 0.109629
vt 0.419368 0.115099
vt 0.419368 0.119088
vt 0.423175 0.119825
vt 0.41661 0.122542
vt 0.419397 0.124558
vt 0.411834 0.124536
vt 0.412854 0.12729
vt 0.406319 0.124536
vt 0.405299 0.12729
vt 0.401542 0.122542
vt 0.398755 0.124558
vt 0.398785 0.119088
vt 0.394978 0.119825
vt 0.398785 0.115099
vt 0.394978 0.114361
vt 0.401542 0.111644
vt 0.398755 0.109629
vt 0.406319 0.10965
vt 0.405299 0.106897
vt 0.411834 0.10965
vt 0.412854 0.106897
vt 0.530391 0.156776
vt 0.533463 0.155055
vt 0.53097 0.154438
vt 0.532884 0.157393
vt 0.532884 0.157393
vt 0.530391 0.156776
vt 0.533463 0.155055
vt 0.53097 0.154438
vt 0.534465 0.151006
vt 0.531972 0.150389
vt 0.535622 0.14633
vt 0.533129 0.145713
vt 0.536624 0.14228
vt 0.534131 0.141663
vt 0.537203 0.139942
vt 0.534709 0.139326
vt 0.537203 0.139942
vt 0.534709 0.139326
vt 0.536624 0.14228
vt 0.534131 0.141663
vt 0.535622 0.14633
vt 0.533129 0.145713
vt 0.534465 0.151006
vt 0.531972 0.150389
vt 0.443294 0.108203
vt 0.416693 0.121976
vt 0.444619 0.109568
vt 0.415368 0.120612
vt 0.440726 0.105558
vt 0.4128 0.117966
vt 0.437602 0.102341
vt 0.409677 0.114749
vt 0.434761 0.099414
vt 0.406836 0.111822
vt 0.432963 0.097562
vt 0.405037 0.10997
vt 0.43269 0.09728
vt 0.404764 0.109688
vt 0.434015 0.098645
vt 0.406089 0.111053
vt 0.436583 0.10129
vt 0.408657 0.113699
vt 0.439706 0.104507
vt 0.41178 0.116916
vt 0.442547 0.107434
vt 0.414622 0.119843
vt 0.444346 0.109287
vt 0.41642 0.121695
vt 0.526803 0.074624
vt 0.579898 0.049124
vt 0.525721 0.073137
vt 0.58133 0.050598
vt 0.577124 0.046266
vt 0.523624 0.070253
vt 0.573749 0.04279
vt 0.521074 0.066746
vt 0.570679 0.039627
vt 0.518754 0.063555
vt 0.568736 0.037626
vt 0.517286 0.061536
vt 0.568441 0.037322
vt 0.517063 0.061229
vt 0.569873 0.038797
vt 0.518144 0.062717
vt 0.572647 0.041655
vt 0.520241 0.065601
vt 0.576022 0.045131
vt 0.522791 0.069108
vt 0.579092 0.048293
vt 0.525111 0.072298
vt 0.581034 0.050294
vt 0.52658 0.074317
vt 0.247376 0.137777
vt 0.220398 0.137305
vt 0.221979 0.139999
vt 0.245796 0.135083
vt 0.244627 0.131308
vt 0.21923 0.133531
vt 0.244184 0.127464
vt 0.218786 0.129687
vt 0.219187 0.126804
vt 0.244585 0.124581
vt 0.245722 0.123432
vt 0.220324 0.125654
vt 0.247291 0.124323
vt 0.221893 0.126546
vt 0.248871 0.127017
vt 0.223473 0.12924
vt 0.25004 0.130792
vt 0.224642 0.133014
vt 0.250483 0.134636
vt 0.225085 0.136858
vt 0.224684 0.139741
vt 0.250082 0.137519
vt 0.248945 0.138669
vt 0.223547 0.140891
vt 0.202648 0.155127
vt 0.193417 0.153794
vt 0.203054 0.153794
vt 0.194228 0.155127
vt 0.209564 0.155127
vt 0.210969 0.153794
vt 0.210316 0.155127
vt 0.21183 0.153794
vt 0.206266 0.153794
vt 0.205455 0.155127
vt 0.196629 0.153794
vt 0.197035 0.155127
vt 0.188714 0.153794
vt 0.190119 0.155127
vt 0.187853 0.153794
vt 0.189367 0.155127
vt 0.193417 0.128098
vt 0.203054 0.128098
vt 0.210969 0.128098
vt 0.206266 0.128098
vt 0.21183 0.128098
vt 0.196629 0.128098
vt 0.188714 0.128098
vt 0.187853 0.128098
vt 0.174929 0.122857
vt 0.183504 0.129822
vt 0.178267 0.122857
vt 0.180448 0.126598
vt 0.178267 0.122857
vt 0.183504 0.125654
vt 0.187385 0.122857
vt 0.191854 0.127244
vt 0.191854 0.134462
vt 0.187385 0.122857
vt 0.20326 0.139276
vt 0.199842 0.122857
vt 0.199842 0.122857
vt 0.20326 0.13094
vt 0.212298 0.122857
vt 0.214666 0.135754
vt 0.221417 0.122857
vt 0.223016 0.140394
vt 0.224754 0.122857
vt 0.226072 0.143618
vt 0.221417 0.122857
vt 0.223016 0.144562
vt 0.212298 0.122857
vt 0.214666 0.142972
vt 0.187385 0.119858
vt 0.199842 0.119858
vt 0.212298 0.119858
vt 0.221417 0.119858
vt 0.212298 0.119858
vt 0.199842 0.119858
vt 0.224754 0.119858
vt 0.221417 0.119858
vt 0.187385 0.119858
vt 0.178267 0.119858
vt 0.174929 0.119858
vt 0.178267 0.119858
vt 0.377167 0.126891
vt 0.406501 0.123419
vt 0.375621 0.126012
vt 0.408047 0.124297
vt 0.409167 0.123165
vt 0.378287 0.125758
vt 0.378681 0.122918
vt 0.409562 0.120324
vt 0.409125 0.116537
vt 0.378245 0.119131
vt 0.407974 0.112819
vt 0.377094 0.115412
vt 0.406417 0.110165
vt 0.375537 0.112758
vt 0.404871 0.109286
vt 0.373991 0.11188
vt 0.403751 0.110419
vt 0.372871 0.113012
vt 0.372476 0.115853
vt 0.403356 0.113259
vt 0.403793 0.117046
vt 0.372913 0.11964
vt 0.404944 0.120765
vt 0.374064 0.123358
vt 0.487671 0.127575
vt 0.48957 0.131708
vt 0.486966 0.130204
vt 0.491495 0.129783
vt 0.483255 0.127575
vt 0.48396 0.130204
vt 0.479431 0.129783
vt 0.481356 0.131708
vt 0.477223 0.133607
vt 0.479853 0.134312
vt 0.477223 0.138023
vt 0.479853 0.137318
vt 0.479431 0.141847
vt 0.481356 0.139922
vt 0.483255 0.144055
vt 0.48396 0.141425
vt 0.487671 0.144055
vt 0.486966 0.141425
vt 0.491495 0.141847
vt 0.48957 0.139922
vt 0.493703 0.138023
vt 0.491074 0.137318
vt 0.493703 0.133607
vt 0.491074 0.134312
vt 0.551332 0.156742
vt 0.55193 0.154326
vt 0.55262 0.151537
vt 0.553218 0.149121
vt 0.553563 0.147726
vt 0.553563 0.147726
vt 0.553218 0.149121
vt 0.55262 0.151537
vt 0.55193 0.154326
vt 0.551332 0.156742
vt 0.550987 0.158137
vt 0.550987 0.158137
vt 0.430959 0.115299
vt 0.425542 0.129919
vt 0.430959 0.123134
vt 0.416161 0.104597
vt 0.425542 0.108514
vt 0.405328 0.133836
vt 0.416161 0.133836
vt 0.405328 0.104597
vt 0.395947 0.108514
vt 0.395947 0.129919
vt 0.39053 0.115299
vt 0.39053 0.123134
vt 0.491495 0.129783
vt 0.493703 0.133607
vt 0.493703 0.138023
vt 0.487671 0.127575
vt 0.491495 0.141847
vt 0.483255 0.144055
vt 0.487671 0.144055
vt 0.483255 0.127575
vt 0.479431 0.129783
vt 0.479431 0.141847
vt 0.477223 0.133607
vt 0.477223 0.138023
vt 0.419818 0.124532
vt 0.423726 0.113981
vt 0.419818 0.109085
vt 0.423726 0.119635
vt 0.413048 0.127358
vt 0.413048 0.106258
vt 0.40523 0.127358
vt 0.40523 0.106258
vt 0.39846 0.124532
vt 0.39846 0.109085
vt 0.394551 0.119635
vt 0.394551 0.113981
vt 0.520046 0.15358
vt 0.512761 0.149004
vt 0.523929 0.152354
vt 0.515958 0.152354
vt 0.511311 0.144427
vt 0.526567 0.149004
vt 0.511996 0.139851
vt 0.527253 0.144427
vt 0.514634 0.136501
vt 0.525802 0.139851
vt 0.518517 0.135274
vt 0.522605 0.136501
vt 0.247278 0.137913
vt 0.376539 0.125406
vt 0.24587 0.137113
vt 0.377947 0.126206
vt 0.248298 0.136881
vt 0.378967 0.125174
vt 0.248658 0.134294
vt 0.379327 0.122587
vt 0.24826 0.130844
vt 0.378929 0.119137
vt 0.247211 0.127457
vt 0.37788 0.11575
vt 0.245793 0.125039
vt 0.376462 0.113332
vt 0.244385 0.124239
vt 0.375054 0.112532
vt 0.243364 0.125271
vt 0.374033 0.113564
vt 0.243005 0.127858
vt 0.373674 0.116151
vt 0.243403 0.131308
vt 0.374072 0.119601
vt 0.244451 0.134695
vt 0.37512 0.122988
vt 0.195424 0.575498
vt 0.201397 0.567494
vt 0.195424 0.567494
vt 0.201397 0.575498
vt 0.190517 0.575498
vt 0.190517 0.567494
vt 0.189983 0.575498
vt 0.189983 0.567494
vt 0.193432 0.567494
vt 0.193432 0.575498
vt 0.199406 0.567494
vt 0.199406 0.575498
vt 0.204313 0.567494
vt 0.204313 0.575498
vt 0.204846 0.567494
vt 0.204846 0.575498
vt 0.422556 0.498218
vt 0.400529 0.479763
vt 0.386801 0.515994
vt 0.422547 0.526793
vt 0.403915 0.548611
vt 0.375065 0.548602
vt 0.353037 0.530147
vt 0.371679 0.479754
vt 0.353047 0.501571
f 2/2/2 1/1/1 3/3/3
f 4/4/4 1/1/1 2/2/2
f 5/5/5 4/4/4 2/2/2
f 6/6/6 4/4/4 5/5/5
f 7/7/7 6/6/6 5/5/5
f 8/8/8 6/6/6 7/7/7
f 8/8/8 7/7/7 9/9/9
f 9/9/9 7/7/7 10/10/10
f 12/12/12 11/11/11 13/13/13
f 13/13/13 14/14/14 12/12/12
f 12/12/12 14/14/14 15/15/15
f 14/14/14 16/16/16 15/15/15
f 15/15/15 16/16/16 17/17/17
f 16/16/16 14/14/14 18/18/18
f 18/18/18 14/14/14 19/19/19
f 14/14/14 13/13/13 19/19/19
f 11/11/11 20/20/20 13/13/13
f 13/13/13 20/20/20 21/21/21
f 19/19/19 13/13/13 21/21/21
f 18/18/18 19/19/19 22/22/22
f 22/22/22 19/19/19 23/23/23
f 19/19/19 21/21/21 23/23/23
f 20/20/20 24/24/24 21/21/21
f 21/21/21 24/24/24 25/25/25
f 23/23/23 21/21/21 25/25/25
f 22/22/22 23/23/23 26/26/26
f 24/24/24 27/27/27 25/25/25
f 29/29/29 28/28/28 30/30/30
f 31/31/31 28/28/28 29/29/29
f 32/32/32 28/28/28 31/31/31
f 33/33/33 28/28/28 32/32/32
f 34/34/34 33/33/33 32/32/32
f 35/35/35 33/33/33 34/34/34
f 36/36/36 35/35/35 34/34/34
f 37/37/37 35/35/35 36/36/36
f 38/38/38 37/37/37 36/36/36
f 39/39/39 37/37/37 38/38/38
f 40/40/40 39/39/39 38/38/38
f 41/41/41 39/39/39 40/40/40
f 42/42/42 41/41/41 40/40/40
f 43/43/43 41/41/41 42/42/42
f 44/44/44 43/43/43 42/42/42
f 45/45/45 43/43/43 44/44/44
f 46/46/46 45/45/45 44/44/44
f 47/47/47 45/45/45 46/46/46
f 48/48/48 47/47/47 46/46/46
f 49/49/49 47/47/47 48/48/48
f 50/50/50 49/49/49 48/48/48
f 51/51/51 49/49/49 50/50/50
f 29/29/29 51/51/51 50/50/50
f 30/30/30 51/51/51 29/29/29
f 51/51/51 52/52/52 30/30/30
f 30/30/30 52/52/52 53/53/53
f 53/53/53 54/54/54 52/52/52
f 54/54/54 55/55/55 52/52/52
f 52/52/52 55/55/55 56/56/56
f 51/51/51 56/56/56 52/52/52
f 49/49/49 56/56/56 51/51/51
f 55/55/55 57/57/57 56/56/56
f 56/56/56 57/57/57 58/58/58
f 49/49/49 58/58/58 56/56/56
f 47/47/47 58/58/58 49/49/49
f 57/57/57 59/59/59 58/58/58
f 58/58/58 59/59/59 60/60/60
f 47/47/47 60/60/60 58/58/58
f 59/59/59 61/61/61 60/60/60
f 60/60/60 61/61/61 62/62/62
f 61/61/61 63/63/63 62/62/62
f 62/62/62 63/63/63 64/64/64
f 63/63/63 65/65/65 64/64/64
f 64/64/64 65/65/65 66/66/66
f 65/65/65 67/67/67 66/66/66
f 66/66/66 67/67/67 68/68/68
f 67/67/67 69/69/69 68/68/68
f 68/68/68 69/69/69 70/70/70
f 69/69/69 71/71/71 70/70/70
f 70/70/70 71/71/71 72/72/72
f 71/71/71 73/73/73 72/72/72
f 72/72/72 73/73/73 74/74/74
f 74/74/74 73/73/73 53/53/53
f 53/53/53 73/73/73 75/75/75
f 75/75/75 54/54/54 53/53/53
f 43/43/43 64/64/64 62/62/62
f 43/43/43 62/62/62 45/45/45
f 45/45/45 62/62/62 60/60/60
f 45/45/45 60/60/60 47/47/47
f 37/37/37 70/70/70 68/68/68
f 37/37/37 68/68/68 39/39/39
f 35/35/35 70/70/70 37/37/37
f 35/35/35 72/72/72 70/70/70
f 33/33/33 72/72/72 35/35/35
f 33/33/33 74/74/74 72/72/72
f 28/28/28 74/74/74 33/33/33
f 30/30/30 74/74/74 28/28/28
f 53/53/53 74/74/74 30/30/30
f 41/41/41 64/64/64 43/43/43
f 41/41/41 66/66/66 64/64/64
f 39/39/39 66/66/66 41/41/41
f 39/39/39 68/68/68 66/66/66
f 77/77/77 76/76/76 78/78/78
f 79/79/79 76/76/76 77/77/77
f 77/77/77 78/78/78 80/80/80
f 80/80/80 78/78/78 81/81/81
f 80/80/80 81/81/81 82/82/82
f 82/82/82 81/81/81 83/83/83
f 83/83/83 84/84/84 82/82/82
f 85/85/85 84/84/84 83/83/83
f 85/85/85 86/86/86 84/84/84
f 87/87/87 86/86/86 85/85/85
f 86/86/86 87/87/87 88/88/88
f 88/88/88 87/87/87 89/89/89
f 89/89/89 90/90/90 88/88/88
f 91/91/91 90/90/90 89/89/89
f 91/91/91 92/92/92 90/90/90
f 93/93/93 92/92/92 91/91/91
f 92/92/92 93/93/93 94/94/94
f 94/94/94 93/93/93 95/95/95
f 95/95/95 96/96/96 94/94/94
f 97/97/97 96/96/96 95/95/95
f 97/97/97 98/98/98 96/96/96
f 99/99/99 98/98/98 97/97/97
f 99/99/99 79/79/79 98/98/98
f 76/76/76 79/79/79 99/99/99
f 101/101/101 100/100/100 102/102/102
f 103/103/103 100/100/100 101/101/101
f 104/104/104 100/100/100 103/103/103
f 105/105/105 100/100/100 104/104/104
f 106/106/106 105/105/105 104/104/104
f 107/107/107 105/105/105 106/106/106
f 108/108/108 107/107/107 106/106/106
f 109/109/109 107/107/107 108/108/108
f 110/110/110 109/109/109 108/108/108
f 111/111/111 109/109/109 110/110/110
f 112/112/112 111/111/111 110/110/110
f 113/113/113 111/111/111 112/112/112
f 114/114/114 113/113/113 112/112/112
f 115/115/115 113/113/113 114/114/114
f 116/116/116 115/115/115 114/114/114
f 117/117/117 115/115/115 116/116/116
f 118/118/118 117/117/117 116/116/116
f 119/119/119 117/117/117 118/118/118
f 120/120/120 119/119/119 118/118/118
f 121/121/121 119/119/119 120/120/120
f 122/122/122 121/121/121 120/120/120
f 123/123/123 121/121/121 122/122/122
f 101/101/101 123/123/123 122/122/122
f 102/102/102 123/123/123 101/101/101
f 125/125/125 124/124/124 126/126/126
f 127/127/127 124/124/124 125/125/125
f 128/128/128 124/124/124 127/127/127
f 129/129/129 124/124/124 128/128/128
f 130/130/130 129/129/129 128/128/128
f 131/131/131 129/129/129 130/130/130
f 132/132/132 131/131/131 130/130/130
f 133/133/133 131/131/131 132/132/132
f 134/134/134 133/133/133 132/132/132
f 135/135/135 133/133/133 134/134/134
f 136/136/136 135/135/135 134/134/134
f 137/137/137 135/135/135 136/136/136
f 138/138/138 137/137/137 136/136/136
f 139/139/139 137/137/137 138/138/138
f 140/140/140 139/139/139 138/138/138
f 141/141/141 139/139/139 140/140/140
f 142/142/142 141/141/141 140/140/140
f 143/143/143 141/141/141 142/142/142
f 144/144/144 143/143/143 142/142/142
f 145/145/145 143/143/143 144/144/144
f 146/146/146 145/145/145 144/144/144
f 147/147/147 145/145/145 146/146/146
f 125/125/125 147/147/147 146/146/146
f 126/126/126 147/147/147 125/125/125
f 149/149/149 148/148/148 150/150/150
f 151/151/151 148/148/148 149/149/149
f 152/152/152 148/148/148 151/151/151
f 153/153/153 148/148/148 152/152/152
f 154/154/154 153/153/153 152/152/152
f 152/152/152 151/151/151 154/154/154
f 155/155/155 153/153/153 154/154/154
f 156/156/156 155/155/155 154/154/154
f 157/157/157 155/155/155 156/156/156
f 158/158/158 157/157/157 156/156/156
f 159/159/159 157/157/157 158/158/158
f 160/160/160 159/159/159 158/158/158
f 161/161/161 159/159/159 160/160/160
f 162/162/162 161/161/161 160/160/160
f 163/163/163 161/161/161 162/162/162
f 164/164/164 163/163/163 162/162/162
f 162/162/162 160/160/160 164/164/164
f 165/165/165 163/163/163 164/164/164
f 166/166/166 165/165/165 164/164/164
f 164/164/164 160/160/160 166/166/166
f 167/167/167 165/165/165 166/166/166
f 168/168/168 167/167/167 166/166/166
f 160/160/160 168/168/168 166/166/166
f 158/158/158 168/168/168 160/160/160
f 158/158/158 156/156/156 168/168/168
f 169/169/169 167/167/167 168/168/168
f 170/170/170 169/169/169 168/168/168
f 168/168/168 156/156/156 170/170/170
f 171/171/171 169/169/169 170/170/170
f 149/149/149 171/171/171 170/170/170
f 150/150/150 171/171/171 149/149/149
f 149/149/149 170/170/170 151/151/151
f 151/151/151 170/170/170 154/154/154
f 154/154/154 170/170/170 156/156/156
f 173/173/173 172/172/172 174/174/174
f 175/175/175 172/172/172 173/173/173
f 176/176/176 172/172/172 175/175/175
f 177/177/177 172/172/172 176/176/176
f 178/178/178 177/177/177 176/176/176
f 179/179/179 177/177/177 178/178/178
f 180/180/180 179/179/179 178/178/178
f 181/181/181 179/179/179 180/180/180
f 182/182/182 181/181/181 180/180/180
f 183/183/183 181/181/181 182/182/182
f 184/184/184 183/183/183 182/182/182
f 185/185/185 183/183/183 184/184/184
f 186/186/186 185/185/185 184/184/184
f 187/187/187 185/185/185 186/186/186
f 188/188/188 187/187/187 186/186/186
f 189/189/189 187/187/187 188/188/188
f 190/190/190 189/189/189 188/188/188
f 191/191/191 189/189/189 190/190/190
f 192/192/192 191/191/191 190/190/190
f 193/193/193 191/191/191 192/192/192
f 194/194/194 193/193/193 192/192/192
f 195/195/195 193/193/193 194/194/194
f 173/173/173 195/195/195 194/194/194
f 174/174/174 195/195/195 173/173/173
f 197/197/197 196/196/196 198/198/198
f 199/199/199 196/196/196 197/197/197
f 199/199/199 200/200/200 196/196/196
f 201/201/201 200/200/200 199/199/199
f 201/201/201 202/202/202 200/200/200
f 203/203/203 202/202/202 201/201/201
f 203/203/203 204/204/204 202/202/202
f 205/205/205 204/204/204 203/203/203
f 205/205/205 206/206/206 204/204/204
f 207/207/207 206/206/206 205/205/205
f 207/207/207 208/208/208 206/206/206
f 208/208/208 204/204/204 206/206/206
f 209/209/209 208/208/208 207/207/207
f 209/209/209 210/210/210 208/208/208
f 210/210/210 202/202/202 204/204/204
f 210/210/210 204/204/204 208/208/208
f 211/211/211 210/210/210 209/209/209
f 211/211/211 212/212/212 210/210/210
f 212/212/212 200/200/200 202/202/202
f 212/212/212 202/202/202 210/210/210
f 213/213/213 212/212/212 211/211/211
f 213/213/213 214/214/214 212/212/212
f 214/214/214 200/200/200 212/212/212
f 215/215/215 214/214/214 213/213/213
f 215/215/215 216/216/216 214/214/214
f 217/217/217 216/216/216 215/215/215
f 217/217/217 218/218/218 216/216/216
f 219/219/219 218/218/218 217/217/217
f 197/197/197 218/218/218 219/219/219
f 198/198/198 218/218/218 197/197/197
f 218/218/218 198/198/198 216/216/216
f 216/216/216 198/198/198 196/196/196
f 216/216/216 196/196/196 214/214/214
f 214/214/214 196/196/196 200/200/200
f 221/221/221 220/220/220 222/222/222
f 223/223/223 220/220/220 221/221/221
f 221/221/221 222/222/222 224/224/224
f 224/224/224 222/222/222 225/225/225
f 224/224/224 225/225/225 226/226/226
f 226/226/226 225/225/225 227/227/227
f 227/227/227 228/228/228 226/226/226
f 229/229/229 228/228/228 227/227/227
f 228/228/228 229/229/229 230/230/230
f 230/230/230 229/229/229 231/231/231
f 230/230/230 231/231/231 232/232/232
f 232/232/232 228/228/228 230/230/230
f 232/232/232 231/231/231 233/233/233
f 233/233/233 229/229/229 231/231/231
f 233/233/233 234/234/234 232/232/232
f 234/234/234 228/228/228 232/232/232
f 234/234/234 226/226/226 228/228/228
f 235/235/235 234/234/234 233/233/233
f 235/235/235 227/227/227 229/229/229
f 235/235/235 229/229/229 233/233/233
f 234/234/234 235/235/235 236/236/236
f 236/236/236 226/226/226 234/234/234
f 236/236/236 224/224/224 226/226/226
f 236/236/236 235/235/235 237/237/237
f 237/237/237 225/225/225 227/227/227
f 237/237/237 227/227/227 235/235/235
f 236/236/236 237/237/237 238/238/238
f 238/238/238 224/224/224 236/236/236
f 238/238/238 237/237/237 239/239/239
f 239/239/239 225/225/225 237/237/237
f 239/239/239 240/240/240 238/238/238
f 241/241/241 240/240/240 239/239/239
f 241/241/241 242/242/242 240/240/240
f 243/243/243 242/242/242 241/241/241
f 242/242/242 243/243/243 223/223/223
f 242/242/242 223/223/223 240/240/240
f 223/223/223 243/243/243 220/220/220
f 220/220/220 241/241/241 243/243/243
f 240/240/240 221/221/221 238/238/238
f 240/240/240 223/223/223 221/221/221
f 238/238/238 221/221/221 224/224/224
f 222/222/222 241/241/241 220/220/220
f 241/241/241 222/222/222 239/239/239
f 239/239/239 222/222/222 225/225/225
f 245/245/245 244/244/244 246/246/246
f 247/247/247 244/244/244 245/245/245
f 245/245/245 248/248/248 247/247/247
f 249/249/249 248/248/248 245/245/245
f 249/249/249 250/250/250 248/248/248
f 251/251/251 250/250/250 249/249/249
f 252/252/252 250/250/250 251/251/251
f 253/253/253 250/250/250 252/252/252
f 252/252/252 254/254/254 253/253/253
f 255/255/255 254/254/254 252/252/252
f 255/255/255 256/256/256 254/254/254
f 253/253/253 256/256/256 254/254/254
f 257/257/257 256/256/256 255/255/255
f 257/257/257 258/258/258 256/256/256
f 258/258/258 253/253/253 250/250/250
f 256/256/256 253/253/253 258/258/258
f 250/250/250 248/248/248 258/258/258
f 259/259/259 258/258/258 257/257/257
f 259/259/259 260/260/260 258/258/258
f 258/258/258 248/248/248 260/260/260
f 261/261/261 260/260/260 259/259/259
f 261/261/261 262/262/262 260/260/260
f 248/248/248 262/262/262 260/260/260
f 247/247/247 262/262/262 248/248/248
f 263/263/263 262/262/262 261/261/261
f 264/264/264 262/262/262 263/263/263
f 265/265/265 262/262/262 264/264/264
f 265/265/265 264/264/264 266/266/266
f 266/266/266 264/264/264 267/267/267
f 267/267/267 246/246/246 266/266/266
f 266/266/266 246/246/246 244/244/244
f 266/266/266 265/265/265 244/244/244
f 265/265/265 247/247/247 244/244/244
f 262/262/262 247/247/247 265/265/265
f 269/269/269 268/268/268 270/270/270
f 271/271/271 268/268/268 269/269/269
f 272/272/272 270/270/270 268/268/268
f 273/273/273 270/270/270 272/272/272
f 274/274/274 273/273/273 272/272/272
f 275/275/275 273/273/273 274/274/274
f 275/275/275 274/274/274 276/276/276
f 276/276/276 274/274/274 277/277/277
f 276/276/276 277/277/277 278/278/278
f 278/278/278 277/277/277 279/279/279
f 278/278/278 279/279/279 280/280/280
f 280/280/280 279/279/279 281/281/281
f 280/280/280 281/281/281 282/282/282
f 269/269/269 282/282/282 271/271/271
f 282/282/282 281/281/281 283/283/283
f 271/271/271 282/282/282 283/283/283
f 270/270/270 284/284/284 269/269/269
f 285/285/285 284/284/284 270/270/270
f 273/273/273 285/285/285 270/270/270
f 286/286/286 285/285/285 273/273/273
f 275/275/275 286/286/286 273/273/273
f 287/287/287 275/275/275 276/276/276
f 288/288/288 275/275/275 287/287/287
f 288/288/288 286/286/286 275/275/275
f 285/285/285 288/288/288 286/286/286
f 287/287/287 288/288/288 285/285/285
f 289/289/289 276/276/276 278/278/278
f 287/287/287 276/276/276 289/289/289
f 289/289/289 287/287/287 285/285/285
f 284/284/284 289/289/289 285/285/285
f 290/290/290 278/278/278 280/280/280
f 289/289/289 278/278/278 290/290/290
f 291/291/291 280/280/280 282/282/282
f 290/290/290 280/280/280 291/291/291
f 284/284/284 291/291/291 289/289/289
f 290/290/290 289/289/289 291/291/291
f 291/291/291 269/269/269 284/284/284
f 282/282/282 269/269/269 291/291/291
f 293/293/293 292/292/292 294/294/294
f 295/295/295 292/292/292 293/293/293
f 295/295/295 296/296/296 292/292/292
f 297/297/297 296/296/296 295/295/295
f 297/297/297 298/298/298 296/296/296
f 299/299/299 298/298/298 297/297/297
f 293/293/293 294/294/294 300/300/300
f 300/300/300 294/294/294 301/301/301
f 300/300/300 301/301/301 302/302/302
f 302/302/302 301/301/301 303/303/303
f 299/299/299 304/304/304 298/298/298
f 305/305/305 304/304/304 299/299/299
f 305/305/305 306/306/306 304/304/304
f 307/307/307 306/306/306 305/305/305
f 307/307/307 308/308/308 306/306/306
f 309/309/309 308/308/308 307/307/307
f 309/309/309 310/310/310 308/308/308
f 311/311/311 310/310/310 309/309/309
f 311/311/311 312/312/312 310/310/310
f 313/313/313 312/312/312 311/311/311
f 313/313/313 314/314/314 312/312/312
f 315/315/315 314/314/314 313/313/313
f 315/315/315 303/303/303 314/314/314
f 302/302/302 303/303/303 315/315/315
f 301/301/301 316/316/316 303/303/303
f 303/303/303 316/316/316 317/317/317
f 303/303/303 317/317/317 314/314/314
f 314/314/314 318/318/318 312/312/312
f 314/314/314 317/317/317 318/318/318
f 312/312/312 318/318/318 319/319/319
f 312/312/312 319/319/319 310/310/310
f 306/306/306 320/320/320 304/304/304
f 304/304/304 320/320/320 321/321/321
f 310/310/310 319/319/319 322/322/322
f 310/310/310 322/322/322 308/308/308
f 308/308/308 322/322/322 323/323/323
f 306/306/306 323/323/323 320/320/320
f 308/308/308 323/323/323 306/306/306
f 304/304/304 321/321/321 298/298/298
f 298/298/298 321/321/321 324/324/324
f 298/298/298 324/324/324 296/296/296
f 296/296/296 324/324/324 325/325/325
f 296/296/296 325/325/325 292/292/292
f 292/292/292 325/325/325 326/326/326
f 292/292/292 326/326/326 294/294/294
f 294/294/294 326/326/326 327/327/327
f 294/294/294 327/327/327 301/301/301
f 301/301/301 327/327/327 316/316/316
f 329/329/329 328/328/328 330/330/330
f 331/331/331 328/328/328 329/329/329
f 332/332/332 328/328/328 331/331/331
f 333/333/333 328/328/328 332/332/332
f 332/332/332 334/334/334 333/333/333
f 335/335/335 334/334/334 332/332/332
f 336/336/336 334/334/334 335/335/335
f 337/337/337 334/334/334 336/336/336
f 338/338/338 337/337/337 336/336/336
f 339/339/339 337/337/337 338/338/338
f 340/340/340 339/339/339 338/338/338
f 341/341/341 339/339/339 340/340/340
f 342/342/342 341/341/341 340/340/340
f 343/343/343 341/341/341 342/342/342
f 343/343/343 339/339/339 341/341/341
f 344/344/344 343/343/343 342/342/342
f 345/345/345 343/343/343 344/344/344
f 345/345/345 337/337/337 339/339/339
f 345/345/345 339/339/339 343/343/343
f 344/344/344 346/346/346 345/345/345
f 346/346/346 334/334/334 337/337/337
f 346/346/346 337/337/337 345/345/345
f 347/347/347 346/346/346 344/344/344
f 348/348/348 346/346/346 347/347/347
f 349/349/349 346/346/346 348/348/348
f 349/349/349 334/334/334 346/346/346
f 350/350/350 349/349/349 348/348/348
f 351/351/351 349/349/349 350/350/350
f 350/350/350 330/330/330 351/351/351
f 329/329/329 330/330/330 350/350/350
f 330/330/330 328/328/328 351/351/351
f 351/351/351 328/328/328 333/333/333
f 351/351/351 333/333/333 349/349/349
f 349/349/349 333/333/333 334/334/334
f 353/353/353 352/352/352 354/354/354
f 355/355/355 352/352/352 353/353/353
f 352/352/352 356/356/356 354/354/354
f 354/354/354 356/356/356 357/357/357
f 356/356/356 358/358/358 357/357/357
f 357/357/357 358/358/358 359/359/359
f 358/358/358 360/360/360 359/359/359
f 359/359/359 360/360/360 361/361/361
f 360/360/360 362/362/362 361/361/361
f 361/361/361 362/362/362 363/363/363
f 362/362/362 364/364/364 363/363/363
f 363/363/363 364/364/364 365/365/365
f 364/364/364 366/366/366 365/365/365
f 365/365/365 366/366/366 367/367/367
f 366/366/366 368/368/368 367/367/367
f 367/367/367 368/368/368 369/369/369
f 368/368/368 370/370/370 369/369/369
f 369/369/369 370/370/370 371/371/371
f 370/370/370 372/372/372 371/371/371
f 371/371/371 372/372/372 373/373/373
f 372/372/372 374/374/374 373/373/373
f 373/373/373 374/374/374 375/375/375
f 375/375/375 374/374/374 353/353/353
f 353/353/353 374/374/374 355/355/355
f 376/376/376 50/50/50 377/377/377
f 29/29/29 50/50/50 376/376/376
f 50/50/50 48/48/48 377/377/377
f 377/377/377 48/48/48 378/378/378
f 48/48/48 46/46/46 378/378/378
f 378/378/378 46/46/46 379/379/379
f 46/46/46 44/44/44 379/379/379
f 379/379/379 44/44/44 380/380/380
f 44/44/44 42/42/42 380/380/380
f 380/380/380 42/42/42 381/381/381
f 42/42/42 40/40/40 381/381/381
f 381/381/381 40/40/40 382/382/382
f 40/40/40 38/38/38 382/382/382
f 382/382/382 38/38/38 383/383/383
f 38/38/38 36/36/36 383/383/383
f 383/383/383 36/36/36 384/384/384
f 36/36/36 34/34/34 384/384/384
f 384/384/384 34/34/34 385/385/385
f 34/34/34 32/32/32 385/385/385
f 385/385/385 32/32/32 386/386/386
f 32/32/32 31/31/31 386/386/386
f 386/386/386 31/31/31 387/387/387
f 387/387/387 31/31/31 376/376/376
f 376/376/376 31/31/31 29/29/29
f 389/389/389 388/388/388 390/390/390
f 389/389/389 391/391/391 388/388/388
f 388/388/388 391/391/391 392/392/392
f 393/393/393 391/391/391 389/389/389
f 394/394/394 393/393/393 389/389/389
f 395/395/395 391/391/391 393/393/393
f 395/395/395 393/393/393 396/396/396
f 396/396/396 393/393/393 397/397/397
f 396/396/396 397/397/397 398/398/398
f 398/398/398 397/397/397 399/399/399
f 401/401/401 400/400/400 402/402/402
f 403/403/403 402/402/402 400/400/400
f 404/404/404 402/402/402 403/403/403
f 404/404/404 403/403/403 405/405/405
f 404/404/404 405/405/405 406/406/406
f 405/405/405 403/403/403 407/407/407
f 408/408/408 405/405/405 407/407/407
f 409/409/409 405/405/405 408/408/408
f 410/410/410 409/409/409 408/408/408
f 411/411/411 409/409/409 410/410/410
f 413/413/413 412/412/412 414/414/414
f 415/415/415 412/412/412 413/413/413
f 416/416/416 414/414/414 412/412/412
f 417/417/417 414/414/414 416/416/416
f 418/418/418 417/417/417 416/416/416
f 419/419/419 417/417/417 418/418/418
f 420/420/420 419/419/419 418/418/418
f 421/421/421 419/419/419 420/420/420
f 422/422/422 421/421/421 420/420/420
f 423/423/423 421/421/421 422/422/422
f 425/425/425 424/424/424 426/426/426
f 427/427/427 424/424/424 425/425/425
f 425/425/425 426/426/426 428/428/428
f 428/428/428 426/426/426 429/429/429
f 428/428/428 429/429/429 430/430/430
f 430/430/430 429/429/429 431/431/431
f 430/430/430 431/431/431 432/432/432
f 432/432/432 431/431/431 433/433/433
f 433/433/433 434/434/434 432/432/432
f 435/435/435 434/434/434 433/433/433
f 437/437/437 436/436/436 438/438/438
f 439/439/439 436/436/436 437/437/437
f 436/436/436 439/439/439 440/440/440
f 440/440/440 439/439/439 441/441/441
f 440/440/440 441/441/441 442/442/442
f 442/442/442 441/441/441 443/443/443
f 442/442/442 443/443/443 444/444/444
f 444/444/444 443/443/443 445/445/445
f 445/445/445 446/446/446 444/444/444
f 447/447/447 446/446/446 445/445/445
f 446/446/446 447/447/447 448/448/448
f 448/448/448 447/447/447 449/449/449
f 448/448/448 449/449/449 450/450/450
f 450/450/450 449/449/449 451/451/451
f 451/451/451 452/452/452 450/450/450
f 453/453/453 452/452/452 451/451/451
f 452/452/452 453/453/453 454/454/454
f 454/454/454 453/453/453 455/455/455
f 454/454/454 455/455/455 456/456/456
f 456/456/456 455/455/455 457/457/457
f 457/457/457 458/458/458 456/456/456
f 459/459/459 458/458/458 457/457/457
f 458/458/458 459/459/459 438/438/438
f 438/438/438 459/459/459 437/437/437
f 461/461/461 460/460/460 462/462/462
f 463/463/463 460/460/460 461/461/461
f 464/464/464 462/462/462 460/460/460
f 465/465/465 462/462/462 464/464/464
f 466/466/466 465/465/465 464/464/464
f 467/467/467 465/465/465 466/466/466
f 467/467/467 466/466/466 468/468/468
f 468/468/468 466/466/466 469/469/469
f 468/468/468 469/469/469 470/470/470
f 470/470/470 469/469/469 471/471/471
f 470/470/470 471/471/471 472/472/472
f 472/472/472 471/471/471 473/473/473
f 472/472/472 473/473/473 474/474/474
f 461/461/461 474/474/474 463/463/463
f 474/474/474 473/473/473 475/475/475
f 463/463/463 474/474/474 475/475/475
f 477/477/477 476/476/476 478/478/478
f 476/476/476 479/479/479 478/478/478
f 479/479/479 480/480/480 478/478/478
f 480/480/480 481/481/481 478/478/478
f 481/481/481 482/482/482 478/478/478
f 483/483/483 477/477/477 478/478/478
f 484/484/484 483/483/483 478/478/478
f 482/482/482 484/484/484 478/478/478
v -1.102041 -0.8224455 0.4206547
v -1.130664 -0.8540264 0.5957866
v -1.084424 -0.8229278 0.5957652
v -1.146165 -0.8449053 0.4206568
v -1.18626 -0.8576343 0.5960663
v -1.195233 -0.8425736 0.4210415
v -1.235578 -0.8331565 0.596616
v -1.23658 -0.8158588 0.4212938
v -1.266548 -0.787078 0.5968456
v -1.259097 -0.7715607 0.4214647
v -1.270172 -0.7316808 0.5971315
v -1.256739 -0.7223245 0.4219045
v -1.245748 -0.6825483 0.5976344
v -1.229947 -0.68081 0.4221064
v -1.199826 -0.6517029 0.597674
v -1.185472 -0.6582348 0.4220483
v -1.144586 -0.6478163 0.5972753
v -1.136213 -0.6610341 0.4217725
v -1.095188 -0.6718302 0.596787
v -1.094937 -0.6879505 0.4214657
v -1.064218 -0.7179106 0.5966203
v -1.072421 -0.732249 0.4212396
v -1.060352 -0.773347 0.596211
v -1.075197 -0.7813347 0.4209107
v -1.203121 -0.7362729 0.4212163
v -1.190401 -0.7198073 0.4211258
v -1.205903 -0.7568749 0.4212747
v -1.197854 -0.7765457 0.4214386
v -1.181386 -0.7892683 0.4215855
v -1.160787 -0.7920504 0.4216018
v -1.141119 -0.7840028 0.4216338
v -1.128397 -0.7675354 0.4215982
v -1.125615 -0.7469333 0.4214286
v -1.133664 -0.7272625 0.4213215
v -1.150132 -0.7145399 0.4212295
v -1.170732 -0.7117595 0.4211025
v -1.208447 -0.8236301 0.4649598
v -1.198552 -0.6481282 0.5371769
v -1.197335 -0.855333 0.5246477
v -1.160898 -0.6638201 0.4334335
v -1.210953 -0.7582442 0.5938546
v -1.174979 -0.6267028 0.5671743
v -1.193332 -0.6755449 0.65647
v -1.148774 -0.8009219 0.6710568
v -1.172224 -0.7043576 0.6250533
v -1.188082 -0.8667507 0.5599667
v -1.196041 -0.7280208 0.6490532
v -1.144117 -0.8493583 0.6773474
v -1.165384 -0.7524936 0.6357172
v -1.060352 -0.773347 0.596211
v -1.084424 -0.8229278 0.5957652
v -1.064218 -0.7179106 0.5966203
v -1.095188 -0.6718302 0.596787
v -1.144586 -0.6478163 0.5972753
v -1.199826 -0.6517029 0.597674
v -1.245748 -0.6825483 0.5976344
v -1.270172 -0.7316808 0.5971315
v -1.266548 -0.787078 0.5968456
v -1.235578 -0.8331565 0.596616
v -1.18626 -0.8576343 0.5960663
v -1.130664 -0.8540264 0.5957866
v -1.198552 -0.6481282 0.5371769
v -1.039744 -0.6375481 0.5764021
v -1.174979 -0.6267028 0.5671743
v -1.02962 -0.6490669 0.5153482
v -1.089825 -0.6632875 0.6790096
v -1.193332 -0.6755449 0.65647
v -1.148774 -0.8009219 0.6710568
v -1.057564 -0.7705122 0.6651393
v -1.023913 -0.7737449 0.5879813
v -1.210953 -0.7582442 0.5938546
v -1.172224 -0.7043576 0.6250533
v -1.014159 -0.7503515 0.5785236
v -1.087078 -0.7128056 0.6737271
v -1.196041 -0.7280208 0.6490532
v -1.144117 -0.8493583 0.6773474
v -1.059387 -0.8230821 0.668084
v -1.160898 -0.6638201 0.4334335
v -1.050565 -0.6843969 0.4418483
v -1.085776 -0.8312801 0.4245158
v -1.208447 -0.8236301 0.4649598
v -1.028586 -0.8549836 0.5165052
v -1.188082 -0.8667507 0.5599667
v -1.051221 -0.8766341 0.5737202
v -1.197335 -0.855333 0.5246477
v -1.144117 -0.8493583 0.6773474
v -1.059387 -0.8230821 0.668084
v -1.085776 -0.8312801 0.4245158
v -1.208447 -0.8236301 0.4649598
v -1.014159 -0.7503515 0.5785236
v -1.02962 -0.6490669 0.5153482
v -1.028586 -0.8549836 0.5165052
v -1.023913 -0.7737449 0.5879813
v -1.051221 -0.8766341 0.5737202
v -1.039744 -0.6375481 0.5764021
v -1.059387 -0.8230821 0.668084
v -1.087078 -0.7128056 0.6737271
v -1.057564 -0.7705122 0.6651393
v -1.089825 -0.6632875 0.6790096
v -1.050565 -0.6843969 0.4418483
v -1.085776 -0.8312801 0.4245158
v -1.171223 -0.6630792 0.4333689
v -1.238365 -0.8336939 0.4233747
v -1.119097 -0.8231865 0.4658366
v -1.275453 -0.6877941 0.4380257
v -1.303898 -0.65229 0.5169262
v -1.135534 -0.6472942 0.5389234
v -1.293306 -0.6406146 0.5791938
v -1.158651 -0.6267692 0.5679032
v -1.24035 -0.6651394 0.6809853
v -1.137215 -0.6749038 0.656221
v -1.178748 -0.8015325 0.6718788
v -1.270619 -0.7730378 0.6675862
v -1.305888 -0.7773937 0.5907104
v -1.118909 -0.7572745 0.5936757
v -1.157826 -0.7045396 0.6253187
v -1.316124 -0.7542266 0.5816321
v -1.241293 -0.7145768 0.6758928
v -1.132999 -0.7271975 0.6482629
v -1.181897 -0.8498797 0.6783807
v -1.267321 -0.8255452 0.6704159
v -1.131316 -0.8549348 0.526117
v -1.238365 -0.8336939 0.4233747
v -1.29924 -0.8586904 0.5164564
v -1.119097 -0.8231865 0.4658366
v -1.139462 -0.8661869 0.5600153
v -1.276416 -0.8793713 0.5760076
v -1.181897 -0.8498797 0.6783807
v -1.267321 -0.8255452 0.6704159
v -1.29924 -0.8586904 0.5164564
v -1.275453 -0.6877941 0.4380257
v -1.303898 -0.65229 0.5169262
v -1.238365 -0.8336939 0.4233747
v -1.316124 -0.7542266 0.5816321
v -1.276416 -0.8793713 0.5760076
v -1.305888 -0.7773937 0.5907104
v -1.293306 -0.6406146 0.5791938
v -1.270619 -0.7730378 0.6675862
v -1.305888 -0.7773937 0.5907104
v -1.24035 -0.6651394 0.6809853
v -1.316124 -0.7542266 0.5816321
v -1.267321 -0.8255452 0.6704159
v -1.241293 -0.7145768 0.6758928
v -1.131316 -0.8549348 0.526117
v -1.118909 -0.7572745 0.5936757
v -1.135534 -0.6472942 0.5389234
v -1.157826 -0.7045396 0.6253187
v -1.158651 -0.6267692 0.5679032
v -1.139462 -0.8661869 0.5600153
v -1.132999 -0.7271975 0.6482629
v -1.181897 -0.8498797 0.6783807
v -1.137215 -0.6749038 0.656221
v -1.178748 -0.8015325 0.6718788
v -1.119097 -0.8231865 0.4658366
v -1.171223 -0.6630792 0.4333689
v -1.085738 -0.90519 0.9950836
v -1.265083 -0.8507998 0.966726
v -1.061892 -0.8436777 0.9639941
v -1.264627 -0.9083205 0.9785182
v -1.265368 -0.7819055 0.9258248
v -1.061607 -0.7749448 0.9190117
v -1.265516 -0.6777402 0.7658877
v -1.06146 -0.6744186 0.7557481
v -1.264692 -0.6675714 0.6767867
v -1.062284 -0.6675756 0.6739264
v -1.265014 -0.6727248 0.6085752
v -1.061962 -0.6743541 0.6017439
v -1.265014 -0.7014303 0.5375996
v -1.061962 -0.7051892 0.531666
v -1.265014 -0.7516224 0.4797835
v -1.061962 -0.7571037 0.4753917
v -1.251303 -0.8131696 0.4310316
v -1.075673 -0.820677 0.4282861
v -1.241237 -0.8881345 0.4088224
v -1.062348 -0.8913368 0.4253743
v -1.2655 -0.9130129 0.7687472
v -1.062348 -0.9484743 0.7847793
v -1.061475 -0.9209828 0.7757025
v -1.281486 -0.9379013 0.8056437
v -1.265506 -0.8662698 0.6965553
v -1.06147 -0.8699625 0.7065007
v -1.264683 -0.8690621 0.6827149
v -1.062293 -0.8691782 0.6853657
v -1.264997 -0.869153 0.6534363
v -1.061979 -0.8679218 0.6601892
v -1.265175 -0.874947 0.6393906
v -1.0618 -0.8706538 0.6465747
v -1.26548 -0.8826828 0.6323911
v -1.061496 -0.8739975 0.6382021
v -1.275872 -0.9204724 0.608767
v -1.040606 -0.913231 0.5885628
v -1.251303 -0.8131696 0.4310316
v -1.275872 -0.9204724 0.608767
v -1.241237 -0.8881345 0.4088224
v -1.265014 -0.7516224 0.4797835
v -1.26548 -0.8826828 0.6323911
v -1.265014 -0.7014303 0.5375996
v -1.265175 -0.874947 0.6393906
v -1.265014 -0.6727248 0.6085752
v -1.264997 -0.869153 0.6534363
v -1.264692 -0.6675714 0.6767867
v -1.264683 -0.8690621 0.6827149
v -1.265516 -0.6777402 0.7658877
v -1.265506 -0.8662698 0.6965553
v -1.265368 -0.7819055 0.9258248
v -1.2655 -0.9130129 0.7687472
v -1.265083 -0.8507998 0.966726
v -1.281486 -0.9379013 0.8056437
v -1.264627 -0.9083205 0.9785182
v -1.040606 -0.913231 0.5885628
v -1.075673 -0.820677 0.4282861
v -1.062348 -0.8913368 0.4253743
v -1.061962 -0.7571037 0.4753917
v -1.061496 -0.8739975 0.6382021
v -1.061962 -0.7051892 0.531666
v -1.0618 -0.8706538 0.6465747
v -1.061962 -0.6743541 0.6017439
v -1.061979 -0.8679218 0.6601892
v -1.062284 -0.6675756 0.6739264
v -1.062293 -0.8691782 0.6853657
v -1.06146 -0.6744186 0.7557481
v -1.06147 -0.8699625 0.7065007
v -1.061607 -0.7749448 0.9190117
v -1.061475 -0.9209828 0.7757025
v -1.061892 -0.8436777 0.9639941
v -1.062348 -0.9484743 0.7847793
v -1.085738 -0.90519 0.9950836
v -1.190401 -0.7198073 0.4211258
v -1.18566 -0.7039328 0.4518091
v -1.170732 -0.7117595 0.4211025
v -1.207109 -0.7204324 0.4518356
v -1.158805 -0.7004007 0.4519419
v -1.150132 -0.7145399 0.4212295
v -1.134291 -0.7105529 0.452031
v -1.133664 -0.7272625 0.4213215
v -1.117787 -0.7320059 0.4521351
v -1.125615 -0.7469333 0.4214286
v -1.114257 -0.7588614 0.4523107
v -1.128397 -0.7675354 0.4215982
v -1.12441 -0.7833771 0.4523431
v -1.141119 -0.7840028 0.4216338
v -1.145861 -0.799878 0.4523084
v -1.160787 -0.7920504 0.4216018
v -1.172713 -0.8034074 0.452298
v -1.181386 -0.7892683 0.4215855
v -1.197227 -0.7932553 0.4521481
v -1.197854 -0.7765457 0.4214386
v -1.21373 -0.7718023 0.4519812
v -1.205903 -0.7568749 0.4212747
v -1.217261 -0.7449468 0.4519288
v -1.203121 -0.7362729 0.4212163
v -1.165759 -0.7519046 0.4130743
v -1.214775 -0.9586984 0.624987
v -1.163988 -0.9290639 0.6124654
v -1.231049 -0.9548559 0.6220773
v -1.163988 -0.9698497 0.6414214
v -1.275487 -0.9934381 0.6017514
v -1.260419 -1.002138 0.6358253
v -1.286681 -1.051214 0.6220773
v -1.275217 -1.063387 0.624987
v -1.275487 -1.122187 0.6124655
v -1.240165 -1.101794 0.6414217
v -1.228361 -1.169312 0.6017516
v -1.219661 -1.154244 0.6358254
v -1.170585 -1.180505 0.622077
v -1.158415 -1.169041 0.6249867
v -1.099615 -1.169312 0.6124654
v -1.120007 -1.133991 0.6414215
v -1.052488 -1.122185 0.6017516
v -1.067556 -1.113486 0.6358253
v -1.041295 -1.064409 0.6220769
v -1.052759 -1.052239 0.6249866
v -1.052488 -0.9934394 0.6124654
v -1.08781 -1.013832 0.6414215
v -1.099613 -0.9463131 0.6017513
v -1.108313 -0.9613814 0.6358252
v -1.017932 -1.063387 0.624987
v -1.022327 -0.976025 0.6017512
v -0.9906958 -1.049806 0.5251242
v -1.013604 -1.144637 0.5251242
v -1.057649 -1.119207 0.6414214
v -1.0822 -1.199473 0.6017513
v -1.077164 -1.208197 0.5251243
v -1.155981 -1.231104 0.5251243
v -1.169562 -1.203869 0.6249869
v -1.250814 -1.208196 0.5251245
v -1.225383 -1.164151 0.6414216
v -1.305648 -1.139599 0.6017514
v -1.314372 -1.144636 0.5251245
v -1.33728 -1.065819 0.5251244
v -1.310044 -1.052238 0.6249871
v -1.314372 -0.9709883 0.5251244
v -1.270327 -0.996418 0.6414216
v -1.241843 -0.9341114 0.624987
v -1.2437 -0.9037341 0.5251244
v -1.163988 -0.8942369 0.6017514
v -1.163988 -0.8841635 0.5251244
v -1.077164 -0.9074284 0.5251243
v -1.102593 -0.9514736 0.6414214
v -1.013604 -0.9709883 0.5251242
v -1.01453 -1.052239 0.4218066
v -1.031766 -0.9879107 0.4044365
v -1.01453 -1.063386 0.4044366
v -1.03734 -0.978256 0.4218065
v -1.031766 -1.127714 0.4218066
v -1.03734 -1.137369 0.4044365
v -1.084432 -1.184461 0.4218065
v -1.094086 -1.190035 0.4044366
v -1.084432 -0.9311641 0.4044366
v -1.094086 -0.9255901 0.4218065
v -1.158414 -0.9083542 0.4044368
v -1.169562 -0.9083542 0.4218068
v -1.158414 -1.207271 0.4218069
v -1.169562 -1.207271 0.4044368
v -1.23389 -1.190035 0.4218065
v -1.243545 -1.18446 0.4044366
v -1.290637 -1.137367 0.4218068
v -1.29621 -1.127713 0.4044368
v -1.313446 -1.063386 0.4218068
v -1.313446 -1.052239 0.4044368
v -1.29621 -0.9879107 0.4218067
v -1.290636 -0.978256 0.4044367
v -1.250163 -0.9217477 0.4354303
v -1.23389 -0.9255901 0.4044365
v -1.221603 -0.8559681 0.4109438
v -1.306262 -1.14639 0.4218068
v -1.242913 -1.20566 0.4218067
v -1.263054 -1.220925 0.5515615
v -1.170017 -1.240316 0.5668418
v -1.158415 -1.225315 0.4218066
v -1.087291 -1.213453 0.5821908
v -1.075409 -1.200087 0.4218066
v -1.301097 -1.146624 0.6010411
v -1.34017 -1.057812 0.4312192
v -1.349009 -1.06662 0.5846493
v -1.015493 -1.161046 0.5799674
v -1.01614 -1.136737 0.4218065
v -0.9789662 -1.06662 0.584649
v -1.010166 -1.057812 0.4107467
v -1.289229 -1.008532 0.638846
v -1.313748 -0.981132 0.4226457
v -1.263922 -0.8427631 0.5969203
v -1.097705 -0.8370672 0.6208897
v -1.082569 -0.859423 0.4183879
v -1.001884 -0.9836183 0.6064441
v -1.012802 -0.9849468 0.4226454
v -1.203735 -0.9889685 0.3790455
v -1.163988 -0.9783185 0.3790453
v -1.232832 -1.018065 0.3790454
v -1.243482 -1.057812 0.3790453
v -1.232832 -1.097559 0.3790453
v -1.203735 -1.126656 0.3790453
v -1.163988 -1.137306 0.3790452
v -1.124241 -1.126656 0.3790452
v -1.095144 -1.097559 0.3790453
v -1.084494 -1.057812 0.3790452
v -1.095144 -1.018065 0.3790453
v -1.124241 -0.9889685 0.3790453
v -1.163988 -1.057812 0.6610922

vn 0.5276434 0.7217727 0.4479256
vn 0.7762876 -0.5604148 0.2886401
vn 0.5264589 -0.5602543 0.6394972
vn 0.6814861 0.7218274 0.1205923
vn 0.8149416 -0.562344 -0.1401411
vn 0.6541443 0.718719 -0.2356663
vn 0.6361992 -0.5664973 -0.523767
vn 0.4505464 0.7178726 -0.5307235
vn 0.2871272 -0.5668467 -0.7721681
vn 0.1212568 0.7181854 -0.6852059
vn -0.139442 -0.5681479 -0.8110269
vn -0.2368688 0.7151651 -0.6575963
vn -0.521015 -0.5727012 -0.6328959
vn -0.5337842 0.7139547 -0.4531487
vn -0.7680302 -0.5732194 -0.2855687
vn -0.6889087 0.7145236 -0.1219071
vn -0.8097816 -0.5699669 0.1392549
vn -0.6563731 0.7164202 0.2364675
vn -0.6361936 -0.5664977 0.5237733
vn -0.4505353 0.7178749 0.5307299
vn -0.2871118 -0.5668438 0.7721758
vn -0.1212506 0.7181856 0.6852069
vn 0.1399043 -0.5641728 0.8137177
vn 0.2352007 0.7199619 0.6529443
vn -0.2360752 0.7175674 -0.6552604
vn -0.5307254 0.7178705 -0.4505474
vn 0.1212587 0.7181858 -0.6852052
vn 0.4505455 0.7178748 -0.5307212
vn 0.6552744 0.7175648 -0.2360438
vn 0.6852078 0.7181848 0.1212485
vn 0.530746 0.7178746 0.4505168
vn 0.2360751 0.7175686 0.6552591
vn -0.1212588 0.7181872 0.6852039
vn -0.4505456 0.7178758 0.5307199
vn -0.6552745 0.7175652 0.2360424
vn -0.6852018 0.7181877 -0.121266
vn 0.39235 0.388704 -0.8336493
vn -0.586861 -0.02356156 -0.8093451
vn 0.5821832 0.1046846 -0.8062905
vn -0.5695724 0.7654207 -0.2995309
vn 0.2314834 -0.1592152 -0.9597221
vn -0.8272316 -0.1151895 -0.5499268
vn -0.4059419 -0.5058081 -0.7611635
vn 0.6912705 -0.6707397 -0.2688009
vn -0.6765783 -0.5088691 -0.5322541
vn 0.7067353 -0.04607067 -0.7059767
vn -0.4252535 -0.429222 -0.796824
vn 0.6270739 -0.7464681 -0.2226303
vn 4.448717E-08 -1 9.536743E-07
vn 0.1399043 -0.5641728 0.8137177
vn 0.5264589 -0.5602543 0.6394972
vn -0.2871118 -0.5668438 0.7721758
vn -0.6361936 -0.5664977 0.5237733
vn -0.8097816 -0.5699669 0.1392549
vn -0.7680302 -0.5732194 -0.2855687
vn -0.521015 -0.5727012 -0.6328959
vn -0.139442 -0.5681479 -0.8110269
vn 0.2871272 -0.5668467 -0.7721681
vn 0.6361992 -0.5664973 -0.523767
vn 0.8149416 -0.562344 -0.1401411
vn 0.7762876 -0.5604148 0.2886401
vn -0.586861 -0.02356156 -0.8093451
vn -0.7041392 -0.2205741 0.6749337
vn -0.8272316 -0.1151895 -0.5499268
vn -0.5738412 0.216133 0.7899324
vn -0.5432124 -0.7613176 0.3540005
vn -0.4059419 -0.5058081 -0.7611635
vn 0.6912705 -0.6707397 -0.2688009
vn 0.3523069 -0.6100667 0.7097176
vn 0.3972037 -0.3532244 0.8470315
vn 0.2314834 -0.1592152 -0.9597221
vn -0.6765783 -0.5088691 -0.5322541
vn -0.1720453 -0.2511262 0.9525423
vn -0.5953885 -0.7084556 0.3789506
vn -0.4252535 -0.429222 -0.796824
vn 0.6270739 -0.7464681 -0.2226303
vn 0.3340396 -0.6486192 0.6838943
vn -0.5695724 0.7654207 -0.2995309
vn -0.3380633 0.6705 0.6604116
vn 0.4802282 0.8366626 0.2633959
vn 0.39235 0.388704 -0.8336493
vn 0.5808894 0.1923105 0.7909392
vn 0.7067353 -0.04607067 -0.7059767
vn 0.8191387 -0.2017446 0.5369461
vn 0.5821832 0.1046846 -0.8062905
vn 0.6270739 -0.7464681 -0.2226303
vn 0.3340396 -0.6486192 0.6838943
vn 0.4802282 0.8366626 0.2633959
vn 0.39235 0.388704 -0.8336493
vn -0.1720453 -0.2511262 0.9525423
vn -0.5738412 0.216133 0.7899324
vn 0.5808894 0.1923105 0.7909392
vn 0.3972037 -0.3532244 0.8470315
vn 0.8191387 -0.2017446 0.5369461
vn -0.7041392 -0.2205741 0.6749337
vn 0.3340396 -0.6486192 0.6838943
vn -0.5953885 -0.7084556 0.3789506
vn 0.3523069 -0.6100667 0.7097176
vn -0.5432124 -0.7613176 0.3540005
vn -0.3380633 0.6705 0.6604116
vn 0.4802282 0.8366626 0.2633959
vn -0.5886052 0.7556286 0.2873494
vn 0.4890366 0.8381283 -0.2416294
vn 0.3767769 0.3683409 0.8499204
vn -0.3184836 0.7018858 -0.6371226
vn -0.5584295 0.219023 -0.8001162
vn -0.6086825 -0.02882469 0.7928904
vn -0.6904561 -0.2311721 -0.6854416
vn -0.8390389 -0.1091538 0.5330098
vn -0.5361369 -0.7683766 -0.3495069
vn -0.4255771 -0.4889292 0.7614676
vn 0.6855764 -0.6658058 0.2944281
vn 0.3669127 -0.6223865 -0.6913832
vn 0.4174129 -0.3631672 -0.8329926
vn 0.2081207 -0.143059 0.9675848
vn -0.6871005 -0.4976709 0.5293553
vn -0.1492777 -0.2653204 -0.9525344
vn -0.5891207 -0.7176855 -0.3713014
vn -0.4468239 -0.4064069 0.7969832
vn 0.6204787 -0.7439384 0.2481176
vn 0.3480292 -0.6597286 -0.6660589
vn 0.5653586 0.102381 0.818467
vn 0.4890366 0.8381283 -0.2416294
vn 0.6018316 0.2131551 -0.769652
vn 0.3767769 0.3683409 0.8499204
vn 0.6880694 -0.0325975 0.7249126
vn 0.8293192 -0.206858 -0.5190759
vn 0.6204787 -0.7439384 0.2481176
vn 0.3480292 -0.6597286 -0.6660589
vn 0.6018316 0.2131551 -0.769652
vn -0.3184836 0.7018858 -0.6371226
vn -0.5584295 0.219023 -0.8001162
vn 0.4890366 0.8381283 -0.2416294
vn -0.1492777 -0.2653204 -0.9525344
vn 0.8293192 -0.206858 -0.5190759
vn 0.4174129 -0.3631672 -0.8329926
vn -0.6904561 -0.2311721 -0.6854416
vn 0.3669127 -0.6223865 -0.6913832
vn 0.4174129 -0.3631672 -0.8329926
vn -0.5361369 -0.7683766 -0.3495069
vn -0.1492777 -0.2653204 -0.9525344
vn 0.3480292 -0.6597286 -0.6660589
vn -0.5891207 -0.7176855 -0.3713014
vn 0.5653586 0.102381 0.818467
vn 0.2081207 -0.143059 0.9675848
vn -0.6086825 -0.02882469 0.7928904
vn -0.6871005 -0.4976709 0.5293553
vn -0.8390389 -0.1091538 0.5330098
vn 0.6880694 -0.0325975 0.7249126
vn -0.4468239 -0.4064069 0.7969832
vn 0.6204787 -0.7439384 0.2481176
vn -0.4255771 -0.4889292 0.7614676
vn 0.6855764 -0.6658058 0.2944281
vn 0.3767769 0.3683409 0.8499204
vn -0.5886052 0.7556286 0.2873494
vn -0.1660835 -0.878872 0.4472146
vn -0.2113752 -0.6694312 -0.7121679
vn -0.29051 -0.6390773 0.7121691
vn -0.1313006 -0.6948104 -0.7071064
vn -0.4486339 -0.5357391 -0.7153403
vn -0.5259765 -0.4600393 0.7153412
vn -0.6416048 -0.2725608 -0.7169759
vn -0.6785114 -0.1598995 0.7169763
vn -0.706236 -0.01485914 -0.7078208
vn -0.7061896 0.01692068 0.7078208
vn -0.6916099 0.1248464 -0.7113996
vn -0.6735063 0.2007501 0.7113993
vn -0.6136374 0.342576 -0.7114009
vn -0.5718709 0.4085019 0.7114002
vn -0.469202 0.5232197 -0.7114008
vn -0.408298 0.5720171 0.7113999
vn -0.3260995 0.7623076 -0.5590588
vn -0.2426954 0.7928145 0.5590572
vn -0.1699003 0.8781422 -0.4472146
vn -0.134319 0.6942331 0.7071064
vn 0.412571 0.5621119 -0.7168095
vn 0.319631 0.6307433 0.7071064
vn 0.5011256 0.4848291 0.7168086
vn 0.2021524 0.3989158 -0.8944279
vn 0.6307576 0.2970672 -0.7168657
vn 0.6717886 0.1865602 0.7168652
vn 0.705017 0.04562588 -0.7077214
vn 0.7063068 0.01617266 0.7077214
vn 0.6974046 -0.08837745 -0.7112079
vn 0.6837251 -0.1634106 0.7112085
vn 0.6242046 -0.3189362 -0.7131962
vn 0.5764914 -0.3987598 0.7131962
vn 0.434781 -0.5454208 -0.7165766
vn 0.3382775 -0.6099874 0.7165781
vn 0.1871538 -0.522175 -0.8320501
vn 0.1066941 -0.2976842 0.9486839
vn -0.3260995 0.7623076 -0.5590588
vn 0.1871538 -0.522175 -0.8320501
vn -0.1699003 0.8781422 -0.4472146
vn -0.469202 0.5232197 -0.7114008
vn 0.434781 -0.5454208 -0.7165766
vn -0.6136374 0.342576 -0.7114009
vn 0.6242046 -0.3189362 -0.7131962
vn -0.6916099 0.1248464 -0.7113996
vn 0.6974046 -0.08837745 -0.7112079
vn -0.706236 -0.01485914 -0.7078208
vn 0.705017 0.04562588 -0.7077214
vn -0.6416048 -0.2725608 -0.7169759
vn 0.6307576 0.2970672 -0.7168657
vn -0.4486339 -0.5357391 -0.7153403
vn 0.412571 0.5621119 -0.7168095
vn -0.2113752 -0.6694312 -0.7121679
vn 0.2021524 0.3989158 -0.8944279
vn -0.1313006 -0.6948104 -0.7071064
vn 0.1066941 -0.2976842 0.9486839
vn -0.2426954 0.7928145 0.5590572
vn -0.134319 0.6942331 0.7071064
vn -0.408298 0.5720171 0.7113999
vn 0.3382775 -0.6099874 0.7165781
vn -0.5718709 0.4085019 0.7114002
vn 0.5764914 -0.3987598 0.7131962
vn -0.6735063 0.2007501 0.7113993
vn 0.6837251 -0.1634106 0.7112085
vn -0.7061896 0.01692068 0.7078208
vn 0.7063068 0.01617266 0.7077214
vn -0.6785114 -0.1598995 0.7169763
vn 0.6717886 0.1865602 0.7168652
vn -0.5259765 -0.4600393 0.7153412
vn 0.5011256 0.4848291 0.7168086
vn -0.29051 -0.6390773 0.7121691
vn 0.319631 0.6307433 0.7071064
vn -0.1660835 -0.878872 0.4472146
vn -0.5307254 0.7178705 -0.4505474
vn -0.7721651 0.5668463 -0.287135
vn -0.6852018 0.7181877 -0.121266
vn -0.5237802 0.5664956 -0.6361899
vn -0.8123764 0.5661581 0.1396778
vn -0.6552745 0.7175652 0.2360424
vn -0.6362079 0.5665014 0.5237517
vn -0.4505456 0.7178758 0.5307199
vn -0.2871188 0.566846 0.7721717
vn -0.1212588 0.7181872 0.6852039
vn 0.1396975 0.566162 0.8123705
vn 0.2360751 0.7175686 0.6552591
vn 0.5237942 0.5665002 0.6361741
vn 0.530746 0.7178746 0.4505168
vn 0.772182 0.5668435 0.2870952
vn 0.6852078 0.7181848 0.1212485
vn 0.8123764 0.5661579 -0.1396789
vn 0.6552744 0.7175648 -0.2360438
vn 0.6362079 0.5665005 -0.5237529
vn 0.4505455 0.7178748 -0.5307212
vn 0.2871187 0.5668445 -0.7721727
vn 0.1212587 0.7181858 -0.6852052
vn -0.1396975 0.5661604 -0.8123716
vn -0.2360752 0.7175674 -0.6552604
vn -4.448717E-08 1 -9.536743E-07
vn -0.6314791 -0.7178742 -0.2930717
vn -0.8880737 -0.4597014 4.384065E-07
vn -0.6741734 -0.5665 -0.4738865
vn -0.4348979 -0.9004801 8.58765E-07
vn -0.4440383 -0.4597016 -0.7690936
vn -0.3473744 -0.7192553 -0.6016673
vn -0.0733114 -0.5665008 -0.8207942
vn 0.06193401 -0.7178751 -0.6934121
vn 0.4440383 -0.4597015 -0.7690936
vn 0.2174499 -0.9004802 -0.376632
vn 0.7691014 -0.4597031 -0.4440228
vn 0.6016728 -0.7192568 -0.3473614
vn 0.8207977 -0.5664965 -0.07329997
vn 0.6934166 -0.7178711 0.06192555
vn 0.7691014 -0.4597022 0.4440237
vn 0.3766353 -0.9004805 0.2174427
vn 0.4440231 -0.4597019 0.7691022
vn 0.347362 -0.7192559 0.6016737
vn 0.07330051 -0.5664957 0.8207986
vn -0.06192481 -0.7178705 0.6934175
vn -0.444023 -0.459702 0.7691022
vn -0.2174417 -0.9004804 0.3766363
vn -0.7690938 -0.4597004 0.4440389
vn -0.6016677 -0.7192544 0.3473752
vn 0.06193472 -0.717874 0.6934131
vn -0.4440395 -0.4597 0.7690939
vn -0.08896457 9.45935E-07 0.9960352
vn 0.5000028 8.481483E-07 0.866024
vn 0.2174505 -0.9004794 0.3766335
vn 0.7690932 -0.4597002 0.4440401
vn 0.8660237 5.153668E-07 0.500003
vn 0.9960346 1.291558E-07 0.0889665
vn 0.6934128 -0.7178745 -0.06193125
vn 0.8660212 -4.383173E-07 -0.5000075
vn 0.3766305 -0.9004804 -0.2174511
vn 0.4440335 -0.4597006 -0.769097
vn 0.4999958 -8.036651E-07 -0.8660281
vn 0.08896457 -9.45935E-07 -0.9960352
vn -0.06193466 -0.7178753 -0.6934118
vn -0.5000028 -8.481483E-07 -0.866024
vn -0.2174505 -0.9004802 -0.3766318
vn -0.5695459 -0.7178742 -0.4003429
vn -0.9070709 -4.418288E-07 -0.420978
vn -0.8880736 -0.4597017 4.384068E-07
vn -1 -4.448717E-08 1.460165E-12
vn -0.8660237 4.383129E-07 0.500003
vn -0.3766325 -0.9004796 0.2174514
vn -0.5000029 8.036609E-07 0.866024
vn -0.06192931 0.7178734 0.6934142
vn -0.2930636 0.7178754 0.6314819
vn 0.06192924 0.7178734 0.6934142
vn -0.4003387 0.7178752 0.5695477
vn 0.2930635 0.7178754 0.6314819
vn 0.4003387 0.7178753 0.5695477
vn 0.5695481 0.7178751 0.4003382
vn 0.6314823 0.7178751 0.293063
vn -0.5695482 0.7178751 0.4003382
vn -0.6314824 0.7178751 0.293063
vn -0.6934147 0.7178728 0.06192861
vn -0.6934147 0.7178727 -0.06192998
vn 0.6934146 0.7178729 0.06192861
vn 0.6934146 0.7178727 -0.06192998
vn 0.6314801 0.7178751 -0.2930672
vn 0.5695432 0.717875 -0.4003452
vn 0.4003342 0.7178733 -0.5695533
vn 0.2930632 0.7178733 -0.6314844
vn 0.06193193 0.7178723 -0.6934151
vn -0.06192799 0.7178723 -0.6934155
vn -0.2930636 0.7178742 -0.6314833
vn -0.4003387 0.7178742 -0.569549
vn -0.6741759 0.5664999 -0.4738829
vn -0.6314824 0.7178745 -0.2930643
vn -0.5111606 0.8385735 -0.1884406
vn 0.4003376 0.717873 -0.5695513
vn 0.6314778 0.7178743 -0.2930745
vn 0.8010799 -0.3018566 -0.5168694
vn 0.8600951 -0.5057172 -0.06698201
vn 0.6934135 0.7178739 0.06192834
vn 0.718058 -0.642183 0.2683171
vn 0.5695473 0.7178748 0.4003399
vn 0.4029449 -0.7585065 -0.5121562
vn -2.728468E-08 0.6132898 -0.7898585
vn 0.09786128 -0.449165 -0.8880736
vn 0.5631678 -0.5243582 0.6386634
vn 0.2930692 0.7178749 0.6314798
vn 0.09785688 -0.4491635 0.8880748
vn -3.740226E-08 0.8407608 0.5414075
vn 0.03630821 -0.924152 -0.3802966
vn -0.2681382 0.7085522 -0.6527299
vn -0.6578832 -0.365186 -0.6586573
vn -0.7211821 -0.6315152 0.2847549
vn -0.4727834 0.7558587 0.4529392
vn -0.2405243 -0.5641316 0.7898761
vn -0.2257635 0.7085534 0.6685684
vn -4.448717E-08 1 -9.536743E-07
vn -4.448717E-08 1 -9.536743E-07
vn -4.448717E-08 1 -9.536743E-07
vn -4.448717E-08 1 -9.536743E-07
vn -4.448717E-08 1 -9.536743E-07
vn -4.448717E-08 1 -9.536743E-07
vn -4.448717E-08 1 -9.536743E-07
vn -4.448717E-08 1 -9.536743E-07
vn -4.448717E-08 1 -9.536743E-07
vn -4.448717E-08 1 -9.536743E-07
vn -4.448717E-08 1 -9.536743E-07
vn -4.448717E-08 1 -9.536743E-07
vn 4.448717E-08 -1 9.536743E-07

vt 0.061612 0.110246
vt 0.055789 0.079682
vt 0.059706 0.07931
vt 0.057695 0.110618
vt 0.051275 0.079959
vt 0.053181 0.110895
vt 0.047372 0.080066
vt 0.049278 0.111002
vt 0.045127 0.079974
vt 0.047033 0.11091
vt 0.045142 0.07971
vt 0.047048 0.110646
vt 0.047412 0.079342
vt 0.049318 0.110278
vt 0.051329 0.07897
vt 0.053235 0.109906
vt 0.055843 0.078694
vt 0.05775 0.10963
vt 0.059746 0.078587
vt 0.061652 0.109523
vt 0.061991 0.078678
vt 0.063897 0.109614
vt 0.061976 0.078943
vt 0.063882 0.109879
vt 0.061186 0.110002
vt 0.059643 0.110252
vt 0.061196 0.109822
vt 0.05967 0.10976
vt 0.057018 0.109833
vt 0.053949 0.11002
vt 0.051287 0.110273
vt 0.049744 0.110523
vt 0.049734 0.110703
vt 0.05126 0.110765
vt 0.053912 0.110692
vt 0.056981 0.110504
vt 0.228232 0.132409
vt 0.205063 0.121539
vt 0.232671 0.123148
vt 0.208429 0.1308
vt 0.215524 0.110041
vt 0.205405 0.115688
vt 0.209075 0.101261
vt 0.216283 0.101682
vt 0.22306 0.11048
vt 0.233013 0.117297
vt 0.22375 0.102117
vt 0.230959 0.102537
vt 0.098385 0.069645
vt 0.097776 0.070171
vt 0.098139 0.070266
vt 0.097559 0.069936
vt 0.097552 0.069609
vt 0.097775 0.069271
vt 0.098185 0.069019
vt 0.098664 0.068939
vt 0.099063 0.069059
vt 0.09926 0.069336
vt 0.099212 0.06968
vt 0.098953 0.069994
vt 0.098563 0.070203
vt 0.064433 0.080772
vt 0.07074 0.074625
vt 0.064102 0.075005
vt 0.071072 0.080392
vt 0.064112 0.060853
vt 0.063271 0.060786
vt 0.06326 0.061198
vt 0.064102 0.061265
vt 0.070725 0.075199
vt 0.063825 0.069442
vt 0.063814 0.069873
vt 0.070714 0.07563
vt 0.064091 0.061692
vt 0.063249 0.061625
vt 0.063238 0.062038
vt 0.06408 0.062104
vt 0.062795 0.08978
vt 0.06915 0.089384
vt 0.069109 0.090963
vt 0.062755 0.091358
vt 0.07272 0.08197
vt 0.06575 0.076584
vt 0.072388 0.076204
vt 0.066081 0.08235
vt 0.064927 0.062038
vt 0.065769 0.062104
vt 0.070798 0.090963
vt 0.064443 0.091358
vt 0.223478 0.116607
vt 0.204995 0.121441
vt 0.233479 0.123052
vt 0.215703 0.116168
vt 0.233832 0.117193
vt 0.205348 0.115582
vt 0.231712 0.103192
vt 0.224275 0.102771
vt 0.216571 0.102335
vt 0.209134 0.101914
vt 0.208459 0.130714
vt 0.228889 0.132325
vt 0.046054 0.091167
vt 0.040694 0.093158
vt 0.046272 0.092731
vt 0.040476 0.091594
vt 0.036226 0.082263
vt 0.042865 0.081894
vt 0.035907 0.076496
vt 0.042546 0.076127
vt 0.040944 0.062065
vt 0.041773 0.061905
vt 0.04183 0.062313
vt 0.041001 0.062474
vt 0.035987 0.077065
vt 0.042196 0.070567
vt 0.042255 0.070994
vt 0.036046 0.077491
vt 0.04106 0.062897
vt 0.041889 0.062736
vt 0.041946 0.063144
vt 0.041117 0.063305
vt 0.040631 0.084138
vt 0.038627 0.092275
vt 0.035061 0.084448
vt 0.043305 0.091917
vt 0.040363 0.0793
vt 0.034794 0.07961
vt 0.039676 0.067097
vt 0.038981 0.067232
vt 0.233479 0.126879
vt 0.208459 0.13457
vt 0.204995 0.125296
vt 0.228889 0.136152
vt 0.223478 0.120443
vt 0.233832 0.121018
vt 0.215703 0.120011
vt 0.205348 0.119436
vt 0.215196 0.104957
vt 0.214327 0.120109
vt 0.209134 0.104446
vt 0.224657 0.120541
vt 0.231712 0.1057
vt 0.225454 0.105385
vt 0.233418 0.123158
vt 0.215726 0.110069
vt 0.204934 0.121576
vt 0.223501 0.110501
vt 0.205286 0.115716
vt 0.233771 0.117298
vt 0.224214 0.102104
vt 0.231651 0.102517
vt 0.209073 0.101263
vt 0.21651 0.101676
vt 0.228837 0.132432
vt 0.208407 0.130849
vt 0.855337 0.464095
vt 0.831947 0.467464
vt 0.855337 0.467464
vt 0.831947 0.464095
vt 0.831947 0.477693
vt 0.855337 0.477693
vt 0.831947 0.525971
vt 0.855337 0.525971
vt 0.831947 0.549324
vt 0.855337 0.549324
vt 0.831947 0.569038
vt 0.855337 0.569038
vt 0.831947 0.587243
vt 0.855337 0.587243
vt 0.831947 0.601968
vt 0.855337 0.601968
vt 0.831947 0.611618
vt 0.855337 0.611618
vt 0.831947 0.615793
vt 0.855337 0.615793
vt 0.831947 0.49834
vt 0.855337 0.490471
vt 0.855337 0.49834
vt 0.831947 0.490471
vt 0.831947 0.532372
vt 0.855337 0.532372
vt 0.831947 0.545294
vt 0.855337 0.545294
vt 0.831947 0.559942
vt 0.855337 0.559942
vt 0.831947 0.572271
vt 0.855337 0.572271
vt 0.831947 0.581974
vt 0.855337 0.581974
vt 0.831947 0.589603
vt 0.855337 0.589603
vt 0.812531 0.828199
vt 0.833029 0.807357
vt 0.832961 0.832152
vt 0.796205 0.819063
vt 0.812878 0.800134
vt 0.78373 0.805123
vt 0.804564 0.790949
vt 0.776454 0.787888
vt 0.80041 0.779277
vt 0.775167 0.769225
vt 0.80015 0.76541
vt 0.776627 0.747117
vt 0.801455 0.753177
vt 0.805743 0.701412
vt 0.823722 0.720959
vt 0.82169 0.691729
vt 0.838423 0.713509
vt 0.838567 0.688539
vt 0.73835 0.904821
vt 0.717852 0.925663
vt 0.738282 0.929615
vt 0.701526 0.916527
vt 0.718198 0.897598
vt 0.68905 0.902587
vt 0.709885 0.888413
vt 0.681775 0.885352
vt 0.705731 0.876741
vt 0.680488 0.866689
vt 0.705471 0.862874
vt 0.681948 0.844581
vt 0.706776 0.850641
vt 0.711063 0.798876
vt 0.729043 0.818423
vt 0.727011 0.789193
vt 0.743744 0.810973
vt 0.743888 0.786003
vt 0.853491 0.819889
vt 0.855347 0.819174
vt 0.855671 0.823283
vt 0.853243 0.815842
vt 0.855091 0.822834
vt 0.8554 0.827007
vt 0.852648 0.825849
vt 0.852864 0.83007
vt 0.848717 0.827486
vt 0.848789 0.83173
vt 0.844294 0.827373
vt 0.844208 0.831614
vt 0.840467 0.825537
vt 0.840241 0.829748
vt 0.83821 0.8224
vt 0.837898 0.826559
vt 0.838179 0.81873
vt 0.83786 0.822826
vt 0.840487 0.81551
vt 0.840251 0.819547
vt 0.844571 0.813678
vt 0.844489 0.81768
vt 0.849281 0.813801
vt 0.849379 0.817807
vt 0.846709 0.8208
vt 0.207492 0.097718
vt 0.199842 0.095121
vt 0.207492 0.095121
vt 0.199842 0.097718
vt 0.213092 0.097718
vt 0.213092 0.095121
vt 0.215142 0.095121
vt 0.215142 0.097718
vt 0.213092 0.095121
vt 0.213092 0.097718
vt 0.207492 0.097718
vt 0.207492 0.095121
vt 0.199842 0.095121
vt 0.199842 0.097718
vt 0.192192 0.095121
vt 0.192192 0.097718
vt 0.186591 0.097718
vt 0.186591 0.095121
vt 0.184541 0.095121
vt 0.184541 0.097718
vt 0.186591 0.095121
vt 0.186591 0.097718
vt 0.192192 0.097718
vt 0.192192 0.095121
vt 0.173627 0.097718
vt 0.177139 0.097718
vt 0.173627 0.106264
vt 0.177139 0.106264
vt 0.177139 0.097718
vt 0.186734 0.097718
vt 0.186734 0.106264
vt 0.199842 0.106264
vt 0.199842 0.097718
vt 0.212949 0.106264
vt 0.212949 0.097718
vt 0.222544 0.097718
vt 0.222544 0.106264
vt 0.226057 0.106264
vt 0.226057 0.097718
vt 0.222544 0.106264
vt 0.222544 0.097718
vt 0.212949 0.097718
vt 0.212949 0.106264
vt 0.199842 0.097718
vt 0.199842 0.106264
vt 0.186734 0.106264
vt 0.186734 0.097718
vt 0.177139 0.106264
vt 0.17256 0.115647
vt 0.176215 0.119858
vt 0.17256 0.119858
vt 0.176215 0.115647
vt 0.176215 0.115647
vt 0.176215 0.119858
vt 0.186201 0.115647
vt 0.186201 0.119858
vt 0.186201 0.119858
vt 0.186201 0.115647
vt 0.199842 0.119858
vt 0.199842 0.115647
vt 0.199842 0.115647
vt 0.199842 0.119858
vt 0.213482 0.115647
vt 0.213482 0.119858
vt 0.223468 0.115647
vt 0.223468 0.119858
vt 0.227123 0.115647
vt 0.227123 0.119858
vt 0.223468 0.115647
vt 0.223468 0.119858
vt 0.213482 0.115647
vt 0.213482 0.119858
vt 0.212583 0.115647
vt 0.228365 0.115647
vt 0.21631 0.115647
vt 0.21631 0.106441
vt 0.199842 0.107184
vt 0.199842 0.115647
vt 0.183374 0.106441
vt 0.183374 0.115647
vt 0.228365 0.104409
vt 0.232778 0.115647
vt 0.232778 0.101634
vt 0.171318 0.104409
vt 0.171318 0.115647
vt 0.166906 0.101634
vt 0.166906 0.115647
vt 0.228365 0.098859
vt 0.228365 0.115647
vt 0.212583 0.096827
vt 0.187101 0.096827
vt 0.187101 0.115647
vt 0.171318 0.098859
vt 0.171318 0.115647
vt 0.212298 0.119858
vt 0.199842 0.119858
vt 0.221417 0.119858
vt 0.224754 0.119858
vt 0.221417 0.119858
vt 0.212298 0.119858
vt 0.199842 0.119858
vt 0.187385 0.119858
vt 0.178267 0.119858
vt 0.174929 0.119858
vt 0.178267 0.119858
vt 0.187385 0.119858
vt 0.199842 0.095121
f 486/486/486 485/485/485 487/487/487
f 488/488/488 485/485/485 486/486/486
f 486/486/486 489/489/489 488/488/488
f 488/488/488 489/489/489 490/490/490
f 489/489/489 491/491/491 490/490/490
f 490/490/490 491/491/491 492/492/492
f 491/491/491 493/493/493 492/492/492
f 492/492/492 493/493/493 494/494/494
f 493/493/493 495/495/495 494/494/494
f 494/494/494 495/495/495 496/496/496
f 495/495/495 497/497/497 496/496/496
f 496/496/496 497/497/497 498/498/498
f 497/497/497 499/499/499 498/498/498
f 498/498/498 499/499/499 500/500/500
f 499/499/499 501/501/501 500/500/500
f 500/500/500 501/501/501 502/502/502
f 501/501/501 503/503/503 502/502/502
f 502/502/502 503/503/503 504/504/504
f 503/503/503 505/505/505 504/504/504
f 504/504/504 505/505/505 506/506/506
f 505/505/505 507/507/507 506/506/506
f 506/506/506 507/507/507 508/508/508
f 507/507/507 487/487/487 508/508/508
f 508/508/508 487/487/487 485/485/485
f 508/508/508 485/485/485 509/509/509
f 509/509/509 485/485/485 510/510/510
f 511/511/511 508/508/508 509/509/509
f 506/506/506 508/508/508 511/511/511
f 512/512/512 506/506/506 511/511/511
f 504/504/504 506/506/506 512/512/512
f 513/513/513 504/504/504 512/512/512
f 502/502/502 504/504/504 513/513/513
f 514/514/514 502/502/502 513/513/513
f 500/500/500 502/502/502 514/514/514
f 515/515/515 500/500/500 514/514/514
f 498/498/498 500/500/500 515/515/515
f 516/516/516 498/498/498 515/515/515
f 496/496/496 498/498/498 516/516/516
f 517/517/517 496/496/496 516/516/516
f 494/494/494 496/496/496 517/517/517
f 518/518/518 494/494/494 517/517/517
f 492/492/492 494/494/494 518/518/518
f 519/519/519 492/492/492 518/518/518
f 490/490/490 492/492/492 519/519/519
f 520/520/520 490/490/490 519/519/519
f 488/488/488 490/490/490 520/520/520
f 510/510/510 488/488/488 520/520/520
f 485/485/485 488/488/488 510/510/510
f 522/522/522 521/521/521 523/523/523
f 524/524/524 521/521/521 522/522/522
f 522/522/522 523/523/523 525/525/525
f 525/525/525 526/526/526 522/522/522
f 526/526/526 525/525/525 527/527/527
f 527/527/527 525/525/525 528/528/528
f 525/525/525 523/523/523 529/529/529
f 530/530/530 529/529/529 523/523/523
f 529/529/529 530/530/530 531/531/531
f 531/531/531 530/530/530 532/532/532
f 534/534/534 533/533/533 535/535/535
f 536/536/536 533/533/533 534/534/534
f 537/537/537 533/533/533 536/536/536
f 538/538/538 533/533/533 537/537/537
f 539/539/539 533/533/533 538/538/538
f 540/540/540 533/533/533 539/539/539
f 541/541/541 533/533/533 540/540/540
f 542/542/542 533/533/533 541/541/541
f 543/543/543 533/533/533 542/542/542
f 544/544/544 533/533/533 543/543/543
f 545/545/545 533/533/533 544/544/544
f 535/535/535 533/533/533 545/545/545
f 547/547/547 546/546/546 548/548/548
f 549/549/549 546/546/546 547/547/547
f 547/547/547 548/548/548 550/550/550
f 550/550/550 548/548/548 551/551/551
f 552/552/552 550/550/550 551/551/551
f 553/553/553 550/550/550 552/552/552
f 552/552/552 554/554/554 553/553/553
f 555/555/555 554/554/554 552/552/552
f 556/556/556 554/554/554 555/555/555
f 557/557/557 554/554/554 556/556/556
f 557/557/557 556/556/556 558/558/558
f 558/558/558 556/556/556 559/559/559
f 560/560/560 558/558/558 559/559/559
f 561/561/561 558/558/558 560/560/560
f 546/546/546 549/549/549 562/562/562
f 562/562/562 549/549/549 563/563/563
f 564/564/564 562/562/562 563/563/563
f 565/565/565 562/562/562 564/564/564
f 567/567/567 566/566/566 568/568/568
f 569/569/569 566/566/566 567/567/567
f 567/567/567 568/568/568 570/570/570
f 570/570/570 568/568/568 571/571/571
f 566/566/566 569/569/569 572/572/572
f 572/572/572 569/569/569 573/573/573
f 575/575/575 574/574/574 576/576/576
f 577/577/577 574/574/574 575/575/575
f 574/574/574 578/578/578 576/576/576
f 579/579/579 577/577/577 575/575/575
f 578/578/578 574/574/574 580/580/580
f 580/580/580 574/574/574 581/581/581
f 577/577/577 579/579/579 582/582/582
f 582/582/582 579/579/579 583/583/583
f 575/575/575 576/576/576 584/584/584
f 584/584/584 576/576/576 585/585/585
f 587/587/587 586/586/586 588/588/588
f 589/589/589 586/586/586 587/587/587
f 589/589/589 590/590/590 586/586/586
f 586/586/586 590/590/590 591/591/591
f 592/592/592 591/591/591 590/590/590
f 593/593/593 591/591/591 592/592/592
f 594/594/594 593/593/593 592/592/592
f 595/595/595 593/593/593 594/594/594
f 595/595/595 594/594/594 596/596/596
f 596/596/596 594/594/594 597/597/597
f 597/597/597 598/598/598 596/596/596
f 596/596/596 598/598/598 599/599/599
f 599/599/599 598/598/598 600/600/600
f 600/600/600 598/598/598 601/601/601
f 602/602/602 600/600/600 601/601/601
f 603/603/603 600/600/600 602/602/602
f 603/603/603 602/602/602 604/604/604
f 604/604/604 602/602/602 605/605/605
f 607/607/607 606/606/606 608/608/608
f 609/609/609 606/606/606 607/607/607
f 610/610/610 608/608/608 606/606/606
f 611/611/611 608/608/608 610/610/610
f 612/612/612 611/611/611 610/610/610
f 613/613/613 611/611/611 612/612/612
f 615/615/615 614/614/614 616/616/616
f 617/617/617 614/614/614 615/615/615
f 614/614/614 618/618/618 616/616/616
f 614/614/614 619/619/619 618/618/618
f 616/616/616 618/618/618 620/620/620
f 616/616/616 620/620/620 621/621/621
f 622/622/622 621/621/621 623/623/623
f 624/624/624 621/621/621 622/622/622
f 626/626/626 625/625/625 619/619/619
f 627/627/627 625/625/625 626/626/626
f 629/629/629 628/628/628 630/630/630
f 631/631/631 628/628/628 629/629/629
f 630/630/630 632/632/632 629/629/629
f 631/631/631 633/633/633 628/628/628
f 634/634/634 633/633/633 631/631/631
f 635/635/635 633/633/633 634/634/634
f 636/636/636 629/629/629 632/632/632
f 637/637/637 629/629/629 636/636/636
f 638/638/638 630/630/630 628/628/628
f 639/639/639 630/630/630 638/638/638
f 641/641/641 640/640/640 642/642/642
f 643/643/643 640/640/640 641/641/641
f 641/641/641 642/642/642 644/644/644
f 644/644/644 642/642/642 645/645/645
f 644/644/644 645/645/645 646/646/646
f 646/646/646 645/645/645 647/647/647
f 646/646/646 647/647/647 648/648/648
f 648/648/648 647/647/647 649/649/649
f 648/648/648 649/649/649 650/650/650
f 650/650/650 649/649/649 651/651/651
f 650/650/650 651/651/651 652/652/652
f 652/652/652 651/651/651 653/653/653
f 652/652/652 653/653/653 654/654/654
f 654/654/654 653/653/653 655/655/655
f 654/654/654 655/655/655 656/656/656
f 656/656/656 655/655/655 657/657/657
f 656/656/656 657/657/657 658/658/658
f 658/658/658 657/657/657 659/659/659
f 661/661/661 660/660/660 662/662/662
f 663/663/663 660/660/660 661/661/661
f 664/664/664 662/662/662 660/660/660
f 665/665/665 662/662/662 664/664/664
f 666/666/666 665/665/665 664/664/664
f 667/667/667 665/665/665 666/666/666
f 666/666/666 668/668/668 667/667/667
f 667/667/667 668/668/668 669/669/669
f 668/668/668 670/670/670 669/669/669
f 669/669/669 670/670/670 671/671/671
f 670/670/670 672/672/672 671/671/671
f 671/671/671 672/672/672 673/673/673
f 672/672/672 674/674/674 673/673/673
f 673/673/673 674/674/674 675/675/675
f 677/677/677 676/676/676 678/678/678
f 677/677/677 679/679/679 676/676/676
f 680/680/680 679/679/679 677/677/677
f 680/680/680 681/681/681 679/679/679
f 682/682/682 681/681/681 680/680/680
f 682/682/682 683/683/683 681/681/681
f 684/684/684 683/683/683 682/682/682
f 684/684/684 685/685/685 683/683/683
f 686/686/686 685/685/685 684/684/684
f 686/686/686 687/687/687 685/685/685
f 688/688/688 687/687/687 686/686/686
f 688/688/688 689/689/689 687/687/687
f 690/690/690 689/689/689 688/688/688
f 690/690/690 691/691/691 689/689/689
f 692/692/692 691/691/691 690/690/690
f 692/692/692 693/693/693 691/691/691
f 695/695/695 694/694/694 696/696/696
f 697/697/697 694/694/694 695/695/695
f 698/698/698 694/694/694 697/697/697
f 699/699/699 698/698/698 697/697/697
f 700/700/700 698/698/698 699/699/699
f 701/701/701 700/700/700 699/699/699
f 702/702/702 700/700/700 701/701/701
f 701/701/701 703/703/703 702/702/702
f 702/702/702 703/703/703 704/704/704
f 705/705/705 704/704/704 703/703/703
f 706/706/706 704/704/704 705/705/705
f 707/707/707 706/706/706 705/705/705
f 708/708/708 706/706/706 707/707/707
f 709/709/709 708/708/708 707/707/707
f 710/710/710 708/708/708 709/709/709
f 711/711/711 710/710/710 709/709/709
f 713/713/713 712/712/712 714/714/714
f 715/715/715 712/712/712 713/713/713
f 713/713/713 714/714/714 716/716/716
f 716/716/716 714/714/714 717/717/717
f 716/716/716 717/717/717 718/718/718
f 718/718/718 717/717/717 719/719/719
f 718/718/718 719/719/719 720/720/720
f 720/720/720 719/719/719 721/721/721
f 720/720/720 721/721/721 722/722/722
f 722/722/722 721/721/721 723/723/723
f 722/722/722 723/723/723 724/724/724
f 724/724/724 723/723/723 725/725/725
f 724/724/724 725/725/725 726/726/726
f 726/726/726 725/725/725 727/727/727
f 726/726/726 727/727/727 728/728/728
f 728/728/728 727/727/727 729/729/729
f 728/728/728 729/729/729 730/730/730
f 730/730/730 729/729/729 731/731/731
f 730/730/730 731/731/731 732/732/732
f 732/732/732 731/731/731 733/733/733
f 732/732/732 733/733/733 734/734/734
f 734/734/734 733/733/733 735/735/735
f 734/734/734 735/735/735 715/715/715
f 715/715/715 735/735/735 712/712/712
f 736/736/736 734/734/734 715/715/715
f 736/736/736 732/732/732 734/734/734
f 736/736/736 730/730/730 732/732/732
f 736/736/736 728/728/728 730/730/730
f 736/736/736 726/726/726 728/728/728
f 736/736/736 724/724/724 726/726/726
f 736/736/736 722/722/722 724/724/724
f 736/736/736 720/720/720 722/722/722
f 736/736/736 718/718/718 720/720/720
f 736/736/736 716/716/716 718/718/718
f 736/736/736 713/713/713 716/716/716
f 736/736/736 715/715/715 713/713/713
f 738/738/738 737/737/737 739/739/739
f 740/740/740 737/737/737 738/738/738
f 737/737/737 741/741/741 739/739/739
f 739/739/739 741/741/741 742/742/742
f 742/742/742 741/741/741 743/743/743
f 743/743/743 741/741/741 744/744/744
f 743/743/743 744/744/744 745/745/745
f 745/745/745 744/744/744 746/746/746
f 746/746/746 747/747/747 745/745/745
f 745/745/745 747/747/747 748/748/748
f 748/748/748 747/747/747 749/749/749
f 749/749/749 747/747/747 750/750/750
f 749/749/749 750/750/750 751/751/751
f 751/751/751 750/750/750 752/752/752
f 752/752/752 753/753/753 751/751/751
f 751/751/751 753/753/753 754/754/754
f 754/754/754 753/753/753 755/755/755
f 755/755/755 753/753/753 756/756/756
f 755/755/755 756/756/756 757/757/757
f 757/757/757 756/756/756 758/758/758
f 758/758/758 759/759/759 757/757/757
f 757/757/757 759/759/759 760/760/760
f 760/760/760 759/759/759 738/738/738
f 738/738/738 759/759/759 740/740/740
f 756/756/756 761/761/761 758/758/758
f 758/758/758 761/761/761 762/762/762
f 761/761/761 763/763/763 762/762/762
f 761/761/761 764/764/764 763/763/763
f 765/765/765 764/764/764 761/761/761
f 752/752/752 765/765/765 753/753/753
f 756/756/756 765/765/765 761/761/761
f 753/753/753 765/765/765 756/756/756
f 766/766/766 764/764/764 765/765/765
f 767/767/767 764/764/764 766/766/766
f 766/766/766 768/768/768 767/767/767
f 769/769/769 768/768/768 766/766/766
f 769/769/769 770/770/770 768/768/768
f 771/771/771 770/770/770 769/769/769
f 772/772/772 770/770/770 771/771/771
f 773/773/773 770/770/770 772/772/772
f 772/772/772 774/774/774 773/773/773
f 775/775/775 774/774/774 772/772/772
f 775/775/775 776/776/776 774/774/774
f 777/777/777 776/776/776 775/775/775
f 778/778/778 776/776/776 777/777/777
f 779/779/779 776/776/776 778/778/778
f 780/780/780 779/779/779 778/778/778
f 781/781/781 779/779/779 780/780/780
f 780/780/780 782/782/782 781/781/781
f 783/783/783 782/782/782 780/780/780
f 762/762/762 782/782/782 783/783/783
f 784/784/784 782/782/782 762/762/762
f 762/762/762 763/763/763 784/784/784
f 740/740/740 783/783/783 780/780/780
f 780/780/780 778/778/778 740/740/740
f 759/759/759 783/783/783 740/740/740
f 778/778/778 777/777/777 737/737/737
f 740/740/740 778/778/778 737/737/737
f 737/737/737 777/777/777 741/741/741
f 744/744/744 777/777/777 775/775/775
f 741/741/741 777/777/777 744/744/744
f 758/758/758 783/783/783 759/759/759
f 762/762/762 783/783/783 758/758/758
f 744/744/744 775/775/775 746/746/746
f 746/746/746 775/775/775 772/772/772
f 772/772/772 771/771/771 746/746/746
f 746/746/746 771/771/771 747/747/747
f 747/747/747 771/771/771 750/750/750
f 750/750/750 771/771/771 769/769/769
f 750/750/750 769/769/769 752/752/752
f 752/752/752 769/769/769 766/766/766
f 766/766/766 765/765/765 752/752/752
f 786/786/786 785/785/785 787/787/787
f 788/788/788 785/785/785 786/786/786
f 785/785/785 789/789/789 787/787/787
f 787/787/787 789/789/789 790/790/790
f 789/789/789 791/791/791 790/790/790
f 790/790/790 791/791/791 792/792/792
f 793/793/793 788/788/788 786/786/786
f 794/794/794 788/788/788 793/793/793
f 795/795/795 794/794/794 793/793/793
f 796/796/796 794/794/794 795/795/795
f 791/791/791 797/797/797 792/792/792
f 792/792/792 797/797/797 798/798/798
f 797/797/797 799/799/799 798/798/798
f 798/798/798 799/799/799 800/800/800
f 799/799/799 801/801/801 800/800/800
f 800/800/800 801/801/801 802/802/802
f 801/801/801 803/803/803 802/802/802
f 802/802/802 803/803/803 804/804/804
f 803/803/803 805/805/805 804/804/804
f 804/804/804 805/805/805 806/806/806
f 805/805/805 807/807/807 806/806/806
f 806/806/806 807/807/807 808/808/808
f 808/808/808 796/796/796 795/795/795
f 807/807/807 796/796/796 808/808/808
f 807/807/807 809/809/809 796/796/796
f 805/805/805 809/809/809 807/807/807
f 799/799/799 810/810/810 801/801/801
f 811/811/811 810/810/810 799/799/799
f 797/797/797 811/811/811 799/799/799
f 812/812/812 810/810/810 811/811/811
f 812/812/812 811/811/811 813/813/813
f 813/813/813 811/811/811 814/814/814
f 813/813/813 814/814/814 815/815/815
f 815/815/815 814/814/814 816/816/816
f 817/817/817 810/810/810 812/812/812
f 813/813/813 817/817/817 812/812/812
f 813/813/813 815/815/815 817/817/817
f 817/817/817 818/818/818 810/810/810
f 819/819/819 818/818/818 817/817/817
f 815/815/815 816/816/816 820/820/820
f 820/820/820 816/816/816 821/821/821
f 820/820/820 821/821/821 822/822/822
f 822/822/822 821/821/821 823/823/823
f 824/824/824 818/818/818 819/819/819
f 817/817/817 824/824/824 819/819/819
f 817/817/817 815/815/815 824/824/824
f 824/824/824 820/820/820 822/822/822
f 815/815/815 820/820/820 824/824/824
f 825/825/825 818/818/818 824/824/824
f 826/826/826 825/825/825 824/824/824
f 809/809/809 825/825/825 826/826/826
f 827/827/827 809/809/809 826/826/826
f 824/824/824 827/827/827 826/826/826
f 828/828/828 809/809/809 827/827/827
f 829/829/829 828/828/828 827/827/827
f 829/829/829 824/824/824 822/822/822
f 827/827/827 824/824/824 829/829/829
f 830/830/830 828/828/828 829/829/829
f 822/822/822 830/830/830 829/829/829
f 823/823/823 830/830/830 822/822/822
f 828/828/828 830/830/830 794/794/794
f 794/794/794 830/830/830 788/788/788
f 830/830/830 823/823/823 788/788/788
f 823/823/823 821/821/821 785/785/785
f 788/788/788 823/823/823 785/785/785
f 785/785/785 821/821/821 789/789/789
f 821/821/821 816/816/816 789/789/789
f 789/789/789 816/816/816 791/791/791
f 816/816/816 814/814/814 791/791/791
f 791/791/791 814/814/814 797/797/797
f 814/814/814 811/811/811 797/797/797
f 825/825/825 809/809/809 805/805/805
f 796/796/796 828/828/828 794/794/794
f 809/809/809 828/828/828 796/796/796
f 803/803/803 825/825/825 805/805/805
f 818/818/818 825/825/825 803/803/803
f 801/801/801 818/818/818 803/803/803
f 810/810/810 818/818/818 801/801/801
f 831/831/831 795/795/795 832/832/832
f 808/808/808 795/795/795 831/831/831
f 833/833/833 808/808/808 831/831/831
f 806/806/806 808/808/808 833/833/833
f 834/834/834 806/806/806 833/833/833
f 804/804/804 806/806/806 834/834/834
f 835/835/835 804/804/804 834/834/834
f 802/802/802 804/804/804 835/835/835
f 836/836/836 802/802/802 835/835/835
f 800/800/800 802/802/802 836/836/836
f 837/837/837 800/800/800 836/836/836
f 798/798/798 800/800/800 837/837/837
f 838/838/838 798/798/798 837/837/837
f 792/792/792 798/798/798 838/838/838
f 839/839/839 792/792/792 838/838/838
f 790/790/790 792/792/792 839/839/839
f 840/840/840 790/790/790 839/839/839
f 787/787/787 790/790/790 840/840/840
f 841/841/841 787/787/787 840/840/840
f 786/786/786 787/787/787 841/841/841
f 842/842/842 786/786/786 841/841/841
f 793/793/793 786/786/786 842/842/842
f 832/832/832 793/793/793 842/842/842
f 795/795/795 793/793/793 832/832/832
f 843/843/843 755/755/755 757/757/757
f 843/843/843 754/754/754 755/755/755
f 751/751/751 754/754/754 843/843/843
f 757/757/757 760/760/760 843/843/843
f 843/843/843 760/760/760 738/738/738
f 843/843/843 749/749/749 751/751/751
f 843/843/843 748/748/748 749/749/749
f 745/745/745 748/748/748 843/843/843
f 843/843/843 743/743/743 745/745/745
f 843/843/843 742/742/742 743/743/743
f 739/739/739 742/742/742 843/843/843
f 738/738/738 739/739/739 843/843/843
v -1.150279 -1.074866 0.7513977
v -1.083428 -1.178725 0.7800986
v -1.183684 -1.11475 0.7439052
v -1.09272 -1.19753 0.7718572
v -1.083428 -1.178725 0.7800986
v -1.187622 -1.149864 0.7463478
v -1.049073 -1.168446 0.763913
v -1.028455 -1.189008 0.6502634
v -1.032723 -1.17307 0.6329235
v -1.187622 -1.149864 0.7463478
v -1.05365 -1.1668 0.770387
v -1.200903 -1.160035 0.7214653
v -1.05365 -1.1668 0.770387
v -1.023157 -1.202906 0.6651522
v -1.06069 -1.278326 0.6759819
v -1.049628 -1.274988 0.76644
v -1.062229 -1.153855 0.7709863
v -1.16878 -1.108348 0.623889
v -1.15271 -1.204932 0.6075979
v -1.183684 -1.11475 0.7439052
v -1.088655 -1.157524 0.7261654
v -1.141304 -1.124282 0.7075712
v -1.162426 -1.190269 0.7269655
v -1.092791 -1.125813 0.7210233
v -1.189881 -1.163618 0.7220832
v -1.088655 -1.157524 0.7261654
v -1.113665 -1.138715 0.7144691
v -1.201574 -1.164397 0.8790141
v -1.233128 -1.156971 0.8394185
v -1.162426 -1.190269 0.7269655
v -1.10803 -1.157048 0.8949872
v -1.118065 -1.191242 0.8809034
v -1.233128 -1.156971 0.8394185
v -1.048947 -1.164532 0.7836972
v -1.092015 -1.203783 0.8811025
v -1.05575 -1.172258 0.8284186
v -1.048947 -1.164532 0.7836972
v -1.079769 -1.26437 0.837583
v -1.079104 -1.140881 0.7450699
v -1.079769 -1.26437 0.837583
v -1.062229 -1.153855 0.7709863
v -1.049628 -1.274988 0.76644
v -1.185125 -1.297466 0.7299225
v -1.226182 -1.245478 0.7840905
v -1.207057 -1.209921 0.8671606
v -1.200903 -1.160035 0.7214653
v -1.192693 -1.153723 0.7222548
v -1.05365 -1.1668 0.770387
v -1.185125 -1.297466 0.7299225
v -1.175224 -1.264142 0.6561655
v -1.192693 -1.153723 0.7222548
v -1.06069 -1.278326 0.6759819
v -1.175224 -1.264142 0.6561655
v -1.15271 -1.204932 0.6075979
v -1.200903 -1.160035 0.7214653
v -1.187622 -1.149864 0.7463478
v -1.06069 -1.278326 0.6759819
v -1.023157 -1.202906 0.6651522
v -1.049073 -1.168446 0.763913
v -1.032723 -1.17307 0.6329235
v -1.083428 -1.178725 0.7800986
v -1.16878 -1.108348 0.623889
v -1.023157 -1.202906 0.6651522
v -1.032723 -1.17307 0.6329235
v -1.085426 -1.062725 0.6276239
v -1.028455 -1.189008 0.6502634
v -1.123248 -1.146797 0.71421
v -1.113665 -1.138715 0.7144691
v -1.189881 -1.163618 0.7220832
v -1.048947 -1.164532 0.7836972
v -1.079104 -1.140881 0.7450699
v -1.048947 -1.164532 0.7836972
v -1.193803 -1.155214 0.725072
v -1.079104 -1.140881 0.7450699
v -1.192693 -1.153723 0.7222548
v -1.062229 -1.153855 0.7709863
v -1.192693 -1.153723 0.7222548
v -1.226182 -1.245478 0.7840905
v -1.185125 -1.297466 0.7299225
v -1.226182 -1.245478 0.7840905
v -1.232095 -1.178218 0.7726785
v -1.207057 -1.209921 0.8671606
v -1.232095 -1.178218 0.7726785
v -1.233128 -1.156971 0.8394185
v -1.189881 -1.163618 0.7220832
v -1.116317 -1.06053 0.7626974
v -1.09272 -1.19753 0.7718572
v -1.150279 -1.074866 0.7513977
v -1.094274 -1.21017 0.7566456
v -1.116317 -1.06053 0.7626974
v -1.09094 -1.133813 0.80471
v -1.090974 -1.122291 0.8046876
v -1.048567 -1.058595 0.8047376
v -1.090974 -1.122291 0.8046876
v -1.050567 -1.197509 0.8029479
v -0.9626782 -1.197475 0.7020298
v -1.03463 -1.198041 0.8182111
v -0.9280059 -1.186876 0.7203104
v -1.006353 -1.050266 0.6810008
v -1.04184 -1.081744 0.6281098
v -1.041168 -1.032292 0.7297246
v -1.006353 -1.050266 0.6810008
v -0.9613686 -1.058629 0.703109
v -1.006375 -1.205606 0.6806086
v -0.9613686 -1.058629 0.703109
v -1.033046 -1.057987 0.8201333
v -1.050567 -1.197509 0.8029479
v -1.048567 -1.058595 0.8047376
v -1.03463 -1.198041 0.8182111
v -0.9280059 -1.186876 0.7203104
v -1.01192 -1.217246 0.8080899
v -0.937552 -1.216654 0.7564577
v -1.01192 -1.217246 0.8080899
v -0.9542667 -1.225035 0.8237718
v -1.021184 -1.187849 0.858715
v -0.9613686 -1.058629 0.703109
v -0.9444962 -1.048788 0.7333214
v -1.048567 -1.058595 0.8047376
v -0.9626782 -1.197475 0.7020298
v -1.006375 -1.205606 0.6806086
v -1.039354 -1.223794 0.7297245
v -0.9444962 -1.048788 0.7333214
v -1.094274 -1.21017 0.7566456
v -1.006375 -1.205606 0.6806086
v -1.036296 -1.206816 0.6639137
v -1.04184 -1.081744 0.6281098
v -1.006353 -1.050266 0.6810008
v -0.9195093 -1.056351 0.7422476
v -0.9280059 -1.186876 0.7203104
v -1.028455 -1.189008 0.6502634
v -1.085426 -1.062725 0.6276239
v -1.036296 -1.206816 0.6639137
v -1.03463 -1.198041 0.8182111
v -1.05025 -1.119229 0.8408515
v -1.01192 -1.217246 0.8080899
v -1.033046 -1.057987 0.8201333
v -1.05025 -1.119229 0.8408515
v -1.021184 -1.187849 0.858715
v -1.003048 -1.047815 0.8491587
v -0.9877324 -1.096206 0.9015777
v -1.003048 -1.047815 0.8491587
v -0.9846351 -1.180378 0.8930439
v -1.021184 -1.187849 0.858715
v -0.9387238 -1.19274 0.8858851
v -0.9542667 -1.225035 0.8237718
v -0.9846351 -1.180378 0.8930439
v -0.9438914 -1.046675 0.8674228
v -0.9542667 -1.031068 0.8237758
v -0.9784984 -1.029516 0.7853272
v -0.9195093 -1.056351 0.7422476
v -0.9784984 -1.029516 0.7853272
v -0.9444962 -1.048788 0.7333214
v -1.253342 -1.18964 0.7684065
v -1.229955 -1.096207 0.714873
v -1.238894 -1.180378 0.7164567
v -1.272916 -1.045606 0.758153
v -1.277521 -1.055375 0.7918923
v -1.299445 -1.21756 0.7823404
v -1.272916 -1.045606 0.758153
v -1.278704 -1.198042 0.7971605
v -1.277521 -1.055375 0.7918923
v -1.277832 -1.057986 0.7948284
v -1.322492 -1.030548 0.7285595
v -1.402586 -1.056967 0.7351425
v -1.397288 -1.048788 0.7615501
v -1.272664 -1.19759 0.6819283
v -1.238894 -1.180378 0.7164567
v -1.322492 -1.225556 0.7285602
v -1.229955 -1.096207 0.714873
v -1.289515 -1.041655 0.6981511
v -1.277832 -1.057986 0.7948284
v -1.283954 -1.197509 0.8185959
v -1.283404 -1.058596 0.8159697
v -1.278704 -1.198042 0.7971605
v -1.416801 -1.186875 0.7537749
v -1.299445 -1.21756 0.7823404
v -1.381852 -1.216008 0.7434364
v -1.299445 -1.21756 0.7823404
v -1.322492 -1.225556 0.7285602
v -1.253342 -1.18964 0.7684065
v -1.415016 -1.05863 0.7912669
v -1.397288 -1.048788 0.7615501
v -1.283404 -1.058596 0.8159697
v -1.415296 -1.197475 0.7929404
v -1.411776 -1.205755 0.8412127
v -1.271737 -1.174161 0.8514302
v -1.397288 -1.048788 0.7615501
v -1.301143 -1.209413 0.8793719
v -1.411776 -1.205755 0.8412127
v -1.409681 -1.207832 0.8747523
v -1.433306 -1.072147 0.9067263
v -1.411671 -1.050267 0.8412784
v -1.402586 -1.056967 0.7351425
v -1.416801 -1.186875 0.7537749
v -1.426692 -1.189457 0.8753343
v -1.448243 -1.115466 0.9191245
v -1.409681 -1.207832 0.8747523
v -1.283404 -1.058596 0.8159697
v -1.271737 -1.174161 0.8514302
v -1.288672 -1.058571 0.8516122
v -1.283954 -1.197509 0.8185959
v -1.289547 -1.05755 0.9035259
v -1.301143 -1.209413 0.8793719
v -1.288672 -1.058571 0.8516122
v -1.411671 -1.050267 0.8412784
v -1.415016 -1.05863 0.7912669
v -1.288611 -1.196658 0.8712754
v -1.289547 -1.05755 0.9035259
v -1.271682 -1.083374 0.923751
v -1.411671 -1.050267 0.8412784
v -1.433306 -1.072147 0.9067263
v -1.37596 -1.09561 1.004671
v -1.415296 -1.197475 0.7929404
v -1.278704 -1.198042 0.7971605
v -1.416801 -1.186875 0.7537749
v -1.411776 -1.205755 0.8412127
v -1.415016 -1.05863 0.7912669
v -1.409681 -1.207832 0.8747523
v -1.426692 -1.189457 0.8753343
v -1.301143 -1.209413 0.8793719
v -1.433306 -1.072147 0.9067263
v -1.289547 -1.05755 0.9035259
v -1.37596 -1.09561 1.004671
v -1.448243 -1.115466 0.9191245
v -1.440367 -1.17313 0.8887859
v -1.37596 -1.09561 1.004671
v -1.426692 -1.189457 0.8753343
v -1.402059 -1.204932 1.004732
v -1.440367 -1.17313 0.8887859
v -1.416993 -1.202908 0.8637568
v -1.279353 -1.160034 0.9895316
v -1.348743 -1.264143 0.9999432
v -1.264444 -1.149863 0.9655865
v -1.279353 -1.160034 0.9895316
v -1.279916 -1.297464 0.9716424
v -1.270494 -1.215673 1.004613
v -1.285873 -1.126284 0.9066373
v -1.302176 -1.126094 0.9199265
v -1.310612 -1.1668 0.8375461
v -1.366388 -1.187617 0.8355579
v -1.416993 -1.202908 0.8637568
v -1.28731 -1.178724 0.8584809
v -1.388847 -1.278329 0.8908471
v -1.348743 -1.264143 0.9999432
v -1.388847 -1.278329 0.8908471
v -1.316038 -1.274992 0.8360389
v -1.239358 -1.264371 0.8265687
v -1.319264 -1.215673 0.822409
v -1.319811 -1.140881 0.8722515
v -1.301436 -1.164532 0.8268173
v -1.239358 -1.264371 0.8265687
v -1.195548 -1.203782 0.8154141
v -1.279916 -1.297464 0.9716424
v -1.212479 -1.245478 0.980112
v -1.150099 -1.209924 0.9220115
v -1.175515 -1.157049 0.8223404
v -1.301436 -1.164532 0.8268173
v -1.319381 -1.16037 0.850634
v -1.284326 -1.163617 0.9796789
v -1.331365 -1.15769 0.8897802
v -1.325644 -1.132167 0.9335178
v -1.331365 -1.15769 0.8897802
v -1.321398 -1.124285 0.9443466
v -1.333846 -1.125811 0.8955237
v -1.142663 -1.164612 0.9114525
v -1.161091 -1.15697 0.9584655
v -1.254711 -1.211352 0.9529178
v -1.182279 -1.190872 0.8380582
v -1.161091 -1.15697 0.9584655
v -1.142663 -1.164612 0.9114525
v -1.143793 -1.128869 0.8701533
v -1.141381 -1.128869 0.8784281
v -1.150099 -1.209924 0.9220115
v -1.175515 -1.157049 0.8223404
v -1.28731 -1.178724 0.8584809
v -1.264444 -1.149863 0.9655865
v -1.268531 -1.114748 0.9634041
v -1.263502 -1.145927 0.9006367
v -1.264444 -1.149863 0.9655865
v -1.310612 -1.1668 0.8375461
v -1.279353 -1.160034 0.9895316
v -1.271682 -1.083374 0.923751
v -1.28731 -1.178724 0.8584809
v -1.288611 -1.196658 0.8712754
v -1.426692 -1.189457 0.8753343
v -1.440367 -1.17313 0.8887859
v -1.316038 -1.274992 0.8360389
v -1.388847 -1.278329 0.8908471
v -1.319264 -1.215673 0.822409
v -1.310612 -1.1668 0.8375461
v -1.416993 -1.202908 0.8637568
v -1.366388 -1.187617 0.8355579
v -1.268531 -1.114748 0.9634041
v -1.37596 -1.09561 1.004671
v -1.402059 -1.204932 1.004732
v -1.319811 -1.140881 0.8722515
v -1.302176 -1.126094 0.9199265
v -1.285873 -1.126284 0.9066373
v -1.279778 -1.155214 0.9815807
v -1.324462 -1.146797 0.9259124
v -1.319811 -1.140881 0.8722515
v -1.301436 -1.164532 0.8268173
v -1.319381 -1.16037 0.850634
v -1.284326 -1.163617 0.9796789
v -1.301436 -1.164532 0.8268173
v -1.270494 -1.215673 1.004613
v -1.212479 -1.245478 0.980112
v -1.279916 -1.297464 0.9716424
v -1.212479 -1.245478 0.980112
v -1.219405 -1.178219 0.9909391
v -1.150099 -1.209924 0.9220115
v -1.182279 -1.190872 0.8380582
v -1.175515 -1.157049 0.8223404
v -1.331365 -1.15769 0.8897802
v -1.303974 -1.192219 0.8451248
v -1.331365 -1.15769 0.8897802
v -1.177183 -1.161617 0.8129256
v -1.219405 -1.178219 0.9909391
v -1.161091 -1.15697 0.9584655
v -1.284326 -1.163617 0.9796789
v -1.303974 -1.192219 0.8451248
v -1.333846 -1.125811 0.8955237
v -1.284746 -1.129094 0.7968282
v -1.337743 -1.096208 0.8547172
v -1.304303 -1.18785 0.8975763
v -1.322438 -1.047815 0.907136
v -1.340841 -1.180377 0.8632497
v -1.294598 -1.05569 0.9341802
v -1.313566 -1.217247 0.9482011
v -1.322438 -1.047815 0.907136
v -1.290856 -1.198042 0.93808
v -1.294598 -1.05569 0.9341802
v -1.292441 -1.057986 0.9361572
v -1.371221 -1.031069 0.9325206
v -1.405981 -1.056354 1.01404
v -1.380994 -1.048789 1.022967
v -1.304303 -1.18785 0.8975763
v -1.38675 -1.192741 0.870402
v -1.371221 -1.225036 0.9325194
v -1.340841 -1.180377 0.8632497
v -1.381588 -1.046672 0.8888708
v -1.292441 -1.057986 0.9361572
v -1.27492 -1.197509 0.9533419
v -1.276919 -1.058596 0.9515532
v -1.290856 -1.198042 0.93808
v -1.397483 -1.186876 1.035978
v -1.313566 -1.217247 0.9482011
v -1.387936 -1.216654 0.9998322
v -1.313566 -1.217247 0.9482011
v -1.371221 -1.225036 0.9325194
v -1.304303 -1.18785 0.8975763
v -1.364119 -1.05863 1.053181
v -1.380994 -1.048789 1.022967
v -1.276919 -1.058596 0.9515532
v -1.36281 -1.197475 1.05426
v -1.319112 -1.205607 1.075682
v -1.240445 -1.174334 0.9592378
v -1.380994 -1.048789 1.022967
v -1.231214 -1.21017 0.9996443
v -1.319112 -1.205607 1.075682
v -1.289192 -1.206817 1.092373
v -1.283646 -1.081744 1.128182
v -1.319135 -1.050267 1.07529
v -1.405981 -1.056354 1.01404
v -1.397483 -1.186876 1.035978
v -1.297032 -1.189011 1.106024
v -1.240056 -1.062726 1.128667
v -1.289192 -1.206817 1.092373
v -1.20917 -1.06053 0.9935927
v -1.240056 -1.062726 1.128667
v -1.240445 -1.174334 0.9592378
v -1.231214 -1.21017 0.9996443
v -1.249158 -1.05855 0.9736454
v -1.276919 -1.058596 0.9515532
v -1.249158 -1.05855 0.9736454
v -1.27492 -1.197509 0.9533419
v -1.319135 -1.050267 1.07529
v -1.364119 -1.05863 1.053181
v -1.23276 -1.197529 0.9844319
v -1.20917 -1.06053 0.9935927
v -1.195719 -1.126824 0.9720041
v -1.319135 -1.050267 1.07529
v -1.283646 -1.081744 1.128182
v -1.36281 -1.197475 1.05426
v -1.290856 -1.198042 0.93808
v -1.397483 -1.186876 1.035978
v -1.319112 -1.205607 1.075682
v -1.364119 -1.05863 1.053181
v -1.289192 -1.206817 1.092373
v -1.297032 -1.189011 1.106024
v -1.231214 -1.21017 0.9996443
v -1.193581 -1.149273 0.9737092
v -1.186912 -1.146702 0.9781678
v -1.141802 -1.114748 1.012389
v -1.193642 -1.145926 0.9766506
v -1.186912 -1.146702 0.9781678
v -1.271839 -1.166801 0.9859043
v -1.124585 -1.160033 1.034826
v -1.195719 -1.126824 0.9720041
v -1.193581 -1.149273 0.9737092
v -1.23276 -1.197529 0.9844319
v -1.275856 -1.274991 0.9898506
v -1.264794 -1.278328 1.08031
v -1.263258 -1.153855 0.9853051
v -1.271839 -1.166801 0.9859043
v -1.302328 -1.202909 1.091141
v -1.301447 -1.187617 1.033213
v -1.293468 -1.200815 1.038622
v -1.297032 -1.189011 1.106024
v -1.292762 -1.173072 1.12337
v -1.124585 -1.160033 1.034826
v -1.263258 -1.153855 0.9853051
v -1.132792 -1.153724 1.034035
v -1.271839 -1.166801 0.9859043
v -1.140359 -1.297464 1.026369
v -1.150265 -1.264141 1.100127
v -1.132792 -1.153724 1.034035
v -1.245719 -1.26437 0.9187088
v -1.275856 -1.274991 0.9898506
v -1.246379 -1.140881 1.011226
v -1.264794 -1.278328 1.08031
v -1.150265 -1.264141 1.100127
v -1.27654 -1.164531 0.9725948
v -1.245719 -1.26437 0.9187088
v -1.233471 -1.203782 0.8751887
v -1.140359 -1.297464 1.026369
v -1.099306 -1.245478 0.9721991
v -1.118432 -1.209923 0.8891278
v -1.217458 -1.157048 0.8613038
v -1.27654 -1.164531 0.9725948
v -1.264888 -1.160369 1.000041
v -1.135605 -1.163618 1.034206
v -1.236831 -1.157526 1.030126
v -1.163061 -1.190272 1.029323
v -1.236831 -1.157526 1.030126
v -1.184184 -1.124282 1.04872
v -1.232701 -1.125812 1.035265
v -1.123913 -1.164395 0.8772756
v -1.092357 -1.156969 0.9168752
v -1.163061 -1.190272 1.029323
v -1.207423 -1.191242 0.875388
v -1.092357 -1.156969 0.9168752
v -1.123913 -1.164395 0.8772756
v -1.163971 -1.128869 0.8564909
v -1.147942 -1.128869 0.8607346
v -1.118432 -1.209923 0.8891278
v -1.217458 -1.157048 0.8613038
v -1.184184 -1.124282 1.04872
v -1.102069 -1.162844 1.019888
v -1.098429 -1.129094 1.023528
v -1.102069 -1.162844 1.019888
v -1.080637 -1.129094 0.9092584
v -1.123508 -1.190924 0.8919678
v -1.246379 -1.140881 1.011226
v -1.132792 -1.153724 1.034035
v -1.263258 -1.153855 0.9853051
v -1.13168 -1.155215 1.031216
v -1.13292 -1.15635 1.033878
v -1.246379 -1.140881 1.011226
v -1.27654 -1.164531 0.9725948
v -1.264888 -1.160369 1.000041
v -1.135605 -1.163618 1.034206
v -1.27654 -1.164531 0.9725948
v -1.132792 -1.153724 1.034035
v -1.099306 -1.245478 0.9721991
v -1.140359 -1.297464 1.026369
v -1.099306 -1.245478 0.9721991
v -1.13292 -1.15635 1.033878
v -1.118432 -1.209923 0.8891278
v -1.092357 -1.156969 0.9168752
v -1.135605 -1.163618 1.034206
v -1.207423 -1.191242 0.875388
v -1.217458 -1.157048 0.8613038
v -1.236831 -1.157526 1.030126
v -1.261438 -1.190891 0.9868649
v -1.236831 -1.157526 1.030126
v -1.272861 -1.173093 0.9050378
v -1.261438 -1.190891 0.9868649
v -1.232701 -1.125812 1.035265
v -1.29432 -1.129094 0.9498054
v -1.266725 -1.095282 1.015319
v -1.213655 -1.189049 1.011091
v -1.215915 -1.046153 1.033103
v -1.215087 -1.13395 0.9939585
v -1.180281 -1.055703 1.020337
v -1.17766 -1.217239 1.043758
v -1.215915 -1.046153 1.033103
v -1.183359 -1.13425 0.9935206
v -1.180281 -1.055703 1.020337
v -1.186797 -1.121854 0.9942021
v -1.221305 -1.031081 1.090741
v -1.166931 -1.056287 1.156743
v -1.146376 -1.048541 1.139156
v -1.162065 -1.032023 1.082126
v -1.282626 -1.192766 1.07245
v -1.276233 -1.19759 1.066321
v -1.264362 -1.046646 1.078406
v -1.213655 -1.189049 1.011091
v -1.221304 -1.225024 1.09074
v -1.276233 -1.19759 1.066321
v -1.186797 -1.121854 0.9942021
v -1.15371 -1.197509 1.012891
v -1.156258 -1.058596 1.013728
v -1.183359 -1.13425 0.9935206
v -1.070153 -1.206161 1.111654
v -1.110256 -1.197475 1.139464
v -1.13158 -1.173982 0.9858944
v -1.092054 -1.209471 0.9970503
v -1.070153 -1.206161 1.111654
v -1.040405 -1.207101 1.094397
v -1.00734 -1.068471 1.098394
v -1.070207 -1.050267 1.112156
v -1.143341 -1.187061 1.16018
v -1.111845 -1.05863 1.140059
v -1.146376 -1.048541 1.139156
v -1.17766 -1.217239 1.043758
v -1.170292 -1.216727 1.133972
v -1.162065 -1.224081 1.082125
v -1.17766 -1.217239 1.043758
v -1.221304 -1.225024 1.09074
v -1.213655 -1.189049 1.011091
v -1.162065 -1.032023 1.082126
v -1.146376 -1.048541 1.139156
v -1.156258 -1.058596 1.013728
v -1.166931 -1.056287 1.156743
v -1.143341 -1.187061 1.16018
v -1.032533 -1.18901 1.108383
v -0.9748322 -1.068138 1.06411
v -1.040405 -1.207101 1.094397
v -1.091246 -1.06883 0.9710657
v -1.065162 -1.068673 0.9587238
v -1.13158 -1.173982 0.9858944
v -1.092054 -1.209471 0.9970503
v -1.123245 -1.05855 1.000732
v -1.156258 -1.058596 1.013728
v -1.123245 -1.05855 1.000732
v -1.15371 -1.197509 1.012891
v -1.070207 -1.050267 1.112156
v -1.111845 -1.05863 1.140059
v -1.105704 -1.19753 0.9919267
v -1.091246 -1.06883 0.9710657
v -1.070207 -1.050267 1.112156
v -1.00734 -1.068471 1.098394
v -1.110256 -1.197475 1.139464
v -1.162065 -1.224081 1.082125
v -1.143341 -1.187061 1.16018
v -1.070153 -1.206161 1.111654
v -1.111845 -1.05863 1.140059
v -1.040405 -1.207101 1.094397
v -1.032533 -1.18901 1.108383
v -1.092054 -1.209471 0.9970503
v -1.117489 -1.178724 0.9958556
v -1.036167 -1.149863 0.9224994
v -1.021734 -1.101251 0.932779
v -1.12065 -1.168447 1.033708
v -1.036167 -1.149863 0.9224994
v -1.123968 -1.1668 1.026507
v -1.007975 -1.160033 0.9234385
v -1.065162 -1.068673 0.9587238
v -1.117489 -1.178724 0.9958556
v -1.105704 -1.19753 0.9919267
v -1.032533 -1.18901 1.108383
v -1.01538 -1.173071 1.113356
v -1.123968 -1.1668 1.026507
v -1.048071 -1.202907 1.105528
v -1.03869 -1.278325 1.067607
v -1.12256 -1.274991 1.031958
v -1.120199 -1.153855 1.018773
v -0.9340248 -1.11977 1.007706
v -0.933459 -1.204931 1.022108
v -1.021734 -1.101251 0.932779
v -0.9748322 -1.068138 1.06411
v -1.01538 -1.173071 1.113356
v -0.9340248 -1.11977 1.007706
v -1.032533 -1.18901 1.108383
v -0.933459 -1.204931 1.022108
v -1.01538 -1.173071 1.113356
v -1.048071 -1.202907 1.105528
v -1.007975 -1.160033 0.9234385
v -0.9642628 -1.264143 0.978331
v -1.036167 -1.149863 0.9224994
v -1.007975 -1.160033 0.9234385
v -1.023186 -1.297463 0.9328721
v -1.012764 -1.153724 0.9301524
v -1.120199 -1.153855 1.018773
v -1.012764 -1.153724 0.9301524
v -1.123968 -1.1668 1.026507
v -1.169103 -1.264371 0.9702824
v -1.12256 -1.274991 1.031958
v -1.089314 -1.140881 1.017117
v -1.03869 -1.278325 1.067607
v -0.9642628 -1.264143 0.978331
v -1.13785 -1.164532 1.023919
v -1.169103 -1.264371 0.9702824
v -1.200668 -1.203781 0.9379158
v -1.023186 -1.297463 0.9328721
v -1.049571 -1.245477 0.8702337
v -1.131075 -1.209921 0.845261
v -1.204686 -1.157048 0.9171078
v -1.13785 -1.164532 1.023919
v -1.10825 -1.160367 1.027554
v -1.03832 -1.14357 0.9955259
v -1.0672 -1.157732 1.017636
v -1.032817 -1.190436 0.9556732
v -1.0672 -1.157732 1.017636
v -1.026086 -1.12428 0.9824452
v -1.06165 -1.125811 1.017288
v -1.03869 -1.278325 1.067607
v -1.048071 -1.202907 1.105528
v -1.12065 -1.168447 1.033708
v -1.117489 -1.178724 0.9958556
v -1.137949 -1.170014 0.8438401
v -1.186917 -1.191452 0.9141433
v -1.045139 -1.171968 0.8677378
v -1.094016 -1.156971 0.8365536
v -1.032817 -1.190436 0.9556732
v -1.137949 -1.170014 0.8438401
v -1.18211 -1.128869 0.8683809
v -1.173179 -1.128869 0.8595037
v -1.094016 -1.156971 0.8365536
v -1.131075 -1.209921 0.845261
v -1.204686 -1.157048 0.9171078
v -1.089314 -1.140881 1.017117
v -1.012764 -1.153724 0.9301524
v -1.120199 -1.153855 1.018773
v -1.014648 -1.155215 0.9277803
v -1.012963 -1.156348 0.9301838
v -1.089314 -1.140881 1.017117
v -1.13785 -1.164532 1.023919
v -1.10825 -1.160367 1.027554
v -1.03832 -1.14357 0.9955259
v -1.13785 -1.164532 1.023919
v -1.012764 -1.153724 0.9301524
v -1.049571 -1.245477 0.8702337
v -1.023186 -1.297463 0.9328721
v -1.049571 -1.245477 0.8702337
v -1.012963 -1.156348 0.9301838
v -1.131075 -1.209921 0.845261
v -1.094016 -1.156971 0.8365536
v -1.045139 -1.171968 0.8677378
v -1.186917 -1.191452 0.9141433
v -1.204686 -1.157048 0.9171078
v -1.0672 -1.157732 1.017636
v -1.116743 -1.191847 1.017063
v -1.0672 -1.157732 1.017636
v -1.21323 -1.161525 0.9304458
v -1.116743 -1.191847 1.017063
v -1.06165 -1.125811 1.017288
v -1.166474 -1.129094 1.027923
v -1.095533 -1.096206 1.041414
v -1.072144 -1.18964 0.9878828
v -1.052571 -1.045605 0.9981369
v -1.086594 -1.180378 1.039831
v -1.047966 -1.055375 0.9643961
v -1.026041 -1.21756 0.9739491
v -1.052571 -1.045605 0.9981369
v -1.046781 -1.198042 0.9591272
v -1.047966 -1.055375 0.9643961
v -1.047655 -1.057986 0.9614605
v -1.002994 -1.030547 1.02773
v -0.9229029 -1.056967 1.021152
v -0.9281985 -1.048788 0.994743
v -1.072144 -1.18964 0.9878828
v -1.052822 -1.197589 1.074363
v -1.002994 -1.225556 1.02773
v -1.086594 -1.180378 1.039831
v -1.035972 -1.041655 1.05814
v -1.047655 -1.057986 0.9614605
v -1.067269 -1.133812 0.9317386
v -1.042082 -1.058595 0.9403215
v -1.046781 -1.198042 0.9591272
v -0.908686 -1.186875 1.002519
v -1.026041 -1.21756 0.9739491
v -0.9436361 -1.216009 1.012857
v -1.026041 -1.21756 0.9739491
v -1.002994 -1.225556 1.02773
v -1.072144 -1.18964 0.9878828
v -0.9104698 -1.058629 0.9650238
v -0.9281985 -1.048788 0.994743
v -1.042082 -1.058595 0.9403215
v -0.91019 -1.197475 0.9633497
v -0.9281985 -1.048788 0.994743
v -0.9137109 -1.205754 0.9150777
v -0.9795867 -1.223813 0.9520304
v -0.9734195 -1.223785 0.9114695
v -1.024344 -1.209412 0.8769197
v -0.9137109 -1.205754 0.9150777
v -0.9158058 -1.207832 0.8815379
v -0.8853554 -1.082524 0.8580575
v -0.9138159 -1.050266 0.9150108
v -0.9229029 -1.056967 1.021152
v -0.908686 -1.186875 1.002519
v -0.8987931 -1.189456 0.8809525
v -0.8959869 -1.075219 0.8204437
v -0.9158058 -1.207832 0.8815379
v -1.042082 -1.058595 0.9403215
v -1.063219 -1.133812 0.9032198
v -1.036815 -1.05857 0.9046786
v -1.067269 -1.133812 0.9317386
v -1.035338 -1.05706 0.8522256
v -1.024344 -1.209412 0.8769197
v -1.036815 -1.05857 0.9046786
v -0.9138159 -1.050266 0.9150108
v -0.9104698 -1.058629 0.9650238
v -1.036875 -1.19666 0.8850148
v -1.035338 -1.05706 0.8522256
v -1.053805 -1.083374 0.8325399
v -0.9138159 -1.050266 0.9150108
v -0.8853554 -1.082524 0.8580575
v -0.9158058 -1.207832 0.8815379
v -0.8987931 -1.189456 0.8809525
v -1.024344 -1.209412 0.8769197
v -0.91019 -1.197475 0.9633497
v -0.9137109 -1.205754 0.9150777
v -0.9104698 -1.058629 0.9650238
v -1.046781 -1.198042 0.9591272
v -0.908686 -1.186875 1.002519
v -0.9795867 -1.223813 0.9520304
v -1.053805 -1.083374 0.8325399
v -0.9412472 -1.102206 0.7502617
v -1.038176 -1.178725 0.8978097
v -1.065863 -1.142158 0.8526722
v -1.036875 -1.19666 0.8850148
v -1.038176 -1.178725 0.8978097
v -1.061044 -1.149864 0.7907056
v -1.006977 -1.168447 0.9194722
v -0.8987931 -1.189456 0.8809525
v -0.8851206 -1.173128 0.867505
v -1.061044 -1.149864 0.7907056
v -1.014871 -1.1668 0.9187459
v -1.046136 -1.160033 0.7667603
v -1.014871 -1.1668 0.9187459
v -0.9084895 -1.202906 0.8925298
v -0.936638 -1.278326 0.8654438
v -1.009447 -1.274991 0.9202517
v -1.019684 -1.153855 0.9116151
v -0.9412472 -1.102206 0.7502617
v -0.9234269 -1.204932 0.7515591
v -1.00008 -1.103058 0.7504484
v -0.8959869 -1.075219 0.8204437
v -0.8959869 -1.075219 0.8204437
v -0.8853554 -1.082524 0.8580575
v -1.046136 -1.160033 0.7667603
v -1.019684 -1.153855 0.9116151
v -1.023312 -1.126094 0.8363649
v -1.014871 -1.1668 0.9187459
v -1.04557 -1.297463 0.7846494
v -0.9767413 -1.264143 0.7563485
v -1.054993 -1.215672 0.7516789
v -1.086129 -1.264371 0.9297209
v -1.009447 -1.274991 0.9202517
v -1.005677 -1.140881 0.8840402
v -0.936638 -1.278326 0.8654438
v -0.9767413 -1.264143 0.7563485
v -1.02405 -1.164532 0.9294713
v -1.086129 -1.264371 0.9297209
v -1.12994 -1.203783 0.9408765
v -1.04557 -1.297463 0.7846494
v -1.113009 -1.245478 0.7761797
v -1.175388 -1.209921 0.8342775
v -1.149971 -1.157047 0.9339511
v -1.02405 -1.164532 0.9294713
v -1.006108 -1.160365 0.9056619
v -1.041157 -1.163615 0.7766128
v -0.9941213 -1.157685 0.8665114
v -0.9998438 -1.132163 0.8227724
v -0.9941213 -1.157685 0.8665114
v -1.004088 -1.124284 0.8119454
v -0.9916415 -1.12581 0.8607667
v -1.182825 -1.16461 0.8448387
v -1.164396 -1.156969 0.7978252
v -1.070775 -1.211351 0.8033736
v -1.143208 -1.190869 0.9182336
v -1.164396 -1.156969 0.7978252
v -1.182825 -1.16461 0.8448387
v -1.181694 -1.128869 0.8861361
v -1.184105 -1.128869 0.8778635
v -1.175388 -1.209921 0.8342775
v -1.149971 -1.157047 0.9339511
v -1.005677 -1.140881 0.8840402
v -1.023312 -1.126094 0.8363649
v -1.019684 -1.153855 0.9116151
v -1.045709 -1.155214 0.7747104
v -1.042784 -1.156349 0.7744519
v -1.005677 -1.140881 0.8840402
v -1.02405 -1.164532 0.9294713
v -1.006108 -1.160365 0.9056619
v -1.041157 -1.163615 0.7766128
v -1.02405 -1.164532 0.9294713
v -1.054993 -1.215672 0.7516789
v -1.113009 -1.245478 0.7761797
v -1.04557 -1.297463 0.7846494
v -1.113009 -1.245478 0.7761797
v -1.042784 -1.156349 0.7744519
v -1.175388 -1.209921 0.8342775
v -1.164396 -1.156969 0.7978252
v -1.041157 -1.163615 0.7766128
v -1.143208 -1.190869 0.9182336
v -1.149971 -1.157047 0.9339511
v -0.9941213 -1.157685 0.8665114
v -1.021512 -1.19222 0.9111639
v -0.9941213 -1.157685 0.8665114
v -1.148306 -1.161617 0.9433641
v -1.021512 -1.19222 0.9111639
v -0.9916415 -1.12581 0.8607667
v -1.040741 -1.129094 0.9594628
v -1.058755 -1.09528 0.7409655
v -1.11183 -1.189048 0.745199
v -1.109572 -1.046153 0.7231877
v -1.064527 -1.18169 0.733295
v -1.145205 -1.055703 0.7359535
v -1.147826 -1.21724 0.712532
v -1.109572 -1.046153 0.7231877
v -1.150589 -1.198042 0.7372285
v -1.145205 -1.055703 0.7359535
v -1.13869 -1.121854 0.7620888
v -1.104182 -1.031081 0.6655506
v -1.158555 -1.056287 0.599547
v -1.17911 -1.048541 0.6171339
v -1.163421 -1.032023 0.6741646
v -1.11183 -1.189048 0.745199
v -1.042855 -1.192761 0.6838292
v -1.104178 -1.225023 0.6655505
v -1.064527 -1.18169 0.733295
v -1.061124 -1.046646 0.6778775
v -1.13869 -1.121854 0.7620888
v -1.164068 -1.133813 0.7686661
v -1.16046 -1.122292 0.767481
v -1.150589 -1.198042 0.7372285
v -1.182146 -1.187061 0.5961104
v -1.147826 -1.21724 0.712532
v -1.155195 -1.216727 0.6223184
v -1.147826 -1.21724 0.712532
v -1.104178 -1.225023 0.6655505
v -1.11183 -1.189048 0.745199
v -1.213641 -1.05863 0.6162311
v -1.21523 -1.197475 0.6168257
v -1.17911 -1.048541 0.6171339
v -1.163421 -1.032023 0.6741646
v -1.17911 -1.048541 0.6171339
v -1.190335 -1.032292 0.6825848
v -1.255334 -1.206161 0.6446364
v -1.190335 -1.223813 0.6825848
v -1.193907 -1.173982 0.7703965
v -1.233432 -1.209471 0.7592382
v -1.255334 -1.206161 0.6446364
v -1.285082 -1.207101 0.6618936
v -1.318149 -1.068471 0.6578985
v -1.255281 -1.050267 0.6441344
v -1.158555 -1.056287 0.599547
v -1.182146 -1.187061 0.5961104
v -1.292945 -1.189011 0.647908
v -1.350652 -1.068138 0.6921767
v -1.285082 -1.207101 0.6618936
v -1.16046 -1.122292 0.767481
v -1.193907 -1.173982 0.7703965
v -1.202242 -1.05855 0.7555584
v -1.164068 -1.133813 0.7686661
v -1.221227 -1.12245 0.7979605
v -1.233432 -1.209471 0.7592382
v -1.202242 -1.05855 0.7555584
v -1.21978 -1.197529 0.7643623
v -1.221227 -1.12245 0.7979605
v -1.227538 -1.126822 0.8026565
v -1.255281 -1.050267 0.6441344
v -1.276173 -1.032672 0.726896
v -1.318149 -1.068471 0.6578985
v -1.190335 -1.032292 0.6825848
v -1.255281 -1.050267 0.6441344
v -1.213641 -1.05863 0.6162311
v -1.285082 -1.207101 0.6618936
v -1.292945 -1.189011 0.647908
v -1.233432 -1.209471 0.7592382
v -1.21523 -1.197475 0.6168257
v -1.255334 -1.206161 0.6446364
v -1.213641 -1.05863 0.6162311
v -1.150589 -1.198042 0.7372285
v -1.182146 -1.187061 0.5961104
v -1.190335 -1.223813 0.6825848
v -1.207998 -1.178723 0.7604394
v -1.28932 -1.149865 0.833791
v -1.303758 -1.101251 0.8235104
v -1.204836 -1.168448 0.7225882
v -1.28932 -1.149865 0.833791
v -1.201518 -1.1668 0.7297876
v -1.317512 -1.160034 0.8328525
v -1.227538 -1.126822 0.8026565
v -1.207998 -1.178723 0.7604394
v -1.21978 -1.197529 0.7643623
v -1.292945 -1.189011 0.647908
v -1.310104 -1.173072 0.6429332
v -1.201518 -1.1668 0.7297876
v -1.277409 -1.202908 0.6507639
v -1.286794 -1.278326 0.6886827
v -1.202927 -1.274991 0.7243335
v -1.205289 -1.153855 0.7375177
v -1.391461 -1.11977 0.7485859
v -1.392029 -1.204932 0.7341868
v -1.303758 -1.101251 0.8235104
v -1.350652 -1.068138 0.6921767
v -1.303758 -1.101251 0.8235104
v -1.350652 -1.068138 0.6921767
v -1.306871 -1.041813 0.7537794
v -1.318149 -1.068471 0.6578985
v -1.306871 -1.041813 0.7537794
v -1.318149 -1.068471 0.6578985
v -1.276173 -1.032672 0.726896
v -1.317512 -1.160034 0.8328525
v -1.205289 -1.153855 0.7375177
v -1.312723 -1.153723 0.8261374
v -1.201518 -1.1668 0.7297876
v -1.302299 -1.297465 0.8234172
v -1.361224 -1.264145 0.7779562
v -1.312723 -1.153723 0.8261374
v -1.156384 -1.26437 0.7860059
v -1.202927 -1.274991 0.7243335
v -1.236173 -1.140881 0.7391745
v -1.286794 -1.278326 0.6886827
v -1.361224 -1.264145 0.7779562
v -1.155381 -1.178219 0.7521039
v -1.156384 -1.26437 0.7860059
v -1.124819 -1.203784 0.8183741
v -1.302299 -1.297465 0.8234172
v -1.275916 -1.245478 0.8860569
v -1.194413 -1.209923 0.911029
v -1.1208 -1.157048 0.8391809
v -1.155381 -1.178219 0.7521039
v -1.152316 -1.17226 0.7606193
v -1.392029 -1.204932 0.7341868
v -1.317512 -1.160034 0.8328525
v -1.28932 -1.149865 0.833791
v -1.286794 -1.278326 0.6886827
v -1.277409 -1.202908 0.6507639
v -1.204836 -1.168448 0.7225882
v -1.310104 -1.173072 0.6429332
v -1.207998 -1.178723 0.7604394
v -1.391461 -1.11977 0.7485859
v -1.277409 -1.202908 0.6507639
v -1.310104 -1.173072 0.6429332
v -1.350652 -1.068138 0.6921767
v -1.292945 -1.189011 0.647908
v -1.236173 -1.140881 0.7391745
v -1.312723 -1.153723 0.8261374
v -1.205289 -1.153855 0.7375177
v -1.310838 -1.155214 0.8285062
v -1.284974 -1.146797 0.7619796
v -1.236173 -1.140881 0.7391745
v -1.278884 -1.146798 0.7558892
v -1.27996 -1.138715 0.7538109
v -1.311466 -1.163616 0.8236184
v -1.278884 -1.146798 0.7558892
v -1.312723 -1.153723 0.8261374
v -1.275916 -1.245478 0.8860569
v -1.302299 -1.297465 0.8234172
v -1.275916 -1.245478 0.8860569
v -1.288756 -1.178219 0.8854727
v -1.194413 -1.209923 0.911029
v -1.288756 -1.178219 0.8854727
v -1.231477 -1.156969 0.9197367
v -1.311466 -1.163616 0.8236184
v -1.311466 -1.163616 0.8236184
v -1.275994 -1.130682 0.7486591
v -1.292149 -1.132172 0.7647579
v -1.27996 -1.138715 0.7538109
v -1.275994 -1.130682 0.7486591
v -1.299402 -1.12429 0.773845
v -1.263838 -1.125815 0.7390025
v -1.180477 -1.16468 0.9116385
v -1.231477 -1.156969 0.9197367
v -1.271891 -1.212352 0.8347518
v -1.13857 -1.191453 0.8421472
v -1.231477 -1.156969 0.9197367
v -1.180477 -1.16468 0.9116385
v -1.143377 -1.128869 0.8879098
v -1.15231 -1.128869 0.8967891
v -1.194413 -1.209923 0.911029
v -1.1208 -1.157048 0.8391809
v -1.289515 -1.041655 0.6981511
v -1.272916 -1.045606 0.758153
v -1.322492 -1.030548 0.7285595
v -1.229955 -1.096207 0.714873
v -1.177183 -1.161617 0.8129256
v -1.284746 -1.129094 0.7968282
v -1.303974 -1.192219 0.8451248
v -1.170467 -1.129094 0.812782
v -1.25941 -1.161867 1.000661
v -1.154456 -1.129094 0.9726616
v -1.156029 -1.191289 0.9251822
v -1.261539 -1.129094 1.005023
v -1.321398 -1.124285 0.9443466
v -1.25941 -1.161867 1.000661
v -1.254711 -1.211352 0.9529178
v -1.254711 -1.211352 0.9529178
v -1.156029 -1.191289 0.9251822
v -1.142663 -1.164612 0.9114525
v -1.25941 -1.161867 1.000661
v -1.381588 -1.046672 0.8888708
v -1.322438 -1.047815 0.907136
v -1.371221 -1.031069 0.9325206
v -1.337743 -1.096208 0.8547172
v -1.272861 -1.173093 0.9050378
v -1.29432 -1.129094 0.9498054
v -1.261438 -1.190891 0.9868649
v -1.281471 -1.129094 0.901019
v -1.163061 -1.190272 1.029323
v -1.123508 -1.190924 0.8919678
v -1.123913 -1.164395 0.8772756
v -1.102069 -1.162844 1.019888
v -1.172772 -1.204932 1.148691
v -1.124585 -1.160033 1.034826
v -1.120512 -1.172737 1.084106
v -1.264794 -1.278328 1.08031
v -1.302328 -1.202909 1.091141
v -1.301447 -1.187617 1.033213
v -1.292762 -1.173072 1.12337
v -1.293468 -1.200815 1.038622
v -1.156708 -1.108349 1.132402
v -1.302328 -1.202909 1.091141
v -1.292762 -1.173072 1.12337
v -1.240056 -1.062726 1.128667
v -1.297032 -1.189011 1.106024
v -1.184055 -1.048921 1.066216
v -1.184055 -1.048921 1.066216
v -1.156708 -1.108349 1.132402
v -1.141802 -1.114748 1.012389
v -1.156708 -1.108349 1.132402
v -1.156708 -1.108349 1.132402
v -1.120512 -1.172737 1.084106
v -1.172772 -1.204932 1.148691
v -1.264362 -1.046646 1.078406
v -1.215915 -1.046153 1.033103
v -1.221305 -1.031081 1.090741
v -1.266725 -1.095282 1.015319
v -1.21323 -1.161525 0.9304458
v -1.166474 -1.129094 1.027923
v -1.116743 -1.191847 1.017063
v -1.217801 -1.129094 0.9291897
v -1.008307 -1.161867 0.9006084
v -1.04834 -1.129094 0.8388334
v -1.076973 -1.213342 0.8795187
v -1.003465 -1.129094 0.9002731
v -1.026086 -1.12428 0.9824452
v -1.008307 -1.161867 0.9006084
v -1.032817 -1.190436 0.9556732
v -1.076973 -1.213342 0.8795187
v -1.137949 -1.170014 0.8438401
v -1.008307 -1.161867 0.9006084
v -1.035972 -1.041655 1.05814
v -1.052571 -1.045605 0.9981369
v -1.002994 -1.030547 1.02773
v -1.095533 -1.096206 1.041414
v -1.148306 -1.161617 0.9433641
v -1.040741 -1.129094 0.9594628
v -1.021512 -1.19222 0.9111639
v -1.15502 -1.129094 0.9435091
v -1.066073 -1.161866 0.7556307
v -1.17103 -1.129094 0.7836277
v -1.169458 -1.191291 0.8311126
v -1.063942 -1.129094 0.7512693
v -1.004088 -1.124284 0.8119454
v -1.066073 -1.161866 0.7556307
v -1.070775 -1.211351 0.8033736
v -1.070775 -1.211351 0.8033736
v -1.169458 -1.191291 0.8311126
v -1.182825 -1.16461 0.8448387
v -1.066073 -1.161866 0.7556307
v -0.9234269 -1.204932 0.7515591
v -1.046136 -1.160033 0.7667603
v -1.061044 -1.149864 0.7907056
v -0.936638 -1.278326 0.8654438
v -0.9084895 -1.202906 0.8925298
v -1.006977 -1.168447 0.9194722
v -0.8851206 -1.173128 0.867505
v -1.038176 -1.178725 0.8978097
v -0.9412472 -1.102206 0.7502617
v -0.9084895 -1.202906 0.8925298
v -0.8851206 -1.173128 0.867505
v -0.8959869 -1.075219 0.8204437
v -0.8987931 -1.189456 0.8809525
v -0.9438914 -1.046675 0.8674228
v -1.003048 -1.047815 0.8491587
v -0.9542667 -1.031068 0.8237758
v -0.9877324 -1.096206 0.9015777
v -1.092206 -1.161526 0.8957184
v -1.031167 -1.129094 0.8064803
v -1.064051 -1.190889 0.7694212
v -1.091008 -1.129094 0.9003054
v -1.223419 -1.162844 0.7364016
v -1.24485 -1.129094 0.8470328
v -1.201977 -1.190925 0.8643247
v -1.227058 -1.129094 0.7327621
v -1.118065 -1.191242 0.8809034
v -1.064051 -1.190889 0.7694212
v -1.088655 -1.157524 0.7261654
v -1.092206 -1.161526 0.8957184
v -1.05575 -1.172258 0.8284186
v -1.10803 -1.157048 0.8949872
v -1.088655 -1.157524 0.7261654
v -1.162426 -1.190269 0.7269655
v -1.201977 -1.190925 0.8643247
v -1.201574 -1.164397 0.8790141
v -1.223419 -1.162844 0.7364016
v -1.036296 -1.206816 0.6639137
v -1.028455 -1.189008 0.6502634
v -1.094274 -1.21017 0.7566456
v -1.061124 -1.046646 0.6778775
v -1.109572 -1.046153 0.7231877
v -1.104182 -1.031081 0.6655506
v -1.058755 -1.09528 0.7409655
v -1.112256 -1.161526 0.8258422
v -1.159018 -1.129094 0.7283642
v -1.208746 -1.191847 0.7392265
v -1.107684 -1.129094 0.8270969
v -1.317178 -1.161869 0.8556882
v -1.240448 -1.129094 0.9325812
v -1.198105 -1.191484 0.9064595
v -1.322021 -1.129094 0.8560262
v -1.299402 -1.12429 0.773845
v -1.317178 -1.161869 0.8556882
v -1.271891 -1.212352 0.8347518
v -1.13857 -1.191453 0.8421472
v -1.208746 -1.191847 0.7392265
v -1.203461 -1.199804 0.7517955
v -1.112256 -1.161526 0.8258422
v -1.152316 -1.17226 0.7606193
v -1.1208 -1.157048 0.8391809
v -1.203461 -1.199804 0.7517955
v -1.208746 -1.191847 0.7392265
v -1.263838 -1.125815 0.7390025
v -1.159018 -1.129094 0.7283642
v -1.271891 -1.212352 0.8347518
v -1.198105 -1.191484 0.9064595
v -1.180477 -1.16468 0.9116385
v -1.317178 -1.161869 0.8556882
v -1.201574 -1.164397 0.8790141
v -1.15855 -1.128869 0.9006491
v -1.16837 -1.128869 0.8975099
v -1.207057 -1.209921 0.8671606
v -1.10803 -1.157048 0.8949872
v -1.143793 -1.128869 0.8701533
v -1.177183 -1.161617 0.8129256
v -1.182279 -1.190872 0.8380582
v -1.170467 -1.129094 0.812782
v -1.156029 -1.191289 0.9251822
v -1.141381 -1.128869 0.8784281
v -1.142663 -1.164612 0.9114525
v -1.154456 -1.129094 0.9726616
v -1.163971 -1.128869 0.8564909
v -1.170708 -1.132844 0.8539578
v -1.207423 -1.191242 0.875388
v -1.169415 -1.129094 0.8544123
v -1.123508 -1.190924 0.8919678
v -1.161785 -1.128869 0.8581629
v -1.123913 -1.164395 0.8772756
v -1.080637 -1.129094 0.9092584
v -1.18211 -1.128869 0.8683809
v -1.21323 -1.161525 0.9304458
v -1.186917 -1.191452 0.9141433
v -1.217801 -1.129094 0.9291897
v -1.167856 -1.132844 0.8531508
v -1.173179 -1.128869 0.8595037
v -1.174152 -1.133746 0.8600038
v -1.168753 -1.129094 0.8541917
v -1.181694 -1.128869 0.8861361
v -1.148306 -1.161617 0.9433641
v -1.143208 -1.190869 0.9182336
v -1.15502 -1.129094 0.9435091
v -1.169458 -1.191291 0.8311126
v -1.184105 -1.128869 0.8778635
v -1.182825 -1.16461 0.8448387
v -1.17103 -1.129094 0.7836277
v -1.064051 -1.190889 0.7694212
v -1.092791 -1.125813 0.7210233
v -1.088655 -1.157524 0.7261654
v -1.031167 -1.129094 0.8064803
v -1.164457 -1.128869 0.898846
v -1.092206 -1.161526 0.8957184
v -1.118065 -1.191242 0.8809034
v -1.091008 -1.129094 0.9003054
v -1.141304 -1.124282 0.7075712
v -1.223419 -1.162844 0.7364016
v -1.162426 -1.190269 0.7269655
v -1.227058 -1.129094 0.7327621
v -1.201977 -1.190925 0.8643247
v -1.16837 -1.128869 0.8975099
v -1.201574 -1.164397 0.8790141
v -1.24485 -1.129094 0.8470328
v -1.143377 -1.128869 0.8879098
v -1.112256 -1.161526 0.8258422
v -1.13857 -1.191453 0.8421472
v -1.107684 -1.129094 0.8270969
v -1.198105 -1.191484 0.9064595
v -1.15231 -1.128869 0.8967891
v -1.180477 -1.16468 0.9116385
v -1.240448 -1.129094 0.9325812
v -0.9277305 -0.9520323 0.6477665
v -0.9008976 -0.8197836 0.7220932
v -0.9499705 -0.8197823 0.6596081
v -0.8763515 -0.9520312 0.7164106
v -0.8746626 -1.0583 0.7108952
v -0.9275275 -1.0583 0.6420016
v -0.8802834 -1.164567 0.7096004
v -0.9332909 -1.164567 0.642206
v -0.945133 -1.296818 0.6644458
v -0.8974776 -1.296815 0.7280165
v -0.8696709 -0.8197812 0.7951503
v -0.8444903 -0.9520316 0.7960134
v -0.8414313 -1.0583 0.791124
v -0.8465246 -1.164567 0.7884179
v -0.8678987 -1.296814 0.801757
v -0.8584166 -0.8197803 0.873799
v -0.834316 -0.9520316 0.8811506
v -0.8300967 -1.0583 0.8772194
v -0.8343161 -1.164567 0.8732877
v -0.8584145 -1.296815 0.8806396
v -0.8679011 -0.8197799 0.9526812
v -0.8465245 -0.9520315 0.9660208
v -0.8414311 -1.0583 0.9633148
v -0.8444893 -1.164567 0.9584252
v -0.8696694 -1.296815 0.9592886
v -0.8974778 -0.8197826 1.026421
v -0.8802832 -0.9520313 1.044838
v -0.8746624 -1.0583 1.043544
v -0.8763514 -1.164567 1.038028
v -0.9008961 -1.296815 1.032345
v -0.9451328 -0.819783 1.089994
v -0.9332902 -0.9520326 1.112233
v -0.9275268 -1.0583 1.112436
v -0.9277302 -1.164567 1.106672
v -0.9499689 -1.296816 1.094831
v -1.007618 -0.8197834 1.139066
v -1.001934 -0.9520323 1.163611
v -0.996419 -1.0583 1.1653
v -0.9951244 -1.164567 1.159679
v -1.013541 -1.296816 1.142485
v -1.080675 -0.8197802 1.170291
v -1.081537 -0.9520326 1.195474
v -1.076648 -1.0583 1.198532
v -1.073942 -1.164567 1.193439
v -1.08728 -1.296815 1.172064
v -1.159324 -0.8197834 1.181548
v -1.166675 -0.9520326 1.205647
v -1.162743 -1.0583 1.209867
v -1.158812 -1.164567 1.205647
v -1.166163 -1.296814 1.181549
v -1.238207 -0.8197849 1.172064
v -1.166675 -0.9520326 1.205647
v -1.251545 -0.9520326 1.193439
v -1.159324 -0.8197834 1.181548
v -1.248839 -1.0583 1.198532
v -1.162743 -1.0583 1.209867
v -1.243949 -1.164567 1.195474
v -1.158812 -1.164567 1.205647
v -1.166163 -1.296814 1.181549
v -1.244813 -1.296816 1.170293
v -1.311946 -0.8197837 1.142485
v -1.330362 -0.9520324 1.15968
v -1.329068 -1.0583 1.165301
v -1.323552 -1.164567 1.163612
v -1.31787 -1.296817 1.139065
v -1.375517 -0.8197815 1.09483
v -1.397757 -0.9520327 1.106673
v -1.397961 -1.0583 1.112436
v -1.392197 -1.164568 1.112233
v -1.380355 -1.296817 1.089993
v -1.42459 -0.8197848 1.032347
v -1.449136 -0.9520326 1.038029
v -1.450825 -1.0583 1.043543
v -1.445204 -1.164568 1.044837
v -1.428009 -1.296817 1.026422
v -1.455818 -0.8197861 0.9592898
v -1.480998 -0.9520327 0.9584258
v -1.484056 -1.0583 0.9633143
v -1.478963 -1.164568 0.9660199
v -1.457588 -1.296817 0.9526815
v -1.467073 -0.8197853 0.8806401
v -1.491171 -0.9520326 0.8732882
v -1.495391 -1.0583 0.8772199
v -1.49117 -1.164568 0.8811501
v -1.467072 -1.296818 0.8737981
v -1.457588 -0.8197848 0.8017579
v -1.478963 -0.9520326 0.7884186
v -1.484056 -1.0583 0.7911246
v -1.480997 -1.164568 0.7960141
v -1.455817 -1.296815 0.7951487
v -1.428011 -0.819785 0.7280176
v -1.445204 -0.9520324 0.7096006
v -1.450825 -1.0583 0.7108957
v -1.449136 -1.164569 0.7164112
v -1.42459 -1.296814 0.7220921
v -1.380356 -0.819786 0.6644452
v -1.392197 -0.9520325 0.6422066
v -1.39796 -1.0583 0.6420018
v -1.397756 -1.164568 0.6477653
v -1.375517 -1.296817 0.6596082
v -1.317871 -0.8197842 0.6153741
v -1.323553 -0.9520327 0.5908277
v -1.329067 -1.0583 0.5891384
v -1.330361 -1.164568 0.5947592
v -1.311944 -1.296817 0.6119527
v -1.244815 -0.8197842 0.584146
v -1.24395 -0.9520328 0.5589654
v -1.248839 -1.0583 0.5559075
v -1.251544 -1.164567 0.5610007
v -1.238204 -1.296816 0.5823749
v -1.166166 -0.8197851 0.5728905
v -1.158812 -0.9520327 0.5487922
v -1.162743 -1.0583 0.5445727
v -1.166674 -1.164567 0.5487922
v -1.159321 -1.296815 0.5728905
v -1.087282 -0.8197804 0.5823769
v -1.073942 -0.9520326 0.5610006
v -1.076648 -1.0583 0.5559075
v -1.081536 -1.164567 0.5589666
v -1.080672 -1.296815 0.5841468
v -1.013542 -0.8197809 0.6119546
v -0.9951253 -0.9520325 0.5947591
v -0.9964199 -1.0583 0.5891392
v -1.001934 -1.164567 0.5908284
v -1.007617 -1.296817 0.6153742
v -1.2404 -0.8800866 0.9924554
v -1.085088 -0.8800866 0.7636588
v -1.043272 -0.8971893 0.9582497
v -1.282216 -0.8971893 0.7978646
v -1.037236 -0.9542832 0.896815
v -1.05863 -0.9615558 0.9786641
v -1.043272 -0.8971893 0.9582497
v -1.037571 -0.9533602 0.8750593
v -1.034327 -0.9651321 0.8550205
v -1.085088 -0.8800866 0.7636588
v -1.062137 -0.9615565 0.7739434
v -1.143986 -0.9542843 0.7525489
v -1.165742 -0.9533614 0.7528844
v -1.185781 -0.965133 0.7496401
v -1.282216 -0.8971893 0.7978646
v -1.266857 -0.9615568 0.7774497
v -1.288251 -0.9542838 0.8593003
v -1.287917 -0.9533609 0.8810562
v -1.29116 -0.965133 0.9010951
v -1.2404 -0.8800866 0.9924554
v -1.263352 -0.9615572 0.9821697
v -1.181501 -0.9542834 1.003565
v -1.159745 -0.9533605 1.003229
v -1.139706 -0.9651324 1.006474
v -1.162744 -1.231283 0.8780576
v -1.138255 -1.228938 0.9407073
v -1.116143 -1.228938 0.9265667
v -1.164094 -1.228938 0.9453099
v -1.189728 -1.228938 0.9396738
v -1.211253 -1.228938 0.9246581
v -1.225394 -1.228939 0.9025478
v -1.229997 -1.228939 0.8767074
v -1.22436 -1.228939 0.8510729
v -1.209343 -1.228938 0.8295469
v -1.187233 -1.228938 0.8154068
v -1.161393 -1.228938 0.8108044
v -1.13576 -1.228938 0.81644
v -1.114233 -1.228938 0.8314568
v -1.100093 -1.228938 0.8535687
v -1.095491 -1.228938 0.8794084
v -1.101127 -1.228938 0.9050418
v -1.044583 -1.175641 0.9892682
v -1.011019 -1.175641 0.935585
v -1.000553 -1.175641 0.8731443
v -1.01478 -1.175641 0.8114496
v -1.051532 -1.175641 0.7598969
v -1.105217 -1.175641 0.726332
v -1.167658 -1.175641 0.7158666
v -1.229352 -1.175641 0.7300936
v -1.280904 -1.175641 0.7668455
v -1.314469 -1.17564 0.8205295
v -1.324934 -1.17564 0.8829712
v -1.310707 -1.175641 0.9446662
v -1.273954 -1.175641 0.9962183
v -1.220271 -1.175641 1.029782
v -1.157829 -1.175641 1.040247
v -1.096136 -1.175641 1.026021
v -1.024814 -1.047161 0.939707
v -1.072256 -1.047161 0.974446
v -1.042258 -1.047161 0.9324825
v -1.058907 -1.047161 0.9877977
v -1.015213 -1.003171 0.9305659
v -1.030602 -1.047161 0.8822317
v -1.007771 -0.9969001 0.8750413
v -1.02162 -1.047161 0.8241205
v -1.039064 -1.047161 0.8313453
v -1.011722 -1.047161 0.8822321
v -1.044583 -1.175641 0.9892682
v -1.024814 -1.047161 0.939707
v -1.011019 -1.175641 0.935585
v -1.000553 -1.175641 0.8731443
v -1.011722 -1.047161 0.8822321
v -1.01478 -1.175641 0.8114496
v -1.011722 -1.047161 0.8822321
v -1.042258 -1.047161 0.9324825
v -1.030602 -1.047161 0.8822317
v -1.024814 -1.047161 0.939707
v -1.05697 -1.007412 0.9947638
v -1.072256 -1.047161 0.974446
v -1.015213 -1.003171 0.9305659
v -1.058907 -1.047161 0.9877977
v -1.116031 -1.047162 1.001737
v -1.108806 -1.047162 1.019181
v -1.011019 -1.175641 0.935585
v -1.024814 -1.047161 0.939707
v -1.000553 -1.175641 0.8731443
v -1.096136 -1.175641 1.026021
v -1.108806 -1.047162 1.019181
v -1.044583 -1.175641 0.9892682
v -1.053004 -1.047161 0.7742204
v -1.039064 -1.047161 0.8313453
v -1.066354 -1.047161 0.787571
v -1.02162 -1.047161 0.8241205
v -1.01478 -1.175641 0.8114496
v -1.02162 -1.047161 0.8241205
v -1.051532 -1.175641 0.7598969
v -1.101094 -1.047162 0.7401285
v -1.066354 -1.047161 0.787571
v -1.10832 -1.047162 0.7575719
v -1.053004 -1.047161 0.7742204
v -1.051532 -1.175641 0.7598969
v -1.053004 -1.047161 0.7742204
v -1.105217 -1.175641 0.726332
v -1.15857 -1.047162 0.727035
v -1.10832 -1.047162 0.7575719
v -1.15857 -1.047162 0.7459161
v -1.101094 -1.047162 0.7401285
v -1.105217 -1.175641 0.726332
v -1.101094 -1.047162 0.7401285
v -1.167658 -1.175641 0.7158666
v -1.216681 -1.047162 0.7369341
v -1.15857 -1.047162 0.7459161
v -1.209456 -1.047162 0.7543778
v -1.15857 -1.047162 0.727035
v -1.167658 -1.175641 0.7158666
v -1.15857 -1.047162 0.727035
v -1.229352 -1.175641 0.7300936
v -1.266581 -1.047162 0.7683182
v -1.209456 -1.047162 0.7543778
v -1.25323 -1.047162 0.7816676
v -1.216681 -1.047162 0.7369341
v -1.229352 -1.175641 0.7300936
v -1.216681 -1.047162 0.7369341
v -1.280904 -1.175641 0.7668455
v -1.300672 -1.047162 0.8164079
v -1.25323 -1.047162 0.7816676
v -1.283229 -1.047162 0.8236322
v -1.266581 -1.047162 0.7683182
v -1.280904 -1.175641 0.7668455
v -1.266581 -1.047162 0.7683182
v -1.314469 -1.17564 0.8205295
v -1.313765 -1.047162 0.8738839
v -1.283229 -1.047162 0.8236322
v -1.294885 -1.047162 0.8738838
v -1.300672 -1.047162 0.8164079
v -1.314469 -1.17564 0.8205295
v -1.300672 -1.047162 0.8164079
v -1.324934 -1.17564 0.8829712
v -1.303867 -1.047162 0.931995
v -1.294885 -1.047162 0.8738838
v -1.286423 -1.047162 0.9247699
v -1.313765 -1.047162 0.8738839
v -1.324934 -1.17564 0.8829712
v -1.313765 -1.047162 0.8738839
v -1.310707 -1.175641 0.9446662
v -1.272483 -1.047162 0.9818947
v -1.286423 -1.047162 0.9247699
v -1.259133 -1.047162 0.9685435
v -1.303867 -1.047162 0.931995
v -1.310707 -1.175641 0.9446662
v -1.303867 -1.047162 0.931995
v -1.273954 -1.175641 0.9962183
v -1.224393 -1.047162 1.015986
v -1.259133 -1.047162 0.9685435
v -1.21717 -1.047162 0.9985421
v -1.272483 -1.047162 0.9818947
v -1.273954 -1.175641 0.9962183
v -1.272483 -1.047162 0.9818947
v -1.220271 -1.175641 1.029782
v -1.166917 -1.047162 1.029079
v -1.21717 -1.047162 0.9985421
v -1.166918 -1.047162 1.010199
v -1.224393 -1.047162 1.015986
v -1.220271 -1.175641 1.029782
v -1.224393 -1.047162 1.015986
v -1.157829 -1.175641 1.040247
v -1.108806 -1.047162 1.019181
v -1.166918 -1.047162 1.010199
v -1.116031 -1.047162 1.001737
v -1.166917 -1.047162 1.029079
v -1.157829 -1.175641 1.040247
v -1.166917 -1.047162 1.029079
v -1.096136 -1.175641 1.026021
v -1.050443 -1.026557 0.6827114
v -1.053933 -1.051049 0.7645819
v -1.092927 -1.072732 0.756294
v -1.003929 -1.026557 0.7184045
v -1.119602 -1.051049 0.7266684
v -1.104612 -1.026557 0.6602746
v -1.160037 -1.05105 0.7206342
v -1.162743 -1.026557 0.6526207
v -1.200657 -1.051049 0.7252686
v -1.220873 -1.026557 0.6602739
v -1.238693 -1.051049 0.7402585
v -1.275042 -1.026557 0.6827106
v -1.271553 -1.051049 0.7645829
v -1.321559 -1.026557 0.7184037
v -1.296999 -1.051049 0.7965826
v -1.357252 -1.026558 0.7649198
v -1.313295 -1.05105 0.8340783
v -1.379689 -1.026558 0.8190889
v -1.319329 -1.051051 0.8745132
v -1.387343 -1.026558 0.8772188
v -1.314695 -1.051051 0.9151333
v -1.37969 -1.026558 0.9353499
v -1.299703 -1.05105 0.9531695
v -1.357252 -1.026557 0.9895187
v -1.27538 -1.05105 0.9860287
v -1.321558 -1.026557 1.036035
v -1.243379 -1.05105 1.011474
v -1.275042 -1.026557 1.071728
v -1.205884 -1.05105 1.02777
v -1.220873 -1.026557 1.094166
v -1.165449 -1.05105 1.033805
v -1.162744 -1.026557 1.101819
v -1.12483 -1.05105 1.02917
v -1.104613 -1.026557 1.094166
v -1.086794 -1.051049 1.014179
v -1.050444 -1.026557 1.071728
v -1.053933 -1.051049 0.9898568
v -1.003929 -1.026557 1.036034
v -1.028488 -1.051049 0.9578559
v -0.9682356 -1.026557 0.9895183
v -1.012194 -1.05105 0.9203607
v -0.9457976 -1.026557 0.9353495
v -1.006158 -1.05105 0.8799252
v -0.9381447 -1.026557 0.8772193
v -1.010793 -1.05105 0.8393059
v -0.9457976 -1.026557 0.8190883
v -1.007613 -1.0355 0.7876541
v -0.9682357 -1.026557 0.7649204
v -1.045798 -1.176711 0.8097013
v -1.053206 -1.201818 0.7717144
v -0.9689617 -1.229607 0.7653395
v -1.016602 -1.201819 0.8351093
v -0.9466078 -1.229606 0.8193064
v -1.010683 -1.201819 0.8743684
v -0.9389837 -1.229606 0.8772196
v -1.015127 -1.201818 0.9138214
v -0.9466077 -1.229606 0.9351324
v -1.029631 -1.201819 0.9507796
v -0.9689616 -1.229606 0.9890994
v -1.053204 -1.201819 0.9827253
v -1.004521 -1.229607 1.035441
v -1.084245 -1.20182 1.007482
v -1.050864 -1.229607 1.071001
v -1.120633 -1.20182 1.023361
v -1.104831 -1.229607 1.093355
v -1.159892 -1.20182 1.02928
v -1.162743 -1.229607 1.100979
v -1.199345 -1.20182 1.024837
v -1.220657 -1.229607 1.093354
v -1.236304 -1.20182 1.010334
v -1.274624 -1.229607 1.071002
v -1.268251 -1.20182 0.9867585
v -1.320965 -1.229607 1.035442
v -1.293006 -1.20182 0.9557186
v -1.356526 -1.229607 0.9890998
v -1.308885 -1.20182 0.9193299
v -1.378879 -1.229607 0.9351327
v -1.314804 -1.201819 0.8800704
v -1.386504 -1.229607 0.8772188
v -1.310359 -1.201818 0.8406178
v -1.378879 -1.229607 0.8193057
v -1.295856 -1.201819 0.8036586
v -1.356525 -1.229607 0.7653387
v -1.272283 -1.201819 0.7717125
v -1.320965 -1.229607 0.7189966
v -1.241242 -1.201819 0.746958
v -1.274623 -1.229607 0.6834376
v -1.204853 -1.20182 0.731078
v -1.220656 -1.229607 0.6610837
v -1.165594 -1.20182 0.7251591
v -1.162743 -1.229607 0.6534595
v -1.126142 -1.201818 0.7296039
v -1.104829 -1.229607 0.6610845
v -1.074616 -1.219838 0.7245796
v -1.050863 -1.229607 0.6834386
v -1.004522 -1.229607 0.7189974
v -1.06349 -0.8129594 0.7825775
v -1.099453 -0.9661456 0.7597296
v -1.091368 -0.812958 0.7601129
v -1.071201 -0.9661442 0.7801139
v -1.066159 -1.0583 0.7806339
v -1.094447 -1.0583 0.7589266
v -1.065638 -1.150454 0.7856771
v -1.092639 -1.150454 0.7636638
v -1.097013 -1.303644 0.7568514
v -1.0681 -1.303644 0.7779643
v -1.130407 -1.303644 0.7439402
v -1.124418 -1.150454 0.7493883
v -1.127391 -1.0583 0.7452807
v -1.132018 -0.9661457 0.7473522
v -1.124109 -0.8129553 0.7456279
v -1.166003 -1.303644 0.740112
v -1.158809 -1.150454 0.7438256
v -1.162744 -1.0583 0.7406266
v -1.166677 -0.9661455 0.7438245
v -1.159484 -0.8129553 0.7401119
v -1.201378 -1.303642 0.745629
v -1.193469 -1.150455 0.7473522
v -1.198096 -1.0583 0.745281
v -1.201068 -0.9661455 0.7493885
v -1.195081 -0.8129553 0.7439401
v -1.234119 -1.30364 0.760113
v -1.226034 -1.150455 0.75973
v -1.23104 -1.0583 0.7589271
v -1.232847 -0.9661453 0.7636634
v -1.228474 -0.8129556 0.756851
v -1.261997 -1.30364 0.7825769
v -1.254286 -1.150455 0.7801133
v -1.25933 -1.0583 0.7806337
v -1.25985 -0.9661453 0.7856773
v -1.257388 -0.8129553 0.7779644
v -1.283111 -1.303641 0.8114902
v -1.276299 -1.150455 0.8071158
v -1.281036 -1.0583 0.8089226
v -1.280234 -0.9661452 0.8139292
v -1.279853 -0.8129555 0.8058419
v -1.296021 -1.30364 0.8448838
v -1.290575 -1.150455 0.8388952
v -1.294683 -1.0583 0.8418667
v -1.292611 -0.9661452 0.8464942
v -1.294336 -0.8129556 0.8385842
v -1.299849 -1.30364 0.8804795
v -1.296138 -1.150455 0.8732851
v -1.299337 -1.0583 0.8772197
v -1.296139 -0.9661454 0.8811532
v -1.299851 -0.8129556 0.8739589
v -1.294333 -1.303641 0.9158549
v -1.292611 -1.150455 0.9079449
v -1.294683 -1.0583 0.9125721
v -1.290575 -0.9661452 0.9155446
v -1.296024 -0.8129554 0.9095566
v -1.279849 -1.30364 0.9485964
v -1.280233 -1.150455 0.9405097
v -1.281036 -1.0583 0.9455156
v -1.2763 -0.9661453 0.9473234
v -1.283113 -0.8129553 0.942949
v -1.257385 -1.30364 0.9764735
v -1.259849 -1.150455 0.9687623
v -1.259329 -1.0583 0.9738054
v -1.254286 -0.9661452 0.9743254
v -1.261999 -0.8129559 0.9718638
v -1.228472 -1.30364 0.9975861
v -1.232848 -1.150455 0.9907758
v -1.23104 -1.0583 0.9955125
v -1.226034 -0.9661454 0.9947095
v -1.234121 -0.8129556 0.9943277
v -1.195079 -1.303641 1.010497
v -1.201068 -1.150455 1.005051
v -1.198097 -1.0583 1.009158
v -1.193469 -0.9661456 1.007087
v -1.201379 -0.8129552 1.008811
v -1.159482 -1.303643 1.014326
v -1.166677 -1.150454 1.010615
v -1.162743 -1.0583 1.013813
v -1.15881 -0.9661455 1.010614
v -1.166005 -0.8129553 1.014327
v -1.124107 -1.303644 1.008811
v -1.132018 -1.150454 1.007087
v -1.127391 -1.0583 1.009158
v -1.124419 -0.9661456 1.005051
v -1.130408 -0.8129566 1.010498
v -1.091366 -1.303644 0.9943274
v -1.099453 -1.150454 0.9947096
v -1.094447 -1.0583 0.9955124
v -1.092639 -0.9661455 0.9907756
v -1.097015 -0.8129593 0.997586
v -1.063488 -1.303644 0.9718632
v -1.071201 -1.150455 0.9743248
v -1.066158 -1.0583 0.973805
v -1.065638 -0.9661443 0.9687621
v -1.068101 -0.8129593 0.9764732
v -1.042374 -1.303644 0.9429492
v -1.049187 -1.150455 0.9473235
v -1.044451 -1.0583 0.9455155
v -1.045254 -0.9661443 0.9405103
v -1.045638 -0.8129594 0.9485963
v -1.029463 -1.303644 0.9095557
v -1.034912 -1.150455 0.9155443
v -1.030805 -1.0583 0.9125718
v -1.032876 -0.9661446 0.9079455
v -1.031155 -0.8129596 0.9158545
v -1.025636 -1.303644 0.8739585
v -1.029348 -1.150454 0.8811529
v -1.026151 -1.0583 0.8772195
v -1.02935 -0.9661446 0.8732858
v -1.025639 -0.8129595 0.8804802
v -1.031151 -1.303644 0.8385835
v -1.032876 -1.150455 0.8464944
v -1.030805 -1.0583 0.8418667
v -1.034913 -0.9661447 0.8388944
v -1.029467 -0.8129595 0.8448843
v -1.045636 -1.303644 0.8058422
v -1.045254 -1.150454 0.8139287
v -1.044451 -1.0583 0.8089238
v -1.049187 -0.9661445 0.8071155
v -1.042377 -0.8129593 0.8114908
v -0.9558551 -1.343888 0.7568712
v -1.0681 -1.303644 0.7779643
v -1.045636 -1.303644 0.8058422
v -0.9940536 -1.343888 0.7074262
v -0.945133 -1.296818 0.6644458
v -0.9940536 -1.343888 0.7074262
v -0.8974776 -1.296815 0.7280165
v -0.9317529 -1.343888 0.8145177
v -1.045636 -1.303644 0.8058422
v -1.031151 -1.303644 0.8385835
v -0.9558551 -1.343888 0.7568712
v -0.8974776 -1.296815 0.7280165
v -0.9558551 -1.343888 0.7568712
v -0.8678987 -1.296814 0.801757
v -0.9233944 -1.343887 0.8764393
v -1.031151 -1.303644 0.8385835
v -1.025636 -1.303644 0.8739585
v -0.9317529 -1.343888 0.8145177
v -0.8678987 -1.296814 0.801757
v -0.9317529 -1.343888 0.8145177
v -0.8584145 -1.296815 0.8806396
v -0.9313489 -1.343888 0.9384133
v -1.025636 -1.303644 0.8739585
v -1.029463 -1.303644 0.9095557
v -0.9233944 -1.343887 0.8764393
v -0.8584145 -1.296815 0.8806396
v -0.9233944 -1.343887 0.8764393
v -0.8696694 -1.296815 0.9592886
v -0.9550713 -1.343888 0.996218
v -1.029463 -1.303644 0.9095557
v -1.042374 -1.303644 0.9429492
v -0.9313489 -1.343888 0.9384133
v -0.8696694 -1.296815 0.9592886
v -0.9313489 -1.343888 0.9384133
v -0.9008961 -1.296815 1.032345
v -0.992947 -1.343888 1.045912
v -1.042374 -1.303644 0.9429492
v -1.063488 -1.303644 0.9718632
v -0.9550713 -1.343888 0.996218
v -0.9008961 -1.296815 1.032345
v -0.9550713 -1.343888 0.996218
v -0.9499689 -1.296816 1.094831
v -1.042395 -1.343888 1.084109
v -1.063488 -1.303644 0.9718632
v -1.091366 -1.303644 0.9943274
v -0.992947 -1.343888 1.045912
v -0.9499689 -1.296816 1.094831
v -0.992947 -1.343888 1.045912
v -1.013541 -1.296816 1.142485
v -1.100042 -1.343888 1.10821
v -1.091366 -1.303644 0.9943274
v -1.124107 -1.303644 1.008811
v -1.042395 -1.343888 1.084109
v -1.013541 -1.296816 1.142485
v -1.042395 -1.343888 1.084109
v -1.08728 -1.296815 1.172064
v -1.161963 -1.343887 1.116569
v -1.124107 -1.303644 1.008811
v -1.159482 -1.303643 1.014326
v -1.100042 -1.343888 1.10821
v -1.08728 -1.296815 1.172064
v -1.100042 -1.343888 1.10821
v -1.166163 -1.296814 1.181549
v -1.223936 -1.343889 1.108612
v -1.159482 -1.303643 1.014326
v -1.195079 -1.303641 1.010497
v -1.161963 -1.343887 1.116569
v -1.166163 -1.296814 1.181549
v -1.161963 -1.343887 1.116569
v -1.244813 -1.296816 1.170293
v -1.28174 -1.34389 1.084886
v -1.195079 -1.303641 1.010497
v -1.228472 -1.30364 0.9975861
v -1.223936 -1.343889 1.108612
v -1.244813 -1.296816 1.170293
v -1.223936 -1.343889 1.108612
v -1.31787 -1.296817 1.139065
v -1.331432 -1.34389 1.047011
v -1.228472 -1.30364 0.9975861
v -1.257385 -1.30364 0.9764735
v -1.28174 -1.34389 1.084886
v -1.31787 -1.296817 1.139065
v -1.28174 -1.34389 1.084886
v -1.380355 -1.296817 1.089993
v -1.369629 -1.34389 0.9975649
v -1.257385 -1.30364 0.9764735
v -1.279849 -1.30364 0.9485964
v -1.331432 -1.34389 1.047011
v -1.380355 -1.296817 1.089993
v -1.331432 -1.34389 1.047011
v -1.428009 -1.296817 1.026422
v -1.393731 -1.343889 0.9399193
v -1.279849 -1.30364 0.9485964
v -1.294333 -1.303641 0.9158549
v -1.369629 -1.34389 0.9975649
v -1.428009 -1.296817 1.026422
v -1.369629 -1.34389 0.9975649
v -1.457588 -1.296817 0.9526815
v -1.402084 -1.34389 0.8779985
v -1.294333 -1.303641 0.9158549
v -1.299849 -1.30364 0.8804795
v -1.393731 -1.343889 0.9399193
v -1.457588 -1.296817 0.9526815
v -1.393731 -1.343889 0.9399193
v -1.467072 -1.296818 0.8737981
v -1.394132 -1.34389 0.816026
v -1.299849 -1.30364 0.8804795
v -1.296021 -1.30364 0.8448838
v -1.402084 -1.34389 0.8779985
v -1.467072 -1.296818 0.8737981
v -1.402084 -1.34389 0.8779985
v -1.455817 -1.296815 0.7951487
v -1.370414 -1.343889 0.7582205
v -1.296021 -1.30364 0.8448838
v -1.283111 -1.303641 0.8114902
v -1.394132 -1.34389 0.816026
v -1.455817 -1.296815 0.7951487
v -1.394132 -1.34389 0.816026
v -1.42459 -1.296814 0.7220921
v -1.332536 -1.343889 0.7085285
v -1.283111 -1.303641 0.8114902
v -1.261997 -1.30364 0.7825769
v -1.370414 -1.343889 0.7582205
v -1.42459 -1.296814 0.7220921
v -1.370414 -1.343889 0.7582205
v -1.375517 -1.296817 0.6596082
v -1.283088 -1.34389 0.6703327
v -1.261997 -1.30364 0.7825769
v -1.234119 -1.30364 0.760113
v -1.332536 -1.343889 0.7085285
v -1.375517 -1.296817 0.6596082
v -1.332536 -1.343889 0.7085285
v -1.311944 -1.296817 0.6119527
v -1.225441 -1.34389 0.6462334
v -1.234119 -1.30364 0.760113
v -1.201378 -1.303642 0.745629
v -1.283088 -1.34389 0.6703327
v -1.311944 -1.296817 0.6119527
v -1.283088 -1.34389 0.6703327
v -1.238204 -1.296816 0.5823749
v -1.163521 -1.343888 0.6378718
v -1.201378 -1.303642 0.745629
v -1.166003 -1.303644 0.740112
v -1.225441 -1.34389 0.6462334
v -1.238204 -1.296816 0.5823749
v -1.225441 -1.34389 0.6462334
v -1.159321 -1.296815 0.5728905
v -1.101548 -1.343888 0.6458259
v -1.166003 -1.303644 0.740112
v -1.130407 -1.303644 0.7439402
v -1.163521 -1.343888 0.6378718
v -1.159321 -1.296815 0.5728905
v -1.163521 -1.343888 0.6378718
v -1.080672 -1.296815 0.5841468
v -1.043745 -1.343888 0.669549
v -1.130407 -1.303644 0.7439402
v -1.097013 -1.303644 0.7568514
v -1.101548 -1.343888 0.6458259
v -1.080672 -1.296815 0.5841468
v -1.101548 -1.343888 0.6458259
v -1.007617 -1.296817 0.6153742
v -0.9940536 -1.343888 0.7074262
v -1.097013 -1.303644 0.7568514
v -1.0681 -1.303644 0.7779643
v -1.043745 -1.343888 0.669549
v -1.007617 -1.296817 0.6153742
v -0.9940536 -1.343888 0.7074262
v -0.945133 -1.296818 0.6644458
v -1.039064 -1.047161 0.8313453
v -1.007771 -0.9969001 0.8750413
v -1.018472 -0.9978548 0.8205538
v -1.030602 -1.047161 0.8822317
v -1.066354 -1.047161 0.787571
v -1.018472 -0.9978548 0.8205538
v -1.046037 -1.007412 0.7722842
v -1.039064 -1.047161 0.8313453
v -1.10832 -1.047162 0.7575719
v -1.046037 -1.007412 0.7722842
v -1.107401 -1.023961 0.7288888
v -1.066354 -1.047161 0.787571
v -1.15857 -1.047162 0.7459161
v -1.107401 -1.023961 0.7288888
v -1.168698 -1.023961 0.7190647
v -1.10832 -1.047162 0.7575719
v -1.209456 -1.047162 0.7543778
v -1.168698 -1.023961 0.7190647
v -1.229089 -1.023961 0.7334465
v -1.15857 -1.047162 0.7459161
v -1.25323 -1.047162 0.7816676
v -1.229089 -1.023961 0.7334465
v -1.268516 -1.007414 0.7613499
v -1.209456 -1.047162 0.7543778
v -1.283229 -1.047162 0.8236322
v -1.268516 -1.007414 0.7613499
v -1.310274 -1.003173 0.8255491
v -1.25323 -1.047162 0.7816676
v -1.294885 -1.047162 0.8738838
v -1.310274 -1.003173 0.8255491
v -1.317716 -0.9969016 0.8810744
v -1.283229 -1.047162 0.8236322
v -1.286423 -1.047162 0.9247699
v -1.317716 -0.9969016 0.8810744
v -1.307015 -0.9978564 0.935562
v -1.294885 -1.047162 0.8738838
v -1.259133 -1.047162 0.9685435
v -1.307015 -0.9978564 0.935562
v -1.279451 -1.007415 0.9838288
v -1.286423 -1.047162 0.9247699
v -1.21717 -1.047162 0.9985421
v -1.279451 -1.007415 0.9838288
v -1.218088 -1.023961 1.027226
v -1.259133 -1.047162 0.9685435
v -1.166918 -1.047162 1.010199
v -1.218088 -1.023961 1.027226
v -1.156789 -1.023961 1.03705
v -1.21717 -1.047162 0.9985421
v -1.116031 -1.047162 1.001737
v -1.156789 -1.023961 1.03705
v -1.096398 -1.023961 1.022668
v -1.166918 -1.047162 1.010199
v -1.072256 -1.047161 0.974446
v -1.096398 -1.023961 1.022668
v -1.05697 -1.007412 0.9947638
v -1.116031 -1.047162 1.001737
v -1.015213 -1.003171 0.9305659
v -1.05863 -0.9615558 0.9786641
v -1.037236 -0.9542832 0.896815
v -1.05697 -1.007412 0.9947638
v -1.007771 -0.9969001 0.8750413
v -1.037571 -0.9533602 0.8750593
v -1.018472 -0.9978548 0.8205538
v -1.034327 -0.9651321 0.8550205
v -1.046037 -1.007412 0.7722842
v -1.062137 -0.9615565 0.7739434
v -1.114575 -0.9832142 0.7368742
v -1.143986 -0.9542843 0.7525489
v -1.162567 -0.9725567 0.7349928
v -1.165742 -0.9533614 0.7528844
v -1.208434 -0.974094 0.7417186
v -1.185781 -0.965133 0.7496401
v -1.268516 -1.007414 0.7613499
v -1.266857 -0.9615568 0.7774497
v -1.310274 -1.003173 0.8255491
v -1.288251 -0.9542838 0.8593003
v -1.317716 -0.9969016 0.8810744
v -1.287917 -0.9533609 0.8810562
v -1.307015 -0.9978564 0.935562
v -1.29116 -0.965133 0.9010951
v -1.279451 -1.007415 0.9838288
v -1.263352 -0.9615572 0.9821697
v -1.210914 -0.9832134 1.01924
v -1.181501 -0.9542834 1.003565
v -1.162921 -0.9725554 1.021121
v -1.159745 -0.9533605 1.003229
v -1.117054 -0.9740927 1.014396
v -1.139706 -0.9651324 1.006474
v -1.042377 -0.8129593 0.8114908
v -0.9929516 -0.77271 0.7085302
v -0.9550776 -0.77271 0.7582229
v -1.06349 -0.8129594 0.7825775
v -0.9008976 -0.8197836 0.7220932
v -0.9499705 -0.8197823 0.6596081
v -0.9550776 -0.77271 0.7582229
v -0.9550776 -0.77271 0.7582229
v -1.029467 -0.8129595 0.8448843
v -1.042377 -0.8129593 0.8114908
v -0.9313585 -0.7727093 0.8160273
v -0.8696709 -0.8197812 0.7951503
v -0.9550776 -0.77271 0.7582229
v -0.9008976 -0.8197836 0.7220932
v -0.9313585 -0.7727093 0.8160273
v -1.025639 -0.8129595 0.8804802
v -1.029467 -0.8129595 0.8448843
v -0.9234047 -0.7727093 0.8779991
v -0.8584166 -0.8197803 0.873799
v -0.9313585 -0.7727093 0.8160273
v -0.8696709 -0.8197812 0.7951503
v -0.9234047 -0.7727093 0.8779991
v -1.031155 -0.8129596 0.9158545
v -1.025639 -0.8129595 0.8804802
v -0.9317606 -0.7727096 0.9399184
v -0.8679011 -0.8197799 0.9526812
v -0.9234047 -0.7727093 0.8779991
v -0.8584166 -0.8197803 0.873799
v -0.9317606 -0.7727096 0.9399184
v -1.045638 -0.8129594 0.9485963
v -1.031155 -0.8129596 0.9158545
v -0.955856 -0.7727101 0.9975668
v -0.8974778 -0.8197826 1.026421
v -0.9317606 -0.7727096 0.9399184
v -0.8679011 -0.8197799 0.9526812
v -0.955856 -0.7727101 0.9975668
v -1.068101 -0.8129593 0.9764732
v -1.045638 -0.8129594 0.9485963
v -0.9940542 -0.77271 1.047012
v -0.9451328 -0.819783 1.089994
v -0.955856 -0.7727101 0.9975668
v -0.8974778 -0.8197826 1.026421
v -0.9940542 -0.77271 1.047012
v -1.097015 -0.8129593 0.997586
v -1.068101 -0.8129593 0.9764732
v -1.043747 -0.7727102 1.084887
v -1.007618 -0.8197834 1.139066
v -0.9940542 -0.77271 1.047012
v -0.9451328 -0.819783 1.089994
v -1.043747 -0.7727102 1.084887
v -1.130408 -0.8129566 1.010498
v -1.097015 -0.8129593 0.997586
v -1.101551 -0.7727115 1.108611
v -1.080675 -0.8197802 1.170291
v -1.043747 -0.7727102 1.084887
v -1.007618 -0.8197834 1.139066
v -1.101551 -0.7727115 1.108611
v -1.166005 -0.8129553 1.014327
v -1.130408 -0.8129566 1.010498
v -1.163524 -0.7727122 1.116569
v -1.159324 -0.8197834 1.181548
v -1.101551 -0.7727115 1.108611
v -1.080675 -0.8197802 1.170291
v -1.163524 -0.7727122 1.116569
v -1.201379 -0.8129552 1.008811
v -1.166005 -0.8129553 1.014327
v -1.225445 -0.772712 1.10821
v -1.238207 -0.8197849 1.172064
v -1.163524 -0.7727122 1.116569
v -1.159324 -0.8197834 1.181548
v -1.225445 -0.772712 1.10821
v -1.234121 -0.8129556 0.9943277
v -1.201379 -0.8129552 1.008811
v -1.283092 -0.7727115 1.084108
v -1.311946 -0.8197837 1.142485
v -1.225445 -0.772712 1.10821
v -1.238207 -0.8197849 1.172064
v -1.283092 -0.7727115 1.084108
v -1.261999 -0.8129559 0.9718638
v -1.234121 -0.8129556 0.9943277
v -1.332538 -0.7727116 1.045911
v -1.375517 -0.8197815 1.09483
v -1.283092 -0.7727115 1.084108
v -1.311946 -0.8197837 1.142485
v -1.332538 -0.7727116 1.045911
v -1.283113 -0.8129553 0.942949
v -1.261999 -0.8129559 0.9718638
v -1.370418 -0.7727125 0.9962196
v -1.42459 -0.8197848 1.032347
v -1.332538 -0.7727116 1.045911
v -1.375517 -0.8197815 1.09483
v -1.370418 -0.7727125 0.9962196
v -1.296024 -0.8129554 0.9095566
v -1.283113 -0.8129553 0.942949
v -1.394139 -0.7727122 0.938415
v -1.455818 -0.8197861 0.9592898
v -1.370418 -0.7727125 0.9962196
v -1.42459 -0.8197848 1.032347
v -1.394139 -0.7727122 0.938415
v -1.299851 -0.8129556 0.8739589
v -1.296024 -0.8129554 0.9095566
v -1.402093 -0.7727122 0.8764398
v -1.467073 -0.8197853 0.8806401
v -1.394139 -0.7727122 0.938415
v -1.455818 -0.8197861 0.9592898
v -1.402093 -0.7727122 0.8764398
v -1.294336 -0.8129556 0.8385842
v -1.299851 -0.8129556 0.8739589
v -1.393734 -0.772712 0.8145192
v -1.457588 -0.8197848 0.8017579
v -1.402093 -0.7727122 0.8764398
v -1.467073 -0.8197853 0.8806401
v -1.393734 -0.772712 0.8145192
v -1.279853 -0.8129555 0.8058419
v -1.294336 -0.8129556 0.8385842
v -1.369637 -0.7727122 0.7568695
v -1.428011 -0.819785 0.7280176
v -1.393734 -0.772712 0.8145192
v -1.457588 -0.8197848 0.8017579
v -1.369637 -0.7727122 0.7568695
v -1.257388 -0.8129553 0.7779644
v -1.279853 -0.8129555 0.8058419
v -1.331438 -0.7727122 0.7074236
v -1.380356 -0.819786 0.6644452
v -1.369637 -0.7727122 0.7568695
v -1.428011 -0.819785 0.7280176
v -1.331438 -0.7727122 0.7074236
v -1.228474 -0.8129556 0.756851
v -1.257388 -0.8129553 0.7779644
v -1.281742 -0.7727119 0.6695496
v -1.317871 -0.8197842 0.6153741
v -1.331438 -0.7727122 0.7074236
v -1.380356 -0.819786 0.6644452
v -1.281742 -0.7727119 0.6695496
v -1.195081 -0.8129553 0.7439401
v -1.228474 -0.8129556 0.756851
v -1.223939 -0.7727122 0.6458244
v -1.244815 -0.8197842 0.584146
v -1.281742 -0.7727119 0.6695496
v -1.317871 -0.8197842 0.6153741
v -1.223939 -0.7727122 0.6458244
v -1.159484 -0.8129553 0.7401119
v -1.195081 -0.8129553 0.7439401
v -1.161965 -0.7727119 0.6378722
v -1.166166 -0.8197851 0.5728905
v -1.223939 -0.7727122 0.6458244
v -1.244815 -0.8197842 0.584146
v -1.161965 -0.7727119 0.6378722
v -1.124109 -0.8129553 0.7456279
v -1.159484 -0.8129553 0.7401119
v -1.100045 -0.772711 0.6462336
v -1.087282 -0.8197804 0.5823769
v -1.161965 -0.7727119 0.6378722
v -1.166166 -0.8197851 0.5728905
v -1.100045 -0.772711 0.6462336
v -1.091368 -0.812958 0.7601129
v -1.124109 -0.8129553 0.7456279
v -1.042399 -0.7727098 0.6703333
v -1.013542 -0.8197809 0.6119546
v -1.100045 -0.772711 0.6462336
v -1.087282 -0.8197804 0.5823769
v -1.06349 -0.8129594 0.7825775
v -1.042399 -0.7727098 0.6703333
v -0.9929516 -0.77271 0.7085302
v -1.091368 -0.812958 0.7601129
v -1.042399 -0.7727098 0.6703333
v -0.9499705 -0.8197823 0.6596081
v -1.013542 -0.8197809 0.6119546
v -1.00008 -1.103058 0.7504484
v -1.053805 -1.083374 0.8325399
v -0.9748322 -1.068138 1.06411
v -1.021734 -1.101251 0.932779
v -0.9340248 -1.11977 1.007706
v -1.085426 -1.062725 0.6276239
v -1.04184 -1.081744 0.6281098
v -1.116317 -1.06053 0.7626974
v -1.116317 -1.06053 0.7626974
v -1.150279 -1.074866 0.7513977
v -1.16878 -1.108348 0.623889
v -1.085426 -1.062725 0.6276239
v -1.150279 -1.074866 0.7513977
v -1.183684 -1.11475 0.7439052

vn -0.5617176 -0.5583363 -0.6105198
vn 0.2898335 -0.9262905 0.2407968
vn -0.3206933 -0.551819 -0.769839
vn 0.6133921 -0.7887404 0.04048695
vn 0.2898335 -0.9262905 0.2407968
vn -0.3150386 -0.55649 -0.7688109
vn -0.1085728 -0.7268724 0.6781366
vn 0.5144859 0.4579118 0.7249977
vn 0.2263065 0.5926476 0.7730167
vn -0.3150386 -0.55649 -0.7688109
vn -0.4280033 -0.5923281 0.6826134
vn -0.5031658 -0.07354192 -0.8610553
vn -0.4280033 -0.5923281 0.6826134
vn 0.2361536 0.2596478 0.9363841
vn 0.7112898 0.3881172 0.586031
vn 0.5356039 -0.2143829 0.8168041
vn -0.6868564 -0.2648981 0.6767995
vn -0.39189 0.6653409 -0.6354088
vn 0.2586662 0.8743535 -0.4106075
vn -0.3206933 -0.551819 -0.769839
vn 0.2642005 0.8449019 0.4651234
vn -0.05096873 0.9901931 0.1300784
vn 0.6280351 0.770401 -0.1097935
vn -0.03394772 0.9083712 0.4167854
vn 0.2127639 0.8505165 -0.4809926
vn 0.2642005 0.8449019 0.4651234
vn -0.06393103 0.9639261 0.2583795
vn 0.3405681 -0.7769707 -0.5294625
vn 0.1389138 -0.3346677 -0.9320413
vn 0.6280351 0.770401 -0.1097935
vn 0.1397734 -0.9244508 0.3547603
vn 0.6388456 -0.7438201 0.1964903
vn 0.1389138 -0.3346677 -0.9320413
vn -0.1520671 0.1578377 0.9756862
vn 0.2458996 -0.8136208 0.5268351
vn 0.3087652 -0.3021776 0.901861
vn -0.1520671 0.1578377 0.9756862
vn 0.5562231 -0.5788837 0.5962467
vn -0.715985 0.380552 0.5852742
vn 0.5562231 -0.5788837 0.5962467
vn -0.6868564 -0.2648981 0.6767995
vn 0.5356039 -0.2143829 0.8168041
vn 0.7853481 0.1665786 -0.5962216
vn 0.346311 -0.009299939 -0.9380739
vn 0.3141049 -0.683499 -0.6589142
vn -0.5031658 -0.07354192 -0.8610553
vn -0.6883135 0.2517762 -0.6803188
vn -0.4280033 -0.5923281 0.6826134
vn 0.7853481 0.1665786 -0.5962216
vn 0.5536901 0.5835236 -0.5940775
vn -0.6883135 0.2517762 -0.6803188
vn 0.7112898 0.3881172 0.586031
vn 0.5536901 0.5835236 -0.5940775
vn 0.2586662 0.8743535 -0.4106075
vn -0.5031658 -0.07354192 -0.8610553
vn -0.3150386 -0.55649 -0.7688109
vn 0.7112898 0.3881172 0.586031
vn 0.2361536 0.2596478 0.9363841
vn -0.1085728 -0.7268724 0.6781366
vn 0.2263065 0.5926476 0.7730167
vn 0.2898335 -0.9262905 0.2407968
vn -0.39189 0.6653409 -0.6354088
vn 0.2361536 0.2596478 0.9363841
vn 0.2263065 0.5926476 0.7730167
vn -0.6970065 0.7125309 0.08051042
vn 0.5144859 0.4579118 0.7249977
vn -0.3491186 0.9051301 0.242603
vn -0.06393103 0.9639261 0.2583795
vn 0.2127639 0.8505165 -0.4809926
vn -0.1520671 0.1578377 0.9756862
vn -0.715985 0.380552 0.5852742
vn -0.1520671 0.1578377 0.9756862
vn -0.5567311 0.577963 -0.5966656
vn -0.715985 0.380552 0.5852742
vn -0.6883135 0.2517762 -0.6803188
vn -0.6868564 -0.2648981 0.6767995
vn -0.6883135 0.2517762 -0.6803188
vn 0.346311 -0.009299939 -0.9380739
vn 0.7853481 0.1665786 -0.5962216
vn 0.346311 -0.009299939 -0.9380739
vn -1.149341E-08 0.2554774 -0.9668155
vn 0.3141049 -0.683499 -0.6589142
vn -1.149341E-08 0.2554774 -0.9668155
vn 0.1389138 -0.3346677 -0.9320413
vn 0.2127639 0.8505165 -0.4809926
vn -0.6879952 -0.6218332 -0.3741476
vn 0.6133921 -0.7887404 0.04048695
vn -0.5617176 -0.5583363 -0.6105198
vn 0.8219038 -0.5558238 -0.1246368
vn -0.6879952 -0.6218332 -0.3741476
vn 3.699222E-08 -0.8331711 -0.5530161
vn 3.698119E-08 -0.8329242 -0.5533878
vn -0.7077354 -0.5363138 -0.459868
vn 3.698119E-08 -0.8329242 -0.5533878
vn 0.7077354 -0.5164285 -0.4820919
vn 0.7073582 0.5514513 0.4422063
vn 0.7087966 -0.4207528 -0.5661932
vn 0.5847321 0.6152114 0.5287759
vn -0.8002806 0.4887071 0.3474429
vn -0.4523568 0.7879319 0.4177764
vn -1 -4.448717E-08 1.323208E-10
vn -0.8002806 0.4887071 0.3474429
vn -0.7073581 0.5394602 0.4567576
vn 0.7977089 0.4930647 0.3472
vn -0.7073581 0.5394602 0.4567576
vn -0.7096361 -0.4421089 -0.5485952
vn 0.7077354 -0.5164285 -0.4820919
vn -0.7077354 -0.5363138 -0.459868
vn 0.7087966 -0.4207528 -0.5661932
vn 0.5847321 0.6152114 0.5287759
vn 0.8930168 -0.183516 -0.4109051
vn 0.8864341 0.3458188 0.3076428
vn 0.8930168 -0.183516 -0.4109051
vn 0.9941455 -0.1080496 1.029126E-07
vn 0.5809634 -0.4739815 -0.6616824
vn -0.7073581 0.5394602 0.4567576
vn -0.8118437 0.4706435 0.3455499
vn -0.7077354 -0.5363138 -0.459868
vn 0.7073582 0.5514513 0.4422063
vn 0.7977089 0.4930647 0.3472
vn 0.9997969 6.369547E-08 0.02015085
vn -0.8118437 0.4706435 0.3455499
vn 0.8219038 -0.5558238 -0.1246368
vn 0.7977089 0.4930647 0.3472
vn 0.783935 0.3888763 0.4839643
vn -0.4523568 0.7879319 0.4177764
vn -0.8002806 0.4887071 0.3474429
vn -0.6986387 0.5037091 0.5081155
vn 0.5847321 0.6152114 0.5287759
vn 0.5144859 0.4579118 0.7249977
vn -0.6970065 0.7125309 0.08051042
vn 0.783935 0.3888763 0.4839643
vn 0.7087966 -0.4207528 -0.5661932
vn 2.42475E-08 -0.5475342 -0.8367838
vn 0.8930168 -0.183516 -0.4109051
vn -0.7096361 -0.4421089 -0.5485952
vn 2.42475E-08 -0.5475342 -0.8367838
vn 0.5809634 -0.4739815 -0.6616824
vn -0.8080612 -0.3678032 -0.4601719
vn -0.2883065 -0.9000914 -0.3266734
vn -0.8080612 -0.3678032 -0.4601719
vn 0.5158701 -0.8052717 -0.2922602
vn 0.5809634 -0.4739815 -0.6616824
vn 0.6532288 -0.739986 0.1603535
vn 0.9941455 -0.1080496 1.029126E-07
vn 0.5158701 -0.8052717 -0.2922602
vn -0.8386549 -0.5348476 0.1029383
vn -0.9941407 -0.1080938 1.032177E-07
vn -0.9968044 0.06940371 -0.03954984
vn -0.6986387 0.5037091 0.5081155
vn -0.9968044 0.06940371 -0.03954984
vn -0.8118437 0.4706435 0.3455499
vn 0.600858 -0.3709296 0.7080827
vn -0.2882971 0.1670527 0.9428567
vn 0.5158566 0.1494556 0.8435374
vn -0.8326217 -0.2570026 0.4906026
vn -0.7094907 -0.3678297 0.6011028
vn 0.8965007 -0.261695 0.3574945
vn -0.8326217 -0.2570026 0.4906026
vn 0.7087981 -0.2799307 0.6474909
vn -0.7094907 -0.3678297 0.6011028
vn -0.709637 -0.2540197 0.6571831
vn -0.9999269 0.01209145 -1.139903E-08
vn -0.6917921 0.1915678 -0.6962225
vn -0.8118401 0.06392897 -0.5803698
vn 0.7071068 0.490428 0.5093926
vn 0.5158566 0.1494556 0.8435374
vn 0.999927 0.01208235 -1.165489E-08
vn -0.2882971 0.1670527 0.9428567
vn -0.8944272 0.3101738 0.3221681
vn -0.709637 -0.2540197 0.6571831
vn 0.7077351 -0.1592918 0.688286
vn -0.7077351 -0.1301105 0.6943938
vn 0.7087981 -0.2799307 0.6474909
vn 0.584729 0.15032 -0.7971802
vn 0.8965007 -0.261695 0.3574945
vn 0.8792632 0.09941497 -0.4658465
vn 0.8965007 -0.261695 0.3574945
vn 0.999927 0.01208235 -1.165489E-08
vn 0.600858 -0.3709296 0.7080827
vn -0.7073581 0.1258443 -0.6955632
vn -0.8118401 0.06392897 -0.5803698
vn -0.7077351 -0.1301105 0.6943938
vn 0.7073581 0.1072491 -0.698672
vn 0.7993577 0.05727761 -0.5981193
vn 0.4483141 -0.04846125 0.8925619
vn -0.8118401 0.06392897 -0.5803698
vn 0.813486 0.1724889 0.5554173
vn 0.7993577 0.05727761 -0.5981193
vn 0.7952244 0.2358159 -0.5585778
vn -0.5589886 -0.1240286 -0.819847
vn -0.8002808 0.0565476 -0.5969533
vn -0.6917921 0.1915678 -0.6962225
vn 0.584729 0.15032 -0.7971802
vn 0.5194684 0.4039609 -0.7529733
vn -0.1109986 -0.09406244 -0.9893595
vn 0.7952244 0.2358159 -0.5585778
vn -0.7077351 -0.1301105 0.6943938
vn 0.4483141 -0.04846125 0.8925619
vn -0.7080119 -0.05048396 0.7043939
vn 0.7077351 -0.1592918 0.688286
vn -0.7211106 -0.100479 0.6854953
vn 0.813486 0.1724889 0.5554173
vn -0.7080119 -0.05048396 0.7043939
vn -0.8002808 0.0565476 -0.5969533
vn -0.7073581 0.1258443 -0.6955632
vn 0.603698 0.4224605 0.6760743
vn -0.7211106 -0.100479 0.6854953
vn -0.4671917 -0.1720809 0.8672489
vn -0.8002808 0.0565476 -0.5969533
vn -0.5589886 -0.1240286 -0.819847
vn -0.5334319 -0.8181847 -0.2145335
vn 0.7073581 0.1072491 -0.698672
vn 0.7087981 -0.2799307 0.6474909
vn 0.584729 0.15032 -0.7971802
vn 0.7993577 0.05727761 -0.5981193
vn -0.7073581 0.1258443 -0.6955632
vn 0.7952244 0.2358159 -0.5585778
vn 0.5194684 0.4039609 -0.7529733
vn 0.813486 0.1724889 0.5554173
vn -0.5589886 -0.1240286 -0.819847
vn -0.7211106 -0.100479 0.6854953
vn -0.5334319 -0.8181847 -0.2145335
vn -0.1109986 -0.09406244 -0.9893595
vn 0.2269604 0.3661225 -0.9024655
vn -0.5334319 -0.8181847 -0.2145335
vn 0.5194684 0.4039609 -0.7529733
vn 0.2586584 -0.7927876 -0.5518916
vn 0.2269604 0.3661225 -0.9024655
vn 0.2361717 0.6811109 -0.6930451
vn -0.5031784 -0.7089211 0.4942093
vn 0.5536867 -0.8062504 -0.2083071
vn -0.315062 -0.3875315 0.8663463
vn -0.5031784 -0.7089211 0.4942093
vn 0.7853225 -0.599663 0.1538606
vn 4.300873E-08 -0.9659985 0.2585493
vn -0.9932008 0.03012801 0.1124474
vn -0.9953071 -0.02504084 -0.09347053
vn -0.4279953 0.8873296 0.1716591
vn 0.1044255 0.9647425 -0.2415947
vn 0.2361717 0.6811109 -0.6930451
vn 0.2898219 0.6716655 0.6818132
vn 0.7113104 0.3134398 -0.629121
vn 0.5536867 -0.8062504 -0.2083071
vn 0.7113104 0.3134398 -0.629121
vn 0.5356308 0.8145534 -0.2227172
vn 0.5562323 0.8057985 0.2032116
vn -4.300862E-08 0.9659958 -0.2585592
vn -0.7159855 0.31657 -0.6222126
vn -0.1520699 0.7660584 -0.6245238
vn 0.5562323 0.8057985 0.2032116
vn 0.2458802 0.8630725 0.441191
vn 0.7853225 -0.599663 0.1538606
vn 0.3463091 -0.8077496 0.477086
vn 0.3141211 -0.2288528 0.9213876
vn 0.1397796 0.7694691 0.6232011
vn -0.1520699 0.7660584 -0.6245238
vn 0.1766827 0.484529 -0.8567471
vn 0.2127565 -0.8418263 -0.4960483
vn 0.2660301 -0.01750416 -0.9638062
vn -0.01754308 -0.2587007 -0.9657986
vn 0.2660301 -0.01750416 -0.9638062
vn -0.05093282 -0.3766896 -0.9249386
vn -0.03397579 -0.08654433 -0.9956688
vn 0.3429451 -0.0713093 0.9366453
vn 0.1388963 -0.6398661 0.7558305
vn 0.8622753 -0.4742582 -0.1776528
vn 0.6347281 0.5422372 0.5505448
vn 0.1388963 -0.6398661 0.7558305
vn 0.3429451 -0.0713093 0.9366453
vn -7.970725E-09 0.1820941 0.9832815
vn -1.327366E-08 0.3012073 0.953559
vn 0.3141211 -0.2288528 0.9213876
vn 0.1397796 0.7694691 0.6232011
vn 0.2898219 0.6716655 0.6818132
vn -0.315062 -0.3875315 0.8663463
vn -0.320726 -0.3908257 0.8627807
vn -0.3588006 0.2416462 0.901593
vn -0.315062 -0.3875315 0.8663463
vn -0.4279953 0.8873296 0.1716591
vn -0.5031784 -0.7089211 0.4942093
vn -0.4671917 -0.1720809 0.8672489
vn 0.2898219 0.6716655 0.6818132
vn 0.603698 0.4224605 0.6760743
vn 0.5194684 0.4039609 -0.7529733
vn 0.2269604 0.3661225 -0.9024655
vn 0.5356308 0.8145534 -0.2227172
vn 0.7113104 0.3134398 -0.629121
vn -4.300862E-08 0.9659958 -0.2585592
vn -0.4279953 0.8873296 0.1716591
vn 0.2361717 0.6811109 -0.6930451
vn 0.1044255 0.9647425 -0.2415947
vn -0.320726 -0.3908257 0.8627807
vn -0.5334319 -0.8181847 -0.2145335
vn 0.2586584 -0.7927876 -0.5518916
vn -0.7159855 0.31657 -0.6222126
vn -0.9953071 -0.02504084 -0.09347053
vn -0.9932008 0.03012801 0.1124474
vn -0.5567331 -0.8057105 -0.2021861
vn -0.3491278 -0.2425064 -0.9051526
vn -0.7159855 0.31657 -0.6222126
vn -0.1520699 0.7660584 -0.6245238
vn 0.1766827 0.484529 -0.8567471
vn 0.2127565 -0.8418263 -0.4960483
vn -0.1520699 0.7660584 -0.6245238
vn 4.300873E-08 -0.9659985 0.2585493
vn 0.3463091 -0.8077496 0.477086
vn 0.7853225 -0.599663 0.1538606
vn 0.3463091 -0.8077496 0.477086
vn 4.296613E-08 -0.9650301 0.2621408
vn 0.3141211 -0.2288528 0.9213876
vn 0.6347281 0.5422372 0.5505448
vn 0.1397796 0.7694691 0.6232011
vn 0.2660301 -0.01750416 -0.9638062
vn 0.6597271 0.3577996 -0.6608631
vn 0.2660301 -0.01750416 -0.9638062
vn 0.3197008 0.7055117 0.6324913
vn 4.296613E-08 -0.9650301 0.2621408
vn 0.1388963 -0.6398661 0.7558305
vn 0.2127565 -0.8418263 -0.4960483
vn 0.6597271 0.3577996 -0.6608631
vn -0.03397579 -0.08654433 -0.9956688
vn -3.98497E-08 0.8944271 -0.4472146
vn -0.2882898 0.9000527 0.3267945
vn 0.580963 0.473974 0.6616881
vn -0.8080788 0.3677532 0.4601809
vn 0.5158461 0.8052466 0.292372
vn -0.7059865 0.3392952 0.6216607
vn 0.89302 0.1835064 0.4109024
vn -0.8080788 0.3677532 0.4601809
vn 0.7088002 0.4207523 0.5661892
vn -0.7059865 0.3392952 0.6216607
vn -0.7096398 0.4421186 0.5485826
vn -0.994148 0.1080266 -1.028906E-07
vn -0.6986232 -0.503687 -0.508159
vn -0.8118345 -0.4706317 -0.3455878
vn 0.580963 0.473974 0.6616881
vn 0.6532264 0.7400199 -0.1602063
vn 0.9941467 0.1080388 -1.031653E-07
vn 0.5158461 0.8052466 0.292372
vn -0.8386892 0.5348116 -0.1028459
vn -0.7096398 0.4421186 0.5485826
vn 0.7077348 0.5164304 0.4820907
vn -0.7077348 0.5363075 0.4598762
vn 0.7088002 0.4207523 0.5661892
vn 0.584731 -0.6151982 -0.5287921
vn 0.89302 0.1835064 0.4109024
vn 0.8864304 -0.3458175 -0.3076546
vn 0.89302 0.1835064 0.4109024
vn 0.9941467 0.1080388 -1.031653E-07
vn 0.580963 0.473974 0.6616881
vn -0.707358 -0.5394576 -0.4567609
vn -0.8118345 -0.4706317 -0.3455878
vn -0.7077348 0.5363075 0.4598762
vn 0.7073581 -0.551446 -0.442213
vn 0.7977093 -0.4930654 -0.3471982
vn 0.4502324 0.7480988 0.487483
vn -0.8118345 -0.4706317 -0.3455878
vn 0.8219036 0.5558254 0.1246308
vn 0.7977093 -0.4930654 -0.3471982
vn 0.7839442 -0.3888445 -0.4839749
vn -0.4523567 -0.7879375 -0.4177662
vn -0.8002808 -0.488704 -0.347447
vn -0.6986232 -0.503687 -0.508159
vn 0.584731 -0.6151982 -0.5287921
vn 0.5145172 -0.4578746 -0.7249989
vn -0.6969983 -0.7125451 -0.08045672
vn 0.7839442 -0.3888445 -0.4839749
vn -0.6879948 0.6218317 0.3741507
vn -0.6969983 -0.7125451 -0.08045672
vn 0.4502324 0.7480988 0.487483
vn 0.8219036 0.5558254 0.1246308
vn -0.7082461 0.5880131 0.3906768
vn -0.7077348 0.5363075 0.4598762
vn -0.7082461 0.5880131 0.3906768
vn 0.7077348 0.5164304 0.4820907
vn -0.8002808 -0.488704 -0.347447
vn -0.707358 -0.5394576 -0.4567609
vn 0.613381 0.7887527 -0.04041419
vn -0.6879948 0.6218317 0.3741507
vn 0.01558923 0.9237721 0.3826262
vn -0.8002808 -0.488704 -0.347447
vn -0.4523567 -0.7879375 -0.4177662
vn 0.7073581 -0.551446 -0.442213
vn 0.7088002 0.4207523 0.5661892
vn 0.584731 -0.6151982 -0.5287921
vn 0.7977093 -0.4930654 -0.3471982
vn -0.707358 -0.5394576 -0.4567609
vn 0.7839442 -0.3888445 -0.4839749
vn 0.5145172 -0.4578746 -0.7249989
vn 0.8219036 0.5558254 0.1246308
vn -0.03740983 0.953882 0.2978427
vn -0.3501816 0.9095429 0.2238418
vn -0.3207197 0.5517873 0.7698509
vn -0.3587953 0.9016224 0.2415441
vn -0.3501816 0.9095429 0.2238418
vn -0.4279831 0.5923246 -0.6826292
vn -0.5031855 0.07353412 0.8610445
vn 0.01558923 0.9237721 0.3826262
vn -0.03740983 0.953882 0.2978427
vn 0.613381 0.7887527 -0.04041419
vn 0.5356289 0.2143886 -0.8167862
vn 0.7113126 -0.3881356 -0.5859911
vn -0.6868512 0.2648936 -0.6768065
vn -0.4279831 0.5923246 -0.6826292
vn 0.2361776 -0.2596718 -0.9363713
vn 0.1044194 0.2731489 -0.9562882
vn 0.5352813 0.2326127 -0.8120133
vn 0.5145172 -0.4578746 -0.7249989
vn 0.2263162 -0.5926725 -0.7729948
vn -0.5031855 0.07353412 0.8610445
vn -0.6868512 0.2648936 -0.6768065
vn -0.6883101 -0.2517681 0.6803252
vn -0.4279831 0.5923246 -0.6826292
vn 0.7853242 -0.1665914 0.5962494
vn 0.5536843 -0.5835482 0.5940588
vn -0.6883101 -0.2517681 0.6803252
vn 0.556226 0.5788752 -0.5962522
vn 0.5356289 0.2143886 -0.8167862
vn -0.7159916 -0.3806023 -0.5852336
vn 0.7113126 -0.3881356 -0.5859911
vn 0.5536843 -0.5835482 0.5940588
vn -0.1520733 -0.1578473 -0.9756837
vn 0.556226 0.5788752 -0.5962522
vn 0.2458876 0.8136209 -0.5268407
vn 0.7853242 -0.1665914 0.5962494
vn 0.346313 0.009317785 0.9380731
vn 0.3141239 0.6835208 0.6588825
vn 0.1397667 0.9244453 -0.3547773
vn -0.1520733 -0.1578473 -0.9756837
vn 0.1766711 -0.4996972 -0.8479921
vn 0.2127666 -0.8505072 0.4810077
vn 0.2642285 -0.8449026 -0.465106
vn 0.6280723 -0.770371 0.1097912
vn 0.2642285 -0.8449026 -0.465106
vn -0.05096824 -0.9901932 -0.1300782
vn -0.03396515 -0.9083396 -0.4168528
vn 0.3405518 0.7769775 0.529463
vn 0.1388955 0.3346269 0.9320588
vn 0.6280723 -0.770371 0.1097912
vn 0.638848 0.7438186 -0.1964878
vn 0.1388955 0.3346269 0.9320588
vn 0.3405518 0.7769775 0.529463
vn -4.251068E-08 0.9564404 0.2919285
vn -4.293502E-08 0.9658809 0.2589878
vn 0.3141239 0.6835208 0.6588825
vn 0.1397667 0.9244453 -0.3547773
vn -0.05096824 -0.9901932 -0.1300782
vn 0.3333334 -0.6666663 0.6666676
vn 3.155072E-08 -0.7071064 0.7071077
vn 0.3333334 -0.6666663 0.6666676
vn -1.977694E-08 0.4472146 0.8944271
vn 0.6453387 0.639333 0.4180813
vn -0.7159916 -0.3806023 -0.5852336
vn -0.6883101 -0.2517681 0.6803252
vn -0.6868512 0.2648936 -0.6768065
vn -0.5567174 -0.5779372 0.5967033
vn -0.2429782 -0.813998 0.5276074
vn -0.7159916 -0.3806023 -0.5852336
vn -0.1520733 -0.1578473 -0.9756837
vn 0.1766711 -0.4996972 -0.8479921
vn 0.2127666 -0.8505072 0.4810077
vn -0.1520733 -0.1578473 -0.9756837
vn -0.6883101 -0.2517681 0.6803252
vn 0.346313 0.009317785 0.9380731
vn 0.7853242 -0.1665914 0.5962494
vn 0.346313 0.009317785 0.9380731
vn -0.2429782 -0.813998 0.5276074
vn 0.3141239 0.6835208 0.6588825
vn 0.1388955 0.3346269 0.9320588
vn 0.2127666 -0.8505072 0.4810077
vn 0.638848 0.7438186 -0.1964878
vn 0.1397667 0.9244453 -0.3547773
vn 0.2642285 -0.8449026 -0.465106
vn 0.6449633 -0.4258811 -0.6345456
vn 0.2642285 -0.8449026 -0.465106
vn 0.4472136 0.37831 -0.8104827
vn 0.6449633 -0.4258811 -0.6345456
vn -0.03396515 -0.9083396 -0.4168528
vn 4.953004E-10 -0.01410798 -0.9999008
vn -0.2985783 0.7626566 -0.5737652
vn 0.5942855 0.8029466 -0.04584724
vn -0.8265462 0.5583783 -0.07095989
vn -4.448717E-08 1 -9.536743E-07
vn -0.7058426 0.7082003 0.01546159
vn 0.8929405 0.4479615 0.04458715
vn -0.8265462 0.5583783 -0.07095989
vn -4.382125E-08 0.9845101 -0.1753303
vn -0.7058426 0.7082003 0.01546159
vn -4.34894E-08 0.976937 -0.2135294
vn -0.9940127 -1.484239E-07 -0.1092649
vn -0.6993561 -0.6919297 0.1792608
vn -0.8145882 -0.5300413 0.2355897
vn -0.9981213 1.402644E-08 0.06126835
vn 0.6534984 0.1848079 -0.7340207
vn 0.7071068 0.1959723 -0.679408
vn -0.8389772 0.1186304 -0.5310786
vn 0.5942855 0.8029466 -0.04584724
vn 0.994014 -5.99713E-08 -0.1092534
vn 0.7071068 0.1959723 -0.679408
vn -4.34894E-08 0.976937 -0.2135294
vn 0.7077346 0.6757162 -0.2062033
vn -0.7077346 0.6664178 -0.2345193
vn -4.382125E-08 0.9845101 -0.1753303
vn 0.8038648 -0.5396727 0.2501095
vn 0.7073581 -0.6586891 0.2564634
vn 0.4463288 0.7972117 -0.406503
vn 0.8141309 0.3985234 -0.4223391
vn 0.8038648 -0.5396727 0.2501095
vn 0.7871005 -0.6094419 0.09515051
vn -0.5998289 -0.6504931 0.4659019
vn -0.8002806 -0.5452497 0.2495078
vn 0.5867937 -0.7636371 0.269318
vn -0.7073581 -0.6652955 0.2388029
vn -0.8145882 -0.5300413 0.2355897
vn 0.8929405 0.4479615 0.04458715
vn 0.8872502 -0.4389138 0.1419219
vn 0.9981213 1.028338E-07 0.06126852
vn 0.8929405 0.4479615 0.04458715
vn 0.994014 -5.99713E-08 -0.1092534
vn 0.5942855 0.8029466 -0.04584724
vn -0.9981213 1.402644E-08 0.06126835
vn -0.8145882 -0.5300413 0.2355897
vn -0.7077346 0.6664178 -0.2345193
vn -0.6993561 -0.6919297 0.1792608
vn 0.5867937 -0.7636371 0.269318
vn 0.5145122 -0.8568054 0.03409171
vn -0.6368522 -0.3564985 0.6836144
vn 0.7871005 -0.6094419 0.09515051
vn -0.5957813 0.690608 -0.410007
vn -0.6305339 0.7366745 -0.244414
vn 0.4463288 0.7972117 -0.406503
vn 0.8141309 0.3985234 -0.4223391
vn -0.7082461 0.6323444 -0.3138923
vn -0.7077346 0.6664178 -0.2345193
vn -0.7082461 0.6323444 -0.3138923
vn 0.7077346 0.6757162 -0.2062033
vn -0.8002806 -0.5452497 0.2495078
vn -0.7073581 -0.6652955 0.2388029
vn 0.6133928 0.3593528 -0.7032889
vn -0.5957813 0.690608 -0.410007
vn -0.8002806 -0.5452497 0.2495078
vn -0.5998289 -0.6504931 0.4659019
vn 0.7073581 -0.6586891 0.2564634
vn 0.9981213 1.028338E-07 0.06126852
vn 0.5867937 -0.7636371 0.269318
vn 0.8038648 -0.5396727 0.2501095
vn -0.7073581 -0.6652955 0.2388029
vn 0.7871005 -0.6094419 0.09515051
vn 0.5145122 -0.8568054 0.03409171
vn 0.8141309 0.3985234 -0.4223391
vn 0.2898243 0.2546327 -0.9225859
vn -0.315053 0.9440463 -0.09756528
vn -0.4706815 0.8798514 0.06573371
vn -0.1085667 -0.2238967 -0.9685475
vn -0.315053 0.9440463 -0.09756528
vn -0.4280009 -0.2950443 -0.8542625
vn -0.5031806 0.7824559 0.3668416
vn -0.6305339 0.7366745 -0.244414
vn 0.2898243 0.2546327 -0.9225859
vn 0.6133928 0.3593528 -0.7032889
vn 0.5145122 -0.8568054 0.03409171
vn 0.2263106 -0.9657669 0.1268011
vn -0.4280009 -0.2950443 -0.8542625
vn 0.2361657 -0.9407739 -0.2432508
vn 0.7112865 -0.7015782 0.04312478
vn 0.5356318 -0.6001717 -0.594048
vn -0.6868519 -0.4536732 -0.5678165
vn -0.2649786 0.1324878 0.9551094
vn 0.25866 -0.08158137 0.9625176
vn -0.4706815 0.8798514 0.06573371
vn -0.6368522 -0.3564985 0.6836144
vn 0.2263106 -0.9657669 0.1268011
vn -0.2649786 0.1324878 0.9551094
vn 0.5145122 -0.8568054 0.03409171
vn 0.25866 -0.08158137 0.9625176
vn 0.2263106 -0.9657669 0.1268011
vn 0.2361657 -0.9407739 -0.2432508
vn -0.5031806 0.7824559 0.3668416
vn 0.5537062 0.2226809 0.8023859
vn -0.315053 0.9440463 -0.09756528
vn -0.5031806 0.7824559 0.3668416
vn 0.7853269 0.4330714 0.4423924
vn -0.6883112 0.4632919 0.5582013
vn -0.6868519 -0.4536732 -0.5678165
vn -0.6883112 0.4632919 0.5582013
vn -0.4280009 -0.2950443 -0.8542625
vn 0.5562373 -0.2268995 -0.7994481
vn 0.5356318 -0.6001717 -0.594048
vn -0.7159866 -0.6971356 0.0369518
vn 0.7112865 -0.7015782 0.04312478
vn 0.5537062 0.2226809 0.8023859
vn -0.1520656 -0.9238769 -0.3511813
vn 0.5562373 -0.2268995 -0.7994481
vn 0.2458813 -0.04941471 -0.9680399
vn 0.7853269 0.4330714 0.4423924
vn 0.3463042 0.8170541 0.4609737
vn 0.3141067 0.9123819 -0.2624822
vn 0.1397749 0.1549862 -0.977979
vn -0.1520656 -0.9238769 -0.3511813
vn 0.176644 -0.9842361 0.008763397
vn -0.009984621 -0.7070598 0.7070837
vn 0.2665095 -0.8179022 0.5099111
vn 0.6298919 -0.3085964 0.7127445
vn 0.2665095 -0.8179022 0.5099111
vn -0.05098382 -0.6126959 0.788673
vn -0.03398105 -0.815152 0.5782502
vn 0.7112865 -0.7015782 0.04312478
vn 0.2361657 -0.9407739 -0.2432508
vn -0.1085667 -0.2238967 -0.9685475
vn 0.2898243 0.2546327 -0.9225859
vn 0.40298 0.849706 -0.3400107
vn 0.6411803 0.2163699 -0.7362556
vn 0.3055471 0.712809 0.6313041
vn 0.1389086 0.9745111 0.1761623
vn 0.6298919 -0.3085964 0.7127445
vn 0.40298 0.849706 -0.3400107
vn -3.261222E-08 0.7310407 -0.6823342
vn -3.013572E-08 0.6752086 -0.7376272
vn 0.1389086 0.9745111 0.1761623
vn 0.3141067 0.9123819 -0.2624822
vn 0.1397749 0.1549862 -0.977979
vn -0.7159866 -0.6971356 0.0369518
vn -0.6883112 0.4632919 0.5582013
vn -0.6868519 -0.4536732 -0.5678165
vn -0.556724 0.2277826 0.798858
vn -0.2429953 0.04993068 0.9687418
vn -0.7159866 -0.6971356 0.0369518
vn -0.1520656 -0.9238769 -0.3511813
vn 0.176644 -0.9842361 0.008763397
vn -0.009984621 -0.7070598 0.7070837
vn -0.1520656 -0.9238769 -0.3511813
vn -0.6883112 0.4632919 0.5582013
vn 0.3463042 0.8170541 0.4609737
vn 0.7853269 0.4330714 0.4423924
vn 0.3463042 0.8170541 0.4609737
vn -0.2429953 0.04993068 0.9687418
vn 0.3141067 0.9123819 -0.2624822
vn 0.1389086 0.9745111 0.1761623
vn 0.3055471 0.712809 0.6313041
vn 0.6411803 0.2163699 -0.7362556
vn 0.1397749 0.1549862 -0.977979
vn 0.2665095 -0.8179022 0.5099111
vn 0.6556042 -0.7523186 0.0648104
vn 0.2665095 -0.8179022 0.5099111
vn 0.318674 0.1151537 -0.9408438
vn 0.6556042 -0.7523186 0.0648104
vn -0.03398105 -0.815152 0.5782502
vn 3.877209E-08 -0.8729855 -0.4877468
vn -0.2883039 -0.1670193 -0.9428605
vn 0.6008568 0.3709494 -0.7080736
vn -0.8326209 0.2570164 -0.4905968
vn 0.5158663 -0.149425 -0.843537
vn -0.7094892 0.3678476 -0.6010936
vn 0.8965011 0.2617027 -0.3574881
vn -0.8326209 0.2570164 -0.4905968
vn 0.7087998 0.2799571 -0.6474776
vn -0.7094892 0.3678476 -0.6010936
vn -0.7096392 0.2540318 -0.6571761
vn -0.999927 -0.01208257 1.16551E-08
vn -0.691795 -0.1916116 0.6962075
vn -0.8118405 -0.0639528 0.5803666
vn 0.6008568 0.3709494 -0.7080736
vn 0.7071068 -0.4904295 -0.509391
vn 0.999927 -0.01208251 1.139051E-08
vn 0.5158663 -0.149425 -0.843537
vn -0.8944272 -0.3101749 -0.3221672
vn -0.7096392 0.2540318 -0.6571761
vn -1.015926E-08 0.2254658 -0.9742514
vn -0.7077353 0.1300998 -0.6943956
vn 0.7087998 0.2799571 -0.6474776
vn 0.5847298 -0.1503522 0.7971735
vn 0.8965011 0.2617027 -0.3574881
vn 0.8792648 -0.0994484 0.4658365
vn 0.8965011 0.2617027 -0.3574881
vn 0.999927 -0.01208251 1.139051E-08
vn 0.6008568 0.3709494 -0.7080736
vn -0.7073582 -0.1258386 0.6955641
vn -0.8118405 -0.0639528 0.5803666
vn -0.7077353 0.1300998 -0.6943956
vn 0.7073582 -0.1072371 0.6986737
vn -0.8118405 -0.0639528 0.5803666
vn 0.7993573 -0.0572793 0.5981197
vn 1 4.448717E-08 -1.323208E-10
vn 0.999688 -0.02497742 2.368808E-08
vn 0.8134832 -0.1725021 -0.5554172
vn 0.7993573 -0.0572793 0.5981197
vn 0.7952257 -0.235816 0.5585761
vn -0.4436824 0.02966706 0.8956932
vn -0.8002806 -0.05653762 0.5969545
vn -0.691795 -0.1916116 0.6962075
vn 0.5847298 -0.1503522 0.7971735
vn 0.5194637 -0.4039228 0.752997
vn -0.5581717 0.2798744 0.7810987
vn 0.7952257 -0.235816 0.5585761
vn -0.7077353 0.1300998 -0.6943956
vn -3.098658E-09 0.06668478 -0.9977744
vn -0.7080116 0.05047587 -0.7043948
vn -1.015926E-08 0.2254658 -0.9742514
vn -0.7265573 0.106464 -0.678808
vn 0.8134832 -0.1725021 -0.5554172
vn -0.7080116 0.05047587 -0.7043948
vn -0.8002806 -0.05653762 0.5969545
vn -0.7073582 -0.1258386 0.6955641
vn 0.6037229 -0.4224483 -0.6760594
vn -0.7265573 0.106464 -0.678808
vn -0.4671924 0.172073 -0.8672501
vn -0.8002806 -0.05653762 0.5969545
vn -0.4436824 0.02966706 0.8956932
vn 0.7952257 -0.235816 0.5585761
vn 0.5194637 -0.4039228 0.752997
vn 0.8134832 -0.1725021 -0.5554172
vn 0.7073582 -0.1072371 0.6986737
vn 0.7993573 -0.0572793 0.5981197
vn -0.7073582 -0.1258386 0.6955641
vn 0.7087998 0.2799571 -0.6474776
vn 0.5847298 -0.1503522 0.7971735
vn 1 4.448717E-08 -1.323208E-10
vn -0.4671924 0.172073 -0.8672501
vn -0.4601314 0.833263 0.3065165
vn 0.2898327 -0.6716673 -0.681807
vn -0.01615933 -0.2734536 -0.9617498
vn 0.6037229 -0.4224483 -0.6760594
vn 0.2898327 -0.6716673 -0.681807
vn -0.3150424 0.3875203 -0.8663585
vn -0.1085651 -0.9507303 -0.29039
vn 0.5194637 -0.4039228 0.752997
vn 0.2269466 -0.3661273 0.9024669
vn -0.3150424 0.3875203 -0.8663585
vn -0.4279965 -0.8873361 -0.1716218
vn -0.5031867 0.7089018 -0.4942286
vn -0.4279965 -0.8873361 -0.1716218
vn 0.2361602 -0.6810699 0.6930893
vn 0.7112898 -0.3134488 0.62914
vn 0.5356318 -0.8145481 0.2227344
vn -0.6868496 -0.7185825 0.1089826
vn -0.4601314 0.833263 0.3065165
vn 0.2586662 0.7927802 0.5518987
vn -0.4505953 0.8623676 -0.2308386
vn -0.5581717 0.2798744 0.7810987
vn -0.5581717 0.2798744 0.7810987
vn -0.4436824 0.02966706 0.8956932
vn -0.5031867 0.7089018 -0.4942286
vn -0.6868496 -0.7185825 0.1089826
vn -0.9953073 0.02503954 0.09346878
vn -0.4279965 -0.8873361 -0.1716218
vn 0.7853279 0.599656 -0.1538603
vn 0.5537048 0.8062326 0.2083275
vn -4.300858E-08 0.965995 -0.2585623
vn 0.5562374 -0.8057935 -0.2032172
vn 0.5356318 -0.8145481 0.2227344
vn -0.7159915 -0.3165742 0.6222036
vn 0.7112898 -0.3134488 0.62914
vn 0.5537048 0.8062326 0.2083275
vn -0.1520661 -0.7660422 0.6245446
vn 0.5562374 -0.8057935 -0.2032172
vn 0.2458981 -0.8630678 -0.4411904
vn 0.7853279 0.599656 -0.1538603
vn 0.3463092 0.8077414 -0.4771
vn 0.314098 0.2288771 -0.9213894
vn 0.1397561 -0.7694741 -0.6232001
vn -0.1520661 -0.7660422 0.6245446
vn 0.1766266 -0.4845811 0.8567293
vn 0.212737 0.8418074 0.4960886
vn 0.2659921 0.01749042 0.9638169
vn -0.01758852 0.2587012 0.9657976
vn 0.2659921 0.01749042 0.9638169
vn -0.05093778 0.3766673 0.9249475
vn -0.03398271 0.08654419 0.9956686
vn 0.3429395 0.07129689 -0.9366483
vn 0.1388886 0.6398596 -0.7558376
vn 0.8622817 0.4742422 0.1776648
vn 0.634706 -0.5422563 -0.5505514
vn 0.1388886 0.6398596 -0.7558376
vn 0.3429395 0.07129689 -0.9366483
vn 7.969668E-09 -0.1820704 -0.9832859
vn 1.327423E-08 -0.3012201 -0.953555
vn 0.314098 0.2288771 -0.9213894
vn 0.1397561 -0.7694741 -0.6232001
vn -0.7159915 -0.3165742 0.6222036
vn -0.9953073 0.02503954 0.09346878
vn -0.6868496 -0.7185825 0.1089826
vn -0.5567275 0.8057134 0.2021905
vn -0.2429912 0.8639065 0.4411594
vn -0.7159915 -0.3165742 0.6222036
vn -0.1520661 -0.7660422 0.6245446
vn 0.1766266 -0.4845811 0.8567293
vn 0.212737 0.8418074 0.4960886
vn -0.1520661 -0.7660422 0.6245446
vn -4.300858E-08 0.965995 -0.2585623
vn 0.3463092 0.8077414 -0.4771
vn 0.7853279 0.599656 -0.1538603
vn 0.3463092 0.8077414 -0.4771
vn -0.2429912 0.8639065 0.4411594
vn 0.314098 0.2288771 -0.9213894
vn 0.1388886 0.6398596 -0.7558376
vn 0.212737 0.8418074 0.4960886
vn 0.634706 -0.5422563 -0.5505514
vn 0.1397561 -0.7694741 -0.6232001
vn 0.2659921 0.01749042 0.9638169
vn 0.6597363 -0.3577705 0.6608696
vn 0.2659921 0.01749042 0.9638169
vn 0.3197057 -0.7054959 -0.6325065
vn 0.6597363 -0.3577705 0.6608696
vn -0.03398271 0.08654419 0.9956686
vn 3.98497E-08 -0.8944271 0.4472146
vn -0.2985967 -0.7626003 0.5738307
vn 0.5942782 -0.8029501 0.04588125
vn -0.8265458 -0.5583787 0.07096247
vn 0.53045 -0.6773706 0.5096983
vn -0.7058443 -0.708199 -0.01543828
vn 0.8929419 -0.44796 -0.04457286
vn -0.8265458 -0.5583787 0.07096247
vn 0.7087983 -0.7007103 0.081304
vn -0.7058443 -0.708199 -0.01543828
vn 4.34894E-08 -0.9769369 0.2135303
vn -0.9940123 5.998574E-08 0.1092685
vn -0.6993561 0.6919299 -0.1792611
vn -0.8145871 0.5300412 -0.2355936
vn -0.9981211 -1.028377E-07 -0.0612726
vn 0.5942782 -0.8029501 0.04588125
vn 0.6534598 -0.1846859 0.7340857
vn 0.9940075 1.484683E-07 0.1093117
vn 0.53045 -0.6773706 0.5096983
vn -0.8389727 -0.1185557 0.5311021
vn 4.34894E-08 -0.9769369 0.2135303
vn 4.258886E-08 -0.9564612 0.2918609
vn 4.200838E-08 -0.9432938 0.3319599
vn 0.7087983 -0.7007103 0.081304
vn 0.5867926 0.7636368 -0.2693206
vn 0.8929419 -0.44796 -0.04457286
vn 0.8872501 0.4389141 -0.1419226
vn 0.8929419 -0.44796 -0.04457286
vn 0.9940075 1.484683E-07 0.1093117
vn 0.5942782 -0.8029501 0.04588125
vn -0.7073581 0.6652961 -0.238801
vn 0.7073581 0.6586899 -0.2564616
vn -0.8145871 0.5300412 -0.2355936
vn -0.9981211 -1.028377E-07 -0.0612726
vn -0.8145871 0.5300412 -0.2355936
vn -1 -4.448717E-08 1.323208E-10
vn 0.8038653 0.5396695 -0.2501155
vn 1 4.448717E-08 -1.323208E-10
vn 0.4463281 -0.7972085 0.4065099
vn 0.814132 -0.3985068 0.4223526
vn 0.8038653 0.5396695 -0.2501155
vn 0.7870989 0.6094453 -0.0951426
vn -0.5998266 0.6504821 -0.4659201
vn -0.8002808 0.5452478 -0.2495111
vn -0.6993561 0.6919299 -0.1792611
vn 0.5867926 0.7636368 -0.2693206
vn 0.5145116 0.856809 -0.03400813
vn -0.6368649 0.3565328 -0.6835847
vn 0.7870989 0.6094453 -0.0951426
vn 4.200838E-08 -0.9432938 0.3319599
vn 0.4463281 -0.7972085 0.4065099
vn -0.7082458 -0.6323413 0.3138993
vn 4.258886E-08 -0.9564612 0.2918609
vn 3.709161E-08 -0.8321102 0.554611
vn 0.814132 -0.3985068 0.4223526
vn -0.7082458 -0.6323413 0.3138993
vn 0.61338 -0.3593409 0.7033062
vn 3.709161E-08 -0.8321102 0.554611
vn 0.01557048 -0.7932325 0.6087204
vn -0.8002808 0.5452478 -0.2495111
vn -0.9975309 -0.04250421 -0.05590675
vn -0.5998266 0.6504821 -0.4659201
vn -1 -4.448717E-08 1.323208E-10
vn -0.8002808 0.5452478 -0.2495111
vn -0.7073581 0.6652961 -0.238801
vn 0.7870989 0.6094453 -0.0951426
vn 0.5145116 0.856809 -0.03400813
vn 0.814132 -0.3985068 0.4223526
vn 0.7073581 0.6586899 -0.2564616
vn 0.8038653 0.5396695 -0.2501155
vn -0.7073581 0.6652961 -0.238801
vn 0.7087983 -0.7007103 0.081304
vn 0.5867926 0.7636368 -0.2693206
vn 1 4.448717E-08 -1.323208E-10
vn 0.2898181 -0.2546749 0.9225763
vn -0.3150453 -0.9440497 0.09755662
vn -0.4706887 -0.8798431 -0.0657942
vn -0.108564 0.2238402 0.9685609
vn -0.3150453 -0.9440497 0.09755662
vn -0.4280026 0.2950006 0.8542768
vn -0.5031707 -0.7824644 -0.3668367
vn 0.01557048 -0.7932325 0.6087204
vn 0.2898181 -0.2546749 0.9225763
vn 0.61338 -0.3593409 0.7033062
vn 0.5145116 0.856809 -0.03400813
vn 0.2263144 0.965772 -0.1267547
vn -0.4280026 0.2950006 0.8542768
vn 0.2361714 0.9407541 0.2433216
vn 0.7112872 0.7015794 -0.04309635
vn 0.535629 0.6001677 0.5940547
vn -0.6868559 0.4536769 0.5678086
vn -0.2649832 -0.1325134 -0.9551046
vn 0.2586594 0.08154336 -0.9625211
vn -0.4706887 -0.8798431 -0.0657942
vn -0.6368649 0.3565328 -0.6835847
vn -0.4706887 -0.8798431 -0.0657942
vn -0.6368649 0.3565328 -0.6835847
vn -0.9289919 -0.2501535 -0.2727587
vn -0.5998266 0.6504821 -0.4659201
vn -0.9289919 -0.2501535 -0.2727587
vn -0.5998266 0.6504821 -0.4659201
vn -0.9975309 -0.04250421 -0.05590675
vn -0.5031707 -0.7824644 -0.3668367
vn -0.6868559 0.4536769 0.5678086
vn -0.6883145 -0.4632865 -0.5582017
vn -0.4280026 0.2950006 0.8542768
vn 0.7853388 -0.4330621 -0.4423804
vn 0.5537149 -0.2226509 -0.8023883
vn -0.6883145 -0.4632865 -0.5582017
vn 0.556231 0.2269198 0.7994466
vn 0.535629 0.6001677 0.5940547
vn -0.7159867 0.697135 -0.03696239
vn 0.7112872 0.7015794 -0.04309635
vn 0.5537149 -0.2226509 -0.8023883
vn -3.125259E-08 0.704619 0.7095864
vn 0.556231 0.2269198 0.7994466
vn 0.2459057 0.04941678 0.9680336
vn 0.7853388 -0.4330621 -0.4423804
vn 0.3463155 -0.8170466 -0.4609784
vn 0.3141122 -0.9123815 0.2624773
vn 0.1397692 -0.15497 0.9779823
vn -3.125259E-08 0.704619 0.7095864
vn 0.3087879 0.6299914 0.7125738
vn 0.2586594 0.08154336 -0.9625211
vn -0.5031707 -0.7824644 -0.3668367
vn -0.3150453 -0.9440497 0.09755662
vn 0.7112872 0.7015794 -0.04309635
vn 0.2361714 0.9407541 0.2433216
vn -0.108564 0.2238402 0.9685609
vn 0.2263144 0.965772 -0.1267547
vn 0.2898181 -0.2546749 0.9225763
vn -0.2649832 -0.1325134 -0.9551046
vn 0.2361714 0.9407541 0.2433216
vn 0.2263144 0.965772 -0.1267547
vn -0.6368649 0.3565328 -0.6835847
vn 0.5145116 0.856809 -0.03400813
vn -0.7159867 0.697135 -0.03696239
vn -0.6883145 -0.4632865 -0.5582017
vn -0.6868559 0.4536769 0.5678086
vn -0.5567341 -0.2277395 -0.7988632
vn -0.3491144 0.6626003 -0.6626316
vn -0.7159867 0.697135 -0.03696239
vn -0.3491116 0.6625615 -0.6626718
vn -0.06393264 0.7056406 -0.7056804
vn 0.2127494 0.008680639 -0.9770685
vn -0.3491116 0.6625615 -0.6626718
vn -0.6883145 -0.4632865 -0.5582017
vn 0.3463155 -0.8170466 -0.4609784
vn 0.7853388 -0.4330621 -0.4423804
vn 0.3463155 -0.8170466 -0.4609784
vn 3.147236E-08 -0.7095445 -0.7046612
vn 0.3141122 -0.9123815 0.2624773
vn 3.147236E-08 -0.7095445 -0.7046612
vn 0.1388954 -0.9745016 -0.1762259
vn 0.2127494 0.008680639 -0.9770685
vn 0.2127494 0.008680639 -0.9770685
vn -0.03404197 0.7067397 -0.7066548
vn -0.01749194 0.707042 -0.7069557
vn -0.06393264 0.7056406 -0.7056804
vn -0.03404197 0.7067397 -0.7066548
vn -0.05087493 0.6126967 -0.7886794
vn -0.03393307 0.8151459 -0.5782616
vn 0.3436998 -0.8406867 0.4184698
vn 0.1388954 -0.9745016 -0.1762259
vn 0.8733888 -0.07066957 -0.4818693
vn 0.6411818 -0.2163714 0.7362539
vn 0.1388954 -0.9745016 -0.1762259
vn 0.3436998 -0.8406867 0.4184698
vn 3.261237E-08 -0.7310441 0.6823307
vn 3.013648E-08 -0.6752256 0.7376117
vn 0.3141122 -0.9123815 0.2624773
vn 0.1397692 -0.15497 0.9779823
vn -0.8944272 0.3101738 0.3221681
vn -0.8326217 -0.2570026 0.4906026
vn -0.9999269 0.01209145 -1.139903E-08
vn -0.2882971 0.1670527 0.9428567
vn 0.3197008 0.7055117 0.6324913
vn -3.98497E-08 0.8944271 -0.4472146
vn 0.6597271 0.3577996 -0.6608631
vn -3.136363E-08 0.7071077 0.7071064
vn 0.3224826 -0.9006557 -0.2912472
vn 2.849605E-08 -0.6382557 0.7698249
vn 0.6493945 -0.110705 0.7523507
vn 4.21821E-08 -0.9491229 -0.3149071
vn -0.05093282 -0.3766896 -0.9249386
vn 0.3224826 -0.9006557 -0.2912472
vn 0.8622753 -0.4742582 -0.1776528
vn 0.8622753 -0.4742582 -0.1776528
vn 0.6493945 -0.110705 0.7523507
vn 0.3429451 -0.0713093 0.9366453
vn 0.3224826 -0.9006557 -0.2912472
vn -0.8386892 0.5348116 -0.1028459
vn -0.8080788 0.3677532 0.4601809
vn -0.994148 0.1080266 -1.028906E-07
vn -0.2882898 0.9000527 0.3267945
vn 0.4472136 0.37831 -0.8104827
vn 4.953004E-10 -0.01410798 -0.9999008
vn 0.6449633 -0.4258811 -0.6345456
vn -1.893635E-08 0.4229634 -0.9061471
vn 0.6280723 -0.770371 0.1097912
vn 0.6453387 0.639333 0.4180813
vn 0.3405518 0.7769775 0.529463
vn 0.3333334 -0.6666663 0.6666676
vn 0.2586544 -0.8743387 0.4106462
vn -0.5031855 0.07353412 0.8610445
vn -0.06090464 -0.2675528 0.9616168
vn 0.7113126 -0.3881356 -0.5859911
vn 0.2361776 -0.2596718 -0.9363713
vn 0.1044194 0.2731489 -0.9562882
vn 0.2263162 -0.5926725 -0.7729948
vn 0.5352813 0.2326127 -0.8120133
vn -0.3918823 -0.6653462 0.6354079
vn 0.2361776 -0.2596718 -0.9363713
vn 0.2263162 -0.5926725 -0.7729948
vn -0.6969983 -0.7125451 -0.08045672
vn 0.5145172 -0.4578746 -0.7249989
vn -0.8499964 -0.123026 0.5122216
vn -0.8499964 -0.123026 0.5122216
vn -0.3918823 -0.6653462 0.6354079
vn -0.3207197 0.5517873 0.7698509
vn -0.3918823 -0.6653462 0.6354079
vn -0.3918823 -0.6653462 0.6354079
vn -0.06090464 -0.2675528 0.9616168
vn 0.2586544 -0.8743387 0.4106462
vn -0.8389772 0.1186304 -0.5310786
vn -0.8265462 0.5583783 -0.07095989
vn -0.9940127 -1.484239E-07 -0.1092649
vn -0.2985783 0.7626566 -0.5737652
vn 0.318674 0.1151537 -0.9408438
vn 3.877209E-08 -0.8729855 -0.4877468
vn 0.6556042 -0.7523186 0.0648104
vn -5.874976E-09 0.1291102 -0.9916306
vn 0.3224831 0.1980487 0.9256252
vn -3.630449E-08 0.8177789 0.5755331
vn 0.8944272 0.3657219 0.2573862
vn -8.846651E-09 0.2017721 0.9794329
vn -0.05098382 -0.6126959 0.788673
vn 0.3224831 0.1980487 0.9256252
vn 0.6298919 -0.3085964 0.7127445
vn 0.8944272 0.3657219 0.2573862
vn 0.40298 0.849706 -0.3400107
vn 0.3224831 0.1980487 0.9256252
vn -0.8944272 -0.3101749 -0.3221672
vn -0.8326209 0.2570164 -0.4905968
vn -0.999927 -0.01208257 1.16551E-08
vn -0.2883039 -0.1670193 -0.9428605
vn 0.3197057 -0.7054959 -0.6325065
vn 3.98497E-08 -0.8944271 0.4472146
vn 0.6597363 -0.3577705 0.6608696
vn 3.136363E-08 -0.7071077 -0.7071064
vn 0.322484 0.9006421 0.2912876
vn -2.849643E-08 0.6382642 -0.7698178
vn 0.6494108 0.110654 -0.7523441
vn -4.218122E-08 0.9491032 0.3149662
vn -0.05093778 0.3766673 0.9249475
vn 0.322484 0.9006421 0.2912876
vn 0.8622817 0.4742422 0.1776648
vn 0.8622817 0.4742422 0.1776648
vn 0.6494108 0.110654 -0.7523441
vn 0.3429395 0.07129689 -0.9366483
vn 0.322484 0.9006421 0.2912876
vn 0.2586662 0.7927802 0.5518987
vn -0.5031867 0.7089018 -0.4942286
vn -0.3150424 0.3875203 -0.8663585
vn 0.7112898 -0.3134488 0.62914
vn 0.2361602 -0.6810699 0.6930893
vn -0.1085651 -0.9507303 -0.29039
vn 0.2269466 -0.3661273 0.9024669
vn 0.2898327 -0.6716673 -0.681807
vn -0.4601314 0.833263 0.3065165
vn 0.2361602 -0.6810699 0.6930893
vn 0.2269466 -0.3661273 0.9024669
vn -0.5581717 0.2798744 0.7810987
vn 0.5194637 -0.4039228 0.752997
vn -0.8386549 -0.5348476 0.1029383
vn -0.8080612 -0.3678032 -0.4601719
vn -0.9941407 -0.1080938 1.032177E-07
vn -0.2883065 -0.9000914 -0.3266734
vn 0.3186916 -0.8723642 0.3706977
vn -4.975209E-10 0.01415789 0.9999001
vn 0.644961 0.4259265 0.6345173
vn 4.112718E-08 -0.923331 0.3840057
vn 0.3333333 0.6666663 -0.6666676
vn 1.977694E-08 -0.4472146 -0.8944271
vn 0.645344 -0.6393444 -0.4180554
vn -3.155072E-08 0.7071064 -0.7071077
vn 0.6388456 -0.7438201 0.1964903
vn 0.644961 0.4259265 0.6345173
vn 0.2642005 0.8449019 0.4651234
vn 0.3186916 -0.8723642 0.3706977
vn 0.3087652 -0.3021776 0.901861
vn 0.1397734 -0.9244508 0.3547603
vn 0.2642005 0.8449019 0.4651234
vn 0.6280351 0.770401 -0.1097935
vn 0.645344 -0.6393444 -0.4180554
vn 0.3405681 -0.7769707 -0.5294625
vn 0.3333333 0.6666663 -0.6666676
vn 0.783935 0.3888763 0.4839643
vn 0.5144859 0.4579118 0.7249977
vn 0.8219038 -0.5558238 -0.1246368
vn -0.8389727 -0.1185557 0.5311021
vn -0.8265458 -0.5583787 0.07096247
vn -0.9940123 5.998574E-08 0.1092685
vn -0.2985967 -0.7626003 0.5738307
vn 0.3186877 -0.1151296 0.9408422
vn -3.877344E-08 0.8730158 0.4876928
vn 0.6555954 0.7523242 -0.06483461
vn 5.873235E-09 -0.1290711 0.9916357
vn 0.3225017 -0.1981059 -0.9256064
vn 4.38344E-08 -0.9858264 -0.1677711
vn 0.6515586 -0.695587 0.3027056
vn 8.850654E-09 -0.2018621 -0.9794143
vn -0.05087493 0.6126967 -0.7886794
vn 0.3225017 -0.1981059 -0.9256064
vn 0.8733888 -0.07066957 -0.4818693
vn 0.6411818 -0.2163714 0.7362539
vn 0.6555954 0.7523242 -0.06483461
vn 0.7339684 0.671891 0.09926328
vn 0.3186877 -0.1151296 0.9408422
vn 0.3087879 0.6299914 0.7125738
vn 0.1397692 -0.15497 0.9779823
vn 0.7339684 0.671891 0.09926328
vn 0.6555954 0.7523242 -0.06483461
vn -0.03393307 0.8151459 -0.5782616
vn -3.877344E-08 0.8730158 0.4876928
vn 0.8733888 -0.07066957 -0.4818693
vn 0.6515586 -0.695587 0.3027056
vn 0.3436998 -0.8406867 0.4184698
vn 0.3225017 -0.1981059 -0.9256064
vn 0.3405681 -0.7769707 -0.5294625
vn 4.293506E-08 -0.9658818 -0.2589846
vn 4.391436E-08 -0.9875917 -0.1570452
vn 0.3141049 -0.683499 -0.6589142
vn 0.1397734 -0.9244508 0.3547603
vn -7.970725E-09 0.1820941 0.9832815
vn 0.3197008 0.7055117 0.6324913
vn 0.6347281 0.5422372 0.5505448
vn -3.136363E-08 0.7071077 0.7071064
vn 0.6493945 -0.110705 0.7523507
vn -1.327366E-08 0.3012073 0.953559
vn 0.3429451 -0.0713093 0.9366453
vn 2.849605E-08 -0.6382557 0.7698249
vn -4.251068E-08 0.9564404 0.2919285
vn -4.203594E-08 0.9458663 0.3245578
vn 0.638848 0.7438186 -0.1964878
vn -4.180932E-08 0.9408149 0.3389221
vn 0.6453387 0.639333 0.4180813
vn -4.422643E-08 0.9944524 0.1051914
vn 0.3405518 0.7769775 0.529463
vn -1.977694E-08 0.4472146 0.8944271
vn -3.261222E-08 0.7310407 -0.6823342
vn 0.318674 0.1151537 -0.9408438
vn 0.6411803 0.2163699 -0.7362556
vn -5.874976E-09 0.1291102 -0.9916306
vn -2.940312E-08 0.6586969 -0.7524088
vn -3.013572E-08 0.6752086 -0.7376272
vn -2.990947E-08 0.670109 -0.7422631
vn -2.888992E-08 0.6471313 -0.7623792
vn 7.969668E-09 -0.1820704 -0.9832859
vn 0.3197057 -0.7054959 -0.6325065
vn 0.634706 -0.5422563 -0.5505514
vn 3.136363E-08 -0.7071077 -0.7071064
vn 0.6494108 0.110654 -0.7523441
vn 1.327423E-08 -0.3012201 -0.953555
vn 0.3429395 0.07129689 -0.9366483
vn -2.849643E-08 0.6382642 -0.7698178
vn 0.644961 0.4259265 0.6345173
vn -0.03394772 0.9083712 0.4167854
vn 0.2642005 0.8449019 0.4651234
vn -4.975209E-10 0.01415789 0.9999001
vn 4.203515E-08 -0.9458487 -0.3246089
vn 0.3186916 -0.8723642 0.3706977
vn 0.6388456 -0.7438201 0.1964903
vn 4.112718E-08 -0.923331 0.3840057
vn -0.05096873 0.9901931 0.1300784
vn 0.3333333 0.6666663 -0.6666676
vn 0.6280351 0.770401 -0.1097935
vn -3.155072E-08 0.7071064 -0.7071077
vn 0.645344 -0.6393444 -0.4180554
vn 4.391436E-08 -0.9875917 -0.1570452
vn 0.3405681 -0.7769707 -0.5294625
vn 1.977694E-08 -0.4472146 -0.8944271
vn 3.261237E-08 -0.7310441 0.6823307
vn 0.3186877 -0.1151296 0.9408422
vn 0.6411818 -0.2163714 0.7362539
vn 5.873235E-09 -0.1290711 0.9916357
vn 0.6515586 -0.695587 0.3027056
vn 3.013648E-08 -0.6752256 0.7376117
vn 0.3436998 -0.8406867 0.4184698
vn 4.38344E-08 -0.9858264 -0.1677711
vn -0.08428379 0.6730244 0.7348028
vn -0.4986372 0.4659016 0.7309563
vn -0.4986526 0.6392057 0.5854589
vn -0.08428518 0.4599073 0.8839582
vn -2.212906E-08 0.500002 0.8660246
vn -3.136379E-08 0.7071114 0.7071027
vn 0.0842826 0.5355779 0.8402699
vn 0.0842784 0.7348064 0.6730211
vn 0.4986708 0.5854515 0.6391984
vn 0.4986422 0.4000767 0.7689573
vn -0.4986629 0.2608366 0.8266197
vn -0.08428063 0.2154557 0.9728702
vn -1.138614E-08 0.2588155 0.9659272
vn 0.0842824 0.2998491 0.9502567
vn 0.4986273 0.1874262 0.8463113
vn -0.4986739 0.0380052 0.8659564
vn -0.08428053 -0.04367963 0.9954847
vn 1.322942E-10 9.536743E-07 1
vn 0.08428071 0.04368676 0.9954843
vn 0.4986314 -0.03800175 0.8659811
vn -0.498678 -0.1874197 0.8462828
vn -0.08428285 -0.2998483 0.9502568
vn 1.164181E-08 -0.258816 0.965927
vn 0.084281 -0.2154534 0.9728706
vn 0.4986355 -0.2608367 0.8266361
vn -0.4986482 -0.4000762 0.7689536
vn -0.08428431 -0.5355783 0.8402695
vn 2.235832E-08 -0.500003 0.866024
vn 0.08428231 -0.4599075 0.8839583
vn 0.4986338 -0.4658972 0.7309615
vn -0.4986438 -0.5854638 0.6392081
vn -0.08428122 -0.7348028 0.6730247
vn 3.155072E-08 -0.7071064 0.7071077
vn 0.08427816 -0.6730241 0.7348036
vn 0.4986502 -0.6392056 0.5854611
vn -0.4986391 -0.7309561 0.4658998
vn -0.08428457 -0.8839561 0.4599113
vn 3.859307E-08 -0.8660231 0.5000048
vn 0.08428162 -0.8402691 0.5355793
vn 0.4986471 -0.7689536 0.4000774
vn -0.4986744 -0.8266135 0.2608341
vn -0.08428052 -0.9728703 0.215455
vn 4.300557E-08 -0.9659265 0.2588179
vn 0.08428155 -0.9502563 0.2998502
vn 0.4986342 -0.8463073 0.1874257
vn -0.4986498 -0.8659707 0.03799921
vn -0.08428045 -0.9954844 -0.04368449
vn 4.448717E-08 -1 9.536743E-07
vn 0.08428052 -0.9954843 0.04368638
vn 0.4986309 -0.8659815 -0.03799717
vn -0.4986342 -0.8463077 -0.1874241
vn -0.08428045 -0.9954844 -0.04368449
vn -0.08428146 -0.9502569 -0.2998483
vn -0.4986498 -0.8659707 0.03799921
vn 4.293709E-08 -0.965927 -0.258816
vn 4.448717E-08 -1 9.536743E-07
vn 0.0842806 -0.9728707 -0.2154531
vn 0.08428052 -0.9954843 0.04368638
vn 0.4986309 -0.8659815 -0.03799717
vn 0.4986416 -0.8266325 -0.2608368
vn -0.4986471 -0.7689544 -0.400076
vn -0.08428258 -0.8402709 -0.5355763
vn 3.846085E-08 -0.8660257 -0.5000002
vn 0.08428292 -0.8839578 -0.4599083
vn 0.4986504 -0.7309504 -0.4658967
vn -0.4986708 -0.6391975 -0.5854524
vn -0.08427975 -0.6730223 -0.7348052
vn 3.136345E-08 -0.7071036 -0.7071105
vn 0.08428296 -0.7348015 -0.673026
vn 0.4986522 -0.5854568 -0.639208
vn -0.4986356 -0.4658991 -0.7309591
vn -0.08428121 -0.4599105 -0.8839568
vn 2.212889E-08 -0.4999983 -0.8660268
vn 0.08428375 -0.5355734 -0.8402727
vn 0.498647 -0.4000774 -0.7689536
vn -0.498621 -0.2608449 -0.8266423
vn -0.08428013 -0.2154557 -0.9728702
vn 1.138616E-08 -0.258816 -0.9659271
vn 0.08428135 -0.2998452 -0.950258
vn 0.4986473 -0.1874206 -0.8463007
vn -0.4986295 -0.0380034 -0.8659821
vn -0.08428071 0.04368485 -0.9954844
vn -1.322942E-10 -9.536743E-07 -1
vn 0.08428013 -0.04368073 -0.9954845
vn 0.4986579 0.03800821 -0.8659655
vn -0.4986347 0.1874205 -0.8463081
vn -0.08428152 0.2998459 -0.9502578
vn -1.164171E-08 0.2588136 -0.9659277
vn 0.08428289 0.215452 -0.9728707
vn 0.4986239 0.2608462 -0.8266402
vn -0.4986324 0.400078 -0.7689629
vn -0.08428241 0.5355781 -0.8402697
vn -2.235821E-08 0.5000007 -0.8660254
vn 0.08428732 0.459906 -0.8839586
vn 0.4986154 0.4659064 -0.7309682
vn -0.4986221 0.5854722 -0.6392174
vn -0.08428226 0.7348036 -0.6730238
vn -3.155092E-08 0.7071108 -0.7071032
vn 0.08428439 0.673026 -0.7348012
vn 0.498652 0.6392057 -0.5854595
vn -0.4986418 0.7309527 -0.4659023
vn -0.0842806 0.8839564 -0.4599115
vn -3.859323E-08 0.8660268 -0.4999983
vn 0.08428241 0.8402733 -0.5355726
vn 0.4986466 0.7689566 -0.4000725
vn -0.4986416 0.8266304 -0.2608436
vn -0.08427884 0.9728704 -0.2154554
vn -4.300557E-08 0.9659265 -0.2588179
vn 0.08428092 0.9502574 -0.2998473
vn 0.4986348 0.8463091 -0.1874161
vn -0.4986312 0.865981 -0.03800686
vn -0.08428054 0.9954844 0.04368447
vn -4.448717E-08 1 -9.536743E-07
vn 0.08428047 0.9954845 -0.04368079
vn 0.4986317 0.8659803 0.03801481
vn -0.4986728 0.846287 0.187415
vn -0.08428086 0.9502562 0.2998507
vn -4.293702E-08 0.9659255 0.2588214
vn 0.08428214 0.9728687 0.2154616
vn 0.49864 0.8266323 0.2608408
vn -0.4986673 0.7689444 0.4000698
vn -0.08428212 0.8402724 0.5355741
vn -3.846086E-08 0.866026 0.4999997
vn 0.08427905 0.8839579 0.4599089
vn 0.4986584 0.7309484 0.4658912
vn -0.4082482 -0.8164973 -0.4082476
vn -0.4082483 0.8164972 0.4082476
vn -0.2182179 -0.4364351 0.8728722
vn -0.2182179 0.4364351 -0.8728722
vn -0.3396081 -0.03444938 0.9399362
vn -0.2588001 -0.663262 0.7022156
vn -0.2182179 -0.4364351 0.8728722
vn -0.3498626 0.03331615 0.9362087
vn -0.2190647 0.08200011 0.9722589
vn -0.4082483 0.8164972 0.4082476
vn -0.258793 0.7022235 0.6632563
vn -0.3395959 0.9399406 0.0344499
vn -0.3498497 0.9362136 -0.03331636
vn -0.219054 0.972261 -0.08200394
vn -0.2182179 0.4364351 -0.8728722
vn -0.2587897 0.663265 -0.7022166
vn -0.3396015 0.03444954 -0.9399387
vn -0.3498558 -0.03331764 -0.9362112
vn -0.2190545 -0.08200523 -0.9722608
vn -0.4082482 -0.8164973 -0.4082476
vn -0.2587851 -0.7022126 -0.6632711
vn -0.3396061 -0.9399369 -0.0344496
vn -0.3498596 -0.9362099 0.03331605
vn -0.2190602 -0.9722598 0.08200151
vn 1 4.448717E-08 -1.323208E-10
vn 0.9739468 -0.2147975 0.07273136
vn 0.9739466 -0.1706129 0.1493966
vn 0.9739468 -0.2262801 -0.01500326
vn 0.9739469 -0.2033132 -0.1004546
vn 0.9739453 -0.1494064 -0.170612
vn 0.973944 -0.07274667 -0.2148047
vn 0.9739439 0.01500392 -0.2262921
vn 0.9739459 0.1004631 -0.2033142
vn 0.9739468 0.1706186 -0.1493889
vn 0.9739468 0.2147967 -0.07273354
vn 0.9739468 0.2262802 0.01500327
vn 0.9739464 0.2033159 0.1004543
vn 0.9739465 0.1493958 0.1706137
vn 0.9739468 0.07273141 0.2147975
vn 0.9739469 -0.01500936 0.2262786
vn 0.9739463 -0.1004567 0.2033153
vn 0.5646022 -0.5437303 0.6209525
vn 0.5646029 -0.2647166 0.7817603
vn 0.5646039 0.05459231 0.8235549
vn 0.564603 0.3656116 0.7399677
vn 0.5646021 0.6209505 0.5437329
vn 0.5646031 0.7817615 0.2647127
vn 0.5646034 0.8235542 -0.05460584
vn 0.5646035 0.7399663 -0.3656134
vn 0.5646027 0.5437349 -0.6209482
vn 0.5645953 0.2647122 -0.7817674
vn 0.5645944 -0.05460475 -0.8235605
vn 0.5645968 -0.3656186 -0.7399689
vn 0.5646045 -0.6209524 -0.5437283
vn 0.564603 -0.7817622 -0.2647107
vn 0.5646036 -0.8235542 0.05460585
vn 0.5646028 -0.7399699 0.3656073
vn -0.7131654 -0.3105157 0.6284708
vn -0.713164 -0.5273839 0.461805
vn -0.7131642 -0.310521 0.6284696
vn -0.7131639 -0.5273919 0.461796
vn -0.2309932 -0.2892246 0.9289736
vn -0.7131648 -0.04637827 0.6994609
vn -0.3006749 0.03351473 0.953138
vn -0.7131653 0.2248242 0.663965
vn -0.7131635 0.2248254 0.6639666
vn -0.7131636 -0.04638352 0.6994617
vn 0.5646022 -0.5437303 0.6209525
vn -0.7131654 -0.3105157 0.6284708
vn 0.5646029 -0.2647166 0.7817603
vn 0.5646039 0.05459231 0.8235549
vn -0.7131636 -0.04638352 0.6994617
vn 0.564603 0.3656116 0.7399677
vn -0.7131636 -0.04638352 0.6994617
vn -0.7131642 -0.310521 0.6284696
vn -0.7131648 -0.04637827 0.6994609
vn -0.7131654 -0.3105157 0.6284708
vn -0.1838709 -0.7531379 0.6316451
vn -0.713164 -0.5273839 0.461805
vn -0.2309932 -0.2892246 0.9289736
vn -0.7131639 -0.5273919 0.461796
vn -0.7131645 -0.6639635 0.2248318
vn -0.7131642 -0.6639659 0.2248258
vn 0.5646029 -0.2647166 0.7817603
vn -0.7131654 -0.3105157 0.6284708
vn 0.5646039 0.05459231 0.8235549
vn 0.5646028 -0.7399699 0.3656073
vn -0.7131642 -0.6639659 0.2248258
vn 0.5646022 -0.5437303 0.6209525
vn -0.7131635 0.4618005 0.5273883
vn -0.7131635 0.2248254 0.6639666
vn -0.7131655 0.4617966 0.5273891
vn -0.7131653 0.2248242 0.663965
vn 0.564603 0.3656116 0.7399677
vn -0.7131653 0.2248242 0.663965
vn 0.5646021 0.6209505 0.5437329
vn -0.7131646 0.6284677 0.3105235
vn -0.7131655 0.4617966 0.5273891
vn -0.7131635 0.6284744 0.3105125
vn -0.7131635 0.4618005 0.5273883
vn 0.5646021 0.6209505 0.5437329
vn -0.7131635 0.4618005 0.5273883
vn 0.5646031 0.7817615 0.2647127
vn -0.7131645 0.6994612 0.0463769
vn -0.7131635 0.6284744 0.3105125
vn -0.7131649 0.6994608 0.04637823
vn -0.7131646 0.6284677 0.3105235
vn 0.5646031 0.7817615 0.2647127
vn -0.7131646 0.6284677 0.3105235
vn 0.5646034 0.8235542 -0.05460584
vn -0.7131649 0.6639633 -0.2248307
vn -0.7131649 0.6994608 0.04637823
vn -0.7131642 0.6639645 -0.2248297
vn -0.7131645 0.6994612 0.0463769
vn 0.5646034 0.8235542 -0.05460584
vn -0.7131645 0.6994612 0.0463769
vn 0.5646035 0.7399663 -0.3656134
vn -0.7131643 0.5273841 -0.4618042
vn -0.7131642 0.6639645 -0.2248297
vn -0.7131639 0.5273886 -0.4617996
vn -0.7131649 0.6639633 -0.2248307
vn 0.5646035 0.7399663 -0.3656134
vn -0.7131649 0.6639633 -0.2248307
vn 0.5646027 0.5437349 -0.6209482
vn -0.7131642 0.3105169 -0.6284716
vn -0.7131639 0.5273886 -0.4617996
vn -0.7131645 0.3105251 -0.6284671
vn -0.7131643 0.5273841 -0.4618042
vn 0.5646027 0.5437349 -0.6209482
vn -0.7131643 0.5273841 -0.4618042
vn 0.5645953 0.2647122 -0.7817674
vn -0.7131644 0.04637682 -0.6994613
vn -0.7131645 0.3105251 -0.6284671
vn -0.713165 0.04637653 -0.6994607
vn -0.7131642 0.3105169 -0.6284716
vn 0.5645953 0.2647122 -0.7817674
vn -0.7131642 0.3105169 -0.6284716
vn 0.5645944 -0.05460475 -0.8235605
vn -0.7131642 -0.2248244 -0.6639662
vn -0.713165 0.04637653 -0.6994607
vn -0.7131643 -0.2248352 -0.6639625
vn -0.7131644 0.04637682 -0.6994613
vn 0.5645944 -0.05460475 -0.8235605
vn -0.7131644 0.04637682 -0.6994613
vn 0.5645968 -0.3656186 -0.7399689
vn -0.7131646 -0.4617998 -0.5273876
vn -0.7131643 -0.2248352 -0.6639625
vn -0.713163 -0.4618004 -0.5273892
vn -0.7131642 -0.2248244 -0.6639662
vn 0.5645968 -0.3656186 -0.7399689
vn -0.7131642 -0.2248244 -0.6639662
vn 0.5646045 -0.6209524 -0.5437283
vn -0.7131642 -0.6284716 -0.310517
vn -0.713163 -0.4618004 -0.5273892
vn -0.7131651 -0.6284623 -0.3105336
vn -0.7131646 -0.4617998 -0.5273876
vn 0.5646045 -0.6209524 -0.5437283
vn -0.7131646 -0.4617998 -0.5273876
vn 0.564603 -0.7817622 -0.2647107
vn -0.7131644 -0.6994612 -0.0463769
vn -0.7131651 -0.6284623 -0.3105336
vn -0.7131647 -0.6994609 -0.04637823
vn -0.7131642 -0.6284716 -0.310517
vn 0.564603 -0.7817622 -0.2647107
vn -0.7131642 -0.6284716 -0.310517
vn 0.5646036 -0.8235542 0.05460585
vn -0.7131642 -0.6639659 0.2248258
vn -0.7131647 -0.6994609 -0.04637823
vn -0.7131645 -0.6639635 0.2248318
vn -0.7131644 -0.6994612 -0.0463769
vn 0.5646036 -0.8235542 0.05460585
vn -0.7131644 -0.6994612 -0.0463769
vn 0.5646028 -0.7399699 0.3656073
vn -1 -4.448717E-08 1.323208E-10
vn -0.7278695 -0.46315 -0.5056664
vn -0.486941 -0.7564164 -0.4367189
vn -1 -4.448717E-08 1.323208E-10
vn -0.7278641 -0.6694999 -0.1482708
vn -1 -4.448717E-08 1.323208E-10
vn -0.7278533 -0.6850738 0.03006379
vn -1 -4.448717E-08 1.323208E-10
vn -0.72786 -0.653943 0.2063461
vn -1 -4.448717E-08 1.323208E-10
vn -0.727864 -0.5782533 0.3685617
vn -1 -4.448717E-08 1.323208E-10
vn -0.7278593 -0.4631576 0.5056739
vn -1 -4.448717E-08 1.323208E-10
vn -0.7278692 -0.3164971 0.6083062
vn -1 -4.448717E-08 1.323208E-10
vn -0.7278649 -0.1482708 0.6694989
vn -1 -4.448717E-08 1.323208E-10
vn -0.727854 0.03006266 0.6850731
vn -1 -4.448717E-08 1.323208E-10
vn -0.7278562 0.2063506 0.6539457
vn -1 -4.448717E-08 1.323208E-10
vn -0.7278552 0.3685713 0.578258
vn -1 -4.448717E-08 1.323208E-10
vn -0.7278556 0.5056776 0.4631596
vn -1 -4.448717E-08 1.323208E-10
vn -0.7278556 0.6083201 0.3165014
vn -1 -4.448717E-08 1.323208E-10
vn -0.7278548 0.6695102 0.148269
vn -1 -4.448717E-08 1.323208E-10
vn -0.7278534 0.6850737 -0.03006377
vn -1 -4.448717E-08 1.323208E-10
vn -0.7278557 0.6539462 -0.2063511
vn -1 -4.448717E-08 1.323208E-10
vn -0.727859 0.5782555 -0.3685675
vn -1 -4.448717E-08 1.323208E-10
vn -0.7278666 0.4631528 -0.5056678
vn -1 -4.448717E-08 1.323208E-10
vn -0.7278645 0.3164935 -0.6083136
vn -1 -4.448717E-08 1.323208E-10
vn -0.7278553 0.1482653 -0.6695106
vn -1 -4.448717E-08 1.323208E-10
vn -0.7278541 -0.03006377 -0.685073
vn -1 -4.448717E-08 1.323208E-10
vn -0.7278562 -0.2063507 -0.6539458
vn -1 -4.448717E-08 1.323208E-10
vn -0.9006349 -0.217287 -0.3763552
vn -1 -4.448717E-08 1.323208E-10
vn 0.4122732 -0.4555314 -0.7890009
vn 0.6912378 -0.5328875 -0.4880793
vn 1 4.448717E-08 -1.323208E-10
vn 0.6912569 -0.1562437 -0.7055156
vn 1 4.448717E-08 -1.323208E-10
vn 0.6912577 0.03167829 -0.721914
vn 1 4.448717E-08 -1.323208E-10
vn 0.6912513 0.2174458 -0.6891222
vn 1 4.448717E-08 -1.323208E-10
vn 0.6912442 0.3883984 -0.6093673
vn 1 4.448717E-08 -1.323208E-10
vn 0.6912498 0.5328791 -0.4880718
vn 1 4.448717E-08 -1.323208E-10
vn 0.6912559 0.6410361 -0.333524
vn 1 4.448717E-08 -1.323208E-10
vn 0.6912577 0.7055148 -0.1562438
vn 1 4.448717E-08 -1.323208E-10
vn 0.6912584 0.7219132 0.03167823
vn 1 4.448717E-08 -1.323208E-10
vn 0.6912568 0.6891159 0.2174482
vn 1 4.448717E-08 -1.323208E-10
vn 0.6912563 0.609357 0.388393
vn 1 4.448717E-08 -1.323208E-10
vn 0.6912569 0.4880681 0.5328732
vn 1 4.448717E-08 -1.323208E-10
vn 0.6912556 0.3335237 0.6410367
vn 1 4.448717E-08 -1.323208E-10
vn 0.6912569 0.1562429 0.7055157
vn 1 4.448717E-08 -1.323208E-10
vn 0.6912526 -0.03168317 0.7219186
vn 1 4.448717E-08 -1.323208E-10
vn 0.6912411 -0.2174568 0.6891288
vn 1 4.448717E-08 -1.323208E-10
vn 0.6912475 -0.3883991 0.6093631
vn 1 4.448717E-08 -1.323208E-10
vn 0.6912529 -0.5328767 0.4880699
vn 1 4.448717E-08 -1.323208E-10
vn 0.691247 -0.6410471 0.3335215
vn 1 4.448717E-08 -1.323208E-10
vn 0.6912578 -0.7055147 0.1562438
vn 1 4.448717E-08 -1.323208E-10
vn 0.6912535 -0.7219177 -0.03168261
vn 1 4.448717E-08 -1.323208E-10
vn 0.6912417 -0.6891283 -0.2174565
vn 1 4.448717E-08 -1.323208E-10
vn 0.8914617 -0.392392 -0.2265495
vn 1 4.448717E-08 -1.323208E-10
vn 1 4.448717E-08 -1.323208E-10
vn -0.5630397 -0.6094349 -0.5581898
vn 0.07835222 -0.8406797 -0.5358351
vn -0.5630546 -0.7331277 -0.3814364
vn 0.07834817 -0.6733505 -0.7351608
vn 3.136352E-08 -0.7071053 -0.7071087
vn 3.846074E-08 -0.8660234 -0.5000042
vn -0.07834902 -0.7351623 -0.6733488
vn -0.07835248 -0.8843827 -0.46014
vn 0.5630848 -0.6968774 -0.4441823
vn 0.5630792 -0.5581765 -0.6094105
vn 0.5630814 -0.7880953 -0.2486879
vn -0.07835071 -0.9733427 -0.2155593
vn 4.293701E-08 -0.9659252 -0.2588229
vn 0.0783537 -0.9507177 -0.2999952
vn -0.5630848 -0.8068498 -0.1786877
vn 0.5630841 -0.8256052 -0.03623484
vn -0.07835016 -0.9959677 0.04370571
vn 4.448717E-08 -1 9.536743E-07
vn 0.078352 -0.9959676 -0.04370692
vn -0.5630851 -0.8256044 0.03623374
vn 0.5630572 -0.806869 0.1786883
vn -0.07834852 -0.9507197 0.2999903
vn 4.300554E-08 -0.9659259 0.2588201
vn 0.07835095 -0.9733421 0.215562
vn -0.5630843 -0.7880947 0.2486828
vn 0.5630401 -0.7331383 0.3814376
vn -0.0783487 -0.8406823 0.5358316
vn 3.859321E-08 -0.8660262 0.4999994
vn 0.07834975 -0.8843853 0.4601356
vn -0.5630814 -0.6968811 0.4441807
vn 0.5630392 -0.6094365 0.5581884
vn -0.07835051 -0.673351 0.7351601
vn 3.155093E-08 -0.7071111 0.707103
vn 0.0783501 -0.7351626 0.6733484
vn -0.5630849 -0.5581748 0.6094069
vn 0.5630445 -0.444194 0.6969024
vn -0.07835054 -0.4601345 0.8843857
vn 2.235819E-08 -0.5000001 0.8660257
vn 0.07834838 -0.5358378 0.8406784
vn -0.5630825 -0.3814257 0.7331119
vn 0.5630409 -0.24869 0.7881235
vn -0.07835227 -0.21556 0.9733424
vn 1.164212E-08 -0.2588229 0.9659252
vn 0.07834813 -0.2999943 0.9507185
vn -0.5630814 -0.1786827 0.8068534
vn 0.5630387 -0.03623027 0.8256363
vn -0.07835197 0.04370838 0.9959674
vn 1.322942E-10 9.536743E-07 1
vn 0.07835026 -0.04370436 0.9959678
vn -0.5630826 0.03623281 0.8256062
vn 0.563045 0.1786882 0.8068775
vn -0.07835194 0.2999907 0.9507194
vn -1.138634E-08 0.2588202 0.9659258
vn 0.07834779 0.2155588 0.973343
vn -0.5630844 0.2486801 0.7880956
vn 0.5630415 0.3814385 0.7331368
vn -0.07834902 0.5358344 0.8406805
vn -2.212911E-08 0.5000032 0.8660239
vn 0.07834812 0.4601381 0.8843841
vn -0.5630848 0.4441851 0.6968756
vn 0.5630392 0.558192 0.6094335
vn -0.07834922 0.7351589 0.6733525
vn -3.136347E-08 0.7071041 0.70711
vn 0.07834767 0.6733501 0.7351612
vn -0.5630791 0.6094123 0.5581747
vn 0.5630406 0.696906 0.4441935
vn -0.07835314 0.8843865 0.4601328
vn -3.846073E-08 0.8660232 0.5000046
vn 0.07835028 0.8406786 0.5358372
vn -0.5630822 0.7331122 0.3814255
vn 0.5630447 0.7881216 0.2486873
vn -0.07835323 0.9733425 0.2155593
vn -4.293704E-08 0.9659259 0.2588203
vn 0.07835206 0.9507179 0.2999952
vn -0.5630859 0.8068491 0.1786876
vn 0.5630718 0.8256134 0.03623754
vn -0.07835156 0.9959674 -0.04370964
vn -4.448717E-08 1 -9.536743E-07
vn 0.07835168 0.9959676 0.04370693
vn -0.563085 0.8256046 -0.03623373
vn 0.5630858 0.8068488 -0.1786891
vn -0.0783513 0.9507177 -0.2999961
vn -4.300554E-08 0.9659258 -0.2588208
vn 0.07835197 0.973342 -0.2155619
vn -0.5630707 0.7881026 -0.2486887
vn 0.5630821 0.7331115 -0.3814269
vn -0.07835036 0.8406776 -0.5358388
vn -3.859308E-08 0.8660233 -0.5000043
vn 0.07835199 0.8843863 -0.4601332
vn -0.563041 0.6969052 -0.4441942
vn 0.5630836 0.6094124 -0.5581701
vn -0.07834637 0.6733505 -0.7351609
vn -3.155061E-08 0.7071039 -0.7071102
vn 0.07834899 0.7351602 -0.673351
vn -0.5630403 0.5581925 -0.6094318
vn 0.5630848 0.4441803 -0.6968786
vn -0.07834583 0.460133 -0.884387
vn -2.235825E-08 0.5000016 -0.8660249
vn 0.07834906 0.5358357 -0.8406796
vn -0.5630397 0.3814357 -0.7331396
vn 0.5630814 0.2486737 -0.7880997
vn -0.0783487 0.2155573 -0.9733434
vn -1.164192E-08 0.2588183 -0.9659264
vn 0.07835195 0.2999888 -0.95072
vn -0.5630377 0.1786898 -0.8068823
vn 0.5630823 0.03623271 -0.8256064
vn -0.07835004 -0.04370588 -0.9959677
vn -1.322942E-10 -9.536743E-07 -1
vn 0.07835198 0.04370762 -0.9959676
vn -0.5630387 -0.03623077 -0.8256363
vn 0.5630827 -0.1786896 -0.8068509
vn -0.07834812 -0.3000008 -0.9507164
vn 1.138653E-08 -0.2588243 -0.9659249
vn 0.07835338 -0.215556 -0.9733431
vn -0.5630382 -0.2486888 -0.7881259
vn 0.5630801 -0.3814313 -0.7331108
vn -0.07834864 -0.5358374 -0.8406786
vn 2.21292E-08 -0.5000051 -0.8660228
vn 0.07835146 -0.4601355 -0.8843851
vn -0.5630407 -0.4441947 -0.6969051
vn 0.9802725 0.1062347 0.1666741
vn 0.5630792 -0.5581765 -0.6094105
vn 0.5630801 -0.3814313 -0.7331108
vn 0.9802743 0.1457467 0.1334923
vn 0.4986708 0.5854515 0.6391984
vn 0.9802743 0.1457467 0.1334923
vn 0.4986422 0.4000767 0.7689573
vn 0.9802662 0.0594864 0.1885198
vn 0.5630801 -0.3814313 -0.7331108
vn 0.5630827 -0.1786896 -0.8068509
vn 0.9802725 0.1062347 0.1666741
vn 0.4986422 0.4000767 0.7689573
vn 0.9802725 0.1062347 0.1666741
vn 0.4986273 0.1874262 0.8463113
vn 0.9802639 0.008667608 0.197503
vn 0.5630827 -0.1786896 -0.8068509
vn 0.5630823 0.03623271 -0.8256064
vn 0.9802662 0.0594864 0.1885198
vn 0.4986273 0.1874262 0.8463113
vn 0.9802662 0.0594864 0.1885198
vn 0.4986314 -0.03800175 0.8659811
vn 0.9802657 -0.04274296 0.1930085
vn 0.5630823 0.03623271 -0.8256064
vn 0.5630814 0.2486737 -0.7880997
vn 0.9802639 0.008667608 0.197503
vn 0.4986314 -0.03800175 0.8659811
vn 0.9802639 0.008667608 0.197503
vn 0.4986355 -0.2608367 0.8266361
vn 0.9802657 -0.09124092 0.1753689
vn 0.5630814 0.2486737 -0.7880997
vn 0.5630848 0.4441803 -0.6968786
vn 0.9802657 -0.04274296 0.1930085
vn 0.4986355 -0.2608367 0.8266361
vn 0.9802657 -0.04274296 0.1930085
vn 0.4986338 -0.4658972 0.7309615
vn 0.9802672 -0.133515 0.1457737
vn 0.5630848 0.4441803 -0.6968786
vn 0.5630836 0.6094124 -0.5581701
vn 0.9802657 -0.09124092 0.1753689
vn 0.4986338 -0.4658972 0.7309615
vn 0.9802657 -0.09124092 0.1753689
vn 0.4986502 -0.6392056 0.5854611
vn 0.9802698 -0.1666845 0.1062417
vn 0.5630836 0.6094124 -0.5581701
vn 0.5630821 0.7331115 -0.3814269
vn 0.9802672 -0.133515 0.1457737
vn 0.4986502 -0.6392056 0.5854611
vn 0.9802672 -0.133515 0.1457737
vn 0.4986471 -0.7689536 0.4000774
vn 0.9802663 -0.1885188 0.05948706
vn 0.5630821 0.7331115 -0.3814269
vn 0.5630858 0.8068488 -0.1786891
vn 0.9802698 -0.1666845 0.1062417
vn 0.4986471 -0.7689536 0.4000774
vn 0.9802698 -0.1666845 0.1062417
vn 0.4986342 -0.8463073 0.1874257
vn 0.9802635 -0.197505 0.008672405
vn 0.5630858 0.8068488 -0.1786891
vn 0.5630718 0.8256134 0.03623754
vn 0.9802663 -0.1885188 0.05948706
vn 0.4986342 -0.8463073 0.1874257
vn 0.9802663 -0.1885188 0.05948706
vn 0.4986309 -0.8659815 -0.03799717
vn 0.9802704 -0.1929875 -0.04272917
vn 0.5630718 0.8256134 0.03623754
vn 0.5630447 0.7881216 0.2486873
vn 0.9802635 -0.197505 0.008672405
vn 0.4986309 -0.8659815 -0.03799717
vn 0.9802635 -0.197505 0.008672405
vn 0.4986416 -0.8266325 -0.2608368
vn 0.9802772 -0.1753176 -0.09121506
vn 0.5630447 0.7881216 0.2486873
vn 0.5630406 0.696906 0.4441935
vn 0.9802704 -0.1929875 -0.04272917
vn 0.4986416 -0.8266325 -0.2608368
vn 0.9802704 -0.1929875 -0.04272917
vn 0.4986504 -0.7309504 -0.4658967
vn 0.9802794 -0.1457272 -0.1334759
vn 0.5630406 0.696906 0.4441935
vn 0.5630392 0.558192 0.6094335
vn 0.9802772 -0.1753176 -0.09121506
vn 0.4986504 -0.7309504 -0.4658967
vn 0.9802772 -0.1753176 -0.09121506
vn 0.4986522 -0.5854568 -0.639208
vn 0.9802802 -0.1062138 -0.1666413
vn 0.5630392 0.558192 0.6094335
vn 0.5630415 0.3814385 0.7331368
vn 0.9802794 -0.1457272 -0.1334759
vn 0.4986522 -0.5854568 -0.639208
vn 0.9802794 -0.1457272 -0.1334759
vn 0.498647 -0.4000774 -0.7689536
vn 0.9802757 -0.05947208 -0.1884746
vn 0.5630415 0.3814385 0.7331368
vn 0.563045 0.1786882 0.8068775
vn 0.9802802 -0.1062138 -0.1666413
vn 0.498647 -0.4000774 -0.7689536
vn 0.9802802 -0.1062138 -0.1666413
vn 0.4986473 -0.1874206 -0.8463007
vn 0.9802808 -0.008663478 -0.1974196
vn 0.563045 0.1786882 0.8068775
vn 0.5630387 -0.03623027 0.8256363
vn 0.9802757 -0.05947208 -0.1884746
vn 0.4986473 -0.1874206 -0.8463007
vn 0.9802757 -0.05947208 -0.1884746
vn 0.4986579 0.03800821 -0.8659655
vn 0.980279 0.04273142 -0.1929435
vn 0.5630387 -0.03623027 0.8256363
vn 0.5630409 -0.24869 0.7881235
vn 0.9802808 -0.008663478 -0.1974196
vn 0.4986579 0.03800821 -0.8659655
vn 0.9802808 -0.008663478 -0.1974196
vn 0.4986239 0.2608462 -0.8266402
vn 0.9802691 0.09123634 -0.1753522
vn 0.5630409 -0.24869 0.7881235
vn 0.5630445 -0.444194 0.6969024
vn 0.980279 0.04273142 -0.1929435
vn 0.4986239 0.2608462 -0.8266402
vn 0.980279 0.04273142 -0.1929435
vn 0.4986154 0.4659064 -0.7309682
vn 0.9802747 0.1334899 -0.1457461
vn 0.5630445 -0.444194 0.6969024
vn 0.5630392 -0.6094365 0.5581884
vn 0.9802691 0.09123634 -0.1753522
vn 0.4986154 0.4659064 -0.7309682
vn 0.9802691 0.09123634 -0.1753522
vn 0.498652 0.6392057 -0.5854595
vn 0.9802796 0.1666441 -0.1062151
vn 0.5630392 -0.6094365 0.5581884
vn 0.5630401 -0.7331383 0.3814376
vn 0.9802747 0.1334899 -0.1457461
vn 0.498652 0.6392057 -0.5854595
vn 0.9802747 0.1334899 -0.1457461
vn 0.4986466 0.7689566 -0.4000725
vn 0.9802772 0.1884693 -0.05946314
vn 0.5630401 -0.7331383 0.3814376
vn 0.5630572 -0.806869 0.1786883
vn 0.9802796 0.1666441 -0.1062151
vn 0.4986466 0.7689566 -0.4000725
vn 0.9802796 0.1666441 -0.1062151
vn 0.4986348 0.8463091 -0.1874161
vn 0.9802673 0.1974873 -0.008655792
vn 0.5630572 -0.806869 0.1786883
vn 0.5630841 -0.8256052 -0.03623484
vn 0.9802772 0.1884693 -0.05946314
vn 0.4986348 0.8463091 -0.1874161
vn 0.9802772 0.1884693 -0.05946314
vn 0.4986317 0.8659803 0.03801481
vn 0.9802657 0.1930075 0.04274543
vn 0.5630841 -0.8256052 -0.03623484
vn 0.5630814 -0.7880953 -0.2486879
vn 0.9802673 0.1974873 -0.008655792
vn 0.4986317 0.8659803 0.03801481
vn 0.9802673 0.1974873 -0.008655792
vn 0.49864 0.8266323 0.2608408
vn 0.9802676 0.1753609 0.09123588
vn 0.5630814 -0.7880953 -0.2486879
vn 0.5630848 -0.6968774 -0.4441823
vn 0.9802657 0.1930075 0.04274543
vn 0.49864 0.8266323 0.2608408
vn 0.9802657 0.1930075 0.04274543
vn 0.4986584 0.7309484 0.4658912
vn 0.9802743 0.1457467 0.1334923
vn 0.5630848 -0.6968774 -0.4441823
vn 0.5630792 -0.5581765 -0.6094105
vn 0.9802676 0.1753609 0.09123588
vn 0.4986584 0.7309484 0.4658912
vn 0.9802743 0.1457467 0.1334923
vn 0.4986708 0.5854515 0.6391984
vn -0.7131635 0.2248254 0.6639666
vn -0.3006749 0.03351473 0.953138
vn -0.2900678 0.3447301 0.8927612
vn -0.7131648 -0.04637827 0.6994609
vn -0.7131655 0.4617966 0.5273891
vn -0.2900678 0.3447301 0.8927612
vn -0.183872 0.6316494 0.753134
vn -0.7131635 0.2248254 0.6639666
vn -0.7131635 0.6284744 0.3105125
vn -0.183872 0.6316494 0.753134
vn -4.209464E-08 0.9471744 0.3207203
vn -0.7131655 0.4617966 0.5273891
vn -0.7131649 0.6994608 0.04637823
vn -4.209464E-08 0.9471744 0.3207203
vn -4.439845E-08 0.9978093 -0.06616234
vn -0.7131635 0.6284744 0.3105125
vn -0.7131642 0.6639645 -0.2248297
vn -4.439845E-08 0.9978093 -0.06616234
vn -3.994294E-08 0.8965358 -0.4429721
vn -0.7131649 0.6994608 0.04637823
vn -0.7131639 0.5273886 -0.4617996
vn -3.994294E-08 0.8965358 -0.4429721
vn -0.1838625 0.7531423 -0.6316423
vn -0.7131642 0.6639645 -0.2248297
vn -0.7131645 0.3105251 -0.6284671
vn -0.1838625 0.7531423 -0.6316423
vn -0.2309853 0.2892282 -0.9289744
vn -0.7131639 0.5273886 -0.4617996
vn -0.713165 0.04637653 -0.6994607
vn -0.2309853 0.2892282 -0.9289744
vn -0.3006692 -0.03351829 -0.9531397
vn -0.7131645 0.3105251 -0.6284671
vn -0.7131643 -0.2248352 -0.6639625
vn -0.3006692 -0.03351829 -0.9531397
vn -0.2900608 -0.3447472 -0.8927569
vn -0.713165 0.04637653 -0.6994607
vn -0.713163 -0.4618004 -0.5273892
vn -0.2900608 -0.3447472 -0.8927569
vn -0.1838582 -0.6316366 -0.7531481
vn -0.7131643 -0.2248352 -0.6639625
vn -0.7131651 -0.6284623 -0.3105336
vn -0.1838582 -0.6316366 -0.7531481
vn 4.20944E-08 -0.947169 -0.3207362
vn -0.713163 -0.4618004 -0.5273892
vn -0.7131647 -0.6994609 -0.04637823
vn 4.20944E-08 -0.947169 -0.3207362
vn 4.439845E-08 -0.9978093 0.06616234
vn -0.7131651 -0.6284623 -0.3105336
vn -0.7131645 -0.6639635 0.2248318
vn 4.439845E-08 -0.9978093 0.06616234
vn 3.994281E-08 -0.8965328 0.4429783
vn -0.7131647 -0.6994609 -0.04637823
vn -0.713164 -0.5273839 0.461805
vn 3.994281E-08 -0.8965328 0.4429783
vn -0.1838709 -0.7531379 0.6316451
vn -0.7131645 -0.6639635 0.2248318
vn -0.2309932 -0.2892246 0.9289736
vn -0.2588001 -0.663262 0.7022156
vn -0.3396081 -0.03444938 0.9399362
vn -0.1838709 -0.7531379 0.6316451
vn -0.3006749 0.03351473 0.953138
vn -0.3498626 0.03331615 0.9362087
vn -0.2900678 0.3447301 0.8927612
vn -0.2190647 0.08200011 0.9722589
vn -0.183872 0.6316494 0.753134
vn -0.258793 0.7022235 0.6632563
vn -0.4527521 0.8584486 0.2410026
vn -0.3395959 0.9399406 0.0344499
vn -0.5711692 0.8208303 0.001966779
vn -0.3498497 0.9362136 -0.03331636
vn -0.5540875 0.804623 -0.2134697
vn -0.219054 0.972261 -0.08200394
vn -0.1838625 0.7531423 -0.6316423
vn -0.2587897 0.663265 -0.7022166
vn -0.2309853 0.2892282 -0.9289744
vn -0.3396015 0.03444954 -0.9399387
vn -0.3006692 -0.03351829 -0.9531397
vn -0.3498558 -0.03331764 -0.9362112
vn -0.2900608 -0.3447472 -0.8927569
vn -0.2190545 -0.08200523 -0.9722608
vn -0.1838582 -0.6316366 -0.7531481
vn -0.2587851 -0.7022126 -0.6632711
vn -0.4527608 -0.8584386 -0.2410218
vn -0.3396061 -0.9399369 -0.0344496
vn -0.5711831 -0.8208206 -0.001966789
vn -0.3498596 -0.9362099 0.03331605
vn -0.5541013 -0.8046151 0.2134639
vn -0.2190602 -0.9722598 0.08200151
vn -0.5630407 -0.4441947 -0.6969051
vn -0.9802774 0.1334815 0.1457357
vn -0.980278 0.09121598 0.1753137
vn -0.5630397 -0.6094349 -0.5581898
vn -0.4986372 0.4659016 0.7309563
vn -0.4986526 0.6392057 0.5854589
vn -0.980278 0.09121598 0.1753137
vn -0.980278 0.09121598 0.1753137
vn -0.5630382 -0.2486888 -0.7881259
vn -0.5630407 -0.4441947 -0.6969051
vn -0.9802853 0.04272195 0.1929134
vn -0.4986629 0.2608366 0.8266197
vn -0.980278 0.09121598 0.1753137
vn -0.4986372 0.4659016 0.7309563
vn -0.9802853 0.04272195 0.1929134
vn -0.5630387 -0.03623077 -0.8256363
vn -0.5630382 -0.2486888 -0.7881259
vn -0.980285 -0.008662011 0.1973988
vn -0.4986739 0.0380052 0.8659564
vn -0.9802853 0.04272195 0.1929134
vn -0.4986629 0.2608366 0.8266197
vn -0.980285 -0.008662011 0.1973988
vn -0.5630377 0.1786898 -0.8068823
vn -0.5630387 -0.03623077 -0.8256363
vn -0.9802821 -0.05946447 0.188444
vn -0.498678 -0.1874197 0.8462828
vn -0.980285 -0.008662011 0.1973988
vn -0.4986739 0.0380052 0.8659564
vn -0.9802821 -0.05946447 0.188444
vn -0.5630397 0.3814357 -0.7331396
vn -0.5630377 0.1786898 -0.8068823
vn -0.9802756 -0.1062256 0.1666612
vn -0.4986482 -0.4000762 0.7689536
vn -0.9802821 -0.05946447 0.188444
vn -0.498678 -0.1874197 0.8462828
vn -0.9802756 -0.1062256 0.1666612
vn -0.5630403 0.5581925 -0.6094318
vn -0.5630397 0.3814357 -0.7331396
vn -0.9802774 -0.145736 0.1334813
vn -0.4986438 -0.5854638 0.6392081
vn -0.9802756 -0.1062256 0.1666612
vn -0.4986482 -0.4000762 0.7689536
vn -0.9802774 -0.145736 0.1334813
vn -0.563041 0.6969052 -0.4441942
vn -0.5630403 0.5581925 -0.6094318
vn -0.9802755 -0.1753273 0.09121647
vn -0.4986391 -0.7309561 0.4658998
vn -0.9802774 -0.145736 0.1334813
vn -0.4986438 -0.5854638 0.6392081
vn -0.9802755 -0.1753273 0.09121647
vn -0.5630707 0.7881026 -0.2486887
vn -0.563041 0.6969052 -0.4441942
vn -0.9802726 -0.1929771 0.04272693
vn -0.4986744 -0.8266135 0.2608341
vn -0.9802755 -0.1753273 0.09121647
vn -0.4986391 -0.7309561 0.4658998
vn -0.9802726 -0.1929771 0.04272693
vn -0.563085 0.8256046 -0.03623373
vn -0.5630707 0.7881026 -0.2486887
vn -0.9802637 -0.197505 -0.008666359
vn -0.4986498 -0.8659707 0.03799921
vn -0.9802726 -0.1929771 0.04272693
vn -0.4986744 -0.8266135 0.2608341
vn -0.9802637 -0.197505 -0.008666359
vn -0.5630859 0.8068491 0.1786876
vn -0.563085 0.8256046 -0.03623373
vn -0.9802663 -0.188519 -0.05948671
vn -0.4986342 -0.8463077 -0.1874241
vn -0.9802637 -0.197505 -0.008666359
vn -0.4986498 -0.8659707 0.03799921
vn -0.9802663 -0.188519 -0.05948671
vn -0.5630822 0.7331122 0.3814255
vn -0.5630859 0.8068491 0.1786876
vn -0.9802725 -0.1666744 -0.1062343
vn -0.4986471 -0.7689544 -0.400076
vn -0.9802663 -0.188519 -0.05948671
vn -0.4986342 -0.8463077 -0.1874241
vn -0.9802725 -0.1666744 -0.1062343
vn -0.5630791 0.6094123 0.5581747
vn -0.5630822 0.7331122 0.3814255
vn -0.9802716 -0.1334998 -0.1457575
vn -0.4986708 -0.6391975 -0.5854524
vn -0.9802725 -0.1666744 -0.1062343
vn -0.4986471 -0.7689544 -0.400076
vn -0.9802716 -0.1334998 -0.1457575
vn -0.5630848 0.4441851 0.6968756
vn -0.5630791 0.6094123 0.5581747
vn -0.9802607 -0.09125367 -0.1753907
vn -0.4986356 -0.4658991 -0.7309591
vn -0.9802716 -0.1334998 -0.1457575
vn -0.4986708 -0.6391975 -0.5854524
vn -0.9802607 -0.09125367 -0.1753907
vn -0.5630844 0.2486801 0.7880956
vn -0.5630848 0.4441851 0.6968756
vn -0.9802639 -0.04274642 -0.1930163
vn -0.498621 -0.2608449 -0.8266423
vn -0.9802607 -0.09125367 -0.1753907
vn -0.4986356 -0.4658991 -0.7309591
vn -0.9802639 -0.04274642 -0.1930163
vn -0.5630826 0.03623281 0.8256062
vn -0.5630844 0.2486801 0.7880956
vn -0.9802644 0.008667064 -0.1975009
vn -0.4986295 -0.0380034 -0.8659821
vn -0.9802639 -0.04274642 -0.1930163
vn -0.498621 -0.2608449 -0.8266423
vn -0.9802644 0.008667064 -0.1975009
vn -0.5630814 -0.1786827 0.8068534
vn -0.5630826 0.03623281 0.8256062
vn -0.9802665 0.05948452 -0.1885184
vn -0.4986347 0.1874205 -0.8463081
vn -0.9802644 0.008667064 -0.1975009
vn -0.4986295 -0.0380034 -0.8659821
vn -0.9802665 0.05948452 -0.1885184
vn -0.5630825 -0.3814257 0.7331119
vn -0.5630814 -0.1786827 0.8068534
vn -0.9802639 0.1062582 -0.1667095
vn -0.4986324 0.400078 -0.7689629
vn -0.9802665 0.05948452 -0.1885184
vn -0.4986347 0.1874205 -0.8463081
vn -0.9802639 0.1062582 -0.1667095
vn -0.5630849 -0.5581748 0.6094069
vn -0.5630825 -0.3814257 0.7331119
vn -0.9802647 0.1457811 -0.1335261
vn -0.4986221 0.5854722 -0.6392174
vn -0.9802639 0.1062582 -0.1667095
vn -0.4986324 0.400078 -0.7689629
vn -0.9802647 0.1457811 -0.1335261
vn -0.5630814 -0.6968811 0.4441807
vn -0.5630849 -0.5581748 0.6094069
vn -0.9802681 0.1753574 -0.09123637
vn -0.4986418 0.7309527 -0.4659023
vn -0.9802647 0.1457811 -0.1335261
vn -0.4986221 0.5854722 -0.6392174
vn -0.9802681 0.1753574 -0.09123637
vn -0.5630843 -0.7880947 0.2486828
vn -0.5630814 -0.6968811 0.4441807
vn -0.9802642 0.1930155 -0.04274593
vn -0.4986416 0.8266304 -0.2608436
vn -0.9802681 0.1753574 -0.09123637
vn -0.4986418 0.7309527 -0.4659023
vn -0.9802642 0.1930155 -0.04274593
vn -0.5630851 -0.8256044 0.03623374
vn -0.5630843 -0.7880947 0.2486828
vn -0.9802679 0.1974839 0.008661285
vn -0.4986312 0.865981 -0.03800686
vn -0.9802642 0.1930155 -0.04274593
vn -0.4986416 0.8266304 -0.2608436
vn -0.9802679 0.1974839 0.008661285
vn -0.5630848 -0.8068498 -0.1786877
vn -0.5630851 -0.8256044 0.03623374
vn -0.9802776 0.188467 0.0594647
vn -0.4986728 0.846287 0.187415
vn -0.9802679 0.1974839 0.008661285
vn -0.4986312 0.865981 -0.03800686
vn -0.9802776 0.188467 0.0594647
vn -0.5630546 -0.7331277 -0.3814364
vn -0.5630848 -0.8068498 -0.1786877
vn -0.9802794 0.1666473 0.1062111
vn -0.4986673 0.7689444 0.4000698
vn -0.9802776 0.188467 0.0594647
vn -0.4986728 0.846287 0.187415
vn -0.5630397 -0.6094349 -0.5581898
vn -0.9802794 0.1666473 0.1062111
vn -0.9802774 0.1334815 0.1457357
vn -0.5630546 -0.7331277 -0.3814364
vn -0.9802794 0.1666473 0.1062111
vn -0.4986526 0.6392057 0.5854589
vn -0.4986673 0.7689444 0.4000698
vn -0.4505953 0.8623676 -0.2308386
vn -0.4671924 0.172073 -0.8672501
vn -0.6368522 -0.3564985 0.6836144
vn -0.4706815 0.8798514 0.06573371
vn -0.2649786 0.1324878 0.9551094
vn -0.6970065 0.7125309 0.08051042
vn -0.4523568 0.7879319 0.4177764
vn -0.6879952 -0.6218332 -0.3741476
vn -0.6879952 -0.6218332 -0.3741476
vn -0.5617176 -0.5583363 -0.6105198
vn -0.39189 0.6653409 -0.6354088
vn -0.6970065 0.7125309 0.08051042
vn -0.5617176 -0.5583363 -0.6105198
vn -0.3206933 -0.551819 -0.769839

vt 0.163904 0.919831
vt 0.177657 0.933584
vt 0.163904 0.933584
vt 0.177657 0.919831
vt 0.163904 0.919831
vt 0.177657 0.933584
vt 0.177657 0.919831
vt 0.177657 0.933584
vt 0.163904 0.933584
vt 0.163904 0.919831
vt 0.177657 0.933584
vt 0.163904 0.933584
vt 0.163904 0.919831
vt 0.177657 0.933584
vt 0.163904 0.933584
vt 0.163904 0.919831
vt 0.177657 0.919831
vt 0.163904 0.919831
vt 0.163904 0.933584
vt 0.177657 0.919831
vt 0.163904 0.919831
vt 0.177657 0.933584
vt 0.163904 0.933584
vt 0.177657 0.919831
vt 0.163904 0.919831
vt 0.177657 0.933584
vt 0.177657 0.919831
vt 0.177657 0.933584
vt 0.163904 0.933584
vt 0.177657 0.919831
vt 0.163904 0.919831
vt 0.163904 0.933584
vt 0.177657 0.919831
vt 0.177657 0.933584
vt 0.163904 0.933584
vt 0.177657 0.919831
vt 0.163904 0.919831
vt 0.177657 0.933584
vt 0.177657 0.919831
vt 0.163904 0.919831
vt 0.177657 0.933584
vt 0.163904 0.933584
vt 0.163904 0.919831
vt 0.177657 0.919831
vt 0.177657 0.933584
vt 0.163904 0.919831
vt 0.163904 0.933584
vt 0.177657 0.919831
vt 0.177657 0.933584
vt 0.163904 0.933584
vt 0.177657 0.919831
vt 0.163904 0.919831
vt 0.177657 0.919831
vt 0.163904 0.919831
vt 0.177657 0.933584
vt 0.177657 0.919831
vt 0.177657 0.933584
vt 0.163904 0.933584
vt 0.163904 0.919831
vt 0.177657 0.933584
vt 0.177657 0.919831
vt 0.163904 0.933584
vt 0.177657 0.919831
vt 0.163904 0.919831
vt 0.177657 0.933584
vt 0.177657 0.919831
vt 0.163904 0.919831
vt 0.177657 0.933584
vt 0.163904 0.933584
vt 0.177657 0.919831
vt 0.177657 0.933584
vt 0.163904 0.933584
vt 0.177657 0.919831
vt 0.163904 0.919831
vt 0.177657 0.933584
vt 0.163904 0.933584
vt 0.163904 0.919831
vt 0.177657 0.933584
vt 0.163904 0.933584
vt 0.163904 0.919831
vt 0.177657 0.933584
vt 0.163904 0.933584
vt 0.163904 0.919831
vt 0.177657 0.933584
vt 0.177657 0.919831
vt 0.177657 0.933584
vt 0.163904 0.919831
vt 0.177657 0.919831
vt 0.163904 0.933584
vt 0.163904 0.919831
vt 0.177657 0.933584
vt 0.177657 0.919831
vt 0.163904 0.919831
vt 0.163904 0.933584
vt 0.177657 0.919831
vt 0.163904 0.919831
vt 0.177657 0.933584
vt 0.163904 0.933584
vt 0.163904 0.919831
vt 0.163904 0.933584
vt 0.177657 0.919831
vt 0.177657 0.933584
vt 0.163904 0.933584
vt 0.163904 0.933584
vt 0.177657 0.919831
vt 0.163904 0.919831
vt 0.177657 0.933584
vt 0.163904 0.933584
vt 0.177657 0.919831
vt 0.163904 0.919831
vt 0.177657 0.933584
vt 0.163904 0.933584
vt 0.163904 0.919831
vt 0.177657 0.933584
vt 0.177657 0.919831
vt 0.177657 0.933584
vt 0.163904 0.933584
vt 0.177657 0.919831
vt 0.163904 0.933584
vt 0.163904 0.919831
vt 0.177657 0.919831
vt 0.177657 0.919831
vt 0.163904 0.919831
vt 0.177657 0.933584
vt 0.163904 0.933584
vt 0.177657 0.933584
vt 0.177657 0.919831
vt 0.163904 0.919831
vt 0.177657 0.933584
vt 0.163904 0.919831
vt 0.163904 0.933584
vt 0.177657 0.919831
vt 0.163904 0.919831
vt 0.177657 0.933584
vt 0.163904 0.933584
vt 0.177657 0.919831
vt 0.163904 0.919831
vt 0.177657 0.933584
vt 0.177657 0.919831
vt 0.163904 0.919831
vt 0.163904 0.933584
vt 0.177657 0.919831
vt 0.163904 0.919831
vt 0.177657 0.933584
vt 0.163904 0.933584
vt 0.163904 0.933584
vt 0.177657 0.919831
vt 0.163904 0.919831
vt 0.177657 0.933584
vt 0.163904 0.933584
vt 0.163904 0.919831
vt 0.177657 0.933584
vt 0.177657 0.933584
vt 0.163904 0.919831
vt 0.177657 0.919831
vt 0.163904 0.933584
vt 0.163904 0.919831
vt 0.163904 0.933584
vt 0.177657 0.919831
vt 0.163904 0.919831
vt 0.177657 0.933584
vt 0.177657 0.919831
vt 0.163904 0.919831
vt 0.163904 0.933584
vt 0.177657 0.933584
vt 0.163904 0.919831
vt 0.163904 0.933584
vt 0.177657 0.919831
vt 0.177657 0.933584
vt 0.163904 0.933584
vt 0.163904 0.919831
vt 0.177657 0.933584
vt 0.163904 0.933584
vt 0.177657 0.919831
vt 0.163904 0.919831
vt 0.177657 0.933584
vt 0.163904 0.933584
vt 0.163904 0.919831
vt 0.177657 0.933584
vt 0.177657 0.919831
vt 0.177657 0.933584
vt 0.163904 0.933584
vt 0.177657 0.919831
vt 0.163904 0.933584
vt 0.163904 0.919831
vt 0.177657 0.919831
vt 0.177657 0.919831
vt 0.163904 0.919831
vt 0.177657 0.933584
vt 0.163904 0.933584
vt 0.177657 0.933584
vt 0.177657 0.919831
vt 0.163904 0.919831
vt 0.177657 0.933584
vt 0.163904 0.919831
vt 0.163904 0.933584
vt 0.177657 0.919831
vt 0.163904 0.919831
vt 0.177657 0.933584
vt 0.163904 0.933584
vt 0.177657 0.919831
vt 0.163904 0.919831
vt 0.163904 0.933584
vt 0.177657 0.919831
vt 0.177657 0.933584
vt 0.163904 0.933584
vt 0.163904 0.919831
vt 0.177657 0.933584
vt 0.177657 0.919831
vt 0.163904 0.919831
vt 0.163904 0.933584
vt 0.177657 0.933584
vt 0.163904 0.919831
vt 0.177657 0.933584
vt 0.163904 0.933584
vt 0.163904 0.933584
vt 0.177657 0.919831
vt 0.177657 0.933584
vt 0.163904 0.933584
vt 0.177657 0.919831
vt 0.163904 0.919831
vt 0.177657 0.919831
vt 0.177657 0.919831
vt 0.177657 0.933584
vt 0.163904 0.919831
vt 0.163904 0.933584
vt 0.177657 0.919831
vt 0.163904 0.919831
vt 0.177657 0.933584
vt 0.177657 0.919831
vt 0.177657 0.933584
vt 0.163904 0.933584
vt 0.177657 0.919831
vt 0.163904 0.919831
vt 0.177657 0.933584
vt 0.177657 0.919831
vt 0.177657 0.933584
vt 0.163904 0.933584
vt 0.177657 0.919831
vt 0.163904 0.919831
vt 0.163904 0.933584
vt 0.177657 0.919831
vt 0.177657 0.933584
vt 0.177657 0.919831
vt 0.163904 0.919831
vt 0.163904 0.933584
vt 0.163904 0.919831
vt 0.177657 0.933584
vt 0.177657 0.919831
vt 0.163904 0.919831
vt 0.177657 0.933584
vt 0.163904 0.933584
vt 0.163904 0.919831
vt 0.177657 0.919831
vt 0.177657 0.933584
vt 0.163904 0.919831
vt 0.177657 0.933584
vt 0.177657 0.919831
vt 0.163904 0.919831
vt 0.177657 0.933584
vt 0.163904 0.933584
vt 0.163904 0.919831
vt 0.177657 0.933584
vt 0.177657 0.919831
vt 0.177657 0.933584
vt 0.163904 0.933584
vt 0.177657 0.919831
vt 0.163904 0.933584
vt 0.177657 0.919831
vt 0.163904 0.919831
vt 0.177657 0.933584
vt 0.177657 0.919831
vt 0.163904 0.919831
vt 0.177657 0.933584
vt 0.163904 0.919831
vt 0.177657 0.933584
vt 0.163904 0.933584
vt 0.177657 0.919831
vt 0.163904 0.919831
vt 0.177657 0.933584
vt 0.163904 0.933584
vt 0.163904 0.919831
vt 0.177657 0.933584
vt 0.177657 0.919831
vt 0.177657 0.933584
vt 0.163904 0.933584
vt 0.163904 0.919831
vt 0.163904 0.933584
vt 0.177657 0.919831
vt 0.163904 0.919831
vt 0.177657 0.933584
vt 0.177657 0.919831
vt 0.177657 0.919831
vt 0.163904 0.919831
vt 0.163904 0.933584
vt 0.163904 0.919831
vt 0.177657 0.933584
vt 0.163904 0.933584
vt 0.177657 0.919831
vt 0.163904 0.919831
vt 0.177657 0.933584
vt 0.163904 0.933584
vt 0.177657 0.933584
vt 0.163904 0.933584
vt 0.177657 0.919831
vt 0.163904 0.919831
vt 0.177657 0.933584
vt 0.163904 0.933584
vt 0.163904 0.919831
vt 0.177657 0.933584
vt 0.163904 0.933584
vt 0.163904 0.919831
vt 0.163904 0.933584
vt 0.177657 0.919831
vt 0.177657 0.933584
vt 0.163904 0.933584
vt 0.177657 0.919831
vt 0.163904 0.919831
vt 0.177657 0.933584
vt 0.177657 0.919831
vt 0.163904 0.919831
vt 0.177657 0.933584
vt 0.177657 0.919831
vt 0.163904 0.919831
vt 0.177657 0.933584
vt 0.163904 0.933584
vt 0.177657 0.919831
vt 0.163904 0.919831
vt 0.163904 0.933584
vt 0.177657 0.919831
vt 0.163904 0.919831
vt 0.177657 0.933584
vt 0.177657 0.919831
vt 0.163904 0.919831
vt 0.163904 0.933584
vt 0.177657 0.933584
vt 0.163904 0.919831
vt 0.177657 0.933584
vt 0.163904 0.933584
vt 0.163904 0.933584
vt 0.177657 0.919831
vt 0.163904 0.919831
vt 0.177657 0.933584
vt 0.163904 0.933584
vt 0.177657 0.919831
vt 0.163904 0.919831
vt 0.177657 0.933584
vt 0.163904 0.933584
vt 0.163904 0.919831
vt 0.177657 0.933584
vt 0.177657 0.919831
vt 0.177657 0.933584
vt 0.163904 0.933584
vt 0.177657 0.919831
vt 0.163904 0.933584
vt 0.163904 0.919831
vt 0.177657 0.919831
vt 0.177657 0.919831
vt 0.163904 0.919831
vt 0.177657 0.933584
vt 0.163904 0.933584
vt 0.177657 0.933584
vt 0.177657 0.919831
vt 0.163904 0.919831
vt 0.177657 0.933584
vt 0.163904 0.919831
vt 0.163904 0.933584
vt 0.177657 0.919831
vt 0.163904 0.919831
vt 0.177657 0.919831
vt 0.177657 0.933584
vt 0.163904 0.933584
vt 0.177657 0.919831
vt 0.163904 0.919831
vt 0.163904 0.933584
vt 0.177657 0.919831
vt 0.177657 0.933584
vt 0.163904 0.933584
vt 0.163904 0.919831
vt 0.177657 0.933584
vt 0.177657 0.919831
vt 0.163904 0.919831
vt 0.163904 0.933584
vt 0.163904 0.919831
vt 0.177657 0.933584
vt 0.163904 0.933584
vt 0.163904 0.933584
vt 0.177657 0.919831
vt 0.177657 0.933584
vt 0.163904 0.933584
vt 0.177657 0.919831
vt 0.163904 0.919831
vt 0.177657 0.933584
vt 0.163904 0.933584
vt 0.177657 0.919831
vt 0.163904 0.919831
vt 0.177657 0.933584
vt 0.163904 0.933584
vt 0.163904 0.919831
vt 0.177657 0.933584
vt 0.177657 0.919831
vt 0.163904 0.919831
vt 0.163904 0.933584
vt 0.177657 0.919831
vt 0.163904 0.919831
vt 0.177657 0.933584
vt 0.177657 0.919831
vt 0.163904 0.919831
vt 0.177657 0.933584
vt 0.163904 0.933584
vt 0.163904 0.919831
vt 0.177657 0.933584
vt 0.163904 0.933584
vt 0.177657 0.919831
vt 0.177657 0.933584
vt 0.163904 0.933584
vt 0.177657 0.919831
vt 0.163904 0.919831
vt 0.163904 0.933584
vt 0.177657 0.919831
vt 0.163904 0.919831
vt 0.177657 0.919831
vt 0.163904 0.919831
vt 0.177657 0.933584
vt 0.163904 0.933584
vt 0.163904 0.919831
vt 0.177657 0.919831
vt 0.177657 0.933584
vt 0.163904 0.919831
vt 0.177657 0.933584
vt 0.177657 0.919831
vt 0.163904 0.919831
vt 0.177657 0.933584
vt 0.163904 0.933584
vt 0.163904 0.919831
vt 0.177657 0.933584
vt 0.177657 0.919831
vt 0.177657 0.933584
vt 0.163904 0.933584
vt 0.177657 0.919831
vt 0.163904 0.933584
vt 0.177657 0.919831
vt 0.163904 0.919831
vt 0.177657 0.933584
vt 0.177657 0.919831
vt 0.163904 0.919831
vt 0.177657 0.933584
vt 0.163904 0.919831
vt 0.177657 0.933584
vt 0.177657 0.919831
vt 0.163904 0.919831
vt 0.177657 0.933584
vt 0.163904 0.933584
vt 0.163904 0.919831
vt 0.177657 0.933584
vt 0.163904 0.933584
vt 0.177657 0.919831
vt 0.163904 0.919831
vt 0.177657 0.933584
vt 0.163904 0.933584
vt 0.177657 0.933584
vt 0.163904 0.933584
vt 0.177657 0.919831
vt 0.163904 0.919831
vt 0.177657 0.933584
vt 0.163904 0.933584
vt 0.163904 0.919831
vt 0.177657 0.933584
vt 0.163904 0.933584
vt 0.177657 0.933584
vt 0.177657 0.919831
vt 0.163904 0.919831
vt 0.163904 0.933584
vt 0.177657 0.919831
vt 0.177657 0.933584
vt 0.163904 0.933584
vt 0.177657 0.919831
vt 0.163904 0.919831
vt 0.177657 0.933584
vt 0.177657 0.919831
vt 0.163904 0.919831
vt 0.177657 0.933584
vt 0.163904 0.933584
vt 0.177657 0.919831
vt 0.163904 0.919831
vt 0.163904 0.933584
vt 0.177657 0.919831
vt 0.163904 0.919831
vt 0.177657 0.933584
vt 0.177657 0.919831
vt 0.163904 0.919831
vt 0.163904 0.933584
vt 0.177657 0.933584
vt 0.177657 0.919831
vt 0.177657 0.933584
vt 0.163904 0.933584
vt 0.177657 0.919831
vt 0.163904 0.919831
vt 0.163904 0.933584
vt 0.177657 0.919831
vt 0.163904 0.919831
vt 0.177657 0.933584
vt 0.163904 0.933584
vt 0.177657 0.919831
vt 0.163904 0.919831
vt 0.163904 0.933584
vt 0.177657 0.919831
vt 0.163904 0.919831
vt 0.177657 0.933584
vt 0.163904 0.933584
vt 0.177657 0.933584
vt 0.177657 0.919831
vt 0.163904 0.919831
vt 0.177657 0.933584
vt 0.177657 0.919831
vt 0.177657 0.933584
vt 0.163904 0.933584
vt 0.177657 0.919831
vt 0.163904 0.919831
vt 0.177657 0.933584
vt 0.177657 0.919831
vt 0.163904 0.919831
vt 0.163904 0.933584
vt 0.177657 0.919831
vt 0.163904 0.919831
vt 0.177657 0.933584
vt 0.163904 0.919831
vt 0.163904 0.933584
vt 0.177657 0.919831
vt 0.163904 0.919831
vt 0.177657 0.919831
vt 0.177657 0.933584
vt 0.163904 0.933584
vt 0.177657 0.919831
vt 0.163904 0.919831
vt 0.163904 0.933584
vt 0.177657 0.919831
vt 0.177657 0.933584
vt 0.163904 0.933584
vt 0.163904 0.919831
vt 0.177657 0.933584
vt 0.163904 0.919831
vt 0.163904 0.933584
vt 0.163904 0.919831
vt 0.177657 0.933584
vt 0.163904 0.933584
vt 0.163904 0.933584
vt 0.177657 0.919831
vt 0.177657 0.933584
vt 0.163904 0.933584
vt 0.177657 0.919831
vt 0.163904 0.919831
vt 0.177657 0.933584
vt 0.163904 0.933584
vt 0.177657 0.919831
vt 0.163904 0.919831
vt 0.177657 0.933584
vt 0.163904 0.933584
vt 0.163904 0.919831
vt 0.177657 0.933584
vt 0.177657 0.919831
vt 0.177657 0.933584
vt 0.163904 0.933584
vt 0.163904 0.919831
vt 0.177657 0.933584
vt 0.163904 0.933584
vt 0.163904 0.919831
vt 0.177657 0.919831
vt 0.163904 0.919831
vt 0.163904 0.933584
vt 0.177657 0.919831
vt 0.177657 0.933584
vt 0.163904 0.919831
vt 0.163904 0.933584
vt 0.177657 0.919831
vt 0.163904 0.919831
vt 0.177657 0.933584
vt 0.177657 0.919831
vt 0.177657 0.933584
vt 0.163904 0.933584
vt 0.177657 0.919831
vt 0.163904 0.919831
vt 0.177657 0.933584
vt 0.177657 0.919831
vt 0.177657 0.933584
vt 0.163904 0.933584
vt 0.177657 0.919831
vt 0.163904 0.919831
vt 0.163904 0.933584
vt 0.177657 0.919831
vt 0.163904 0.919831
vt 0.177657 0.919831
vt 0.163904 0.919831
vt 0.177657 0.933584
vt 0.163904 0.933584
vt 0.163904 0.919831
vt 0.177657 0.919831
vt 0.177657 0.933584
vt 0.163904 0.919831
vt 0.177657 0.933584
vt 0.177657 0.919831
vt 0.163904 0.919831
vt 0.177657 0.933584
vt 0.163904 0.933584
vt 0.163904 0.919831
vt 0.177657 0.933584
vt 0.177657 0.919831
vt 0.177657 0.933584
vt 0.163904 0.933584
vt 0.163904 0.919831
vt 0.177657 0.919831
vt 0.177657 0.933584
vt 0.163904 0.933584
vt 0.163904 0.919831
vt 0.163904 0.933584
vt 0.177657 0.919831
vt 0.163904 0.919831
vt 0.177657 0.933584
vt 0.177657 0.919831
vt 0.177657 0.919831
vt 0.163904 0.919831
vt 0.177657 0.933584
vt 0.163904 0.919831
vt 0.177657 0.933584
vt 0.163904 0.933584
vt 0.177657 0.919831
vt 0.163904 0.919831
vt 0.177657 0.933584
vt 0.163904 0.933584
vt 0.177657 0.933584
vt 0.163904 0.933584
vt 0.177657 0.919831
vt 0.163904 0.919831
vt 0.177657 0.933584
vt 0.163904 0.933584
vt 0.163904 0.919831
vt 0.177657 0.933584
vt 0.163904 0.933584
vt 0.177657 0.933584
vt 0.177657 0.919831
vt 0.163904 0.919831
vt 0.163904 0.933584
vt 0.177657 0.919831
vt 0.177657 0.933584
vt 0.163904 0.933584
vt 0.177657 0.919831
vt 0.163904 0.919831
vt 0.177657 0.933584
vt 0.177657 0.919831
vt 0.163904 0.919831
vt 0.177657 0.933584
vt 0.163904 0.933584
vt 0.177657 0.919831
vt 0.163904 0.919831
vt 0.163904 0.933584
vt 0.177657 0.919831
vt 0.163904 0.919831
vt 0.177657 0.933584
vt 0.177657 0.919831
vt 0.163904 0.919831
vt 0.163904 0.933584
vt 0.177657 0.933584
vt 0.163904 0.919831
vt 0.177657 0.933584
vt 0.163904 0.933584
vt 0.163904 0.933584
vt 0.177657 0.919831
vt 0.163904 0.919831
vt 0.177657 0.933584
vt 0.163904 0.933584
vt 0.177657 0.919831
vt 0.163904 0.919831
vt 0.177657 0.933584
vt 0.163904 0.933584
vt 0.163904 0.919831
vt 0.177657 0.933584
vt 0.177657 0.919831
vt 0.177657 0.933584
vt 0.163904 0.933584
vt 0.177657 0.919831
vt 0.163904 0.933584
vt 0.177657 0.919831
vt 0.163904 0.919831
vt 0.177657 0.933584
vt 0.177657 0.919831
vt 0.163904 0.919831
vt 0.177657 0.933584
vt 0.163904 0.933584
vt 0.177657 0.933584
vt 0.177657 0.919831
vt 0.163904 0.919831
vt 0.177657 0.933584
vt 0.163904 0.919831
vt 0.163904 0.933584
vt 0.177657 0.919831
vt 0.163904 0.919831
vt 0.177657 0.933584
vt 0.163904 0.933584
vt 0.177657 0.919831
vt 0.163904 0.919831
vt 0.163904 0.933584
vt 0.177657 0.919831
vt 0.177657 0.933584
vt 0.163904 0.933584
vt 0.163904 0.919831
vt 0.177657 0.933584
vt 0.177657 0.919831
vt 0.163904 0.919831
vt 0.163904 0.933584
vt 0.177657 0.933584
vt 0.163904 0.933584
vt 0.177657 0.919831
vt 0.163904 0.919831
vt 0.163904 0.933584
vt 0.177657 0.919831
vt 0.177657 0.933584
vt 0.163904 0.933584
vt 0.177657 0.919831
vt 0.163904 0.919831
vt 0.177657 0.919831
vt 0.177657 0.933584
vt 0.163904 0.933584
vt 0.177657 0.919831
vt 0.163904 0.919831
vt 0.177657 0.933584
vt 0.177657 0.919831
vt 0.177657 0.933584
vt 0.163904 0.933584
vt 0.163904 0.919831
vt 0.177657 0.933584
vt 0.163904 0.933584
vt 0.163904 0.919831
vt 0.177657 0.933584
vt 0.163904 0.933584
vt 0.163904 0.919831
vt 0.177657 0.919831
vt 0.163904 0.919831
vt 0.163904 0.933584
vt 0.177657 0.919831
vt 0.177657 0.919831
vt 0.163904 0.919831
vt 0.177657 0.919831
vt 0.163904 0.919831
vt 0.177657 0.933584
vt 0.163904 0.933584
vt 0.177657 0.919831
vt 0.177657 0.933584
vt 0.163904 0.933584
vt 0.177657 0.919831
vt 0.163904 0.919831
vt 0.163904 0.933584
vt 0.177657 0.919831
vt 0.163904 0.919831
vt 0.177657 0.919831
vt 0.163904 0.919831
vt 0.177657 0.933584
vt 0.163904 0.933584
vt 0.163904 0.919831
vt 0.177657 0.919831
vt 0.177657 0.933584
vt 0.163904 0.919831
vt 0.177657 0.933584
vt 0.177657 0.919831
vt 0.163904 0.919831
vt 0.177657 0.933584
vt 0.163904 0.933584
vt 0.163904 0.919831
vt 0.177657 0.933584
vt 0.177657 0.919831
vt 0.177657 0.933584
vt 0.163904 0.933584
vt 0.177657 0.919831
vt 0.163904 0.933584
vt 0.177657 0.919831
vt 0.163904 0.919831
vt 0.177657 0.933584
vt 0.177657 0.919831
vt 0.163904 0.919831
vt 0.177657 0.933584
vt 0.163904 0.919831
vt 0.177657 0.933584
vt 0.163904 0.933584
vt 0.177657 0.919831
vt 0.163904 0.919831
vt 0.177657 0.933584
vt 0.163904 0.933584
vt 0.177657 0.933584
vt 0.163904 0.933584
vt 0.177657 0.919831
vt 0.163904 0.919831
vt 0.177657 0.933584
vt 0.163904 0.933584
vt 0.163904 0.919831
vt 0.177657 0.933584
vt 0.163904 0.933584
vt 0.177657 0.933584
vt 0.177657 0.919831
vt 0.163904 0.919831
vt 0.163904 0.933584
vt 0.177657 0.919831
vt 0.177657 0.933584
vt 0.163904 0.933584
vt 0.177657 0.919831
vt 0.163904 0.919831
vt 0.177657 0.933584
vt 0.177657 0.919831
vt 0.163904 0.919831
vt 0.177657 0.933584
vt 0.163904 0.933584
vt 0.177657 0.919831
vt 0.163904 0.919831
vt 0.163904 0.933584
vt 0.177657 0.919831
vt 0.163904 0.919831
vt 0.177657 0.933584
vt 0.177657 0.919831
vt 0.163904 0.919831
vt 0.163904 0.933584
vt 0.177657 0.933584
vt 0.177657 0.919831
vt 0.163904 0.919831
vt 0.177657 0.933584
vt 0.163904 0.933584
vt 0.163904 0.933584
vt 0.177657 0.919831
vt 0.163904 0.919831
vt 0.177657 0.933584
vt 0.163904 0.933584
vt 0.177657 0.919831
vt 0.163904 0.919831
vt 0.177657 0.933584
vt 0.163904 0.933584
vt 0.163904 0.919831
vt 0.177657 0.933584
vt 0.177657 0.919831
vt 0.177657 0.933584
vt 0.163904 0.933584
vt 0.177657 0.919831
vt 0.163904 0.919831
vt 0.163904 0.933584
vt 0.177657 0.919831
vt 0.163904 0.919831
vt 0.177657 0.933584
vt 0.177657 0.919831
vt 0.163904 0.919831
vt 0.177657 0.933584
vt 0.163904 0.933584
vt 0.177657 0.933584
vt 0.177657 0.919831
vt 0.163904 0.919831
vt 0.177657 0.933584
vt 0.163904 0.919831
vt 0.163904 0.933584
vt 0.177657 0.919831
vt 0.163904 0.919831
vt 0.177657 0.933584
vt 0.163904 0.933584
vt 0.177657 0.919831
vt 0.163904 0.919831
vt 0.163904 0.933584
vt 0.177657 0.919831
vt 0.163904 0.919831
vt 0.177657 0.933584
vt 0.177657 0.919831
vt 0.163904 0.919831
vt 0.177657 0.933584
vt 0.163904 0.933584
vt 0.163904 0.919831
vt 0.177657 0.933584
vt 0.163904 0.933584
vt 0.177657 0.933584
vt 0.163904 0.933584
vt 0.177657 0.919831
vt 0.163904 0.919831
vt 0.163904 0.933584
vt 0.177657 0.919831
vt 0.177657 0.933584
vt 0.163904 0.933584
vt 0.177657 0.919831
vt 0.163904 0.919831
vt 0.177657 0.933584
vt 0.163904 0.933584
vt 0.177657 0.919831
vt 0.163904 0.919831
vt 0.177657 0.933584
vt 0.163904 0.933584
vt 0.163904 0.919831
vt 0.177657 0.933584
vt 0.177657 0.919831
vt 0.177657 0.933584
vt 0.163904 0.933584
vt 0.163904 0.919831
vt 0.177657 0.933584
vt 0.163904 0.933584
vt 0.163904 0.919831
vt 0.177657 0.919831
vt 0.163904 0.919831
vt 0.163904 0.933584
vt 0.177657 0.919831
vt 0.177657 0.919831
vt 0.177657 0.933584
vt 0.163904 0.919831
vt 0.177657 0.919831
vt 0.177657 0.919831
vt 0.177657 0.933584
vt 0.163904 0.919831
vt 0.177657 0.919831
vt 0.163904 0.919831
vt 0.177657 0.933584
vt 0.163904 0.933584
vt 0.177657 0.919831
vt 0.177657 0.933584
vt 0.163904 0.933584
vt 0.177657 0.919831
vt 0.163904 0.919831
vt 0.163904 0.933584
vt 0.177657 0.919831
vt 0.163904 0.919831
vt 0.177657 0.919831
vt 0.163904 0.919831
vt 0.177657 0.933584
vt 0.163904 0.933584
vt 0.163904 0.919831
vt 0.177657 0.919831
vt 0.177657 0.933584
vt 0.163904 0.919831
vt 0.177657 0.933584
vt 0.177657 0.919831
vt 0.163904 0.919831
vt 0.177657 0.933584
vt 0.177657 0.919831
vt 0.177657 0.933584
vt 0.163904 0.933584
vt 0.163904 0.919831
vt 0.177657 0.933584
vt 0.177657 0.919831
vt 0.163904 0.933584
vt 0.177657 0.919831
vt 0.163904 0.919831
vt 0.177657 0.933584
vt 0.177657 0.919831
vt 0.163904 0.919831
vt 0.177657 0.933584
vt 0.163904 0.933584
vt 0.177657 0.919831
vt 0.163904 0.919831
vt 0.177657 0.933584
vt 0.163904 0.933584
vt 0.177657 0.933584
vt 0.163904 0.933584
vt 0.177657 0.919831
vt 0.163904 0.919831
vt 0.177657 0.933584
vt 0.163904 0.933584
vt 0.163904 0.919831
vt 0.177657 0.933584
vt 0.163904 0.933584
vt 0.163904 0.919831
vt 0.177657 0.933584
vt 0.177657 0.919831
vt 0.163904 0.919831
vt 0.177657 0.933584
vt 0.163904 0.933584
vt 0.177657 0.919831
vt 0.163904 0.919831
vt 0.177657 0.933584
vt 0.177657 0.919831
vt 0.177657 0.933584
vt 0.163904 0.933584
vt 0.177657 0.919831
vt 0.163904 0.933584
vt 0.177657 0.919831
vt 0.163904 0.919831
vt 0.177657 0.933584
vt 0.177657 0.919831
vt 0.163904 0.919831
vt 0.177657 0.933584
vt 0.163904 0.919831
vt 0.177657 0.933584
vt 0.163904 0.933584
vt 0.177657 0.919831
vt 0.163904 0.919831
vt 0.177657 0.933584
vt 0.163904 0.933584
vt 0.177657 0.919831
vt 0.163904 0.919831
vt 0.177657 0.933584
vt 0.163904 0.933584
vt 0.177657 0.919831
vt 0.163904 0.919831
vt 0.177657 0.933584
vt 0.163904 0.933584
vt 0.163904 0.919831
vt 0.177657 0.933584
vt 0.163904 0.933584
vt 0.177657 0.919831
vt 0.163904 0.919831
vt 0.177657 0.933584
vt 0.163904 0.933584
vt 0.177657 0.919831
vt 0.163904 0.919831
vt 0.177657 0.933584
vt 0.163904 0.933584
vt 0.177657 0.919831
vt 0.163904 0.919831
vt 0.177657 0.933584
vt 0.163904 0.933584
vt 0.177657 0.919831
vt 0.163904 0.919831
vt 0.177657 0.933584
vt 0.177657 0.919831
vt 0.177657 0.933584
vt 0.163904 0.933584
vt 0.163904 0.919831
vt 0.177657 0.933584
vt 0.177657 0.919831
vt 0.163904 0.933584
vt 0.177657 0.919831
vt 0.163904 0.919831
vt 0.177657 0.933584
vt 0.177657 0.919831
vt 0.177657 0.919831
vt 0.163904 0.919831
vt 0.177657 0.919831
vt 0.177657 0.919831
vt 0.177657 0.933584
vt 0.163904 0.919831
vt 0.177657 0.933584
vt 0.163904 0.933584
vt 0.163904 0.919831
vt 0.177657 0.933584
vt 0.163904 0.933584
vt 0.177657 0.919831
vt 0.163904 0.919831
vt 0.177657 0.933584
vt 0.163904 0.933584
vt 0.177657 0.919831
vt 0.163904 0.919831
vt 0.177657 0.933584
vt 0.163904 0.933584
vt 0.177657 0.919831
vt 0.163904 0.919831
vt 0.177657 0.933584
vt 0.163904 0.919831
vt 0.177657 0.933584
vt 0.163904 0.933584
vt 0.177657 0.919831
vt 0.163904 0.919831
vt 0.177657 0.933584
vt 0.163904 0.933584
vt 0.177657 0.919831
vt 0.163904 0.919831
vt 0.177657 0.933584
vt 0.163904 0.933584
vt 0.177657 0.919831
vt 0.163904 0.919831
vt 0.177657 0.933584
vt 0.163904 0.933584
vt 0.177657 0.919831
vt 0.163904 0.919831
vt 0.177657 0.933584
vt 0.163904 0.933584
vt 0.163904 0.919831
vt 0.177657 0.933584
vt 0.163904 0.933584
vt 0.177657 0.919831
vt 0.163904 0.919831
vt 0.177657 0.933584
vt 0.177657 0.919831
vt 0.177657 0.933584
vt 0.163904 0.933584
vt 0.163904 0.919831
vt 0.177657 0.933584
vt 0.177657 0.919831
vt 0.163904 0.933584
vt 0.177657 0.919831
vt 0.163904 0.919831
vt 0.177657 0.933584
vt 0.177657 0.919831
vt 0.163904 0.919831
vt 0.177657 0.933584
vt 0.163904 0.933584
vt 0.177657 0.919831
vt 0.163904 0.919831
vt 0.177657 0.933584
vt 0.163904 0.933584
vt 0.177657 0.919831
vt 0.163904 0.919831
vt 0.177657 0.933584
vt 0.163904 0.933584
vt 0.177657 0.919831
vt 0.163904 0.919831
vt 0.177657 0.933584
vt 0.163904 0.933584
vt 0.177657 0.919831
vt 0.177657 0.933584
vt 0.163904 0.933584
vt 0.177657 0.919831
vt 0.163904 0.919831
vt 0.177657 0.933584
vt 0.163904 0.933584
vt 0.177657 0.919831
vt 0.177657 0.933584
vt 0.163904 0.933584
vt 0.177657 0.919831
vt 0.163904 0.919831
vt 0.177657 0.933584
vt 0.163904 0.933584
vt 0.177657 0.919831
vt 0.163904 0.919831
vt 0.177657 0.933584
vt 0.163904 0.933584
vt 0.177657 0.919831
vt 0.163904 0.919831
vt 0.177657 0.933584
vt 0.163904 0.933584
vt 0.177657 0.919831
vt 0.163904 0.919831
vt 0.177657 0.933584
vt 0.163904 0.933584
vt 0.163904 0.919831
vt 0.177657 0.933584
vt 0.163904 0.933584
vt 0.177657 0.919831
vt 0.177657 0.933584
vt 0.163904 0.933584
vt 0.177657 0.919831
vt 0.163904 0.919831
vt 0.177657 0.933584
vt 0.177657 0.919831
vt 0.163904 0.919831
vt 0.177657 0.933584
vt 0.163904 0.933584
vt 0.177657 0.919831
vt 0.163904 0.919831
vt 0.177657 0.933584
vt 0.177657 0.919831
vt 0.163904 0.919831
vt 0.177657 0.933584
vt 0.305721 0.327401
vt 0.319474 0.341155
vt 0.305721 0.341155
vt 0.319474 0.327401
vt 0.305721 0.327401
vt 0.319474 0.341155
vt 0.305721 0.341155
vt 0.319474 0.327401
vt 0.305721 0.327401
vt 0.319474 0.341155
vt 0.305721 0.341155
vt 0.319474 0.327401
vt 0.305721 0.327401
vt 0.319474 0.341155
vt 0.305721 0.341155
vt 0.319474 0.327401
vt 0.305721 0.327401
vt 0.319474 0.341155
vt 0.305721 0.341155
vt 0.319474 0.327401
vt 0.305721 0.327401
vt 0.319474 0.341155
vt 0.305721 0.341155
vt 0.319474 0.327401
vt 0.305721 0.327401
vt 0.319474 0.341155
vt 0.305721 0.341155
vt 0.319474 0.327401
vt 0.305721 0.327401
vt 0.319474 0.341155
vt 0.305721 0.341155
vt 0.319474 0.327401
vt 0.305721 0.327401
vt 0.319474 0.341155
vt 0.305721 0.341155
vt 0.319474 0.327401
vt 0.305721 0.327401
vt 0.319474 0.341155
vt 0.305721 0.341155
vt 0.319474 0.327401
vt 0.305721 0.327401
vt 0.319474 0.341155
vt 0.305721 0.341155
vt 0.319474 0.327401
vt 0.305721 0.327401
vt 0.319474 0.341155
vt 0.305721 0.341155
vt 0.319474 0.327401
vt 0.305721 0.327401
vt 0.319474 0.341155
vt 0.305721 0.341155
vt 0.319474 0.327401
vt 0.305721 0.327401
vt 0.319474 0.341155
vt 0.305721 0.341155
vt 0.319474 0.327401
vt 0.625179 0.413273
vt 0.666781 0.460751
vt 0.625179 0.460751
vt 0.666781 0.413273
vt 0.666781 0.363932
vt 0.625179 0.363932
vt 0.666781 0.314591
vt 0.625179 0.314591
vt 0.625179 0.267113
vt 0.666781 0.267113
vt 0.708384 0.460751
vt 0.708384 0.413273
vt 0.708384 0.363932
vt 0.708384 0.314591
vt 0.708384 0.267113
vt 0.749986 0.460751
vt 0.749986 0.413273
vt 0.749986 0.363932
vt 0.749986 0.314591
vt 0.749986 0.267113
vt 0.791589 0.460751
vt 0.791589 0.413273
vt 0.791589 0.363932
vt 0.791589 0.314591
vt 0.791589 0.267113
vt 0.833191 0.460751
vt 0.833191 0.413273
vt 0.833191 0.363932
vt 0.833191 0.314591
vt 0.833191 0.267113
vt 0.874794 0.460751
vt 0.874794 0.413273
vt 0.874794 0.363932
vt 0.874794 0.314591
vt 0.874794 0.267113
vt 0.916396 0.460751
vt 0.916396 0.413273
vt 0.916396 0.363932
vt 0.916396 0.314591
vt 0.916396 0.267113
vt 0.957999 0.460751
vt 0.957999 0.413273
vt 0.957999 0.363932
vt 0.957999 0.314591
vt 0.957999 0.267113
vt 0.999601 0.460751
vt 0.999601 0.413273
vt 0.999601 0.363932
vt 0.999601 0.314591
vt 0.999601 0.267113
vt 0.042744 0.460751
vt 0.001141 0.413273
vt 0.042744 0.413273
vt 0.001141 0.460751
vt 0.042744 0.363932
vt 0.001141 0.363932
vt 0.042744 0.314591
vt 0.001142 0.314591
vt 0.001142 0.267113
vt 0.042744 0.267113
vt 0.084346 0.460751
vt 0.084346 0.413273
vt 0.084346 0.363932
vt 0.084347 0.314591
vt 0.084347 0.267113
vt 0.125949 0.460751
vt 0.125949 0.413273
vt 0.125949 0.363932
vt 0.125949 0.314591
vt 0.125949 0.267113
vt 0.167551 0.460751
vt 0.167551 0.413273
vt 0.167552 0.363932
vt 0.167552 0.314591
vt 0.167552 0.267113
vt 0.209154 0.460751
vt 0.209154 0.413273
vt 0.209154 0.363932
vt 0.209154 0.314591
vt 0.209154 0.267113
vt 0.250756 0.460751
vt 0.250756 0.413273
vt 0.250757 0.363932
vt 0.250757 0.314591
vt 0.250757 0.267113
vt 0.292359 0.460751
vt 0.292359 0.413273
vt 0.292359 0.363932
vt 0.292359 0.314591
vt 0.29236 0.267113
vt 0.333961 0.460751
vt 0.333962 0.413273
vt 0.333962 0.363932
vt 0.333962 0.314591
vt 0.333962 0.267113
vt 0.375564 0.460751
vt 0.375564 0.413273
vt 0.375564 0.363932
vt 0.375564 0.314591
vt 0.375565 0.267113
vt 0.417166 0.460751
vt 0.417166 0.413273
vt 0.417167 0.363932
vt 0.417167 0.314591
vt 0.417167 0.267113
vt 0.458769 0.460751
vt 0.458769 0.413273
vt 0.458769 0.363932
vt 0.458769 0.314591
vt 0.45877 0.267113
vt 0.500371 0.460751
vt 0.500372 0.413273
vt 0.500372 0.363932
vt 0.500372 0.314591
vt 0.500372 0.267113
vt 0.541974 0.460751
vt 0.541974 0.413273
vt 0.541974 0.363932
vt 0.541975 0.314591
vt 0.541975 0.267113
vt 0.583576 0.460751
vt 0.583577 0.413273
vt 0.583577 0.363932
vt 0.583577 0.314591
vt 0.583577 0.267113
vt 0.205351 0.035386
vt 0.193604 0.047133
vt 0.193604 0.035386
vt 0.205351 0.047133
vt 0.195496 0.03778
vt 0.195965 0.038902
vt 0.20024 0.03712
vt 0.195206 0.037084
vt 0.194916 0.036388
vt 0.198724 0.033483
vt 0.194448 0.035266
vt 0.194916 0.036388
vt 0.195206 0.037084
vt 0.195496 0.03778
vt 0.20024 0.03712
vt 0.195965 0.038902
vt 0.196433 0.040025
vt 0.196723 0.040721
vt 0.197013 0.041417
vt 0.201756 0.040757
vt 0.197481 0.042539
vt 0.197013 0.041417
vt 0.196723 0.040721
vt 0.196433 0.040025
vt 0.074378 0.184338
vt 0.060249 0.150228
vt 0.048271 0.158231
vt 0.074378 0.147418
vt 0.088506 0.150228
vt 0.100484 0.158231
vt 0.108487 0.170209
vt 0.111298 0.184338
vt 0.108487 0.198467
vt 0.100484 0.210444
vt 0.088506 0.218448
vt 0.074377 0.221258
vt 0.060249 0.218448
vt 0.048271 0.210444
vt 0.040267 0.198467
vt 0.037457 0.184338
vt 0.040268 0.170209
vt 0.02534 0.135301
vt 0.010308 0.157799
vt 0.005029 0.184338
vt 0.010307 0.210876
vt 0.02534 0.233375
vt 0.047839 0.248408
vt 0.074377 0.253687
vt 0.100916 0.248408
vt 0.123414 0.233375
vt 0.138447 0.210877
vt 0.143726 0.184338
vt 0.138447 0.157799
vt 0.123415 0.135301
vt 0.100916 0.120268
vt 0.074378 0.114989
vt 0.047839 0.120268
vt 0.199832 0.340498
vt 0.208892 0.349558
vt 0.199832 0.349558
vt 0.208892 0.340498
vt 0.199832 0.340498
vt 0.208892 0.349558
vt 0.208892 0.340498
vt 0.199832 0.340498
vt 0.199832 0.349558
vt 0.208892 0.340498
vt 0.199832 0.340498
vt 0.208892 0.349558
vt 0.199832 0.349558
vt 0.208892 0.349558
vt 0.199832 0.349558
vt 0.208892 0.340498
vt 0.199832 0.340498
vt 0.208892 0.349558
vt 0.199832 0.349558
vt 0.208892 0.340498
vt 0.199832 0.340498
vt 0.199832 0.349558
vt 0.208892 0.340498
vt 0.199832 0.340498
vt 0.208892 0.349558
vt 0.208892 0.340498
vt 0.208892 0.349558
vt 0.199832 0.349558
vt 0.208892 0.340498
vt 0.208892 0.349558
vt 0.199832 0.349558
vt 0.208892 0.340498
vt 0.199832 0.340498
vt 0.208892 0.349558
vt 0.199832 0.349558
vt 0.208892 0.340498
vt 0.208892 0.349558
vt 0.199832 0.349558
vt 0.208892 0.340498
vt 0.199832 0.340498
vt 0.208892 0.349558
vt 0.199832 0.349558
vt 0.208892 0.340498
vt 0.208892 0.349558
vt 0.199832 0.349558
vt 0.208892 0.340498
vt 0.199832 0.340498
vt 0.208892 0.349558
vt 0.199832 0.349558
vt 0.208892 0.340498
vt 0.208892 0.349558
vt 0.199832 0.349558
vt 0.208892 0.340498
vt 0.199832 0.340498
vt 0.208892 0.349558
vt 0.199832 0.349558
vt 0.208892 0.340498
vt 0.208892 0.349558
vt 0.199832 0.349558
vt 0.208892 0.340498
vt 0.199832 0.340498
vt 0.208892 0.349558
vt 0.199832 0.349558
vt 0.208892 0.340498
vt 0.208892 0.349558
vt 0.199832 0.349558
vt 0.208892 0.340498
vt 0.199832 0.340498
vt 0.208892 0.349558
vt 0.199832 0.349558
vt 0.208892 0.340498
vt 0.208892 0.349558
vt 0.199832 0.349558
vt 0.208892 0.340498
vt 0.199832 0.340498
vt 0.208892 0.349558
vt 0.199832 0.349558
vt 0.208892 0.340498
vt 0.208892 0.349558
vt 0.199832 0.349558
vt 0.208892 0.340498
vt 0.199832 0.340498
vt 0.208892 0.349558
vt 0.199832 0.349558
vt 0.208892 0.340498
vt 0.208892 0.349558
vt 0.199832 0.349558
vt 0.208892 0.340498
vt 0.199832 0.340498
vt 0.208892 0.349558
vt 0.199832 0.349558
vt 0.208892 0.340498
vt 0.208892 0.349558
vt 0.199832 0.349558
vt 0.208892 0.340498
vt 0.199832 0.340498
vt 0.208892 0.349558
vt 0.199832 0.349558
vt 0.208892 0.340498
vt 0.208892 0.349558
vt 0.199832 0.349558
vt 0.208892 0.340498
vt 0.199832 0.340498
vt 0.208892 0.349558
vt 0.199832 0.349558
vt 0.208892 0.340498
vt 0.208892 0.349558
vt 0.199832 0.349558
vt 0.208892 0.340498
vt 0.199832 0.340498
vt 0.208892 0.349558
vt 0.199832 0.349558
vt 0.208892 0.340498
vt 0.208892 0.349558
vt 0.199832 0.349558
vt 0.208892 0.340498
vt 0.200202 0.083891
vt 0.200985 0.083143
vt 0.200143 0.083789
vt 0.201068 0.083226
vt 0.199162 0.084195
vt 0.199193 0.084309
vt 0.19811 0.084333
vt 0.19811 0.084452
vt 0.197057 0.084195
vt 0.197027 0.084309
vt 0.196077 0.083789
vt 0.196018 0.083891
vt 0.195235 0.083143
vt 0.195151 0.083226
vt 0.194589 0.0823
vt 0.194486 0.08236
vt 0.194182 0.08132
vt 0.194068 0.08135
vt 0.194044 0.080268
vt 0.193925 0.080268
vt 0.194182 0.079215
vt 0.194068 0.079185
vt 0.194589 0.078235
vt 0.194486 0.078175
vt 0.195235 0.077393
vt 0.195151 0.077309
vt 0.196077 0.076746
vt 0.196018 0.076644
vt 0.197057 0.07634
vt 0.197027 0.076226
vt 0.19811 0.076202
vt 0.19811 0.076083
vt 0.199162 0.07634
vt 0.199193 0.076226
vt 0.200143 0.076746
vt 0.200202 0.076644
vt 0.200985 0.077393
vt 0.201068 0.077309
vt 0.201631 0.078235
vt 0.201733 0.078175
vt 0.202037 0.079215
vt 0.202151 0.079185
vt 0.202175 0.080268
vt 0.202294 0.080268
vt 0.202037 0.08132
vt 0.202151 0.08135
vt 0.201631 0.0823
vt 0.201733 0.08236
vt 0.201611 0.082289
vt 0.200969 0.083127
vt 0.20172 0.082352
vt 0.202015 0.081314
vt 0.202136 0.081346
vt 0.202153 0.080268
vt 0.202278 0.080268
vt 0.202015 0.079221
vt 0.202136 0.079189
vt 0.201611 0.078246
vt 0.20172 0.078183
vt 0.200969 0.077409
vt 0.201057 0.07732
vt 0.200131 0.076766
vt 0.200194 0.076657
vt 0.199156 0.076362
vt 0.199189 0.076241
vt 0.19811 0.076224
vt 0.19811 0.076099
vt 0.197063 0.076362
vt 0.197031 0.076241
vt 0.196088 0.076766
vt 0.196025 0.076657
vt 0.195251 0.077409
vt 0.195162 0.07732
vt 0.194608 0.078246
vt 0.1945 0.078183
vt 0.194204 0.079221
vt 0.194083 0.079189
vt 0.194066 0.080268
vt 0.193941 0.080268
vt 0.194204 0.081314
vt 0.194083 0.081346
vt 0.194608 0.082289
vt 0.1945 0.082352
vt 0.195251 0.083127
vt 0.195162 0.083215
vt 0.196088 0.083769
vt 0.196025 0.083878
vt 0.197063 0.084173
vt 0.197031 0.084294
vt 0.19811 0.084311
vt 0.19811 0.084436
vt 0.199156 0.084173
vt 0.199189 0.084294
vt 0.200131 0.083769
vt 0.200194 0.083878
vt 0.201057 0.083215
vt 0.113546 0.067329
vt 0.118029 0.063753
vt 0.113546 0.063206
vt 0.118029 0.068103
vt 0.122689 0.06834
vt 0.122689 0.06392
vt 0.127348 0.068103
vt 0.127348 0.063753
vt 0.131832 0.063206
vt 0.131832 0.067329
vt 0.131832 0.058404
vt 0.127348 0.058687
vt 0.122689 0.058774
vt 0.118029 0.058687
vt 0.113546 0.058403
vt 0.131832 0.05325
vt 0.127348 0.05325
vt 0.122689 0.05325
vt 0.118029 0.05325
vt 0.113546 0.05325
vt 0.131832 0.048097
vt 0.127348 0.047814
vt 0.122689 0.047727
vt 0.118029 0.047813
vt 0.113546 0.048097
vt 0.131832 0.043295
vt 0.127348 0.042747
vt 0.122689 0.04258
vt 0.118029 0.042747
vt 0.113546 0.043295
vt 0.131832 0.039171
vt 0.127348 0.038397
vt 0.122689 0.03816
vt 0.118029 0.038397
vt 0.113546 0.039171
vt 0.131832 0.036007
vt 0.127348 0.035059
vt 0.122689 0.034768
vt 0.118029 0.035059
vt 0.113546 0.036007
vt 0.131832 0.034017
vt 0.127348 0.03296
vt 0.122689 0.032636
vt 0.118029 0.03296
vt 0.113546 0.034017
vt 0.131832 0.033339
vt 0.127348 0.032245
vt 0.122689 0.031909
vt 0.118029 0.032245
vt 0.113546 0.033339
vt 0.131832 0.034017
vt 0.127348 0.03296
vt 0.122689 0.032636
vt 0.118029 0.03296
vt 0.113546 0.034017
vt 0.131832 0.036007
vt 0.127348 0.035059
vt 0.122689 0.034768
vt 0.118029 0.035059
vt 0.113546 0.036007
vt 0.131832 0.039171
vt 0.127348 0.038397
vt 0.122689 0.03816
vt 0.118029 0.038397
vt 0.113546 0.039171
vt 0.131832 0.043295
vt 0.127348 0.042747
vt 0.122689 0.04258
vt 0.118029 0.042747
vt 0.113546 0.043295
vt 0.131832 0.048097
vt 0.127348 0.047813
vt 0.122689 0.047727
vt 0.118029 0.047813
vt 0.113546 0.048097
vt 0.131832 0.05325
vt 0.127348 0.05325
vt 0.122689 0.05325
vt 0.118029 0.05325
vt 0.113546 0.05325
vt 0.131832 0.058403
vt 0.127348 0.058687
vt 0.122689 0.058773
vt 0.118029 0.058687
vt 0.113546 0.058403
vt 0.131832 0.063206
vt 0.127348 0.063753
vt 0.122689 0.06392
vt 0.118029 0.063753
vt 0.113546 0.063206
vt 0.131832 0.067329
vt 0.127348 0.068103
vt 0.122689 0.06834
vt 0.118029 0.068103
vt 0.113546 0.067329
vt 0.131832 0.070494
vt 0.127348 0.071441
vt 0.122689 0.071732
vt 0.118029 0.071441
vt 0.113546 0.070494
vt 0.131832 0.072483
vt 0.127348 0.07354
vt 0.122689 0.073864
vt 0.118029 0.07354
vt 0.113546 0.072483
vt 0.131832 0.073161
vt 0.127348 0.074255
vt 0.122689 0.074591
vt 0.118029 0.074255
vt 0.113546 0.073161
vt 0.131832 0.072483
vt 0.127348 0.07354
vt 0.122689 0.073864
vt 0.118029 0.07354
vt 0.113546 0.072483
vt 0.131832 0.070494
vt 0.127348 0.071441
vt 0.122689 0.071732
vt 0.118029 0.071441
vt 0.113546 0.070494
vt 0.199832 0.340498
vt 0.208892 0.349558
vt 0.199832 0.349558
vt 0.208892 0.340498
vt 0.208892 0.349558
vt 0.199832 0.349558
vt 0.208892 0.340498
vt 0.199832 0.340498
vt 0.208892 0.349558
vt 0.199832 0.349558
vt 0.208892 0.340498
vt 0.208892 0.349558
vt 0.199832 0.349558
vt 0.208892 0.340498
vt 0.199832 0.340498
vt 0.208892 0.349558
vt 0.199832 0.349558
vt 0.208892 0.340498
vt 0.208892 0.349558
vt 0.199832 0.349558
vt 0.208892 0.340498
vt 0.199832 0.340498
vt 0.208892 0.349558
vt 0.199832 0.349558
vt 0.208892 0.340498
vt 0.208892 0.349558
vt 0.199832 0.349558
vt 0.208892 0.340498
vt 0.199832 0.340498
vt 0.208892 0.349558
vt 0.199832 0.349558
vt 0.208892 0.340498
vt 0.208892 0.349558
vt 0.199832 0.349558
vt 0.208892 0.340498
vt 0.199832 0.340498
vt 0.208892 0.349558
vt 0.199832 0.349558
vt 0.208892 0.340498
vt 0.208892 0.349558
vt 0.199832 0.349558
vt 0.208892 0.340498
vt 0.199832 0.340498
vt 0.208892 0.349558
vt 0.199832 0.349558
vt 0.208892 0.340498
vt 0.208892 0.349558
vt 0.199832 0.349558
vt 0.208892 0.340498
vt 0.199832 0.340498
vt 0.208892 0.349558
vt 0.199832 0.349558
vt 0.208892 0.340498
vt 0.208892 0.349558
vt 0.199832 0.349558
vt 0.208892 0.340498
vt 0.199832 0.340498
vt 0.208892 0.349558
vt 0.199832 0.349558
vt 0.208892 0.340498
vt 0.208892 0.349558
vt 0.199832 0.349558
vt 0.208892 0.340498
vt 0.199832 0.340498
vt 0.208892 0.349558
vt 0.199832 0.349558
vt 0.208892 0.340498
vt 0.208892 0.349558
vt 0.199832 0.349558
vt 0.208892 0.340498
vt 0.199832 0.340498
vt 0.208892 0.349558
vt 0.199832 0.349558
vt 0.208892 0.340498
vt 0.208892 0.349558
vt 0.199832 0.349558
vt 0.208892 0.340498
vt 0.199832 0.340498
vt 0.208892 0.349558
vt 0.199832 0.349558
vt 0.208892 0.340498
vt 0.208892 0.349558
vt 0.199832 0.349558
vt 0.208892 0.340498
vt 0.199832 0.340498
vt 0.208892 0.349558
vt 0.199832 0.349558
vt 0.208892 0.340498
vt 0.208892 0.349558
vt 0.199832 0.349558
vt 0.208892 0.340498
vt 0.199832 0.340498
vt 0.208892 0.349558
vt 0.199832 0.349558
vt 0.208892 0.340498
vt 0.208892 0.349558
vt 0.199832 0.349558
vt 0.208892 0.340498
vt 0.199832 0.340498
vt 0.208892 0.349558
vt 0.199832 0.349558
vt 0.208892 0.340498
vt 0.208892 0.349558
vt 0.199832 0.349558
vt 0.208892 0.340498
vt 0.199832 0.340498
vt 0.208892 0.349558
vt 0.199832 0.349558
vt 0.208892 0.340498
vt 0.208892 0.349558
vt 0.199832 0.349558
vt 0.208892 0.340498
vt 0.199832 0.340498
vt 0.208892 0.349558
vt 0.199832 0.349558
vt 0.208892 0.340498
vt 0.208892 0.349558
vt 0.199832 0.349558
vt 0.208892 0.340498
vt 0.199832 0.340498
vt 0.208892 0.349558
vt 0.199832 0.349558
vt 0.208892 0.340498
vt 0.208892 0.349558
vt 0.199832 0.349558
vt 0.208892 0.340498
vt 0.199832 0.340498
vt 0.208892 0.349558
vt 0.199832 0.349558
vt 0.208892 0.340498
vt 0.208892 0.349558
vt 0.199832 0.349558
vt 0.208892 0.340498
vt 0.199832 0.340498
vt 0.208892 0.349558
vt 0.199832 0.349558
vt 0.208892 0.340498
vt 0.208892 0.349558
vt 0.199832 0.349558
vt 0.208892 0.340498
vt 0.199832 0.340498
vt 0.208892 0.349558
vt 0.199832 0.349558
vt 0.208892 0.340498
vt 0.208892 0.349558
vt 0.199832 0.349558
vt 0.208892 0.340498
vt 0.199832 0.340498
vt 0.208892 0.349558
vt 0.199832 0.349558
vt 0.208892 0.340498
vt 0.208892 0.349558
vt 0.199832 0.349558
vt 0.208892 0.340498
vt 0.199832 0.340498
vt 0.208892 0.349558
vt 0.199832 0.349558
vt 0.208892 0.340498
vt 0.208892 0.349558
vt 0.199832 0.349558
vt 0.208892 0.340498
vt 0.199832 0.340498
vt 0.208892 0.349558
vt 0.199832 0.349558
vt 0.208892 0.340498
vt 0.199832 0.340498
vt 0.208892 0.349558
vt 0.199832 0.349558
vt 0.199832 0.340498
vt 0.208892 0.349558
vt 0.199832 0.349558
vt 0.208892 0.340498
vt 0.199832 0.340498
vt 0.208892 0.349558
vt 0.199832 0.349558
vt 0.208892 0.340498
vt 0.199832 0.340498
vt 0.208892 0.349558
vt 0.199832 0.349558
vt 0.208892 0.340498
vt 0.199832 0.340498
vt 0.208892 0.349558
vt 0.199832 0.349558
vt 0.208892 0.340498
vt 0.199832 0.340498
vt 0.208892 0.349558
vt 0.199832 0.349558
vt 0.208892 0.340498
vt 0.199832 0.340498
vt 0.208892 0.349558
vt 0.199832 0.349558
vt 0.208892 0.340498
vt 0.199832 0.340498
vt 0.208892 0.349558
vt 0.199832 0.349558
vt 0.208892 0.340498
vt 0.199832 0.340498
vt 0.208892 0.349558
vt 0.199832 0.349558
vt 0.208892 0.340498
vt 0.199832 0.340498
vt 0.208892 0.349558
vt 0.199832 0.349558
vt 0.208892 0.340498
vt 0.199832 0.340498
vt 0.208892 0.349558
vt 0.199832 0.349558
vt 0.208892 0.340498
vt 0.199832 0.340498
vt 0.208892 0.349558
vt 0.199832 0.349558
vt 0.208892 0.340498
vt 0.199832 0.340498
vt 0.208892 0.349558
vt 0.199832 0.349558
vt 0.208892 0.340498
vt 0.199832 0.340498
vt 0.208892 0.349558
vt 0.199832 0.349558
vt 0.208892 0.340498
vt 0.199832 0.340498
vt 0.208892 0.349558
vt 0.199832 0.349558
vt 0.208892 0.340498
vt 0.024043 0.163489
vt 0.042161 0.152121
vt 0.042161 0.172009
vt 0.035853 0.145813
vt 0.019896 0.184338
vt 0.042161 0.184338
vt 0.024043 0.205187
vt 0.042161 0.196667
vt 0.035853 0.222862
vt 0.042161 0.216554
vt 0.053528 0.234672
vt 0.062049 0.216554
vt 0.074378 0.23882
vt 0.074378 0.216554
vt 0.095227 0.234672
vt 0.086706 0.216554
vt 0.112902 0.222862
vt 0.106594 0.216554
vt 0.124712 0.205187
vt 0.106594 0.196667
vt 0.128859 0.184338
vt 0.106594 0.184338
vt 0.124712 0.163489
vt 0.106594 0.172009
vt 0.112902 0.145813
vt 0.106594 0.152121
vt 0.095227 0.134003
vt 0.086706 0.152121
vt 0.074378 0.129856
vt 0.074378 0.152121
vt 0.053528 0.134003
vt 0.062049 0.152121
vt 0.199832 0.340498
vt 0.208892 0.349558
vt 0.199832 0.349558
vt 0.208892 0.340498
vt 0.199832 0.340498
vt 0.199832 0.349558
vt 0.208892 0.340498
vt 0.199832 0.340498
vt 0.208892 0.349558
vt 0.199832 0.349558
vt 0.208892 0.340498
vt 0.199832 0.340498
vt 0.208892 0.349558
vt 0.199832 0.349558
vt 0.199832 0.340498
vt 0.208892 0.349558
vt 0.199832 0.349558
vt 0.208892 0.340498
vt 0.199832 0.340498
vt 0.208892 0.349558
vt 0.199832 0.349558
vt 0.199832 0.340498
vt 0.208892 0.349558
vt 0.199832 0.349558
vt 0.208892 0.340498
vt 0.199832 0.340498
vt 0.208892 0.349558
vt 0.199832 0.349558
vt 0.199832 0.340498
vt 0.208892 0.349558
vt 0.199832 0.349558
vt 0.208892 0.340498
vt 0.199832 0.340498
vt 0.208892 0.349558
vt 0.199832 0.349558
vt 0.199832 0.340498
vt 0.208892 0.349558
vt 0.199832 0.349558
vt 0.208892 0.340498
vt 0.199832 0.340498
vt 0.208892 0.349558
vt 0.199832 0.349558
vt 0.199832 0.340498
vt 0.208892 0.349558
vt 0.199832 0.349558
vt 0.208892 0.340498
vt 0.199832 0.340498
vt 0.208892 0.349558
vt 0.199832 0.349558
vt 0.199832 0.340498
vt 0.208892 0.349558
vt 0.199832 0.349558
vt 0.208892 0.340498
vt 0.199832 0.340498
vt 0.208892 0.349558
vt 0.199832 0.349558
vt 0.199832 0.340498
vt 0.208892 0.349558
vt 0.199832 0.349558
vt 0.208892 0.340498
vt 0.199832 0.340498
vt 0.208892 0.349558
vt 0.199832 0.349558
vt 0.199832 0.340498
vt 0.208892 0.349558
vt 0.199832 0.349558
vt 0.208892 0.340498
vt 0.199832 0.340498
vt 0.208892 0.349558
vt 0.199832 0.349558
vt 0.199832 0.340498
vt 0.208892 0.349558
vt 0.199832 0.349558
vt 0.208892 0.340498
vt 0.199832 0.340498
vt 0.208892 0.349558
vt 0.199832 0.349558
vt 0.199832 0.340498
vt 0.208892 0.349558
vt 0.199832 0.349558
vt 0.208892 0.340498
vt 0.199832 0.340498
vt 0.208892 0.349558
vt 0.199832 0.349558
vt 0.199832 0.340498
vt 0.208892 0.349558
vt 0.199832 0.349558
vt 0.208892 0.340498
vt 0.199832 0.340498
vt 0.208892 0.349558
vt 0.199832 0.349558
vt 0.199832 0.340498
vt 0.208892 0.349558
vt 0.199832 0.349558
vt 0.208892 0.340498
vt 0.199832 0.340498
vt 0.208892 0.349558
vt 0.199832 0.349558
vt 0.199832 0.340498
vt 0.208892 0.349558
vt 0.199832 0.349558
vt 0.208892 0.340498
vt 0.199832 0.340498
vt 0.208892 0.349558
vt 0.199832 0.349558
vt 0.199832 0.340498
vt 0.208892 0.349558
vt 0.199832 0.349558
vt 0.208892 0.340498
vt 0.199832 0.340498
vt 0.208892 0.349558
vt 0.199832 0.349558
vt 0.199832 0.340498
vt 0.208892 0.349558
vt 0.199832 0.349558
vt 0.208892 0.340498
vt 0.199832 0.340498
vt 0.208892 0.349558
vt 0.199832 0.349558
vt 0.199832 0.340498
vt 0.208892 0.349558
vt 0.199832 0.349558
vt 0.208892 0.340498
vt 0.199832 0.340498
vt 0.208892 0.349558
vt 0.199832 0.349558
vt 0.199832 0.340498
vt 0.208892 0.349558
vt 0.199832 0.349558
vt 0.208892 0.340498
vt 0.199832 0.340498
vt 0.208892 0.349558
vt 0.199832 0.349558
vt 0.199832 0.340498
vt 0.208892 0.349558
vt 0.199832 0.349558
vt 0.208892 0.340498
vt 0.199832 0.340498
vt 0.208892 0.349558
vt 0.199832 0.349558
vt 0.199832 0.340498
vt 0.208892 0.349558
vt 0.199832 0.349558
vt 0.208892 0.340498
vt 0.199832 0.340498
vt 0.208892 0.349558
vt 0.199832 0.349558
vt 0.199832 0.340498
vt 0.208892 0.349558
vt 0.199832 0.349558
vt 0.208892 0.340498
vt 0.199832 0.340498
vt 0.208892 0.349558
vt 0.199832 0.349558
vt 0.199832 0.340498
vt 0.208892 0.349558
vt 0.199832 0.349558
vt 0.208892 0.340498
vt 0.199832 0.340498
vt 0.208892 0.349558
vt 0.199832 0.349558
vt 0.199832 0.340498
vt 0.208892 0.349558
vt 0.199832 0.349558
vt 0.208892 0.340498
vt 0.199832 0.340498
vt 0.208892 0.349558
vt 0.208892 0.340498
vt 0.163904 0.919831
vt 0.177657 0.933584
vt 0.177657 0.919831
vt 0.163904 0.919831
vt 0.177657 0.919831
vt 0.305721 0.327401
vt 0.319474 0.327401
vt 0.319474 0.341155
vt 0.319474 0.327401
vt 0.319474 0.341155
vt 0.305721 0.327401
vt 0.319474 0.327401
vt 0.319474 0.327401
vt 0.319474 0.341155
f 845/845/845 844/844/844 846/846/846
f 847/847/847 844/844/844 845/845/845
f 849/849/849 848/848/848 846/846/846
f 850/850/850 848/848/848 849/849/849
f 847/847/847 848/848/848 851/851/851
f 851/851/851 848/848/848 852/852/852
f 850/850/850 853/853/853 854/854/854
f 854/854/854 853/853/853 855/855/855
f 850/850/850 856/856/856 857/857/857
f 857/857/857 856/856/856 858/858/858
f 854/854/854 859/859/859 858/858/858
f 860/860/860 859/859/859 854/854/854
f 849/849/849 861/861/861 862/862/862
f 863/863/863 861/861/861 849/849/849
f 865/865/865 864/864/864 866/866/866
f 867/867/867 864/864/864 865/865/865
f 869/869/869 868/868/868 866/866/866
f 870/870/870 868/868/868 869/869/869
f 871/871/871 868/868/868 872/872/872
f 873/873/873 868/868/868 871/871/871
f 871/871/871 874/874/874 875/875/875
f 876/876/876 874/874/874 871/871/871
f 877/877/877 874/874/874 878/878/878
f 879/879/879 874/874/874 877/877/877
f 881/881/881 880/880/880 878/878/878
f 882/882/882 880/880/880 881/881/881
f 882/882/882 883/883/883 884/884/884
f 884/884/884 883/883/883 885/885/885
f 881/881/881 886/886/886 885/885/885
f 887/887/887 886/886/886 881/881/881
f 888/888/888 883/883/883 878/878/878
f 887/887/887 883/883/883 888/888/888
f 884/884/884 889/889/889 890/890/890
f 891/891/891 889/889/889 884/884/884
f 892/892/892 889/889/889 893/893/893
f 894/894/894 889/889/889 892/892/892
f 892/892/892 895/895/895 885/885/885
f 896/896/896 895/895/895 892/892/892
f 898/898/898 897/897/897 893/893/893
f 899/899/899 897/897/897 898/898/898
f 896/896/896 897/897/897 900/900/900
f 900/900/900 897/897/897 901/901/901
f 903/903/903 902/902/902 901/901/901
f 904/904/904 902/902/902 903/903/903
f 903/903/903 897/897/897 905/905/905
f 906/906/906 897/897/897 903/903/903
f 908/908/908 907/907/907 905/905/905
f 909/909/909 907/907/907 908/908/908
f 911/911/911 910/910/910 912/912/912
f 913/913/913 910/910/910 911/911/911
f 914/914/914 910/910/910 915/915/915
f 916/916/916 910/910/910 914/914/914
f 916/916/916 917/917/917 918/918/918
f 918/918/918 917/917/917 919/919/919
f 916/916/916 920/920/920 921/921/921
f 921/921/921 920/920/920 922/922/922
f 916/916/916 923/923/923 924/924/924
f 924/924/924 923/923/923 925/925/925
f 927/927/927 926/926/926 925/925/925
f 928/928/928 926/926/926 927/927/927
f 930/930/930 929/929/929 931/931/931
f 932/932/932 929/929/929 930/930/930
f 934/934/934 933/933/933 932/932/932
f 935/935/935 933/933/933 934/934/934
f 934/934/934 936/936/936 937/937/937
f 938/938/938 936/936/936 934/934/934
f 938/938/938 939/939/939 940/940/940
f 940/940/940 939/939/939 941/941/941
f 929/929/929 942/942/942 943/943/943
f 944/944/944 942/942/942 929/929/929
f 944/944/944 936/936/936 945/945/945
f 945/945/945 936/936/936 946/946/946
f 945/945/945 939/939/939 947/947/947
f 948/948/948 939/939/939 945/945/945
f 950/950/950 949/949/949 951/951/951
f 952/952/952 949/949/949 950/950/950
f 952/952/952 953/953/953 954/954/954
f 954/954/954 953/953/953 955/955/955
f 957/957/957 956/956/956 955/955/955
f 958/958/958 956/956/956 957/957/957
f 959/959/959 949/949/949 960/960/960
f 961/961/961 949/949/949 959/959/959
f 959/959/959 953/953/953 962/962/962
f 950/950/950 963/963/963 962/962/962
f 964/964/964 963/963/963 950/950/950
f 965/965/965 953/953/953 959/959/959
f 964/964/964 966/966/966 967/967/967
f 967/967/967 966/966/966 968/968/968
f 969/969/969 963/963/963 968/968/968
f 970/970/970 963/963/963 969/969/969
f 972/972/972 971/971/971 955/955/955
f 965/965/965 971/971/971 972/972/972
f 969/969/969 973/973/973 974/974/974
f 975/975/975 973/973/973 969/969/969
f 977/977/977 976/976/976 978/978/978
f 979/979/979 976/976/976 977/977/977
f 981/981/981 980/980/980 978/978/978
f 982/982/982 980/980/980 981/981/981
f 981/981/981 983/983/983 984/984/984
f 985/985/985 983/983/983 981/981/981
f 985/985/985 986/986/986 987/987/987
f 987/987/987 986/986/986 988/988/988
f 987/987/987 983/983/983 989/989/989
f 990/990/990 983/983/983 987/987/987
f 982/982/982 991/991/991 992/992/992
f 992/992/992 991/991/991 993/993/993
f 995/995/995 994/994/994 993/993/993
f 979/979/979 994/994/994 995/995/995
f 997/997/997 996/996/996 998/998/998
f 999/999/999 996/996/996 997/997/997
f 996/996/996 1000/1000/1000 1001/1001/1001
f 1002/1002/1002 1000/1000/1000 996/996/996
f 1004/1004/1004 1003/1003/1003 1001/1001/1001
f 1005/1005/1005 1003/1003/1003 1004/1004/1004
f 1002/1002/1002 1006/1006/1006 1004/1004/1004
f 1004/1004/1004 1006/1006/1006 1007/1007/1007
f 1008/1008/1008 1000/1000/1000 1007/1007/1007
f 1005/1005/1005 1000/1000/1000 1008/1008/1008
f 996/996/996 1009/1009/1009 1010/1010/1010
f 1011/1011/1011 1009/1009/1009 996/996/996
f 998/998/998 1009/1009/1009 1012/1012/1012
f 1012/1012/1012 1009/1009/1009 1013/1013/1013
f 1015/1015/1015 1014/1014/1014 1016/1016/1016
f 1017/1017/1017 1014/1014/1014 1015/1015/1015
f 1017/1017/1017 1018/1018/1018 1019/1019/1019
f 1019/1019/1019 1018/1018/1018 1020/1020/1020
f 1022/1022/1022 1021/1021/1021 1020/1020/1020
f 1023/1023/1023 1021/1021/1021 1022/1022/1022
f 1024/1024/1024 1014/1014/1014 1025/1025/1025
f 1026/1026/1026 1014/1014/1014 1024/1024/1024
f 1024/1024/1024 1018/1018/1018 1027/1027/1027
f 1015/1015/1015 1028/1028/1028 1027/1027/1027
f 1029/1029/1029 1028/1028/1028 1015/1015/1015
f 1030/1030/1030 1018/1018/1018 1024/1024/1024
f 1029/1029/1029 1031/1031/1031 1032/1032/1032
f 1032/1032/1032 1031/1031/1031 1033/1033/1033
f 1034/1034/1034 1028/1028/1028 1033/1033/1033
f 1035/1035/1035 1028/1028/1028 1034/1034/1034
f 1037/1037/1037 1036/1036/1036 1020/1020/1020
f 1030/1030/1030 1036/1036/1036 1037/1037/1037
f 1034/1034/1034 1038/1038/1038 1039/1039/1039
f 1040/1040/1040 1038/1038/1038 1034/1034/1034
f 1042/1042/1042 1041/1041/1041 1043/1043/1043
f 1044/1044/1044 1041/1041/1041 1042/1042/1042
f 1042/1042/1042 1045/1045/1045 1046/1046/1046
f 1047/1047/1047 1045/1045/1045 1042/1042/1042
f 1047/1047/1047 1041/1041/1041 1048/1048/1048
f 1048/1048/1048 1041/1041/1041 1049/1049/1049
f 1051/1051/1051 1050/1050/1050 1046/1046/1046
f 1052/1052/1052 1050/1050/1050 1051/1051/1051
f 1047/1047/1047 1053/1053/1053 1051/1051/1051
f 1051/1051/1051 1053/1053/1053 1054/1054/1054
f 1052/1052/1052 1045/1045/1045 1055/1055/1055
f 1044/1044/1044 1056/1056/1056 1057/1057/1057
f 1057/1057/1057 1056/1056/1056 1058/1058/1058
f 1048/1048/1048 1056/1056/1056 1059/1059/1059
f 1060/1060/1060 1056/1056/1056 1048/1048/1048
f 1061/1061/1061 1050/1050/1050 1062/1062/1062
f 1063/1063/1063 1050/1050/1050 1061/1061/1061
f 1065/1065/1065 1064/1064/1064 1055/1055/1055
f 1066/1066/1066 1064/1064/1064 1067/1067/1067
f 1067/1067/1067 1068/1068/1068 1069/1069/1069
f 1070/1070/1070 1068/1068/1068 1067/1067/1067
f 1072/1072/1072 1071/1071/1071 1069/1069/1069
f 1073/1073/1073 1071/1071/1071 1072/1072/1072
f 1074/1074/1074 1071/1071/1071 1075/1075/1075
f 1076/1076/1076 1071/1071/1071 1074/1074/1074
f 1078/1078/1078 1077/1077/1077 1075/1075/1075
f 1079/1079/1079 1077/1077/1077 1078/1078/1078
f 1080/1080/1080 1077/1077/1077 1081/1081/1081
f 1082/1082/1082 1077/1077/1077 1080/1080/1080
f 1072/1072/1072 1083/1083/1083 1084/1084/1084
f 1085/1085/1085 1083/1083/1083 1072/1072/1072
f 1086/1086/1086 1071/1071/1071 1084/1084/1084
f 1087/1087/1087 1071/1071/1071 1086/1086/1086
f 1087/1087/1087 1088/1088/1088 1078/1078/1078
f 1078/1078/1078 1088/1088/1088 1089/1089/1089
f 1091/1091/1091 1090/1090/1090 1089/1089/1089
f 1092/1092/1092 1090/1090/1090 1091/1091/1091
f 1092/1092/1092 1093/1093/1093 1094/1094/1094
f 1094/1094/1094 1093/1093/1093 1095/1095/1095
f 1094/1094/1094 1096/1096/1096 1089/1089/1089
f 1097/1097/1097 1096/1096/1096 1094/1094/1094
f 1098/1098/1098 1090/1090/1090 1095/1095/1095
f 1097/1097/1097 1090/1090/1090 1098/1098/1098
f 1100/1100/1100 1099/1099/1099 1095/1095/1095
f 1101/1101/1101 1099/1099/1099 1100/1100/1100
f 1101/1101/1101 1102/1102/1102 1103/1103/1103
f 1103/1103/1103 1102/1102/1102 1104/1104/1104
f 1106/1106/1106 1105/1105/1105 1104/1104/1104
f 1107/1107/1107 1105/1105/1105 1106/1106/1106
f 1108/1108/1108 1102/1102/1102 1109/1109/1109
f 1110/1110/1110 1102/1102/1102 1108/1108/1108
f 1108/1108/1108 1099/1099/1099 1111/1111/1111
f 1112/1112/1112 1099/1099/1099 1108/1108/1108
f 1114/1114/1114 1113/1113/1113 1111/1111/1111
f 1115/1115/1115 1113/1113/1113 1114/1114/1114
f 1112/1112/1112 1116/1116/1116 1117/1117/1117
f 1117/1117/1117 1116/1116/1116 1095/1095/1095
f 1119/1119/1119 1118/1118/1118 1120/1120/1120
f 1121/1121/1121 1118/1118/1118 1119/1119/1119
f 1121/1121/1121 1122/1122/1122 1123/1123/1123
f 1123/1123/1123 1122/1122/1122 1124/1124/1124
f 1126/1126/1126 1125/1125/1125 1120/1120/1120
f 1127/1127/1127 1125/1125/1125 1126/1126/1126
f 1127/1127/1127 1118/1118/1118 1128/1128/1128
f 1128/1128/1128 1118/1118/1118 1129/1129/1129
f 1123/1123/1123 1130/1130/1130 1131/1131/1131
f 1132/1132/1132 1130/1130/1130 1123/1123/1123
f 1134/1134/1134 1133/1133/1133 1131/1131/1131
f 1135/1135/1135 1133/1133/1133 1134/1134/1134
f 1136/1136/1136 1125/1125/1125 1055/1055/1055
f 1136/1136/1136 1137/1137/1137 1119/1119/1119
f 1119/1119/1119 1137/1137/1137 1138/1138/1138
f 1140/1140/1140 1139/1139/1139 1141/1141/1141
f 1142/1142/1142 1139/1139/1139 1140/1140/1140
f 1142/1142/1142 1143/1143/1143 1144/1144/1144
f 1144/1144/1144 1143/1143/1143 1145/1145/1145
f 1146/1146/1146 1143/1143/1143 1147/1147/1147
f 1148/1148/1148 1143/1143/1143 1146/1146/1146
f 1142/1142/1142 1149/1149/1149 1150/1150/1150
f 1150/1150/1150 1149/1149/1149 1151/1151/1151
f 1142/1142/1142 1152/1152/1152 1153/1153/1153
f 1153/1153/1153 1152/1152/1152 1154/1154/1154
f 1146/1146/1146 1155/1155/1155 1156/1156/1156
f 1157/1157/1157 1155/1155/1155 1146/1146/1146
f 1158/1158/1158 1155/1155/1155 1159/1159/1159
f 1160/1160/1160 1155/1155/1155 1158/1158/1158
f 1162/1162/1162 1161/1161/1161 1154/1154/1154
f 1163/1163/1163 1161/1161/1161 1162/1162/1162
f 1165/1165/1165 1164/1164/1164 1159/1159/1159
f 1166/1166/1166 1164/1164/1164 1165/1165/1165
f 1168/1168/1168 1167/1167/1167 1169/1169/1169
f 1170/1170/1170 1167/1167/1167 1168/1168/1168
f 1168/1168/1168 1171/1171/1171 1172/1172/1172
f 1173/1173/1173 1171/1171/1171 1168/1168/1168
f 1175/1175/1175 1174/1174/1174 1172/1172/1172
f 1176/1176/1176 1174/1174/1174 1175/1175/1175
f 1173/1173/1173 1177/1177/1177 1175/1175/1175
f 1175/1175/1175 1177/1177/1177 1178/1178/1178
f 1179/1179/1179 1171/1171/1171 1178/1178/1178
f 1176/1176/1176 1171/1171/1171 1179/1179/1179
f 1170/1170/1170 1180/1180/1180 1181/1181/1181
f 1181/1181/1181 1180/1180/1180 1182/1182/1182
f 1181/1181/1181 1167/1167/1167 1183/1183/1183
f 1184/1184/1184 1167/1167/1167 1181/1181/1181
f 1186/1186/1186 1185/1185/1185 1187/1187/1187
f 1188/1188/1188 1185/1185/1185 1186/1186/1186
f 1188/1188/1188 1189/1189/1189 1190/1190/1190
f 1190/1190/1190 1189/1189/1189 1191/1191/1191
f 1193/1193/1193 1192/1192/1192 1191/1191/1191
f 1194/1194/1194 1192/1192/1192 1193/1193/1193
f 1195/1195/1195 1185/1185/1185 1196/1196/1196
f 1197/1197/1197 1185/1185/1185 1195/1195/1195
f 1195/1195/1195 1189/1189/1189 1198/1198/1198
f 1186/1186/1186 1199/1199/1199 1198/1198/1198
f 1200/1200/1200 1199/1199/1199 1186/1186/1186
f 1201/1201/1201 1189/1189/1189 1195/1195/1195
f 1200/1200/1200 1202/1202/1202 1203/1203/1203
f 1203/1203/1203 1202/1202/1202 1204/1204/1204
f 1205/1205/1205 1199/1199/1199 1204/1204/1204
f 1206/1206/1206 1199/1199/1199 1205/1205/1205
f 1208/1208/1208 1207/1207/1207 1191/1191/1191
f 1201/1201/1201 1207/1207/1207 1208/1208/1208
f 1205/1205/1205 1209/1209/1209 1210/1210/1210
f 1211/1211/1211 1209/1209/1209 1205/1205/1205
f 1213/1213/1213 1212/1212/1212 1205/1205/1205
f 1214/1214/1214 1212/1212/1212 1215/1215/1215
f 1216/1216/1216 1212/1212/1212 1214/1214/1214
f 1214/1214/1214 1217/1217/1217 1218/1218/1218
f 1219/1219/1219 1217/1217/1217 1214/1214/1214
f 1216/1216/1216 1217/1217/1217 1220/1220/1220
f 1220/1220/1220 1217/1217/1217 1221/1221/1221
f 1223/1223/1223 1222/1222/1222 1215/1215/1215
f 1224/1224/1224 1222/1222/1222 1223/1223/1223
f 1216/1216/1216 1225/1225/1225 1223/1223/1223
f 1223/1223/1223 1225/1225/1225 1226/1226/1226
f 1219/1219/1219 1227/1227/1227 1228/1228/1228
f 1228/1228/1228 1227/1227/1227 1229/1229/1229
f 1220/1220/1220 1227/1227/1227 1230/1230/1230
f 1231/1231/1231 1227/1227/1227 1220/1220/1220
f 1232/1232/1232 1222/1222/1222 1233/1233/1233
f 1234/1234/1234 1222/1222/1222 1232/1232/1232
f 1236/1236/1236 1235/1235/1235 1237/1237/1237
f 1238/1238/1238 1235/1235/1235 1236/1236/1236
f 1238/1238/1238 1239/1239/1239 1240/1240/1240
f 1240/1240/1240 1239/1239/1239 1241/1241/1241
f 1243/1243/1243 1242/1242/1242 1237/1237/1237
f 1244/1244/1244 1242/1242/1242 1243/1243/1243
f 1240/1240/1240 1245/1245/1245 1246/1246/1246
f 1247/1247/1247 1245/1245/1245 1240/1240/1240
f 1249/1249/1249 1248/1248/1248 1246/1246/1246
f 1250/1250/1250 1248/1248/1248 1249/1249/1249
f 1244/1244/1244 1251/1251/1251 1252/1252/1252
f 1252/1252/1252 1251/1251/1251 1253/1253/1253
f 1255/1255/1255 1254/1254/1254 1256/1256/1256
f 1257/1257/1257 1254/1254/1254 1255/1255/1255
f 1258/1258/1258 1254/1254/1254 1259/1259/1259
f 1260/1260/1260 1254/1254/1254 1258/1258/1258
f 1255/1255/1255 1261/1261/1261 1262/1262/1262
f 1263/1263/1263 1261/1261/1261 1255/1255/1255
f 1258/1258/1258 1264/1264/1264 1262/1262/1262
f 1265/1265/1265 1264/1264/1264 1258/1258/1258
f 1263/1263/1263 1266/1266/1266 1267/1267/1267
f 1267/1267/1267 1266/1266/1266 1268/1268/1268
f 1267/1267/1267 1269/1269/1269 1262/1262/1262
f 1270/1270/1270 1269/1269/1269 1267/1267/1267
f 1271/1271/1271 1261/1261/1261 1268/1268/1268
f 1270/1270/1270 1261/1261/1261 1271/1271/1271
f 1273/1273/1273 1272/1272/1272 1268/1268/1268
f 1274/1274/1274 1272/1272/1272 1273/1273/1273
f 1274/1274/1274 1275/1275/1275 1276/1276/1276
f 1276/1276/1276 1275/1275/1275 1277/1277/1277
f 1279/1279/1279 1278/1278/1278 1277/1277/1277
f 1280/1280/1280 1278/1278/1278 1279/1279/1279
f 1281/1281/1281 1275/1275/1275 1282/1282/1282
f 1283/1283/1283 1275/1275/1275 1281/1281/1281
f 1281/1281/1281 1272/1272/1272 1284/1284/1284
f 1285/1285/1285 1272/1272/1272 1281/1281/1281
f 1287/1287/1287 1286/1286/1286 1284/1284/1284
f 1288/1288/1288 1286/1286/1286 1287/1287/1287
f 1285/1285/1285 1289/1289/1289 1290/1290/1290
f 1290/1290/1290 1289/1289/1289 1268/1268/1268
f 1292/1292/1292 1291/1291/1291 1277/1277/1277
f 1293/1293/1293 1291/1291/1291 1292/1292/1292
f 1293/1293/1293 1294/1294/1294 1295/1295/1295
f 1295/1295/1295 1294/1294/1294 1296/1296/1296
f 1298/1298/1298 1297/1297/1297 1299/1299/1299
f 1300/1300/1300 1297/1297/1297 1298/1298/1298
f 1300/1300/1300 1301/1301/1301 1302/1302/1302
f 1302/1302/1302 1301/1301/1301 1303/1303/1303
f 1304/1304/1304 1301/1301/1301 1305/1305/1305
f 1306/1306/1306 1301/1301/1301 1304/1304/1304
f 1300/1300/1300 1307/1307/1307 1308/1308/1308
f 1308/1308/1308 1307/1307/1307 1309/1309/1309
f 1300/1300/1300 1310/1310/1310 1311/1311/1311
f 1311/1311/1311 1310/1310/1310 1312/1312/1312
f 1313/1313/1313 1301/1301/1301 1312/1312/1312
f 1314/1314/1314 1301/1301/1301 1313/1313/1313
f 1304/1304/1304 1315/1315/1315 1316/1316/1316
f 1317/1317/1317 1315/1315/1315 1304/1304/1304
f 1318/1318/1318 1315/1315/1315 1319/1319/1319
f 1320/1320/1320 1315/1315/1315 1318/1318/1318
f 1322/1322/1322 1321/1321/1321 1319/1319/1319
f 1323/1323/1323 1321/1321/1321 1322/1322/1322
f 1325/1325/1325 1324/1324/1324 1326/1326/1326
f 1327/1327/1327 1324/1324/1324 1325/1325/1325
f 1325/1325/1325 1328/1328/1328 1329/1329/1329
f 1330/1330/1330 1328/1328/1328 1325/1325/1325
f 1332/1332/1332 1331/1331/1331 1329/1329/1329
f 1333/1333/1333 1331/1331/1331 1332/1332/1332
f 1330/1330/1330 1334/1334/1334 1332/1332/1332
f 1332/1332/1332 1334/1334/1334 1335/1335/1335
f 1336/1336/1336 1328/1328/1328 1335/1335/1335
f 1337/1337/1337 1328/1328/1328 1336/1336/1336
f 1338/1338/1338 1324/1324/1324 1339/1339/1339
f 1340/1340/1340 1324/1324/1324 1338/1338/1338
f 1338/1338/1338 1341/1341/1341 1342/1342/1342
f 1343/1343/1343 1341/1341/1341 1338/1338/1338
f 1345/1345/1345 1344/1344/1344 1346/1346/1346
f 1347/1347/1347 1344/1344/1344 1345/1345/1345
f 1345/1345/1345 1348/1348/1348 1349/1349/1349
f 1350/1350/1350 1348/1348/1348 1345/1345/1345
f 1350/1350/1350 1351/1351/1351 1352/1352/1352
f 1352/1352/1352 1351/1351/1351 1353/1353/1353
f 1354/1354/1354 1348/1348/1348 1353/1353/1353
f 1355/1355/1355 1348/1348/1348 1354/1354/1354
f 1357/1357/1357 1356/1356/1356 1349/1349/1349
f 1358/1358/1358 1356/1356/1356 1357/1357/1357
f 1359/1359/1359 1356/1356/1356 1360/1360/1360
f 1361/1361/1361 1356/1356/1356 1359/1359/1359
f 1363/1363/1363 1362/1362/1362 1360/1360/1360
f 1364/1364/1364 1362/1362/1362 1363/1363/1363
f 1357/1357/1357 1365/1365/1365 1366/1366/1366
f 1367/1367/1367 1365/1365/1365 1357/1357/1357
f 1369/1369/1369 1368/1368/1368 1360/1360/1360
f 1358/1358/1358 1368/1368/1368 1369/1369/1369
f 1354/1354/1354 1370/1370/1370 1371/1371/1371
f 1372/1372/1372 1370/1370/1370 1354/1354/1354
f 1374/1374/1374 1373/1373/1373 1354/1354/1354
f 1375/1375/1375 1373/1373/1373 1376/1376/1376
f 1377/1377/1377 1373/1373/1373 1375/1375/1375
f 1375/1375/1375 1378/1378/1378 1379/1379/1379
f 1380/1380/1380 1378/1378/1378 1375/1375/1375
f 1377/1377/1377 1378/1378/1378 1381/1381/1381
f 1381/1381/1381 1378/1378/1378 1382/1382/1382
f 1384/1384/1384 1383/1383/1383 1376/1376/1376
f 1374/1374/1374 1383/1383/1383 1384/1384/1384
f 1377/1377/1377 1385/1385/1385 1384/1384/1384
f 1384/1384/1384 1385/1385/1385 1386/1386/1386
f 1380/1380/1380 1387/1387/1387 1388/1388/1388
f 1388/1388/1388 1387/1387/1387 1389/1389/1389
f 1381/1381/1381 1387/1387/1387 1390/1390/1390
f 1391/1391/1391 1387/1387/1387 1381/1381/1381
f 1392/1392/1392 1383/1383/1383 1393/1393/1393
f 1394/1394/1394 1383/1383/1383 1392/1392/1392
f 1396/1396/1396 1395/1395/1395 1397/1397/1397
f 1398/1398/1398 1395/1395/1395 1396/1396/1396
f 1398/1398/1398 1399/1399/1399 1400/1400/1400
f 1400/1400/1400 1399/1399/1399 1401/1401/1401
f 1403/1403/1403 1402/1402/1402 1397/1397/1397
f 1404/1404/1404 1402/1402/1402 1403/1403/1403
f 1404/1404/1404 1395/1395/1395 1405/1405/1405
f 1405/1405/1405 1395/1395/1395 1406/1406/1406
f 1398/1398/1398 1407/1407/1407 1408/1408/1408
f 1408/1408/1408 1407/1407/1407 1409/1409/1409
f 1400/1400/1400 1410/1410/1410 1409/1409/1409
f 1411/1411/1411 1410/1410/1410 1400/1400/1400
f 1396/1396/1396 1412/1412/1412 1413/1413/1413
f 1414/1414/1414 1412/1412/1412 1396/1396/1396
f 1414/1414/1414 1402/1402/1402 1415/1415/1415
f 1415/1415/1415 1416/1416/1416 1417/1417/1417
f 1418/1418/1418 1416/1416/1416 1415/1415/1415
f 1420/1420/1420 1419/1419/1419 1417/1417/1417
f 1421/1421/1421 1419/1419/1419 1420/1420/1420
f 1422/1422/1422 1419/1419/1419 1423/1423/1423
f 1424/1424/1424 1419/1419/1419 1422/1422/1422
f 1426/1426/1426 1425/1425/1425 1423/1423/1423
f 1427/1427/1427 1425/1425/1425 1426/1426/1426
f 1428/1428/1428 1425/1425/1425 1429/1429/1429
f 1430/1430/1430 1425/1425/1425 1428/1428/1428
f 1428/1428/1428 1431/1431/1431 1432/1432/1432
f 1433/1433/1433 1431/1431/1431 1428/1428/1428
f 1426/1426/1426 1434/1434/1434 1432/1432/1432
f 1435/1435/1435 1434/1434/1434 1426/1426/1426
f 1433/1433/1433 1436/1436/1436 1437/1437/1437
f 1437/1437/1437 1436/1436/1436 1438/1438/1438
f 1437/1437/1437 1439/1439/1439 1432/1432/1432
f 1440/1440/1440 1439/1439/1439 1437/1437/1437
f 1441/1441/1441 1431/1431/1431 1438/1438/1438
f 1440/1440/1440 1431/1431/1431 1441/1441/1441
f 1443/1443/1443 1442/1442/1442 1438/1438/1438
f 1444/1444/1444 1442/1442/1442 1443/1443/1443
f 1444/1444/1444 1445/1445/1445 1446/1446/1446
f 1446/1446/1446 1445/1445/1445 1447/1447/1447
f 1449/1449/1449 1448/1448/1448 1447/1447/1447
f 1450/1450/1450 1448/1448/1448 1449/1449/1449
f 1435/1435/1435 1419/1419/1419 1451/1451/1451
f 1451/1451/1451 1419/1419/1419 1452/1452/1452
f 1420/1420/1420 1453/1453/1453 1452/1452/1452
f 1454/1454/1454 1453/1453/1453 1420/1420/1420
f 1455/1455/1455 1442/1442/1442 1456/1456/1456
f 1455/1455/1455 1457/1457/1457 1458/1458/1458
f 1459/1459/1459 1457/1457/1457 1455/1455/1455
f 1461/1461/1461 1460/1460/1460 1456/1456/1456
f 1462/1462/1462 1460/1460/1460 1461/1461/1461
f 1463/1463/1463 1442/1442/1442 1455/1455/1455
f 1463/1463/1463 1464/1464/1464 1465/1465/1465
f 1465/1465/1465 1464/1464/1464 1438/1438/1438
f 1467/1467/1467 1466/1466/1466 1468/1468/1468
f 1469/1469/1469 1466/1466/1466 1467/1467/1467
f 1469/1469/1469 1470/1470/1470 1471/1471/1471
f 1471/1471/1471 1470/1470/1470 1472/1472/1472
f 1473/1473/1473 1470/1470/1470 1474/1474/1474
f 1475/1475/1475 1470/1470/1470 1473/1473/1473
f 1469/1469/1469 1476/1476/1476 1477/1477/1477
f 1477/1477/1477 1476/1476/1476 1478/1478/1478
f 1469/1469/1469 1479/1479/1479 1480/1480/1480
f 1480/1480/1480 1479/1479/1479 1481/1481/1481
f 1482/1482/1482 1470/1470/1470 1481/1481/1481
f 1483/1483/1483 1470/1470/1470 1482/1482/1482
f 1473/1473/1473 1484/1484/1484 1485/1485/1485
f 1486/1486/1486 1484/1484/1484 1473/1473/1473
f 1487/1487/1487 1484/1484/1484 1488/1488/1488
f 1489/1489/1489 1484/1484/1484 1487/1487/1487
f 1491/1491/1491 1490/1490/1490 1488/1488/1488
f 1492/1492/1492 1490/1490/1490 1491/1491/1491
f 1494/1494/1494 1493/1493/1493 1495/1495/1495
f 1496/1496/1496 1493/1493/1493 1494/1494/1494
f 1494/1494/1494 1497/1497/1497 1498/1498/1498
f 1499/1499/1499 1497/1497/1497 1494/1494/1494
f 1501/1501/1501 1500/1500/1500 1498/1498/1498
f 1502/1502/1502 1500/1500/1500 1501/1501/1501
f 1499/1499/1499 1503/1503/1503 1501/1501/1501
f 1501/1501/1501 1503/1503/1503 1504/1504/1504
f 1505/1505/1505 1497/1497/1497 1504/1504/1504
f 1502/1502/1502 1497/1497/1497 1505/1505/1505
f 1496/1496/1496 1506/1506/1506 1507/1507/1507
f 1507/1507/1507 1506/1506/1506 1508/1508/1508
f 1507/1507/1507 1493/1493/1493 1509/1509/1509
f 1510/1510/1510 1493/1493/1493 1507/1507/1507
f 1512/1512/1512 1511/1511/1511 1513/1513/1513
f 1514/1514/1514 1511/1511/1511 1512/1512/1512
f 1514/1514/1514 1515/1515/1515 1516/1516/1516
f 1516/1516/1516 1515/1515/1515 1517/1517/1517
f 1519/1519/1519 1518/1518/1518 1517/1517/1517
f 1520/1520/1520 1518/1518/1518 1519/1519/1519
f 1521/1521/1521 1511/1511/1511 1522/1522/1522
f 1523/1523/1523 1511/1511/1511 1521/1521/1521
f 1521/1521/1521 1515/1515/1515 1524/1524/1524
f 1525/1525/1525 1515/1515/1515 1521/1521/1521
f 1527/1527/1527 1526/1526/1526 1524/1524/1524
f 1528/1528/1528 1526/1526/1526 1527/1527/1527
f 1528/1528/1528 1529/1529/1529 1530/1530/1530
f 1530/1530/1530 1529/1529/1529 1531/1531/1531
f 1532/1532/1532 1526/1526/1526 1531/1531/1531
f 1533/1533/1533 1526/1526/1526 1532/1532/1532
f 1525/1525/1525 1534/1534/1534 1535/1535/1535
f 1535/1535/1535 1534/1534/1534 1517/1517/1517
f 1532/1532/1532 1536/1536/1536 1537/1537/1537
f 1538/1538/1538 1536/1536/1536 1532/1532/1532
f 1540/1540/1540 1539/1539/1539 1541/1541/1541
f 1542/1542/1542 1539/1539/1539 1540/1540/1540
f 1540/1540/1540 1543/1543/1543 1544/1544/1544
f 1545/1545/1545 1543/1543/1543 1540/1540/1540
f 1545/1545/1545 1539/1539/1539 1546/1546/1546
f 1546/1546/1546 1539/1539/1539 1547/1547/1547
f 1549/1549/1549 1548/1548/1548 1544/1544/1544
f 1550/1550/1550 1548/1548/1548 1549/1549/1549
f 1545/1545/1545 1551/1551/1551 1549/1549/1549
f 1549/1549/1549 1551/1551/1551 1552/1552/1552
f 1553/1553/1553 1548/1548/1548 1554/1554/1554
f 1555/1555/1555 1548/1548/1548 1553/1553/1553
f 1546/1546/1546 1556/1556/1556 1557/1557/1557
f 1558/1558/1558 1556/1556/1556 1546/1546/1546
f 1559/1559/1559 1556/1556/1556 1560/1560/1560
f 1561/1561/1561 1556/1556/1556 1559/1559/1559
f 1563/1563/1563 1562/1562/1562 1549/1549/1549
f 1564/1564/1564 1562/1562/1562 1565/1565/1565
f 1566/1566/1566 1562/1562/1562 1564/1564/1564
f 1568/1568/1568 1567/1567/1567 1565/1565/1565
f 1569/1569/1569 1567/1567/1567 1568/1568/1568
f 1566/1566/1566 1567/1567/1567 1570/1570/1570
f 1570/1570/1570 1567/1567/1567 1571/1571/1571
f 1569/1569/1569 1572/1572/1572 1573/1573/1573
f 1573/1573/1573 1572/1572/1572 1574/1574/1574
f 1569/1569/1569 1575/1575/1575 1576/1576/1576
f 1576/1576/1576 1575/1575/1575 1577/1577/1577
f 1573/1573/1573 1578/1578/1578 1577/1577/1577
f 1579/1579/1579 1578/1578/1578 1573/1573/1573
f 1568/1568/1568 1580/1580/1580 1581/1581/1581
f 1582/1582/1582 1580/1580/1580 1568/1568/1568
f 1583/1583/1583 1580/1580/1580 1549/1549/1549
f 1585/1585/1585 1584/1584/1584 1549/1549/1549
f 1587/1587/1587 1586/1586/1586 1588/1588/1588
f 1589/1589/1589 1586/1586/1586 1587/1587/1587
f 1590/1590/1590 1586/1586/1586 1591/1591/1591
f 1592/1592/1592 1586/1586/1586 1590/1590/1590
f 1587/1587/1587 1593/1593/1593 1594/1594/1594
f 1595/1595/1595 1593/1593/1593 1587/1587/1587
f 1590/1590/1590 1596/1596/1596 1594/1594/1594
f 1597/1597/1597 1596/1596/1596 1590/1590/1590
f 1595/1595/1595 1598/1598/1598 1599/1599/1599
f 1599/1599/1599 1598/1598/1598 1600/1600/1600
f 1599/1599/1599 1601/1601/1601 1594/1594/1594
f 1602/1602/1602 1601/1601/1601 1599/1599/1599
f 1603/1603/1603 1593/1593/1593 1600/1600/1600
f 1602/1602/1602 1593/1593/1593 1603/1603/1603
f 1605/1605/1605 1604/1604/1604 1600/1600/1600
f 1606/1606/1606 1604/1604/1604 1605/1605/1605
f 1606/1606/1606 1607/1607/1607 1608/1608/1608
f 1608/1608/1608 1607/1607/1607 1609/1609/1609
f 1611/1611/1611 1610/1610/1610 1609/1609/1609
f 1612/1612/1612 1610/1610/1610 1611/1611/1611
f 1613/1613/1613 1607/1607/1607 1614/1614/1614
f 1615/1615/1615 1607/1607/1607 1613/1613/1613
f 1613/1613/1613 1604/1604/1604 1616/1616/1616
f 1617/1617/1617 1604/1604/1604 1613/1613/1613
f 1619/1619/1619 1618/1618/1618 1616/1616/1616
f 1620/1620/1620 1618/1618/1618 1619/1619/1619
f 1617/1617/1617 1621/1621/1621 1622/1622/1622
f 1622/1622/1622 1621/1621/1621 1600/1600/1600
f 1624/1624/1624 1623/1623/1623 1625/1625/1625
f 1626/1626/1626 1623/1623/1623 1624/1624/1624
f 1626/1626/1626 1627/1627/1627 1628/1628/1628
f 1628/1628/1628 1627/1627/1627 1629/1629/1629
f 1630/1630/1630 1627/1627/1627 1631/1631/1631
f 1632/1632/1632 1627/1627/1627 1630/1630/1630
f 1626/1626/1626 1633/1633/1633 1634/1634/1634
f 1634/1634/1634 1633/1633/1633 1635/1635/1635
f 1626/1626/1626 1636/1636/1636 1637/1637/1637
f 1637/1637/1637 1636/1636/1636 1638/1638/1638
f 1639/1639/1639 1627/1627/1627 1638/1638/1638
f 1640/1640/1640 1627/1627/1627 1639/1639/1639
f 1630/1630/1630 1641/1641/1641 1642/1642/1642
f 1643/1643/1643 1641/1641/1641 1630/1630/1630
f 1644/1644/1644 1641/1641/1641 1645/1645/1645
f 1646/1646/1646 1641/1641/1641 1644/1644/1644
f 1648/1648/1648 1647/1647/1647 1645/1645/1645
f 1649/1649/1649 1647/1647/1647 1648/1648/1648
f 1651/1651/1651 1650/1650/1650 1652/1652/1652
f 1653/1653/1653 1650/1650/1650 1651/1651/1651
f 1651/1651/1651 1654/1654/1654 1655/1655/1655
f 1656/1656/1656 1654/1654/1654 1651/1651/1651
f 1658/1658/1658 1657/1657/1657 1655/1655/1655
f 1659/1659/1659 1657/1657/1657 1658/1658/1658
f 1656/1656/1656 1660/1660/1660 1658/1658/1658
f 1658/1658/1658 1660/1660/1660 1661/1661/1661
f 1662/1662/1662 1654/1654/1654 1661/1661/1661
f 1663/1663/1663 1654/1654/1654 1662/1662/1662
f 1653/1653/1653 1664/1664/1664 1665/1665/1665
f 1665/1665/1665 1664/1664/1664 1666/1666/1666
f 1665/1665/1665 1650/1650/1650 1667/1667/1667
f 1668/1668/1668 1650/1650/1650 1665/1665/1665
f 1670/1670/1670 1669/1669/1669 1671/1671/1671
f 1672/1672/1672 1669/1669/1669 1670/1670/1670
f 1672/1672/1672 1673/1673/1673 1674/1674/1674
f 1674/1674/1674 1673/1673/1673 1675/1675/1675
f 1677/1677/1677 1676/1676/1676 1675/1675/1675
f 1678/1678/1678 1676/1676/1676 1677/1677/1677
f 1679/1679/1679 1673/1673/1673 1680/1680/1680
f 1681/1681/1681 1673/1673/1673 1679/1679/1679
f 1679/1679/1679 1682/1682/1682 1683/1683/1683
f 1684/1684/1684 1682/1682/1682 1679/1679/1679
f 1686/1686/1686 1685/1685/1685 1680/1680/1680
f 1687/1687/1687 1685/1685/1685 1686/1686/1686
f 1687/1687/1687 1688/1688/1688 1689/1689/1689
f 1689/1689/1689 1688/1688/1688 1690/1690/1690
f 1691/1691/1691 1685/1685/1685 1690/1690/1690
f 1692/1692/1692 1685/1685/1685 1691/1691/1691
f 1681/1681/1681 1693/1693/1693 1694/1694/1694
f 1694/1694/1694 1693/1693/1693 1675/1675/1675
f 1691/1691/1691 1695/1695/1695 1696/1696/1696
f 1697/1697/1697 1695/1695/1695 1691/1691/1691
f 1699/1699/1699 1698/1698/1698 1700/1700/1700
f 1701/1701/1701 1698/1698/1698 1699/1699/1699
f 1699/1699/1699 1702/1702/1702 1703/1703/1703
f 1704/1704/1704 1702/1702/1702 1699/1699/1699
f 1706/1706/1706 1705/1705/1705 1703/1703/1703
f 1707/1707/1707 1705/1705/1705 1706/1706/1706
f 1704/1704/1704 1708/1708/1708 1709/1709/1709
f 1709/1709/1709 1708/1708/1708 1710/1710/1710
f 1704/1704/1704 1711/1711/1711 1712/1712/1712
f 1712/1712/1712 1711/1711/1711 1713/1713/1713
f 1714/1714/1714 1705/1705/1705 1715/1715/1715
f 1716/1716/1716 1705/1705/1705 1714/1714/1714
f 1712/1712/1712 1717/1717/1717 1718/1718/1718
f 1719/1719/1719 1717/1717/1717 1712/1712/1712
f 1720/1720/1720 1717/1717/1717 1721/1721/1721
f 1722/1722/1722 1717/1717/1717 1720/1720/1720
f 1724/1724/1724 1723/1723/1723 1725/1725/1725
f 1726/1726/1726 1723/1723/1723 1724/1724/1724
f 1726/1726/1726 1727/1727/1727 1728/1728/1728
f 1728/1728/1728 1727/1727/1727 1729/1729/1729
f 1731/1731/1731 1730/1730/1730 1725/1725/1725
f 1732/1732/1732 1730/1730/1730 1731/1731/1731
f 1732/1732/1732 1723/1723/1723 1733/1733/1733
f 1733/1733/1733 1723/1723/1723 1734/1734/1734
f 1726/1726/1726 1735/1735/1735 1736/1736/1736
f 1736/1736/1736 1735/1735/1735 1737/1737/1737
f 1728/1728/1728 1738/1738/1738 1737/1737/1737
f 1739/1739/1739 1738/1738/1738 1728/1728/1728
f 1724/1724/1724 1740/1740/1740 1741/1741/1741
f 1742/1742/1742 1740/1740/1740 1724/1724/1724
f 1743/1743/1743 1740/1740/1740 1744/1744/1744
f 1746/1746/1746 1745/1745/1745 1744/1744/1744
f 1747/1747/1747 1745/1745/1745 1748/1748/1748
f 1750/1750/1750 1749/1749/1749 1748/1748/1748
f 1752/1752/1752 1751/1751/1751 1753/1753/1753
f 1754/1754/1754 1751/1751/1751 1752/1752/1752
f 1755/1755/1755 1751/1751/1751 1756/1756/1756
f 1757/1757/1757 1751/1751/1751 1755/1755/1755
f 1752/1752/1752 1758/1758/1758 1759/1759/1759
f 1760/1760/1760 1758/1758/1758 1752/1752/1752
f 1755/1755/1755 1761/1761/1761 1759/1759/1759
f 1762/1762/1762 1761/1761/1761 1755/1755/1755
f 1760/1760/1760 1763/1763/1763 1764/1764/1764
f 1764/1764/1764 1763/1763/1763 1765/1765/1765
f 1764/1764/1764 1766/1766/1766 1759/1759/1759
f 1767/1767/1767 1766/1766/1766 1764/1764/1764
f 1768/1768/1768 1758/1758/1758 1765/1765/1765
f 1767/1767/1767 1758/1758/1758 1768/1768/1768
f 1770/1770/1770 1769/1769/1769 1765/1765/1765
f 1771/1771/1771 1769/1769/1769 1770/1770/1770
f 1773/1773/1773 1772/1772/1772 1756/1756/1756
f 1774/1774/1774 1772/1772/1772 1773/1773/1773
f 1762/1762/1762 1772/1772/1772 1775/1775/1775
f 1775/1775/1775 1772/1772/1772 1776/1776/1776
f 1778/1778/1778 1777/1777/1777 1776/1776/1776
f 1779/1779/1779 1777/1777/1777 1778/1778/1778
f 1778/1778/1778 1772/1772/1772 1780/1780/1780
f 1781/1781/1781 1772/1772/1772 1778/1778/1778
f 1783/1783/1783 1782/1782/1782 1780/1780/1780
f 1784/1784/1784 1782/1782/1782 1783/1783/1783
f 1786/1786/1786 1785/1785/1785 1787/1787/1787
f 1788/1788/1788 1785/1785/1785 1786/1786/1786
f 1788/1788/1788 1789/1789/1789 1790/1790/1790
f 1790/1790/1790 1789/1789/1789 1791/1791/1791
f 1792/1792/1792 1789/1789/1789 1793/1793/1793
f 1794/1794/1794 1789/1789/1789 1792/1792/1792
f 1788/1788/1788 1795/1795/1795 1796/1796/1796
f 1796/1796/1796 1795/1795/1795 1797/1797/1797
f 1788/1788/1788 1798/1798/1798 1799/1799/1799
f 1799/1799/1799 1798/1798/1798 1800/1800/1800
f 1802/1802/1802 1801/1801/1801 1800/1800/1800
f 1803/1803/1803 1801/1801/1801 1802/1802/1802
f 1805/1805/1805 1804/1804/1804 1806/1806/1806
f 1807/1807/1807 1804/1804/1804 1805/1805/1805
f 1809/1809/1809 1808/1808/1808 1806/1806/1806
f 1810/1810/1810 1808/1808/1808 1809/1809/1809
f 1811/1811/1811 1804/1804/1804 1812/1812/1812
f 1813/1813/1813 1804/1804/1804 1811/1811/1811
f 1811/1811/1811 1769/1769/1769 1814/1814/1814
f 1815/1815/1815 1769/1769/1769 1811/1811/1811
f 1817/1817/1817 1816/1816/1816 1814/1814/1814
f 1818/1818/1818 1816/1816/1816 1817/1817/1817
f 1815/1815/1815 1819/1819/1819 1820/1820/1820
f 1820/1820/1820 1819/1819/1819 1765/1765/1765
f 1822/1822/1822 1821/1821/1821 1823/1823/1823
f 1824/1824/1824 1821/1821/1821 1822/1822/1822
f 1826/1826/1826 1825/1825/1825 1827/1827/1827
f 1828/1828/1828 1825/1825/1825 1826/1826/1826
f 1830/1830/1830 1829/1829/1829 1831/1831/1831
f 1832/1832/1832 1829/1829/1829 1830/1830/1830
f 1832/1832/1832 1833/1833/1833 1834/1834/1834
f 1834/1834/1834 1833/1833/1833 1835/1835/1835
f 1837/1837/1837 1836/1836/1836 1838/1838/1838
f 1839/1839/1839 1836/1836/1836 1837/1837/1837
f 1841/1841/1841 1840/1840/1840 1842/1842/1842
f 1843/1843/1843 1840/1840/1840 1841/1841/1841
f 1845/1845/1845 1844/1844/1844 1846/1846/1846
f 1847/1847/1847 1844/1844/1844 1845/1845/1845
f 1849/1849/1849 1848/1848/1848 1850/1850/1850
f 1851/1851/1851 1848/1848/1848 1849/1849/1849
f 1853/1853/1853 1852/1852/1852 1259/1259/1259
f 1854/1854/1854 1852/1852/1852 1853/1853/1853
f 1855/1855/1855 1852/1852/1852 1856/1856/1856
f 1265/1265/1265 1852/1852/1852 1855/1855/1855
f 1858/1858/1858 1857/1857/1857 1856/1856/1856
f 1859/1859/1859 1857/1857/1857 1858/1858/1858
f 1858/1858/1858 1852/1852/1852 1860/1860/1860
f 1861/1861/1861 1852/1852/1852 1858/1858/1858
f 1863/1863/1863 1862/1862/1862 1860/1860/1860
f 1864/1864/1864 1862/1862/1862 1863/1863/1863
f 1865/1865/1865 1212/1212/1212 1863/1863/1863
f 1867/1867/1867 1866/1866/1866 1863/1863/1863
f 1868/1868/1868 1866/1866/1866 1869/1869/1869
f 1868/1868/1868 1870/1870/1870 1871/1871/1871
f 1871/1871/1871 1870/1870/1870 1872/1872/1872
f 1874/1874/1874 1873/1873/1873 1875/1875/1875
f 1876/1876/1876 1873/1873/1873 1874/1874/1874
f 1878/1878/1878 1877/1877/1877 1879/1879/1879
f 1880/1880/1880 1877/1877/1877 1878/1878/1878
f 1882/1882/1882 1881/1881/1881 1883/1883/1883
f 1884/1884/1884 1881/1881/1881 1882/1882/1882
f 1884/1884/1884 1885/1885/1885 1886/1886/1886
f 1886/1886/1886 1885/1885/1885 1447/1447/1447
f 1888/1888/1888 1887/1887/1887 1889/1889/1889
f 1890/1890/1890 1887/1887/1887 1888/1888/1888
f 1892/1892/1892 1891/1891/1891 1893/1893/1893
f 1894/1894/1894 1891/1891/1891 1892/1892/1892
f 1896/1896/1896 1895/1895/1895 1897/1897/1897
f 1898/1898/1898 1895/1895/1895 1896/1896/1896
f 1900/1900/1900 1899/1899/1899 1901/1901/1901
f 1902/1902/1902 1899/1899/1899 1900/1900/1900
f 1902/1902/1902 1903/1903/1903 1904/1904/1904
f 1904/1904/1904 1903/1903/1903 1905/1905/1905
f 1907/1907/1907 1906/1906/1906 1908/1908/1908
f 1909/1909/1909 1906/1906/1906 1907/1907/1907
f 1911/1911/1911 1910/1910/1910 1591/1591/1591
f 1912/1912/1912 1910/1910/1910 1911/1911/1911
f 1913/1913/1913 1910/1910/1910 1914/1914/1914
f 1597/1597/1597 1910/1910/1910 1913/1913/1913
f 1916/1916/1916 1915/1915/1915 1914/1914/1914
f 1917/1917/1917 1915/1915/1915 1916/1916/1916
f 1916/1916/1916 1910/1910/1910 1918/1918/1918
f 1919/1919/1919 1910/1910/1910 1916/1916/1916
f 1921/1921/1921 1920/1920/1920 1918/1918/1918
f 1922/1922/1922 1920/1920/1920 1921/1921/1921
f 1924/1924/1924 1923/1923/1923 1925/1925/1925
f 1926/1926/1926 1923/1923/1923 1924/1924/1924
f 1928/1928/1928 1927/1927/1927 1929/1929/1929
f 1930/1930/1930 1927/1927/1927 1928/1928/1928
f 1932/1932/1932 1931/1931/1931 1933/1933/1933
f 1934/1934/1934 1931/1931/1931 1932/1932/1932
f 1936/1936/1936 1935/1935/1935 1937/1937/1937
f 1938/1938/1938 1935/1935/1935 1936/1936/1936
f 1939/1939/1939 1935/1935/1935 1940/1940/1940
f 1941/1941/1941 1935/1935/1935 1939/1939/1939
f 1943/1943/1943 1942/1942/1942 1944/1944/1944
f 1945/1945/1945 1942/1942/1942 1943/1943/1943
f 1946/1946/1946 930/930/930 1947/1947/1947
f 1948/1948/1948 930/930/930 1946/1946/1946
f 1950/1950/1950 1949/1949/1949 1951/1951/1951
f 1952/1952/1952 1949/1949/1949 1950/1950/1950
f 1954/1954/1954 1953/1953/1953 1955/1955/1955
f 1956/1956/1956 1953/1953/1953 1954/1954/1954
f 1958/1958/1958 1957/1957/1957 1959/1959/1959
f 1960/1960/1960 1957/1957/1957 1958/1958/1958
f 1960/1960/1960 1961/1961/1961 1962/1962/1962
f 1962/1962/1962 1961/1961/1961 1963/1963/1963
f 1965/1965/1965 1964/1964/1964 1966/1966/1966
f 1967/1967/1967 1964/1964/1964 1965/1965/1965
f 1968/1968/1968 1964/1964/1964 1969/1969/1969
f 1970/1970/1970 1964/1964/1964 1968/1968/1968
f 1972/1972/1972 1971/1971/1971 1966/1966/1966
f 1973/1973/1973 1971/1971/1971 1972/1972/1972
f 1975/1975/1975 1974/1974/1974 1976/1976/1976
f 1977/1977/1977 1974/1974/1974 1975/1975/1975
f 1979/1979/1979 1978/1978/1978 875/875/875
f 1980/1980/1980 1978/1978/1978 1979/1979/1979
f 1982/1982/1982 1981/1981/1981 878/878/878
f 876/876/876 1981/1981/1981 1982/1982/1982
f 1984/1984/1984 1983/1983/1983 1985/1985/1985
f 1986/1986/1986 1983/1983/1983 1984/1984/1984
f 1988/1988/1988 1987/1987/1987 1989/1989/1989
f 1990/1990/1990 1987/1987/1987 1988/1988/1988
f 1992/1992/1992 1991/1991/1991 1993/1993/1993
f 1994/1994/1994 1991/1991/1991 1992/1992/1992
f 1996/1996/1996 1995/1995/1995 1997/1997/1997
f 1998/1998/1998 1995/1995/1995 1996/1996/1996
f 2000/2000/2000 1999/1999/1999 2001/2001/2001
f 2002/2002/2002 1999/1999/1999 2000/2000/2000
f 2004/2004/2004 2003/2003/2003 2005/2005/2005
f 2006/2006/2006 2003/2003/2003 2004/2004/2004
f 2008/2008/2008 2007/2007/2007 2009/2009/2009
f 2010/2010/2010 2007/2007/2007 2008/2008/2008
f 2012/2012/2012 2011/2011/2011 2013/2013/2013
f 2014/2014/2014 2011/2011/2011 2012/2012/2012
f 2016/2016/2016 2015/2015/2015 2017/2017/2017
f 2018/2018/2018 2015/2015/2015 2016/2016/2016
f 2020/2020/2020 2019/2019/2019 2021/2021/2021
f 2022/2022/2022 2019/2019/2019 2020/2020/2020
f 2024/2024/2024 2023/2023/2023 2025/2025/2025
f 2026/2026/2026 2023/2023/2023 2024/2024/2024
f 2028/2028/2028 2027/2027/2027 2029/2029/2029
f 2030/2030/2030 2027/2027/2027 2028/2028/2028
f 2032/2032/2032 2031/2031/2031 2033/2033/2033
f 2034/2034/2034 2031/2031/2031 2032/2032/2032
f 2036/2036/2036 2035/2035/2035 2037/2037/2037
f 2038/2038/2038 2035/2035/2035 2036/2036/2036
f 2040/2040/2040 2039/2039/2039 2041/2041/2041
f 2042/2042/2042 2039/2039/2039 2040/2040/2040
f 2042/2042/2042 2043/2043/2043 2039/2039/2039
f 2039/2039/2039 2043/2043/2043 2044/2044/2044
f 2045/2045/2045 2044/2044/2044 2043/2043/2043
f 2046/2046/2046 2044/2044/2044 2045/2045/2045
f 2045/2045/2045 2047/2047/2047 2046/2046/2046
f 2048/2048/2048 2047/2047/2047 2045/2045/2045
f 2049/2049/2049 2042/2042/2042 2040/2040/2040
f 2050/2050/2050 2042/2042/2042 2049/2049/2049
f 2051/2051/2051 2042/2042/2042 2050/2050/2050
f 2043/2043/2043 2042/2042/2042 2051/2051/2051
f 2052/2052/2052 2043/2043/2043 2051/2051/2051
f 2045/2045/2045 2043/2043/2043 2052/2052/2052
f 2052/2052/2052 2048/2048/2048 2045/2045/2045
f 2053/2053/2053 2048/2048/2048 2052/2052/2052
f 2049/2049/2049 2054/2054/2054 2050/2050/2050
f 2050/2050/2050 2054/2054/2054 2055/2055/2055
f 2056/2056/2056 2050/2050/2050 2055/2055/2055
f 2051/2051/2051 2050/2050/2050 2056/2056/2056
f 2057/2057/2057 2051/2051/2051 2056/2056/2056
f 2052/2052/2052 2051/2051/2051 2057/2057/2057
f 2057/2057/2057 2053/2053/2053 2052/2052/2052
f 2058/2058/2058 2053/2053/2053 2057/2057/2057
f 2054/2054/2054 2059/2059/2059 2055/2055/2055
f 2055/2055/2055 2059/2059/2059 2060/2060/2060
f 2061/2061/2061 2055/2055/2055 2060/2060/2060
f 2056/2056/2056 2055/2055/2055 2061/2061/2061
f 2062/2062/2062 2056/2056/2056 2061/2061/2061
f 2057/2057/2057 2056/2056/2056 2062/2062/2062
f 2062/2062/2062 2058/2058/2058 2057/2057/2057
f 2063/2063/2063 2058/2058/2058 2062/2062/2062
f 2059/2059/2059 2064/2064/2064 2060/2060/2060
f 2060/2060/2060 2064/2064/2064 2065/2065/2065
f 2066/2066/2066 2060/2060/2060 2065/2065/2065
f 2061/2061/2061 2060/2060/2060 2066/2066/2066
f 2067/2067/2067 2061/2061/2061 2066/2066/2066
f 2062/2062/2062 2061/2061/2061 2067/2067/2067
f 2067/2067/2067 2063/2063/2063 2062/2062/2062
f 2068/2068/2068 2063/2063/2063 2067/2067/2067
f 2064/2064/2064 2069/2069/2069 2065/2065/2065
f 2065/2065/2065 2069/2069/2069 2070/2070/2070
f 2071/2071/2071 2065/2065/2065 2070/2070/2070
f 2066/2066/2066 2065/2065/2065 2071/2071/2071
f 2072/2072/2072 2066/2066/2066 2071/2071/2071
f 2067/2067/2067 2066/2066/2066 2072/2072/2072
f 2072/2072/2072 2068/2068/2068 2067/2067/2067
f 2073/2073/2073 2068/2068/2068 2072/2072/2072
f 2069/2069/2069 2074/2074/2074 2070/2070/2070
f 2070/2070/2070 2074/2074/2074 2075/2075/2075
f 2076/2076/2076 2070/2070/2070 2075/2075/2075
f 2071/2071/2071 2070/2070/2070 2076/2076/2076
f 2077/2077/2077 2071/2071/2071 2076/2076/2076
f 2072/2072/2072 2071/2071/2071 2077/2077/2077
f 2077/2077/2077 2073/2073/2073 2072/2072/2072
f 2078/2078/2078 2073/2073/2073 2077/2077/2077
f 2074/2074/2074 2079/2079/2079 2075/2075/2075
f 2075/2075/2075 2079/2079/2079 2080/2080/2080
f 2081/2081/2081 2075/2075/2075 2080/2080/2080
f 2076/2076/2076 2075/2075/2075 2081/2081/2081
f 2082/2082/2082 2076/2076/2076 2081/2081/2081
f 2077/2077/2077 2076/2076/2076 2082/2082/2082
f 2082/2082/2082 2078/2078/2078 2077/2077/2077
f 2083/2083/2083 2078/2078/2078 2082/2082/2082
f 2079/2079/2079 2084/2084/2084 2080/2080/2080
f 2080/2080/2080 2084/2084/2084 2085/2085/2085
f 2086/2086/2086 2080/2080/2080 2085/2085/2085
f 2081/2081/2081 2080/2080/2080 2086/2086/2086
f 2087/2087/2087 2081/2081/2081 2086/2086/2086
f 2082/2082/2082 2081/2081/2081 2087/2087/2087
f 2087/2087/2087 2083/2083/2083 2082/2082/2082
f 2088/2088/2088 2083/2083/2083 2087/2087/2087
f 2090/2090/2090 2089/2089/2089 2091/2091/2091
f 2092/2092/2092 2089/2089/2089 2090/2090/2090
f 2093/2093/2093 2090/2090/2090 2091/2091/2091
f 2094/2094/2094 2090/2090/2090 2093/2093/2093
f 2095/2095/2095 2094/2094/2094 2093/2093/2093
f 2096/2096/2096 2094/2094/2094 2095/2095/2095
f 2095/2095/2095 2097/2097/2097 2096/2096/2096
f 2098/2098/2098 2097/2097/2097 2095/2095/2095
f 2089/2089/2089 2099/2099/2099 2091/2091/2091
f 2091/2091/2091 2099/2099/2099 2100/2100/2100
f 2101/2101/2101 2091/2091/2091 2100/2100/2100
f 2093/2093/2093 2091/2091/2091 2101/2101/2101
f 2102/2102/2102 2093/2093/2093 2101/2101/2101
f 2095/2095/2095 2093/2093/2093 2102/2102/2102
f 2102/2102/2102 2098/2098/2098 2095/2095/2095
f 2103/2103/2103 2098/2098/2098 2102/2102/2102
f 2099/2099/2099 2104/2104/2104 2100/2100/2100
f 2100/2100/2100 2104/2104/2104 2105/2105/2105
f 2106/2106/2106 2100/2100/2100 2105/2105/2105
f 2101/2101/2101 2100/2100/2100 2106/2106/2106
f 2107/2107/2107 2101/2101/2101 2106/2106/2106
f 2102/2102/2102 2101/2101/2101 2107/2107/2107
f 2107/2107/2107 2103/2103/2103 2102/2102/2102
f 2108/2108/2108 2103/2103/2103 2107/2107/2107
f 2104/2104/2104 2109/2109/2109 2105/2105/2105
f 2105/2105/2105 2109/2109/2109 2110/2110/2110
f 2111/2111/2111 2105/2105/2105 2110/2110/2110
f 2106/2106/2106 2105/2105/2105 2111/2111/2111
f 2112/2112/2112 2106/2106/2106 2111/2111/2111
f 2107/2107/2107 2106/2106/2106 2112/2112/2112
f 2112/2112/2112 2108/2108/2108 2107/2107/2107
f 2113/2113/2113 2108/2108/2108 2112/2112/2112
f 2109/2109/2109 2114/2114/2114 2110/2110/2110
f 2110/2110/2110 2114/2114/2114 2115/2115/2115
f 2116/2116/2116 2110/2110/2110 2115/2115/2115
f 2111/2111/2111 2110/2110/2110 2116/2116/2116
f 2117/2117/2117 2111/2111/2111 2116/2116/2116
f 2112/2112/2112 2111/2111/2111 2117/2117/2117
f 2117/2117/2117 2113/2113/2113 2112/2112/2112
f 2118/2118/2118 2113/2113/2113 2117/2117/2117
f 2114/2114/2114 2119/2119/2119 2115/2115/2115
f 2115/2115/2115 2119/2119/2119 2120/2120/2120
f 2121/2121/2121 2115/2115/2115 2120/2120/2120
f 2116/2116/2116 2115/2115/2115 2121/2121/2121
f 2122/2122/2122 2116/2116/2116 2121/2121/2121
f 2117/2117/2117 2116/2116/2116 2122/2122/2122
f 2122/2122/2122 2118/2118/2118 2117/2117/2117
f 2123/2123/2123 2118/2118/2118 2122/2122/2122
f 2119/2119/2119 2124/2124/2124 2120/2120/2120
f 2120/2120/2120 2124/2124/2124 2125/2125/2125
f 2126/2126/2126 2120/2120/2120 2125/2125/2125
f 2121/2121/2121 2120/2120/2120 2126/2126/2126
f 2127/2127/2127 2121/2121/2121 2126/2126/2126
f 2122/2122/2122 2121/2121/2121 2127/2127/2127
f 2127/2127/2127 2123/2123/2123 2122/2122/2122
f 2128/2128/2128 2123/2123/2123 2127/2127/2127
f 2124/2124/2124 2129/2129/2129 2125/2125/2125
f 2125/2125/2125 2129/2129/2129 2130/2130/2130
f 2131/2131/2131 2125/2125/2125 2130/2130/2130
f 2126/2126/2126 2125/2125/2125 2131/2131/2131
f 2132/2132/2132 2126/2126/2126 2131/2131/2131
f 2127/2127/2127 2126/2126/2126 2132/2132/2132
f 2132/2132/2132 2128/2128/2128 2127/2127/2127
f 2133/2133/2133 2128/2128/2128 2132/2132/2132
f 2129/2129/2129 2134/2134/2134 2130/2130/2130
f 2130/2130/2130 2134/2134/2134 2135/2135/2135
f 2136/2136/2136 2130/2130/2130 2135/2135/2135
f 2131/2131/2131 2130/2130/2130 2136/2136/2136
f 2137/2137/2137 2131/2131/2131 2136/2136/2136
f 2132/2132/2132 2131/2131/2131 2137/2137/2137
f 2137/2137/2137 2133/2133/2133 2132/2132/2132
f 2138/2138/2138 2133/2133/2133 2137/2137/2137
f 2134/2134/2134 2139/2139/2139 2135/2135/2135
f 2135/2135/2135 2139/2139/2139 2140/2140/2140
f 2141/2141/2141 2135/2135/2135 2140/2140/2140
f 2136/2136/2136 2135/2135/2135 2141/2141/2141
f 2142/2142/2142 2136/2136/2136 2141/2141/2141
f 2137/2137/2137 2136/2136/2136 2142/2142/2142
f 2142/2142/2142 2138/2138/2138 2137/2137/2137
f 2143/2143/2143 2138/2138/2138 2142/2142/2142
f 2139/2139/2139 2144/2144/2144 2140/2140/2140
f 2140/2140/2140 2144/2144/2144 2145/2145/2145
f 2146/2146/2146 2140/2140/2140 2145/2145/2145
f 2141/2141/2141 2140/2140/2140 2146/2146/2146
f 2147/2147/2147 2141/2141/2141 2146/2146/2146
f 2142/2142/2142 2141/2141/2141 2147/2147/2147
f 2147/2147/2147 2143/2143/2143 2142/2142/2142
f 2148/2148/2148 2143/2143/2143 2147/2147/2147
f 2144/2144/2144 2149/2149/2149 2145/2145/2145
f 2145/2145/2145 2149/2149/2149 2150/2150/2150
f 2151/2151/2151 2145/2145/2145 2150/2150/2150
f 2146/2146/2146 2145/2145/2145 2151/2151/2151
f 2152/2152/2152 2146/2146/2146 2151/2151/2151
f 2147/2147/2147 2146/2146/2146 2152/2152/2152
f 2152/2152/2152 2148/2148/2148 2147/2147/2147
f 2153/2153/2153 2148/2148/2148 2152/2152/2152
f 2149/2149/2149 2154/2154/2154 2150/2150/2150
f 2150/2150/2150 2154/2154/2154 2155/2155/2155
f 2156/2156/2156 2150/2150/2150 2155/2155/2155
f 2151/2151/2151 2150/2150/2150 2156/2156/2156
f 2157/2157/2157 2151/2151/2151 2156/2156/2156
f 2152/2152/2152 2151/2151/2151 2157/2157/2157
f 2157/2157/2157 2153/2153/2153 2152/2152/2152
f 2158/2158/2158 2153/2153/2153 2157/2157/2157
f 2154/2154/2154 2159/2159/2159 2155/2155/2155
f 2155/2155/2155 2159/2159/2159 2160/2160/2160
f 2161/2161/2161 2155/2155/2155 2160/2160/2160
f 2156/2156/2156 2155/2155/2155 2161/2161/2161
f 2162/2162/2162 2156/2156/2156 2161/2161/2161
f 2157/2157/2157 2156/2156/2156 2162/2162/2162
f 2162/2162/2162 2158/2158/2158 2157/2157/2157
f 2163/2163/2163 2158/2158/2158 2162/2162/2162
f 2046/2046/2046 2163/2163/2163 2162/2162/2162
f 2161/2161/2161 2046/2046/2046 2162/2162/2162
f 2047/2047/2047 2163/2163/2163 2046/2046/2046
f 2044/2044/2044 2046/2046/2046 2161/2161/2161
f 2160/2160/2160 2044/2044/2044 2161/2161/2161
f 2039/2039/2039 2044/2044/2044 2160/2160/2160
f 2160/2160/2160 2041/2041/2041 2039/2039/2039
f 2159/2159/2159 2041/2041/2041 2160/2160/2160
f 2165/2165/2165 2164/2164/2164 2166/2166/2166
f 2167/2167/2167 2164/2164/2164 2165/2165/2165
f 2169/2169/2169 2168/2168/2168 2170/2170/2170
f 2168/2168/2168 2171/2171/2171 2170/2170/2170
f 2171/2171/2171 2172/2172/2172 2170/2170/2170
f 2170/2170/2170 2172/2172/2172 2173/2173/2173
f 2172/2172/2172 2174/2174/2174 2173/2173/2173
f 2174/2174/2174 2175/2175/2175 2173/2173/2173
f 2175/2175/2175 2176/2176/2176 2173/2173/2173
f 2176/2176/2176 2177/2177/2177 2173/2173/2173
f 2173/2173/2173 2177/2177/2177 2178/2178/2178
f 2177/2177/2177 2179/2179/2179 2178/2178/2178
f 2179/2179/2179 2180/2180/2180 2178/2178/2178
f 2180/2180/2180 2181/2181/2181 2178/2178/2178
f 2181/2181/2181 2182/2182/2182 2178/2178/2178
f 2178/2178/2178 2182/2182/2182 2183/2183/2183
f 2182/2182/2182 2184/2184/2184 2183/2183/2183
f 2184/2184/2184 2185/2185/2185 2183/2183/2183
f 2185/2185/2185 2186/2186/2186 2183/2183/2183
f 2186/2186/2186 2187/2187/2187 2183/2183/2183
f 2183/2183/2183 2187/2187/2187 2170/2170/2170
f 2187/2187/2187 2169/2169/2169 2170/2170/2170
f 2189/2189/2189 2188/2188/2188 2190/2190/2190
f 2191/2191/2191 2188/2188/2188 2189/2189/2189
f 2192/2192/2192 2188/2188/2188 2191/2191/2191
f 2193/2193/2193 2188/2188/2188 2192/2192/2192
f 2194/2194/2194 2188/2188/2188 2193/2193/2193
f 2195/2195/2195 2188/2188/2188 2194/2194/2194
f 2196/2196/2196 2188/2188/2188 2195/2195/2195
f 2197/2197/2197 2188/2188/2188 2196/2196/2196
f 2198/2198/2198 2188/2188/2188 2197/2197/2197
f 2199/2199/2199 2188/2188/2188 2198/2198/2198
f 2200/2200/2200 2188/2188/2188 2199/2199/2199
f 2201/2201/2201 2188/2188/2188 2200/2200/2200
f 2202/2202/2202 2188/2188/2188 2201/2201/2201
f 2203/2203/2203 2188/2188/2188 2202/2202/2202
f 2204/2204/2204 2188/2188/2188 2203/2203/2203
f 2190/2190/2190 2188/2188/2188 2204/2204/2204
f 2204/2204/2204 2205/2205/2205 2190/2190/2190
f 2206/2206/2206 2205/2205/2205 2204/2204/2204
f 2203/2203/2203 2206/2206/2206 2204/2204/2204
f 2207/2207/2207 2206/2206/2206 2203/2203/2203
f 2202/2202/2202 2207/2207/2207 2203/2203/2203
f 2208/2208/2208 2207/2207/2207 2202/2202/2202
f 2201/2201/2201 2208/2208/2208 2202/2202/2202
f 2209/2209/2209 2208/2208/2208 2201/2201/2201
f 2200/2200/2200 2209/2209/2209 2201/2201/2201
f 2210/2210/2210 2209/2209/2209 2200/2200/2200
f 2199/2199/2199 2210/2210/2210 2200/2200/2200
f 2211/2211/2211 2210/2210/2210 2199/2199/2199
f 2198/2198/2198 2211/2211/2211 2199/2199/2199
f 2212/2212/2212 2211/2211/2211 2198/2198/2198
f 2197/2197/2197 2212/2212/2212 2198/2198/2198
f 2213/2213/2213 2212/2212/2212 2197/2197/2197
f 2196/2196/2196 2213/2213/2213 2197/2197/2197
f 2214/2214/2214 2213/2213/2213 2196/2196/2196
f 2195/2195/2195 2214/2214/2214 2196/2196/2196
f 2215/2215/2215 2214/2214/2214 2195/2195/2195
f 2194/2194/2194 2215/2215/2215 2195/2195/2195
f 2216/2216/2216 2215/2215/2215 2194/2194/2194
f 2193/2193/2193 2216/2216/2216 2194/2194/2194
f 2217/2217/2217 2216/2216/2216 2193/2193/2193
f 2192/2192/2192 2217/2217/2217 2193/2193/2193
f 2218/2218/2218 2217/2217/2217 2192/2192/2192
f 2191/2191/2191 2218/2218/2218 2192/2192/2192
f 2219/2219/2219 2218/2218/2218 2191/2191/2191
f 2189/2189/2189 2219/2219/2219 2191/2191/2191
f 2220/2220/2220 2219/2219/2219 2189/2189/2189
f 2190/2190/2190 2220/2220/2220 2189/2189/2189
f 2205/2205/2205 2220/2220/2220 2190/2190/2190
f 2222/2222/2222 2221/2221/2221 2223/2223/2223
f 2224/2224/2224 2221/2221/2221 2222/2222/2222
f 2226/2226/2226 2225/2225/2225 2223/2223/2223
f 2227/2227/2227 2225/2225/2225 2226/2226/2226
f 2226/2226/2226 2228/2228/2228 2229/2229/2229
f 2230/2230/2230 2228/2228/2228 2226/2226/2226
f 2224/2224/2224 2231/2231/2231 2232/2232/2232
f 2232/2232/2232 2231/2231/2231 2233/2233/2233
f 2234/2234/2234 2228/2228/2228 2235/2235/2235
f 2236/2236/2236 2228/2228/2228 2234/2234/2234
f 2238/2238/2238 2237/2237/2237 2239/2239/2239
f 2240/2240/2240 2237/2237/2237 2238/2238/2238
f 2238/2238/2238 2241/2241/2241 2242/2242/2242
f 2243/2243/2243 2241/2241/2241 2238/2238/2238
f 2245/2245/2245 2244/2244/2244 2242/2242/2242
f 2246/2246/2246 2244/2244/2244 2245/2245/2245
f 2247/2247/2247 2237/2237/2237 2248/2248/2248
f 2249/2249/2249 2237/2237/2237 2247/2247/2247
f 2250/2250/2250 2244/2244/2244 2251/2251/2251
f 2252/2252/2252 2244/2244/2244 2250/2250/2250
f 2254/2254/2254 2253/2253/2253 2255/2255/2255
f 2256/2256/2256 2253/2253/2253 2254/2254/2254
f 2257/2257/2257 2253/2253/2253 2258/2258/2258
f 2259/2259/2259 2253/2253/2253 2257/2257/2257
f 2261/2261/2261 2260/2260/2260 2262/2262/2262
f 2263/2263/2263 2260/2260/2260 2261/2261/2261
f 2264/2264/2264 2260/2260/2260 2265/2265/2265
f 2266/2266/2266 2260/2260/2260 2264/2264/2264
f 2268/2268/2268 2267/2267/2267 2269/2269/2269
f 2270/2270/2270 2267/2267/2267 2268/2268/2268
f 2271/2271/2271 2267/2267/2267 2272/2272/2272
f 2273/2273/2273 2267/2267/2267 2271/2271/2271
f 2275/2275/2275 2274/2274/2274 2276/2276/2276
f 2277/2277/2277 2274/2274/2274 2275/2275/2275
f 2278/2278/2278 2274/2274/2274 2279/2279/2279
f 2280/2280/2280 2274/2274/2274 2278/2278/2278
f 2282/2282/2282 2281/2281/2281 2283/2283/2283
f 2284/2284/2284 2281/2281/2281 2282/2282/2282
f 2285/2285/2285 2281/2281/2281 2286/2286/2286
f 2287/2287/2287 2281/2281/2281 2285/2285/2285
f 2289/2289/2289 2288/2288/2288 2290/2290/2290
f 2291/2291/2291 2288/2288/2288 2289/2289/2289
f 2292/2292/2292 2288/2288/2288 2293/2293/2293
f 2294/2294/2294 2288/2288/2288 2292/2292/2292
f 2296/2296/2296 2295/2295/2295 2297/2297/2297
f 2298/2298/2298 2295/2295/2295 2296/2296/2296
f 2299/2299/2299 2295/2295/2295 2300/2300/2300
f 2301/2301/2301 2295/2295/2295 2299/2299/2299
f 2303/2303/2303 2302/2302/2302 2304/2304/2304
f 2305/2305/2305 2302/2302/2302 2303/2303/2303
f 2306/2306/2306 2302/2302/2302 2307/2307/2307
f 2308/2308/2308 2302/2302/2302 2306/2306/2306
f 2310/2310/2310 2309/2309/2309 2311/2311/2311
f 2312/2312/2312 2309/2309/2309 2310/2310/2310
f 2313/2313/2313 2309/2309/2309 2314/2314/2314
f 2315/2315/2315 2309/2309/2309 2313/2313/2313
f 2317/2317/2317 2316/2316/2316 2318/2318/2318
f 2319/2319/2319 2316/2316/2316 2317/2317/2317
f 2320/2320/2320 2316/2316/2316 2321/2321/2321
f 2322/2322/2322 2316/2316/2316 2320/2320/2320
f 2324/2324/2324 2323/2323/2323 2325/2325/2325
f 2326/2326/2326 2323/2323/2323 2324/2324/2324
f 2327/2327/2327 2323/2323/2323 2328/2328/2328
f 2329/2329/2329 2323/2323/2323 2327/2327/2327
f 2331/2331/2331 2330/2330/2330 2332/2332/2332
f 2333/2333/2333 2330/2330/2330 2331/2331/2331
f 2334/2334/2334 2330/2330/2330 2335/2335/2335
f 2336/2336/2336 2330/2330/2330 2334/2334/2334
f 2338/2338/2338 2337/2337/2337 2339/2339/2339
f 2340/2340/2340 2337/2337/2337 2338/2338/2338
f 2339/2339/2339 2337/2337/2337 2341/2341/2341
f 2341/2341/2341 2337/2337/2337 2342/2342/2342
f 2342/2342/2342 2343/2343/2343 2341/2341/2341
f 2344/2344/2344 2343/2343/2343 2342/2342/2342
f 2344/2344/2344 2345/2345/2345 2343/2343/2343
f 2346/2346/2346 2345/2345/2345 2344/2344/2344
f 2346/2346/2346 2347/2347/2347 2345/2345/2345
f 2348/2348/2348 2347/2347/2347 2346/2346/2346
f 2348/2348/2348 2349/2349/2349 2347/2347/2347
f 2350/2350/2350 2349/2349/2349 2348/2348/2348
f 2350/2350/2350 2351/2351/2351 2349/2349/2349
f 2352/2352/2352 2351/2351/2351 2350/2350/2350
f 2352/2352/2352 2353/2353/2353 2351/2351/2351
f 2354/2354/2354 2353/2353/2353 2352/2352/2352
f 2354/2354/2354 2355/2355/2355 2353/2353/2353
f 2356/2356/2356 2355/2355/2355 2354/2354/2354
f 2356/2356/2356 2357/2357/2357 2355/2355/2355
f 2358/2358/2358 2357/2357/2357 2356/2356/2356
f 2358/2358/2358 2359/2359/2359 2357/2357/2357
f 2360/2360/2360 2359/2359/2359 2358/2358/2358
f 2360/2360/2360 2361/2361/2361 2359/2359/2359
f 2362/2362/2362 2361/2361/2361 2360/2360/2360
f 2362/2362/2362 2363/2363/2363 2361/2361/2361
f 2364/2364/2364 2363/2363/2363 2362/2362/2362
f 2364/2364/2364 2365/2365/2365 2363/2363/2363
f 2366/2366/2366 2365/2365/2365 2364/2364/2364
f 2366/2366/2366 2367/2367/2367 2365/2365/2365
f 2368/2368/2368 2367/2367/2367 2366/2366/2366
f 2368/2368/2368 2369/2369/2369 2367/2367/2367
f 2370/2370/2370 2369/2369/2369 2368/2368/2368
f 2370/2370/2370 2371/2371/2371 2369/2369/2369
f 2372/2372/2372 2371/2371/2371 2370/2370/2370
f 2372/2372/2372 2373/2373/2373 2371/2371/2371
f 2374/2374/2374 2373/2373/2373 2372/2372/2372
f 2374/2374/2374 2375/2375/2375 2373/2373/2373
f 2376/2376/2376 2375/2375/2375 2374/2374/2374
f 2376/2376/2376 2377/2377/2377 2375/2375/2375
f 2378/2378/2378 2377/2377/2377 2376/2376/2376
f 2378/2378/2378 2379/2379/2379 2377/2377/2377
f 2380/2380/2380 2379/2379/2379 2378/2378/2378
f 2380/2380/2380 2381/2381/2381 2379/2379/2379
f 2382/2382/2382 2381/2381/2381 2380/2380/2380
f 2382/2382/2382 2383/2383/2383 2381/2381/2381
f 2384/2384/2384 2383/2383/2383 2382/2382/2382
f 2340/2340/2340 2383/2383/2383 2384/2384/2384
f 2338/2338/2338 2383/2383/2383 2340/2340/2340
f 2338/2338/2338 2385/2385/2385 2383/2383/2383
f 2383/2383/2383 2385/2385/2385 2381/2381/2381
f 2386/2386/2386 2385/2385/2385 2338/2338/2338
f 2385/2385/2385 2386/2386/2386 2387/2387/2387
f 2385/2385/2385 2387/2387/2387 2388/2388/2388
f 2381/2381/2381 2385/2385/2385 2388/2388/2388
f 2381/2381/2381 2388/2388/2388 2379/2379/2379
f 2388/2388/2388 2387/2387/2387 2389/2389/2389
f 2389/2389/2389 2390/2390/2390 2388/2388/2388
f 2379/2379/2379 2388/2388/2388 2390/2390/2390
f 2379/2379/2379 2390/2390/2390 2377/2377/2377
f 2391/2391/2391 2390/2390/2390 2389/2389/2389
f 2391/2391/2391 2392/2392/2392 2390/2390/2390
f 2393/2393/2393 2392/2392/2392 2391/2391/2391
f 2393/2393/2393 2394/2394/2394 2392/2392/2392
f 2395/2395/2395 2394/2394/2394 2393/2393/2393
f 2395/2395/2395 2396/2396/2396 2394/2394/2394
f 2397/2397/2397 2396/2396/2396 2395/2395/2395
f 2397/2397/2397 2398/2398/2398 2396/2396/2396
f 2399/2399/2399 2398/2398/2398 2397/2397/2397
f 2399/2399/2399 2400/2400/2400 2398/2398/2398
f 2401/2401/2401 2400/2400/2400 2399/2399/2399
f 2401/2401/2401 2402/2402/2402 2400/2400/2400
f 2403/2403/2403 2402/2402/2402 2401/2401/2401
f 2403/2403/2403 2404/2404/2404 2402/2402/2402
f 2405/2405/2405 2404/2404/2404 2403/2403/2403
f 2405/2405/2405 2406/2406/2406 2404/2404/2404
f 2407/2407/2407 2406/2406/2406 2405/2405/2405
f 2407/2407/2407 2408/2408/2408 2406/2406/2406
f 2409/2409/2409 2408/2408/2408 2407/2407/2407
f 2409/2409/2409 2410/2410/2410 2408/2408/2408
f 2411/2411/2411 2410/2410/2410 2409/2409/2409
f 2411/2411/2411 2412/2412/2412 2410/2410/2410
f 2413/2413/2413 2412/2412/2412 2411/2411/2411
f 2413/2413/2413 2414/2414/2414 2412/2412/2412
f 2415/2415/2415 2414/2414/2414 2413/2413/2413
f 2415/2415/2415 2416/2416/2416 2414/2414/2414
f 2417/2417/2417 2416/2416/2416 2415/2415/2415
f 2417/2417/2417 2418/2418/2418 2416/2416/2416
f 2419/2419/2419 2418/2418/2418 2417/2417/2417
f 2419/2419/2419 2420/2420/2420 2418/2418/2418
f 2421/2421/2421 2420/2420/2420 2419/2419/2419
f 2421/2421/2421 2422/2422/2422 2420/2420/2420
f 2423/2423/2423 2422/2422/2422 2421/2421/2421
f 2423/2423/2423 2424/2424/2424 2422/2422/2422
f 2425/2425/2425 2424/2424/2424 2423/2423/2423
f 2425/2425/2425 2426/2426/2426 2424/2424/2424
f 2427/2427/2427 2426/2426/2426 2425/2425/2425
f 2427/2427/2427 2428/2428/2428 2426/2426/2426
f 2429/2429/2429 2428/2428/2428 2427/2427/2427
f 2429/2429/2429 2430/2430/2430 2428/2428/2428
f 2431/2431/2431 2430/2430/2430 2429/2429/2429
f 2432/2432/2432 2430/2430/2430 2431/2431/2431
f 2386/2386/2386 2430/2430/2430 2432/2432/2432
f 2387/2387/2387 2386/2386/2386 2432/2432/2432
f 2347/2347/2347 2420/2420/2420 2422/2422/2422
f 2349/2349/2349 2420/2420/2420 2347/2347/2347
f 2345/2345/2345 2422/2422/2422 2424/2424/2424
f 2347/2347/2347 2422/2422/2422 2345/2345/2345
f 2343/2343/2343 2424/2424/2424 2426/2426/2426
f 2345/2345/2345 2424/2424/2424 2343/2343/2343
f 2341/2341/2341 2426/2426/2426 2428/2428/2428
f 2343/2343/2343 2426/2426/2426 2341/2341/2341
f 2339/2339/2339 2428/2428/2428 2430/2430/2430
f 2341/2341/2341 2428/2428/2428 2339/2339/2339
f 2430/2430/2430 2386/2386/2386 2339/2339/2339
f 2339/2339/2339 2386/2386/2386 2338/2338/2338
f 2349/2349/2349 2418/2418/2418 2420/2420/2420
f 2351/2351/2351 2418/2418/2418 2349/2349/2349
f 2351/2351/2351 2416/2416/2416 2418/2418/2418
f 2353/2353/2353 2416/2416/2416 2351/2351/2351
f 2353/2353/2353 2414/2414/2414 2416/2416/2416
f 2355/2355/2355 2414/2414/2414 2353/2353/2353
f 2355/2355/2355 2412/2412/2412 2414/2414/2414
f 2357/2357/2357 2412/2412/2412 2355/2355/2355
f 2357/2357/2357 2410/2410/2410 2412/2412/2412
f 2359/2359/2359 2410/2410/2410 2357/2357/2357
f 2359/2359/2359 2408/2408/2408 2410/2410/2410
f 2361/2361/2361 2408/2408/2408 2359/2359/2359
f 2361/2361/2361 2406/2406/2406 2408/2408/2408
f 2363/2363/2363 2406/2406/2406 2361/2361/2361
f 2363/2363/2363 2404/2404/2404 2406/2406/2406
f 2365/2365/2365 2404/2404/2404 2363/2363/2363
f 2365/2365/2365 2402/2402/2402 2404/2404/2404
f 2367/2367/2367 2402/2402/2402 2365/2365/2365
f 2367/2367/2367 2400/2400/2400 2402/2402/2402
f 2369/2369/2369 2400/2400/2400 2367/2367/2367
f 2369/2369/2369 2398/2398/2398 2400/2400/2400
f 2371/2371/2371 2398/2398/2398 2369/2369/2369
f 2371/2371/2371 2396/2396/2396 2398/2398/2398
f 2373/2373/2373 2396/2396/2396 2371/2371/2371
f 2373/2373/2373 2394/2394/2394 2396/2396/2396
f 2375/2375/2375 2394/2394/2394 2373/2373/2373
f 2375/2375/2375 2392/2392/2392 2394/2394/2394
f 2377/2377/2377 2392/2392/2392 2375/2375/2375
f 2377/2377/2377 2390/2390/2390 2392/2392/2392
f 2434/2434/2434 2433/2433/2433 2435/2435/2435
f 2436/2436/2436 2433/2433/2433 2434/2434/2434
f 2434/2434/2434 2437/2437/2437 2436/2436/2436
f 2438/2438/2438 2437/2437/2437 2434/2434/2434
f 2438/2438/2438 2439/2439/2439 2437/2437/2437
f 2440/2440/2440 2439/2439/2439 2438/2438/2438
f 2440/2440/2440 2441/2441/2441 2439/2439/2439
f 2439/2439/2439 2441/2441/2441 2442/2442/2442
f 2440/2440/2440 2443/2443/2443 2441/2441/2441
f 2444/2444/2444 2443/2443/2443 2440/2440/2440
f 2440/2440/2440 2445/2445/2445 2444/2444/2444
f 2438/2438/2438 2445/2445/2445 2440/2440/2440
f 2438/2438/2438 2446/2446/2446 2445/2445/2445
f 2434/2434/2434 2446/2446/2446 2438/2438/2438
f 2434/2434/2434 2435/2435/2435 2446/2446/2446
f 2446/2446/2446 2435/2435/2435 2447/2447/2447
f 2444/2444/2444 2448/2448/2448 2443/2443/2443
f 2449/2449/2449 2448/2448/2448 2444/2444/2444
f 2444/2444/2444 2450/2450/2450 2449/2449/2449
f 2445/2445/2445 2450/2450/2450 2444/2444/2444
f 2445/2445/2445 2451/2451/2451 2450/2450/2450
f 2446/2446/2446 2451/2451/2451 2445/2445/2445
f 2446/2446/2446 2447/2447/2447 2451/2451/2451
f 2451/2451/2451 2447/2447/2447 2452/2452/2452
f 2449/2449/2449 2453/2453/2453 2448/2448/2448
f 2454/2454/2454 2453/2453/2453 2449/2449/2449
f 2449/2449/2449 2455/2455/2455 2454/2454/2454
f 2450/2450/2450 2455/2455/2455 2449/2449/2449
f 2450/2450/2450 2456/2456/2456 2455/2455/2455
f 2451/2451/2451 2456/2456/2456 2450/2450/2450
f 2451/2451/2451 2452/2452/2452 2456/2456/2456
f 2456/2456/2456 2452/2452/2452 2457/2457/2457
f 2454/2454/2454 2458/2458/2458 2453/2453/2453
f 2459/2459/2459 2458/2458/2458 2454/2454/2454
f 2454/2454/2454 2460/2460/2460 2459/2459/2459
f 2455/2455/2455 2460/2460/2460 2454/2454/2454
f 2455/2455/2455 2461/2461/2461 2460/2460/2460
f 2456/2456/2456 2461/2461/2461 2455/2455/2455
f 2456/2456/2456 2457/2457/2457 2461/2461/2461
f 2461/2461/2461 2457/2457/2457 2462/2462/2462
f 2459/2459/2459 2463/2463/2463 2458/2458/2458
f 2464/2464/2464 2463/2463/2463 2459/2459/2459
f 2459/2459/2459 2465/2465/2465 2464/2464/2464
f 2460/2460/2460 2465/2465/2465 2459/2459/2459
f 2460/2460/2460 2466/2466/2466 2465/2465/2465
f 2461/2461/2461 2466/2466/2466 2460/2460/2460
f 2461/2461/2461 2462/2462/2462 2466/2466/2466
f 2466/2466/2466 2462/2462/2462 2467/2467/2467
f 2464/2464/2464 2468/2468/2468 2463/2463/2463
f 2469/2469/2469 2468/2468/2468 2464/2464/2464
f 2464/2464/2464 2470/2470/2470 2469/2469/2469
f 2465/2465/2465 2470/2470/2470 2464/2464/2464
f 2465/2465/2465 2471/2471/2471 2470/2470/2470
f 2466/2466/2466 2471/2471/2471 2465/2465/2465
f 2466/2466/2466 2467/2467/2467 2471/2471/2471
f 2471/2471/2471 2467/2467/2467 2472/2472/2472
f 2469/2469/2469 2473/2473/2473 2468/2468/2468
f 2474/2474/2474 2473/2473/2473 2469/2469/2469
f 2469/2469/2469 2475/2475/2475 2474/2474/2474
f 2470/2470/2470 2475/2475/2475 2469/2469/2469
f 2470/2470/2470 2476/2476/2476 2475/2475/2475
f 2471/2471/2471 2476/2476/2476 2470/2470/2470
f 2471/2471/2471 2472/2472/2472 2476/2476/2476
f 2476/2476/2476 2472/2472/2472 2477/2477/2477
f 2474/2474/2474 2478/2478/2478 2473/2473/2473
f 2479/2479/2479 2478/2478/2478 2474/2474/2474
f 2474/2474/2474 2480/2480/2480 2479/2479/2479
f 2475/2475/2475 2480/2480/2480 2474/2474/2474
f 2475/2475/2475 2481/2481/2481 2480/2480/2480
f 2476/2476/2476 2481/2481/2481 2475/2475/2475
f 2476/2476/2476 2477/2477/2477 2481/2481/2481
f 2481/2481/2481 2477/2477/2477 2482/2482/2482
f 2479/2479/2479 2483/2483/2483 2478/2478/2478
f 2484/2484/2484 2483/2483/2483 2479/2479/2479
f 2479/2479/2479 2485/2485/2485 2484/2484/2484
f 2480/2480/2480 2485/2485/2485 2479/2479/2479
f 2480/2480/2480 2486/2486/2486 2485/2485/2485
f 2481/2481/2481 2486/2486/2486 2480/2480/2480
f 2481/2481/2481 2482/2482/2482 2486/2486/2486
f 2486/2486/2486 2482/2482/2482 2487/2487/2487
f 2484/2484/2484 2488/2488/2488 2483/2483/2483
f 2489/2489/2489 2488/2488/2488 2484/2484/2484
f 2484/2484/2484 2490/2490/2490 2489/2489/2489
f 2485/2485/2485 2490/2490/2490 2484/2484/2484
f 2485/2485/2485 2491/2491/2491 2490/2490/2490
f 2486/2486/2486 2491/2491/2491 2485/2485/2485
f 2486/2486/2486 2487/2487/2487 2491/2491/2491
f 2491/2491/2491 2487/2487/2487 2492/2492/2492
f 2489/2489/2489 2493/2493/2493 2488/2488/2488
f 2494/2494/2494 2493/2493/2493 2489/2489/2489
f 2489/2489/2489 2495/2495/2495 2494/2494/2494
f 2490/2490/2490 2495/2495/2495 2489/2489/2489
f 2490/2490/2490 2496/2496/2496 2495/2495/2495
f 2491/2491/2491 2496/2496/2496 2490/2490/2490
f 2491/2491/2491 2492/2492/2492 2496/2496/2496
f 2496/2496/2496 2492/2492/2492 2497/2497/2497
f 2494/2494/2494 2498/2498/2498 2493/2493/2493
f 2499/2499/2499 2498/2498/2498 2494/2494/2494
f 2494/2494/2494 2500/2500/2500 2499/2499/2499
f 2495/2495/2495 2500/2500/2500 2494/2494/2494
f 2495/2495/2495 2501/2501/2501 2500/2500/2500
f 2496/2496/2496 2501/2501/2501 2495/2495/2495
f 2496/2496/2496 2497/2497/2497 2501/2501/2501
f 2501/2501/2501 2497/2497/2497 2502/2502/2502
f 2499/2499/2499 2503/2503/2503 2498/2498/2498
f 2504/2504/2504 2503/2503/2503 2499/2499/2499
f 2499/2499/2499 2505/2505/2505 2504/2504/2504
f 2500/2500/2500 2505/2505/2505 2499/2499/2499
f 2500/2500/2500 2506/2506/2506 2505/2505/2505
f 2501/2501/2501 2506/2506/2506 2500/2500/2500
f 2501/2501/2501 2502/2502/2502 2506/2506/2506
f 2506/2506/2506 2502/2502/2502 2507/2507/2507
f 2504/2504/2504 2508/2508/2508 2503/2503/2503
f 2509/2509/2509 2508/2508/2508 2504/2504/2504
f 2504/2504/2504 2510/2510/2510 2509/2509/2509
f 2505/2505/2505 2510/2510/2510 2504/2504/2504
f 2505/2505/2505 2511/2511/2511 2510/2510/2510
f 2506/2506/2506 2511/2511/2511 2505/2505/2505
f 2506/2506/2506 2507/2507/2507 2511/2511/2511
f 2511/2511/2511 2507/2507/2507 2512/2512/2512
f 2509/2509/2509 2513/2513/2513 2508/2508/2508
f 2514/2514/2514 2513/2513/2513 2509/2509/2509
f 2509/2509/2509 2515/2515/2515 2514/2514/2514
f 2510/2510/2510 2515/2515/2515 2509/2509/2509
f 2510/2510/2510 2516/2516/2516 2515/2515/2515
f 2511/2511/2511 2516/2516/2516 2510/2510/2510
f 2511/2511/2511 2512/2512/2512 2516/2516/2516
f 2516/2516/2516 2512/2512/2512 2517/2517/2517
f 2514/2514/2514 2518/2518/2518 2513/2513/2513
f 2519/2519/2519 2518/2518/2518 2514/2514/2514
f 2514/2514/2514 2520/2520/2520 2519/2519/2519
f 2515/2515/2515 2520/2520/2520 2514/2514/2514
f 2515/2515/2515 2521/2521/2521 2520/2520/2520
f 2516/2516/2516 2521/2521/2521 2515/2515/2515
f 2516/2516/2516 2517/2517/2517 2521/2521/2521
f 2521/2521/2521 2517/2517/2517 2522/2522/2522
f 2519/2519/2519 2523/2523/2523 2518/2518/2518
f 2524/2524/2524 2523/2523/2523 2519/2519/2519
f 2519/2519/2519 2525/2525/2525 2524/2524/2524
f 2520/2520/2520 2525/2525/2525 2519/2519/2519
f 2520/2520/2520 2526/2526/2526 2525/2525/2525
f 2521/2521/2521 2526/2526/2526 2520/2520/2520
f 2521/2521/2521 2522/2522/2522 2526/2526/2526
f 2526/2526/2526 2522/2522/2522 2527/2527/2527
f 2524/2524/2524 2528/2528/2528 2523/2523/2523
f 2529/2529/2529 2528/2528/2528 2524/2524/2524
f 2524/2524/2524 2530/2530/2530 2529/2529/2529
f 2525/2525/2525 2530/2530/2530 2524/2524/2524
f 2525/2525/2525 2531/2531/2531 2530/2530/2530
f 2526/2526/2526 2531/2531/2531 2525/2525/2525
f 2526/2526/2526 2527/2527/2527 2531/2531/2531
f 2531/2531/2531 2527/2527/2527 2532/2532/2532
f 2529/2529/2529 2533/2533/2533 2528/2528/2528
f 2534/2534/2534 2533/2533/2533 2529/2529/2529
f 2529/2529/2529 2535/2535/2535 2534/2534/2534
f 2530/2530/2530 2535/2535/2535 2529/2529/2529
f 2530/2530/2530 2536/2536/2536 2535/2535/2535
f 2531/2531/2531 2536/2536/2536 2530/2530/2530
f 2531/2531/2531 2532/2532/2532 2536/2536/2536
f 2536/2536/2536 2532/2532/2532 2537/2537/2537
f 2534/2534/2534 2538/2538/2538 2533/2533/2533
f 2539/2539/2539 2538/2538/2538 2534/2534/2534
f 2534/2534/2534 2540/2540/2540 2539/2539/2539
f 2535/2535/2535 2540/2540/2540 2534/2534/2534
f 2535/2535/2535 2541/2541/2541 2540/2540/2540
f 2536/2536/2536 2541/2541/2541 2535/2535/2535
f 2536/2536/2536 2537/2537/2537 2541/2541/2541
f 2541/2541/2541 2537/2537/2537 2542/2542/2542
f 2539/2539/2539 2543/2543/2543 2538/2538/2538
f 2544/2544/2544 2543/2543/2543 2539/2539/2539
f 2539/2539/2539 2545/2545/2545 2544/2544/2544
f 2540/2540/2540 2545/2545/2545 2539/2539/2539
f 2540/2540/2540 2546/2546/2546 2545/2545/2545
f 2541/2541/2541 2546/2546/2546 2540/2540/2540
f 2541/2541/2541 2542/2542/2542 2546/2546/2546
f 2546/2546/2546 2542/2542/2542 2547/2547/2547
f 2544/2544/2544 2548/2548/2548 2543/2543/2543
f 2549/2549/2549 2548/2548/2548 2544/2544/2544
f 2544/2544/2544 2550/2550/2550 2549/2549/2549
f 2545/2545/2545 2550/2550/2550 2544/2544/2544
f 2545/2545/2545 2551/2551/2551 2550/2550/2550
f 2546/2546/2546 2551/2551/2551 2545/2545/2545
f 2547/2547/2547 2551/2551/2551 2546/2546/2546
f 2552/2552/2552 2551/2551/2551 2547/2547/2547
f 2549/2549/2549 2442/2442/2442 2548/2548/2548
f 2439/2439/2439 2442/2442/2442 2549/2549/2549
f 2549/2549/2549 2437/2437/2437 2439/2439/2439
f 2550/2550/2550 2437/2437/2437 2549/2549/2549
f 2550/2550/2550 2436/2436/2436 2437/2437/2437
f 2551/2551/2551 2436/2436/2436 2550/2550/2550
f 2552/2552/2552 2436/2436/2436 2551/2551/2551
f 2433/2433/2433 2436/2436/2436 2552/2552/2552
f 2554/2554/2554 2553/2553/2553 2555/2555/2555
f 2556/2556/2556 2553/2553/2553 2554/2554/2554
f 2557/2557/2557 2553/2553/2553 2558/2558/2558
f 2559/2559/2559 2553/2553/2553 2557/2557/2557
f 2561/2561/2561 2560/2560/2560 2562/2562/2562
f 2563/2563/2563 2560/2560/2560 2561/2561/2561
f 2564/2564/2564 2560/2560/2560 2565/2565/2565
f 2566/2566/2566 2560/2560/2560 2564/2564/2564
f 2568/2568/2568 2567/2567/2567 2569/2569/2569
f 2570/2570/2570 2567/2567/2567 2568/2568/2568
f 2571/2571/2571 2567/2567/2567 2572/2572/2572
f 2573/2573/2573 2567/2567/2567 2571/2571/2571
f 2575/2575/2575 2574/2574/2574 2576/2576/2576
f 2577/2577/2577 2574/2574/2574 2575/2575/2575
f 2578/2578/2578 2574/2574/2574 2579/2579/2579
f 2580/2580/2580 2574/2574/2574 2578/2578/2578
f 2582/2582/2582 2581/2581/2581 2583/2583/2583
f 2584/2584/2584 2581/2581/2581 2582/2582/2582
f 2585/2585/2585 2581/2581/2581 2586/2586/2586
f 2587/2587/2587 2581/2581/2581 2585/2585/2585
f 2589/2589/2589 2588/2588/2588 2590/2590/2590
f 2591/2591/2591 2588/2588/2588 2589/2589/2589
f 2592/2592/2592 2588/2588/2588 2593/2593/2593
f 2594/2594/2594 2588/2588/2588 2592/2592/2592
f 2596/2596/2596 2595/2595/2595 2597/2597/2597
f 2598/2598/2598 2595/2595/2595 2596/2596/2596
f 2599/2599/2599 2595/2595/2595 2600/2600/2600
f 2601/2601/2601 2595/2595/2595 2599/2599/2599
f 2603/2603/2603 2602/2602/2602 2604/2604/2604
f 2605/2605/2605 2602/2602/2602 2603/2603/2603
f 2606/2606/2606 2602/2602/2602 2607/2607/2607
f 2608/2608/2608 2602/2602/2602 2606/2606/2606
f 2610/2610/2610 2609/2609/2609 2611/2611/2611
f 2612/2612/2612 2609/2609/2609 2610/2610/2610
f 2613/2613/2613 2609/2609/2609 2614/2614/2614
f 2615/2615/2615 2609/2609/2609 2613/2613/2613
f 2617/2617/2617 2616/2616/2616 2618/2618/2618
f 2619/2619/2619 2616/2616/2616 2617/2617/2617
f 2620/2620/2620 2616/2616/2616 2621/2621/2621
f 2622/2622/2622 2616/2616/2616 2620/2620/2620
f 2624/2624/2624 2623/2623/2623 2625/2625/2625
f 2626/2626/2626 2623/2623/2623 2624/2624/2624
f 2627/2627/2627 2623/2623/2623 2628/2628/2628
f 2629/2629/2629 2623/2623/2623 2627/2627/2627
f 2631/2631/2631 2630/2630/2630 2632/2632/2632
f 2633/2633/2633 2630/2630/2630 2631/2631/2631
f 2634/2634/2634 2630/2630/2630 2635/2635/2635
f 2636/2636/2636 2630/2630/2630 2634/2634/2634
f 2638/2638/2638 2637/2637/2637 2639/2639/2639
f 2640/2640/2640 2637/2637/2637 2638/2638/2638
f 2641/2641/2641 2637/2637/2637 2642/2642/2642
f 2643/2643/2643 2637/2637/2637 2641/2641/2641
f 2645/2645/2645 2644/2644/2644 2646/2646/2646
f 2647/2647/2647 2644/2644/2644 2645/2645/2645
f 2648/2648/2648 2644/2644/2644 2649/2649/2649
f 2650/2650/2650 2644/2644/2644 2648/2648/2648
f 2652/2652/2652 2651/2651/2651 2653/2653/2653
f 2654/2654/2654 2651/2651/2651 2652/2652/2652
f 2655/2655/2655 2651/2651/2651 2656/2656/2656
f 2657/2657/2657 2651/2651/2651 2655/2655/2655
f 2659/2659/2659 2658/2658/2658 2660/2660/2660
f 2661/2661/2661 2658/2658/2658 2659/2659/2659
f 2662/2662/2662 2658/2658/2658 2663/2663/2663
f 2664/2664/2664 2658/2658/2658 2662/2662/2662
f 2666/2666/2666 2665/2665/2665 2667/2667/2667
f 2668/2668/2668 2665/2665/2665 2666/2666/2666
f 2669/2669/2669 2665/2665/2665 2670/2670/2670
f 2671/2671/2671 2665/2665/2665 2669/2669/2669
f 2673/2673/2673 2672/2672/2672 2674/2674/2674
f 2675/2675/2675 2672/2672/2672 2673/2673/2673
f 2676/2676/2676 2672/2672/2672 2677/2677/2677
f 2678/2678/2678 2672/2672/2672 2676/2676/2676
f 2680/2680/2680 2679/2679/2679 2681/2681/2681
f 2682/2682/2682 2679/2679/2679 2680/2680/2680
f 2683/2683/2683 2679/2679/2679 2684/2684/2684
f 2685/2685/2685 2679/2679/2679 2683/2683/2683
f 2687/2687/2687 2686/2686/2686 2688/2688/2688
f 2689/2689/2689 2686/2686/2686 2687/2687/2687
f 2690/2690/2690 2686/2686/2686 2691/2691/2691
f 2692/2692/2692 2686/2686/2686 2690/2690/2690
f 2694/2694/2694 2693/2693/2693 2695/2695/2695
f 2696/2696/2696 2693/2693/2693 2694/2694/2694
f 2697/2697/2697 2693/2693/2693 2698/2698/2698
f 2699/2699/2699 2693/2693/2693 2697/2697/2697
f 2701/2701/2701 2700/2700/2700 2702/2702/2702
f 2703/2703/2703 2700/2700/2700 2701/2701/2701
f 2704/2704/2704 2700/2700/2700 2705/2705/2705
f 2706/2706/2706 2700/2700/2700 2704/2704/2704
f 2708/2708/2708 2707/2707/2707 2709/2709/2709
f 2710/2710/2710 2707/2707/2707 2708/2708/2708
f 2711/2711/2711 2707/2707/2707 2712/2712/2712
f 2713/2713/2713 2707/2707/2707 2711/2711/2711
f 2715/2715/2715 2714/2714/2714 2716/2716/2716
f 2717/2717/2717 2714/2714/2714 2715/2715/2715
f 2717/2717/2717 2718/2718/2718 2719/2719/2719
f 2719/2719/2719 2718/2718/2718 2720/2720/2720
f 2722/2722/2722 2721/2721/2721 2723/2723/2723
f 2724/2724/2724 2721/2721/2721 2722/2722/2722
f 2726/2726/2726 2725/2725/2725 2727/2727/2727
f 2728/2728/2728 2725/2725/2725 2726/2726/2726
f 2730/2730/2730 2729/2729/2729 2731/2731/2731
f 2732/2732/2732 2729/2729/2729 2730/2730/2730
f 2734/2734/2734 2733/2733/2733 2735/2735/2735
f 2736/2736/2736 2733/2733/2733 2734/2734/2734
f 2738/2738/2738 2737/2737/2737 2739/2739/2739
f 2740/2740/2740 2737/2737/2737 2738/2738/2738
f 2742/2742/2742 2741/2741/2741 2743/2743/2743
f 2744/2744/2744 2741/2741/2741 2742/2742/2742
f 2746/2746/2746 2745/2745/2745 2747/2747/2747
f 2748/2748/2748 2745/2745/2745 2746/2746/2746
f 2750/2750/2750 2749/2749/2749 2751/2751/2751
f 2752/2752/2752 2749/2749/2749 2750/2750/2750
f 2754/2754/2754 2753/2753/2753 2755/2755/2755
f 2756/2756/2756 2753/2753/2753 2754/2754/2754
f 2758/2758/2758 2757/2757/2757 2759/2759/2759
f 2760/2760/2760 2757/2757/2757 2758/2758/2758
f 2762/2762/2762 2761/2761/2761 2763/2763/2763
f 2764/2764/2764 2761/2761/2761 2762/2762/2762
f 2766/2766/2766 2765/2765/2765 2767/2767/2767
f 2768/2768/2768 2765/2765/2765 2766/2766/2766
f 2770/2770/2770 2769/2769/2769 2771/2771/2771
f 2772/2772/2772 2769/2769/2769 2770/2770/2770
f 2774/2774/2774 2773/2773/2773 2775/2775/2775
f 2776/2776/2776 2773/2773/2773 2774/2774/2774
f 2778/2778/2778 2777/2777/2777 2779/2779/2779
f 2780/2780/2780 2777/2777/2777 2778/2778/2778
f 2777/2777/2777 2781/2781/2781 2779/2779/2779
f 2779/2779/2779 2781/2781/2781 2782/2782/2782
f 2781/2781/2781 2783/2783/2783 2782/2782/2782
f 2782/2782/2782 2783/2783/2783 2784/2784/2784
f 2783/2783/2783 2785/2785/2785 2784/2784/2784
f 2784/2784/2784 2785/2785/2785 2786/2786/2786
f 2785/2785/2785 2787/2787/2787 2786/2786/2786
f 2786/2786/2786 2787/2787/2787 2788/2788/2788
f 2787/2787/2787 2789/2789/2789 2788/2788/2788
f 2788/2788/2788 2789/2789/2789 2790/2790/2790
f 2789/2789/2789 2791/2791/2791 2790/2790/2790
f 2790/2790/2790 2791/2791/2791 2792/2792/2792
f 2791/2791/2791 2793/2793/2793 2792/2792/2792
f 2792/2792/2792 2793/2793/2793 2794/2794/2794
f 2793/2793/2793 2795/2795/2795 2794/2794/2794
f 2794/2794/2794 2795/2795/2795 2796/2796/2796
f 2795/2795/2795 2797/2797/2797 2796/2796/2796
f 2796/2796/2796 2797/2797/2797 2798/2798/2798
f 2797/2797/2797 2799/2799/2799 2798/2798/2798
f 2798/2798/2798 2799/2799/2799 2800/2800/2800
f 2799/2799/2799 2801/2801/2801 2800/2800/2800
f 2800/2800/2800 2801/2801/2801 2802/2802/2802
f 2801/2801/2801 2803/2803/2803 2802/2802/2802
f 2802/2802/2802 2803/2803/2803 2804/2804/2804
f 2803/2803/2803 2805/2805/2805 2804/2804/2804
f 2804/2804/2804 2805/2805/2805 2806/2806/2806
f 2805/2805/2805 2807/2807/2807 2806/2806/2806
f 2806/2806/2806 2807/2807/2807 2808/2808/2808
f 2807/2807/2807 2780/2780/2780 2808/2808/2808
f 2808/2808/2808 2780/2780/2780 2778/2778/2778
f 2810/2810/2810 2809/2809/2809 2811/2811/2811
f 2812/2812/2812 2809/2809/2809 2810/2810/2810
f 2810/2810/2810 2813/2813/2813 2814/2814/2814
f 2815/2815/2815 2813/2813/2813 2810/2810/2810
f 2817/2817/2817 2816/2816/2816 2818/2818/2818
f 2819/2819/2819 2816/2816/2816 2817/2817/2817
f 2819/2819/2819 2820/2820/2820 2821/2821/2821
f 2821/2821/2821 2820/2820/2820 2822/2822/2822
f 2824/2824/2824 2823/2823/2823 2825/2825/2825
f 2826/2826/2826 2823/2823/2823 2824/2824/2824
f 2826/2826/2826 2827/2827/2827 2828/2828/2828
f 2828/2828/2828 2827/2827/2827 2829/2829/2829
f 2831/2831/2831 2830/2830/2830 2832/2832/2832
f 2833/2833/2833 2830/2830/2830 2831/2831/2831
f 2833/2833/2833 2834/2834/2834 2835/2835/2835
f 2835/2835/2835 2834/2834/2834 2836/2836/2836
f 2838/2838/2838 2837/2837/2837 2839/2839/2839
f 2840/2840/2840 2837/2837/2837 2838/2838/2838
f 2840/2840/2840 2841/2841/2841 2842/2842/2842
f 2842/2842/2842 2841/2841/2841 2843/2843/2843
f 2845/2845/2845 2844/2844/2844 2846/2846/2846
f 2847/2847/2847 2844/2844/2844 2845/2845/2845
f 2847/2847/2847 2848/2848/2848 2849/2849/2849
f 2849/2849/2849 2848/2848/2848 2850/2850/2850
f 2852/2852/2852 2851/2851/2851 2853/2853/2853
f 2854/2854/2854 2851/2851/2851 2852/2852/2852
f 2854/2854/2854 2855/2855/2855 2856/2856/2856
f 2856/2856/2856 2855/2855/2855 2857/2857/2857
f 2859/2859/2859 2858/2858/2858 2860/2860/2860
f 2861/2861/2861 2858/2858/2858 2859/2859/2859
f 2861/2861/2861 2862/2862/2862 2863/2863/2863
f 2863/2863/2863 2862/2862/2862 2864/2864/2864
f 2866/2866/2866 2865/2865/2865 2867/2867/2867
f 2868/2868/2868 2865/2865/2865 2866/2866/2866
f 2868/2868/2868 2869/2869/2869 2870/2870/2870
f 2870/2870/2870 2869/2869/2869 2871/2871/2871
f 2873/2873/2873 2872/2872/2872 2874/2874/2874
f 2875/2875/2875 2872/2872/2872 2873/2873/2873
f 2875/2875/2875 2876/2876/2876 2877/2877/2877
f 2877/2877/2877 2876/2876/2876 2878/2878/2878
f 2880/2880/2880 2879/2879/2879 2881/2881/2881
f 2882/2882/2882 2879/2879/2879 2880/2880/2880
f 2882/2882/2882 2883/2883/2883 2884/2884/2884
f 2884/2884/2884 2883/2883/2883 2885/2885/2885
f 2887/2887/2887 2886/2886/2886 2888/2888/2888
f 2889/2889/2889 2886/2886/2886 2887/2887/2887
f 2889/2889/2889 2890/2890/2890 2891/2891/2891
f 2891/2891/2891 2890/2890/2890 2892/2892/2892
f 2894/2894/2894 2893/2893/2893 2895/2895/2895
f 2896/2896/2896 2893/2893/2893 2894/2894/2894
f 2896/2896/2896 2897/2897/2897 2898/2898/2898
f 2898/2898/2898 2897/2897/2897 2899/2899/2899
f 2901/2901/2901 2900/2900/2900 2902/2902/2902
f 2903/2903/2903 2900/2900/2900 2901/2901/2901
f 2903/2903/2903 2904/2904/2904 2905/2905/2905
f 2905/2905/2905 2904/2904/2904 2906/2906/2906
f 2908/2908/2908 2907/2907/2907 2909/2909/2909
f 2910/2910/2910 2907/2907/2907 2908/2908/2908
f 2910/2910/2910 2911/2911/2911 2912/2912/2912
f 2912/2912/2912 2911/2911/2911 2913/2913/2913
f 2915/2915/2915 2914/2914/2914 2916/2916/2916
f 2917/2917/2917 2914/2914/2914 2915/2915/2915
f 2917/2917/2917 2918/2918/2918 2919/2919/2919
f 2919/2919/2919 2918/2918/2918 2920/2920/2920
f 2922/2922/2922 2921/2921/2921 2923/2923/2923
f 2924/2924/2924 2921/2921/2921 2922/2922/2922
f 2924/2924/2924 2925/2925/2925 2926/2926/2926
f 2926/2926/2926 2925/2925/2925 2927/2927/2927
f 2929/2929/2929 2928/2928/2928 2930/2930/2930
f 2931/2931/2931 2928/2928/2928 2929/2929/2929
f 2931/2931/2931 2932/2932/2932 2933/2933/2933
f 2933/2933/2933 2932/2932/2932 2934/2934/2934
f 2936/2936/2936 2935/2935/2935 2937/2937/2937
f 2938/2938/2938 2935/2935/2935 2936/2936/2936
f 2938/2938/2938 2939/2939/2939 2940/2940/2940
f 2940/2940/2940 2939/2939/2939 2941/2941/2941
f 2943/2943/2943 2942/2942/2942 2944/2944/2944
f 2945/2945/2945 2942/2942/2942 2943/2943/2943
f 2945/2945/2945 2946/2946/2946 2947/2947/2947
f 2947/2947/2947 2946/2946/2946 2948/2948/2948
f 2950/2950/2950 2949/2949/2949 2951/2951/2951
f 2952/2952/2952 2949/2949/2949 2950/2950/2950
f 2952/2952/2952 2953/2953/2953 2954/2954/2954
f 2954/2954/2954 2953/2953/2953 2955/2955/2955
f 2957/2957/2957 2956/2956/2956 2958/2958/2958
f 2959/2959/2959 2956/2956/2956 2957/2957/2957
f 2959/2959/2959 2960/2960/2960 2961/2961/2961
f 2961/2961/2961 2960/2960/2960 2962/2962/2962
f 2964/2964/2964 2963/2963/2963 2965/2965/2965
f 2966/2966/2966 2963/2963/2963 2964/2964/2964
f 2966/2966/2966 2967/2967/2967 2968/2968/2968
f 2968/2968/2968 2967/2967/2967 2969/2969/2969
f 2971/2971/2971 2970/2970/2970 2972/2972/2972
f 2973/2973/2973 2970/2970/2970 2971/2971/2971
f 2975/2975/2975 2974/2974/2974 2972/2972/2972
f 2976/2976/2976 2974/2974/2974 2975/2975/2975
f 1563/1563/1563 2977/2977/2977 2978/2978/2978
f 2979/2979/2979 1402/1402/1402 1354/1354/1354
f 2981/2981/2981 2980/2980/2980 1415/1415/1415
f 2983/2983/2983 2982/2982/2982 2984/2984/2984
f 2985/2985/2985 2982/2982/2982 2986/2986/2986
f 2988/2988/2988 2987/2987/2987 2986/2986/2986
f 2989/2989/2989 2987/2987/2987 2990/2990/2990
v -0.07652245 -1.205532 0.751317
v -0.009671977 -1.30939 0.7800178
v -0.1099281 -1.245416 0.7438243
v -0.01896376 -1.328195 0.7717763
v -0.009671977 -1.30939 0.7800178
v -0.1138656 -1.28053 0.7462667
v 0.02468365 -1.299112 0.7638321
v 0.0453012 -1.319673 0.6501826
v 0.04103289 -1.303736 0.6328425
v -0.1138656 -1.28053 0.7462667
v 0.02010659 -1.297465 0.7703062
v -0.1271466 -1.2907 0.7213845
v 0.02010659 -1.297465 0.7703062
v 0.05059898 -1.333571 0.6650714
v 0.01306622 -1.408991 0.6759012
v 0.02412773 -1.405653 0.7663591
v 0.01152731 -1.28452 0.7709055
v -0.09502339 -1.239013 0.6238082
v -0.07895425 -1.335597 0.6075169
v -0.1099281 -1.245416 0.7438243
v -0.0148984 -1.288189 0.7260846
v -0.06754746 -1.254947 0.7074903
v -0.08866998 -1.320934 0.7268845
v -0.01903488 -1.256479 0.7209423
v -0.1161249 -1.294283 0.7220022
v -0.0148984 -1.288189 0.7260846
v -0.03990837 -1.26938 0.7143884
v -0.1278183 -1.295062 0.8789332
v -0.1593713 -1.287637 0.8393377
v -0.08866998 -1.320934 0.7268845
v -0.03427414 -1.287714 0.8949062
v -0.0443085 -1.321907 0.8808226
v -0.1593713 -1.287637 0.8393377
v 0.02480921 -1.295197 0.7836164
v -0.01825947 -1.334448 0.8810216
v 0.01800592 -1.302923 0.8283377
v 0.02480921 -1.295197 0.7836164
v -0.006012364 -1.395035 0.8375022
v -0.005347895 -1.271546 0.7449891
v -0.006012364 -1.395035 0.8375022
v 0.01152731 -1.28452 0.7709055
v 0.02412773 -1.405653 0.7663591
v -0.1113686 -1.428131 0.7298415
v -0.1524252 -1.376143 0.7840095
v -0.1333009 -1.340587 0.8670797
v -0.1271466 -1.2907 0.7213845
v -0.1189373 -1.284389 0.7221738
v 0.02010659 -1.297465 0.7703062
v -0.1113686 -1.428131 0.7298415
v -0.1014676 -1.394807 0.6560845
v -0.1189373 -1.284389 0.7221738
v 0.01306622 -1.408991 0.6759012
v -0.1014676 -1.394807 0.6560845
v -0.07895425 -1.335597 0.6075169
v -0.1271466 -1.2907 0.7213845
v -0.1138656 -1.28053 0.7462667
v 0.01306622 -1.408991 0.6759012
v 0.05059898 -1.333571 0.6650714
v 0.02468365 -1.299112 0.7638321
v 0.04103289 -1.303736 0.6328425
v -0.009671977 -1.30939 0.7800178
v -0.09502339 -1.239013 0.6238082
v 0.05059898 -1.333571 0.6650714
v 0.04103289 -1.303736 0.6328425
v -0.01166959 -1.193391 0.6275431
v 0.0453012 -1.319673 0.6501826
v -0.04949229 -1.277462 0.7141291
v -0.03990837 -1.26938 0.7143884
v -0.1161249 -1.294283 0.7220022
v 0.02480921 -1.295197 0.7836164
v -0.005347895 -1.271546 0.7449891
v 0.02480921 -1.295197 0.7836164
v -0.1200465 -1.285879 0.724991
v -0.005347895 -1.271546 0.7449891
v -0.1189373 -1.284389 0.7221738
v 0.01152731 -1.28452 0.7709055
v -0.1189373 -1.284389 0.7221738
v -0.1524252 -1.376143 0.7840095
v -0.1113686 -1.428131 0.7298415
v -0.1524252 -1.376143 0.7840095
v -0.1583389 -1.308883 0.7725976
v -0.1333009 -1.340587 0.8670797
v -0.1583389 -1.308883 0.7725976
v -0.1593713 -1.287637 0.8393377
v -0.1161249 -1.294283 0.7220022
v -0.04256094 -1.191196 0.7626166
v -0.01896376 -1.328195 0.7717763
v -0.07652245 -1.205532 0.751317
v -0.02051793 -1.340835 0.7565648
v -0.04256094 -1.191196 0.7626166
v -0.01718402 -1.264478 0.8046289
v -0.01721746 -1.252956 0.8046069
v 0.02518935 -1.18926 0.8046567
v -0.01721746 -1.252956 0.8046069
v 0.02318911 -1.328174 0.8028671
v 0.111078 -1.32814 0.7019492
v 0.03912605 -1.328707 0.8181303
v 0.1457503 -1.317541 0.7202296
v 0.06740333 -1.180931 0.68092
v 0.0319164 -1.212409 0.628029
v 0.03258845 -1.162957 0.7296437
v 0.06740333 -1.180931 0.68092
v 0.1123877 -1.189294 0.7030283
v 0.06738144 -1.336272 0.6805279
v 0.1123877 -1.189294 0.7030283
v 0.04070985 -1.188652 0.8200524
v 0.02318911 -1.328174 0.8028671
v 0.02518935 -1.18926 0.8046567
v 0.03912605 -1.328707 0.8181303
v 0.1457503 -1.317541 0.7202296
v 0.06183602 -1.347912 0.8080089
v 0.1362043 -1.347319 0.7563771
v 0.06183602 -1.347912 0.8080089
v 0.1194895 -1.3557 0.8236911
v 0.05257209 -1.318514 0.8586339
v 0.1123877 -1.189294 0.7030283
v 0.12926 -1.179453 0.7332407
v 0.02518935 -1.18926 0.8046567
v 0.111078 -1.32814 0.7019492
v 0.06738144 -1.336272 0.6805279
v 0.03440204 -1.35446 0.7296436
v 0.12926 -1.179453 0.7332407
v -0.02051793 -1.340835 0.7565648
v 0.06738144 -1.336272 0.6805279
v 0.03746021 -1.337481 0.6638328
v 0.0319164 -1.212409 0.628029
v 0.06740333 -1.180931 0.68092
v 0.1542469 -1.187017 0.7421668
v 0.1457503 -1.317541 0.7202296
v 0.0453012 -1.319673 0.6501826
v -0.01166959 -1.193391 0.6275431
v 0.03746021 -1.337481 0.6638328
v 0.03912605 -1.328707 0.8181303
v 0.02350595 -1.249894 0.8407705
v 0.06183602 -1.347912 0.8080089
v 0.04070985 -1.188652 0.8200524
v 0.02350595 -1.249894 0.8407705
v 0.05257209 -1.318514 0.8586339
v 0.07070796 -1.178481 0.8490777
v 0.08602383 -1.226872 0.9014968
v 0.07070796 -1.178481 0.8490777
v 0.08912102 -1.311044 0.8929631
v 0.05257209 -1.318514 0.8586339
v 0.1350323 -1.323406 0.8858045
v 0.1194895 -1.3557 0.8236911
v 0.08912102 -1.311044 0.8929631
v 0.1298649 -1.17734 0.8673419
v 0.1194895 -1.161734 0.8236949
v 0.09525799 -1.160182 0.7852463
v 0.1542469 -1.187017 0.7421668
v 0.09525799 -1.160182 0.7852463
v 0.12926 -1.179453 0.7332407
v -0.1795862 -1.320305 0.7683256
v -0.1561986 -1.226872 0.7147921
v -0.1651373 -1.311043 0.7163758
v -0.1991594 -1.176271 0.758072
v -0.2037644 -1.18604 0.7918113
v -0.2256891 -1.348225 0.7822593
v -0.1991594 -1.176271 0.758072
v -0.2049475 -1.328707 0.7970794
v -0.2037644 -1.18604 0.7918113
v -0.2040751 -1.188652 0.7947476
v -0.2487356 -1.161214 0.7284786
v -0.3288296 -1.187633 0.7350615
v -0.3235319 -1.179454 0.7614691
v -0.1989083 -1.328256 0.6818472
v -0.1651373 -1.311043 0.7163758
v -0.2487356 -1.356222 0.7284793
v -0.1561986 -1.226872 0.7147921
v -0.2157585 -1.172321 0.6980703
v -0.2040751 -1.188652 0.7947476
v -0.2101978 -1.328174 0.8185149
v -0.2096482 -1.189261 0.8158886
v -0.2049475 -1.328707 0.7970794
v -0.3430448 -1.317541 0.7536939
v -0.2256891 -1.348225 0.7822593
v -0.3080958 -1.346674 0.7433554
v -0.2256891 -1.348225 0.7822593
v -0.2487356 -1.356222 0.7284793
v -0.1795862 -1.320305 0.7683256
v -0.3412603 -1.189295 0.7911858
v -0.3235319 -1.179454 0.7614691
v -0.2096482 -1.189261 0.8158886
v -0.34154 -1.32814 0.7928593
v -0.3380202 -1.33642 0.8411317
v -0.197981 -1.304826 0.8513492
v -0.3235319 -1.179454 0.7614691
v -0.227387 -1.340078 0.8792908
v -0.3380202 -1.33642 0.8411317
v -0.3359245 -1.338497 0.8746715
v -0.3595497 -1.202812 0.9066455
v -0.3379153 -1.180932 0.8411974
v -0.3288296 -1.187633 0.7350615
v -0.3430448 -1.317541 0.7536939
v -0.3529361 -1.320122 0.8752533
v -0.3744868 -1.246131 0.9190432
v -0.3359245 -1.338497 0.8746715
v -0.2096482 -1.189261 0.8158886
v -0.197981 -1.304826 0.8513492
v -0.2149162 -1.189236 0.8515313
v -0.2101978 -1.328174 0.8185149
v -0.215791 -1.188215 0.903445
v -0.227387 -1.340078 0.8792908
v -0.2149162 -1.189236 0.8515313
v -0.3379153 -1.180932 0.8411974
v -0.3412603 -1.189295 0.7911858
v -0.2148549 -1.327323 0.8711945
v -0.215791 -1.188215 0.903445
v -0.1979262 -1.214039 0.9236702
v -0.3379153 -1.180932 0.8411974
v -0.3595497 -1.202812 0.9066455
v -0.3022046 -1.226275 1.00459
v -0.34154 -1.32814 0.7928593
v -0.2049475 -1.328707 0.7970794
v -0.3430448 -1.317541 0.7536939
v -0.3380202 -1.33642 0.8411317
v -0.3412603 -1.189295 0.7911858
v -0.3359245 -1.338497 0.8746715
v -0.3529361 -1.320122 0.8752533
v -0.227387 -1.340078 0.8792908
v -0.3595497 -1.202812 0.9066455
v -0.215791 -1.188215 0.903445
v -0.3022046 -1.226275 1.00459
v -0.3744868 -1.246131 0.9190432
v -0.3666104 -1.303796 0.8887047
v -0.3022046 -1.226275 1.00459
v -0.3529361 -1.320122 0.8752533
v -0.3283028 -1.335597 1.004651
v -0.3666104 -1.303796 0.8887047
v -0.3432365 -1.333574 0.8636759
v -0.2055968 -1.290699 0.9894506
v -0.2749872 -1.394808 0.9998623
v -0.1906874 -1.280529 0.9655056
v -0.2055968 -1.290699 0.9894506
v -0.2061601 -1.428129 0.9715613
v -0.1967382 -1.346338 1.004532
v -0.2121173 -1.256949 0.9065562
v -0.2284199 -1.25676 0.9198453
v -0.2368562 -1.297466 0.837465
v -0.292632 -1.318282 0.8354768
v -0.3432365 -1.333574 0.8636759
v -0.2135543 -1.309389 0.8584
v -0.3150914 -1.408994 0.8907662
v -0.2749872 -1.394808 0.9998623
v -0.3150914 -1.408994 0.8907662
v -0.2422821 -1.405657 0.8359579
v -0.1656014 -1.395036 0.8264879
v -0.2455078 -1.346338 0.8223281
v -0.2460547 -1.271546 0.8721706
v -0.2276796 -1.295198 0.8267363
v -0.1656014 -1.395036 0.8264879
v -0.1217914 -1.334447 0.8153333
v -0.2061601 -1.428129 0.9715613
v -0.1387229 -1.376143 0.9800313
v -0.07634274 -1.340589 0.9219305
v -0.1017594 -1.287714 0.8222595
v -0.2276796 -1.295198 0.8267363
v -0.2456248 -1.291036 0.850553
v -0.2105699 -1.294282 0.979598
v -0.2576091 -1.288355 0.889699
v -0.2518874 -1.262832 0.9334368
v -0.2576091 -1.288355 0.889699
v -0.247642 -1.25495 0.9442656
v -0.2600897 -1.256476 0.8954427
v -0.06890649 -1.295277 0.9113715
v -0.08733486 -1.287635 0.9583847
v -0.1809543 -1.342017 0.9528369
v -0.1085225 -1.321538 0.8379775
v -0.08733486 -1.287635 0.9583847
v -0.06890649 -1.295277 0.9113715
v -0.07003724 -1.259534 0.8700723
v -0.06762528 -1.259534 0.8783471
v -0.07634274 -1.340589 0.9219305
v -0.1017594 -1.287714 0.8222595
v -0.2135543 -1.309389 0.8584
v -0.1906874 -1.280529 0.9655056
v -0.1947753 -1.245413 0.9633231
v -0.1897462 -1.276592 0.9005557
v -0.1906874 -1.280529 0.9655056
v -0.2368562 -1.297466 0.837465
v -0.2055968 -1.290699 0.9894506
v -0.1979262 -1.214039 0.9236702
v -0.2135543 -1.309389 0.8584
v -0.2148549 -1.327323 0.8711945
v -0.3529361 -1.320122 0.8752533
v -0.3666104 -1.303796 0.8887047
v -0.2422821 -1.405657 0.8359579
v -0.3150914 -1.408994 0.8907662
v -0.2455078 -1.346338 0.8223281
v -0.2368562 -1.297466 0.837465
v -0.3432365 -1.333574 0.8636759
v -0.292632 -1.318282 0.8354768
v -0.1947753 -1.245413 0.9633231
v -0.3022046 -1.226275 1.00459
v -0.3283028 -1.335597 1.004651
v -0.2460547 -1.271546 0.8721706
v -0.2284199 -1.25676 0.9198453
v -0.2121173 -1.256949 0.9065562
v -0.2060224 -1.285879 0.9814996
v -0.2507063 -1.277463 0.9258313
v -0.2460547 -1.271546 0.8721706
v -0.2276796 -1.295198 0.8267363
v -0.2456248 -1.291036 0.850553
v -0.2105699 -1.294282 0.979598
v -0.2276796 -1.295198 0.8267363
v -0.1967382 -1.346338 1.004532
v -0.1387229 -1.376143 0.9800313
v -0.2061601 -1.428129 0.9715613
v -0.1387229 -1.376143 0.9800313
v -0.145649 -1.308884 0.9908584
v -0.07634274 -1.340589 0.9219305
v -0.1085225 -1.321538 0.8379775
v -0.1017594 -1.287714 0.8222595
v -0.2576091 -1.288355 0.889699
v -0.2302182 -1.322885 0.8450437
v -0.2576091 -1.288355 0.889699
v -0.1034263 -1.292282 0.8128446
v -0.145649 -1.308884 0.9908584
v -0.08733486 -1.287635 0.9583847
v -0.2105699 -1.294282 0.979598
v -0.2302182 -1.322885 0.8450437
v -0.2600897 -1.256476 0.8954427
v -0.2109898 -1.259759 0.7967473
v -0.263987 -1.226873 0.854636
v -0.2305466 -1.318515 0.8974952
v -0.2486823 -1.17848 0.907055
v -0.267085 -1.311042 0.8631687
v -0.220842 -1.186355 0.9340992
v -0.2398103 -1.347912 0.9481201
v -0.2486823 -1.17848 0.907055
v -0.2171005 -1.328707 0.937999
v -0.220842 -1.186355 0.9340992
v -0.2186851 -1.188652 0.936076
v -0.2974645 -1.161734 0.9324394
v -0.3322249 -1.187019 1.013959
v -0.3072385 -1.179454 1.022887
v -0.2305466 -1.318515 0.8974952
v -0.312994 -1.323406 0.8703211
v -0.2974645 -1.355701 0.9324383
v -0.267085 -1.311042 0.8631687
v -0.3078316 -1.177337 0.8887898
v -0.2186851 -1.188652 0.936076
v -0.2011634 -1.328174 0.953261
v -0.2031627 -1.189261 0.951472
v -0.2171005 -1.328707 0.937999
v -0.3237268 -1.317541 1.035897
v -0.2398103 -1.347912 0.9481201
v -0.3141795 -1.347319 0.9997514
v -0.2398103 -1.347912 0.9481201
v -0.2974645 -1.355701 0.9324383
v -0.2305466 -1.318515 0.8974952
v -0.290363 -1.189295 1.0531
v -0.3072385 -1.179454 1.022887
v -0.2031627 -1.189261 0.951472
v -0.2890537 -1.32814 1.054178
v -0.2453564 -1.336272 1.075601
v -0.166689 -1.304999 0.9591569
v -0.3072385 -1.179454 1.022887
v -0.1574577 -1.340835 0.9995635
v -0.2453564 -1.336272 1.075601
v -0.2154362 -1.337482 1.092293
v -0.2098895 -1.212409 1.128101
v -0.2453787 -1.180932 1.075209
v -0.3322249 -1.187019 1.013959
v -0.3237268 -1.317541 1.035897
v -0.2232764 -1.319677 1.105943
v -0.1662996 -1.193391 1.128587
v -0.2154362 -1.337482 1.092293
v -0.1354139 -1.191196 0.9935118
v -0.1662996 -1.193391 1.128587
v -0.166689 -1.304999 0.9591569
v -0.1574577 -1.340835 0.9995635
v -0.1754016 -1.189215 0.9735645
v -0.2031627 -1.189261 0.951472
v -0.1754016 -1.189215 0.9735645
v -0.2011634 -1.328174 0.953261
v -0.2453787 -1.180932 1.075209
v -0.290363 -1.189295 1.0531
v -0.1590038 -1.328194 0.9843508
v -0.1354139 -1.191196 0.9935118
v -0.1219631 -1.257489 0.9719232
v -0.2453787 -1.180932 1.075209
v -0.2098895 -1.212409 1.128101
v -0.2890537 -1.32814 1.054178
v -0.2171005 -1.328707 0.937999
v -0.3237268 -1.317541 1.035897
v -0.2453564 -1.336272 1.075601
v -0.290363 -1.189295 1.0531
v -0.2154362 -1.337482 1.092293
v -0.2232764 -1.319677 1.105943
v -0.1574577 -1.340835 0.9995635
v -0.1198246 -1.279938 0.9736283
v -0.1131557 -1.277367 0.9780868
v -0.06804588 -1.245413 1.012308
v -0.1198865 -1.276592 0.9765697
v -0.1131557 -1.277367 0.9780868
v -0.1980831 -1.297467 0.9858233
v -0.05082854 -1.290699 1.034745
v -0.1219631 -1.257489 0.9719232
v -0.1198246 -1.279938 0.9736283
v -0.1590038 -1.328194 0.9843508
v -0.2021002 -1.405657 0.9897697
v -0.1910377 -1.408993 1.080229
v -0.1895021 -1.284521 0.9852241
v -0.1980831 -1.297467 0.9858233
v -0.2285719 -1.333574 1.09106
v -0.2276914 -1.318282 1.033132
v -0.2197116 -1.331481 1.038542
v -0.2232764 -1.319677 1.105943
v -0.219006 -1.303738 1.123289
v -0.05082854 -1.290699 1.034745
v -0.1895021 -1.284521 0.9852241
v -0.05903631 -1.284389 1.033954
v -0.1980831 -1.297467 0.9858233
v -0.06660312 -1.428129 1.026288
v -0.07650924 -1.394807 1.100046
v -0.05903631 -1.284389 1.033954
v -0.1719632 -1.395036 0.9186279
v -0.2021002 -1.405657 0.9897697
v -0.1726225 -1.271546 1.011145
v -0.1910377 -1.408993 1.080229
v -0.07650924 -1.394807 1.100046
v -0.2027841 -1.295197 0.9725138
v -0.1719632 -1.395036 0.9186279
v -0.1597151 -1.334447 0.875108
v -0.06660312 -1.428129 1.026288
v -0.02554989 -1.376143 0.9721182
v -0.04467611 -1.340588 0.889047
v -0.1437015 -1.287713 0.8612227
v -0.2027841 -1.295197 0.9725138
v -0.1911318 -1.291035 0.9999604
v -0.0618489 -1.294283 1.034125
v -0.1630751 -1.288192 1.030045
v -0.08930436 -1.320938 1.029242
v -0.1630751 -1.288192 1.030045
v -0.1104276 -1.254947 1.048639
v -0.1589454 -1.256477 1.035184
v -0.05015685 -1.295061 0.8771949
v -0.0186012 -1.287635 0.9167942
v -0.08930436 -1.320938 1.029242
v -0.1336664 -1.321908 0.8753071
v -0.0186012 -1.287635 0.9167942
v -0.05015685 -1.295061 0.8771949
v -0.09021494 -1.259534 0.8564102
v -0.07418561 -1.259534 0.8606535
v -0.04467611 -1.340588 0.889047
v -0.1437015 -1.287713 0.8612227
v -0.1104276 -1.254947 1.048639
v -0.02831243 -1.293509 1.019807
v -0.02467289 -1.259759 1.023447
v -0.02831243 -1.293509 1.019807
v -0.006881062 -1.259759 0.9091775
v -0.04975222 -1.32159 0.8918868
v -0.1726225 -1.271546 1.011145
v -0.05903631 -1.284389 1.033954
v -0.1895021 -1.284521 0.9852241
v -0.0579243 -1.285881 1.031135
v -0.05916392 -1.287015 1.033797
v -0.1726225 -1.271546 1.011145
v -0.2027841 -1.295197 0.9725138
v -0.1911318 -1.291035 0.9999604
v -0.0618489 -1.294283 1.034125
v -0.2027841 -1.295197 0.9725138
v -0.05903631 -1.284389 1.033954
v -0.02554989 -1.376143 0.9721182
v -0.06660312 -1.428129 1.026288
v -0.02554989 -1.376143 0.9721182
v -0.05916392 -1.287015 1.033797
v -0.04467611 -1.340588 0.889047
v -0.0186012 -1.287635 0.9167942
v -0.0618489 -1.294283 1.034125
v -0.1336664 -1.321908 0.8753071
v -0.1437015 -1.287713 0.8612227
v -0.1630751 -1.288192 1.030045
v -0.1876816 -1.321556 0.986784
v -0.1630751 -1.288192 1.030045
v -0.1991049 -1.303758 0.9049568
v -0.1876816 -1.321556 0.986784
v -0.1589454 -1.256477 1.035184
v -0.2205636 -1.259759 0.9497242
v -0.1929693 -1.225947 1.015239
v -0.1398987 -1.319714 1.01101
v -0.1421589 -1.176818 1.033022
v -0.1413306 -1.264615 0.9938776
v -0.1065249 -1.186368 1.020255
v -0.1039037 -1.347905 1.043677
v -0.1421589 -1.176818 1.033022
v -0.1096032 -1.264915 0.9934398
v -0.1065249 -1.186368 1.020255
v -0.1130411 -1.252519 0.9941213
v -0.1475493 -1.161746 1.09066
v -0.09317504 -1.186952 1.156662
v -0.07262044 -1.179206 1.139075
v -0.08830933 -1.162688 1.082044
v -0.2088703 -1.323431 1.072369
v -0.2024772 -1.328256 1.06624
v -0.1906056 -1.177311 1.078325
v -0.1398987 -1.319714 1.01101
v -0.1475483 -1.355689 1.09066
v -0.2024772 -1.328256 1.06624
v -0.1130411 -1.252519 0.9941213
v -0.07995374 -1.328174 1.01281
v -0.08250222 -1.189261 1.013647
v -0.1096032 -1.264915 0.9934398
v 0.003603394 -1.336826 1.111573
v -0.03649984 -1.32814 1.139383
v -0.05782373 -1.304648 0.9858134
v -0.01829791 -1.340136 0.9969694
v 0.003603394 -1.336826 1.111573
v 0.03335104 -1.337766 1.094316
v 0.06641664 -1.199137 1.098313
v 0.003549184 -1.180932 1.112075
v -0.06958491 -1.317727 1.160099
v -0.03808923 -1.189295 1.139978
v -0.07262044 -1.179206 1.139075
v -0.1039037 -1.347905 1.043677
v -0.09653556 -1.347393 1.133891
v -0.08830936 -1.354746 1.082044
v -0.1039037 -1.347905 1.043677
v -0.1475483 -1.355689 1.09066
v -0.1398987 -1.319714 1.01101
v -0.08830933 -1.162688 1.082044
v -0.07262044 -1.179206 1.139075
v -0.08250222 -1.189261 1.013647
v -0.09317504 -1.186952 1.156662
v -0.06958491 -1.317727 1.160099
v 0.04122275 -1.319675 1.108302
v 0.09892385 -1.198804 1.06403
v 0.03335104 -1.337766 1.094316
v -0.01749003 -1.199495 0.9709849
v 0.008594335 -1.199338 0.9586429
v -0.05782373 -1.304648 0.9858134
v -0.01829791 -1.340136 0.9969694
v -0.04948879 -1.189215 1.000651
v -0.08250222 -1.189261 1.013647
v -0.04948879 -1.189215 1.000651
v -0.07995374 -1.328174 1.01281
v 0.003549184 -1.180932 1.112075
v -0.03808923 -1.189295 1.139978
v -0.03194848 -1.328195 0.9918458
v -0.01749003 -1.199495 0.9709849
v 0.003549184 -1.180932 1.112075
v 0.06641664 -1.199137 1.098313
v -0.03649984 -1.32814 1.139383
v -0.08830936 -1.354746 1.082044
v -0.06958491 -1.317727 1.160099
v 0.003603394 -1.336826 1.111573
v -0.03808923 -1.189295 1.139978
v 0.03335104 -1.337766 1.094316
v 0.04122275 -1.319675 1.108302
v -0.01829791 -1.340136 0.9969694
v -0.04373319 -1.309389 0.9957746
v 0.03758871 -1.280528 0.9224184
v 0.05202162 -1.231916 0.932698
v -0.0468938 -1.299112 1.033627
v 0.03758871 -1.280528 0.9224184
v -0.05021211 -1.297465 1.026426
v 0.06578133 -1.290699 0.9233575
v 0.008594335 -1.199338 0.9586429
v -0.04373319 -1.309389 0.9957746
v -0.03194848 -1.328195 0.9918458
v 0.04122275 -1.319675 1.108302
v 0.05837658 -1.303736 1.113275
v -0.05021211 -1.297465 1.026426
v 0.02568492 -1.333572 1.105447
v 0.03506577 -1.408991 1.067526
v -0.04880386 -1.405656 1.031877
v -0.04644305 -1.284521 1.018692
v 0.1397313 -1.250435 1.007626
v 0.1402971 -1.335597 1.022027
v 0.05202162 -1.231916 0.932698
v 0.09892385 -1.198804 1.06403
v 0.05837658 -1.303736 1.113275
v 0.1397313 -1.250435 1.007626
v 0.04122275 -1.319675 1.108302
v 0.1402971 -1.335597 1.022027
v 0.05837658 -1.303736 1.113275
v 0.02568492 -1.333572 1.105447
v 0.06578133 -1.290699 0.9233575
v 0.1094932 -1.394809 0.9782503
v 0.03758871 -1.280528 0.9224184
v 0.06578133 -1.290699 0.9233575
v 0.05056984 -1.428128 0.9327912
v 0.06099264 -1.284389 0.9300714
v -0.04644305 -1.284521 1.018692
v 0.06099264 -1.284389 0.9300714
v -0.05021211 -1.297465 1.026426
v -0.09534689 -1.395036 0.9702015
v -0.04880386 -1.405656 1.031877
v -0.0155579 -1.271546 1.017036
v 0.03506577 -1.408991 1.067526
v 0.1094932 -1.394809 0.9782503
v -0.06409392 -1.295197 1.023838
v -0.09534689 -1.395036 0.9702015
v -0.1269121 -1.334446 0.9378349
v 0.05056984 -1.428128 0.9327912
v 0.02418521 -1.376143 0.870153
v -0.05731887 -1.340587 0.8451802
v -0.1309296 -1.287714 0.9170269
v -0.06409392 -1.295197 1.023838
v -0.03449386 -1.291032 1.027473
v 0.03543596 -1.274235 0.9954451
v 0.006556473 -1.288397 1.017555
v 0.04093947 -1.321101 0.9555922
v 0.006556473 -1.288397 1.017555
v 0.04767002 -1.254946 0.9823644
v 0.01210595 -1.256476 1.017207
v 0.03506577 -1.408991 1.067526
v 0.02568492 -1.333572 1.105447
v -0.0468938 -1.299112 1.033627
v -0.04373319 -1.309389 0.9957746
v -0.06419248 -1.300679 0.8437592
v -0.1131615 -1.322117 0.9140623
v 0.02861692 -1.302633 0.867657
v -0.02025983 -1.287636 0.8364727
v 0.04093947 -1.321101 0.9555922
v -0.06419248 -1.300679 0.8437592
v -0.1083536 -1.259534 0.8683
v -0.09942293 -1.259534 0.8594229
v -0.02025983 -1.287636 0.8364727
v -0.05731887 -1.340587 0.8451802
v -0.1309296 -1.287714 0.9170269
v -0.0155579 -1.271546 1.017036
v 0.06099264 -1.284389 0.9300714
v -0.04644305 -1.284521 1.018692
v 0.05910776 -1.28588 0.9276994
v 0.06079326 -1.287014 0.9301029
v -0.0155579 -1.271546 1.017036
v -0.06409392 -1.295197 1.023838
v -0.03449386 -1.291032 1.027473
v 0.03543596 -1.274235 0.9954451
v -0.06409392 -1.295197 1.023838
v 0.06099264 -1.284389 0.9300714
v 0.02418521 -1.376143 0.870153
v 0.05056984 -1.428128 0.9327912
v 0.02418521 -1.376143 0.870153
v 0.06079326 -1.287014 0.9301029
v -0.05731887 -1.340587 0.8451802
v -0.02025983 -1.287636 0.8364727
v 0.02861692 -1.302633 0.867657
v -0.1131615 -1.322117 0.9140623
v -0.1309296 -1.287714 0.9170269
v 0.006556473 -1.288397 1.017555
v -0.04298764 -1.322513 1.016982
v 0.006556473 -1.288397 1.017555
v -0.1394745 -1.29219 0.9303648
v -0.04298764 -1.322513 1.016982
v 0.01210595 -1.256476 1.017207
v -0.0927178 -1.259759 1.027842
v -0.02177689 -1.226872 1.041333
v 0.001611944 -1.320305 0.9878021
v 0.02118486 -1.17627 0.998056
v -0.01283777 -1.311043 1.03975
v 0.02579016 -1.18604 0.9643151
v 0.04771463 -1.348225 0.9738683
v 0.02118486 -1.17627 0.998056
v 0.02697452 -1.328707 0.9590464
v 0.02579016 -1.18604 0.9643151
v 0.02610168 -1.188652 0.9613797
v 0.07076159 -1.161213 1.027649
v 0.1508532 -1.187633 1.021071
v 0.1455575 -1.179454 0.9946623
v 0.001611944 -1.320305 0.9878021
v 0.02093439 -1.328255 1.074282
v 0.07076159 -1.356222 1.027649
v -0.01283777 -1.311043 1.03975
v 0.03778448 -1.172321 1.058059
v 0.02610168 -1.188652 0.9613797
v 0.006486899 -1.264477 0.9316576
v 0.03167395 -1.18926 0.9402406
v 0.02697452 -1.328707 0.9590464
v 0.1650701 -1.317541 1.002438
v 0.04771463 -1.348225 0.9738683
v 0.1301198 -1.346674 1.012776
v 0.04771463 -1.348225 0.9738683
v 0.07076159 -1.356222 1.027649
v 0.001611944 -1.320305 0.9878021
v 0.1632863 -1.189294 0.9649431
v 0.1455575 -1.179454 0.9946623
v 0.03167395 -1.18926 0.9402406
v 0.1635661 -1.32814 0.963269
v 0.1455575 -1.179454 0.9946623
v 0.1600452 -1.336419 0.9149967
v 0.0941695 -1.354478 0.9519495
v 0.1003365 -1.35445 0.9113886
v 0.04941197 -1.340078 0.8768388
v 0.1600452 -1.336419 0.9149967
v 0.1579503 -1.338497 0.8814572
v 0.1884008 -1.21319 0.8579768
v 0.1599404 -1.180931 0.9149302
v 0.1508532 -1.187633 1.021071
v 0.1650701 -1.317541 1.002438
v 0.1749632 -1.320121 0.8808718
v 0.1777694 -1.205885 0.8203629
v 0.1579503 -1.338497 0.8814572
v 0.03167395 -1.18926 0.9402406
v 0.01053689 -1.264477 0.9031391
v 0.03694099 -1.189235 0.9045978
v 0.006486899 -1.264477 0.9316576
v 0.03841778 -1.187725 0.8521447
v 0.04941197 -1.340078 0.8768388
v 0.03694099 -1.189235 0.9045978
v 0.1599404 -1.180931 0.9149302
v 0.1632863 -1.189294 0.9649431
v 0.03688113 -1.327325 0.8849341
v 0.03841778 -1.187725 0.8521447
v 0.01995097 -1.214039 0.832459
v 0.1599404 -1.180931 0.9149302
v 0.1884008 -1.21319 0.8579768
v 0.1579503 -1.338497 0.8814572
v 0.1749632 -1.320121 0.8808718
v 0.04941197 -1.340078 0.8768388
v 0.1635661 -1.32814 0.963269
v 0.1600452 -1.336419 0.9149967
v 0.1632863 -1.189294 0.9649431
v 0.02697452 -1.328707 0.9590464
v 0.1650701 -1.317541 1.002438
v 0.0941695 -1.354478 0.9519495
v 0.01995097 -1.214039 0.832459
v 0.132509 -1.232871 0.750181
v 0.0355798 -1.30939 0.8977286
v 0.007893018 -1.272823 0.8525915
v 0.03688113 -1.327325 0.8849341
v 0.0355798 -1.30939 0.8977286
v 0.01271229 -1.280529 0.7906248
v 0.06677932 -1.299112 0.9193913
v 0.1749632 -1.320121 0.8808718
v 0.1886354 -1.303793 0.8674242
v 0.01271229 -1.280529 0.7906248
v 0.05888549 -1.297466 0.9186648
v 0.02761992 -1.290698 0.7666795
v 0.05888549 -1.297466 0.9186648
v 0.1652665 -1.333572 0.892449
v 0.1371181 -1.408991 0.8653631
v 0.06430953 -1.405656 0.9201709
v 0.05407186 -1.284521 0.911534
v 0.132509 -1.232871 0.750181
v 0.1503294 -1.335597 0.7514786
v 0.07367606 -1.233724 0.7503675
v 0.1777694 -1.205885 0.8203629
v 0.1777694 -1.205885 0.8203629
v 0.1884008 -1.21319 0.8579768
v 0.02761992 -1.290698 0.7666795
v 0.05407186 -1.284521 0.911534
v 0.05044468 -1.25676 0.836284
v 0.05888549 -1.297466 0.9186648
v 0.02818604 -1.428129 0.7845685
v 0.09701498 -1.394809 0.7562677
v 0.01876289 -1.346337 0.7515981
v -0.01237313 -1.395036 0.92964
v 0.06430953 -1.405656 0.9201709
v 0.0680788 -1.271546 0.8839594
v 0.1371181 -1.408991 0.8653631
v 0.09701498 -1.394809 0.7562677
v 0.04970641 -1.295197 0.9293905
v -0.01237313 -1.395036 0.92964
v -0.05618375 -1.334448 0.9407957
v 0.02818604 -1.428129 0.7845685
v -0.03925249 -1.376143 0.776099
v -0.1016316 -1.340586 0.8341967
v -0.07621461 -1.287712 0.9338701
v 0.04970641 -1.295197 0.9293905
v 0.06764806 -1.291031 0.905581
v 0.03259946 -1.294281 0.7765319
v 0.07963497 -1.28835 0.8664308
v 0.07391229 -1.262828 0.8226916
v 0.07963497 -1.28835 0.8664308
v 0.06966774 -1.25495 0.8118646
v 0.08211464 -1.256476 0.8606858
v -0.1090689 -1.295276 0.844758
v -0.09063991 -1.287634 0.7977443
v 0.002981354 -1.342016 0.8032929
v -0.0694522 -1.321535 0.9181526
v -0.09063991 -1.287634 0.7977443
v -0.1090689 -1.295276 0.844758
v -0.1079383 -1.259534 0.8860551
v -0.1103485 -1.259534 0.8777825
v -0.1016316 -1.340586 0.8341967
v -0.07621461 -1.287712 0.9338701
v 0.0680788 -1.271546 0.8839594
v 0.05044468 -1.25676 0.836284
v 0.05407186 -1.284521 0.911534
v 0.02804765 -1.28588 0.7746294
v 0.03097184 -1.287014 0.774371
v 0.0680788 -1.271546 0.8839594
v 0.04970641 -1.295197 0.9293905
v 0.06764806 -1.291031 0.905581
v 0.03259946 -1.294281 0.7765319
v 0.04970641 -1.295197 0.9293905
v 0.01876289 -1.346337 0.7515981
v -0.03925249 -1.376143 0.776099
v 0.02818604 -1.428129 0.7845685
v -0.03925249 -1.376143 0.776099
v 0.03097184 -1.287014 0.774371
v -0.1016316 -1.340586 0.8341967
v -0.09063991 -1.287634 0.7977443
v 0.03259946 -1.294281 0.7765319
v -0.0694522 -1.321535 0.9181526
v -0.07621461 -1.287712 0.9338701
v 0.07963497 -1.28835 0.8664308
v 0.0522437 -1.322885 0.911083
v 0.07963497 -1.28835 0.8664308
v -0.07455018 -1.292283 0.9432833
v 0.0522437 -1.322885 0.911083
v 0.08211464 -1.256476 0.8606858
v 0.03301476 -1.259759 0.9593821
v 0.01500109 -1.225945 0.7408847
v -0.03807337 -1.319713 0.7451183
v -0.03581598 -1.176818 0.7231067
v 0.009229223 -1.312356 0.7332139
v -0.0714481 -1.186368 0.7358726
v -0.07407024 -1.347905 0.7124512
v -0.03581598 -1.176818 0.7231067
v -0.07683332 -1.328707 0.7371476
v -0.0714481 -1.186368 0.7358726
v -0.06493399 -1.252519 0.762008
v -0.03042546 -1.161746 0.6654698
v -0.08479912 -1.186952 0.5994663
v -0.105354 -1.179206 0.6170532
v -0.08966515 -1.162688 0.6740838
v -0.03807337 -1.319713 0.7451183
v 0.03090105 -1.323426 0.6837484
v -0.03042159 -1.355689 0.6654698
v 0.009229223 -1.312356 0.7332139
v 0.01263263 -1.177312 0.6777966
v -0.06493399 -1.252519 0.762008
v -0.09031225 -1.264478 0.7685851
v -0.08670334 -1.252957 0.7674001
v -0.07683332 -1.328707 0.7371476
v -0.1083894 -1.317727 0.5960296
v -0.07407024 -1.347905 0.7124512
v -0.08143865 -1.347393 0.6222375
v -0.07407024 -1.347905 0.7124512
v -0.03042159 -1.355689 0.6654698
v -0.03807337 -1.319713 0.7451183
v -0.1398847 -1.189295 0.6161503
v -0.1414742 -1.32814 0.6167447
v -0.105354 -1.179206 0.6170532
v -0.08966515 -1.162688 0.6740838
v -0.105354 -1.179206 0.6170532
v -0.1165786 -1.162957 0.6825036
v -0.181578 -1.336826 0.6445555
v -0.1165786 -1.354478 0.6825036
v -0.1201508 -1.304648 0.7703155
v -0.1596759 -1.340136 0.7591572
v -0.181578 -1.336826 0.6445555
v -0.2113254 -1.337766 0.6618128
v -0.2443924 -1.199137 0.6578174
v -0.1815246 -1.180932 0.6440534
v -0.08479912 -1.186952 0.5994663
v -0.1083894 -1.317727 0.5960296
v -0.2191893 -1.319676 0.647827
v -0.2768962 -1.198803 0.6920958
v -0.2113254 -1.337766 0.6618128
v -0.08670334 -1.252957 0.7674001
v -0.1201508 -1.304648 0.7703155
v -0.1284858 -1.189215 0.7554774
v -0.09031225 -1.264478 0.7685851
v -0.1474707 -1.253115 0.7978795
v -0.1596759 -1.340136 0.7591572
v -0.1284858 -1.189215 0.7554774
v -0.1460241 -1.328194 0.7642815
v -0.1474707 -1.253115 0.7978795
v -0.1537819 -1.257488 0.8025756
v -0.1815246 -1.180932 0.6440534
v -0.2024162 -1.163337 0.726815
v -0.2443924 -1.199137 0.6578174
v -0.1165786 -1.162957 0.6825036
v -0.1815246 -1.180932 0.6440534
v -0.1398847 -1.189295 0.6161503
v -0.2113254 -1.337766 0.6618128
v -0.2191893 -1.319676 0.647827
v -0.1596759 -1.340136 0.7591572
v -0.1414742 -1.32814 0.6167447
v -0.181578 -1.336826 0.6445555
v -0.1398847 -1.189295 0.6161503
v -0.07683332 -1.328707 0.7371476
v -0.1083894 -1.317727 0.5960296
v -0.1165786 -1.354478 0.6825036
v -0.1342418 -1.309389 0.7603585
v -0.2155636 -1.28053 0.8337102
v -0.2300022 -1.231916 0.8234293
v -0.1310802 -1.299113 0.7225072
v -0.2155636 -1.28053 0.8337102
v -0.1277617 -1.297465 0.7297067
v -0.2437559 -1.2907 0.8327714
v -0.1537819 -1.257488 0.8025756
v -0.1342418 -1.309389 0.7603585
v -0.1460241 -1.328194 0.7642815
v -0.2191893 -1.319676 0.647827
v -0.2363475 -1.303737 0.6428523
v -0.1277617 -1.297465 0.7297067
v -0.2036526 -1.333574 0.6506829
v -0.2130383 -1.408991 0.6886016
v -0.1291707 -1.405657 0.7242525
v -0.1315328 -1.28452 0.7374368
v -0.317705 -1.250436 0.7485048
v -0.3182725 -1.335598 0.7341058
v -0.2300022 -1.231916 0.8234293
v -0.2768962 -1.198803 0.6920958
v -0.2300022 -1.231916 0.8234293
v -0.2768962 -1.198803 0.6920958
v -0.2331149 -1.172478 0.7536985
v -0.2443924 -1.199137 0.6578174
v -0.2331149 -1.172478 0.7536985
v -0.2443924 -1.199137 0.6578174
v -0.2024162 -1.163337 0.726815
v -0.2437559 -1.2907 0.8327714
v -0.1315328 -1.28452 0.7374368
v -0.2389668 -1.284389 0.8260564
v -0.1277617 -1.297465 0.7297067
v -0.2285429 -1.428131 0.8233362
v -0.2874676 -1.39481 0.7778752
v -0.2389668 -1.284389 0.8260564
v -0.08262843 -1.395036 0.7859251
v -0.1291707 -1.405657 0.7242525
v -0.1624172 -1.271546 0.7390936
v -0.2130383 -1.408991 0.6886016
v -0.2874676 -1.39481 0.7778752
v -0.08162481 -1.308884 0.7520229
v -0.08262843 -1.395036 0.7859251
v -0.0510626 -1.33445 0.8182933
v -0.2285429 -1.428131 0.8233362
v -0.2021596 -1.376144 0.8859758
v -0.1206567 -1.340588 0.910948
v -0.04704422 -1.287714 0.8390998
v -0.08162481 -1.308884 0.7520229
v -0.07855994 -1.302925 0.7605385
v -0.3182725 -1.335598 0.7341058
v -0.2437559 -1.2907 0.8327714
v -0.2155636 -1.28053 0.8337102
v -0.2130383 -1.408991 0.6886016
v -0.2036526 -1.333574 0.6506829
v -0.1310802 -1.299113 0.7225072
v -0.2363475 -1.303737 0.6428523
v -0.1342418 -1.309389 0.7603585
v -0.317705 -1.250436 0.7485048
v -0.2036526 -1.333574 0.6506829
v -0.2363475 -1.303737 0.6428523
v -0.2768962 -1.198803 0.6920958
v -0.2191893 -1.319676 0.647827
v -0.1624172 -1.271546 0.7390936
v -0.2389668 -1.284389 0.8260564
v -0.1315328 -1.28452 0.7374368
v -0.2370823 -1.285879 0.8284252
v -0.2112173 -1.277463 0.7618986
v -0.1624172 -1.271546 0.7390936
v -0.205128 -1.277463 0.7558081
v -0.2062038 -1.26938 0.7537299
v -0.2377097 -1.294282 0.8235375
v -0.205128 -1.277463 0.7558081
v -0.2389668 -1.284389 0.8260564
v -0.2021596 -1.376144 0.8859758
v -0.2285429 -1.428131 0.8233362
v -0.2021596 -1.376144 0.8859758
v -0.2150001 -1.308884 0.8853917
v -0.1206567 -1.340588 0.910948
v -0.2150001 -1.308884 0.8853917
v -0.157721 -1.287635 0.9196557
v -0.2377097 -1.294282 0.8235375
v -0.2377097 -1.294282 0.8235375
v -0.2022375 -1.261348 0.7485782
v -0.2183925 -1.262837 0.7646769
v -0.2062038 -1.26938 0.7537299
v -0.2022375 -1.261348 0.7485782
v -0.2256456 -1.254956 0.773764
v -0.1900821 -1.25648 0.7389215
v -0.1067204 -1.295345 0.9115574
v -0.157721 -1.287635 0.9196557
v -0.1981348 -1.343017 0.8346709
v -0.0648138 -1.322119 0.8420662
v -0.157721 -1.287635 0.9196557
v -0.1067204 -1.295345 0.9115574
v -0.06962089 -1.259534 0.8878288
v -0.07855357 -1.259534 0.8967081
v -0.1206567 -1.340588 0.910948
v -0.04704422 -1.287714 0.8390998
v -0.2157585 -1.172321 0.6980703
v -0.1991594 -1.176271 0.758072
v -0.2487356 -1.161214 0.7284786
v -0.1561986 -1.226872 0.7147921
v -0.1034263 -1.292282 0.8128446
v -0.2109898 -1.259759 0.7967473
v -0.2302182 -1.322885 0.8450437
v -0.096711 -1.259759 0.8127012
v -0.1856538 -1.292533 1.00058
v -0.08070036 -1.259759 0.9725807
v -0.08227301 -1.321955 0.9251011
v -0.1877832 -1.259759 1.004942
v -0.247642 -1.25495 0.9442656
v -0.1856538 -1.292533 1.00058
v -0.1809543 -1.342017 0.9528369
v -0.1809543 -1.342017 0.9528369
v -0.08227301 -1.321955 0.9251011
v -0.06890649 -1.295277 0.9113715
v -0.1856538 -1.292533 1.00058
v -0.3078316 -1.177337 0.8887898
v -0.2486823 -1.17848 0.907055
v -0.2974645 -1.161734 0.9324394
v -0.263987 -1.226873 0.854636
v -0.1991049 -1.303758 0.9049568
v -0.2205636 -1.259759 0.9497242
v -0.1876816 -1.321556 0.986784
v -0.2077147 -1.259759 0.900938
v -0.08930436 -1.320938 1.029242
v -0.04975222 -1.32159 0.8918868
v -0.05015685 -1.295061 0.8771949
v -0.02831243 -1.293509 1.019807
v -0.09901641 -1.335597 1.14861
v -0.05082854 -1.290699 1.034745
v -0.04675603 -1.303403 1.084025
v -0.1910377 -1.408993 1.080229
v -0.2285719 -1.333574 1.09106
v -0.2276914 -1.318282 1.033132
v -0.219006 -1.303738 1.123289
v -0.2197116 -1.331481 1.038542
v -0.08295184 -1.239015 1.132321
v -0.2285719 -1.333574 1.09106
v -0.219006 -1.303738 1.123289
v -0.1662996 -1.193391 1.128587
v -0.2232764 -1.319677 1.105943
v -0.1102986 -1.179587 1.066135
v -0.1102986 -1.179587 1.066135
v -0.08295184 -1.239015 1.132321
v -0.06804588 -1.245413 1.012308
v -0.08295184 -1.239015 1.132321
v -0.08295184 -1.239015 1.132321
v -0.04675603 -1.303403 1.084025
v -0.09901641 -1.335597 1.14861
v -0.1906056 -1.177311 1.078325
v -0.1421589 -1.176818 1.033022
v -0.1475493 -1.161746 1.09066
v -0.1929693 -1.225947 1.015239
v -0.1394745 -1.29219 0.9303648
v -0.0927178 -1.259759 1.027842
v -0.04298764 -1.322513 1.016982
v -0.1440453 -1.259759 0.9291087
v 0.06544873 -1.292533 0.9005275
v 0.02541647 -1.259759 0.8387526
v -0.003216713 -1.344008 0.8794377
v 0.07029141 -1.259759 0.9001923
v 0.04767002 -1.254946 0.9823644
v 0.06544873 -1.292533 0.9005275
v 0.04093947 -1.321101 0.9555922
v -0.003216713 -1.344008 0.8794377
v -0.06419248 -1.300679 0.8437592
v 0.06544873 -1.292533 0.9005275
v 0.03778448 -1.172321 1.058059
v 0.02118486 -1.17627 0.998056
v 0.07076159 -1.161213 1.027649
v -0.02177689 -1.226872 1.041333
v -0.07455018 -1.292283 0.9432833
v 0.03301476 -1.259759 0.9593821
v 0.0522437 -1.322885 0.911083
v -0.08126417 -1.259759 0.9434281
v 0.007683429 -1.292532 0.7555499
v -0.09727415 -1.259759 0.7835467
v -0.0957015 -1.321956 0.8310316
v 0.009814473 -1.259759 0.7511884
v 0.06966774 -1.25495 0.8118646
v 0.007683429 -1.292532 0.7555499
v 0.002981354 -1.342016 0.8032929
v 0.002981354 -1.342016 0.8032929
v -0.0957015 -1.321956 0.8310316
v -0.1090689 -1.295276 0.844758
v 0.007683429 -1.292532 0.7555499
v 0.1503294 -1.335597 0.7514786
v 0.02761992 -1.290698 0.7666795
v 0.01271229 -1.280529 0.7906248
v 0.1371181 -1.408991 0.8653631
v 0.1652665 -1.333572 0.892449
v 0.06677932 -1.299112 0.9193913
v 0.1886354 -1.303793 0.8674242
v 0.0355798 -1.30939 0.8977286
v 0.132509 -1.232871 0.750181
v 0.1652665 -1.333572 0.892449
v 0.1886354 -1.303793 0.8674242
v 0.1777694 -1.205885 0.8203629
v 0.1749632 -1.320121 0.8808718
v 0.1298649 -1.17734 0.8673419
v 0.07070796 -1.178481 0.8490777
v 0.1194895 -1.161734 0.8236949
v 0.08602383 -1.226872 0.9014968
v -0.01844984 -1.292192 0.8956375
v 0.04258947 -1.259759 0.8063996
v 0.00970506 -1.321555 0.7693403
v -0.01725208 -1.259759 0.9002245
v -0.1496626 -1.293509 0.7363208
v -0.171094 -1.259759 0.846952
v -0.1282206 -1.32159 0.8642437
v -0.1533023 -1.259759 0.7326812
v -0.0443085 -1.321907 0.8808226
v 0.00970506 -1.321555 0.7693403
v -0.0148984 -1.288189 0.7260846
v -0.01844984 -1.292192 0.8956375
v 0.01800592 -1.302923 0.8283377
v -0.03427414 -1.287714 0.8949062
v -0.0148984 -1.288189 0.7260846
v -0.08866998 -1.320934 0.7268845
v -0.1282206 -1.32159 0.8642437
v -0.1278183 -1.295062 0.8789332
v -0.1496626 -1.293509 0.7363208
v 0.03746021 -1.337481 0.6638328
v 0.0453012 -1.319673 0.6501826
v -0.02051793 -1.340835 0.7565648
v 0.01263263 -1.177312 0.6777966
v -0.03581598 -1.176818 0.7231067
v -0.03042546 -1.161746 0.6654698
v 0.01500109 -1.225945 0.7408847
v -0.03849981 -1.292191 0.8257613
v -0.08526222 -1.259759 0.7282833
v -0.1349897 -1.322513 0.7391455
v -0.03392834 -1.259759 0.8270161
v -0.2434221 -1.292534 0.8556072
v -0.166692 -1.259759 0.9325001
v -0.1243491 -1.322149 0.9063784
v -0.2482648 -1.259759 0.8559453
v -0.2256456 -1.254956 0.773764
v -0.2434221 -1.292534 0.8556072
v -0.1981348 -1.343017 0.8346709
v -0.0648138 -1.322119 0.8420662
v -0.1349897 -1.322513 0.7391455
v -0.1297048 -1.330469 0.7517145
v -0.03849981 -1.292191 0.8257613
v -0.07855994 -1.302925 0.7605385
v -0.04704422 -1.287714 0.8390998
v -0.1297048 -1.330469 0.7517145
v -0.1349897 -1.322513 0.7391455
v -0.1900821 -1.25648 0.7389215
v -0.08526222 -1.259759 0.7282833
v -0.1981348 -1.343017 0.8346709
v -0.1243491 -1.322149 0.9063784
v -0.1067204 -1.295345 0.9115574
v -0.2434221 -1.292534 0.8556072
v -0.1278183 -1.295062 0.8789332
v -0.08479427 -1.259534 0.9005679
v -0.09461372 -1.259534 0.897429
v -0.1333009 -1.340587 0.8670797
v -0.03427414 -1.287714 0.8949062
v -0.07003724 -1.259534 0.8700723
v -0.1034263 -1.292282 0.8128446
v -0.1085225 -1.321538 0.8379775
v -0.096711 -1.259759 0.8127012
v -0.08227301 -1.321955 0.9251011
v -0.06762528 -1.259534 0.8783471
v -0.06890649 -1.295277 0.9113715
v -0.08070036 -1.259759 0.9725807
v -0.09021494 -1.259534 0.8564102
v -0.09695233 -1.263509 0.8538767
v -0.1336664 -1.321908 0.8753071
v -0.09565953 -1.259759 0.8543314
v -0.04975222 -1.32159 0.8918868
v -0.08802828 -1.259534 0.858082
v -0.05015685 -1.295061 0.8771949
v -0.006881062 -1.259759 0.9091775
v -0.1083536 -1.259534 0.8683
v -0.1394745 -1.29219 0.9303648
v -0.1131615 -1.322117 0.9140623
v -0.1440453 -1.259759 0.9291087
v -0.09409929 -1.263509 0.85307
v -0.09942293 -1.259534 0.8594229
v -0.1003962 -1.264411 0.8599229
v -0.09499664 -1.259759 0.8541108
v -0.1079383 -1.259534 0.8860551
v -0.07455018 -1.292283 0.9432833
v -0.0694522 -1.321535 0.9181526
v -0.08126417 -1.259759 0.9434281
v -0.0957015 -1.321956 0.8310316
v -0.1103485 -1.259534 0.8777825
v -0.1090689 -1.295276 0.844758
v -0.09727415 -1.259759 0.7835467
v 0.00970506 -1.321555 0.7693403
v -0.01903488 -1.256479 0.7209423
v -0.0148984 -1.288189 0.7260846
v 0.04258947 -1.259759 0.8063996
v -0.09070145 -1.259534 0.898765
v -0.01844984 -1.292192 0.8956375
v -0.0443085 -1.321907 0.8808226
v -0.01725208 -1.259759 0.9002245
v -0.06754746 -1.254947 0.7074903
v -0.1496626 -1.293509 0.7363208
v -0.08866998 -1.320934 0.7268845
v -0.1533023 -1.259759 0.7326812
v -0.1282206 -1.32159 0.8642437
v -0.09461372 -1.259534 0.897429
v -0.1278183 -1.295062 0.8789332
v -0.171094 -1.259759 0.846952
v -0.06962089 -1.259534 0.8878288
v -0.03849981 -1.292191 0.8257613
v -0.0648138 -1.322119 0.8420662
v -0.03392834 -1.259759 0.8270161
v -0.1243491 -1.322149 0.9063784
v -0.07855357 -1.259534 0.8967081
v -0.1067204 -1.295345 0.9115574
v -0.166692 -1.259759 0.9325001
v 0.1460257 -1.082698 0.6476856
v 0.1728585 -0.950449 0.7220125
v 0.1237857 -0.9504476 0.6595272
v 0.1974047 -1.082697 0.71633
v 0.1990937 -1.188965 0.7108145
v 0.1462287 -1.188965 0.6419206
v 0.1934728 -1.295233 0.7095196
v 0.1404654 -1.295232 0.6421251
v 0.1286233 -1.427484 0.6643651
v 0.1762786 -1.427481 0.7279357
v 0.2040852 -0.9504467 0.7950693
v 0.2292657 -1.082697 0.7959325
v 0.2323249 -1.188965 0.7910433
v 0.2272315 -1.295233 0.7883372
v 0.2058574 -1.42748 0.8016762
v 0.2153395 -0.9504457 0.8737183
v 0.23944 -1.082697 0.88107
v 0.2436595 -1.188965 0.8771386
v 0.23944 -1.295232 0.8732069
v 0.2153417 -1.42748 0.8805588
v 0.205855 -0.9504453 0.9526005
v 0.2272315 -1.082697 0.9659398
v 0.2323249 -1.188965 0.9632338
v 0.2292668 -1.295233 0.9583445
v 0.2040867 -1.42748 0.9592079
v 0.1762783 -0.950448 1.02634
v 0.1934728 -1.082697 1.044758
v 0.1990937 -1.188965 1.043463
v 0.1974048 -1.295233 1.037947
v 0.1728601 -1.42748 1.032264
v 0.1286232 -0.9504484 1.089913
v 0.1404657 -1.082698 1.112152
v 0.1462292 -1.188965 1.112355
v 0.1460258 -1.295232 1.106592
v 0.1237869 -1.427482 1.09475
v 0.06613854 -0.9504488 1.138984
v 0.07182152 -1.082698 1.16353
v 0.07733694 -1.188965 1.165219
v 0.07863163 -1.295233 1.159598
v 0.06021544 -1.427481 1.142404
v -0.00691843 -0.9504456 1.17021
v -0.007781541 -1.082698 1.195393
v -0.002891887 -1.188965 1.198451
v -0.0001859868 -1.295233 1.193358
v -0.0135242 -1.42748 1.171983
v -0.08556763 -0.9504489 1.181467
v -0.09291917 -1.082698 1.205566
v -0.08898746 -1.188965 1.209785
v -0.08505576 -1.295232 1.205566
v -0.09240729 -1.42748 1.181468
v -0.1644507 -0.9504502 1.171983
v -0.09291917 -1.082698 1.205566
v -0.1777889 -1.082698 1.193358
v -0.08556763 -0.9504489 1.181467
v -0.175083 -1.188965 1.198451
v -0.08898746 -1.188965 1.209785
v -0.1701933 -1.295232 1.195393
v -0.08505576 -1.295232 1.205566
v -0.09240729 -1.42748 1.181468
v -0.1710568 -1.427482 1.170212
v -0.2381904 -0.950449 1.142404
v -0.2566064 -1.082698 1.159599
v -0.2553115 -1.188965 1.16522
v -0.2497962 -1.295233 1.163531
v -0.2441142 -1.427483 1.138984
v -0.3017612 -0.950447 1.094749
v -0.324001 -1.082698 1.106592
v -0.3242055 -1.188965 1.112355
v -0.3184409 -1.295234 1.112152
v -0.3065993 -1.427483 1.089911
v -0.3508339 -0.9504501 1.032266
v -0.3753797 -1.082698 1.037947
v -0.377069 -1.188965 1.043461
v -0.371448 -1.295234 1.044756
v -0.3542534 -1.427482 1.02634
v -0.3820623 -0.9504515 0.9592088
v -0.4072418 -1.082698 0.9583446
v -0.4102999 -1.188965 0.9632331
v -0.4052067 -1.295233 0.9659386
v -0.3838316 -1.427482 0.9526005
v -0.3933169 -0.9504507 0.880559
v -0.4174151 -1.082698 0.8732073
v -0.4216345 -1.188965 0.8771389
v -0.4174141 -1.295233 0.881069
v -0.3933154 -1.427483 0.8737171
v -0.3838323 -0.9504502 0.8016768
v -0.4052067 -1.082698 0.7883375
v -0.4103 -1.188965 0.7910435
v -0.4072409 -1.295234 0.7959329
v -0.3820612 -1.42748 0.7950675
v -0.3542552 -0.9504504 0.7279367
v -0.3714478 -1.082698 0.7095197
v -0.3770688 -1.188965 0.7108147
v -0.3753798 -1.295234 0.7163303
v -0.3508337 -1.42748 0.7220113
v -0.3066001 -0.9504514 0.6643645
v -0.3184407 -1.082698 0.6421255
v -0.3242038 -1.188965 0.6419207
v -0.3239996 -1.295234 0.6476843
v -0.3017609 -1.427483 0.6595272
v -0.2441147 -0.9504496 0.6152931
v -0.2497966 -1.082698 0.5907468
v -0.2553104 -1.188965 0.5890576
v -0.2566051 -1.295233 0.5946784
v -0.2381881 -1.427482 0.6118716
v -0.1710585 -0.9504496 0.584065
v -0.1701936 -1.082698 0.5588846
v -0.1750822 -1.188965 0.5558266
v -0.1777878 -1.295233 0.5609198
v -0.164448 -1.427481 0.582294
v -0.09240921 -0.9504505 0.5728095
v -0.085056 -1.082698 0.5487112
v -0.08898666 -1.188965 0.5444918
v -0.09291788 -1.295232 0.5487112
v -0.0855643 -1.42748 0.5728098
v -0.01352623 -0.9504458 0.582296
v -0.0001859894 -1.082698 0.5609198
v -0.002891655 -1.188965 0.5558265
v -0.007779981 -1.295233 0.5588858
v -0.006915927 -1.427481 0.5840659
v 0.06021373 -0.9504462 0.6118739
v 0.07863115 -1.082698 0.5946783
v 0.07733642 -1.188965 0.5890585
v 0.07182224 -1.295232 0.5907477
v 0.06613971 -1.427482 0.6152935
v -0.1666439 -1.010752 0.9923744
v -0.01133224 -1.010752 0.763578
v 0.03048394 -1.027855 0.9581689
v -0.20846 -1.027855 0.7977835
v 0.0365197 -1.084949 0.8967342
v 0.01512585 -1.092221 0.9785833
v 0.03048394 -1.027855 0.9581689
v 0.03618525 -1.084026 0.8749784
v 0.03942877 -1.095797 0.8549397
v -0.01133224 -1.010752 0.763578
v 0.01161955 -1.092222 0.7738626
v -0.07023004 -1.08495 0.752468
v -0.09198598 -1.084027 0.7528034
v -0.1120249 -1.095798 0.7495592
v -0.20846 -1.027855 0.7977835
v -0.193101 -1.092222 0.7773688
v -0.214495 -1.084949 0.8592193
v -0.2141605 -1.084026 0.8809752
v -0.217404 -1.095798 0.9010142
v -0.1666439 -1.010752 0.9923744
v -0.189596 -1.092223 0.9820887
v -0.1077451 -1.084949 1.003484
v -0.08598915 -1.084026 1.003148
v -0.06595049 -1.095798 1.006393
v -0.08898755 -1.361948 0.8779767
v -0.06449875 -1.359603 0.9406264
v -0.04238689 -1.359603 0.9264858
v -0.09033787 -1.359603 0.9452288
v -0.1159715 -1.359603 0.939593
v -0.1374967 -1.359603 0.9245772
v -0.151638 -1.359604 0.9024669
v -0.1562409 -1.359604 0.8766264
v -0.1506039 -1.359604 0.8509918
v -0.1355866 -1.359603 0.829466
v -0.1134766 -1.359603 0.815326
v -0.08763729 -1.359603 0.8107234
v -0.06200372 -1.359603 0.8163593
v -0.04047734 -1.359603 0.831376
v -0.02633676 -1.359603 0.8534878
v -0.02173445 -1.359603 0.8793276
v -0.02737116 -1.359603 0.9049608
v 0.02917321 -1.306306 0.9891873
v 0.0627369 -1.306306 0.9355041
v 0.07320339 -1.306307 0.8730634
v 0.05897661 -1.306306 0.8113686
v 0.02222445 -1.306306 0.7598163
v -0.03146039 -1.306306 0.7262512
v -0.0939021 -1.306306 0.7157858
v -0.1555958 -1.306306 0.7300127
v -0.2071479 -1.306306 0.7667645
v -0.2407126 -1.306306 0.8204486
v -0.251178 -1.306306 0.8828902
v -0.2369508 -1.306306 0.9445852
v -0.2001981 -1.306307 0.9961373
v -0.1465145 -1.306306 1.029701
v -0.08407306 -1.306306 1.040166
v -0.02237988 -1.306306 1.02594
v 0.04894181 -1.177826 0.939626
v 0.001499882 -1.177826 0.9743652
v 0.0314977 -1.177826 0.9324015
v 0.01484912 -1.177826 0.9877169
v 0.0585431 -1.133837 0.930485
v 0.04315395 -1.177826 0.8821509
v 0.06598494 -1.127566 0.8749604
v 0.0521364 -1.177826 0.8240395
v 0.03469246 -1.177827 0.8312645
v 0.06203402 -1.177827 0.8821514
v 0.02917321 -1.306306 0.9891873
v 0.04894181 -1.177826 0.939626
v 0.0627369 -1.306306 0.9355041
v 0.07320339 -1.306307 0.8730634
v 0.06203402 -1.177827 0.8821514
v 0.05897661 -1.306306 0.8113686
v 0.06203402 -1.177827 0.8821514
v 0.0314977 -1.177826 0.9324015
v 0.04315395 -1.177826 0.8821509
v 0.04894181 -1.177826 0.939626
v 0.0167855 -1.138078 0.994683
v 0.001499882 -1.177826 0.9743652
v 0.0585431 -1.133837 0.930485
v 0.01484912 -1.177826 0.9877169
v -0.04227472 -1.177827 1.001656
v -0.03505024 -1.177827 1.0191
v 0.0627369 -1.306306 0.9355041
v 0.04894181 -1.177826 0.939626
v 0.07320339 -1.306307 0.8730634
v -0.02237988 -1.306306 1.02594
v -0.03505024 -1.177827 1.0191
v 0.02917321 -1.306306 0.9891873
v 0.02075243 -1.177827 0.7741398
v 0.03469246 -1.177827 0.8312645
v 0.007402539 -1.177826 0.78749
v 0.0521364 -1.177826 0.8240395
v 0.05897661 -1.306306 0.8113686
v 0.0521364 -1.177826 0.8240395
v 0.02222445 -1.306306 0.7598163
v -0.02733739 -1.177827 0.7400478
v 0.007402539 -1.177826 0.78749
v -0.03456341 -1.177828 0.7574909
v 0.02075243 -1.177827 0.7741398
v 0.02222445 -1.306306 0.7598163
v 0.02075243 -1.177827 0.7741398
v -0.03146039 -1.306306 0.7262512
v -0.08481364 -1.177827 0.7269542
v -0.03456341 -1.177828 0.7574909
v -0.08481352 -1.177827 0.7458351
v -0.02733739 -1.177827 0.7400478
v -0.03146039 -1.306306 0.7262512
v -0.02733739 -1.177827 0.7400478
v -0.0939021 -1.306306 0.7157858
v -0.1429253 -1.177827 0.7368529
v -0.08481352 -1.177827 0.7458351
v -0.1357002 -1.177827 0.754297
v -0.08481364 -1.177827 0.7269542
v -0.0939021 -1.306306 0.7157858
v -0.08481364 -1.177827 0.7269542
v -0.1555958 -1.306306 0.7300127
v -0.1928249 -1.177827 0.7682372
v -0.1357002 -1.177827 0.754297
v -0.1794735 -1.177828 0.7815868
v -0.1429253 -1.177827 0.7368529
v -0.1555958 -1.306306 0.7300127
v -0.1429253 -1.177827 0.7368529
v -0.2071479 -1.306306 0.7667645
v -0.226916 -1.177827 0.8163271
v -0.1794735 -1.177828 0.7815868
v -0.2094726 -1.177827 0.8235513
v -0.1928249 -1.177827 0.7682372
v -0.2071479 -1.306306 0.7667645
v -0.1928249 -1.177827 0.7682372
v -0.2407126 -1.306306 0.8204486
v -0.2400091 -1.177827 0.8738029
v -0.2094726 -1.177827 0.8235513
v -0.221129 -1.177827 0.8738028
v -0.226916 -1.177827 0.8163271
v -0.2407126 -1.306306 0.8204486
v -0.226916 -1.177827 0.8163271
v -0.251178 -1.306306 0.8828902
v -0.2301105 -1.177827 0.9319139
v -0.221129 -1.177827 0.8738028
v -0.2126672 -1.177827 0.9246888
v -0.2400091 -1.177827 0.8738029
v -0.251178 -1.306306 0.8828902
v -0.2400091 -1.177827 0.8738029
v -0.2369508 -1.306306 0.9445852
v -0.1987274 -1.177827 0.9818135
v -0.2126672 -1.177827 0.9246888
v -0.1853766 -1.177828 0.9684627
v -0.2301105 -1.177827 0.9319139
v -0.2369508 -1.306306 0.9445852
v -0.2301105 -1.177827 0.9319139
v -0.2001981 -1.306307 0.9961373
v -0.1506371 -1.177827 1.015905
v -0.1853766 -1.177828 0.9684627
v -0.1434136 -1.177827 0.9984611
v -0.1987274 -1.177827 0.9818135
v -0.2001981 -1.306307 0.9961373
v -0.1987274 -1.177827 0.9818135
v -0.1465145 -1.306306 1.029701
v -0.09316152 -1.177827 1.028998
v -0.1434136 -1.177827 0.9984611
v -0.09316165 -1.177827 1.010118
v -0.1506371 -1.177827 1.015905
v -0.1465145 -1.306306 1.029701
v -0.1506371 -1.177827 1.015905
v -0.08407306 -1.306306 1.040166
v -0.03505024 -1.177827 1.0191
v -0.09316165 -1.177827 1.010118
v -0.04227472 -1.177827 1.001656
v -0.09316152 -1.177827 1.028998
v -0.08407306 -1.306306 1.040166
v -0.09316152 -1.177827 1.028998
v -0.02237988 -1.306306 1.02594
v 0.02331338 -1.157222 0.6826307
v 0.01982345 -1.181714 0.7645011
v -0.01917034 -1.203398 0.756213
v 0.06982747 -1.157222 0.7183236
v -0.04584606 -1.181715 0.7265876
v -0.03085562 -1.157222 0.6601937
v -0.08628093 -1.181715 0.7205532
v -0.08898662 -1.157222 0.6525397
v -0.1269005 -1.181715 0.7251875
v -0.1471167 -1.157222 0.6601927
v -0.1649371 -1.181715 0.7401776
v -0.2012856 -1.157222 0.6826297
v -0.197797 -1.181715 0.7645019
v -0.2478026 -1.157222 0.7183228
v -0.2232431 -1.181714 0.7965015
v -0.2834956 -1.157223 0.7648387
v -0.2395387 -1.181715 0.8339971
v -0.3059326 -1.157223 0.8190076
v -0.245573 -1.181716 0.8744322
v -0.3135866 -1.157223 0.8771378
v -0.2409385 -1.181716 0.9150523
v -0.3059335 -1.157223 0.9352688
v -0.2259473 -1.181715 0.9530884
v -0.2834955 -1.157222 0.9894375
v -0.2016242 -1.181715 0.9859477
v -0.2478025 -1.157222 1.035954
v -0.1696234 -1.181715 1.011393
v -0.2012865 -1.157222 1.071647
v -0.1321283 -1.181715 1.027689
v -0.1471175 -1.157222 1.094085
v -0.09169319 -1.181715 1.033724
v -0.08898748 -1.157222 1.101737
v -0.05107405 -1.181715 1.029089
v -0.03085743 -1.157222 1.094085
v -0.01303748 -1.181715 1.014099
v 0.02331158 -1.157222 1.071647
v 0.01982347 -1.181714 0.9897757
v 0.06982755 -1.157222 1.035954
v 0.04526832 -1.181715 0.9577751
v 0.1055206 -1.157222 0.9894375
v 0.06156261 -1.181715 0.9202797
v 0.1279585 -1.157222 0.9352686
v 0.06759793 -1.181715 0.8798443
v 0.1356115 -1.157222 0.8771387
v 0.06296336 -1.181715 0.8392251
v 0.1279585 -1.157222 0.8190075
v 0.06614352 -1.166165 0.7875733
v 0.1055205 -1.157222 0.7648396
v 0.02795837 -1.307377 0.8096204
v 0.02055031 -1.332484 0.7716335
v 0.1047944 -1.360272 0.7652586
v 0.05715408 -1.332484 0.8350285
v 0.1271485 -1.360271 0.8192257
v 0.06307323 -1.332484 0.8742875
v 0.1347725 -1.360271 0.8771386
v 0.05862952 -1.332484 0.9137404
v 0.1271484 -1.360271 0.9350516
v 0.04412556 -1.332484 0.9506987
v 0.1047945 -1.360271 0.9890186
v 0.02055212 -1.332485 0.9826444
v 0.06923457 -1.360272 1.035361
v -0.01048855 -1.332485 1.007401
v 0.02289258 -1.360272 1.07092
v -0.04687741 -1.332485 1.02328
v -0.03107443 -1.360272 1.093274
v -0.0861364 -1.332485 1.029199
v -0.08898751 -1.360272 1.100898
v -0.1255891 -1.332485 1.024756
v -0.1469005 -1.360272 1.093273
v -0.1625481 -1.332485 1.010252
v -0.2008675 -1.360272 1.070921
v -0.1944949 -1.332485 0.9866774
v -0.2472095 -1.360272 1.035361
v -0.2192502 -1.332485 0.9556377
v -0.2827695 -1.360272 0.9890187
v -0.2351291 -1.332485 0.9192489
v -0.3051225 -1.360272 0.9350519
v -0.2410479 -1.332485 0.8799894
v -0.3127476 -1.360272 0.8771378
v -0.236603 -1.332484 0.8405368
v -0.3051226 -1.360272 0.8192247
v -0.2221 -1.332484 0.8035777
v -0.2827686 -1.360272 0.7652578
v -0.1985264 -1.332485 0.7716316
v -0.2472086 -1.360272 0.7189158
v -0.1674857 -1.332484 0.746877
v -0.2008666 -1.360272 0.6833568
v -0.1310968 -1.332485 0.730997
v -0.1468996 -1.360272 0.6610028
v -0.09183811 -1.332485 0.7250783
v -0.08898665 -1.360272 0.6533787
v -0.05238576 -1.332484 0.7295231
v -0.03107265 -1.360272 0.6610038
v -0.0008601042 -1.350504 0.724499
v 0.02289345 -1.360272 0.6833576
v 0.06923445 -1.360272 0.7189167
v 0.01026633 -0.9436248 0.7824968
v -0.02569681 -1.096811 0.7596487
v -0.01761189 -0.9436234 0.7600321
v 0.002554904 -1.09681 0.7800332
v 0.007597607 -1.188965 0.780553
v -0.02069102 -1.188965 0.7588456
v 0.008117988 -1.28112 0.7855962
v -0.0188832 -1.281119 0.7635831
v -0.02325699 -1.43431 0.7567707
v 0.005656447 -1.434309 0.7778836
v -0.05665059 -1.434309 0.7438591
v -0.05066205 -1.28112 0.7493076
v -0.05363477 -1.188965 0.7451999
v -0.05826224 -1.096811 0.7472711
v -0.05035255 -0.9436207 0.7455471
v -0.09224685 -1.43431 0.7400311
v -0.08505319 -1.28112 0.7437448
v -0.08898763 -1.188965 0.7405456
v -0.0929213 -1.096811 0.7437437
v -0.08572768 -0.9436207 0.7400311
v -0.1276218 -1.434307 0.7455478
v -0.1197126 -1.281121 0.7472715
v -0.1243399 -1.188965 0.7452001
v -0.1273121 -1.096811 0.7493075
v -0.1213242 -0.9436207 0.7438591
v -0.1603633 -1.434306 0.7600321
v -0.1522778 -1.281121 0.7596491
v -0.1572838 -1.188965 0.758846
v -0.1590915 -1.096811 0.7635823
v -0.1547174 -0.943621 0.7567701
v -0.1882407 -1.434306 0.7824962
v -0.1805293 -1.281121 0.7800323
v -0.1855734 -1.188965 0.7805527
v -0.1860933 -1.096811 0.7855965
v -0.183632 -0.9436207 0.7778835
v -0.2093544 -1.434306 0.8114092
v -0.2025429 -1.281121 0.807035
v -0.2072803 -1.188965 0.8088418
v -0.2064776 -1.096811 0.8138481
v -0.2060966 -0.9436209 0.8057611
v -0.2222645 -1.434306 0.844803
v -0.2168188 -1.281121 0.8388143
v -0.2209263 -1.188965 0.8417858
v -0.2188549 -1.096811 0.8464133
v -0.2205798 -0.943621 0.8385032
v -0.2260923 -1.434306 0.8803985
v -0.2223815 -1.281121 0.8732041
v -0.2255806 -1.188965 0.8771387
v -0.2223825 -1.096811 0.8810723
v -0.226095 -0.9436209 0.8738779
v -0.2205766 -1.434306 0.9157737
v -0.2188548 -1.281121 0.9078637
v -0.2209263 -1.188965 0.9124911
v -0.2168187 -1.096811 0.9154636
v -0.222268 -0.9436207 0.9094756
v -0.2060932 -1.434306 0.9485153
v -0.2064773 -1.281121 0.9404286
v -0.2072804 -1.188965 0.9454343
v -0.2025439 -1.096811 0.9472424
v -0.2093567 -0.9436207 0.9428681
v -0.1836295 -1.434306 0.9763924
v -0.1860927 -1.281121 0.9686816
v -0.1855726 -1.188965 0.9737244
v -0.18053 -1.096811 0.9742442
v -0.1882428 -0.9436213 0.9717827
v -0.1547161 -1.434306 0.9975051
v -0.1590915 -1.28112 0.9906949
v -0.1572841 -1.188965 0.9954315
v -0.1522781 -1.096811 0.9946285
v -0.1603651 -0.9436209 0.9942467
v -0.1213226 -1.434306 1.010416
v -0.1273121 -1.28112 1.00497
v -0.1243406 -1.188965 1.009077
v -0.1197129 -1.096811 1.007006
v -0.1276236 -0.9436206 1.00873
v -0.08572609 -1.434309 1.014245
v -0.09292129 -1.28112 1.010534
v -0.08898754 -1.188965 1.013732
v -0.08505381 -1.096811 1.010533
v -0.09224851 -0.9436207 1.014246
v -0.05035147 -1.43431 1.00873
v -0.05826208 -1.28112 1.007006
v -0.0536353 -1.188965 1.009077
v -0.050663 -1.096811 1.00497
v -0.05665243 -0.943622 1.010417
v -0.01760985 -1.434309 0.9942465
v -0.02569688 -1.28112 0.9946285
v -0.02069082 -1.188965 0.9954315
v -0.01888338 -1.096811 0.9906948
v -0.0232589 -0.9436246 0.997505
v 0.01026825 -1.43431 0.9717824
v 0.002555123 -1.28112 0.9742439
v 0.007597647 -1.188965 0.9737242
v 0.008118023 -1.09681 0.9686812
v 0.005654744 -0.9436247 0.9763923
v 0.0313825 -1.43431 0.9428683
v 0.02456879 -1.28112 0.9472426
v 0.02930529 -1.188965 0.9454344
v 0.02850246 -1.09681 0.9404294
v 0.02811801 -0.9436248 0.9485154
v 0.04429253 -1.434309 0.909475
v 0.03884368 -1.28112 0.9154634
v 0.04295117 -1.188965 0.912491
v 0.04087979 -1.09681 0.9078647
v 0.04260116 -0.943625 0.9157736
v 0.04811989 -1.434309 0.8738776
v 0.04440743 -1.28112 0.8810722
v 0.04760549 -1.188965 0.8771387
v 0.04440642 -1.09681 0.8732048
v 0.04811726 -0.9436249 0.8803993
v 0.04260489 -1.434309 0.8385025
v 0.04088005 -1.28112 0.8464135
v 0.04295123 -1.188965 0.8417857
v 0.03884355 -1.09681 0.8388137
v 0.04428917 -0.9436249 0.8448035
v 0.02812047 -1.434309 0.8057615
v 0.02850231 -1.28112 0.8138478
v 0.02930539 -1.188965 0.8088429
v 0.02456882 -1.09681 0.8070347
v 0.031379 -0.9436247 0.8114101
v 0.1179011 -1.474554 0.7567906
v 0.005656447 -1.434309 0.7778836
v 0.02812047 -1.434309 0.8057615
v 0.07970273 -1.474554 0.7073456
v 0.1286233 -1.427484 0.6643651
v 0.07970273 -1.474554 0.7073456
v 0.1762786 -1.427481 0.7279357
v 0.1420033 -1.474553 0.8144368
v 0.02812047 -1.434309 0.8057615
v 0.04260489 -1.434309 0.8385025
v 0.1179011 -1.474554 0.7567906
v 0.1762786 -1.427481 0.7279357
v 0.1179011 -1.474554 0.7567906
v 0.2058574 -1.42748 0.8016762
v 0.1503617 -1.474553 0.8763585
v 0.04260489 -1.434309 0.8385025
v 0.04811989 -1.434309 0.8738776
v 0.1420033 -1.474553 0.8144368
v 0.2058574 -1.42748 0.8016762
v 0.1420033 -1.474553 0.8144368
v 0.2153417 -1.42748 0.8805588
v 0.1424073 -1.474553 0.9383324
v 0.04811989 -1.434309 0.8738776
v 0.04429253 -1.434309 0.909475
v 0.1503617 -1.474553 0.8763585
v 0.2153417 -1.42748 0.8805588
v 0.1503617 -1.474553 0.8763585
v 0.2040867 -1.42748 0.9592079
v 0.1186847 -1.474553 0.9961373
v 0.04429253 -1.434309 0.909475
v 0.0313825 -1.43431 0.9428683
v 0.1424073 -1.474553 0.9383324
v 0.2040867 -1.42748 0.9592079
v 0.1424073 -1.474553 0.9383324
v 0.1728601 -1.42748 1.032264
v 0.08080915 -1.474553 1.045831
v 0.0313825 -1.43431 0.9428683
v 0.01026825 -1.43431 0.9717824
v 0.1186847 -1.474553 0.9961373
v 0.1728601 -1.42748 1.032264
v 0.1186847 -1.474553 0.9961373
v 0.1237869 -1.427482 1.09475
v 0.03136132 -1.474553 1.084028
v 0.01026825 -1.43431 0.9717824
v -0.01760985 -1.434309 0.9942465
v 0.08080915 -1.474553 1.045831
v 0.1237869 -1.427482 1.09475
v 0.08080915 -1.474553 1.045831
v 0.06021544 -1.427481 1.142404
v -0.0262856 -1.474553 1.108129
v -0.01760985 -1.434309 0.9942465
v -0.05035147 -1.43431 1.00873
v 0.03136132 -1.474553 1.084028
v 0.06021544 -1.427481 1.142404
v 0.03136132 -1.474553 1.084028
v -0.0135242 -1.42748 1.171983
v -0.08820698 -1.474553 1.116488
v -0.05035147 -1.43431 1.00873
v -0.08572609 -1.434309 1.014245
v -0.0262856 -1.474553 1.108129
v -0.0135242 -1.42748 1.171983
v -0.0262856 -1.474553 1.108129
v -0.09240729 -1.42748 1.181468
v -0.1501801 -1.474554 1.108531
v -0.08572609 -1.434309 1.014245
v -0.1213226 -1.434306 1.010416
v -0.08820698 -1.474553 1.116488
v -0.09240729 -1.42748 1.181468
v -0.08820698 -1.474553 1.116488
v -0.1710568 -1.427482 1.170212
v -0.2079839 -1.474555 1.084805
v -0.1213226 -1.434306 1.010416
v -0.1547161 -1.434306 0.9975051
v -0.1501801 -1.474554 1.108531
v -0.1710568 -1.427482 1.170212
v -0.1501801 -1.474554 1.108531
v -0.2441142 -1.427483 1.138984
v -0.2576763 -1.474555 1.04693
v -0.1547161 -1.434306 0.9975051
v -0.1836295 -1.434306 0.9763924
v -0.2079839 -1.474555 1.084805
v -0.2441142 -1.427483 1.138984
v -0.2079839 -1.474555 1.084805
v -0.3065993 -1.427483 1.089911
v -0.2958732 -1.474555 0.9974839
v -0.1836295 -1.434306 0.9763924
v -0.2060932 -1.434306 0.9485153
v -0.2576763 -1.474555 1.04693
v -0.3065993 -1.427483 1.089911
v -0.2576763 -1.474555 1.04693
v -0.3542534 -1.427482 1.02634
v -0.3199742 -1.474555 0.9398382
v -0.2060932 -1.434306 0.9485153
v -0.2205766 -1.434306 0.9157737
v -0.2958732 -1.474555 0.9974839
v -0.3542534 -1.427482 1.02634
v -0.2958732 -1.474555 0.9974839
v -0.3838316 -1.427482 0.9526005
v -0.3283283 -1.474555 0.8779175
v -0.2205766 -1.434306 0.9157737
v -0.2260923 -1.434306 0.8803985
v -0.3199742 -1.474555 0.9398382
v -0.3838316 -1.427482 0.9526005
v -0.3199742 -1.474555 0.9398382
v -0.3933154 -1.427483 0.8737171
v -0.3203754 -1.474555 0.8159449
v -0.2260923 -1.434306 0.8803985
v -0.2222645 -1.434306 0.844803
v -0.3283283 -1.474555 0.8779175
v -0.3933154 -1.427483 0.8737171
v -0.3283283 -1.474555 0.8779175
v -0.3820612 -1.42748 0.7950675
v -0.2966573 -1.474554 0.7581395
v -0.2222645 -1.434306 0.844803
v -0.2093544 -1.434306 0.8114092
v -0.3203754 -1.474555 0.8159449
v -0.3820612 -1.42748 0.7950675
v -0.3203754 -1.474555 0.8159449
v -0.3508337 -1.42748 0.7220113
v -0.2587798 -1.474555 0.7084477
v -0.2093544 -1.434306 0.8114092
v -0.1882407 -1.434306 0.7824962
v -0.2966573 -1.474554 0.7581395
v -0.3508337 -1.42748 0.7220113
v -0.2966573 -1.474554 0.7581395
v -0.3017609 -1.427483 0.6595272
v -0.209332 -1.474555 0.6702518
v -0.1882407 -1.434306 0.7824962
v -0.1603633 -1.434306 0.7600321
v -0.2587798 -1.474555 0.7084477
v -0.3017609 -1.427483 0.6595272
v -0.2587798 -1.474555 0.7084477
v -0.2381881 -1.427482 0.6118716
v -0.1516853 -1.474555 0.6461524
v -0.1603633 -1.434306 0.7600321
v -0.1276218 -1.434307 0.7455478
v -0.209332 -1.474555 0.6702518
v -0.2381881 -1.427482 0.6118716
v -0.209332 -1.474555 0.6702518
v -0.164448 -1.427481 0.582294
v -0.08976465 -1.474553 0.637791
v -0.1276218 -1.434307 0.7455478
v -0.09224685 -1.43431 0.7400311
v -0.1516853 -1.474555 0.6461524
v -0.164448 -1.427481 0.582294
v -0.1516853 -1.474555 0.6461524
v -0.0855643 -1.42748 0.5728098
v -0.02779151 -1.474553 0.6457449
v -0.09224685 -1.43431 0.7400311
v -0.05665059 -1.434309 0.7438591
v -0.08976465 -1.474553 0.637791
v -0.0855643 -1.42748 0.5728098
v -0.08976465 -1.474553 0.637791
v -0.006915927 -1.427481 0.5840659
v 0.03001166 -1.474553 0.6694682
v -0.05665059 -1.434309 0.7438591
v -0.02325699 -1.43431 0.7567707
v -0.02779151 -1.474553 0.6457449
v -0.006915927 -1.427481 0.5840659
v -0.02779151 -1.474553 0.6457449
v 0.06613971 -1.427482 0.6152935
v 0.07970273 -1.474554 0.7073456
v -0.02325699 -1.43431 0.7567707
v 0.005656447 -1.434309 0.7778836
v 0.03001166 -1.474553 0.6694682
v 0.06613971 -1.427482 0.6152935
v 0.07970273 -1.474554 0.7073456
v 0.1286233 -1.427484 0.6643651
v 0.03469246 -1.177827 0.8312645
v 0.06598494 -1.127566 0.8749604
v 0.05528398 -1.12852 0.820473
v 0.04315395 -1.177826 0.8821509
v 0.007402539 -1.177826 0.78749
v 0.05528398 -1.12852 0.820473
v 0.02771952 -1.138078 0.7722032
v 0.03469246 -1.177827 0.8312645
v -0.03456341 -1.177828 0.7574909
v 0.02771952 -1.138078 0.7722032
v -0.03364464 -1.154626 0.728808
v 0.007402539 -1.177826 0.78749
v -0.08481352 -1.177827 0.7458351
v -0.03364464 -1.154626 0.728808
v -0.09494217 -1.154626 0.7189837
v -0.03456341 -1.177828 0.7574909
v -0.1357002 -1.177827 0.754297
v -0.09494217 -1.154626 0.7189837
v -0.155333 -1.154626 0.7333654
v -0.08481352 -1.177827 0.7458351
v -0.1794735 -1.177828 0.7815868
v -0.155333 -1.154626 0.7333654
v -0.1947593 -1.13808 0.7612689
v -0.1357002 -1.177827 0.754297
v -0.2094726 -1.177827 0.8235513
v -0.1947593 -1.13808 0.7612689
v -0.2365182 -1.133839 0.8254681
v -0.1794735 -1.177828 0.7815868
v -0.221129 -1.177827 0.8738028
v -0.2365182 -1.133839 0.8254681
v -0.2439601 -1.127567 0.8809934
v -0.2094726 -1.177827 0.8235513
v -0.2126672 -1.177827 0.9246888
v -0.2439601 -1.127567 0.8809934
v -0.2332587 -1.128522 0.9354811
v -0.221129 -1.177827 0.8738028
v -0.1853766 -1.177828 0.9684627
v -0.2332587 -1.128522 0.9354811
v -0.2056949 -1.13808 0.983748
v -0.2126672 -1.177827 0.9246888
v -0.1434136 -1.177827 0.9984611
v -0.2056949 -1.13808 0.983748
v -0.1443319 -1.154626 1.027145
v -0.1853766 -1.177828 0.9684627
v -0.09316165 -1.177827 1.010118
v -0.1443319 -1.154626 1.027145
v -0.083033 -1.154626 1.036969
v -0.1434136 -1.177827 0.9984611
v -0.04227472 -1.177827 1.001656
v -0.083033 -1.154626 1.036969
v -0.02264155 -1.154626 1.022587
v -0.09316165 -1.177827 1.010118
v 0.001499882 -1.177826 0.9743652
v -0.02264155 -1.154626 1.022587
v 0.0167855 -1.138078 0.994683
v -0.04227472 -1.177827 1.001656
v 0.0585431 -1.133837 0.930485
v 0.01512585 -1.092221 0.9785833
v 0.0365197 -1.084949 0.8967342
v 0.0167855 -1.138078 0.994683
v 0.06598494 -1.127566 0.8749604
v 0.03618525 -1.084026 0.8749784
v 0.05528398 -1.12852 0.820473
v 0.03942877 -1.095797 0.8549397
v 0.02771952 -1.138078 0.7722032
v 0.01161955 -1.092222 0.7738626
v -0.04081933 -1.11388 0.7367933
v -0.07023004 -1.08495 0.752468
v -0.08881055 -1.103222 0.7349121
v -0.09198598 -1.084027 0.7528034
v -0.1346778 -1.104759 0.7416375
v -0.1120249 -1.095798 0.7495592
v -0.1947593 -1.13808 0.7612689
v -0.193101 -1.092222 0.7773688
v -0.2365182 -1.133839 0.8254681
v -0.214495 -1.084949 0.8592193
v -0.2439601 -1.127567 0.8809934
v -0.2141605 -1.084026 0.8809752
v -0.2332587 -1.128522 0.9354811
v -0.217404 -1.095798 0.9010142
v -0.2056949 -1.13808 0.983748
v -0.189596 -1.092223 0.9820887
v -0.1371575 -1.113879 1.019159
v -0.1077451 -1.084949 1.003484
v -0.08916461 -1.103221 1.02104
v -0.08598915 -1.084026 1.003148
v -0.04329786 -1.104758 1.014315
v -0.06595049 -1.095798 1.006393
v 0.031379 -0.9436247 0.8114101
v 0.08080468 -0.9033754 0.7084495
v 0.1186787 -0.9033753 0.7581422
v 0.01026633 -0.9436248 0.7824968
v 0.1728585 -0.950449 0.7220125
v 0.1237857 -0.9504476 0.6595272
v 0.1186787 -0.9033753 0.7581422
v 0.1186787 -0.9033753 0.7581422
v 0.04428917 -0.9436249 0.8448035
v 0.031379 -0.9436247 0.8114101
v 0.1423977 -0.9033747 0.8159467
v 0.2040852 -0.9504467 0.7950693
v 0.1186787 -0.9033753 0.7581422
v 0.1728585 -0.950449 0.7220125
v 0.1423977 -0.9033747 0.8159467
v 0.04811726 -0.9436249 0.8803993
v 0.04428917 -0.9436249 0.8448035
v 0.1503514 -0.9033747 0.8779181
v 0.2153395 -0.9504457 0.8737183
v 0.1423977 -0.9033747 0.8159467
v 0.2040852 -0.9504467 0.7950693
v 0.1503514 -0.9033747 0.8779181
v 0.04260116 -0.943625 0.9157736
v 0.04811726 -0.9436249 0.8803993
v 0.1419955 -0.903375 0.9398375
v 0.205855 -0.9504453 0.9526005
v 0.1503514 -0.9033747 0.8779181
v 0.2153395 -0.9504457 0.8737183
v 0.1419955 -0.903375 0.9398375
v 0.02811801 -0.9436248 0.9485154
v 0.04260116 -0.943625 0.9157736
v 0.1179 -0.9033756 0.9974859
v 0.1762783 -0.950448 1.02634
v 0.1419955 -0.903375 0.9398375
v 0.205855 -0.9504453 0.9526005
v 0.1179 -0.9033756 0.9974859
v 0.005654744 -0.9436247 0.9763923
v 0.02811801 -0.9436248 0.9485154
v 0.07970189 -0.9033754 1.046931
v 0.1286232 -0.9504484 1.089913
v 0.1179 -0.9033756 0.9974859
v 0.1762783 -0.950448 1.02634
v 0.07970189 -0.9033754 1.046931
v -0.0232589 -0.9436246 0.997505
v 0.005654744 -0.9436247 0.9763923
v 0.03000898 -0.9033756 1.084806
v 0.06613854 -0.9504488 1.138984
v 0.07970189 -0.9033754 1.046931
v 0.1286232 -0.9504484 1.089913
v 0.03000898 -0.9033756 1.084806
v -0.05665243 -0.943622 1.010417
v -0.0232589 -0.9436246 0.997505
v -0.02779507 -0.9033768 1.10853
v -0.00691843 -0.9504456 1.17021
v 0.03000898 -0.9033756 1.084806
v 0.06613854 -0.9504488 1.138984
v -0.02779507 -0.9033768 1.10853
v -0.09224851 -0.9436207 1.014246
v -0.05665243 -0.943622 1.010417
v -0.08976746 -0.9033777 1.116488
v -0.08556763 -0.9504489 1.181467
v -0.02779507 -0.9033768 1.10853
v -0.00691843 -0.9504456 1.17021
v -0.08976746 -0.9033777 1.116488
v -0.1276236 -0.9436206 1.00873
v -0.09224851 -0.9436207 1.014246
v -0.1516893 -0.9033774 1.108129
v -0.1644507 -0.9504502 1.171983
v -0.08976746 -0.9033777 1.116488
v -0.08556763 -0.9504489 1.181467
v -0.1516893 -0.9033774 1.108129
v -0.1603651 -0.9436209 0.9942467
v -0.1276236 -0.9436206 1.00873
v -0.2093356 -0.9033768 1.084027
v -0.2381904 -0.950449 1.142404
v -0.1516893 -0.9033774 1.108129
v -0.1644507 -0.9504502 1.171983
v -0.2093356 -0.9033768 1.084027
v -0.1882428 -0.9436213 0.9717827
v -0.1603651 -0.9436209 0.9942467
v -0.2587816 -0.9033769 1.04583
v -0.3017612 -0.950447 1.094749
v -0.2093356 -0.9033768 1.084027
v -0.2381904 -0.950449 1.142404
v -0.2587816 -0.9033769 1.04583
v -0.2093567 -0.9436207 0.9428681
v -0.1882428 -0.9436213 0.9717827
v -0.2966616 -0.9033779 0.9961385
v -0.3508339 -0.9504501 1.032266
v -0.2587816 -0.9033769 1.04583
v -0.3017612 -0.950447 1.094749
v -0.2966616 -0.9033779 0.9961385
v -0.222268 -0.9436207 0.9094756
v -0.2093567 -0.9436207 0.9428681
v -0.320383 -0.9033776 0.938334
v -0.3820623 -0.9504515 0.9592088
v -0.2966616 -0.9033779 0.9961385
v -0.3508339 -0.9504501 1.032266
v -0.320383 -0.9033776 0.938334
v -0.226095 -0.9436209 0.8738779
v -0.222268 -0.9436207 0.9094756
v -0.3283366 -0.9033776 0.8763588
v -0.3933169 -0.9504507 0.880559
v -0.320383 -0.9033776 0.938334
v -0.3820623 -0.9504515 0.9592088
v -0.3283366 -0.9033776 0.8763588
v -0.2205798 -0.943621 0.8385032
v -0.226095 -0.9436209 0.8738779
v -0.3199782 -0.9033774 0.814438
v -0.3838323 -0.9504502 0.8016768
v -0.3283366 -0.9033776 0.8763588
v -0.3933169 -0.9504507 0.880559
v -0.3199782 -0.9033774 0.814438
v -0.2060966 -0.9436209 0.8057611
v -0.2205798 -0.943621 0.8385032
v -0.2958804 -0.9033776 0.7567884
v -0.3542552 -0.9504504 0.7279367
v -0.3199782 -0.9033774 0.814438
v -0.3838323 -0.9504502 0.8016768
v -0.2958804 -0.9033776 0.7567884
v -0.183632 -0.9436207 0.7778835
v -0.2060966 -0.9436209 0.8057611
v -0.257682 -0.9033775 0.7073423
v -0.3066001 -0.9504514 0.6643645
v -0.2958804 -0.9033776 0.7567884
v -0.3542552 -0.9504504 0.7279367
v -0.257682 -0.9033775 0.7073423
v -0.1547174 -0.943621 0.7567701
v -0.183632 -0.9436207 0.7778835
v -0.2079859 -0.9033772 0.6694686
v -0.2441147 -0.9504496 0.6152931
v -0.257682 -0.9033775 0.7073423
v -0.3066001 -0.9504514 0.6643645
v -0.2079859 -0.9033772 0.6694686
v -0.1213242 -0.9436207 0.7438591
v -0.1547174 -0.943621 0.7567701
v -0.1501828 -0.9033775 0.6457434
v -0.1710585 -0.9504496 0.584065
v -0.2079859 -0.9033772 0.6694686
v -0.2441147 -0.9504496 0.6152931
v -0.1501828 -0.9033775 0.6457434
v -0.08572768 -0.9436207 0.7400311
v -0.1213242 -0.9436207 0.7438591
v -0.08820914 -0.9033772 0.6377913
v -0.09240921 -0.9504505 0.5728095
v -0.1501828 -0.9033775 0.6457434
v -0.1710585 -0.9504496 0.584065
v -0.08820914 -0.9033772 0.6377913
v -0.05035255 -0.9436207 0.7455471
v -0.08572768 -0.9436207 0.7400311
v -0.02628874 -0.9033763 0.6461529
v -0.01352623 -0.9504458 0.582296
v -0.08820914 -0.9033772 0.6377913
v -0.09240921 -0.9504505 0.5728095
v -0.02628874 -0.9033763 0.6461529
v -0.01761189 -0.9436234 0.7600321
v -0.05035255 -0.9436207 0.7455471
v 0.0313574 -0.9033752 0.6702524
v 0.06021373 -0.9504462 0.6118739
v -0.02628874 -0.9033763 0.6461529
v -0.01352623 -0.9504458 0.582296
v 0.01026633 -0.9436248 0.7824968
v 0.0313574 -0.9033752 0.6702524
v 0.08080468 -0.9033754 0.7084495
v -0.01761189 -0.9436234 0.7600321
v 0.0313574 -0.9033752 0.6702524
v 0.1237857 -0.9504476 0.6595272
v 0.06021373 -0.9504462 0.6118739
v 0.07367606 -1.233724 0.7503675
v 0.01995097 -1.214039 0.832459
v 0.09892385 -1.198804 1.06403
v 0.05202162 -1.231916 0.932698
v 0.1397313 -1.250435 1.007626
v -0.01166959 -1.193391 0.6275431
v 0.0319164 -1.212409 0.628029
v -0.04256094 -1.191196 0.7626166
v -0.04256094 -1.191196 0.7626166
v -0.07652245 -1.205532 0.751317
v -0.09502339 -1.239013 0.6238082
v -0.01166959 -1.193391 0.6275431
v -0.07652245 -1.205532 0.751317
v -0.1099281 -1.245416 0.7438243

vn -0.5617176 -0.558336 -0.6105201
vn 0.2898335 -0.9262906 0.2407963
vn -0.3206933 -0.5518187 -0.7698393
vn 0.6133921 -0.7887404 0.04048657
vn 0.2898335 -0.9262906 0.2407963
vn -0.3150386 -0.5564896 -0.7688112
vn -0.1085728 -0.7268727 0.6781363
vn 0.5144859 0.4579115 0.7249979
vn 0.2263065 0.5926473 0.773017
vn -0.3150386 -0.5564896 -0.7688112
vn -0.4280033 -0.5923284 0.6826131
vn -0.5031658 -0.07354151 -0.8610554
vn -0.4280033 -0.5923284 0.6826131
vn 0.2361536 0.2596474 0.9363843
vn 0.7112898 0.3881169 0.5860311
vn 0.5356039 -0.2143833 0.816804
vn -0.6868564 -0.2648984 0.6767994
vn -0.39189 0.6653412 -0.6354085
vn 0.2586662 0.8743536 -0.410607
vn -0.3206933 -0.5518187 -0.7698393
vn 0.2642005 0.8449016 0.4651238
vn -0.05096873 0.9901931 0.1300788
vn 0.6280351 0.7704011 -0.1097932
vn -0.03394772 0.908371 0.4167858
vn 0.2127639 0.8505167 -0.4809922
vn 0.2642005 0.8449016 0.4651238
vn -0.06393103 0.963926 0.25838
vn 0.3405681 -0.7769704 -0.5294628
vn 0.1389138 -0.3346673 -0.9320415
vn 0.6280351 0.7704011 -0.1097932
vn 0.1397734 -0.924451 0.3547599
vn 0.6388456 -0.7438202 0.19649
vn 0.1389138 -0.3346673 -0.9320415
vn -0.1520671 0.1578372 0.9756863
vn 0.2458996 -0.813621 0.5268348
vn 0.3087652 -0.3021781 0.9018609
vn -0.1520671 0.1578372 0.9756863
vn 0.5562231 -0.5788839 0.5962464
vn -0.715985 0.3805517 0.5852743
vn 0.5562231 -0.5788839 0.5962464
vn -0.6868564 -0.2648984 0.6767994
vn 0.5356039 -0.2143833 0.816804
vn 0.7853481 0.1665789 -0.5962216
vn 0.346311 -0.009299491 -0.938074
vn 0.3141049 -0.6834987 -0.6589145
vn -0.5031658 -0.07354151 -0.8610554
vn -0.6883135 0.2517765 -0.6803187
vn -0.4280033 -0.5923284 0.6826131
vn 0.7853481 0.1665789 -0.5962216
vn 0.5536901 0.5835239 -0.5940772
vn -0.6883135 0.2517765 -0.6803187
vn 0.7112898 0.3881169 0.5860311
vn 0.5536901 0.5835239 -0.5940772
vn 0.2586662 0.8743536 -0.410607
vn -0.5031658 -0.07354151 -0.8610554
vn -0.3150386 -0.5564896 -0.7688112
vn 0.7112898 0.3881169 0.5860311
vn 0.2361536 0.2596474 0.9363843
vn -0.1085728 -0.7268727 0.6781363
vn 0.2263065 0.5926473 0.773017
vn 0.2898335 -0.9262906 0.2407963
vn -0.39189 0.6653412 -0.6354085
vn 0.2361536 0.2596474 0.9363843
vn 0.2263065 0.5926473 0.773017
vn -0.6970065 0.7125309 0.08051076
vn 0.5144859 0.4579115 0.7249979
vn -0.3491186 0.90513 0.2426035
vn -0.06393103 0.963926 0.25838
vn 0.2127639 0.8505167 -0.4809922
vn -0.1520671 0.1578372 0.9756863
vn -0.715985 0.3805517 0.5852743
vn -0.1520671 0.1578372 0.9756863
vn -0.5567311 0.5779632 -0.5966653
vn -0.715985 0.3805517 0.5852743
vn -0.6883135 0.2517765 -0.6803187
vn -0.6868564 -0.2648984 0.6767994
vn -0.6883135 0.2517765 -0.6803187
vn 0.346311 -0.009299491 -0.938074
vn 0.7853481 0.1665789 -0.5962216
vn 0.346311 -0.009299491 -0.938074
vn -1.149384E-08 0.2554778 -0.9668154
vn 0.3141049 -0.6834987 -0.6589145
vn -1.149384E-08 0.2554778 -0.9668154
vn 0.1389138 -0.3346673 -0.9320415
vn 0.2127639 0.8505167 -0.4809922
vn -0.6879952 -0.621833 -0.3741479
vn 0.6133921 -0.7887404 0.04048657
vn -0.5617176 -0.558336 -0.6105201
vn 0.8219038 -0.5558237 -0.1246371
vn -0.6879952 -0.621833 -0.3741479
vn 3.699197E-08 -0.8331708 -0.5530165
vn 3.698094E-08 -0.8329239 -0.5533882
vn -0.7077354 -0.5363136 -0.4598682
vn 3.698094E-08 -0.8329239 -0.5533882
vn 0.7077354 -0.5164283 -0.4820922
vn 0.7073582 0.551451 0.4422065
vn 0.7087966 -0.4207525 -0.5661934
vn 0.5847321 0.6152111 0.5287762
vn -0.8002806 0.4887069 0.3474431
vn -0.4523568 0.7879317 0.4177768
vn -1 -4.448717E-08 1.327507E-10
vn -0.8002806 0.4887069 0.3474431
vn -0.7073581 0.5394599 0.4567578
vn 0.7977089 0.4930646 0.3472003
vn -0.7073581 0.5394599 0.4567578
vn -0.7096361 -0.4421086 -0.5485955
vn 0.7077354 -0.5164283 -0.4820922
vn -0.7077354 -0.5363136 -0.4598682
vn 0.7087966 -0.4207525 -0.5661934
vn 0.5847321 0.6152111 0.5287762
vn 0.8930168 -0.1835158 -0.4109052
vn 0.8864341 0.3458187 0.3076429
vn 0.8930168 -0.1835158 -0.4109052
vn 0.9941455 -0.1080496 5.139009E-08
vn 0.5809634 -0.4739812 -0.6616826
vn -0.7073581 0.5394599 0.4567578
vn -0.8118437 0.4706434 0.3455501
vn -0.7077354 -0.5363136 -0.4598682
vn 0.7073582 0.551451 0.4422065
vn 0.7977089 0.4930646 0.3472003
vn 0.9997969 5.40868E-08 0.02015085
vn -0.8118437 0.4706434 0.3455501
vn 0.8219038 -0.5558237 -0.1246371
vn 0.7977089 0.4930646 0.3472003
vn 0.783935 0.3888761 0.4839645
vn -0.4523568 0.7879317 0.4177768
vn -0.8002806 0.4887069 0.3474431
vn -0.6986387 0.5037089 0.5081158
vn 0.5847321 0.6152111 0.5287762
vn 0.5144859 0.4579115 0.7249979
vn -0.6970065 0.7125309 0.08051076
vn 0.783935 0.3888761 0.4839645
vn 0.7087966 -0.4207525 -0.5661934
vn 2.424712E-08 -0.5475338 -0.8367841
vn 0.8930168 -0.1835158 -0.4109052
vn -0.7096361 -0.4421086 -0.5485955
vn 2.424712E-08 -0.5475338 -0.8367841
vn 0.5809634 -0.4739812 -0.6616826
vn -0.8080612 -0.367803 -0.4601721
vn -0.2883065 -0.9000912 -0.3266738
vn -0.8080612 -0.367803 -0.4601721
vn 0.5158701 -0.8052716 -0.2922606
vn 0.5809634 -0.4739812 -0.6616826
vn 0.6532288 -0.7399861 0.1603532
vn 0.9941455 -0.1080496 5.139009E-08
vn 0.5158701 -0.8052716 -0.2922606
vn -0.8386549 -0.5348476 0.1029381
vn -0.9941407 -0.1080938 5.167506E-08
vn -0.9968044 0.06940373 -0.03954981
vn -0.6986387 0.5037089 0.5081158
vn -0.9968044 0.06940373 -0.03954981
vn -0.8118437 0.4706434 0.3455501
vn 0.600858 -0.37093 0.7080826
vn -0.2882971 0.1670523 0.9428568
vn 0.5158566 0.1494552 0.8435375
vn -0.8326217 -0.2570028 0.4906025
vn -0.7094907 -0.36783 0.6011027
vn 0.8965007 -0.2616952 0.3574943
vn -0.8326217 -0.2570028 0.4906025
vn 0.7087981 -0.279931 0.6474907
vn -0.7094907 -0.36783 0.6011027
vn -0.709637 -0.25402 0.657183
vn -0.9999269 0.01209145 -5.632929E-09
vn -0.6917921 0.1915681 -0.6962225
vn -0.8118401 0.06392924 -0.5803697
vn 0.7071068 0.4904277 0.5093928
vn 0.5158566 0.1494552 0.8435375
vn 0.999927 0.01208235 -5.894031E-09
vn -0.2882971 0.1670523 0.9428568
vn -0.8944272 0.3101737 0.3221683
vn -0.709637 -0.25402 0.657183
vn 0.7077351 -0.1592922 0.6882859
vn -0.7077351 -0.1301108 0.6943938
vn 0.7087981 -0.279931 0.6474907
vn 0.584729 0.1503204 -0.7971801
vn 0.8965007 -0.2616952 0.3574943
vn 0.8792632 0.09941519 -0.4658465
vn 0.8965007 -0.2616952 0.3574943
vn 0.999927 0.01208235 -5.894031E-09
vn 0.600858 -0.37093 0.7080826
vn -0.7073581 0.1258446 -0.6955631
vn -0.8118401 0.06392924 -0.5803697
vn -0.7077351 -0.1301108 0.6943938
vn 0.7073581 0.1072494 -0.6986719
vn 0.7993577 0.05727789 -0.5981193
vn 0.4483141 -0.04846167 0.8925619
vn -0.8118401 0.06392924 -0.5803697
vn 0.813486 0.1724886 0.5554174
vn 0.7993577 0.05727789 -0.5981193
vn 0.7952244 0.2358161 -0.5585777
vn -0.5589886 -0.1240282 -0.819847
vn -0.8002808 0.05654788 -0.5969533
vn -0.6917921 0.1915681 -0.6962225
vn 0.584729 0.1503204 -0.7971801
vn 0.5194684 0.4039613 -0.7529731
vn -0.1109986 -0.09406196 -0.9893596
vn 0.7952244 0.2358161 -0.5585777
vn -0.7077351 -0.1301108 0.6943938
vn 0.4483141 -0.04846167 0.8925619
vn -0.7080119 -0.05048429 0.7043939
vn 0.7077351 -0.1592922 0.6882859
vn -0.7211106 -0.1004793 0.6854953
vn 0.813486 0.1724886 0.5554174
vn -0.7080119 -0.05048429 0.7043939
vn -0.8002808 0.05654788 -0.5969533
vn -0.7073581 0.1258446 -0.6955631
vn 0.603698 0.4224602 0.6760745
vn -0.7211106 -0.1004793 0.6854953
vn -0.4671917 -0.1720813 0.8672488
vn -0.8002808 0.05654788 -0.5969533
vn -0.5589886 -0.1240282 -0.819847
vn -0.5334319 -0.8181846 -0.2145339
vn 0.7073581 0.1072494 -0.6986719
vn 0.7087981 -0.279931 0.6474907
vn 0.584729 0.1503204 -0.7971801
vn 0.7993577 0.05727789 -0.5981193
vn -0.7073581 0.1258446 -0.6955631
vn 0.7952244 0.2358161 -0.5585777
vn 0.5194684 0.4039613 -0.7529731
vn 0.813486 0.1724886 0.5554174
vn -0.5589886 -0.1240282 -0.819847
vn -0.7211106 -0.1004793 0.6854953
vn -0.5334319 -0.8181846 -0.2145339
vn -0.1109986 -0.09406196 -0.9893596
vn 0.2269604 0.3661229 -0.9024653
vn -0.5334319 -0.8181846 -0.2145339
vn 0.5194684 0.4039613 -0.7529731
vn 0.2586584 -0.7927873 -0.5518919
vn 0.2269604 0.3661229 -0.9024653
vn 0.2361717 0.6811112 -0.6930448
vn -0.5031784 -0.7089213 0.4942089
vn 0.5536867 -0.8062503 -0.2083075
vn -0.315062 -0.3875319 0.8663461
vn -0.5031784 -0.7089213 0.4942089
vn 0.7853225 -0.5996631 0.1538604
vn 4.300885E-08 -0.9659986 0.2585488
vn -0.9932008 0.03012796 0.1124474
vn -0.9953071 -0.0250408 -0.09347054
vn -0.4279953 0.8873295 0.1716595
vn 0.1044255 0.9647427 -0.2415943
vn 0.2361717 0.6811112 -0.6930448
vn 0.2898219 0.6716652 0.6818135
vn 0.7113104 0.3134401 -0.6291208
vn 0.5536867 -0.8062503 -0.2083075
vn 0.7113104 0.3134401 -0.6291208
vn 0.5356308 0.8145536 -0.2227168
vn 0.5562323 0.8057984 0.2032119
vn -4.300873E-08 0.9659959 -0.2585588
vn -0.7159855 0.3165703 -0.6222125
vn -0.1520699 0.7660587 -0.6245235
vn 0.5562323 0.8057984 0.2032119
vn 0.2458802 0.8630723 0.4411914
vn 0.7853225 -0.5996631 0.1538604
vn 0.3463091 -0.8077499 0.4770856
vn 0.3141211 -0.2288532 0.9213874
vn 0.1397796 0.7694688 0.6232015
vn -0.1520699 0.7660587 -0.6245235
vn 0.1766827 0.4845294 -0.8567469
vn 0.2127565 -0.841826 -0.4960487
vn 0.2660301 -0.0175037 -0.9638062
vn -0.01754308 -0.2587002 -0.9657987
vn 0.2660301 -0.0175037 -0.9638062
vn -0.05093282 -0.3766892 -0.9249388
vn -0.03397579 -0.08654385 -0.9956688
vn 0.3429451 -0.07130975 0.9366452
vn 0.1388963 -0.6398665 0.7558302
vn 0.8622753 -0.4742582 -0.177653
vn 0.6347281 0.5422369 0.550545
vn 0.1388963 -0.6398665 0.7558302
vn 0.3429451 -0.07130975 0.9366452
vn -7.970283E-09 0.1820937 0.9832816
vn -1.327323E-08 0.3012069 0.9535592
vn 0.3141211 -0.2288532 0.9213874
vn 0.1397796 0.7694688 0.6232015
vn 0.2898219 0.6716652 0.6818135
vn -0.315062 -0.3875319 0.8663461
vn -0.320726 -0.3908261 0.8627806
vn -0.3588006 0.2416458 0.9015931
vn -0.315062 -0.3875319 0.8663461
vn -0.4279953 0.8873295 0.1716595
vn -0.5031784 -0.7089213 0.4942089
vn -0.4671917 -0.1720813 0.8672488
vn 0.2898219 0.6716652 0.6818135
vn 0.603698 0.4224602 0.6760745
vn 0.5194684 0.4039613 -0.7529731
vn 0.2269604 0.3661229 -0.9024653
vn 0.5356308 0.8145536 -0.2227168
vn 0.7113104 0.3134401 -0.6291208
vn -4.300873E-08 0.9659959 -0.2585588
vn -0.4279953 0.8873295 0.1716595
vn 0.2361717 0.6811112 -0.6930448
vn 0.1044255 0.9647427 -0.2415943
vn -0.320726 -0.3908261 0.8627806
vn -0.5334319 -0.8181846 -0.2145339
vn 0.2586584 -0.7927873 -0.5518919
vn -0.7159855 0.3165703 -0.6222125
vn -0.9953071 -0.0250408 -0.09347054
vn -0.9932008 0.03012796 0.1124474
vn -0.5567331 -0.8057104 -0.2021865
vn -0.3491278 -0.242506 -0.9051526
vn -0.7159855 0.3165703 -0.6222125
vn -0.1520699 0.7660587 -0.6245235
vn 0.1766827 0.4845294 -0.8567469
vn 0.2127565 -0.841826 -0.4960487
vn -0.1520699 0.7660587 -0.6245235
vn 4.300885E-08 -0.9659986 0.2585488
vn 0.3463091 -0.8077499 0.4770856
vn 0.7853225 -0.5996631 0.1538604
vn 0.3463091 -0.8077499 0.4770856
vn 4.296625E-08 -0.9650302 0.2621403
vn 0.3141211 -0.2288532 0.9213874
vn 0.6347281 0.5422369 0.550545
vn 0.1397796 0.7694688 0.6232015
vn 0.2660301 -0.0175037 -0.9638062
vn 0.6597271 0.3577999 -0.6608629
vn 0.2660301 -0.0175037 -0.9638062
vn 0.3197008 0.7055115 0.6324916
vn 4.296625E-08 -0.9650302 0.2621403
vn 0.1388963 -0.6398665 0.7558302
vn 0.2127565 -0.841826 -0.4960487
vn 0.6597271 0.3577999 -0.6608629
vn -0.03397579 -0.08654385 -0.9956688
vn -3.984989E-08 0.8944273 -0.4472142
vn -0.2882898 0.9000526 0.326795
vn 0.580963 0.4739736 0.6616884
vn -0.8080788 0.367753 0.4601811
vn 0.5158461 0.8052465 0.2923723
vn -0.7059865 0.3392949 0.6216609
vn 0.89302 0.1835062 0.4109025
vn -0.8080788 0.367753 0.4601811
vn 0.7088002 0.4207521 0.5661893
vn -0.7059865 0.3392949 0.6216609
vn -0.7096398 0.4421183 0.5485829
vn -0.994148 0.1080266 -5.137911E-08
vn -0.6986232 -0.5036868 -0.5081592
vn -0.8118345 -0.4706315 -0.3455881
vn 0.580963 0.4739736 0.6616884
vn 0.6532264 0.74002 -0.1602059
vn 0.9941467 0.1080388 -5.164884E-08
vn 0.5158461 0.8052465 0.2923723
vn -0.8386892 0.5348116 -0.1028457
vn -0.7096398 0.4421183 0.5485829
vn 0.7077348 0.5164302 0.4820909
vn -0.7077348 0.5363072 0.4598765
vn 0.7088002 0.4207521 0.5661893
vn 0.584731 -0.6151979 -0.5287924
vn 0.89302 0.1835062 0.4109025
vn 0.8864304 -0.3458173 -0.3076548
vn 0.89302 0.1835062 0.4109025
vn 0.9941467 0.1080388 -5.164884E-08
vn 0.580963 0.4739736 0.6616884
vn -0.707358 -0.5394574 -0.4567612
vn -0.8118345 -0.4706315 -0.3455881
vn -0.7077348 0.5363072 0.4598765
vn 0.7073581 -0.5514457 -0.4422132
vn 0.7977093 -0.4930652 -0.3471985
vn 0.4502324 0.7480986 0.4874833
vn -0.8118345 -0.4706315 -0.3455881
vn 0.8219036 0.5558253 0.124631
vn 0.7977093 -0.4930652 -0.3471985
vn 0.7839442 -0.3888442 -0.4839751
vn -0.4523567 -0.7879372 -0.4177665
vn -0.8002808 -0.4887038 -0.3474472
vn -0.6986232 -0.5036868 -0.5081592
vn 0.584731 -0.6151979 -0.5287924
vn 0.5145172 -0.4578743 -0.7249991
vn -0.6969983 -0.712545 -0.08045705
vn 0.7839442 -0.3888442 -0.4839751
vn -0.6879948 0.6218315 0.374151
vn -0.6969983 -0.712545 -0.08045705
vn 0.4502324 0.7480986 0.4874833
vn 0.8219036 0.5558253 0.124631
vn -0.7082461 0.5880129 0.3906771
vn -0.7077348 0.5363072 0.4598765
vn -0.7082461 0.5880129 0.3906771
vn 0.7077348 0.5164302 0.4820909
vn -0.8002808 -0.4887038 -0.3474472
vn -0.707358 -0.5394574 -0.4567612
vn 0.613381 0.7887527 -0.04041381
vn -0.6879948 0.6218315 0.374151
vn 0.01558923 0.9237719 0.3826267
vn -0.8002808 -0.4887038 -0.3474472
vn -0.4523567 -0.7879372 -0.4177665
vn 0.7073581 -0.5514457 -0.4422132
vn 0.7088002 0.4207521 0.5661893
vn 0.584731 -0.6151979 -0.5287924
vn 0.7977093 -0.4930652 -0.3471985
vn -0.707358 -0.5394574 -0.4567612
vn 0.7839442 -0.3888442 -0.4839751
vn 0.5145172 -0.4578743 -0.7249991
vn 0.8219036 0.5558253 0.124631
vn -0.03740983 0.9538819 0.2978431
vn -0.3501816 0.9095427 0.2238423
vn -0.3207197 0.5517869 0.7698511
vn -0.3587953 0.9016222 0.2415446
vn -0.3501816 0.9095427 0.2238423
vn -0.4279831 0.592325 -0.6826289
vn -0.5031855 0.07353371 0.8610446
vn 0.01558923 0.9237719 0.3826267
vn -0.03740983 0.9538819 0.2978431
vn 0.613381 0.7887527 -0.04041381
vn 0.5356289 0.214389 -0.8167862
vn 0.7113126 -0.3881353 -0.5859913
vn -0.6868512 0.2648939 -0.6768064
vn -0.4279831 0.592325 -0.6826289
vn 0.2361776 -0.2596714 -0.9363714
vn 0.1044194 0.2731493 -0.956288
vn 0.5352813 0.2326131 -0.8120132
vn 0.5145172 -0.4578743 -0.7249991
vn 0.2263162 -0.5926722 -0.7729951
vn -0.5031855 0.07353371 0.8610446
vn -0.6868512 0.2648939 -0.6768064
vn -0.6883101 -0.2517685 0.680325
vn -0.4279831 0.592325 -0.6826289
vn 0.7853242 -0.1665917 0.5962493
vn 0.5536843 -0.5835484 0.5940585
vn -0.6883101 -0.2517685 0.680325
vn 0.556226 0.5788755 -0.5962519
vn 0.5356289 0.214389 -0.8167862
vn -0.7159916 -0.3806021 -0.5852337
vn 0.7113126 -0.3881353 -0.5859913
vn 0.5536843 -0.5835484 0.5940585
vn -0.1520733 -0.1578468 -0.9756838
vn 0.556226 0.5788755 -0.5962519
vn 0.2458876 0.8136211 -0.5268403
vn 0.7853242 -0.1665917 0.5962493
vn 0.346313 0.009317337 0.9380732
vn 0.3141239 0.6835205 0.6588828
vn 0.1397667 0.9244455 -0.3547768
vn -0.1520733 -0.1578468 -0.9756838
vn 0.1766711 -0.4996968 -0.8479924
vn 0.2127666 -0.8505074 0.4810073
vn 0.2642285 -0.8449024 -0.4651064
vn 0.6280723 -0.7703711 0.1097909
vn 0.2642285 -0.8449024 -0.4651064
vn -0.05096824 -0.9901932 -0.1300786
vn -0.03396515 -0.9083394 -0.4168532
vn 0.3405518 0.7769772 0.5294634
vn 0.1388955 0.3346264 0.9320589
vn 0.6280723 -0.7703711 0.1097909
vn 0.638848 0.7438187 -0.1964875
vn 0.1388955 0.3346264 0.9320589
vn 0.3405518 0.7769772 0.5294634
vn -4.251055E-08 0.9564403 0.291929
vn -4.29349E-08 0.9658808 0.2589883
vn 0.3141239 0.6835205 0.6588828
vn 0.1397667 0.9244455 -0.3547768
vn -0.05096824 -0.9901932 -0.1300786
vn 0.3333334 -0.6666666 0.6666672
vn 3.155104E-08 -0.7071067 0.7071074
vn 0.3333334 -0.6666666 0.6666672
vn -1.977654E-08 0.4472142 0.8944273
vn 0.6453387 0.6393328 0.4180816
vn -0.7159916 -0.3806021 -0.5852337
vn -0.6883101 -0.2517685 0.680325
vn -0.6868512 0.2648939 -0.6768064
vn -0.5567174 -0.5779375 0.596703
vn -0.2429782 -0.8139983 0.527607
vn -0.7159916 -0.3806021 -0.5852337
vn -0.1520733 -0.1578468 -0.9756838
vn 0.1766711 -0.4996968 -0.8479924
vn 0.2127666 -0.8505074 0.4810073
vn -0.1520733 -0.1578468 -0.9756838
vn -0.6883101 -0.2517685 0.680325
vn 0.346313 0.009317337 0.9380732
vn 0.7853242 -0.1665917 0.5962493
vn 0.346313 0.009317337 0.9380732
vn -0.2429782 -0.8139983 0.527607
vn 0.3141239 0.6835205 0.6588828
vn 0.1388955 0.3346264 0.9320589
vn 0.2127666 -0.8505074 0.4810073
vn 0.638848 0.7438187 -0.1964875
vn 0.1397667 0.9244455 -0.3547768
vn 0.2642285 -0.8449024 -0.4651064
vn 0.6449633 -0.4258808 -0.6345457
vn 0.2642285 -0.8449024 -0.4651064
vn 0.4472136 0.3783104 -0.8104825
vn 0.6449633 -0.4258808 -0.6345457
vn -0.03396515 -0.9083394 -0.4168532
vn 4.94851E-10 -0.0141075 -0.9999008
vn -0.2985783 0.7626569 -0.5737649
vn 0.5942855 0.8029466 -0.04584685
vn -0.8265462 0.5583783 -0.07095962
vn -4.448717E-08 1 -4.768372E-07
vn -0.7058426 0.7082003 0.01546192
vn 0.8929405 0.4479614 0.04458736
vn -0.8265462 0.5583783 -0.07095962
vn -4.382133E-08 0.9845102 -0.1753298
vn -0.7058426 0.7082003 0.01546192
vn -4.34895E-08 0.9769371 -0.2135289
vn -0.9940127 -9.632237E-08 -0.1092649
vn -0.6993561 -0.6919298 0.1792605
vn -0.8145882 -0.5300415 0.2355894
vn -0.9981213 -1.518857E-08 0.06126835
vn 0.6534984 0.1848083 -0.7340206
vn 0.7071068 0.1959726 -0.6794079
vn -0.8389772 0.1186306 -0.5310785
vn 0.5942855 0.8029466 -0.04584685
vn 0.994014 -7.87522E-09 -0.1092534
vn 0.7071068 0.1959726 -0.6794079
vn -4.34895E-08 0.9769371 -0.2135289
vn 0.7077346 0.6757163 -0.206203
vn -0.7077346 0.666418 -0.234519
vn -4.382133E-08 0.9845102 -0.1753298
vn 0.8038648 -0.5396729 0.2501092
vn 0.7073581 -0.6586892 0.2564631
vn 0.4463288 0.7972119 -0.4065026
vn 0.8141309 0.3985236 -0.4223389
vn 0.8038648 -0.5396729 0.2501092
vn 0.7871005 -0.6094419 0.09515022
vn -0.5998289 -0.6504933 0.4659016
vn -0.8002806 -0.5452498 0.2495075
vn 0.5867937 -0.7636372 0.2693176
vn -0.7073581 -0.6652957 0.2388026
vn -0.8145882 -0.5300415 0.2355894
vn 0.8929405 0.4479614 0.04458736
vn 0.8872502 -0.4389139 0.1419217
vn 0.9981213 7.361869E-08 0.06126852
vn 0.8929405 0.4479614 0.04458736
vn 0.994014 -7.87522E-09 -0.1092534
vn 0.5942855 0.8029466 -0.04584685
vn -0.9981213 -1.518857E-08 0.06126835
vn -0.8145882 -0.5300415 0.2355894
vn -0.7077346 0.666418 -0.234519
vn -0.6993561 -0.6919298 0.1792605
vn 0.5867937 -0.7636372 0.2693176
vn 0.5145122 -0.8568054 0.0340913
vn -0.6368522 -0.3564988 0.6836142
vn 0.7871005 -0.6094419 0.09515022
vn -0.5957813 0.6906081 -0.4100067
vn -0.6305339 0.7366746 -0.2444136
vn 0.4463288 0.7972119 -0.4065026
vn 0.8141309 0.3985236 -0.4223389
vn -0.7082461 0.6323445 -0.313892
vn -0.7077346 0.666418 -0.234519
vn -0.7082461 0.6323445 -0.313892
vn 0.7077346 0.6757163 -0.206203
vn -0.8002806 -0.5452498 0.2495075
vn -0.7073581 -0.6652957 0.2388026
vn 0.6133928 0.3593531 -0.7032887
vn -0.5957813 0.6906081 -0.4100067
vn -0.8002806 -0.5452498 0.2495075
vn -0.5998289 -0.6504933 0.4659016
vn 0.7073581 -0.6586892 0.2564631
vn 0.9981213 7.361869E-08 0.06126852
vn 0.5867937 -0.7636372 0.2693176
vn 0.8038648 -0.5396729 0.2501092
vn -0.7073581 -0.6652957 0.2388026
vn 0.7871005 -0.6094419 0.09515022
vn 0.5145122 -0.8568054 0.0340913
vn 0.8141309 0.3985236 -0.4223389
vn 0.2898243 0.2546331 -0.9225858
vn -0.315053 0.9440463 -0.09756482
vn -0.4706815 0.8798513 0.06573413
vn -0.1085667 -0.2238962 -0.9685476
vn -0.315053 0.9440463 -0.09756482
vn -0.4280009 -0.2950439 -0.8542627
vn -0.5031806 0.7824557 0.3668419
vn -0.6305339 0.7366746 -0.2444136
vn 0.2898243 0.2546331 -0.9225858
vn 0.6133928 0.3593531 -0.7032887
vn 0.5145122 -0.8568054 0.0340913
vn 0.2263106 -0.965767 0.1268006
vn -0.4280009 -0.2950439 -0.8542627
vn 0.2361657 -0.9407738 -0.2432512
vn 0.7112865 -0.7015782 0.04312445
vn 0.5356318 -0.6001714 -0.5940483
vn -0.6868519 -0.4536729 -0.5678167
vn -0.2649786 0.1324874 0.9551094
vn 0.25866 -0.08158183 0.9625176
vn -0.4706815 0.8798513 0.06573413
vn -0.6368522 -0.3564988 0.6836142
vn 0.2263106 -0.965767 0.1268006
vn -0.2649786 0.1324874 0.9551094
vn 0.5145122 -0.8568054 0.0340913
vn 0.25866 -0.08158183 0.9625176
vn 0.2263106 -0.965767 0.1268006
vn 0.2361657 -0.9407738 -0.2432512
vn -0.5031806 0.7824557 0.3668419
vn 0.5537062 0.2226805 0.802386
vn -0.315053 0.9440463 -0.09756482
vn -0.5031806 0.7824557 0.3668419
vn 0.7853269 0.4330712 0.4423926
vn -0.6883112 0.4632916 0.5582016
vn -0.6868519 -0.4536729 -0.5678167
vn -0.6883112 0.4632916 0.5582016
vn -0.4280009 -0.2950439 -0.8542627
vn 0.5562373 -0.2268991 -0.7994482
vn 0.5356318 -0.6001714 -0.5940483
vn -0.7159866 -0.6971356 0.03695147
vn 0.7112865 -0.7015782 0.04312445
vn 0.5537062 0.2226805 0.802386
vn -0.1520656 -0.9238768 -0.3511817
vn 0.5562373 -0.2268991 -0.7994482
vn 0.2458813 -0.04941425 -0.9680399
vn 0.7853269 0.4330712 0.4423926
vn 0.3463042 0.8170539 0.4609741
vn 0.3141067 0.9123821 -0.2624817
vn 0.1397749 0.1549867 -0.9779789
vn -0.1520656 -0.9238768 -0.3511817
vn 0.176644 -0.9842361 0.008762928
vn -0.009984621 -0.7070602 0.7070833
vn 0.2665095 -0.8179024 0.5099108
vn 0.6298919 -0.3085967 0.7127444
vn 0.2665095 -0.8179024 0.5099108
vn -0.05098382 -0.6126963 0.7886727
vn -0.03398105 -0.8151523 0.5782498
vn 0.7112865 -0.7015782 0.04312445
vn 0.2361657 -0.9407738 -0.2432512
vn -0.1085667 -0.2238962 -0.9685476
vn 0.2898243 0.2546331 -0.9225858
vn 0.40298 0.8497062 -0.3400103
vn 0.6411803 0.2163703 -0.7362555
vn 0.3055471 0.7128087 0.6313045
vn 0.1389086 0.974511 0.1761627
vn 0.6298919 -0.3085967 0.7127444
vn 0.40298 0.8497062 -0.3400103
vn -3.261252E-08 0.7310411 -0.6823339
vn -3.013605E-08 0.675209 -0.7376269
vn 0.1389086 0.974511 0.1761627
vn 0.3141067 0.9123821 -0.2624817
vn 0.1397749 0.1549867 -0.9779789
vn -0.7159866 -0.6971356 0.03695147
vn -0.6883112 0.4632916 0.5582016
vn -0.6868519 -0.4536729 -0.5678167
vn -0.556724 0.2277822 0.7988581
vn -0.2429953 0.04993022 0.9687418
vn -0.7159866 -0.6971356 0.03695147
vn -0.1520656 -0.9238768 -0.3511817
vn 0.176644 -0.9842361 0.008762928
vn -0.009984621 -0.7070602 0.7070833
vn -0.1520656 -0.9238768 -0.3511817
vn -0.6883112 0.4632916 0.5582016
vn 0.3463042 0.8170539 0.4609741
vn 0.7853269 0.4330712 0.4423926
vn 0.3463042 0.8170539 0.4609741
vn -0.2429953 0.04993022 0.9687418
vn 0.3141067 0.9123821 -0.2624817
vn 0.1389086 0.974511 0.1761627
vn 0.3055471 0.7128087 0.6313045
vn 0.6411803 0.2163703 -0.7362555
vn 0.1397749 0.1549867 -0.9779789
vn 0.2665095 -0.8179024 0.5099108
vn 0.6556042 -0.7523187 0.06481005
vn 0.2665095 -0.8179024 0.5099108
vn 0.318674 0.1151541 -0.9408438
vn 0.6556042 -0.7523187 0.06481005
vn -0.03398105 -0.8151523 0.5782498
vn 3.877187E-08 -0.8729852 -0.4877473
vn -0.2883039 -0.1670189 -0.9428606
vn 0.6008568 0.3709497 -0.7080734
vn -0.8326209 0.2570167 -0.4905967
vn 0.5158663 -0.1494246 -0.843537
vn -0.7094892 0.3678479 -0.6010935
vn 0.8965011 0.2617028 -0.3574879
vn -0.8326209 0.2570167 -0.4905967
vn 0.7087998 0.2799574 -0.6474775
vn -0.7094892 0.3678479 -0.6010935
vn -0.7096392 0.2540321 -0.657176
vn -0.999927 -0.01208257 5.894135E-09
vn -0.691795 -0.191612 0.6962075
vn -0.8118405 -0.06395308 0.5803666
vn 0.6008568 0.3709497 -0.7080734
vn 0.7071068 -0.4904293 -0.5093912
vn 0.999927 -0.01208251 5.62867E-09
vn 0.5158663 -0.1494246 -0.843537
vn -0.8944272 -0.3101747 -0.3221673
vn -0.7096392 0.2540321 -0.657176
vn -1.01597E-08 0.2254662 -0.9742514
vn -0.7077353 0.1301001 -0.6943955
vn 0.7087998 0.2799574 -0.6474775
vn 0.5847298 -0.1503526 0.7971734
vn 0.8965011 0.2617028 -0.3574879
vn 0.8792648 -0.09944862 0.4658364
vn 0.8965011 0.2617028 -0.3574879
vn 0.999927 -0.01208251 5.62867E-09
vn 0.6008568 0.3709497 -0.7080734
vn -0.7073582 -0.1258389 0.695564
vn -0.8118405 -0.06395308 0.5803666
vn -0.7077353 0.1301001 -0.6943955
vn 0.7073582 -0.1072375 0.6986737
vn -0.8118405 -0.06395308 0.5803666
vn 0.7993573 -0.05727958 0.5981197
vn 1 4.448717E-08 -1.327507E-10
vn 0.999688 -0.02497742 1.177747E-08
vn 0.8134832 -0.1725019 -0.5554173
vn 0.7993573 -0.05727958 0.5981197
vn 0.7952257 -0.2358163 0.558576
vn -0.4436824 0.02966663 0.8956932
vn -0.8002806 -0.0565379 0.5969545
vn -0.691795 -0.191612 0.6962075
vn 0.5847298 -0.1503526 0.7971734
vn 0.5194637 -0.4039231 0.7529968
vn -0.5581717 0.279874 0.7810988
vn 0.7952257 -0.2358163 0.558576
vn -0.7077353 0.1301001 -0.6943955
vn -3.099106E-09 0.06668525 -0.9977744
vn -0.7080116 0.0504762 -0.7043948
vn -1.01597E-08 0.2254662 -0.9742514
vn -0.7265573 0.1064644 -0.678808
vn 0.8134832 -0.1725019 -0.5554173
vn -0.7080116 0.0504762 -0.7043948
vn -0.8002806 -0.0565379 0.5969545
vn -0.7073582 -0.1258389 0.695564
vn 0.6037229 -0.422448 -0.6760597
vn -0.7265573 0.1064644 -0.678808
vn -0.4671924 0.1720734 -0.86725
vn -0.8002806 -0.0565379 0.5969545
vn -0.4436824 0.02966663 0.8956932
vn 0.7952257 -0.2358163 0.558576
vn 0.5194637 -0.4039231 0.7529968
vn 0.8134832 -0.1725019 -0.5554173
vn 0.7073582 -0.1072375 0.6986737
vn 0.7993573 -0.05727958 0.5981197
vn -0.7073582 -0.1258389 0.695564
vn 0.7087998 0.2799574 -0.6474775
vn 0.5847298 -0.1503526 0.7971734
vn 1 4.448717E-08 -1.327507E-10
vn -0.4671924 0.1720734 -0.86725
vn -0.4601314 0.8332629 0.3065169
vn 0.2898327 -0.6716669 -0.6818073
vn -0.01615933 -0.2734532 -0.96175
vn 0.6037229 -0.422448 -0.6760597
vn 0.2898327 -0.6716669 -0.6818073
vn -0.3150424 0.3875207 -0.8663583
vn -0.1085651 -0.9507301 -0.2903905
vn 0.5194637 -0.4039231 0.7529968
vn 0.2269466 -0.3661277 0.9024667
vn -0.3150424 0.3875207 -0.8663583
vn -0.4279965 -0.8873361 -0.1716222
vn -0.5031867 0.7089021 -0.4942283
vn -0.4279965 -0.8873361 -0.1716222
vn 0.2361602 -0.6810702 0.693089
vn 0.7112898 -0.3134491 0.6291398
vn 0.5356318 -0.8145482 0.222734
vn -0.6868496 -0.7185826 0.1089822
vn -0.4601314 0.8332629 0.3065169
vn 0.2586662 0.7927799 0.551899
vn -0.4505953 0.8623677 -0.2308381
vn -0.5581717 0.279874 0.7810988
vn -0.5581717 0.279874 0.7810988
vn -0.4436824 0.02966663 0.8956932
vn -0.5031867 0.7089021 -0.4942283
vn -0.6868496 -0.7185826 0.1089822
vn -0.9953073 0.02503949 0.09346879
vn -0.4279965 -0.8873361 -0.1716222
vn 0.7853279 0.5996561 -0.15386
vn 0.5537048 0.8062325 0.2083279
vn -4.30087E-08 0.9659951 -0.2585618
vn 0.5562374 -0.8057934 -0.2032176
vn 0.5356318 -0.8145482 0.222734
vn -0.7159915 -0.3165745 0.6222035
vn 0.7112898 -0.3134491 0.6291398
vn 0.5537048 0.8062325 0.2083279
vn -0.1520661 -0.7660425 0.6245443
vn 0.5562374 -0.8057934 -0.2032176
vn 0.2458981 -0.8630676 -0.4411907
vn 0.7853279 0.5996561 -0.15386
vn 0.3463092 0.8077416 -0.4770996
vn 0.314098 0.2288775 -0.9213893
vn 0.1397561 -0.7694739 -0.6232005
vn -0.1520661 -0.7660425 0.6245443
vn 0.1766266 -0.4845815 0.856729
vn 0.212737 0.8418071 0.496089
vn 0.2659921 0.01748996 0.9638169
vn -0.01758852 0.2587008 0.9657977
vn 0.2659921 0.01748996 0.9638169
vn -0.05093778 0.3766669 0.9249477
vn -0.03398271 0.08654372 0.9956686
vn 0.3429395 0.07129733 -0.9366482
vn 0.1388886 0.6398599 -0.7558373
vn 0.8622817 0.4742421 0.177665
vn 0.634706 -0.542256 -0.5505517
vn 0.1388886 0.6398599 -0.7558373
vn 0.3429395 0.07129733 -0.9366482
vn 7.969225E-09 -0.1820699 -0.983286
vn 1.327381E-08 -0.3012197 -0.9535552
vn 0.314098 0.2288775 -0.9213893
vn 0.1397561 -0.7694739 -0.6232005
vn -0.7159915 -0.3165745 0.6222035
vn -0.9953073 0.02503949 0.09346879
vn -0.6868496 -0.7185826 0.1089822
vn -0.5567275 0.8057132 0.2021909
vn -0.2429912 0.8639063 0.4411598
vn -0.7159915 -0.3165745 0.6222035
vn -0.1520661 -0.7660425 0.6245443
vn 0.1766266 -0.4845815 0.856729
vn 0.212737 0.8418071 0.496089
vn -0.1520661 -0.7660425 0.6245443
vn -4.30087E-08 0.9659951 -0.2585618
vn 0.3463092 0.8077416 -0.4770996
vn 0.7853279 0.5996561 -0.15386
vn 0.3463092 0.8077416 -0.4770996
vn -0.2429912 0.8639063 0.4411598
vn 0.314098 0.2288775 -0.9213893
vn 0.1388886 0.6398599 -0.7558373
vn 0.212737 0.8418071 0.496089
vn 0.634706 -0.542256 -0.5505517
vn 0.1397561 -0.7694739 -0.6232005
vn 0.2659921 0.01748996 0.9638169
vn 0.6597363 -0.3577708 0.6608694
vn 0.2659921 0.01748996 0.9638169
vn 0.3197057 -0.7054956 -0.6325068
vn 0.6597363 -0.3577708 0.6608694
vn -0.03398271 0.08654372 0.9956686
vn 3.984989E-08 -0.8944273 0.4472142
vn -0.2985967 -0.7626005 0.5738303
vn 0.5942782 -0.8029501 0.04588086
vn -0.8265458 -0.5583787 0.0709622
vn 0.53045 -0.6773708 0.5096979
vn -0.7058443 -0.708199 -0.01543862
vn 0.8929419 -0.44796 -0.04457307
vn -0.8265458 -0.5583787 0.0709622
vn 0.7087983 -0.7007104 0.08130366
vn -0.7058443 -0.708199 -0.01543862
vn 4.348949E-08 -0.976937 0.2135298
vn -0.9940123 7.882474E-09 0.1092685
vn -0.6993561 0.69193 -0.1792607
vn -0.8145871 0.5300413 -0.2355934
vn -0.9981211 -7.362062E-08 -0.0612726
vn 0.5942782 -0.8029501 0.04588086
vn 0.6534598 -0.1846863 0.7340856
vn 0.9940075 9.634446E-08 0.1093117
vn 0.53045 -0.6773708 0.5096979
vn -0.8389727 -0.118556 0.5311021
vn 4.348949E-08 -0.976937 0.2135298
vn 4.258899E-08 -0.9564613 0.2918604
vn 4.200853E-08 -0.943294 0.3319595
vn 0.7087983 -0.7007104 0.08130366
vn 0.5867926 0.7636369 -0.2693202
vn 0.8929419 -0.44796 -0.04457307
vn 0.8872501 0.4389141 -0.1419224
vn 0.8929419 -0.44796 -0.04457307
vn 0.9940075 9.634446E-08 0.1093117
vn 0.5942782 -0.8029501 0.04588086
vn -0.7073581 0.6652963 -0.2388007
vn 0.7073581 0.65869 -0.2564613
vn -0.8145871 0.5300413 -0.2355934
vn -0.9981211 -7.362062E-08 -0.0612726
vn -0.8145871 0.5300413 -0.2355934
vn -1 -4.448717E-08 1.327507E-10
vn 0.8038653 0.5396696 -0.2501153
vn 1 4.448717E-08 -1.327507E-10
vn 0.4463281 -0.7972087 0.4065096
vn 0.814132 -0.398507 0.4223524
vn 0.8038653 0.5396696 -0.2501153
vn 0.7870989 0.6094453 -0.0951423
vn -0.5998266 0.6504823 -0.4659198
vn -0.8002808 0.5452479 -0.2495109
vn -0.6993561 0.69193 -0.1792607
vn 0.5867926 0.7636369 -0.2693202
vn 0.5145116 0.856809 -0.03400772
vn -0.6368649 0.3565331 -0.6835845
vn 0.7870989 0.6094453 -0.0951423
vn 4.200853E-08 -0.943294 0.3319595
vn 0.4463281 -0.7972087 0.4065096
vn -0.7082458 -0.6323415 0.313899
vn 4.258899E-08 -0.9564613 0.2918604
vn 3.709185E-08 -0.8321105 0.5546106
vn 0.814132 -0.398507 0.4223524
vn -0.7082458 -0.6323415 0.313899
vn 0.61338 -0.3593412 0.703306
vn 3.709185E-08 -0.8321105 0.5546106
vn 0.01557048 -0.7932328 0.6087201
vn -0.8002808 0.5452479 -0.2495109
vn -0.9975309 -0.04250419 -0.05590677
vn -0.5998266 0.6504823 -0.4659198
vn -1 -4.448717E-08 1.327507E-10
vn -0.8002808 0.5452479 -0.2495109
vn -0.7073581 0.6652963 -0.2388007
vn 0.7870989 0.6094453 -0.0951423
vn 0.5145116 0.856809 -0.03400772
vn 0.814132 -0.398507 0.4223524
vn 0.7073581 0.65869 -0.2564613
vn 0.8038653 0.5396696 -0.2501153
vn -0.7073581 0.6652963 -0.2388007
vn 0.7087983 -0.7007104 0.08130366
vn 0.5867926 0.7636369 -0.2693202
vn 1 4.448717E-08 -1.327507E-10
vn 0.2898181 -0.2546753 0.9225762
vn -0.3150453 -0.9440497 0.09755617
vn -0.4706887 -0.879843 -0.06579462
vn -0.108564 0.2238397 0.968561
vn -0.3150453 -0.9440497 0.09755617
vn -0.4280026 0.2950002 0.854277
vn -0.5031707 -0.7824643 -0.3668371
vn 0.01557048 -0.7932328 0.6087201
vn 0.2898181 -0.2546753 0.9225762
vn 0.61338 -0.3593412 0.703306
vn 0.5145116 0.856809 -0.03400772
vn 0.2263144 0.9657721 -0.1267543
vn -0.4280026 0.2950002 0.854277
vn 0.2361714 0.940754 0.2433221
vn 0.7112872 0.7015794 -0.04309601
vn 0.535629 0.6001674 0.594055
vn -0.6868559 0.4536766 0.5678088
vn -0.2649832 -0.132513 -0.9551046
vn 0.2586594 0.08154383 -0.962521
vn -0.4706887 -0.879843 -0.06579462
vn -0.6368649 0.3565331 -0.6835845
vn -0.4706887 -0.879843 -0.06579462
vn -0.6368649 0.3565331 -0.6835845
vn -0.9289919 -0.2501534 -0.2727588
vn -0.5998266 0.6504823 -0.4659198
vn -0.9289919 -0.2501534 -0.2727588
vn -0.5998266 0.6504823 -0.4659198
vn -0.9975309 -0.04250419 -0.05590677
vn -0.5031707 -0.7824643 -0.3668371
vn -0.6868559 0.4536766 0.5678088
vn -0.6883145 -0.4632863 -0.558202
vn -0.4280026 0.2950002 0.854277
vn 0.7853388 -0.4330619 -0.4423806
vn 0.5537149 -0.2226505 -0.8023884
vn -0.6883145 -0.4632863 -0.558202
vn 0.556231 0.2269194 0.7994468
vn 0.535629 0.6001674 0.594055
vn -0.7159867 0.697135 -0.03696206
vn 0.7112872 0.7015794 -0.04309601
vn 0.5537149 -0.2226505 -0.8023884
vn -3.125227E-08 0.7046186 0.7095867
vn 0.556231 0.2269194 0.7994468
vn 0.2459057 0.04941633 0.9680336
vn 0.7853388 -0.4330619 -0.4423806
vn 0.3463155 -0.8170463 -0.4609788
vn 0.3141122 -0.9123816 0.2624769
vn 0.1397692 -0.1549704 0.9779823
vn -3.125227E-08 0.7046186 0.7095867
vn 0.3087879 0.6299911 0.7125741
vn 0.2586594 0.08154383 -0.962521
vn -0.5031707 -0.7824643 -0.3668371
vn -0.3150453 -0.9440497 0.09755617
vn 0.7112872 0.7015794 -0.04309601
vn 0.2361714 0.940754 0.2433221
vn -0.108564 0.2238397 0.968561
vn 0.2263144 0.9657721 -0.1267543
vn 0.2898181 -0.2546753 0.9225762
vn -0.2649832 -0.132513 -0.9551046
vn 0.2361714 0.940754 0.2433221
vn 0.2263144 0.9657721 -0.1267543
vn -0.6368649 0.3565331 -0.6835845
vn 0.5145116 0.856809 -0.03400772
vn -0.7159867 0.697135 -0.03696206
vn -0.6883145 -0.4632863 -0.558202
vn -0.6868559 0.4536766 0.5678088
vn -0.5567341 -0.2277391 -0.7988634
vn -0.3491144 0.6626006 -0.6626312
vn -0.7159867 0.697135 -0.03696206
vn -0.3491116 0.6625618 -0.6626714
vn -0.06393264 0.7056409 -0.70568
vn 0.2127494 0.008681105 -0.9770685
vn -0.3491116 0.6625618 -0.6626714
vn -0.6883145 -0.4632863 -0.558202
vn 0.3463155 -0.8170463 -0.4609788
vn 0.7853388 -0.4330619 -0.4423806
vn 0.3463155 -0.8170463 -0.4609788
vn 3.147204E-08 -0.7095442 -0.7046615
vn 0.3141122 -0.9123816 0.2624769
vn 3.147204E-08 -0.7095442 -0.7046615
vn 0.1388954 -0.9745014 -0.1762264
vn 0.2127494 0.008681105 -0.9770685
vn 0.2127494 0.008681105 -0.9770685
vn -0.03404197 0.70674 -0.7066544
vn -0.01749194 0.7070424 -0.7069554
vn -0.06393264 0.7056409 -0.70568
vn -0.03404197 0.70674 -0.7066544
vn -0.05087493 0.6126971 -0.7886791
vn -0.03393307 0.8151461 -0.5782612
vn 0.3436998 -0.8406869 0.4184693
vn 0.1388954 -0.9745014 -0.1762264
vn 0.8733888 -0.07066934 -0.4818693
vn 0.6411818 -0.2163718 0.7362537
vn 0.1388954 -0.9745014 -0.1762264
vn 0.3436998 -0.8406869 0.4184693
vn 3.261268E-08 -0.7310445 0.6823304
vn 3.013681E-08 -0.675226 0.7376114
vn 0.3141122 -0.9123816 0.2624769
vn 0.1397692 -0.1549704 0.9779823
vn -0.8944272 0.3101737 0.3221683
vn -0.8326217 -0.2570028 0.4906025
vn -0.9999269 0.01209145 -5.632929E-09
vn -0.2882971 0.1670523 0.9428568
vn 0.3197008 0.7055115 0.6324916
vn -3.984989E-08 0.8944273 -0.4472142
vn 0.6597271 0.3577999 -0.6608629
vn -3.136331E-08 0.7071074 0.7071067
vn 0.3224826 -0.9006555 -0.2912476
vn 2.84964E-08 -0.638256 0.7698246
vn 0.6493945 -0.1107054 0.7523507
vn 4.218196E-08 -0.9491227 -0.3149076
vn -0.05093282 -0.3766892 -0.9249388
vn 0.3224826 -0.9006555 -0.2912476
vn 0.8622753 -0.4742582 -0.177653
vn 0.8622753 -0.4742582 -0.177653
vn 0.6493945 -0.1107054 0.7523507
vn 0.3429451 -0.07130975 0.9366452
vn 0.3224826 -0.9006555 -0.2912476
vn -0.8386892 0.5348116 -0.1028457
vn -0.8080788 0.367753 0.4601811
vn -0.994148 0.1080266 -5.137911E-08
vn -0.2882898 0.9000526 0.326795
vn 0.4472136 0.3783104 -0.8104825
vn 4.94851E-10 -0.0141075 -0.9999008
vn 0.6449633 -0.4258808 -0.6345457
vn -1.893676E-08 0.4229639 -0.9061469
vn 0.6280723 -0.7703711 0.1097909
vn 0.6453387 0.6393328 0.4180816
vn 0.3405518 0.7769772 0.5294634
vn 0.3333334 -0.6666666 0.6666672
vn 0.2586544 -0.874339 0.4106458
vn -0.5031855 0.07353371 0.8610446
vn -0.06090464 -0.2675532 0.9616167
vn 0.7113126 -0.3881353 -0.5859913
vn 0.2361776 -0.2596714 -0.9363714
vn 0.1044194 0.2731493 -0.956288
vn 0.2263162 -0.5926722 -0.7729951
vn 0.5352813 0.2326131 -0.8120132
vn -0.3918823 -0.6653465 0.6354076
vn 0.2361776 -0.2596714 -0.9363714
vn 0.2263162 -0.5926722 -0.7729951
vn -0.6969983 -0.712545 -0.08045705
vn 0.5145172 -0.4578743 -0.7249991
vn -0.8499964 -0.1230262 0.5122215
vn -0.8499964 -0.1230262 0.5122215
vn -0.3918823 -0.6653465 0.6354076
vn -0.3207197 0.5517869 0.7698511
vn -0.3918823 -0.6653465 0.6354076
vn -0.3918823 -0.6653465 0.6354076
vn -0.06090464 -0.2675532 0.9616167
vn 0.2586544 -0.874339 0.4106458
vn -0.8389772 0.1186306 -0.5310785
vn -0.8265462 0.5583783 -0.07095962
vn -0.9940127 -9.632237E-08 -0.1092649
vn -0.2985783 0.7626569 -0.5737649
vn 0.318674 0.1151541 -0.9408438
vn 3.877187E-08 -0.8729852 -0.4877473
vn 0.6556042 -0.7523187 0.06481005
vn -5.875421E-09 0.1291107 -0.9916306
vn 0.3224831 0.1980483 0.9256253
vn -3.630423E-08 0.8177786 0.5755335
vn 0.8944272 0.3657218 0.2573864
vn -8.84621E-09 0.2017716 0.9794329
vn -0.05098382 -0.6126963 0.7886727
vn 0.3224831 0.1980483 0.9256253
vn 0.6298919 -0.3085967 0.7127444
vn 0.8944272 0.3657218 0.2573864
vn 0.40298 0.8497062 -0.3400103
vn 0.3224831 0.1980483 0.9256253
vn -0.8944272 -0.3101747 -0.3221673
vn -0.8326209 0.2570167 -0.4905967
vn -0.999927 -0.01208257 5.894135E-09
vn -0.2883039 -0.1670189 -0.9428606
vn 0.3197057 -0.7054956 -0.6325068
vn 3.984989E-08 -0.8944273 0.4472142
vn 0.6597363 -0.3577708 0.6608694
vn 3.136331E-08 -0.7071074 -0.7071067
vn 0.322484 0.900642 0.291288
vn -2.849678E-08 0.6382646 -0.7698175
vn 0.6494108 0.1106544 -0.7523441
vn -4.218107E-08 0.9491031 0.3149667
vn -0.05093778 0.3766669 0.9249477
vn 0.322484 0.900642 0.291288
vn 0.8622817 0.4742421 0.177665
vn 0.8622817 0.4742421 0.177665
vn 0.6494108 0.1106544 -0.7523441
vn 0.3429395 0.07129733 -0.9366482
vn 0.322484 0.900642 0.291288
vn 0.2586662 0.7927799 0.551899
vn -0.5031867 0.7089021 -0.4942283
vn -0.3150424 0.3875207 -0.8663583
vn 0.7112898 -0.3134491 0.6291398
vn 0.2361602 -0.6810702 0.693089
vn -0.1085651 -0.9507301 -0.2903905
vn 0.2269466 -0.3661277 0.9024667
vn 0.2898327 -0.6716669 -0.6818073
vn -0.4601314 0.8332629 0.3065169
vn 0.2361602 -0.6810702 0.693089
vn 0.2269466 -0.3661277 0.9024667
vn -0.5581717 0.279874 0.7810988
vn 0.5194637 -0.4039231 0.7529968
vn -0.8386549 -0.5348476 0.1029381
vn -0.8080612 -0.367803 -0.4601721
vn -0.9941407 -0.1080938 5.167506E-08
vn -0.2883065 -0.9000912 -0.3266738
vn 0.3186916 -0.8723644 0.3706973
vn -4.970716E-10 0.01415741 0.9999001
vn 0.644961 0.4259262 0.6345175
vn 4.112736E-08 -0.9233312 0.3840052
vn 0.3333333 0.6666666 -0.6666672
vn 1.977654E-08 -0.4472142 -0.8944273
vn 0.645344 -0.6393442 -0.4180557
vn -3.155104E-08 0.7071067 -0.7071074
vn 0.6388456 -0.7438202 0.19649
vn 0.644961 0.4259262 0.6345175
vn 0.2642005 0.8449016 0.4651238
vn 0.3186916 -0.8723644 0.3706973
vn 0.3087652 -0.3021781 0.9018609
vn 0.1397734 -0.924451 0.3547599
vn 0.2642005 0.8449016 0.4651238
vn 0.6280351 0.7704011 -0.1097932
vn 0.645344 -0.6393442 -0.4180557
vn 0.3405681 -0.7769704 -0.5294628
vn 0.3333333 0.6666666 -0.6666672
vn 0.783935 0.3888761 0.4839645
vn 0.5144859 0.4579115 0.7249979
vn 0.8219038 -0.5558237 -0.1246371
vn -0.8389727 -0.118556 0.5311021
vn -0.8265458 -0.5583787 0.0709622
vn -0.9940123 7.882474E-09 0.1092685
vn -0.2985967 -0.7626005 0.5738303
vn 0.3186877 -0.11513 0.9408422
vn -3.877322E-08 0.8730155 0.4876932
vn 0.6555954 0.7523242 -0.06483425
vn 5.873681E-09 -0.1290716 0.9916356
vn 0.3225017 -0.1981054 -0.9256065
vn 4.383433E-08 -0.9858263 -0.1677715
vn 0.6515586 -0.6955872 0.3027052
vn 8.850215E-09 -0.2018616 -0.9794144
vn -0.05087493 0.6126971 -0.7886791
vn 0.3225017 -0.1981054 -0.9256065
vn 0.8733888 -0.07066934 -0.4818693
vn 0.6411818 -0.2163718 0.7362537
vn 0.6555954 0.7523242 -0.06483425
vn 0.7339684 0.6718909 0.0992636
vn 0.3186877 -0.11513 0.9408422
vn 0.3087879 0.6299911 0.7125741
vn 0.1397692 -0.1549704 0.9779823
vn 0.7339684 0.6718909 0.0992636
vn 0.6555954 0.7523242 -0.06483425
vn -0.03393307 0.8151461 -0.5782612
vn -3.877322E-08 0.8730155 0.4876932
vn 0.8733888 -0.07066934 -0.4818693
vn 0.6515586 -0.6955872 0.3027052
vn 0.3436998 -0.8406869 0.4184693
vn 0.3225017 -0.1981054 -0.9256065
vn 0.3405681 -0.7769704 -0.5294628
vn 4.293494E-08 -0.9658817 -0.258985
vn 4.391429E-08 -0.9875917 -0.1570456
vn 0.3141049 -0.6834987 -0.6589145
vn 0.1397734 -0.924451 0.3547599
vn -7.970283E-09 0.1820937 0.9832816
vn 0.3197008 0.7055115 0.6324916
vn 0.6347281 0.5422369 0.550545
vn -3.136331E-08 0.7071074 0.7071067
vn 0.6493945 -0.1107054 0.7523507
vn -1.327323E-08 0.3012069 0.9535592
vn 0.3429451 -0.07130975 0.9366452
vn 2.84964E-08 -0.638256 0.7698246
vn -4.251055E-08 0.9564403 0.291929
vn -4.20358E-08 0.9458661 0.3245583
vn 0.638848 0.7438187 -0.1964875
vn -4.180917E-08 0.9408147 0.3389225
vn 0.6453387 0.6393328 0.4180816
vn -4.422639E-08 0.9944524 0.1051919
vn 0.3405518 0.7769772 0.5294634
vn -1.977654E-08 0.4472142 0.8944273
vn -3.261252E-08 0.7310411 -0.6823339
vn 0.318674 0.1151541 -0.9408438
vn 0.6411803 0.2163703 -0.7362555
vn -5.875421E-09 0.1291107 -0.9916306
vn -2.940346E-08 0.6586972 -0.7524085
vn -3.013605E-08 0.675209 -0.7376269
vn -2.99098E-08 0.6701094 -0.7422628
vn -2.889026E-08 0.6471316 -0.7623789
vn 7.969225E-09 -0.1820699 -0.983286
vn 0.3197057 -0.7054956 -0.6325068
vn 0.634706 -0.542256 -0.5505517
vn 3.136331E-08 -0.7071074 -0.7071067
vn 0.6494108 0.1106544 -0.7523441
vn 1.327381E-08 -0.3012197 -0.9535552
vn 0.3429395 0.07129733 -0.9366482
vn -2.849678E-08 0.6382646 -0.7698175
vn 0.644961 0.4259262 0.6345175
vn -0.03394772 0.908371 0.4167858
vn 0.2642005 0.8449016 0.4651238
vn -4.970716E-10 0.01415741 0.9999001
vn 4.203501E-08 -0.9458485 -0.3246093
vn 0.3186916 -0.8723644 0.3706973
vn 0.6388456 -0.7438202 0.19649
vn 4.112736E-08 -0.9233312 0.3840052
vn -0.05096873 0.9901931 0.1300788
vn 0.3333333 0.6666666 -0.6666672
vn 0.6280351 0.7704011 -0.1097932
vn -3.155104E-08 0.7071067 -0.7071074
vn 0.645344 -0.6393442 -0.4180557
vn 4.391429E-08 -0.9875917 -0.1570456
vn 0.3405681 -0.7769704 -0.5294628
vn 1.977654E-08 -0.4472142 -0.8944273
vn 3.261268E-08 -0.7310445 0.6823304
vn 0.3186877 -0.11513 0.9408422
vn 0.6411818 -0.2163718 0.7362537
vn 5.873681E-09 -0.1290716 0.9916356
vn 0.6515586 -0.6955872 0.3027052
vn 3.013681E-08 -0.675226 0.7376114
vn 0.3436998 -0.8406869 0.4184693
vn 4.383433E-08 -0.9858263 -0.1677715
vn -0.08428379 0.673024 0.7348031
vn -0.4986372 0.4659013 0.7309566
vn -0.4986526 0.6392054 0.5854592
vn -0.08428518 0.4599069 0.8839585
vn -2.212867E-08 0.5000016 0.8660249
vn -3.136348E-08 0.7071111 0.707103
vn 0.0842826 0.5355775 0.8402702
vn 0.0842784 0.7348061 0.6730215
vn 0.4986708 0.5854512 0.6391987
vn 0.4986422 0.4000763 0.7689574
vn -0.4986629 0.2608362 0.8266198
vn -0.08428063 0.2154552 0.9728703
vn -1.13857E-08 0.2588151 0.9659273
vn 0.0842824 0.2998487 0.9502568
vn 0.4986273 0.1874258 0.8463115
vn -0.4986739 0.03800479 0.8659564
vn -0.08428053 -0.04368011 0.9954846
vn 1.327436E-10 4.768372E-07 1
vn 0.08428071 0.04368628 0.9954844
vn 0.4986314 -0.03800216 0.865981
vn -0.498678 -0.1874201 0.8462828
vn -0.08428285 -0.2998488 0.9502566
vn 1.164225E-08 -0.2588165 0.9659269
vn 0.084281 -0.2154539 0.9728705
vn 0.4986355 -0.2608371 0.826636
vn -0.4986482 -0.4000766 0.7689534
vn -0.08428431 -0.5355787 0.8402692
vn 2.235871E-08 -0.5000035 0.8660237
vn 0.08428231 -0.4599079 0.8839581
vn 0.4986338 -0.4658976 0.7309613
vn -0.4986438 -0.5854641 0.6392079
vn -0.08428122 -0.7348031 0.6730243
vn 3.155104E-08 -0.7071067 0.7071073
vn 0.08427816 -0.6730245 0.7348033
vn 0.4986502 -0.6392059 0.5854608
vn -0.4986391 -0.7309564 0.4658994
vn -0.08428457 -0.8839563 0.4599109
vn 3.85933E-08 -0.8660234 0.5000044
vn 0.08428162 -0.8402694 0.5355788
vn 0.4986471 -0.7689538 0.4000771
vn -0.4986744 -0.8266136 0.2608337
vn -0.08428052 -0.9728704 0.2154545
vn 4.300568E-08 -0.9659266 0.2588174
vn 0.08428155 -0.9502565 0.2998497
vn 0.4986342 -0.8463074 0.1874253
vn -0.4986498 -0.8659707 0.0379988
vn -0.08428045 -0.9954844 -0.04368496
vn 4.448717E-08 -1 4.768372E-07
vn 0.08428052 -0.9954844 0.04368591
vn 0.4986309 -0.8659815 -0.03799758
vn -0.4986342 -0.8463076 -0.1874245
vn -0.08428045 -0.9954844 -0.04368496
vn -0.08428146 -0.9502568 -0.2998488
vn -0.4986498 -0.8659707 0.0379988
vn 4.293697E-08 -0.9659269 -0.2588165
vn 4.448717E-08 -1 4.768372E-07
vn 0.0842806 -0.9728706 -0.2154536
vn 0.08428052 -0.9954844 0.04368591
vn 0.4986309 -0.8659815 -0.03799758
vn 0.4986416 -0.8266324 -0.2608372
vn -0.4986471 -0.7689542 -0.4000764
vn -0.08428258 -0.8402706 -0.5355766
vn 3.846062E-08 -0.8660254 -0.5000007
vn 0.08428292 -0.8839576 -0.4599088
vn 0.4986504 -0.7309502 -0.4658971
vn -0.4986708 -0.6391972 -0.5854527
vn -0.08427975 -0.673022 -0.7348055
vn 3.136313E-08 -0.7071032 -0.7071108
vn 0.08428296 -0.7348012 -0.6730263
vn 0.4986522 -0.5854565 -0.6392083
vn -0.4986356 -0.4658987 -0.7309593
vn -0.08428121 -0.4599101 -0.883957
vn 2.21285E-08 -0.4999979 -0.866027
vn 0.08428375 -0.5355729 -0.840273
vn 0.498647 -0.400077 -0.7689538
vn -0.498621 -0.2608445 -0.8266425
vn -0.08428013 -0.2154552 -0.9728703
vn 1.138572E-08 -0.2588155 -0.9659272
vn 0.08428135 -0.2998447 -0.9502581
vn 0.4986473 -0.1874202 -0.8463008
vn -0.4986295 -0.03800299 -0.8659821
vn -0.08428071 0.04368532 -0.9954844
vn -1.327436E-10 -4.768372E-07 -1
vn 0.08428013 -0.04368025 -0.9954846
vn 0.4986579 0.03800863 -0.8659655
vn -0.4986347 0.1874209 -0.8463081
vn -0.08428152 0.2998463 -0.9502577
vn -1.164214E-08 0.2588141 -0.9659275
vn 0.08428289 0.2154525 -0.9728706
vn 0.4986239 0.2608466 -0.8266401
vn -0.4986324 0.4000784 -0.7689627
vn -0.08428241 0.5355785 -0.8402694
vn -2.23586E-08 0.5000011 -0.8660251
vn 0.08428732 0.4599065 -0.8839584
vn 0.4986154 0.4659068 -0.7309679
vn -0.4986221 0.5854725 -0.6392172
vn -0.08428226 0.7348039 -0.6730235
vn -3.155124E-08 0.7071112 -0.7071028
vn 0.08428439 0.6730264 -0.7348009
vn 0.498652 0.639206 -0.5854592
vn -0.4986418 0.7309529 -0.4659019
vn -0.0842806 0.8839567 -0.4599111
vn -3.859346E-08 0.866027 -0.4999979
vn 0.08428241 0.8402735 -0.5355722
vn 0.4986466 0.7689568 -0.4000721
vn -0.4986416 0.8266306 -0.2608432
vn -0.08427884 0.9728705 -0.2154549
vn -4.300568E-08 0.9659266 -0.2588174
vn 0.08428092 0.9502575 -0.2998468
vn 0.4986348 0.8463092 -0.1874157
vn -0.4986312 0.865981 -0.03800645
vn -0.08428054 0.9954844 0.04368494
vn -4.448717E-08 1 -4.768372E-07
vn 0.08428047 0.9954846 -0.04368031
vn 0.4986317 0.8659803 0.03801522
vn -0.4986728 0.8462868 0.1874154
vn -0.08428086 0.9502561 0.2998511
vn -4.29369E-08 0.9659254 0.2588219
vn 0.08428214 0.9728686 0.2154621
vn 0.49864 0.8266321 0.2608412
vn -0.4986673 0.7689442 0.4000702
vn -0.08428212 0.8402721 0.5355744
vn -3.846064E-08 0.8660258 0.5000001
vn 0.08427905 0.8839576 0.4599093
vn 0.4986584 0.7309482 0.4658916
vn -0.4082482 -0.816497 -0.408248
vn -0.4082483 0.816497 0.408248
vn -0.2182179 -0.4364355 0.8728721
vn -0.2182179 0.4364355 -0.8728721
vn -0.3396081 -0.03444983 0.9399362
vn -0.2588001 -0.6632624 0.7022153
vn -0.2182179 -0.4364355 0.8728721
vn -0.3498626 0.03331571 0.9362087
vn -0.2190647 0.08199965 0.9722589
vn -0.4082483 0.816497 0.408248
vn -0.258793 0.7022231 0.6632566
vn -0.3395959 0.9399406 0.03445035
vn -0.3498497 0.9362136 -0.03331591
vn -0.219054 0.972261 -0.08200348
vn -0.2182179 0.4364355 -0.8728721
vn -0.2587897 0.6632653 -0.7022163
vn -0.3396015 0.03444999 -0.9399387
vn -0.3498558 -0.03331719 -0.9362112
vn -0.2190545 -0.08200476 -0.9722608
vn -0.4082482 -0.816497 -0.408248
vn -0.2587851 -0.7022123 -0.6632714
vn -0.3396061 -0.9399369 -0.03445005
vn -0.3498596 -0.9362099 0.0333156
vn -0.2190602 -0.9722598 0.08200105
vn 1 4.448717E-08 -1.327507E-10
vn 0.9739468 -0.2147975 0.07273126
vn 0.9739466 -0.1706129 0.1493966
vn 0.9739468 -0.2262801 -0.01500337
vn 0.9739469 -0.2033132 -0.1004547
vn 0.9739453 -0.1494063 -0.1706121
vn 0.973944 -0.07274657 -0.2148047
vn 0.9739439 0.01500402 -0.2262921
vn 0.9739459 0.1004632 -0.2033141
vn 0.9739468 0.1706187 -0.1493888
vn 0.9739468 0.2147967 -0.07273344
vn 0.9739468 0.2262802 0.01500338
vn 0.9739464 0.2033159 0.1004544
vn 0.9739465 0.1493957 0.1706138
vn 0.9739468 0.0727313 0.2147976
vn 0.9739469 -0.01500947 0.2262786
vn 0.9739463 -0.1004568 0.2033153
vn 0.5646022 -0.5437306 0.6209522
vn 0.5646029 -0.264717 0.7817602
vn 0.5646039 0.05459191 0.823555
vn 0.564603 0.3656113 0.7399679
vn 0.5646021 0.6209502 0.5437332
vn 0.5646031 0.7817613 0.2647131
vn 0.5646034 0.8235543 -0.05460545
vn 0.5646035 0.7399665 -0.365613
vn 0.5646027 0.5437352 -0.620948
vn 0.5645953 0.2647125 -0.7817672
vn 0.5645944 -0.05460436 -0.8235606
vn 0.5645968 -0.3656182 -0.7399691
vn 0.5646045 -0.6209521 -0.5437286
vn 0.564603 -0.7817621 -0.2647111
vn 0.5646036 -0.8235542 0.05460546
vn 0.5646028 -0.7399701 0.365607
vn -0.7131654 -0.310516 0.6284706
vn -0.713164 -0.5273842 0.4618048
vn -0.7131642 -0.3105213 0.6284694
vn -0.7131639 -0.5273921 0.4617958
vn -0.2309932 -0.289225 0.9289735
vn -0.7131648 -0.0463786 0.6994609
vn -0.3006749 0.03351428 0.953138
vn -0.7131653 0.2248239 0.6639652
vn -0.7131635 0.2248251 0.6639667
vn -0.7131636 -0.04638385 0.6994617
vn 0.5646022 -0.5437306 0.6209522
vn -0.7131654 -0.310516 0.6284706
vn 0.5646029 -0.264717 0.7817602
vn 0.5646039 0.05459191 0.823555
vn -0.7131636 -0.04638385 0.6994617
vn 0.564603 0.3656113 0.7399679
vn -0.7131636 -0.04638385 0.6994617
vn -0.7131642 -0.3105213 0.6284694
vn -0.7131648 -0.0463786 0.6994609
vn -0.7131654 -0.310516 0.6284706
vn -0.1838709 -0.7531382 0.6316447
vn -0.713164 -0.5273842 0.4618048
vn -0.2309932 -0.289225 0.9289735
vn -0.7131639 -0.5273921 0.4617958
vn -0.7131645 -0.6639636 0.2248315
vn -0.7131642 -0.6639661 0.2248255
vn 0.5646029 -0.264717 0.7817602
vn -0.7131654 -0.310516 0.6284706
vn 0.5646039 0.05459191 0.823555
vn 0.5646028 -0.7399701 0.365607
vn -0.7131642 -0.6639661 0.2248255
vn 0.5646022 -0.5437306 0.6209522
vn -0.7131635 0.4618002 0.5273885
vn -0.7131635 0.2248251 0.6639667
vn -0.7131655 0.4617963 0.5273893
vn -0.7131653 0.2248239 0.6639652
vn 0.564603 0.3656113 0.7399679
vn -0.7131653 0.2248239 0.6639652
vn 0.5646021 0.6209502 0.5437332
vn -0.7131646 0.6284676 0.3105238
vn -0.7131655 0.4617963 0.5273893
vn -0.7131635 0.6284742 0.3105128
vn -0.7131635 0.4618002 0.5273885
vn 0.5646021 0.6209502 0.5437332
vn -0.7131635 0.4618002 0.5273885
vn 0.5646031 0.7817613 0.2647131
vn -0.7131645 0.6994612 0.04637723
vn -0.7131635 0.6284742 0.3105128
vn -0.7131649 0.6994608 0.04637856
vn -0.7131646 0.6284676 0.3105238
vn 0.5646031 0.7817613 0.2647131
vn -0.7131646 0.6284676 0.3105238
vn 0.5646034 0.8235543 -0.05460545
vn -0.7131649 0.6639634 -0.2248304
vn -0.7131649 0.6994608 0.04637856
vn -0.7131642 0.6639646 -0.2248294
vn -0.7131645 0.6994612 0.04637723
vn 0.5646034 0.8235543 -0.05460545
vn -0.7131645 0.6994612 0.04637723
vn 0.5646035 0.7399665 -0.365613
vn -0.7131643 0.5273843 -0.4618039
vn -0.7131642 0.6639646 -0.2248294
vn -0.7131639 0.5273889 -0.4617994
vn -0.7131649 0.6639634 -0.2248304
vn 0.5646035 0.7399665 -0.365613
vn -0.7131649 0.6639634 -0.2248304
vn 0.5646027 0.5437352 -0.620948
vn -0.7131642 0.3105172 -0.6284714
vn -0.7131639 0.5273889 -0.4617994
vn -0.7131645 0.3105254 -0.628467
vn -0.7131643 0.5273843 -0.4618039
vn 0.5646027 0.5437352 -0.620948
vn -0.7131643 0.5273843 -0.4618039
vn 0.5645953 0.2647125 -0.7817672
vn -0.7131644 0.04637715 -0.6994613
vn -0.7131645 0.3105254 -0.628467
vn -0.713165 0.04637687 -0.6994607
vn -0.7131642 0.3105172 -0.6284714
vn 0.5645953 0.2647125 -0.7817672
vn -0.7131642 0.3105172 -0.6284714
vn 0.5645944 -0.05460436 -0.8235606
vn -0.7131642 -0.2248241 -0.6639664
vn -0.713165 0.04637687 -0.6994607
vn -0.7131643 -0.2248348 -0.6639627
vn -0.7131644 0.04637715 -0.6994613
vn 0.5645944 -0.05460436 -0.8235606
vn -0.7131644 0.04637715 -0.6994613
vn 0.5645968 -0.3656182 -0.7399691
vn -0.7131646 -0.4617995 -0.5273877
vn -0.7131643 -0.2248348 -0.6639627
vn -0.713163 -0.4618001 -0.5273894
vn -0.7131642 -0.2248241 -0.6639664
vn 0.5645968 -0.3656182 -0.7399691
vn -0.7131642 -0.2248241 -0.6639664
vn 0.5646045 -0.6209521 -0.5437286
vn -0.7131642 -0.6284714 -0.3105173
vn -0.713163 -0.4618001 -0.5273894
vn -0.7131651 -0.6284621 -0.3105339
vn -0.7131646 -0.4617995 -0.5273877
vn 0.5646045 -0.6209521 -0.5437286
vn -0.7131646 -0.4617995 -0.5273877
vn 0.564603 -0.7817621 -0.2647111
vn -0.7131644 -0.6994612 -0.04637723
vn -0.7131651 -0.6284621 -0.3105339
vn -0.7131647 -0.6994609 -0.04637856
vn -0.7131642 -0.6284714 -0.3105173
vn 0.564603 -0.7817621 -0.2647111
vn -0.7131642 -0.6284714 -0.3105173
vn 0.5646036 -0.8235542 0.05460546
vn -0.7131642 -0.6639661 0.2248255
vn -0.7131647 -0.6994609 -0.04637856
vn -0.7131645 -0.6639636 0.2248315
vn -0.7131644 -0.6994612 -0.04637723
vn 0.5646036 -0.8235542 0.05460546
vn -0.7131644 -0.6994612 -0.04637723
vn 0.5646028 -0.7399701 0.365607
vn -1 -4.448717E-08 1.327507E-10
vn -0.7278695 -0.4631498 -0.5056666
vn -0.486941 -0.7564161 -0.4367192
vn -1 -4.448717E-08 1.327507E-10
vn -0.7278641 -0.6694998 -0.1482711
vn -1 -4.448717E-08 1.327507E-10
vn -0.7278533 -0.6850738 0.03006346
vn -1 -4.448717E-08 1.327507E-10
vn -0.72786 -0.6539431 0.2063458
vn -1 -4.448717E-08 1.327507E-10
vn -0.727864 -0.5782534 0.3685614
vn -1 -4.448717E-08 1.327507E-10
vn -0.7278593 -0.4631579 0.5056738
vn -1 -4.448717E-08 1.327507E-10
vn -0.7278692 -0.3164974 0.6083061
vn -1 -4.448717E-08 1.327507E-10
vn -0.7278649 -0.1482711 0.6694988
vn -1 -4.448717E-08 1.327507E-10
vn -0.727854 0.03006233 0.6850731
vn -1 -4.448717E-08 1.327507E-10
vn -0.7278562 0.2063502 0.6539458
vn -1 -4.448717E-08 1.327507E-10
vn -0.7278552 0.368571 0.5782582
vn -1 -4.448717E-08 1.327507E-10
vn -0.7278556 0.5056773 0.4631598
vn -1 -4.448717E-08 1.327507E-10
vn -0.7278556 0.60832 0.3165017
vn -1 -4.448717E-08 1.327507E-10
vn -0.7278548 0.6695101 0.1482693
vn -1 -4.448717E-08 1.327507E-10
vn -0.7278534 0.6850737 -0.03006345
vn -1 -4.448717E-08 1.327507E-10
vn -0.7278557 0.6539463 -0.2063507
vn -1 -4.448717E-08 1.327507E-10
vn -0.727859 0.5782557 -0.3685672
vn -1 -4.448717E-08 1.327507E-10
vn -0.7278666 0.463153 -0.5056676
vn -1 -4.448717E-08 1.327507E-10
vn -0.7278645 0.3164937 -0.6083134
vn -1 -4.448717E-08 1.327507E-10
vn -0.7278553 0.1482656 -0.6695105
vn -1 -4.448717E-08 1.327507E-10
vn -0.7278541 -0.03006345 -0.685073
vn -1 -4.448717E-08 1.327507E-10
vn -0.7278562 -0.2063504 -0.6539459
vn -1 -4.448717E-08 1.327507E-10
vn -0.9006349 -0.2172868 -0.3763553
vn -1 -4.448717E-08 1.327507E-10
vn 0.4122732 -0.455531 -0.7890012
vn 0.6912378 -0.5328873 -0.4880795
vn 1 4.448717E-08 -1.327507E-10
vn 0.6912569 -0.1562434 -0.7055156
vn 1 4.448717E-08 -1.327507E-10
vn 0.6912577 0.03167864 -0.721914
vn 1 4.448717E-08 -1.327507E-10
vn 0.6912513 0.2174461 -0.6891221
vn 1 4.448717E-08 -1.327507E-10
vn 0.6912442 0.3883987 -0.6093671
vn 1 4.448717E-08 -1.327507E-10
vn 0.6912498 0.5328793 -0.4880716
vn 1 4.448717E-08 -1.327507E-10
vn 0.6912559 0.6410363 -0.3335237
vn 1 4.448717E-08 -1.327507E-10
vn 0.6912577 0.7055148 -0.1562434
vn 1 4.448717E-08 -1.327507E-10
vn 0.6912584 0.7219132 0.03167858
vn 1 4.448717E-08 -1.327507E-10
vn 0.6912568 0.6891158 0.2174485
vn 1 4.448717E-08 -1.327507E-10
vn 0.6912563 0.6093568 0.3883933
vn 1 4.448717E-08 -1.327507E-10
vn 0.6912569 0.4880678 0.5328735
vn 1 4.448717E-08 -1.327507E-10
vn 0.6912556 0.3335234 0.6410369
vn 1 4.448717E-08 -1.327507E-10
vn 0.6912569 0.1562425 0.7055157
vn 1 4.448717E-08 -1.327507E-10
vn 0.6912526 -0.03168351 0.7219186
vn 1 4.448717E-08 -1.327507E-10
vn 0.6912411 -0.2174572 0.6891287
vn 1 4.448717E-08 -1.327507E-10
vn 0.6912475 -0.3883994 0.609363
vn 1 4.448717E-08 -1.327507E-10
vn 0.6912529 -0.532877 0.4880696
vn 1 4.448717E-08 -1.327507E-10
vn 0.691247 -0.6410472 0.3335212
vn 1 4.448717E-08 -1.327507E-10
vn 0.6912578 -0.7055147 0.1562434
vn 1 4.448717E-08 -1.327507E-10
vn 0.6912535 -0.7219177 -0.03168296
vn 1 4.448717E-08 -1.327507E-10
vn 0.6912417 -0.6891282 -0.2174568
vn 1 4.448717E-08 -1.327507E-10
vn 0.8914617 -0.3923919 -0.2265497
vn 1 4.448717E-08 -1.327507E-10
vn 1 4.448717E-08 -1.327507E-10
vn -0.5630397 -0.6094347 -0.55819
vn 0.07835222 -0.8406794 -0.5358355
vn -0.5630546 -0.7331275 -0.3814367
vn 0.07834817 -0.6733502 -0.7351611
vn 3.136321E-08 -0.707105 -0.707109
vn 3.846052E-08 -0.8660232 -0.5000046
vn -0.07834902 -0.735162 -0.6733491
vn -0.07835248 -0.8843825 -0.4601404
vn 0.5630848 -0.6968772 -0.4441826
vn 0.5630792 -0.5581762 -0.6094108
vn 0.5630814 -0.7880952 -0.2486883
vn -0.07835071 -0.9733426 -0.2155598
vn 4.293689E-08 -0.9659251 -0.2588233
vn 0.0783537 -0.9507176 -0.2999956
vn -0.5630848 -0.8068497 -0.1786881
vn 0.5630841 -0.8256052 -0.03623524
vn -0.07835016 -0.9959677 0.04370524
vn 4.448717E-08 -1 4.768372E-07
vn 0.078352 -0.9959675 -0.04370739
vn -0.5630851 -0.8256044 0.03623335
vn 0.5630572 -0.8068691 0.1786879
vn -0.07834852 -0.9507198 0.2999898
vn 4.300566E-08 -0.9659261 0.2588196
vn 0.07835095 -0.9733422 0.2155615
vn -0.5630843 -0.7880948 0.2486825
vn 0.5630401 -0.7331384 0.3814373
vn -0.0783487 -0.8406825 0.5358312
vn 3.859343E-08 -0.8660265 0.499999
vn 0.07834975 -0.8843855 0.4601352
vn -0.5630814 -0.6968814 0.4441803
vn 0.5630392 -0.6094368 0.5581881
vn -0.07835051 -0.6733514 0.7351598
vn 3.155125E-08 -0.7071114 0.7071026
vn 0.0783501 -0.7351629 0.673348
vn -0.5630849 -0.5581751 0.6094067
vn 0.5630445 -0.4441943 0.6969022
vn -0.07835054 -0.4601349 0.8843855
vn 2.235858E-08 -0.5000005 0.8660255
vn 0.07834838 -0.5358381 0.8406781
vn -0.5630825 -0.3814261 0.7331116
vn 0.5630409 -0.2486904 0.7881234
vn -0.07835227 -0.2155605 0.9733424
vn 1.164255E-08 -0.2588233 0.9659251
vn 0.07834813 -0.2999947 0.9507183
vn -0.5630814 -0.1786831 0.8068532
vn 0.5630387 -0.03623067 0.8256362
vn -0.07835197 0.04370791 0.9959675
vn 1.327436E-10 4.768372E-07 1
vn 0.07835026 -0.04370484 0.9959677
vn -0.5630826 0.03623241 0.8256062
vn 0.563045 0.1786878 0.8068776
vn -0.07835194 0.2999902 0.9507195
vn -1.138591E-08 0.2588197 0.9659259
vn 0.07834779 0.2155583 0.9733431
vn -0.5630844 0.2486797 0.7880957
vn 0.5630415 0.3814381 0.733137
vn -0.07834902 0.535834 0.8406808
vn -2.212872E-08 0.5000028 0.8660241
vn 0.07834812 0.4601377 0.8843843
vn -0.5630848 0.4441848 0.6968758
vn 0.5630392 0.5581917 0.6094337
vn -0.07834922 0.7351586 0.6733528
vn -3.136315E-08 0.7071037 0.7071103
vn 0.07834767 0.6733497 0.7351615
vn -0.5630791 0.609412 0.558175
vn 0.5630406 0.6969058 0.4441938
vn -0.07835314 0.8843862 0.4601332
vn -3.846051E-08 0.8660229 0.500005
vn 0.07835028 0.8406783 0.5358375
vn -0.5630822 0.733112 0.3814259
vn 0.5630447 0.7881215 0.2486876
vn -0.07835323 0.9733425 0.2155598
vn -4.293692E-08 0.9659258 0.2588208
vn 0.07835206 0.9507177 0.2999957
vn -0.5630859 0.8068491 0.1786879
vn 0.5630718 0.8256134 0.03623794
vn -0.07835156 0.9959675 -0.04370917
vn -4.448717E-08 1 -4.768372E-07
vn 0.07835168 0.9959675 0.04370741
vn -0.563085 0.8256046 -0.03623334
vn 0.5630858 0.8068489 -0.1786887
vn -0.0783513 0.9507179 -0.2999956
vn -4.300565E-08 0.9659259 -0.2588203
vn 0.07835197 0.9733421 -0.2155615
vn -0.5630707 0.7881027 -0.2486883
vn 0.5630821 0.7331117 -0.3814266
vn -0.07835036 0.8406779 -0.5358384
vn -3.85933E-08 0.8660235 -0.5000039
vn 0.07835199 0.8843865 -0.4601327
vn -0.563041 0.6969054 -0.4441939
vn 0.5630836 0.6094127 -0.5581698
vn -0.07834637 0.6733509 -0.7351606
vn -3.155093E-08 0.7071043 -0.7071098
vn 0.07834899 0.7351605 -0.6733506
vn -0.5630403 0.5581928 -0.6094315
vn 0.5630848 0.4441806 -0.6968784
vn -0.07834583 0.4601335 -0.8843867
vn -2.235864E-08 0.500002 -0.8660246
vn 0.07834906 0.5358361 -0.8406793
vn -0.5630397 0.381436 -0.7331394
vn 0.5630814 0.2486741 -0.7880996
vn -0.0783487 0.2155577 -0.9733433
vn -1.164235E-08 0.2588188 -0.9659263
vn 0.07835195 0.2999893 -0.9507198
vn -0.5630377 0.1786902 -0.8068821
vn 0.5630823 0.03623311 -0.8256063
vn -0.07835004 -0.04370541 -0.9959677
vn -1.327436E-10 -4.768372E-07 -1
vn 0.07835198 0.04370809 -0.9959675
vn -0.5630387 -0.03623037 -0.8256363
vn 0.5630827 -0.1786892 -0.806851
vn -0.07834812 -0.3000004 -0.9507166
vn 1.138609E-08 -0.2588238 -0.965925
vn 0.07835338 -0.2155555 -0.9733433
vn -0.5630382 -0.2486884 -0.788126
vn 0.5630801 -0.3814309 -0.733111
vn -0.07834864 -0.535837 -0.8406789
vn 2.212881E-08 -0.5000047 -0.8660231
vn 0.07835146 -0.460135 -0.8843853
vn -0.5630407 -0.4441943 -0.6969054
vn 0.9802725 0.1062346 0.1666742
vn 0.5630792 -0.5581762 -0.6094108
vn 0.5630801 -0.3814309 -0.733111
vn 0.9802743 0.1457467 0.1334924
vn 0.4986708 0.5854512 0.6391987
vn 0.9802743 0.1457467 0.1334924
vn 0.4986422 0.4000763 0.7689574
vn 0.9802662 0.05948631 0.1885199
vn 0.5630801 -0.3814309 -0.733111
vn 0.5630827 -0.1786892 -0.806851
vn 0.9802725 0.1062346 0.1666742
vn 0.4986422 0.4000763 0.7689574
vn 0.9802725 0.1062346 0.1666742
vn 0.4986273 0.1874258 0.8463115
vn 0.9802639 0.008667514 0.197503
vn 0.5630827 -0.1786892 -0.806851
vn 0.5630823 0.03623311 -0.8256063
vn 0.9802662 0.05948631 0.1885199
vn 0.4986273 0.1874258 0.8463115
vn 0.9802662 0.05948631 0.1885199
vn 0.4986314 -0.03800216 0.865981
vn 0.9802657 -0.04274305 0.1930085
vn 0.5630823 0.03623311 -0.8256063
vn 0.5630814 0.2486741 -0.7880996
vn 0.9802639 0.008667514 0.197503
vn 0.4986314 -0.03800216 0.865981
vn 0.9802639 0.008667514 0.197503
vn 0.4986355 -0.2608371 0.826636
vn 0.9802657 -0.091241 0.1753689
vn 0.5630814 0.2486741 -0.7880996
vn 0.5630848 0.4441806 -0.6968784
vn 0.9802657 -0.04274305 0.1930085
vn 0.4986355 -0.2608371 0.826636
vn 0.9802657 -0.04274305 0.1930085
vn 0.4986338 -0.4658976 0.7309613
vn 0.9802672 -0.1335151 0.1457736
vn 0.5630848 0.4441806 -0.6968784
vn 0.5630836 0.6094127 -0.5581698
vn 0.9802657 -0.091241 0.1753689
vn 0.4986338 -0.4658976 0.7309613
vn 0.9802657 -0.091241 0.1753689
vn 0.4986502 -0.6392059 0.5854608
vn 0.9802698 -0.1666846 0.1062416
vn 0.5630836 0.6094127 -0.5581698
vn 0.5630821 0.7331117 -0.3814266
vn 0.9802672 -0.1335151 0.1457736
vn 0.4986502 -0.6392059 0.5854608
vn 0.9802672 -0.1335151 0.1457736
vn 0.4986471 -0.7689538 0.4000771
vn 0.9802663 -0.1885188 0.05948697
vn 0.5630821 0.7331117 -0.3814266
vn 0.5630858 0.8068489 -0.1786887
vn 0.9802698 -0.1666846 0.1062416
vn 0.4986471 -0.7689538 0.4000771
vn 0.9802698 -0.1666846 0.1062416
vn 0.4986342 -0.8463074 0.1874253
vn 0.9802635 -0.197505 0.008672311
vn 0.5630858 0.8068489 -0.1786887
vn 0.5630718 0.8256134 0.03623794
vn 0.9802663 -0.1885188 0.05948697
vn 0.4986342 -0.8463074 0.1874253
vn 0.9802663 -0.1885188 0.05948697
vn 0.4986309 -0.8659815 -0.03799758
vn 0.9802704 -0.1929875 -0.04272925
vn 0.5630718 0.8256134 0.03623794
vn 0.5630447 0.7881215 0.2486876
vn 0.9802635 -0.197505 0.008672311
vn 0.4986309 -0.8659815 -0.03799758
vn 0.9802635 -0.197505 0.008672311
vn 0.4986416 -0.8266324 -0.2608372
vn 0.9802772 -0.1753176 -0.09121514
vn 0.5630447 0.7881215 0.2486876
vn 0.5630406 0.6969058 0.4441938
vn 0.9802704 -0.1929875 -0.04272925
vn 0.4986416 -0.8266324 -0.2608372
vn 0.9802704 -0.1929875 -0.04272925
vn 0.4986504 -0.7309502 -0.4658971
vn 0.9802794 -0.1457271 -0.133476
vn 0.5630406 0.6969058 0.4441938
vn 0.5630392 0.5581917 0.6094337
vn 0.9802772 -0.1753176 -0.09121514
vn 0.4986504 -0.7309502 -0.4658971
vn 0.9802772 -0.1753176 -0.09121514
vn 0.4986522 -0.5854565 -0.6392083
vn 0.9802802 -0.1062137 -0.1666414
vn 0.5630392 0.5581917 0.6094337
vn 0.5630415 0.3814381 0.733137
vn 0.9802794 -0.1457271 -0.133476
vn 0.4986522 -0.5854565 -0.6392083
vn 0.9802794 -0.1457271 -0.133476
vn 0.498647 -0.400077 -0.7689538
vn 0.9802757 -0.05947199 -0.1884746
vn 0.5630415 0.3814381 0.733137
vn 0.563045 0.1786878 0.8068776
vn 0.9802802 -0.1062137 -0.1666414
vn 0.498647 -0.400077 -0.7689538
vn 0.9802802 -0.1062137 -0.1666414
vn 0.4986473 -0.1874202 -0.8463008
vn 0.9802808 -0.008663384 -0.1974196
vn 0.563045 0.1786878 0.8068776
vn 0.5630387 -0.03623067 0.8256362
vn 0.9802757 -0.05947199 -0.1884746
vn 0.4986473 -0.1874202 -0.8463008
vn 0.9802757 -0.05947199 -0.1884746
vn 0.4986579 0.03800863 -0.8659655
vn 0.980279 0.04273151 -0.1929435
vn 0.5630387 -0.03623067 0.8256362
vn 0.5630409 -0.2486904 0.7881234
vn 0.9802808 -0.008663384 -0.1974196
vn 0.4986579 0.03800863 -0.8659655
vn 0.9802808 -0.008663384 -0.1974196
vn 0.4986239 0.2608466 -0.8266401
vn 0.9802691 0.09123642 -0.1753521
vn 0.5630409 -0.2486904 0.7881234
vn 0.5630445 -0.4441943 0.6969022
vn 0.980279 0.04273151 -0.1929435
vn 0.4986239 0.2608466 -0.8266401
vn 0.980279 0.04273151 -0.1929435
vn 0.4986154 0.4659068 -0.7309679
vn 0.9802747 0.13349 -0.1457461
vn 0.5630445 -0.4441943 0.6969022
vn 0.5630392 -0.6094368 0.5581881
vn 0.9802691 0.09123642 -0.1753521
vn 0.4986154 0.4659068 -0.7309679
vn 0.9802691 0.09123642 -0.1753521
vn 0.498652 0.639206 -0.5854592
vn 0.9802796 0.1666441 -0.106215
vn 0.5630392 -0.6094368 0.5581881
vn 0.5630401 -0.7331384 0.3814373
vn 0.9802747 0.13349 -0.1457461
vn 0.498652 0.639206 -0.5854592
vn 0.9802747 0.13349 -0.1457461
vn 0.4986466 0.7689568 -0.4000721
vn 0.9802772 0.1884694 -0.05946305
vn 0.5630401 -0.7331384 0.3814373
vn 0.5630572 -0.8068691 0.1786879
vn 0.9802796 0.1666441 -0.106215
vn 0.4986466 0.7689568 -0.4000721
vn 0.9802796 0.1666441 -0.106215
vn 0.4986348 0.8463092 -0.1874157
vn 0.9802673 0.1974873 -0.008655698
vn 0.5630572 -0.8068691 0.1786879
vn 0.5630841 -0.8256052 -0.03623524
vn 0.9802772 0.1884694 -0.05946305
vn 0.4986348 0.8463092 -0.1874157
vn 0.9802772 0.1884694 -0.05946305
vn 0.4986317 0.8659803 0.03801522
vn 0.9802657 0.1930075 0.04274552
vn 0.5630841 -0.8256052 -0.03623524
vn 0.5630814 -0.7880952 -0.2486883
vn 0.9802673 0.1974873 -0.008655698
vn 0.4986317 0.8659803 0.03801522
vn 0.9802673 0.1974873 -0.008655698
vn 0.49864 0.8266321 0.2608412
vn 0.9802676 0.1753609 0.09123597
vn 0.5630814 -0.7880952 -0.2486883
vn 0.5630848 -0.6968772 -0.4441826
vn 0.9802657 0.1930075 0.04274552
vn 0.49864 0.8266321 0.2608412
vn 0.9802657 0.1930075 0.04274552
vn 0.4986584 0.7309482 0.4658916
vn 0.9802743 0.1457467 0.1334924
vn 0.5630848 -0.6968772 -0.4441826
vn 0.5630792 -0.5581762 -0.6094108
vn 0.9802676 0.1753609 0.09123597
vn 0.4986584 0.7309482 0.4658916
vn 0.9802743 0.1457467 0.1334924
vn 0.4986708 0.5854512 0.6391987
vn -0.7131635 0.2248251 0.6639667
vn -0.3006749 0.03351428 0.953138
vn -0.2900678 0.3447297 0.8927613
vn -0.7131648 -0.0463786 0.6994609
vn -0.7131655 0.4617963 0.5273893
vn -0.2900678 0.3447297 0.8927613
vn -0.183872 0.631649 0.7531343
vn -0.7131635 0.2248251 0.6639667
vn -0.7131635 0.6284742 0.3105128
vn -0.183872 0.631649 0.7531343
vn -4.20945E-08 0.9471742 0.3207207
vn -0.7131655 0.4617963 0.5273893
vn -0.7131649 0.6994608 0.04637856
vn -4.20945E-08 0.9471742 0.3207207
vn -4.439848E-08 0.9978093 -0.06616186
vn -0.7131635 0.6284742 0.3105128
vn -0.7131642 0.6639646 -0.2248294
vn -4.439848E-08 0.9978093 -0.06616186
vn -3.994314E-08 0.896536 -0.4429716
vn -0.7131649 0.6994608 0.04637856
vn -0.7131639 0.5273889 -0.4617994
vn -3.994314E-08 0.896536 -0.4429716
vn -0.1838625 0.7531426 -0.6316419
vn -0.7131642 0.6639646 -0.2248294
vn -0.7131645 0.3105254 -0.628467
vn -0.1838625 0.7531426 -0.6316419
vn -0.2309853 0.2892287 -0.9289743
vn -0.7131639 0.5273889 -0.4617994
vn -0.713165 0.04637687 -0.6994607
vn -0.2309853 0.2892287 -0.9289743
vn -0.3006692 -0.03351784 -0.9531397
vn -0.7131645 0.3105254 -0.628467
vn -0.7131643 -0.2248348 -0.6639627
vn -0.3006692 -0.03351784 -0.9531397
vn -0.2900608 -0.3447468 -0.8927571
vn -0.713165 0.04637687 -0.6994607
vn -0.713163 -0.4618001 -0.5273894
vn -0.2900608 -0.3447468 -0.8927571
vn -0.1838582 -0.6316363 -0.7531484
vn -0.7131643 -0.2248348 -0.6639627
vn -0.7131651 -0.6284621 -0.3105339
vn -0.1838582 -0.6316363 -0.7531484
vn 4.209426E-08 -0.9471688 -0.3207366
vn -0.713163 -0.4618001 -0.5273894
vn -0.7131647 -0.6994609 -0.04637856
vn 4.209426E-08 -0.9471688 -0.3207366
vn 4.439848E-08 -0.9978093 0.06616186
vn -0.7131651 -0.6284621 -0.3105339
vn -0.7131645 -0.6639636 0.2248315
vn 4.439848E-08 -0.9978093 0.06616186
vn 3.994301E-08 -0.896533 0.4429778
vn -0.7131647 -0.6994609 -0.04637856
vn -0.713164 -0.5273842 0.4618048
vn 3.994301E-08 -0.896533 0.4429778
vn -0.1838709 -0.7531382 0.6316447
vn -0.7131645 -0.6639636 0.2248315
vn -0.2309932 -0.289225 0.9289735
vn -0.2588001 -0.6632624 0.7022153
vn -0.3396081 -0.03444983 0.9399362
vn -0.1838709 -0.7531382 0.6316447
vn -0.3006749 0.03351428 0.953138
vn -0.3498626 0.03331571 0.9362087
vn -0.2900678 0.3447297 0.8927613
vn -0.2190647 0.08199965 0.9722589
vn -0.183872 0.631649 0.7531343
vn -0.258793 0.7022231 0.6632566
vn -0.4527521 0.8584484 0.241003
vn -0.3395959 0.9399406 0.03445035
vn -0.5711692 0.8208303 0.00196717
vn -0.3498497 0.9362136 -0.03331591
vn -0.5540875 0.8046231 -0.2134693
vn -0.219054 0.972261 -0.08200348
vn -0.1838625 0.7531426 -0.6316419
vn -0.2587897 0.6632653 -0.7022163
vn -0.2309853 0.2892287 -0.9289743
vn -0.3396015 0.03444999 -0.9399387
vn -0.3006692 -0.03351784 -0.9531397
vn -0.3498558 -0.03331719 -0.9362112
vn -0.2900608 -0.3447468 -0.8927571
vn -0.2190545 -0.08200476 -0.9722608
vn -0.1838582 -0.6316363 -0.7531484
vn -0.2587851 -0.7022123 -0.6632714
vn -0.4527608 -0.8584384 -0.2410222
vn -0.3396061 -0.9399369 -0.03445005
vn -0.5711831 -0.8208206 -0.00196718
vn -0.3498596 -0.9362099 0.0333156
vn -0.5541013 -0.8046152 0.2134635
vn -0.2190602 -0.9722598 0.08200105
vn -0.5630407 -0.4441943 -0.6969054
vn -0.9802774 0.1334814 0.1457358
vn -0.980278 0.0912159 0.1753137
vn -0.5630397 -0.6094347 -0.55819
vn -0.4986372 0.4659013 0.7309566
vn -0.4986526 0.6392054 0.5854592
vn -0.980278 0.0912159 0.1753137
vn -0.980278 0.0912159 0.1753137
vn -0.5630382 -0.2486884 -0.788126
vn -0.5630407 -0.4441943 -0.6969054
vn -0.9802853 0.04272186 0.1929134
vn -0.4986629 0.2608362 0.8266198
vn -0.980278 0.0912159 0.1753137
vn -0.4986372 0.4659013 0.7309566
vn -0.9802853 0.04272186 0.1929134
vn -0.5630387 -0.03623037 -0.8256363
vn -0.5630382 -0.2486884 -0.788126
vn -0.980285 -0.008662106 0.1973988
vn -0.4986739 0.03800479 0.8659564
vn -0.9802853 0.04272186 0.1929134
vn -0.4986629 0.2608362 0.8266198
vn -0.980285 -0.008662106 0.1973988
vn -0.5630377 0.1786902 -0.8068821
vn -0.5630387 -0.03623037 -0.8256363
vn -0.9802821 -0.05946456 0.188444
vn -0.498678 -0.1874201 0.8462828
vn -0.980285 -0.008662106 0.1973988
vn -0.4986739 0.03800479 0.8659564
vn -0.9802821 -0.05946456 0.188444
vn -0.5630397 0.381436 -0.7331394
vn -0.5630377 0.1786902 -0.8068821
vn -0.9802756 -0.1062257 0.1666612
vn -0.4986482 -0.4000766 0.7689534
vn -0.9802821 -0.05946456 0.188444
vn -0.498678 -0.1874201 0.8462828
vn -0.9802756 -0.1062257 0.1666612
vn -0.5630403 0.5581928 -0.6094315
vn -0.5630397 0.381436 -0.7331394
vn -0.9802774 -0.1457361 0.1334812
vn -0.4986438 -0.5854641 0.6392079
vn -0.9802756 -0.1062257 0.1666612
vn -0.4986482 -0.4000766 0.7689534
vn -0.9802774 -0.1457361 0.1334812
vn -0.563041 0.6969054 -0.4441939
vn -0.5630403 0.5581928 -0.6094315
vn -0.9802755 -0.1753273 0.09121639
vn -0.4986391 -0.7309564 0.4658994
vn -0.9802774 -0.1457361 0.1334812
vn -0.4986438 -0.5854641 0.6392079
vn -0.9802755 -0.1753273 0.09121639
vn -0.5630707 0.7881027 -0.2486883
vn -0.563041 0.6969054 -0.4441939
vn -0.9802726 -0.1929771 0.04272683
vn -0.4986744 -0.8266136 0.2608337
vn -0.9802755 -0.1753273 0.09121639
vn -0.4986391 -0.7309564 0.4658994
vn -0.9802726 -0.1929771 0.04272683
vn -0.563085 0.8256046 -0.03623334
vn -0.5630707 0.7881027 -0.2486883
vn -0.9802637 -0.197505 -0.008666453
vn -0.4986498 -0.8659707 0.0379988
vn -0.9802726 -0.1929771 0.04272683
vn -0.4986744 -0.8266136 0.2608337
vn -0.9802637 -0.197505 -0.008666453
vn -0.5630859 0.8068491 0.1786879
vn -0.563085 0.8256046 -0.03623334
vn -0.9802663 -0.1885189 -0.0594868
vn -0.4986342 -0.8463076 -0.1874245
vn -0.9802637 -0.197505 -0.008666453
vn -0.4986498 -0.8659707 0.0379988
vn -0.9802663 -0.1885189 -0.0594868
vn -0.5630822 0.733112 0.3814259
vn -0.5630859 0.8068491 0.1786879
vn -0.9802725 -0.1666743 -0.1062344
vn -0.4986471 -0.7689542 -0.4000764
vn -0.9802663 -0.1885189 -0.0594868
vn -0.4986342 -0.8463076 -0.1874245
vn -0.9802725 -0.1666743 -0.1062344
vn -0.5630791 0.609412 0.558175
vn -0.5630822 0.733112 0.3814259
vn -0.9802716 -0.1334998 -0.1457576
vn -0.4986708 -0.6391972 -0.5854527
vn -0.9802725 -0.1666743 -0.1062344
vn -0.4986471 -0.7689542 -0.4000764
vn -0.9802716 -0.1334998 -0.1457576
vn -0.5630848 0.4441848 0.6968758
vn -0.5630791 0.609412 0.558175
vn -0.9802607 -0.09125358 -0.1753908
vn -0.4986356 -0.4658987 -0.7309593
vn -0.9802716 -0.1334998 -0.1457576
vn -0.4986708 -0.6391972 -0.5854527
vn -0.9802607 -0.09125358 -0.1753908
vn -0.5630844 0.2486797 0.7880957
vn -0.5630848 0.4441848 0.6968758
vn -0.9802639 -0.04274633 -0.1930163
vn -0.498621 -0.2608445 -0.8266425
vn -0.9802607 -0.09125358 -0.1753908
vn -0.4986356 -0.4658987 -0.7309593
vn -0.9802639 -0.04274633 -0.1930163
vn -0.5630826 0.03623241 0.8256062
vn -0.5630844 0.2486797 0.7880957
vn -0.9802644 0.008667158 -0.1975009
vn -0.4986295 -0.03800299 -0.8659821
vn -0.9802639 -0.04274633 -0.1930163
vn -0.498621 -0.2608445 -0.8266425
vn -0.9802644 0.008667158 -0.1975009
vn -0.5630814 -0.1786831 0.8068532
vn -0.5630826 0.03623241 0.8256062
vn -0.9802665 0.05948461 -0.1885184
vn -0.4986347 0.1874209 -0.8463081
vn -0.9802644 0.008667158 -0.1975009
vn -0.4986295 -0.03800299 -0.8659821
vn -0.9802665 0.05948461 -0.1885184
vn -0.5630825 -0.3814261 0.7331116
vn -0.5630814 -0.1786831 0.8068532
vn -0.9802639 0.1062583 -0.1667094
vn -0.4986324 0.4000784 -0.7689627
vn -0.9802665 0.05948461 -0.1885184
vn -0.4986347 0.1874209 -0.8463081
vn -0.9802639 0.1062583 -0.1667094
vn -0.5630849 -0.5581751 0.6094067
vn -0.5630825 -0.3814261 0.7331116
vn -0.9802647 0.1457811 -0.133526
vn -0.4986221 0.5854725 -0.6392172
vn -0.9802639 0.1062583 -0.1667094
vn -0.4986324 0.4000784 -0.7689627
vn -0.9802647 0.1457811 -0.133526
vn -0.5630814 -0.6968814 0.4441803
vn -0.5630849 -0.5581751 0.6094067
vn -0.9802681 0.1753575 -0.09123629
vn -0.4986418 0.7309529 -0.4659019
vn -0.9802647 0.1457811 -0.133526
vn -0.4986221 0.5854725 -0.6392172
vn -0.9802681 0.1753575 -0.09123629
vn -0.5630843 -0.7880948 0.2486825
vn -0.5630814 -0.6968814 0.4441803
vn -0.9802642 0.1930156 -0.04274584
vn -0.4986416 0.8266306 -0.2608432
vn -0.9802681 0.1753575 -0.09123629
vn -0.4986418 0.7309529 -0.4659019
vn -0.9802642 0.1930156 -0.04274584
vn -0.5630851 -0.8256044 0.03623335
vn -0.5630843 -0.7880948 0.2486825
vn -0.9802679 0.1974839 0.008661379
vn -0.4986312 0.865981 -0.03800645
vn -0.9802642 0.1930156 -0.04274584
vn -0.4986416 0.8266306 -0.2608432
vn -0.9802679 0.1974839 0.008661379
vn -0.5630848 -0.8068497 -0.1786881
vn -0.5630851 -0.8256044 0.03623335
vn -0.9802776 0.1884669 0.05946479
vn -0.4986728 0.8462868 0.1874154
vn -0.9802679 0.1974839 0.008661379
vn -0.4986312 0.865981 -0.03800645
vn -0.9802776 0.1884669 0.05946479
vn -0.5630546 -0.7331275 -0.3814367
vn -0.5630848 -0.8068497 -0.1786881
vn -0.9802794 0.1666472 0.1062112
vn -0.4986673 0.7689442 0.4000702
vn -0.9802776 0.1884669 0.05946479
vn -0.4986728 0.8462868 0.1874154
vn -0.5630397 -0.6094347 -0.55819
vn -0.9802794 0.1666472 0.1062112
vn -0.9802774 0.1334814 0.1457358
vn -0.5630546 -0.7331275 -0.3814367
vn -0.9802794 0.1666472 0.1062112
vn -0.4986526 0.6392054 0.5854592
vn -0.4986673 0.7689442 0.4000702
vn -0.4505953 0.8623677 -0.2308381
vn -0.4671924 0.1720734 -0.86725
vn -0.6368522 -0.3564988 0.6836142
vn -0.4706815 0.8798513 0.06573413
vn -0.2649786 0.1324874 0.9551094
vn -0.6970065 0.7125309 0.08051076
vn -0.4523568 0.7879317 0.4177768
vn -0.6879952 -0.621833 -0.3741479
vn -0.6879952 -0.621833 -0.3741479
vn -0.5617176 -0.558336 -0.6105201
vn -0.39189 0.6653412 -0.6354085
vn -0.6970065 0.7125309 0.08051076
vn -0.5617176 -0.558336 -0.6105201
vn -0.3206933 -0.5518187 -0.7698393

vt 0.163904 0.919831
vt 0.177657 0.933584
vt 0.163904 0.933584
vt 0.177657 0.919831
vt 0.163904 0.919831
vt 0.177657 0.933584
vt 0.177657 0.919831
vt 0.177657 0.933584
vt 0.163904 0.933584
vt 0.163904 0.919831
vt 0.177657 0.933584
vt 0.163904 0.933584
vt 0.163904 0.919831
vt 0.177657 0.933584
vt 0.163904 0.933584
vt 0.163904 0.919831
vt 0.177657 0.919831
vt 0.163904 0.919831
vt 0.163904 0.933584
vt 0.177657 0.919831
vt 0.163904 0.919831
vt 0.177657 0.933584
vt 0.163904 0.933584
vt 0.177657 0.919831
vt 0.163904 0.919831
vt 0.177657 0.933584
vt 0.177657 0.919831
vt 0.177657 0.933584
vt 0.163904 0.933584
vt 0.177657 0.919831
vt 0.163904 0.919831
vt 0.163904 0.933584
vt 0.177657 0.919831
vt 0.177657 0.933584
vt 0.163904 0.933584
vt 0.177657 0.919831
vt 0.163904 0.919831
vt 0.177657 0.933584
vt 0.177657 0.919831
vt 0.163904 0.919831
vt 0.177657 0.933584
vt 0.163904 0.933584
vt 0.163904 0.919831
vt 0.177657 0.919831
vt 0.177657 0.933584
vt 0.163904 0.919831
vt 0.163904 0.933584
vt 0.177657 0.919831
vt 0.177657 0.933584
vt 0.163904 0.933584
vt 0.177657 0.919831
vt 0.163904 0.919831
vt 0.177657 0.919831
vt 0.163904 0.919831
vt 0.177657 0.933584
vt 0.177657 0.919831
vt 0.177657 0.933584
vt 0.163904 0.933584
vt 0.163904 0.919831
vt 0.177657 0.933584
vt 0.177657 0.919831
vt 0.163904 0.933584
vt 0.177657 0.919831
vt 0.163904 0.919831
vt 0.177657 0.933584
vt 0.177657 0.919831
vt 0.163904 0.919831
vt 0.177657 0.933584
vt 0.163904 0.933584
vt 0.177657 0.919831
vt 0.177657 0.933584
vt 0.163904 0.933584
vt 0.177657 0.919831
vt 0.163904 0.919831
vt 0.177657 0.933584
vt 0.163904 0.933584
vt 0.163904 0.919831
vt 0.177657 0.933584
vt 0.163904 0.933584
vt 0.163904 0.919831
vt 0.177657 0.933584
vt 0.163904 0.933584
vt 0.163904 0.919831
vt 0.177657 0.933584
vt 0.177657 0.919831
vt 0.177657 0.933584
vt 0.163904 0.919831
vt 0.177657 0.919831
vt 0.163904 0.933584
vt 0.163904 0.919831
vt 0.177657 0.933584
vt 0.177657 0.919831
vt 0.163904 0.919831
vt 0.163904 0.933584
vt 0.177657 0.919831
vt 0.163904 0.919831
vt 0.177657 0.933584
vt 0.163904 0.933584
vt 0.163904 0.919831
vt 0.163904 0.933584
vt 0.177657 0.919831
vt 0.177657 0.933584
vt 0.163904 0.933584
vt 0.163904 0.933584
vt 0.177657 0.919831
vt 0.163904 0.919831
vt 0.177657 0.933584
vt 0.163904 0.933584
vt 0.177657 0.919831
vt 0.163904 0.919831
vt 0.177657 0.933584
vt 0.163904 0.933584
vt 0.163904 0.919831
vt 0.177657 0.933584
vt 0.177657 0.919831
vt 0.177657 0.933584
vt 0.163904 0.933584
vt 0.177657 0.919831
vt 0.163904 0.933584
vt 0.163904 0.919831
vt 0.177657 0.919831
vt 0.177657 0.919831
vt 0.163904 0.919831
vt 0.177657 0.933584
vt 0.163904 0.933584
vt 0.177657 0.933584
vt 0.177657 0.919831
vt 0.163904 0.919831
vt 0.177657 0.933584
vt 0.163904 0.919831
vt 0.163904 0.933584
vt 0.177657 0.919831
vt 0.163904 0.919831
vt 0.177657 0.933584
vt 0.163904 0.933584
vt 0.177657 0.919831
vt 0.163904 0.919831
vt 0.177657 0.933584
vt 0.177657 0.919831
vt 0.163904 0.919831
vt 0.163904 0.933584
vt 0.177657 0.919831
vt 0.163904 0.919831
vt 0.177657 0.933584
vt 0.163904 0.933584
vt 0.163904 0.933584
vt 0.177657 0.919831
vt 0.163904 0.919831
vt 0.177657 0.933584
vt 0.163904 0.933584
vt 0.163904 0.919831
vt 0.177657 0.933584
vt 0.177657 0.933584
vt 0.163904 0.919831
vt 0.177657 0.919831
vt 0.163904 0.933584
vt 0.163904 0.919831
vt 0.163904 0.933584
vt 0.177657 0.919831
vt 0.163904 0.919831
vt 0.177657 0.933584
vt 0.177657 0.919831
vt 0.163904 0.919831
vt 0.163904 0.933584
vt 0.177657 0.933584
vt 0.163904 0.919831
vt 0.163904 0.933584
vt 0.177657 0.919831
vt 0.177657 0.933584
vt 0.163904 0.933584
vt 0.163904 0.919831
vt 0.177657 0.933584
vt 0.163904 0.933584
vt 0.177657 0.919831
vt 0.163904 0.919831
vt 0.177657 0.933584
vt 0.163904 0.933584
vt 0.163904 0.919831
vt 0.177657 0.933584
vt 0.177657 0.919831
vt 0.177657 0.933584
vt 0.163904 0.933584
vt 0.177657 0.919831
vt 0.163904 0.933584
vt 0.163904 0.919831
vt 0.177657 0.919831
vt 0.177657 0.919831
vt 0.163904 0.919831
vt 0.177657 0.933584
vt 0.163904 0.933584
vt 0.177657 0.933584
vt 0.177657 0.919831
vt 0.163904 0.919831
vt 0.177657 0.933584
vt 0.163904 0.919831
vt 0.163904 0.933584
vt 0.177657 0.919831
vt 0.163904 0.919831
vt 0.177657 0.933584
vt 0.163904 0.933584
vt 0.177657 0.919831
vt 0.163904 0.919831
vt 0.163904 0.933584
vt 0.177657 0.919831
vt 0.177657 0.933584
vt 0.163904 0.933584
vt 0.163904 0.919831
vt 0.177657 0.933584
vt 0.177657 0.919831
vt 0.163904 0.919831
vt 0.163904 0.933584
vt 0.177657 0.933584
vt 0.163904 0.919831
vt 0.177657 0.933584
vt 0.163904 0.933584
vt 0.163904 0.933584
vt 0.177657 0.919831
vt 0.177657 0.933584
vt 0.163904 0.933584
vt 0.177657 0.919831
vt 0.163904 0.919831
vt 0.177657 0.919831
vt 0.177657 0.919831
vt 0.177657 0.933584
vt 0.163904 0.919831
vt 0.163904 0.933584
vt 0.177657 0.919831
vt 0.163904 0.919831
vt 0.177657 0.933584
vt 0.177657 0.919831
vt 0.177657 0.933584
vt 0.163904 0.933584
vt 0.177657 0.919831
vt 0.163904 0.919831
vt 0.177657 0.933584
vt 0.177657 0.919831
vt 0.177657 0.933584
vt 0.163904 0.933584
vt 0.177657 0.919831
vt 0.163904 0.919831
vt 0.163904 0.933584
vt 0.177657 0.919831
vt 0.177657 0.933584
vt 0.177657 0.919831
vt 0.163904 0.919831
vt 0.163904 0.933584
vt 0.163904 0.919831
vt 0.177657 0.933584
vt 0.177657 0.919831
vt 0.163904 0.919831
vt 0.177657 0.933584
vt 0.163904 0.933584
vt 0.163904 0.919831
vt 0.177657 0.919831
vt 0.177657 0.933584
vt 0.163904 0.919831
vt 0.177657 0.933584
vt 0.177657 0.919831
vt 0.163904 0.919831
vt 0.177657 0.933584
vt 0.163904 0.933584
vt 0.163904 0.919831
vt 0.177657 0.933584
vt 0.177657 0.919831
vt 0.177657 0.933584
vt 0.163904 0.933584
vt 0.177657 0.919831
vt 0.163904 0.933584
vt 0.177657 0.919831
vt 0.163904 0.919831
vt 0.177657 0.933584
vt 0.177657 0.919831
vt 0.163904 0.919831
vt 0.177657 0.933584
vt 0.163904 0.919831
vt 0.177657 0.933584
vt 0.163904 0.933584
vt 0.177657 0.919831
vt 0.163904 0.919831
vt 0.177657 0.933584
vt 0.163904 0.933584
vt 0.163904 0.919831
vt 0.177657 0.933584
vt 0.177657 0.919831
vt 0.177657 0.933584
vt 0.163904 0.933584
vt 0.163904 0.919831
vt 0.163904 0.933584
vt 0.177657 0.919831
vt 0.163904 0.919831
vt 0.177657 0.933584
vt 0.177657 0.919831
vt 0.177657 0.919831
vt 0.163904 0.919831
vt 0.163904 0.933584
vt 0.163904 0.919831
vt 0.177657 0.933584
vt 0.163904 0.933584
vt 0.177657 0.919831
vt 0.163904 0.919831
vt 0.177657 0.933584
vt 0.163904 0.933584
vt 0.177657 0.933584
vt 0.163904 0.933584
vt 0.177657 0.919831
vt 0.163904 0.919831
vt 0.177657 0.933584
vt 0.163904 0.933584
vt 0.163904 0.919831
vt 0.177657 0.933584
vt 0.163904 0.933584
vt 0.163904 0.919831
vt 0.163904 0.933584
vt 0.177657 0.919831
vt 0.177657 0.933584
vt 0.163904 0.933584
vt 0.177657 0.919831
vt 0.163904 0.919831
vt 0.177657 0.933584
vt 0.177657 0.919831
vt 0.163904 0.919831
vt 0.177657 0.933584
vt 0.177657 0.919831
vt 0.163904 0.919831
vt 0.177657 0.933584
vt 0.163904 0.933584
vt 0.177657 0.919831
vt 0.163904 0.919831
vt 0.163904 0.933584
vt 0.177657 0.919831
vt 0.163904 0.919831
vt 0.177657 0.933584
vt 0.177657 0.919831
vt 0.163904 0.919831
vt 0.163904 0.933584
vt 0.177657 0.933584
vt 0.163904 0.919831
vt 0.177657 0.933584
vt 0.163904 0.933584
vt 0.163904 0.933584
vt 0.177657 0.919831
vt 0.163904 0.919831
vt 0.177657 0.933584
vt 0.163904 0.933584
vt 0.177657 0.919831
vt 0.163904 0.919831
vt 0.177657 0.933584
vt 0.163904 0.933584
vt 0.163904 0.919831
vt 0.177657 0.933584
vt 0.177657 0.919831
vt 0.177657 0.933584
vt 0.163904 0.933584
vt 0.177657 0.919831
vt 0.163904 0.933584
vt 0.163904 0.919831
vt 0.177657 0.919831
vt 0.177657 0.919831
vt 0.163904 0.919831
vt 0.177657 0.933584
vt 0.163904 0.933584
vt 0.177657 0.933584
vt 0.177657 0.919831
vt 0.163904 0.919831
vt 0.177657 0.933584
vt 0.163904 0.919831
vt 0.163904 0.933584
vt 0.177657 0.919831
vt 0.163904 0.919831
vt 0.177657 0.919831
vt 0.177657 0.933584
vt 0.163904 0.933584
vt 0.177657 0.919831
vt 0.163904 0.919831
vt 0.163904 0.933584
vt 0.177657 0.919831
vt 0.177657 0.933584
vt 0.163904 0.933584
vt 0.163904 0.919831
vt 0.177657 0.933584
vt 0.177657 0.919831
vt 0.163904 0.919831
vt 0.163904 0.933584
vt 0.163904 0.919831
vt 0.177657 0.933584
vt 0.163904 0.933584
vt 0.163904 0.933584
vt 0.177657 0.919831
vt 0.177657 0.933584
vt 0.163904 0.933584
vt 0.177657 0.919831
vt 0.163904 0.919831
vt 0.177657 0.933584
vt 0.163904 0.933584
vt 0.177657 0.919831
vt 0.163904 0.919831
vt 0.177657 0.933584
vt 0.163904 0.933584
vt 0.163904 0.919831
vt 0.177657 0.933584
vt 0.177657 0.919831
vt 0.163904 0.919831
vt 0.163904 0.933584
vt 0.177657 0.919831
vt 0.163904 0.919831
vt 0.177657 0.933584
vt 0.177657 0.919831
vt 0.163904 0.919831
vt 0.177657 0.933584
vt 0.163904 0.933584
vt 0.163904 0.919831
vt 0.177657 0.933584
vt 0.163904 0.933584
vt 0.177657 0.919831
vt 0.177657 0.933584
vt 0.163904 0.933584
vt 0.177657 0.919831
vt 0.163904 0.919831
vt 0.163904 0.933584
vt 0.177657 0.919831
vt 0.163904 0.919831
vt 0.177657 0.919831
vt 0.163904 0.919831
vt 0.177657 0.933584
vt 0.163904 0.933584
vt 0.163904 0.919831
vt 0.177657 0.919831
vt 0.177657 0.933584
vt 0.163904 0.919831
vt 0.177657 0.933584
vt 0.177657 0.919831
vt 0.163904 0.919831
vt 0.177657 0.933584
vt 0.163904 0.933584
vt 0.163904 0.919831
vt 0.177657 0.933584
vt 0.177657 0.919831
vt 0.177657 0.933584
vt 0.163904 0.933584
vt 0.177657 0.919831
vt 0.163904 0.933584
vt 0.177657 0.919831
vt 0.163904 0.919831
vt 0.177657 0.933584
vt 0.177657 0.919831
vt 0.163904 0.919831
vt 0.177657 0.933584
vt 0.163904 0.919831
vt 0.177657 0.933584
vt 0.177657 0.919831
vt 0.163904 0.919831
vt 0.177657 0.933584
vt 0.163904 0.933584
vt 0.163904 0.919831
vt 0.177657 0.933584
vt 0.163904 0.933584
vt 0.177657 0.919831
vt 0.163904 0.919831
vt 0.177657 0.933584
vt 0.163904 0.933584
vt 0.177657 0.933584
vt 0.163904 0.933584
vt 0.177657 0.919831
vt 0.163904 0.919831
vt 0.177657 0.933584
vt 0.163904 0.933584
vt 0.163904 0.919831
vt 0.177657 0.933584
vt 0.163904 0.933584
vt 0.177657 0.933584
vt 0.177657 0.919831
vt 0.163904 0.919831
vt 0.163904 0.933584
vt 0.177657 0.919831
vt 0.177657 0.933584
vt 0.163904 0.933584
vt 0.177657 0.919831
vt 0.163904 0.919831
vt 0.177657 0.933584
vt 0.177657 0.919831
vt 0.163904 0.919831
vt 0.177657 0.933584
vt 0.163904 0.933584
vt 0.177657 0.919831
vt 0.163904 0.919831
vt 0.163904 0.933584
vt 0.177657 0.919831
vt 0.163904 0.919831
vt 0.177657 0.933584
vt 0.177657 0.919831
vt 0.163904 0.919831
vt 0.163904 0.933584
vt 0.177657 0.933584
vt 0.177657 0.919831
vt 0.177657 0.933584
vt 0.163904 0.933584
vt 0.177657 0.919831
vt 0.163904 0.919831
vt 0.163904 0.933584
vt 0.177657 0.919831
vt 0.163904 0.919831
vt 0.177657 0.933584
vt 0.163904 0.933584
vt 0.177657 0.919831
vt 0.163904 0.919831
vt 0.163904 0.933584
vt 0.177657 0.919831
vt 0.163904 0.919831
vt 0.177657 0.933584
vt 0.163904 0.933584
vt 0.177657 0.933584
vt 0.177657 0.919831
vt 0.163904 0.919831
vt 0.177657 0.933584
vt 0.177657 0.919831
vt 0.177657 0.933584
vt 0.163904 0.933584
vt 0.177657 0.919831
vt 0.163904 0.919831
vt 0.177657 0.933584
vt 0.177657 0.919831
vt 0.163904 0.919831
vt 0.163904 0.933584
vt 0.177657 0.919831
vt 0.163904 0.919831
vt 0.177657 0.933584
vt 0.163904 0.919831
vt 0.163904 0.933584
vt 0.177657 0.919831
vt 0.163904 0.919831
vt 0.177657 0.919831
vt 0.177657 0.933584
vt 0.163904 0.933584
vt 0.177657 0.919831
vt 0.163904 0.919831
vt 0.163904 0.933584
vt 0.177657 0.919831
vt 0.177657 0.933584
vt 0.163904 0.933584
vt 0.163904 0.919831
vt 0.177657 0.933584
vt 0.163904 0.919831
vt 0.163904 0.933584
vt 0.163904 0.919831
vt 0.177657 0.933584
vt 0.163904 0.933584
vt 0.163904 0.933584
vt 0.177657 0.919831
vt 0.177657 0.933584
vt 0.163904 0.933584
vt 0.177657 0.919831
vt 0.163904 0.919831
vt 0.177657 0.933584
vt 0.163904 0.933584
vt 0.177657 0.919831
vt 0.163904 0.919831
vt 0.177657 0.933584
vt 0.163904 0.933584
vt 0.163904 0.919831
vt 0.177657 0.933584
vt 0.177657 0.919831
vt 0.177657 0.933584
vt 0.163904 0.933584
vt 0.163904 0.919831
vt 0.177657 0.933584
vt 0.163904 0.933584
vt 0.163904 0.919831
vt 0.177657 0.919831
vt 0.163904 0.919831
vt 0.163904 0.933584
vt 0.177657 0.919831
vt 0.177657 0.933584
vt 0.163904 0.919831
vt 0.163904 0.933584
vt 0.177657 0.919831
vt 0.163904 0.919831
vt 0.177657 0.933584
vt 0.177657 0.919831
vt 0.177657 0.933584
vt 0.163904 0.933584
vt 0.177657 0.919831
vt 0.163904 0.919831
vt 0.177657 0.933584
vt 0.177657 0.919831
vt 0.177657 0.933584
vt 0.163904 0.933584
vt 0.177657 0.919831
vt 0.163904 0.919831
vt 0.163904 0.933584
vt 0.177657 0.919831
vt 0.163904 0.919831
vt 0.177657 0.919831
vt 0.163904 0.919831
vt 0.177657 0.933584
vt 0.163904 0.933584
vt 0.163904 0.919831
vt 0.177657 0.919831
vt 0.177657 0.933584
vt 0.163904 0.919831
vt 0.177657 0.933584
vt 0.177657 0.919831
vt 0.163904 0.919831
vt 0.177657 0.933584
vt 0.163904 0.933584
vt 0.163904 0.919831
vt 0.177657 0.933584
vt 0.177657 0.919831
vt 0.177657 0.933584
vt 0.163904 0.933584
vt 0.163904 0.919831
vt 0.177657 0.919831
vt 0.177657 0.933584
vt 0.163904 0.933584
vt 0.163904 0.919831
vt 0.163904 0.933584
vt 0.177657 0.919831
vt 0.163904 0.919831
vt 0.177657 0.933584
vt 0.177657 0.919831
vt 0.177657 0.919831
vt 0.163904 0.919831
vt 0.177657 0.933584
vt 0.163904 0.919831
vt 0.177657 0.933584
vt 0.163904 0.933584
vt 0.177657 0.919831
vt 0.163904 0.919831
vt 0.177657 0.933584
vt 0.163904 0.933584
vt 0.177657 0.933584
vt 0.163904 0.933584
vt 0.177657 0.919831
vt 0.163904 0.919831
vt 0.177657 0.933584
vt 0.163904 0.933584
vt 0.163904 0.919831
vt 0.177657 0.933584
vt 0.163904 0.933584
vt 0.177657 0.933584
vt 0.177657 0.919831
vt 0.163904 0.919831
vt 0.163904 0.933584
vt 0.177657 0.919831
vt 0.177657 0.933584
vt 0.163904 0.933584
vt 0.177657 0.919831
vt 0.163904 0.919831
vt 0.177657 0.933584
vt 0.177657 0.919831
vt 0.163904 0.919831
vt 0.177657 0.933584
vt 0.163904 0.933584
vt 0.177657 0.919831
vt 0.163904 0.919831
vt 0.163904 0.933584
vt 0.177657 0.919831
vt 0.163904 0.919831
vt 0.177657 0.933584
vt 0.177657 0.919831
vt 0.163904 0.919831
vt 0.163904 0.933584
vt 0.177657 0.933584
vt 0.163904 0.919831
vt 0.177657 0.933584
vt 0.163904 0.933584
vt 0.163904 0.933584
vt 0.177657 0.919831
vt 0.163904 0.919831
vt 0.177657 0.933584
vt 0.163904 0.933584
vt 0.177657 0.919831
vt 0.163904 0.919831
vt 0.177657 0.933584
vt 0.163904 0.933584
vt 0.163904 0.919831
vt 0.177657 0.933584
vt 0.177657 0.919831
vt 0.177657 0.933584
vt 0.163904 0.933584
vt 0.177657 0.919831
vt 0.163904 0.933584
vt 0.177657 0.919831
vt 0.163904 0.919831
vt 0.177657 0.933584
vt 0.177657 0.919831
vt 0.163904 0.919831
vt 0.177657 0.933584
vt 0.163904 0.933584
vt 0.177657 0.933584
vt 0.177657 0.919831
vt 0.163904 0.919831
vt 0.177657 0.933584
vt 0.163904 0.919831
vt 0.163904 0.933584
vt 0.177657 0.919831
vt 0.163904 0.919831
vt 0.177657 0.933584
vt 0.163904 0.933584
vt 0.177657 0.919831
vt 0.163904 0.919831
vt 0.163904 0.933584
vt 0.177657 0.919831
vt 0.177657 0.933584
vt 0.163904 0.933584
vt 0.163904 0.919831
vt 0.177657 0.933584
vt 0.177657 0.919831
vt 0.163904 0.919831
vt 0.163904 0.933584
vt 0.177657 0.933584
vt 0.163904 0.933584
vt 0.177657 0.919831
vt 0.163904 0.919831
vt 0.163904 0.933584
vt 0.177657 0.919831
vt 0.177657 0.933584
vt 0.163904 0.933584
vt 0.177657 0.919831
vt 0.163904 0.919831
vt 0.177657 0.919831
vt 0.177657 0.933584
vt 0.163904 0.933584
vt 0.177657 0.919831
vt 0.163904 0.919831
vt 0.177657 0.933584
vt 0.177657 0.919831
vt 0.177657 0.933584
vt 0.163904 0.933584
vt 0.163904 0.919831
vt 0.177657 0.933584
vt 0.163904 0.933584
vt 0.163904 0.919831
vt 0.177657 0.933584
vt 0.163904 0.933584
vt 0.163904 0.919831
vt 0.177657 0.919831
vt 0.163904 0.919831
vt 0.163904 0.933584
vt 0.177657 0.919831
vt 0.177657 0.919831
vt 0.163904 0.919831
vt 0.177657 0.919831
vt 0.163904 0.919831
vt 0.177657 0.933584
vt 0.163904 0.933584
vt 0.177657 0.919831
vt 0.177657 0.933584
vt 0.163904 0.933584
vt 0.177657 0.919831
vt 0.163904 0.919831
vt 0.163904 0.933584
vt 0.177657 0.919831
vt 0.163904 0.919831
vt 0.177657 0.919831
vt 0.163904 0.919831
vt 0.177657 0.933584
vt 0.163904 0.933584
vt 0.163904 0.919831
vt 0.177657 0.919831
vt 0.177657 0.933584
vt 0.163904 0.919831
vt 0.177657 0.933584
vt 0.177657 0.919831
vt 0.163904 0.919831
vt 0.177657 0.933584
vt 0.163904 0.933584
vt 0.163904 0.919831
vt 0.177657 0.933584
vt 0.177657 0.919831
vt 0.177657 0.933584
vt 0.163904 0.933584
vt 0.177657 0.919831
vt 0.163904 0.933584
vt 0.177657 0.919831
vt 0.163904 0.919831
vt 0.177657 0.933584
vt 0.177657 0.919831
vt 0.163904 0.919831
vt 0.177657 0.933584
vt 0.163904 0.919831
vt 0.177657 0.933584
vt 0.163904 0.933584
vt 0.177657 0.919831
vt 0.163904 0.919831
vt 0.177657 0.933584
vt 0.163904 0.933584
vt 0.177657 0.933584
vt 0.163904 0.933584
vt 0.177657 0.919831
vt 0.163904 0.919831
vt 0.177657 0.933584
vt 0.163904 0.933584
vt 0.163904 0.919831
vt 0.177657 0.933584
vt 0.163904 0.933584
vt 0.177657 0.933584
vt 0.177657 0.919831
vt 0.163904 0.919831
vt 0.163904 0.933584
vt 0.177657 0.919831
vt 0.177657 0.933584
vt 0.163904 0.933584
vt 0.177657 0.919831
vt 0.163904 0.919831
vt 0.177657 0.933584
vt 0.177657 0.919831
vt 0.163904 0.919831
vt 0.177657 0.933584
vt 0.163904 0.933584
vt 0.177657 0.919831
vt 0.163904 0.919831
vt 0.163904 0.933584
vt 0.177657 0.919831
vt 0.163904 0.919831
vt 0.177657 0.933584
vt 0.177657 0.919831
vt 0.163904 0.919831
vt 0.163904 0.933584
vt 0.177657 0.933584
vt 0.177657 0.919831
vt 0.163904 0.919831
vt 0.177657 0.933584
vt 0.163904 0.933584
vt 0.163904 0.933584
vt 0.177657 0.919831
vt 0.163904 0.919831
vt 0.177657 0.933584
vt 0.163904 0.933584
vt 0.177657 0.919831
vt 0.163904 0.919831
vt 0.177657 0.933584
vt 0.163904 0.933584
vt 0.163904 0.919831
vt 0.177657 0.933584
vt 0.177657 0.919831
vt 0.177657 0.933584
vt 0.163904 0.933584
vt 0.177657 0.919831
vt 0.163904 0.919831
vt 0.163904 0.933584
vt 0.177657 0.919831
vt 0.163904 0.919831
vt 0.177657 0.933584
vt 0.177657 0.919831
vt 0.163904 0.919831
vt 0.177657 0.933584
vt 0.163904 0.933584
vt 0.177657 0.933584
vt 0.177657 0.919831
vt 0.163904 0.919831
vt 0.177657 0.933584
vt 0.163904 0.919831
vt 0.163904 0.933584
vt 0.177657 0.919831
vt 0.163904 0.919831
vt 0.177657 0.933584
vt 0.163904 0.933584
vt 0.177657 0.919831
vt 0.163904 0.919831
vt 0.163904 0.933584
vt 0.177657 0.919831
vt 0.163904 0.919831
vt 0.177657 0.933584
vt 0.177657 0.919831
vt 0.163904 0.919831
vt 0.177657 0.933584
vt 0.163904 0.933584
vt 0.163904 0.919831
vt 0.177657 0.933584
vt 0.163904 0.933584
vt 0.177657 0.933584
vt 0.163904 0.933584
vt 0.177657 0.919831
vt 0.163904 0.919831
vt 0.163904 0.933584
vt 0.177657 0.919831
vt 0.177657 0.933584
vt 0.163904 0.933584
vt 0.177657 0.919831
vt 0.163904 0.919831
vt 0.177657 0.933584
vt 0.163904 0.933584
vt 0.177657 0.919831
vt 0.163904 0.919831
vt 0.177657 0.933584
vt 0.163904 0.933584
vt 0.163904 0.919831
vt 0.177657 0.933584
vt 0.177657 0.919831
vt 0.177657 0.933584
vt 0.163904 0.933584
vt 0.163904 0.919831
vt 0.177657 0.933584
vt 0.163904 0.933584
vt 0.163904 0.919831
vt 0.177657 0.919831
vt 0.163904 0.919831
vt 0.163904 0.933584
vt 0.177657 0.919831
vt 0.177657 0.919831
vt 0.177657 0.933584
vt 0.163904 0.919831
vt 0.177657 0.919831
vt 0.177657 0.919831
vt 0.177657 0.933584
vt 0.163904 0.919831
vt 0.177657 0.919831
vt 0.163904 0.919831
vt 0.177657 0.933584
vt 0.163904 0.933584
vt 0.177657 0.919831
vt 0.177657 0.933584
vt 0.163904 0.933584
vt 0.177657 0.919831
vt 0.163904 0.919831
vt 0.163904 0.933584
vt 0.177657 0.919831
vt 0.163904 0.919831
vt 0.177657 0.919831
vt 0.163904 0.919831
vt 0.177657 0.933584
vt 0.163904 0.933584
vt 0.163904 0.919831
vt 0.177657 0.919831
vt 0.177657 0.933584
vt 0.163904 0.919831
vt 0.177657 0.933584
vt 0.177657 0.919831
vt 0.163904 0.919831
vt 0.177657 0.933584
vt 0.177657 0.919831
vt 0.177657 0.933584
vt 0.163904 0.933584
vt 0.163904 0.919831
vt 0.177657 0.933584
vt 0.177657 0.919831
vt 0.163904 0.933584
vt 0.177657 0.919831
vt 0.163904 0.919831
vt 0.177657 0.933584
vt 0.177657 0.919831
vt 0.163904 0.919831
vt 0.177657 0.933584
vt 0.163904 0.933584
vt 0.177657 0.919831
vt 0.163904 0.919831
vt 0.177657 0.933584
vt 0.163904 0.933584
vt 0.177657 0.933584
vt 0.163904 0.933584
vt 0.177657 0.919831
vt 0.163904 0.919831
vt 0.177657 0.933584
vt 0.163904 0.933584
vt 0.163904 0.919831
vt 0.177657 0.933584
vt 0.163904 0.933584
vt 0.163904 0.919831
vt 0.177657 0.933584
vt 0.177657 0.919831
vt 0.163904 0.919831
vt 0.177657 0.933584
vt 0.163904 0.933584
vt 0.177657 0.919831
vt 0.163904 0.919831
vt 0.177657 0.933584
vt 0.177657 0.919831
vt 0.177657 0.933584
vt 0.163904 0.933584
vt 0.177657 0.919831
vt 0.163904 0.933584
vt 0.177657 0.919831
vt 0.163904 0.919831
vt 0.177657 0.933584
vt 0.177657 0.919831
vt 0.163904 0.919831
vt 0.177657 0.933584
vt 0.163904 0.919831
vt 0.177657 0.933584
vt 0.163904 0.933584
vt 0.177657 0.919831
vt 0.163904 0.919831
vt 0.177657 0.933584
vt 0.163904 0.933584
vt 0.177657 0.919831
vt 0.163904 0.919831
vt 0.177657 0.933584
vt 0.163904 0.933584
vt 0.177657 0.919831
vt 0.163904 0.919831
vt 0.177657 0.933584
vt 0.163904 0.933584
vt 0.163904 0.919831
vt 0.177657 0.933584
vt 0.163904 0.933584
vt 0.177657 0.919831
vt 0.163904 0.919831
vt 0.177657 0.933584
vt 0.163904 0.933584
vt 0.177657 0.919831
vt 0.163904 0.919831
vt 0.177657 0.933584
vt 0.163904 0.933584
vt 0.177657 0.919831
vt 0.163904 0.919831
vt 0.177657 0.933584
vt 0.163904 0.933584
vt 0.177657 0.919831
vt 0.163904 0.919831
vt 0.177657 0.933584
vt 0.177657 0.919831
vt 0.177657 0.933584
vt 0.163904 0.933584
vt 0.163904 0.919831
vt 0.177657 0.933584
vt 0.177657 0.919831
vt 0.163904 0.933584
vt 0.177657 0.919831
vt 0.163904 0.919831
vt 0.177657 0.933584
vt 0.177657 0.919831
vt 0.177657 0.919831
vt 0.163904 0.919831
vt 0.177657 0.919831
vt 0.177657 0.919831
vt 0.177657 0.933584
vt 0.163904 0.919831
vt 0.177657 0.933584
vt 0.163904 0.933584
vt 0.163904 0.919831
vt 0.177657 0.933584
vt 0.163904 0.933584
vt 0.177657 0.919831
vt 0.163904 0.919831
vt 0.177657 0.933584
vt 0.163904 0.933584
vt 0.177657 0.919831
vt 0.163904 0.919831
vt 0.177657 0.933584
vt 0.163904 0.933584
vt 0.177657 0.919831
vt 0.163904 0.919831
vt 0.177657 0.933584
vt 0.163904 0.919831
vt 0.177657 0.933584
vt 0.163904 0.933584
vt 0.177657 0.919831
vt 0.163904 0.919831
vt 0.177657 0.933584
vt 0.163904 0.933584
vt 0.177657 0.919831
vt 0.163904 0.919831
vt 0.177657 0.933584
vt 0.163904 0.933584
vt 0.177657 0.919831
vt 0.163904 0.919831
vt 0.177657 0.933584
vt 0.163904 0.933584
vt 0.177657 0.919831
vt 0.163904 0.919831
vt 0.177657 0.933584
vt 0.163904 0.933584
vt 0.163904 0.919831
vt 0.177657 0.933584
vt 0.163904 0.933584
vt 0.177657 0.919831
vt 0.163904 0.919831
vt 0.177657 0.933584
vt 0.177657 0.919831
vt 0.177657 0.933584
vt 0.163904 0.933584
vt 0.163904 0.919831
vt 0.177657 0.933584
vt 0.177657 0.919831
vt 0.163904 0.933584
vt 0.177657 0.919831
vt 0.163904 0.919831
vt 0.177657 0.933584
vt 0.177657 0.919831
vt 0.163904 0.919831
vt 0.177657 0.933584
vt 0.163904 0.933584
vt 0.177657 0.919831
vt 0.163904 0.919831
vt 0.177657 0.933584
vt 0.163904 0.933584
vt 0.177657 0.919831
vt 0.163904 0.919831
vt 0.177657 0.933584
vt 0.163904 0.933584
vt 0.177657 0.919831
vt 0.163904 0.919831
vt 0.177657 0.933584
vt 0.163904 0.933584
vt 0.177657 0.919831
vt 0.177657 0.933584
vt 0.163904 0.933584
vt 0.177657 0.919831
vt 0.163904 0.919831
vt 0.177657 0.933584
vt 0.163904 0.933584
vt 0.177657 0.919831
vt 0.177657 0.933584
vt 0.163904 0.933584
vt 0.177657 0.919831
vt 0.163904 0.919831
vt 0.177657 0.933584
vt 0.163904 0.933584
vt 0.177657 0.919831
vt 0.163904 0.919831
vt 0.177657 0.933584
vt 0.163904 0.933584
vt 0.177657 0.919831
vt 0.163904 0.919831
vt 0.177657 0.933584
vt 0.163904 0.933584
vt 0.177657 0.919831
vt 0.163904 0.919831
vt 0.177657 0.933584
vt 0.163904 0.933584
vt 0.163904 0.919831
vt 0.177657 0.933584
vt 0.163904 0.933584
vt 0.177657 0.919831
vt 0.177657 0.933584
vt 0.163904 0.933584
vt 0.177657 0.919831
vt 0.163904 0.919831
vt 0.177657 0.933584
vt 0.177657 0.919831
vt 0.163904 0.919831
vt 0.177657 0.933584
vt 0.163904 0.933584
vt 0.177657 0.919831
vt 0.163904 0.919831
vt 0.177657 0.933584
vt 0.177657 0.919831
vt 0.163904 0.919831
vt 0.177657 0.933584
vt 0.305721 0.327401
vt 0.319474 0.341155
vt 0.305721 0.341155
vt 0.319474 0.327401
vt 0.305721 0.327401
vt 0.319474 0.341155
vt 0.305721 0.341155
vt 0.319474 0.327401
vt 0.305721 0.327401
vt 0.319474 0.341155
vt 0.305721 0.341155
vt 0.319474 0.327401
vt 0.305721 0.327401
vt 0.319474 0.341155
vt 0.305721 0.341155
vt 0.319474 0.327401
vt 0.305721 0.327401
vt 0.319474 0.341155
vt 0.305721 0.341155
vt 0.319474 0.327401
vt 0.305721 0.327401
vt 0.319474 0.341155
vt 0.305721 0.341155
vt 0.319474 0.327401
vt 0.305721 0.327401
vt 0.319474 0.341155
vt 0.305721 0.341155
vt 0.319474 0.327401
vt 0.305721 0.327401
vt 0.319474 0.341155
vt 0.305721 0.341155
vt 0.319474 0.327401
vt 0.305721 0.327401
vt 0.319474 0.341155
vt 0.305721 0.341155
vt 0.319474 0.327401
vt 0.305721 0.327401
vt 0.319474 0.341155
vt 0.305721 0.341155
vt 0.319474 0.327401
vt 0.305721 0.327401
vt 0.319474 0.341155
vt 0.305721 0.341155
vt 0.319474 0.327401
vt 0.305721 0.327401
vt 0.319474 0.341155
vt 0.305721 0.341155
vt 0.319474 0.327401
vt 0.305721 0.327401
vt 0.319474 0.341155
vt 0.305721 0.341155
vt 0.319474 0.327401
vt 0.305721 0.327401
vt 0.319474 0.341155
vt 0.305721 0.341155
vt 0.319474 0.327401
vt 0.625179 0.413273
vt 0.666781 0.460751
vt 0.625179 0.460751
vt 0.666781 0.413273
vt 0.666781 0.363932
vt 0.625179 0.363932
vt 0.666781 0.314591
vt 0.625179 0.314591
vt 0.625179 0.267113
vt 0.666781 0.267113
vt 0.708384 0.460751
vt 0.708384 0.413273
vt 0.708384 0.363932
vt 0.708384 0.314591
vt 0.708384 0.267113
vt 0.749986 0.460751
vt 0.749986 0.413273
vt 0.749986 0.363932
vt 0.749986 0.314591
vt 0.749986 0.267113
vt 0.791589 0.460751
vt 0.791589 0.413273
vt 0.791589 0.363932
vt 0.791589 0.314591
vt 0.791589 0.267113
vt 0.833191 0.460751
vt 0.833191 0.413273
vt 0.833191 0.363932
vt 0.833191 0.314591
vt 0.833191 0.267113
vt 0.874794 0.460751
vt 0.874794 0.413273
vt 0.874794 0.363932
vt 0.874794 0.314591
vt 0.874794 0.267113
vt 0.916396 0.460751
vt 0.916396 0.413273
vt 0.916396 0.363932
vt 0.916396 0.314591
vt 0.916396 0.267113
vt 0.957999 0.460751
vt 0.957999 0.413273
vt 0.957999 0.363932
vt 0.957999 0.314591
vt 0.957999 0.267113
vt 0.999601 0.460751
vt 0.999601 0.413273
vt 0.999601 0.363932
vt 0.999601 0.314591
vt 0.999601 0.267113
vt 0.042744 0.460751
vt 0.001141 0.413273
vt 0.042744 0.413273
vt 0.001141 0.460751
vt 0.042744 0.363932
vt 0.001141 0.363932
vt 0.042744 0.314591
vt 0.001142 0.314591
vt 0.001142 0.267113
vt 0.042744 0.267113
vt 0.084346 0.460751
vt 0.084346 0.413273
vt 0.084346 0.363932
vt 0.084347 0.314591
vt 0.084347 0.267113
vt 0.125949 0.460751
vt 0.125949 0.413273
vt 0.125949 0.363932
vt 0.125949 0.314591
vt 0.125949 0.267113
vt 0.167551 0.460751
vt 0.167551 0.413273
vt 0.167552 0.363932
vt 0.167552 0.314591
vt 0.167552 0.267113
vt 0.209154 0.460751
vt 0.209154 0.413273
vt 0.209154 0.363932
vt 0.209154 0.314591
vt 0.209154 0.267113
vt 0.250756 0.460751
vt 0.250756 0.413273
vt 0.250757 0.363932
vt 0.250757 0.314591
vt 0.250757 0.267113
vt 0.292359 0.460751
vt 0.292359 0.413273
vt 0.292359 0.363932
vt 0.292359 0.314591
vt 0.29236 0.267113
vt 0.333961 0.460751
vt 0.333962 0.413273
vt 0.333962 0.363932
vt 0.333962 0.314591
vt 0.333962 0.267113
vt 0.375564 0.460751
vt 0.375564 0.413273
vt 0.375564 0.363932
vt 0.375564 0.314591
vt 0.375565 0.267113
vt 0.417166 0.460751
vt 0.417166 0.413273
vt 0.417167 0.363932
vt 0.417167 0.314591
vt 0.417167 0.267113
vt 0.458769 0.460751
vt 0.458769 0.413273
vt 0.458769 0.363932
vt 0.458769 0.314591
vt 0.45877 0.267113
vt 0.500371 0.460751
vt 0.500372 0.413273
vt 0.500372 0.363932
vt 0.500372 0.314591
vt 0.500372 0.267113
vt 0.541974 0.460751
vt 0.541974 0.413273
vt 0.541974 0.363932
vt 0.541975 0.314591
vt 0.541975 0.267113
vt 0.583576 0.460751
vt 0.583577 0.413273
vt 0.583577 0.363932
vt 0.583577 0.314591
vt 0.583577 0.267113
vt 0.205351 0.035386
vt 0.193604 0.047133
vt 0.193604 0.035386
vt 0.205351 0.047133
vt 0.195496 0.03778
vt 0.195965 0.038902
vt 0.20024 0.03712
vt 0.195206 0.037084
vt 0.194916 0.036388
vt 0.198724 0.033483
vt 0.194448 0.035266
vt 0.194916 0.036388
vt 0.195206 0.037084
vt 0.195496 0.03778
vt 0.20024 0.03712
vt 0.195965 0.038902
vt 0.196433 0.040025
vt 0.196723 0.040721
vt 0.197013 0.041417
vt 0.201756 0.040757
vt 0.197481 0.042539
vt 0.197013 0.041417
vt 0.196723 0.040721
vt 0.196433 0.040025
vt 0.074378 0.184338
vt 0.060249 0.150228
vt 0.048271 0.158231
vt 0.074378 0.147418
vt 0.088506 0.150228
vt 0.100484 0.158231
vt 0.108487 0.170209
vt 0.111298 0.184338
vt 0.108487 0.198467
vt 0.100484 0.210444
vt 0.088506 0.218448
vt 0.074377 0.221258
vt 0.060249 0.218448
vt 0.048271 0.210444
vt 0.040267 0.198467
vt 0.037457 0.184338
vt 0.040268 0.170209
vt 0.02534 0.135301
vt 0.010308 0.157799
vt 0.005029 0.184338
vt 0.010307 0.210876
vt 0.02534 0.233375
vt 0.047839 0.248408
vt 0.074377 0.253687
vt 0.100916 0.248408
vt 0.123414 0.233375
vt 0.138447 0.210877
vt 0.143726 0.184338
vt 0.138447 0.157799
vt 0.123415 0.135301
vt 0.100916 0.120268
vt 0.074378 0.114989
vt 0.047839 0.120268
vt 0.199832 0.340498
vt 0.208892 0.349558
vt 0.199832 0.349558
vt 0.208892 0.340498
vt 0.199832 0.340498
vt 0.208892 0.349558
vt 0.208892 0.340498
vt 0.199832 0.340498
vt 0.199832 0.349558
vt 0.208892 0.340498
vt 0.199832 0.340498
vt 0.208892 0.349558
vt 0.199832 0.349558
vt 0.208892 0.349558
vt 0.199832 0.349558
vt 0.208892 0.340498
vt 0.199832 0.340498
vt 0.208892 0.349558
vt 0.199832 0.349558
vt 0.208892 0.340498
vt 0.199832 0.340498
vt 0.199832 0.349558
vt 0.208892 0.340498
vt 0.199832 0.340498
vt 0.208892 0.349558
vt 0.208892 0.340498
vt 0.208892 0.349558
vt 0.199832 0.349558
vt 0.208892 0.340498
vt 0.208892 0.349558
vt 0.199832 0.349558
vt 0.208892 0.340498
vt 0.199832 0.340498
vt 0.208892 0.349558
vt 0.199832 0.349558
vt 0.208892 0.340498
vt 0.208892 0.349558
vt 0.199832 0.349558
vt 0.208892 0.340498
vt 0.199832 0.340498
vt 0.208892 0.349558
vt 0.199832 0.349558
vt 0.208892 0.340498
vt 0.208892 0.349558
vt 0.199832 0.349558
vt 0.208892 0.340498
vt 0.199832 0.340498
vt 0.208892 0.349558
vt 0.199832 0.349558
vt 0.208892 0.340498
vt 0.208892 0.349558
vt 0.199832 0.349558
vt 0.208892 0.340498
vt 0.199832 0.340498
vt 0.208892 0.349558
vt 0.199832 0.349558
vt 0.208892 0.340498
vt 0.208892 0.349558
vt 0.199832 0.349558
vt 0.208892 0.340498
vt 0.199832 0.340498
vt 0.208892 0.349558
vt 0.199832 0.349558
vt 0.208892 0.340498
vt 0.208892 0.349558
vt 0.199832 0.349558
vt 0.208892 0.340498
vt 0.199832 0.340498
vt 0.208892 0.349558
vt 0.199832 0.349558
vt 0.208892 0.340498
vt 0.208892 0.349558
vt 0.199832 0.349558
vt 0.208892 0.340498
vt 0.199832 0.340498
vt 0.208892 0.349558
vt 0.199832 0.349558
vt 0.208892 0.340498
vt 0.208892 0.349558
vt 0.199832 0.349558
vt 0.208892 0.340498
vt 0.199832 0.340498
vt 0.208892 0.349558
vt 0.199832 0.349558
vt 0.208892 0.340498
vt 0.208892 0.349558
vt 0.199832 0.349558
vt 0.208892 0.340498
vt 0.199832 0.340498
vt 0.208892 0.349558
vt 0.199832 0.349558
vt 0.208892 0.340498
vt 0.208892 0.349558
vt 0.199832 0.349558
vt 0.208892 0.340498
vt 0.199832 0.340498
vt 0.208892 0.349558
vt 0.199832 0.349558
vt 0.208892 0.340498
vt 0.208892 0.349558
vt 0.199832 0.349558
vt 0.208892 0.340498
vt 0.199832 0.340498
vt 0.208892 0.349558
vt 0.199832 0.349558
vt 0.208892 0.340498
vt 0.208892 0.349558
vt 0.199832 0.349558
vt 0.208892 0.340498
vt 0.199832 0.340498
vt 0.208892 0.349558
vt 0.199832 0.349558
vt 0.208892 0.340498
vt 0.208892 0.349558
vt 0.199832 0.349558
vt 0.208892 0.340498
vt 0.200202 0.083891
vt 0.200985 0.083143
vt 0.200143 0.083789
vt 0.201068 0.083226
vt 0.199162 0.084195
vt 0.199193 0.084309
vt 0.19811 0.084333
vt 0.19811 0.084452
vt 0.197057 0.084195
vt 0.197027 0.084309
vt 0.196077 0.083789
vt 0.196018 0.083891
vt 0.195235 0.083143
vt 0.195151 0.083226
vt 0.194589 0.0823
vt 0.194486 0.08236
vt 0.194182 0.08132
vt 0.194068 0.08135
vt 0.194044 0.080268
vt 0.193925 0.080268
vt 0.194182 0.079215
vt 0.194068 0.079185
vt 0.194589 0.078235
vt 0.194486 0.078175
vt 0.195235 0.077393
vt 0.195151 0.077309
vt 0.196077 0.076746
vt 0.196018 0.076644
vt 0.197057 0.07634
vt 0.197027 0.076226
vt 0.19811 0.076202
vt 0.19811 0.076083
vt 0.199162 0.07634
vt 0.199193 0.076226
vt 0.200143 0.076746
vt 0.200202 0.076644
vt 0.200985 0.077393
vt 0.201068 0.077309
vt 0.201631 0.078235
vt 0.201733 0.078175
vt 0.202037 0.079215
vt 0.202151 0.079185
vt 0.202175 0.080268
vt 0.202294 0.080268
vt 0.202037 0.08132
vt 0.202151 0.08135
vt 0.201631 0.0823
vt 0.201733 0.08236
vt 0.201611 0.082289
vt 0.200969 0.083127
vt 0.20172 0.082352
vt 0.202015 0.081314
vt 0.202136 0.081346
vt 0.202153 0.080268
vt 0.202278 0.080268
vt 0.202015 0.079221
vt 0.202136 0.079189
vt 0.201611 0.078246
vt 0.20172 0.078183
vt 0.200969 0.077409
vt 0.201057 0.07732
vt 0.200131 0.076766
vt 0.200194 0.076657
vt 0.199156 0.076362
vt 0.199189 0.076241
vt 0.19811 0.076224
vt 0.19811 0.076099
vt 0.197063 0.076362
vt 0.197031 0.076241
vt 0.196088 0.076766
vt 0.196025 0.076657
vt 0.195251 0.077409
vt 0.195162 0.07732
vt 0.194608 0.078246
vt 0.1945 0.078183
vt 0.194204 0.079221
vt 0.194083 0.079189
vt 0.194066 0.080268
vt 0.193941 0.080268
vt 0.194204 0.081314
vt 0.194083 0.081346
vt 0.194608 0.082289
vt 0.1945 0.082352
vt 0.195251 0.083127
vt 0.195162 0.083215
vt 0.196088 0.083769
vt 0.196025 0.083878
vt 0.197063 0.084173
vt 0.197031 0.084294
vt 0.19811 0.084311
vt 0.19811 0.084436
vt 0.199156 0.084173
vt 0.199189 0.084294
vt 0.200131 0.083769
vt 0.200194 0.083878
vt 0.201057 0.083215
vt 0.113546 0.067329
vt 0.118029 0.063753
vt 0.113546 0.063206
vt 0.118029 0.068103
vt 0.122689 0.06834
vt 0.122689 0.06392
vt 0.127348 0.068103
vt 0.127348 0.063753
vt 0.131832 0.063206
vt 0.131832 0.067329
vt 0.131832 0.058404
vt 0.127348 0.058687
vt 0.122689 0.058774
vt 0.118029 0.058687
vt 0.113546 0.058403
vt 0.131832 0.05325
vt 0.127348 0.05325
vt 0.122689 0.05325
vt 0.118029 0.05325
vt 0.113546 0.05325
vt 0.131832 0.048097
vt 0.127348 0.047814
vt 0.122689 0.047727
vt 0.118029 0.047813
vt 0.113546 0.048097
vt 0.131832 0.043295
vt 0.127348 0.042747
vt 0.122689 0.04258
vt 0.118029 0.042747
vt 0.113546 0.043295
vt 0.131832 0.039171
vt 0.127348 0.038397
vt 0.122689 0.03816
vt 0.118029 0.038397
vt 0.113546 0.039171
vt 0.131832 0.036007
vt 0.127348 0.035059
vt 0.122689 0.034768
vt 0.118029 0.035059
vt 0.113546 0.036007
vt 0.131832 0.034017
vt 0.127348 0.03296
vt 0.122689 0.032636
vt 0.118029 0.03296
vt 0.113546 0.034017
vt 0.131832 0.033339
vt 0.127348 0.032245
vt 0.122689 0.031909
vt 0.118029 0.032245
vt 0.113546 0.033339
vt 0.131832 0.034017
vt 0.127348 0.03296
vt 0.122689 0.032636
vt 0.118029 0.03296
vt 0.113546 0.034017
vt 0.131832 0.036007
vt 0.127348 0.035059
vt 0.122689 0.034768
vt 0.118029 0.035059
vt 0.113546 0.036007
vt 0.131832 0.039171
vt 0.127348 0.038397
vt 0.122689 0.03816
vt 0.118029 0.038397
vt 0.113546 0.039171
vt 0.131832 0.043295
vt 0.127348 0.042747
vt 0.122689 0.04258
vt 0.118029 0.042747
vt 0.113546 0.043295
vt 0.131832 0.048097
vt 0.127348 0.047813
vt 0.122689 0.047727
vt 0.118029 0.047813
vt 0.113546 0.048097
vt 0.131832 0.05325
vt 0.127348 0.05325
vt 0.122689 0.05325
vt 0.118029 0.05325
vt 0.113546 0.05325
vt 0.131832 0.058403
vt 0.127348 0.058687
vt 0.122689 0.058773
vt 0.118029 0.058687
vt 0.113546 0.058403
vt 0.131832 0.063206
vt 0.127348 0.063753
vt 0.122689 0.06392
vt 0.118029 0.063753
vt 0.113546 0.063206
vt 0.131832 0.067329
vt 0.127348 0.068103
vt 0.122689 0.06834
vt 0.118029 0.068103
vt 0.113546 0.067329
vt 0.131832 0.070494
vt 0.127348 0.071441
vt 0.122689 0.071732
vt 0.118029 0.071441
vt 0.113546 0.070494
vt 0.131832 0.072483
vt 0.127348 0.07354
vt 0.122689 0.073864
vt 0.118029 0.07354
vt 0.113546 0.072483
vt 0.131832 0.073161
vt 0.127348 0.074255
vt 0.122689 0.074591
vt 0.118029 0.074255
vt 0.113546 0.073161
vt 0.131832 0.072483
vt 0.127348 0.07354
vt 0.122689 0.073864
vt 0.118029 0.07354
vt 0.113546 0.072483
vt 0.131832 0.070494
vt 0.127348 0.071441
vt 0.122689 0.071732
vt 0.118029 0.071441
vt 0.113546 0.070494
vt 0.199832 0.340498
vt 0.208892 0.349558
vt 0.199832 0.349558
vt 0.208892 0.340498
vt 0.208892 0.349558
vt 0.199832 0.349558
vt 0.208892 0.340498
vt 0.199832 0.340498
vt 0.208892 0.349558
vt 0.199832 0.349558
vt 0.208892 0.340498
vt 0.208892 0.349558
vt 0.199832 0.349558
vt 0.208892 0.340498
vt 0.199832 0.340498
vt 0.208892 0.349558
vt 0.199832 0.349558
vt 0.208892 0.340498
vt 0.208892 0.349558
vt 0.199832 0.349558
vt 0.208892 0.340498
vt 0.199832 0.340498
vt 0.208892 0.349558
vt 0.199832 0.349558
vt 0.208892 0.340498
vt 0.208892 0.349558
vt 0.199832 0.349558
vt 0.208892 0.340498
vt 0.199832 0.340498
vt 0.208892 0.349558
vt 0.199832 0.349558
vt 0.208892 0.340498
vt 0.208892 0.349558
vt 0.199832 0.349558
vt 0.208892 0.340498
vt 0.199832 0.340498
vt 0.208892 0.349558
vt 0.199832 0.349558
vt 0.208892 0.340498
vt 0.208892 0.349558
vt 0.199832 0.349558
vt 0.208892 0.340498
vt 0.199832 0.340498
vt 0.208892 0.349558
vt 0.199832 0.349558
vt 0.208892 0.340498
vt 0.208892 0.349558
vt 0.199832 0.349558
vt 0.208892 0.340498
vt 0.199832 0.340498
vt 0.208892 0.349558
vt 0.199832 0.349558
vt 0.208892 0.340498
vt 0.208892 0.349558
vt 0.199832 0.349558
vt 0.208892 0.340498
vt 0.199832 0.340498
vt 0.208892 0.349558
vt 0.199832 0.349558
vt 0.208892 0.340498
vt 0.208892 0.349558
vt 0.199832 0.349558
vt 0.208892 0.340498
vt 0.199832 0.340498
vt 0.208892 0.349558
vt 0.199832 0.349558
vt 0.208892 0.340498
vt 0.208892 0.349558
vt 0.199832 0.349558
vt 0.208892 0.340498
vt 0.199832 0.340498
vt 0.208892 0.349558
vt 0.199832 0.349558
vt 0.208892 0.340498
vt 0.208892 0.349558
vt 0.199832 0.349558
vt 0.208892 0.340498
vt 0.199832 0.340498
vt 0.208892 0.349558
vt 0.199832 0.349558
vt 0.208892 0.340498
vt 0.208892 0.349558
vt 0.199832 0.349558
vt 0.208892 0.340498
vt 0.199832 0.340498
vt 0.208892 0.349558
vt 0.199832 0.349558
vt 0.208892 0.340498
vt 0.208892 0.349558
vt 0.199832 0.349558
vt 0.208892 0.340498
vt 0.199832 0.340498
vt 0.208892 0.349558
vt 0.199832 0.349558
vt 0.208892 0.340498
vt 0.208892 0.349558
vt 0.199832 0.349558
vt 0.208892 0.340498
vt 0.199832 0.340498
vt 0.208892 0.349558
vt 0.199832 0.349558
vt 0.208892 0.340498
vt 0.208892 0.349558
vt 0.199832 0.349558
vt 0.208892 0.340498
vt 0.199832 0.340498
vt 0.208892 0.349558
vt 0.199832 0.349558
vt 0.208892 0.340498
vt 0.208892 0.349558
vt 0.199832 0.349558
vt 0.208892 0.340498
vt 0.199832 0.340498
vt 0.208892 0.349558
vt 0.199832 0.349558
vt 0.208892 0.340498
vt 0.208892 0.349558
vt 0.199832 0.349558
vt 0.208892 0.340498
vt 0.199832 0.340498
vt 0.208892 0.349558
vt 0.199832 0.349558
vt 0.208892 0.340498
vt 0.208892 0.349558
vt 0.199832 0.349558
vt 0.208892 0.340498
vt 0.199832 0.340498
vt 0.208892 0.349558
vt 0.199832 0.349558
vt 0.208892 0.340498
vt 0.208892 0.349558
vt 0.199832 0.349558
vt 0.208892 0.340498
vt 0.199832 0.340498
vt 0.208892 0.349558
vt 0.199832 0.349558
vt 0.208892 0.340498
vt 0.208892 0.349558
vt 0.199832 0.349558
vt 0.208892 0.340498
vt 0.199832 0.340498
vt 0.208892 0.349558
vt 0.199832 0.349558
vt 0.208892 0.340498
vt 0.208892 0.349558
vt 0.199832 0.349558
vt 0.208892 0.340498
vt 0.199832 0.340498
vt 0.208892 0.349558
vt 0.199832 0.349558
vt 0.208892 0.340498
vt 0.208892 0.349558
vt 0.199832 0.349558
vt 0.208892 0.340498
vt 0.199832 0.340498
vt 0.208892 0.349558
vt 0.199832 0.349558
vt 0.208892 0.340498
vt 0.208892 0.349558
vt 0.199832 0.349558
vt 0.208892 0.340498
vt 0.199832 0.340498
vt 0.208892 0.349558
vt 0.199832 0.349558
vt 0.208892 0.340498
vt 0.199832 0.340498
vt 0.208892 0.349558
vt 0.199832 0.349558
vt 0.199832 0.340498
vt 0.208892 0.349558
vt 0.199832 0.349558
vt 0.208892 0.340498
vt 0.199832 0.340498
vt 0.208892 0.349558
vt 0.199832 0.349558
vt 0.208892 0.340498
vt 0.199832 0.340498
vt 0.208892 0.349558
vt 0.199832 0.349558
vt 0.208892 0.340498
vt 0.199832 0.340498
vt 0.208892 0.349558
vt 0.199832 0.349558
vt 0.208892 0.340498
vt 0.199832 0.340498
vt 0.208892 0.349558
vt 0.199832 0.349558
vt 0.208892 0.340498
vt 0.199832 0.340498
vt 0.208892 0.349558
vt 0.199832 0.349558
vt 0.208892 0.340498
vt 0.199832 0.340498
vt 0.208892 0.349558
vt 0.199832 0.349558
vt 0.208892 0.340498
vt 0.199832 0.340498
vt 0.208892 0.349558
vt 0.199832 0.349558
vt 0.208892 0.340498
vt 0.199832 0.340498
vt 0.208892 0.349558
vt 0.199832 0.349558
vt 0.208892 0.340498
vt 0.199832 0.340498
vt 0.208892 0.349558
vt 0.199832 0.349558
vt 0.208892 0.340498
vt 0.199832 0.340498
vt 0.208892 0.349558
vt 0.199832 0.349558
vt 0.208892 0.340498
vt 0.199832 0.340498
vt 0.208892 0.349558
vt 0.199832 0.349558
vt 0.208892 0.340498
vt 0.199832 0.340498
vt 0.208892 0.349558
vt 0.199832 0.349558
vt 0.208892 0.340498
vt 0.199832 0.340498
vt 0.208892 0.349558
vt 0.199832 0.349558
vt 0.208892 0.340498
vt 0.024043 0.163489
vt 0.042161 0.152121
vt 0.042161 0.172009
vt 0.035853 0.145813
vt 0.019896 0.184338
vt 0.042161 0.184338
vt 0.024043 0.205187
vt 0.042161 0.196667
vt 0.035853 0.222862
vt 0.042161 0.216554
vt 0.053528 0.234672
vt 0.062049 0.216554
vt 0.074378 0.23882
vt 0.074378 0.216554
vt 0.095227 0.234672
vt 0.086706 0.216554
vt 0.112902 0.222862
vt 0.106594 0.216554
vt 0.124712 0.205187
vt 0.106594 0.196667
vt 0.128859 0.184338
vt 0.106594 0.184338
vt 0.124712 0.163489
vt 0.106594 0.172009
vt 0.112902 0.145813
vt 0.106594 0.152121
vt 0.095227 0.134003
vt 0.086706 0.152121
vt 0.074378 0.129856
vt 0.074378 0.152121
vt 0.053528 0.134003
vt 0.062049 0.152121
vt 0.199832 0.340498
vt 0.208892 0.349558
vt 0.199832 0.349558
vt 0.208892 0.340498
vt 0.199832 0.340498
vt 0.199832 0.349558
vt 0.208892 0.340498
vt 0.199832 0.340498
vt 0.208892 0.349558
vt 0.199832 0.349558
vt 0.208892 0.340498
vt 0.199832 0.340498
vt 0.208892 0.349558
vt 0.199832 0.349558
vt 0.199832 0.340498
vt 0.208892 0.349558
vt 0.199832 0.349558
vt 0.208892 0.340498
vt 0.199832 0.340498
vt 0.208892 0.349558
vt 0.199832 0.349558
vt 0.199832 0.340498
vt 0.208892 0.349558
vt 0.199832 0.349558
vt 0.208892 0.340498
vt 0.199832 0.340498
vt 0.208892 0.349558
vt 0.199832 0.349558
vt 0.199832 0.340498
vt 0.208892 0.349558
vt 0.199832 0.349558
vt 0.208892 0.340498
vt 0.199832 0.340498
vt 0.208892 0.349558
vt 0.199832 0.349558
vt 0.199832 0.340498
vt 0.208892 0.349558
vt 0.199832 0.349558
vt 0.208892 0.340498
vt 0.199832 0.340498
vt 0.208892 0.349558
vt 0.199832 0.349558
vt 0.199832 0.340498
vt 0.208892 0.349558
vt 0.199832 0.349558
vt 0.208892 0.340498
vt 0.199832 0.340498
vt 0.208892 0.349558
vt 0.199832 0.349558
vt 0.199832 0.340498
vt 0.208892 0.349558
vt 0.199832 0.349558
vt 0.208892 0.340498
vt 0.199832 0.340498
vt 0.208892 0.349558
vt 0.199832 0.349558
vt 0.199832 0.340498
vt 0.208892 0.349558
vt 0.199832 0.349558
vt 0.208892 0.340498
vt 0.199832 0.340498
vt 0.208892 0.349558
vt 0.199832 0.349558
vt 0.199832 0.340498
vt 0.208892 0.349558
vt 0.199832 0.349558
vt 0.208892 0.340498
vt 0.199832 0.340498
vt 0.208892 0.349558
vt 0.199832 0.349558
vt 0.199832 0.340498
vt 0.208892 0.349558
vt 0.199832 0.349558
vt 0.208892 0.340498
vt 0.199832 0.340498
vt 0.208892 0.349558
vt 0.199832 0.349558
vt 0.199832 0.340498
vt 0.208892 0.349558
vt 0.199832 0.349558
vt 0.208892 0.340498
vt 0.199832 0.340498
vt 0.208892 0.349558
vt 0.199832 0.349558
vt 0.199832 0.340498
vt 0.208892 0.349558
vt 0.199832 0.349558
vt 0.208892 0.340498
vt 0.199832 0.340498
vt 0.208892 0.349558
vt 0.199832 0.349558
vt 0.199832 0.340498
vt 0.208892 0.349558
vt 0.199832 0.349558
vt 0.208892 0.340498
vt 0.199832 0.340498
vt 0.208892 0.349558
vt 0.199832 0.349558
vt 0.199832 0.340498
vt 0.208892 0.349558
vt 0.199832 0.349558
vt 0.208892 0.340498
vt 0.199832 0.340498
vt 0.208892 0.349558
vt 0.199832 0.349558
vt 0.199832 0.340498
vt 0.208892 0.349558
vt 0.199832 0.349558
vt 0.208892 0.340498
vt 0.199832 0.340498
vt 0.208892 0.349558
vt 0.199832 0.349558
vt 0.199832 0.340498
vt 0.208892 0.349558
vt 0.199832 0.349558
vt 0.208892 0.340498
vt 0.199832 0.340498
vt 0.208892 0.349558
vt 0.199832 0.349558
vt 0.199832 0.340498
vt 0.208892 0.349558
vt 0.199832 0.349558
vt 0.208892 0.340498
vt 0.199832 0.340498
vt 0.208892 0.349558
vt 0.199832 0.349558
vt 0.199832 0.340498
vt 0.208892 0.349558
vt 0.199832 0.349558
vt 0.208892 0.340498
vt 0.199832 0.340498
vt 0.208892 0.349558
vt 0.199832 0.349558
vt 0.199832 0.340498
vt 0.208892 0.349558
vt 0.199832 0.349558
vt 0.208892 0.340498
vt 0.199832 0.340498
vt 0.208892 0.349558
vt 0.199832 0.349558
vt 0.199832 0.340498
vt 0.208892 0.349558
vt 0.199832 0.349558
vt 0.208892 0.340498
vt 0.199832 0.340498
vt 0.208892 0.349558
vt 0.199832 0.349558
vt 0.199832 0.340498
vt 0.208892 0.349558
vt 0.199832 0.349558
vt 0.208892 0.340498
vt 0.199832 0.340498
vt 0.208892 0.349558
vt 0.199832 0.349558
vt 0.199832 0.340498
vt 0.208892 0.349558
vt 0.199832 0.349558
vt 0.208892 0.340498
vt 0.199832 0.340498
vt 0.208892 0.349558
vt 0.199832 0.349558
vt 0.199832 0.340498
vt 0.208892 0.349558
vt 0.199832 0.349558
vt 0.208892 0.340498
vt 0.199832 0.340498
vt 0.208892 0.349558
vt 0.208892 0.340498
vt 0.163904 0.919831
vt 0.177657 0.933584
vt 0.177657 0.919831
vt 0.163904 0.919831
vt 0.177657 0.919831
vt 0.305721 0.327401
vt 0.319474 0.327401
vt 0.319474 0.341155
vt 0.319474 0.327401
vt 0.319474 0.341155
vt 0.305721 0.327401
vt 0.319474 0.327401
vt 0.319474 0.327401
vt 0.319474 0.341155
f 2992/2992/2992 2991/2991/2991 2993/2993/2993
f 2994/2994/2994 2991/2991/2991 2992/2992/2992
f 2996/2996/2996 2995/2995/2995 2993/2993/2993
f 2997/2997/2997 2995/2995/2995 2996/2996/2996
f 2994/2994/2994 2995/2995/2995 2998/2998/2998
f 2998/2998/2998 2995/2995/2995 2999/2999/2999
f 2997/2997/2997 3000/3000/3000 3001/3001/3001
f 3001/3001/3001 3000/3000/3000 3002/3002/3002
f 2997/2997/2997 3003/3003/3003 3004/3004/3004
f 3004/3004/3004 3003/3003/3003 3005/3005/3005
f 3001/3001/3001 3006/3006/3006 3005/3005/3005
f 3007/3007/3007 3006/3006/3006 3001/3001/3001
f 2996/2996/2996 3008/3008/3008 3009/3009/3009
f 3010/3010/3010 3008/3008/3008 2996/2996/2996
f 3012/3012/3012 3011/3011/3011 3013/3013/3013
f 3014/3014/3014 3011/3011/3011 3012/3012/3012
f 3016/3016/3016 3015/3015/3015 3013/3013/3013
f 3017/3017/3017 3015/3015/3015 3016/3016/3016
f 3018/3018/3018 3015/3015/3015 3019/3019/3019
f 3020/3020/3020 3015/3015/3015 3018/3018/3018
f 3018/3018/3018 3021/3021/3021 3022/3022/3022
f 3023/3023/3023 3021/3021/3021 3018/3018/3018
f 3024/3024/3024 3021/3021/3021 3025/3025/3025
f 3026/3026/3026 3021/3021/3021 3024/3024/3024
f 3028/3028/3028 3027/3027/3027 3025/3025/3025
f 3029/3029/3029 3027/3027/3027 3028/3028/3028
f 3029/3029/3029 3030/3030/3030 3031/3031/3031
f 3031/3031/3031 3030/3030/3030 3032/3032/3032
f 3028/3028/3028 3033/3033/3033 3032/3032/3032
f 3034/3034/3034 3033/3033/3033 3028/3028/3028
f 3035/3035/3035 3030/3030/3030 3025/3025/3025
f 3034/3034/3034 3030/3030/3030 3035/3035/3035
f 3031/3031/3031 3036/3036/3036 3037/3037/3037
f 3038/3038/3038 3036/3036/3036 3031/3031/3031
f 3039/3039/3039 3036/3036/3036 3040/3040/3040
f 3041/3041/3041 3036/3036/3036 3039/3039/3039
f 3039/3039/3039 3042/3042/3042 3032/3032/3032
f 3043/3043/3043 3042/3042/3042 3039/3039/3039
f 3045/3045/3045 3044/3044/3044 3040/3040/3040
f 3046/3046/3046 3044/3044/3044 3045/3045/3045
f 3043/3043/3043 3044/3044/3044 3047/3047/3047
f 3047/3047/3047 3044/3044/3044 3048/3048/3048
f 3050/3050/3050 3049/3049/3049 3048/3048/3048
f 3051/3051/3051 3049/3049/3049 3050/3050/3050
f 3050/3050/3050 3044/3044/3044 3052/3052/3052
f 3053/3053/3053 3044/3044/3044 3050/3050/3050
f 3055/3055/3055 3054/3054/3054 3052/3052/3052
f 3056/3056/3056 3054/3054/3054 3055/3055/3055
f 3058/3058/3058 3057/3057/3057 3059/3059/3059
f 3060/3060/3060 3057/3057/3057 3058/3058/3058
f 3061/3061/3061 3057/3057/3057 3062/3062/3062
f 3063/3063/3063 3057/3057/3057 3061/3061/3061
f 3063/3063/3063 3064/3064/3064 3065/3065/3065
f 3065/3065/3065 3064/3064/3064 3066/3066/3066
f 3063/3063/3063 3067/3067/3067 3068/3068/3068
f 3068/3068/3068 3067/3067/3067 3069/3069/3069
f 3063/3063/3063 3070/3070/3070 3071/3071/3071
f 3071/3071/3071 3070/3070/3070 3072/3072/3072
f 3074/3074/3074 3073/3073/3073 3072/3072/3072
f 3075/3075/3075 3073/3073/3073 3074/3074/3074
f 3077/3077/3077 3076/3076/3076 3078/3078/3078
f 3079/3079/3079 3076/3076/3076 3077/3077/3077
f 3081/3081/3081 3080/3080/3080 3079/3079/3079
f 3082/3082/3082 3080/3080/3080 3081/3081/3081
f 3081/3081/3081 3083/3083/3083 3084/3084/3084
f 3085/3085/3085 3083/3083/3083 3081/3081/3081
f 3085/3085/3085 3086/3086/3086 3087/3087/3087
f 3087/3087/3087 3086/3086/3086 3088/3088/3088
f 3076/3076/3076 3089/3089/3089 3090/3090/3090
f 3091/3091/3091 3089/3089/3089 3076/3076/3076
f 3091/3091/3091 3083/3083/3083 3092/3092/3092
f 3092/3092/3092 3083/3083/3083 3093/3093/3093
f 3092/3092/3092 3086/3086/3086 3094/3094/3094
f 3095/3095/3095 3086/3086/3086 3092/3092/3092
f 3097/3097/3097 3096/3096/3096 3098/3098/3098
f 3099/3099/3099 3096/3096/3096 3097/3097/3097
f 3099/3099/3099 3100/3100/3100 3101/3101/3101
f 3101/3101/3101 3100/3100/3100 3102/3102/3102
f 3104/3104/3104 3103/3103/3103 3102/3102/3102
f 3105/3105/3105 3103/3103/3103 3104/3104/3104
f 3106/3106/3106 3096/3096/3096 3107/3107/3107
f 3108/3108/3108 3096/3096/3096 3106/3106/3106
f 3106/3106/3106 3100/3100/3100 3109/3109/3109
f 3097/3097/3097 3110/3110/3110 3109/3109/3109
f 3111/3111/3111 3110/3110/3110 3097/3097/3097
f 3112/3112/3112 3100/3100/3100 3106/3106/3106
f 3111/3111/3111 3113/3113/3113 3114/3114/3114
f 3114/3114/3114 3113/3113/3113 3115/3115/3115
f 3116/3116/3116 3110/3110/3110 3115/3115/3115
f 3117/3117/3117 3110/3110/3110 3116/3116/3116
f 3119/3119/3119 3118/3118/3118 3102/3102/3102
f 3112/3112/3112 3118/3118/3118 3119/3119/3119
f 3116/3116/3116 3120/3120/3120 3121/3121/3121
f 3122/3122/3122 3120/3120/3120 3116/3116/3116
f 3124/3124/3124 3123/3123/3123 3125/3125/3125
f 3126/3126/3126 3123/3123/3123 3124/3124/3124
f 3128/3128/3128 3127/3127/3127 3125/3125/3125
f 3129/3129/3129 3127/3127/3127 3128/3128/3128
f 3128/3128/3128 3130/3130/3130 3131/3131/3131
f 3132/3132/3132 3130/3130/3130 3128/3128/3128
f 3132/3132/3132 3133/3133/3133 3134/3134/3134
f 3134/3134/3134 3133/3133/3133 3135/3135/3135
f 3134/3134/3134 3130/3130/3130 3136/3136/3136
f 3137/3137/3137 3130/3130/3130 3134/3134/3134
f 3129/3129/3129 3138/3138/3138 3139/3139/3139
f 3139/3139/3139 3138/3138/3138 3140/3140/3140
f 3142/3142/3142 3141/3141/3141 3140/3140/3140
f 3126/3126/3126 3141/3141/3141 3142/3142/3142
f 3144/3144/3144 3143/3143/3143 3145/3145/3145
f 3146/3146/3146 3143/3143/3143 3144/3144/3144
f 3143/3143/3143 3147/3147/3147 3148/3148/3148
f 3149/3149/3149 3147/3147/3147 3143/3143/3143
f 3151/3151/3151 3150/3150/3150 3148/3148/3148
f 3152/3152/3152 3150/3150/3150 3151/3151/3151
f 3149/3149/3149 3153/3153/3153 3151/3151/3151
f 3151/3151/3151 3153/3153/3153 3154/3154/3154
f 3155/3155/3155 3147/3147/3147 3154/3154/3154
f 3152/3152/3152 3147/3147/3147 3155/3155/3155
f 3143/3143/3143 3156/3156/3156 3157/3157/3157
f 3158/3158/3158 3156/3156/3156 3143/3143/3143
f 3145/3145/3145 3156/3156/3156 3159/3159/3159
f 3159/3159/3159 3156/3156/3156 3160/3160/3160
f 3162/3162/3162 3161/3161/3161 3163/3163/3163
f 3164/3164/3164 3161/3161/3161 3162/3162/3162
f 3164/3164/3164 3165/3165/3165 3166/3166/3166
f 3166/3166/3166 3165/3165/3165 3167/3167/3167
f 3169/3169/3169 3168/3168/3168 3167/3167/3167
f 3170/3170/3170 3168/3168/3168 3169/3169/3169
f 3171/3171/3171 3161/3161/3161 3172/3172/3172
f 3173/3173/3173 3161/3161/3161 3171/3171/3171
f 3171/3171/3171 3165/3165/3165 3174/3174/3174
f 3162/3162/3162 3175/3175/3175 3174/3174/3174
f 3176/3176/3176 3175/3175/3175 3162/3162/3162
f 3177/3177/3177 3165/3165/3165 3171/3171/3171
f 3176/3176/3176 3178/3178/3178 3179/3179/3179
f 3179/3179/3179 3178/3178/3178 3180/3180/3180
f 3181/3181/3181 3175/3175/3175 3180/3180/3180
f 3182/3182/3182 3175/3175/3175 3181/3181/3181
f 3184/3184/3184 3183/3183/3183 3167/3167/3167
f 3177/3177/3177 3183/3183/3183 3184/3184/3184
f 3181/3181/3181 3185/3185/3185 3186/3186/3186
f 3187/3187/3187 3185/3185/3185 3181/3181/3181
f 3189/3189/3189 3188/3188/3188 3190/3190/3190
f 3191/3191/3191 3188/3188/3188 3189/3189/3189
f 3189/3189/3189 3192/3192/3192 3193/3193/3193
f 3194/3194/3194 3192/3192/3192 3189/3189/3189
f 3194/3194/3194 3188/3188/3188 3195/3195/3195
f 3195/3195/3195 3188/3188/3188 3196/3196/3196
f 3198/3198/3198 3197/3197/3197 3193/3193/3193
f 3199/3199/3199 3197/3197/3197 3198/3198/3198
f 3194/3194/3194 3200/3200/3200 3198/3198/3198
f 3198/3198/3198 3200/3200/3200 3201/3201/3201
f 3199/3199/3199 3192/3192/3192 3202/3202/3202
f 3191/3191/3191 3203/3203/3203 3204/3204/3204
f 3204/3204/3204 3203/3203/3203 3205/3205/3205
f 3195/3195/3195 3203/3203/3203 3206/3206/3206
f 3207/3207/3207 3203/3203/3203 3195/3195/3195
f 3208/3208/3208 3197/3197/3197 3209/3209/3209
f 3210/3210/3210 3197/3197/3197 3208/3208/3208
f 3212/3212/3212 3211/3211/3211 3202/3202/3202
f 3213/3213/3213 3211/3211/3211 3214/3214/3214
f 3214/3214/3214 3215/3215/3215 3216/3216/3216
f 3217/3217/3217 3215/3215/3215 3214/3214/3214
f 3219/3219/3219 3218/3218/3218 3216/3216/3216
f 3220/3220/3220 3218/3218/3218 3219/3219/3219
f 3221/3221/3221 3218/3218/3218 3222/3222/3222
f 3223/3223/3223 3218/3218/3218 3221/3221/3221
f 3225/3225/3225 3224/3224/3224 3222/3222/3222
f 3226/3226/3226 3224/3224/3224 3225/3225/3225
f 3227/3227/3227 3224/3224/3224 3228/3228/3228
f 3229/3229/3229 3224/3224/3224 3227/3227/3227
f 3219/3219/3219 3230/3230/3230 3231/3231/3231
f 3232/3232/3232 3230/3230/3230 3219/3219/3219
f 3233/3233/3233 3218/3218/3218 3231/3231/3231
f 3234/3234/3234 3218/3218/3218 3233/3233/3233
f 3234/3234/3234 3235/3235/3235 3225/3225/3225
f 3225/3225/3225 3235/3235/3235 3236/3236/3236
f 3238/3238/3238 3237/3237/3237 3236/3236/3236
f 3239/3239/3239 3237/3237/3237 3238/3238/3238
f 3239/3239/3239 3240/3240/3240 3241/3241/3241
f 3241/3241/3241 3240/3240/3240 3242/3242/3242
f 3241/3241/3241 3243/3243/3243 3236/3236/3236
f 3244/3244/3244 3243/3243/3243 3241/3241/3241
f 3245/3245/3245 3237/3237/3237 3242/3242/3242
f 3244/3244/3244 3237/3237/3237 3245/3245/3245
f 3247/3247/3247 3246/3246/3246 3242/3242/3242
f 3248/3248/3248 3246/3246/3246 3247/3247/3247
f 3248/3248/3248 3249/3249/3249 3250/3250/3250
f 3250/3250/3250 3249/3249/3249 3251/3251/3251
f 3253/3253/3253 3252/3252/3252 3251/3251/3251
f 3254/3254/3254 3252/3252/3252 3253/3253/3253
f 3255/3255/3255 3249/3249/3249 3256/3256/3256
f 3257/3257/3257 3249/3249/3249 3255/3255/3255
f 3255/3255/3255 3246/3246/3246 3258/3258/3258
f 3259/3259/3259 3246/3246/3246 3255/3255/3255
f 3261/3261/3261 3260/3260/3260 3258/3258/3258
f 3262/3262/3262 3260/3260/3260 3261/3261/3261
f 3259/3259/3259 3263/3263/3263 3264/3264/3264
f 3264/3264/3264 3263/3263/3263 3242/3242/3242
f 3266/3266/3266 3265/3265/3265 3267/3267/3267
f 3268/3268/3268 3265/3265/3265 3266/3266/3266
f 3268/3268/3268 3269/3269/3269 3270/3270/3270
f 3270/3270/3270 3269/3269/3269 3271/3271/3271
f 3273/3273/3273 3272/3272/3272 3267/3267/3267
f 3274/3274/3274 3272/3272/3272 3273/3273/3273
f 3274/3274/3274 3265/3265/3265 3275/3275/3275
f 3275/3275/3275 3265/3265/3265 3276/3276/3276
f 3270/3270/3270 3277/3277/3277 3278/3278/3278
f 3279/3279/3279 3277/3277/3277 3270/3270/3270
f 3281/3281/3281 3280/3280/3280 3278/3278/3278
f 3282/3282/3282 3280/3280/3280 3281/3281/3281
f 3283/3283/3283 3272/3272/3272 3202/3202/3202
f 3283/3283/3283 3284/3284/3284 3266/3266/3266
f 3266/3266/3266 3284/3284/3284 3285/3285/3285
f 3287/3287/3287 3286/3286/3286 3288/3288/3288
f 3289/3289/3289 3286/3286/3286 3287/3287/3287
f 3289/3289/3289 3290/3290/3290 3291/3291/3291
f 3291/3291/3291 3290/3290/3290 3292/3292/3292
f 3293/3293/3293 3290/3290/3290 3294/3294/3294
f 3295/3295/3295 3290/3290/3290 3293/3293/3293
f 3289/3289/3289 3296/3296/3296 3297/3297/3297
f 3297/3297/3297 3296/3296/3296 3298/3298/3298
f 3289/3289/3289 3299/3299/3299 3300/3300/3300
f 3300/3300/3300 3299/3299/3299 3301/3301/3301
f 3293/3293/3293 3302/3302/3302 3303/3303/3303
f 3304/3304/3304 3302/3302/3302 3293/3293/3293
f 3305/3305/3305 3302/3302/3302 3306/3306/3306
f 3307/3307/3307 3302/3302/3302 3305/3305/3305
f 3309/3309/3309 3308/3308/3308 3301/3301/3301
f 3310/3310/3310 3308/3308/3308 3309/3309/3309
f 3312/3312/3312 3311/3311/3311 3306/3306/3306
f 3313/3313/3313 3311/3311/3311 3312/3312/3312
f 3315/3315/3315 3314/3314/3314 3316/3316/3316
f 3317/3317/3317 3314/3314/3314 3315/3315/3315
f 3315/3315/3315 3318/3318/3318 3319/3319/3319
f 3320/3320/3320 3318/3318/3318 3315/3315/3315
f 3322/3322/3322 3321/3321/3321 3319/3319/3319
f 3323/3323/3323 3321/3321/3321 3322/3322/3322
f 3320/3320/3320 3324/3324/3324 3322/3322/3322
f 3322/3322/3322 3324/3324/3324 3325/3325/3325
f 3326/3326/3326 3318/3318/3318 3325/3325/3325
f 3323/3323/3323 3318/3318/3318 3326/3326/3326
f 3317/3317/3317 3327/3327/3327 3328/3328/3328
f 3328/3328/3328 3327/3327/3327 3329/3329/3329
f 3328/3328/3328 3314/3314/3314 3330/3330/3330
f 3331/3331/3331 3314/3314/3314 3328/3328/3328
f 3333/3333/3333 3332/3332/3332 3334/3334/3334
f 3335/3335/3335 3332/3332/3332 3333/3333/3333
f 3335/3335/3335 3336/3336/3336 3337/3337/3337
f 3337/3337/3337 3336/3336/3336 3338/3338/3338
f 3340/3340/3340 3339/3339/3339 3338/3338/3338
f 3341/3341/3341 3339/3339/3339 3340/3340/3340
f 3342/3342/3342 3332/3332/3332 3343/3343/3343
f 3344/3344/3344 3332/3332/3332 3342/3342/3342
f 3342/3342/3342 3336/3336/3336 3345/3345/3345
f 3333/3333/3333 3346/3346/3346 3345/3345/3345
f 3347/3347/3347 3346/3346/3346 3333/3333/3333
f 3348/3348/3348 3336/3336/3336 3342/3342/3342
f 3347/3347/3347 3349/3349/3349 3350/3350/3350
f 3350/3350/3350 3349/3349/3349 3351/3351/3351
f 3352/3352/3352 3346/3346/3346 3351/3351/3351
f 3353/3353/3353 3346/3346/3346 3352/3352/3352
f 3355/3355/3355 3354/3354/3354 3338/3338/3338
f 3348/3348/3348 3354/3354/3354 3355/3355/3355
f 3352/3352/3352 3356/3356/3356 3357/3357/3357
f 3358/3358/3358 3356/3356/3356 3352/3352/3352
f 3360/3360/3360 3359/3359/3359 3352/3352/3352
f 3361/3361/3361 3359/3359/3359 3362/3362/3362
f 3363/3363/3363 3359/3359/3359 3361/3361/3361
f 3361/3361/3361 3364/3364/3364 3365/3365/3365
f 3366/3366/3366 3364/3364/3364 3361/3361/3361
f 3363/3363/3363 3364/3364/3364 3367/3367/3367
f 3367/3367/3367 3364/3364/3364 3368/3368/3368
f 3370/3370/3370 3369/3369/3369 3362/3362/3362
f 3371/3371/3371 3369/3369/3369 3370/3370/3370
f 3363/3363/3363 3372/3372/3372 3370/3370/3370
f 3370/3370/3370 3372/3372/3372 3373/3373/3373
f 3366/3366/3366 3374/3374/3374 3375/3375/3375
f 3375/3375/3375 3374/3374/3374 3376/3376/3376
f 3367/3367/3367 3374/3374/3374 3377/3377/3377
f 3378/3378/3378 3374/3374/3374 3367/3367/3367
f 3379/3379/3379 3369/3369/3369 3380/3380/3380
f 3381/3381/3381 3369/3369/3369 3379/3379/3379
f 3383/3383/3383 3382/3382/3382 3384/3384/3384
f 3385/3385/3385 3382/3382/3382 3383/3383/3383
f 3385/3385/3385 3386/3386/3386 3387/3387/3387
f 3387/3387/3387 3386/3386/3386 3388/3388/3388
f 3390/3390/3390 3389/3389/3389 3384/3384/3384
f 3391/3391/3391 3389/3389/3389 3390/3390/3390
f 3387/3387/3387 3392/3392/3392 3393/3393/3393
f 3394/3394/3394 3392/3392/3392 3387/3387/3387
f 3396/3396/3396 3395/3395/3395 3393/3393/3393
f 3397/3397/3397 3395/3395/3395 3396/3396/3396
f 3391/3391/3391 3398/3398/3398 3399/3399/3399
f 3399/3399/3399 3398/3398/3398 3400/3400/3400
f 3402/3402/3402 3401/3401/3401 3403/3403/3403
f 3404/3404/3404 3401/3401/3401 3402/3402/3402
f 3405/3405/3405 3401/3401/3401 3406/3406/3406
f 3407/3407/3407 3401/3401/3401 3405/3405/3405
f 3402/3402/3402 3408/3408/3408 3409/3409/3409
f 3410/3410/3410 3408/3408/3408 3402/3402/3402
f 3405/3405/3405 3411/3411/3411 3409/3409/3409
f 3412/3412/3412 3411/3411/3411 3405/3405/3405
f 3410/3410/3410 3413/3413/3413 3414/3414/3414
f 3414/3414/3414 3413/3413/3413 3415/3415/3415
f 3414/3414/3414 3416/3416/3416 3409/3409/3409
f 3417/3417/3417 3416/3416/3416 3414/3414/3414
f 3418/3418/3418 3408/3408/3408 3415/3415/3415
f 3417/3417/3417 3408/3408/3408 3418/3418/3418
f 3420/3420/3420 3419/3419/3419 3415/3415/3415
f 3421/3421/3421 3419/3419/3419 3420/3420/3420
f 3421/3421/3421 3422/3422/3422 3423/3423/3423
f 3423/3423/3423 3422/3422/3422 3424/3424/3424
f 3426/3426/3426 3425/3425/3425 3424/3424/3424
f 3427/3427/3427 3425/3425/3425 3426/3426/3426
f 3428/3428/3428 3422/3422/3422 3429/3429/3429
f 3430/3430/3430 3422/3422/3422 3428/3428/3428
f 3428/3428/3428 3419/3419/3419 3431/3431/3431
f 3432/3432/3432 3419/3419/3419 3428/3428/3428
f 3434/3434/3434 3433/3433/3433 3431/3431/3431
f 3435/3435/3435 3433/3433/3433 3434/3434/3434
f 3432/3432/3432 3436/3436/3436 3437/3437/3437
f 3437/3437/3437 3436/3436/3436 3415/3415/3415
f 3439/3439/3439 3438/3438/3438 3424/3424/3424
f 3440/3440/3440 3438/3438/3438 3439/3439/3439
f 3440/3440/3440 3441/3441/3441 3442/3442/3442
f 3442/3442/3442 3441/3441/3441 3443/3443/3443
f 3445/3445/3445 3444/3444/3444 3446/3446/3446
f 3447/3447/3447 3444/3444/3444 3445/3445/3445
f 3447/3447/3447 3448/3448/3448 3449/3449/3449
f 3449/3449/3449 3448/3448/3448 3450/3450/3450
f 3451/3451/3451 3448/3448/3448 3452/3452/3452
f 3453/3453/3453 3448/3448/3448 3451/3451/3451
f 3447/3447/3447 3454/3454/3454 3455/3455/3455
f 3455/3455/3455 3454/3454/3454 3456/3456/3456
f 3447/3447/3447 3457/3457/3457 3458/3458/3458
f 3458/3458/3458 3457/3457/3457 3459/3459/3459
f 3460/3460/3460 3448/3448/3448 3459/3459/3459
f 3461/3461/3461 3448/3448/3448 3460/3460/3460
f 3451/3451/3451 3462/3462/3462 3463/3463/3463
f 3464/3464/3464 3462/3462/3462 3451/3451/3451
f 3465/3465/3465 3462/3462/3462 3466/3466/3466
f 3467/3467/3467 3462/3462/3462 3465/3465/3465
f 3469/3469/3469 3468/3468/3468 3466/3466/3466
f 3470/3470/3470 3468/3468/3468 3469/3469/3469
f 3472/3472/3472 3471/3471/3471 3473/3473/3473
f 3474/3474/3474 3471/3471/3471 3472/3472/3472
f 3472/3472/3472 3475/3475/3475 3476/3476/3476
f 3477/3477/3477 3475/3475/3475 3472/3472/3472
f 3479/3479/3479 3478/3478/3478 3476/3476/3476
f 3480/3480/3480 3478/3478/3478 3479/3479/3479
f 3477/3477/3477 3481/3481/3481 3479/3479/3479
f 3479/3479/3479 3481/3481/3481 3482/3482/3482
f 3483/3483/3483 3475/3475/3475 3482/3482/3482
f 3484/3484/3484 3475/3475/3475 3483/3483/3483
f 3485/3485/3485 3471/3471/3471 3486/3486/3486
f 3487/3487/3487 3471/3471/3471 3485/3485/3485
f 3485/3485/3485 3488/3488/3488 3489/3489/3489
f 3490/3490/3490 3488/3488/3488 3485/3485/3485
f 3492/3492/3492 3491/3491/3491 3493/3493/3493
f 3494/3494/3494 3491/3491/3491 3492/3492/3492
f 3492/3492/3492 3495/3495/3495 3496/3496/3496
f 3497/3497/3497 3495/3495/3495 3492/3492/3492
f 3497/3497/3497 3498/3498/3498 3499/3499/3499
f 3499/3499/3499 3498/3498/3498 3500/3500/3500
f 3501/3501/3501 3495/3495/3495 3500/3500/3500
f 3502/3502/3502 3495/3495/3495 3501/3501/3501
f 3504/3504/3504 3503/3503/3503 3496/3496/3496
f 3505/3505/3505 3503/3503/3503 3504/3504/3504
f 3506/3506/3506 3503/3503/3503 3507/3507/3507
f 3508/3508/3508 3503/3503/3503 3506/3506/3506
f 3510/3510/3510 3509/3509/3509 3507/3507/3507
f 3511/3511/3511 3509/3509/3509 3510/3510/3510
f 3504/3504/3504 3512/3512/3512 3513/3513/3513
f 3514/3514/3514 3512/3512/3512 3504/3504/3504
f 3516/3516/3516 3515/3515/3515 3507/3507/3507
f 3505/3505/3505 3515/3515/3515 3516/3516/3516
f 3501/3501/3501 3517/3517/3517 3518/3518/3518
f 3519/3519/3519 3517/3517/3517 3501/3501/3501
f 3521/3521/3521 3520/3520/3520 3501/3501/3501
f 3522/3522/3522 3520/3520/3520 3523/3523/3523
f 3524/3524/3524 3520/3520/3520 3522/3522/3522
f 3522/3522/3522 3525/3525/3525 3526/3526/3526
f 3527/3527/3527 3525/3525/3525 3522/3522/3522
f 3524/3524/3524 3525/3525/3525 3528/3528/3528
f 3528/3528/3528 3525/3525/3525 3529/3529/3529
f 3531/3531/3531 3530/3530/3530 3523/3523/3523
f 3521/3521/3521 3530/3530/3530 3531/3531/3531
f 3524/3524/3524 3532/3532/3532 3531/3531/3531
f 3531/3531/3531 3532/3532/3532 3533/3533/3533
f 3527/3527/3527 3534/3534/3534 3535/3535/3535
f 3535/3535/3535 3534/3534/3534 3536/3536/3536
f 3528/3528/3528 3534/3534/3534 3537/3537/3537
f 3538/3538/3538 3534/3534/3534 3528/3528/3528
f 3539/3539/3539 3530/3530/3530 3540/3540/3540
f 3541/3541/3541 3530/3530/3530 3539/3539/3539
f 3543/3543/3543 3542/3542/3542 3544/3544/3544
f 3545/3545/3545 3542/3542/3542 3543/3543/3543
f 3545/3545/3545 3546/3546/3546 3547/3547/3547
f 3547/3547/3547 3546/3546/3546 3548/3548/3548
f 3550/3550/3550 3549/3549/3549 3544/3544/3544
f 3551/3551/3551 3549/3549/3549 3550/3550/3550
f 3551/3551/3551 3542/3542/3542 3552/3552/3552
f 3552/3552/3552 3542/3542/3542 3553/3553/3553
f 3545/3545/3545 3554/3554/3554 3555/3555/3555
f 3555/3555/3555 3554/3554/3554 3556/3556/3556
f 3547/3547/3547 3557/3557/3557 3556/3556/3556
f 3558/3558/3558 3557/3557/3557 3547/3547/3547
f 3543/3543/3543 3559/3559/3559 3560/3560/3560
f 3561/3561/3561 3559/3559/3559 3543/3543/3543
f 3561/3561/3561 3549/3549/3549 3562/3562/3562
f 3562/3562/3562 3563/3563/3563 3564/3564/3564
f 3565/3565/3565 3563/3563/3563 3562/3562/3562
f 3567/3567/3567 3566/3566/3566 3564/3564/3564
f 3568/3568/3568 3566/3566/3566 3567/3567/3567
f 3569/3569/3569 3566/3566/3566 3570/3570/3570
f 3571/3571/3571 3566/3566/3566 3569/3569/3569
f 3573/3573/3573 3572/3572/3572 3570/3570/3570
f 3574/3574/3574 3572/3572/3572 3573/3573/3573
f 3575/3575/3575 3572/3572/3572 3576/3576/3576
f 3577/3577/3577 3572/3572/3572 3575/3575/3575
f 3575/3575/3575 3578/3578/3578 3579/3579/3579
f 3580/3580/3580 3578/3578/3578 3575/3575/3575
f 3573/3573/3573 3581/3581/3581 3579/3579/3579
f 3582/3582/3582 3581/3581/3581 3573/3573/3573
f 3580/3580/3580 3583/3583/3583 3584/3584/3584
f 3584/3584/3584 3583/3583/3583 3585/3585/3585
f 3584/3584/3584 3586/3586/3586 3579/3579/3579
f 3587/3587/3587 3586/3586/3586 3584/3584/3584
f 3588/3588/3588 3578/3578/3578 3585/3585/3585
f 3587/3587/3587 3578/3578/3578 3588/3588/3588
f 3590/3590/3590 3589/3589/3589 3585/3585/3585
f 3591/3591/3591 3589/3589/3589 3590/3590/3590
f 3591/3591/3591 3592/3592/3592 3593/3593/3593
f 3593/3593/3593 3592/3592/3592 3594/3594/3594
f 3596/3596/3596 3595/3595/3595 3594/3594/3594
f 3597/3597/3597 3595/3595/3595 3596/3596/3596
f 3582/3582/3582 3566/3566/3566 3598/3598/3598
f 3598/3598/3598 3566/3566/3566 3599/3599/3599
f 3567/3567/3567 3600/3600/3600 3599/3599/3599
f 3601/3601/3601 3600/3600/3600 3567/3567/3567
f 3602/3602/3602 3589/3589/3589 3603/3603/3603
f 3602/3602/3602 3604/3604/3604 3605/3605/3605
f 3606/3606/3606 3604/3604/3604 3602/3602/3602
f 3608/3608/3608 3607/3607/3607 3603/3603/3603
f 3609/3609/3609 3607/3607/3607 3608/3608/3608
f 3610/3610/3610 3589/3589/3589 3602/3602/3602
f 3610/3610/3610 3611/3611/3611 3612/3612/3612
f 3612/3612/3612 3611/3611/3611 3585/3585/3585
f 3614/3614/3614 3613/3613/3613 3615/3615/3615
f 3616/3616/3616 3613/3613/3613 3614/3614/3614
f 3616/3616/3616 3617/3617/3617 3618/3618/3618
f 3618/3618/3618 3617/3617/3617 3619/3619/3619
f 3620/3620/3620 3617/3617/3617 3621/3621/3621
f 3622/3622/3622 3617/3617/3617 3620/3620/3620
f 3616/3616/3616 3623/3623/3623 3624/3624/3624
f 3624/3624/3624 3623/3623/3623 3625/3625/3625
f 3616/3616/3616 3626/3626/3626 3627/3627/3627
f 3627/3627/3627 3626/3626/3626 3628/3628/3628
f 3629/3629/3629 3617/3617/3617 3628/3628/3628
f 3630/3630/3630 3617/3617/3617 3629/3629/3629
f 3620/3620/3620 3631/3631/3631 3632/3632/3632
f 3633/3633/3633 3631/3631/3631 3620/3620/3620
f 3634/3634/3634 3631/3631/3631 3635/3635/3635
f 3636/3636/3636 3631/3631/3631 3634/3634/3634
f 3638/3638/3638 3637/3637/3637 3635/3635/3635
f 3639/3639/3639 3637/3637/3637 3638/3638/3638
f 3641/3641/3641 3640/3640/3640 3642/3642/3642
f 3643/3643/3643 3640/3640/3640 3641/3641/3641
f 3641/3641/3641 3644/3644/3644 3645/3645/3645
f 3646/3646/3646 3644/3644/3644 3641/3641/3641
f 3648/3648/3648 3647/3647/3647 3645/3645/3645
f 3649/3649/3649 3647/3647/3647 3648/3648/3648
f 3646/3646/3646 3650/3650/3650 3648/3648/3648
f 3648/3648/3648 3650/3650/3650 3651/3651/3651
f 3652/3652/3652 3644/3644/3644 3651/3651/3651
f 3649/3649/3649 3644/3644/3644 3652/3652/3652
f 3643/3643/3643 3653/3653/3653 3654/3654/3654
f 3654/3654/3654 3653/3653/3653 3655/3655/3655
f 3654/3654/3654 3640/3640/3640 3656/3656/3656
f 3657/3657/3657 3640/3640/3640 3654/3654/3654
f 3659/3659/3659 3658/3658/3658 3660/3660/3660
f 3661/3661/3661 3658/3658/3658 3659/3659/3659
f 3661/3661/3661 3662/3662/3662 3663/3663/3663
f 3663/3663/3663 3662/3662/3662 3664/3664/3664
f 3666/3666/3666 3665/3665/3665 3664/3664/3664
f 3667/3667/3667 3665/3665/3665 3666/3666/3666
f 3668/3668/3668 3658/3658/3658 3669/3669/3669
f 3670/3670/3670 3658/3658/3658 3668/3668/3668
f 3668/3668/3668 3662/3662/3662 3671/3671/3671
f 3672/3672/3672 3662/3662/3662 3668/3668/3668
f 3674/3674/3674 3673/3673/3673 3671/3671/3671
f 3675/3675/3675 3673/3673/3673 3674/3674/3674
f 3675/3675/3675 3676/3676/3676 3677/3677/3677
f 3677/3677/3677 3676/3676/3676 3678/3678/3678
f 3679/3679/3679 3673/3673/3673 3678/3678/3678
f 3680/3680/3680 3673/3673/3673 3679/3679/3679
f 3672/3672/3672 3681/3681/3681 3682/3682/3682
f 3682/3682/3682 3681/3681/3681 3664/3664/3664
f 3679/3679/3679 3683/3683/3683 3684/3684/3684
f 3685/3685/3685 3683/3683/3683 3679/3679/3679
f 3687/3687/3687 3686/3686/3686 3688/3688/3688
f 3689/3689/3689 3686/3686/3686 3687/3687/3687
f 3687/3687/3687 3690/3690/3690 3691/3691/3691
f 3692/3692/3692 3690/3690/3690 3687/3687/3687
f 3692/3692/3692 3686/3686/3686 3693/3693/3693
f 3693/3693/3693 3686/3686/3686 3694/3694/3694
f 3696/3696/3696 3695/3695/3695 3691/3691/3691
f 3697/3697/3697 3695/3695/3695 3696/3696/3696
f 3692/3692/3692 3698/3698/3698 3696/3696/3696
f 3696/3696/3696 3698/3698/3698 3699/3699/3699
f 3700/3700/3700 3695/3695/3695 3701/3701/3701
f 3702/3702/3702 3695/3695/3695 3700/3700/3700
f 3693/3693/3693 3703/3703/3703 3704/3704/3704
f 3705/3705/3705 3703/3703/3703 3693/3693/3693
f 3706/3706/3706 3703/3703/3703 3707/3707/3707
f 3708/3708/3708 3703/3703/3703 3706/3706/3706
f 3710/3710/3710 3709/3709/3709 3696/3696/3696
f 3711/3711/3711 3709/3709/3709 3712/3712/3712
f 3713/3713/3713 3709/3709/3709 3711/3711/3711
f 3715/3715/3715 3714/3714/3714 3712/3712/3712
f 3716/3716/3716 3714/3714/3714 3715/3715/3715
f 3713/3713/3713 3714/3714/3714 3717/3717/3717
f 3717/3717/3717 3714/3714/3714 3718/3718/3718
f 3716/3716/3716 3719/3719/3719 3720/3720/3720
f 3720/3720/3720 3719/3719/3719 3721/3721/3721
f 3716/3716/3716 3722/3722/3722 3723/3723/3723
f 3723/3723/3723 3722/3722/3722 3724/3724/3724
f 3720/3720/3720 3725/3725/3725 3724/3724/3724
f 3726/3726/3726 3725/3725/3725 3720/3720/3720
f 3715/3715/3715 3727/3727/3727 3728/3728/3728
f 3729/3729/3729 3727/3727/3727 3715/3715/3715
f 3730/3730/3730 3727/3727/3727 3696/3696/3696
f 3732/3732/3732 3731/3731/3731 3696/3696/3696
f 3734/3734/3734 3733/3733/3733 3735/3735/3735
f 3736/3736/3736 3733/3733/3733 3734/3734/3734
f 3737/3737/3737 3733/3733/3733 3738/3738/3738
f 3739/3739/3739 3733/3733/3733 3737/3737/3737
f 3734/3734/3734 3740/3740/3740 3741/3741/3741
f 3742/3742/3742 3740/3740/3740 3734/3734/3734
f 3737/3737/3737 3743/3743/3743 3741/3741/3741
f 3744/3744/3744 3743/3743/3743 3737/3737/3737
f 3742/3742/3742 3745/3745/3745 3746/3746/3746
f 3746/3746/3746 3745/3745/3745 3747/3747/3747
f 3746/3746/3746 3748/3748/3748 3741/3741/3741
f 3749/3749/3749 3748/3748/3748 3746/3746/3746
f 3750/3750/3750 3740/3740/3740 3747/3747/3747
f 3749/3749/3749 3740/3740/3740 3750/3750/3750
f 3752/3752/3752 3751/3751/3751 3747/3747/3747
f 3753/3753/3753 3751/3751/3751 3752/3752/3752
f 3753/3753/3753 3754/3754/3754 3755/3755/3755
f 3755/3755/3755 3754/3754/3754 3756/3756/3756
f 3758/3758/3758 3757/3757/3757 3756/3756/3756
f 3759/3759/3759 3757/3757/3757 3758/3758/3758
f 3760/3760/3760 3754/3754/3754 3761/3761/3761
f 3762/3762/3762 3754/3754/3754 3760/3760/3760
f 3760/3760/3760 3751/3751/3751 3763/3763/3763
f 3764/3764/3764 3751/3751/3751 3760/3760/3760
f 3766/3766/3766 3765/3765/3765 3763/3763/3763
f 3767/3767/3767 3765/3765/3765 3766/3766/3766
f 3764/3764/3764 3768/3768/3768 3769/3769/3769
f 3769/3769/3769 3768/3768/3768 3747/3747/3747
f 3771/3771/3771 3770/3770/3770 3772/3772/3772
f 3773/3773/3773 3770/3770/3770 3771/3771/3771
f 3773/3773/3773 3774/3774/3774 3775/3775/3775
f 3775/3775/3775 3774/3774/3774 3776/3776/3776
f 3777/3777/3777 3774/3774/3774 3778/3778/3778
f 3779/3779/3779 3774/3774/3774 3777/3777/3777
f 3773/3773/3773 3780/3780/3780 3781/3781/3781
f 3781/3781/3781 3780/3780/3780 3782/3782/3782
f 3773/3773/3773 3783/3783/3783 3784/3784/3784
f 3784/3784/3784 3783/3783/3783 3785/3785/3785
f 3786/3786/3786 3774/3774/3774 3785/3785/3785
f 3787/3787/3787 3774/3774/3774 3786/3786/3786
f 3777/3777/3777 3788/3788/3788 3789/3789/3789
f 3790/3790/3790 3788/3788/3788 3777/3777/3777
f 3791/3791/3791 3788/3788/3788 3792/3792/3792
f 3793/3793/3793 3788/3788/3788 3791/3791/3791
f 3795/3795/3795 3794/3794/3794 3792/3792/3792
f 3796/3796/3796 3794/3794/3794 3795/3795/3795
f 3798/3798/3798 3797/3797/3797 3799/3799/3799
f 3800/3800/3800 3797/3797/3797 3798/3798/3798
f 3798/3798/3798 3801/3801/3801 3802/3802/3802
f 3803/3803/3803 3801/3801/3801 3798/3798/3798
f 3805/3805/3805 3804/3804/3804 3802/3802/3802
f 3806/3806/3806 3804/3804/3804 3805/3805/3805
f 3803/3803/3803 3807/3807/3807 3805/3805/3805
f 3805/3805/3805 3807/3807/3807 3808/3808/3808
f 3809/3809/3809 3801/3801/3801 3808/3808/3808
f 3810/3810/3810 3801/3801/3801 3809/3809/3809
f 3800/3800/3800 3811/3811/3811 3812/3812/3812
f 3812/3812/3812 3811/3811/3811 3813/3813/3813
f 3812/3812/3812 3797/3797/3797 3814/3814/3814
f 3815/3815/3815 3797/3797/3797 3812/3812/3812
f 3817/3817/3817 3816/3816/3816 3818/3818/3818
f 3819/3819/3819 3816/3816/3816 3817/3817/3817
f 3819/3819/3819 3820/3820/3820 3821/3821/3821
f 3821/3821/3821 3820/3820/3820 3822/3822/3822
f 3824/3824/3824 3823/3823/3823 3822/3822/3822
f 3825/3825/3825 3823/3823/3823 3824/3824/3824
f 3826/3826/3826 3820/3820/3820 3827/3827/3827
f 3828/3828/3828 3820/3820/3820 3826/3826/3826
f 3826/3826/3826 3829/3829/3829 3830/3830/3830
f 3831/3831/3831 3829/3829/3829 3826/3826/3826
f 3833/3833/3833 3832/3832/3832 3827/3827/3827
f 3834/3834/3834 3832/3832/3832 3833/3833/3833
f 3834/3834/3834 3835/3835/3835 3836/3836/3836
f 3836/3836/3836 3835/3835/3835 3837/3837/3837
f 3838/3838/3838 3832/3832/3832 3837/3837/3837
f 3839/3839/3839 3832/3832/3832 3838/3838/3838
f 3828/3828/3828 3840/3840/3840 3841/3841/3841
f 3841/3841/3841 3840/3840/3840 3822/3822/3822
f 3838/3838/3838 3842/3842/3842 3843/3843/3843
f 3844/3844/3844 3842/3842/3842 3838/3838/3838
f 3846/3846/3846 3845/3845/3845 3847/3847/3847
f 3848/3848/3848 3845/3845/3845 3846/3846/3846
f 3846/3846/3846 3849/3849/3849 3850/3850/3850
f 3851/3851/3851 3849/3849/3849 3846/3846/3846
f 3853/3853/3853 3852/3852/3852 3850/3850/3850
f 3854/3854/3854 3852/3852/3852 3853/3853/3853
f 3851/3851/3851 3855/3855/3855 3856/3856/3856
f 3856/3856/3856 3855/3855/3855 3857/3857/3857
f 3851/3851/3851 3858/3858/3858 3859/3859/3859
f 3859/3859/3859 3858/3858/3858 3860/3860/3860
f 3861/3861/3861 3852/3852/3852 3862/3862/3862
f 3863/3863/3863 3852/3852/3852 3861/3861/3861
f 3859/3859/3859 3864/3864/3864 3865/3865/3865
f 3866/3866/3866 3864/3864/3864 3859/3859/3859
f 3867/3867/3867 3864/3864/3864 3868/3868/3868
f 3869/3869/3869 3864/3864/3864 3867/3867/3867
f 3871/3871/3871 3870/3870/3870 3872/3872/3872
f 3873/3873/3873 3870/3870/3870 3871/3871/3871
f 3873/3873/3873 3874/3874/3874 3875/3875/3875
f 3875/3875/3875 3874/3874/3874 3876/3876/3876
f 3878/3878/3878 3877/3877/3877 3872/3872/3872
f 3879/3879/3879 3877/3877/3877 3878/3878/3878
f 3879/3879/3879 3870/3870/3870 3880/3880/3880
f 3880/3880/3880 3870/3870/3870 3881/3881/3881
f 3873/3873/3873 3882/3882/3882 3883/3883/3883
f 3883/3883/3883 3882/3882/3882 3884/3884/3884
f 3875/3875/3875 3885/3885/3885 3884/3884/3884
f 3886/3886/3886 3885/3885/3885 3875/3875/3875
f 3871/3871/3871 3887/3887/3887 3888/3888/3888
f 3889/3889/3889 3887/3887/3887 3871/3871/3871
f 3890/3890/3890 3887/3887/3887 3891/3891/3891
f 3893/3893/3893 3892/3892/3892 3891/3891/3891
f 3894/3894/3894 3892/3892/3892 3895/3895/3895
f 3897/3897/3897 3896/3896/3896 3895/3895/3895
f 3899/3899/3899 3898/3898/3898 3900/3900/3900
f 3901/3901/3901 3898/3898/3898 3899/3899/3899
f 3902/3902/3902 3898/3898/3898 3903/3903/3903
f 3904/3904/3904 3898/3898/3898 3902/3902/3902
f 3899/3899/3899 3905/3905/3905 3906/3906/3906
f 3907/3907/3907 3905/3905/3905 3899/3899/3899
f 3902/3902/3902 3908/3908/3908 3906/3906/3906
f 3909/3909/3909 3908/3908/3908 3902/3902/3902
f 3907/3907/3907 3910/3910/3910 3911/3911/3911
f 3911/3911/3911 3910/3910/3910 3912/3912/3912
f 3911/3911/3911 3913/3913/3913 3906/3906/3906
f 3914/3914/3914 3913/3913/3913 3911/3911/3911
f 3915/3915/3915 3905/3905/3905 3912/3912/3912
f 3914/3914/3914 3905/3905/3905 3915/3915/3915
f 3917/3917/3917 3916/3916/3916 3912/3912/3912
f 3918/3918/3918 3916/3916/3916 3917/3917/3917
f 3920/3920/3920 3919/3919/3919 3903/3903/3903
f 3921/3921/3921 3919/3919/3919 3920/3920/3920
f 3909/3909/3909 3919/3919/3919 3922/3922/3922
f 3922/3922/3922 3919/3919/3919 3923/3923/3923
f 3925/3925/3925 3924/3924/3924 3923/3923/3923
f 3926/3926/3926 3924/3924/3924 3925/3925/3925
f 3925/3925/3925 3919/3919/3919 3927/3927/3927
f 3928/3928/3928 3919/3919/3919 3925/3925/3925
f 3930/3930/3930 3929/3929/3929 3927/3927/3927
f 3931/3931/3931 3929/3929/3929 3930/3930/3930
f 3933/3933/3933 3932/3932/3932 3934/3934/3934
f 3935/3935/3935 3932/3932/3932 3933/3933/3933
f 3935/3935/3935 3936/3936/3936 3937/3937/3937
f 3937/3937/3937 3936/3936/3936 3938/3938/3938
f 3939/3939/3939 3936/3936/3936 3940/3940/3940
f 3941/3941/3941 3936/3936/3936 3939/3939/3939
f 3935/3935/3935 3942/3942/3942 3943/3943/3943
f 3943/3943/3943 3942/3942/3942 3944/3944/3944
f 3935/3935/3935 3945/3945/3945 3946/3946/3946
f 3946/3946/3946 3945/3945/3945 3947/3947/3947
f 3949/3949/3949 3948/3948/3948 3947/3947/3947
f 3950/3950/3950 3948/3948/3948 3949/3949/3949
f 3952/3952/3952 3951/3951/3951 3953/3953/3953
f 3954/3954/3954 3951/3951/3951 3952/3952/3952
f 3956/3956/3956 3955/3955/3955 3953/3953/3953
f 3957/3957/3957 3955/3955/3955 3956/3956/3956
f 3958/3958/3958 3951/3951/3951 3959/3959/3959
f 3960/3960/3960 3951/3951/3951 3958/3958/3958
f 3958/3958/3958 3916/3916/3916 3961/3961/3961
f 3962/3962/3962 3916/3916/3916 3958/3958/3958
f 3964/3964/3964 3963/3963/3963 3961/3961/3961
f 3965/3965/3965 3963/3963/3963 3964/3964/3964
f 3962/3962/3962 3966/3966/3966 3967/3967/3967
f 3967/3967/3967 3966/3966/3966 3912/3912/3912
f 3969/3969/3969 3968/3968/3968 3970/3970/3970
f 3971/3971/3971 3968/3968/3968 3969/3969/3969
f 3973/3973/3973 3972/3972/3972 3974/3974/3974
f 3975/3975/3975 3972/3972/3972 3973/3973/3973
f 3977/3977/3977 3976/3976/3976 3978/3978/3978
f 3979/3979/3979 3976/3976/3976 3977/3977/3977
f 3979/3979/3979 3980/3980/3980 3981/3981/3981
f 3981/3981/3981 3980/3980/3980 3982/3982/3982
f 3984/3984/3984 3983/3983/3983 3985/3985/3985
f 3986/3986/3986 3983/3983/3983 3984/3984/3984
f 3988/3988/3988 3987/3987/3987 3989/3989/3989
f 3990/3990/3990 3987/3987/3987 3988/3988/3988
f 3992/3992/3992 3991/3991/3991 3993/3993/3993
f 3994/3994/3994 3991/3991/3991 3992/3992/3992
f 3996/3996/3996 3995/3995/3995 3997/3997/3997
f 3998/3998/3998 3995/3995/3995 3996/3996/3996
f 4000/4000/4000 3999/3999/3999 3406/3406/3406
f 4001/4001/4001 3999/3999/3999 4000/4000/4000
f 4002/4002/4002 3999/3999/3999 4003/4003/4003
f 3412/3412/3412 3999/3999/3999 4002/4002/4002
f 4005/4005/4005 4004/4004/4004 4003/4003/4003
f 4006/4006/4006 4004/4004/4004 4005/4005/4005
f 4005/4005/4005 3999/3999/3999 4007/4007/4007
f 4008/4008/4008 3999/3999/3999 4005/4005/4005
f 4010/4010/4010 4009/4009/4009 4007/4007/4007
f 4011/4011/4011 4009/4009/4009 4010/4010/4010
f 4012/4012/4012 3359/3359/3359 4010/4010/4010
f 4014/4014/4014 4013/4013/4013 4010/4010/4010
f 4015/4015/4015 4013/4013/4013 4016/4016/4016
f 4015/4015/4015 4017/4017/4017 4018/4018/4018
f 4018/4018/4018 4017/4017/4017 4019/4019/4019
f 4021/4021/4021 4020/4020/4020 4022/4022/4022
f 4023/4023/4023 4020/4020/4020 4021/4021/4021
f 4025/4025/4025 4024/4024/4024 4026/4026/4026
f 4027/4027/4027 4024/4024/4024 4025/4025/4025
f 4029/4029/4029 4028/4028/4028 4030/4030/4030
f 4031/4031/4031 4028/4028/4028 4029/4029/4029
f 4031/4031/4031 4032/4032/4032 4033/4033/4033
f 4033/4033/4033 4032/4032/4032 3594/3594/3594
f 4035/4035/4035 4034/4034/4034 4036/4036/4036
f 4037/4037/4037 4034/4034/4034 4035/4035/4035
f 4039/4039/4039 4038/4038/4038 4040/4040/4040
f 4041/4041/4041 4038/4038/4038 4039/4039/4039
f 4043/4043/4043 4042/4042/4042 4044/4044/4044
f 4045/4045/4045 4042/4042/4042 4043/4043/4043
f 4047/4047/4047 4046/4046/4046 4048/4048/4048
f 4049/4049/4049 4046/4046/4046 4047/4047/4047
f 4049/4049/4049 4050/4050/4050 4051/4051/4051
f 4051/4051/4051 4050/4050/4050 4052/4052/4052
f 4054/4054/4054 4053/4053/4053 4055/4055/4055
f 4056/4056/4056 4053/4053/4053 4054/4054/4054
f 4058/4058/4058 4057/4057/4057 3738/3738/3738
f 4059/4059/4059 4057/4057/4057 4058/4058/4058
f 4060/4060/4060 4057/4057/4057 4061/4061/4061
f 3744/3744/3744 4057/4057/4057 4060/4060/4060
f 4063/4063/4063 4062/4062/4062 4061/4061/4061
f 4064/4064/4064 4062/4062/4062 4063/4063/4063
f 4063/4063/4063 4057/4057/4057 4065/4065/4065
f 4066/4066/4066 4057/4057/4057 4063/4063/4063
f 4068/4068/4068 4067/4067/4067 4065/4065/4065
f 4069/4069/4069 4067/4067/4067 4068/4068/4068
f 4071/4071/4071 4070/4070/4070 4072/4072/4072
f 4073/4073/4073 4070/4070/4070 4071/4071/4071
f 4075/4075/4075 4074/4074/4074 4076/4076/4076
f 4077/4077/4077 4074/4074/4074 4075/4075/4075
f 4079/4079/4079 4078/4078/4078 4080/4080/4080
f 4081/4081/4081 4078/4078/4078 4079/4079/4079
f 4083/4083/4083 4082/4082/4082 4084/4084/4084
f 4085/4085/4085 4082/4082/4082 4083/4083/4083
f 4086/4086/4086 4082/4082/4082 4087/4087/4087
f 4088/4088/4088 4082/4082/4082 4086/4086/4086
f 4090/4090/4090 4089/4089/4089 4091/4091/4091
f 4092/4092/4092 4089/4089/4089 4090/4090/4090
f 4093/4093/4093 3077/3077/3077 4094/4094/4094
f 4095/4095/4095 3077/3077/3077 4093/4093/4093
f 4097/4097/4097 4096/4096/4096 4098/4098/4098
f 4099/4099/4099 4096/4096/4096 4097/4097/4097
f 4101/4101/4101 4100/4100/4100 4102/4102/4102
f 4103/4103/4103 4100/4100/4100 4101/4101/4101
f 4105/4105/4105 4104/4104/4104 4106/4106/4106
f 4107/4107/4107 4104/4104/4104 4105/4105/4105
f 4107/4107/4107 4108/4108/4108 4109/4109/4109
f 4109/4109/4109 4108/4108/4108 4110/4110/4110
f 4112/4112/4112 4111/4111/4111 4113/4113/4113
f 4114/4114/4114 4111/4111/4111 4112/4112/4112
f 4115/4115/4115 4111/4111/4111 4116/4116/4116
f 4117/4117/4117 4111/4111/4111 4115/4115/4115
f 4119/4119/4119 4118/4118/4118 4113/4113/4113
f 4120/4120/4120 4118/4118/4118 4119/4119/4119
f 4122/4122/4122 4121/4121/4121 4123/4123/4123
f 4124/4124/4124 4121/4121/4121 4122/4122/4122
f 4126/4126/4126 4125/4125/4125 3022/3022/3022
f 4127/4127/4127 4125/4125/4125 4126/4126/4126
f 4129/4129/4129 4128/4128/4128 3025/3025/3025
f 3023/3023/3023 4128/4128/4128 4129/4129/4129
f 4131/4131/4131 4130/4130/4130 4132/4132/4132
f 4133/4133/4133 4130/4130/4130 4131/4131/4131
f 4135/4135/4135 4134/4134/4134 4136/4136/4136
f 4137/4137/4137 4134/4134/4134 4135/4135/4135
f 4139/4139/4139 4138/4138/4138 4140/4140/4140
f 4141/4141/4141 4138/4138/4138 4139/4139/4139
f 4143/4143/4143 4142/4142/4142 4144/4144/4144
f 4145/4145/4145 4142/4142/4142 4143/4143/4143
f 4147/4147/4147 4146/4146/4146 4148/4148/4148
f 4149/4149/4149 4146/4146/4146 4147/4147/4147
f 4151/4151/4151 4150/4150/4150 4152/4152/4152
f 4153/4153/4153 4150/4150/4150 4151/4151/4151
f 4155/4155/4155 4154/4154/4154 4156/4156/4156
f 4157/4157/4157 4154/4154/4154 4155/4155/4155
f 4159/4159/4159 4158/4158/4158 4160/4160/4160
f 4161/4161/4161 4158/4158/4158 4159/4159/4159
f 4163/4163/4163 4162/4162/4162 4164/4164/4164
f 4165/4165/4165 4162/4162/4162 4163/4163/4163
f 4167/4167/4167 4166/4166/4166 4168/4168/4168
f 4169/4169/4169 4166/4166/4166 4167/4167/4167
f 4171/4171/4171 4170/4170/4170 4172/4172/4172
f 4173/4173/4173 4170/4170/4170 4171/4171/4171
f 4175/4175/4175 4174/4174/4174 4176/4176/4176
f 4177/4177/4177 4174/4174/4174 4175/4175/4175
f 4179/4179/4179 4178/4178/4178 4180/4180/4180
f 4181/4181/4181 4178/4178/4178 4179/4179/4179
f 4183/4183/4183 4182/4182/4182 4184/4184/4184
f 4185/4185/4185 4182/4182/4182 4183/4183/4183
f 4187/4187/4187 4186/4186/4186 4188/4188/4188
f 4189/4189/4189 4186/4186/4186 4187/4187/4187
f 4189/4189/4189 4190/4190/4190 4186/4186/4186
f 4186/4186/4186 4190/4190/4190 4191/4191/4191
f 4192/4192/4192 4191/4191/4191 4190/4190/4190
f 4193/4193/4193 4191/4191/4191 4192/4192/4192
f 4192/4192/4192 4194/4194/4194 4193/4193/4193
f 4195/4195/4195 4194/4194/4194 4192/4192/4192
f 4196/4196/4196 4189/4189/4189 4187/4187/4187
f 4197/4197/4197 4189/4189/4189 4196/4196/4196
f 4198/4198/4198 4189/4189/4189 4197/4197/4197
f 4190/4190/4190 4189/4189/4189 4198/4198/4198
f 4199/4199/4199 4190/4190/4190 4198/4198/4198
f 4192/4192/4192 4190/4190/4190 4199/4199/4199
f 4199/4199/4199 4195/4195/4195 4192/4192/4192
f 4200/4200/4200 4195/4195/4195 4199/4199/4199
f 4196/4196/4196 4201/4201/4201 4197/4197/4197
f 4197/4197/4197 4201/4201/4201 4202/4202/4202
f 4203/4203/4203 4197/4197/4197 4202/4202/4202
f 4198/4198/4198 4197/4197/4197 4203/4203/4203
f 4204/4204/4204 4198/4198/4198 4203/4203/4203
f 4199/4199/4199 4198/4198/4198 4204/4204/4204
f 4204/4204/4204 4200/4200/4200 4199/4199/4199
f 4205/4205/4205 4200/4200/4200 4204/4204/4204
f 4201/4201/4201 4206/4206/4206 4202/4202/4202
f 4202/4202/4202 4206/4206/4206 4207/4207/4207
f 4208/4208/4208 4202/4202/4202 4207/4207/4207
f 4203/4203/4203 4202/4202/4202 4208/4208/4208
f 4209/4209/4209 4203/4203/4203 4208/4208/4208
f 4204/4204/4204 4203/4203/4203 4209/4209/4209
f 4209/4209/4209 4205/4205/4205 4204/4204/4204
f 4210/4210/4210 4205/4205/4205 4209/4209/4209
f 4206/4206/4206 4211/4211/4211 4207/4207/4207
f 4207/4207/4207 4211/4211/4211 4212/4212/4212
f 4213/4213/4213 4207/4207/4207 4212/4212/4212
f 4208/4208/4208 4207/4207/4207 4213/4213/4213
f 4214/4214/4214 4208/4208/4208 4213/4213/4213
f 4209/4209/4209 4208/4208/4208 4214/4214/4214
f 4214/4214/4214 4210/4210/4210 4209/4209/4209
f 4215/4215/4215 4210/4210/4210 4214/4214/4214
f 4211/4211/4211 4216/4216/4216 4212/4212/4212
f 4212/4212/4212 4216/4216/4216 4217/4217/4217
f 4218/4218/4218 4212/4212/4212 4217/4217/4217
f 4213/4213/4213 4212/4212/4212 4218/4218/4218
f 4219/4219/4219 4213/4213/4213 4218/4218/4218
f 4214/4214/4214 4213/4213/4213 4219/4219/4219
f 4219/4219/4219 4215/4215/4215 4214/4214/4214
f 4220/4220/4220 4215/4215/4215 4219/4219/4219
f 4216/4216/4216 4221/4221/4221 4217/4217/4217
f 4217/4217/4217 4221/4221/4221 4222/4222/4222
f 4223/4223/4223 4217/4217/4217 4222/4222/4222
f 4218/4218/4218 4217/4217/4217 4223/4223/4223
f 4224/4224/4224 4218/4218/4218 4223/4223/4223
f 4219/4219/4219 4218/4218/4218 4224/4224/4224
f 4224/4224/4224 4220/4220/4220 4219/4219/4219
f 4225/4225/4225 4220/4220/4220 4224/4224/4224
f 4221/4221/4221 4226/4226/4226 4222/4222/4222
f 4222/4222/4222 4226/4226/4226 4227/4227/4227
f 4228/4228/4228 4222/4222/4222 4227/4227/4227
f 4223/4223/4223 4222/4222/4222 4228/4228/4228
f 4229/4229/4229 4223/4223/4223 4228/4228/4228
f 4224/4224/4224 4223/4223/4223 4229/4229/4229
f 4229/4229/4229 4225/4225/4225 4224/4224/4224
f 4230/4230/4230 4225/4225/4225 4229/4229/4229
f 4226/4226/4226 4231/4231/4231 4227/4227/4227
f 4227/4227/4227 4231/4231/4231 4232/4232/4232
f 4233/4233/4233 4227/4227/4227 4232/4232/4232
f 4228/4228/4228 4227/4227/4227 4233/4233/4233
f 4234/4234/4234 4228/4228/4228 4233/4233/4233
f 4229/4229/4229 4228/4228/4228 4234/4234/4234
f 4234/4234/4234 4230/4230/4230 4229/4229/4229
f 4235/4235/4235 4230/4230/4230 4234/4234/4234
f 4237/4237/4237 4236/4236/4236 4238/4238/4238
f 4239/4239/4239 4236/4236/4236 4237/4237/4237
f 4240/4240/4240 4237/4237/4237 4238/4238/4238
f 4241/4241/4241 4237/4237/4237 4240/4240/4240
f 4242/4242/4242 4241/4241/4241 4240/4240/4240
f 4243/4243/4243 4241/4241/4241 4242/4242/4242
f 4242/4242/4242 4244/4244/4244 4243/4243/4243
f 4245/4245/4245 4244/4244/4244 4242/4242/4242
f 4236/4236/4236 4246/4246/4246 4238/4238/4238
f 4238/4238/4238 4246/4246/4246 4247/4247/4247
f 4248/4248/4248 4238/4238/4238 4247/4247/4247
f 4240/4240/4240 4238/4238/4238 4248/4248/4248
f 4249/4249/4249 4240/4240/4240 4248/4248/4248
f 4242/4242/4242 4240/4240/4240 4249/4249/4249
f 4249/4249/4249 4245/4245/4245 4242/4242/4242
f 4250/4250/4250 4245/4245/4245 4249/4249/4249
f 4246/4246/4246 4251/4251/4251 4247/4247/4247
f 4247/4247/4247 4251/4251/4251 4252/4252/4252
f 4253/4253/4253 4247/4247/4247 4252/4252/4252
f 4248/4248/4248 4247/4247/4247 4253/4253/4253
f 4254/4254/4254 4248/4248/4248 4253/4253/4253
f 4249/4249/4249 4248/4248/4248 4254/4254/4254
f 4254/4254/4254 4250/4250/4250 4249/4249/4249
f 4255/4255/4255 4250/4250/4250 4254/4254/4254
f 4251/4251/4251 4256/4256/4256 4252/4252/4252
f 4252/4252/4252 4256/4256/4256 4257/4257/4257
f 4258/4258/4258 4252/4252/4252 4257/4257/4257
f 4253/4253/4253 4252/4252/4252 4258/4258/4258
f 4259/4259/4259 4253/4253/4253 4258/4258/4258
f 4254/4254/4254 4253/4253/4253 4259/4259/4259
f 4259/4259/4259 4255/4255/4255 4254/4254/4254
f 4260/4260/4260 4255/4255/4255 4259/4259/4259
f 4256/4256/4256 4261/4261/4261 4257/4257/4257
f 4257/4257/4257 4261/4261/4261 4262/4262/4262
f 4263/4263/4263 4257/4257/4257 4262/4262/4262
f 4258/4258/4258 4257/4257/4257 4263/4263/4263
f 4264/4264/4264 4258/4258/4258 4263/4263/4263
f 4259/4259/4259 4258/4258/4258 4264/4264/4264
f 4264/4264/4264 4260/4260/4260 4259/4259/4259
f 4265/4265/4265 4260/4260/4260 4264/4264/4264
f 4261/4261/4261 4266/4266/4266 4262/4262/4262
f 4262/4262/4262 4266/4266/4266 4267/4267/4267
f 4268/4268/4268 4262/4262/4262 4267/4267/4267
f 4263/4263/4263 4262/4262/4262 4268/4268/4268
f 4269/4269/4269 4263/4263/4263 4268/4268/4268
f 4264/4264/4264 4263/4263/4263 4269/4269/4269
f 4269/4269/4269 4265/4265/4265 4264/4264/4264
f 4270/4270/4270 4265/4265/4265 4269/4269/4269
f 4266/4266/4266 4271/4271/4271 4267/4267/4267
f 4267/4267/4267 4271/4271/4271 4272/4272/4272
f 4273/4273/4273 4267/4267/4267 4272/4272/4272
f 4268/4268/4268 4267/4267/4267 4273/4273/4273
f 4274/4274/4274 4268/4268/4268 4273/4273/4273
f 4269/4269/4269 4268/4268/4268 4274/4274/4274
f 4274/4274/4274 4270/4270/4270 4269/4269/4269
f 4275/4275/4275 4270/4270/4270 4274/4274/4274
f 4271/4271/4271 4276/4276/4276 4272/4272/4272
f 4272/4272/4272 4276/4276/4276 4277/4277/4277
f 4278/4278/4278 4272/4272/4272 4277/4277/4277
f 4273/4273/4273 4272/4272/4272 4278/4278/4278
f 4279/4279/4279 4273/4273/4273 4278/4278/4278
f 4274/4274/4274 4273/4273/4273 4279/4279/4279
f 4279/4279/4279 4275/4275/4275 4274/4274/4274
f 4280/4280/4280 4275/4275/4275 4279/4279/4279
f 4276/4276/4276 4281/4281/4281 4277/4277/4277
f 4277/4277/4277 4281/4281/4281 4282/4282/4282
f 4283/4283/4283 4277/4277/4277 4282/4282/4282
f 4278/4278/4278 4277/4277/4277 4283/4283/4283
f 4284/4284/4284 4278/4278/4278 4283/4283/4283
f 4279/4279/4279 4278/4278/4278 4284/4284/4284
f 4284/4284/4284 4280/4280/4280 4279/4279/4279
f 4285/4285/4285 4280/4280/4280 4284/4284/4284
f 4281/4281/4281 4286/4286/4286 4282/4282/4282
f 4282/4282/4282 4286/4286/4286 4287/4287/4287
f 4288/4288/4288 4282/4282/4282 4287/4287/4287
f 4283/4283/4283 4282/4282/4282 4288/4288/4288
f 4289/4289/4289 4283/4283/4283 4288/4288/4288
f 4284/4284/4284 4283/4283/4283 4289/4289/4289
f 4289/4289/4289 4285/4285/4285 4284/4284/4284
f 4290/4290/4290 4285/4285/4285 4289/4289/4289
f 4286/4286/4286 4291/4291/4291 4287/4287/4287
f 4287/4287/4287 4291/4291/4291 4292/4292/4292
f 4293/4293/4293 4287/4287/4287 4292/4292/4292
f 4288/4288/4288 4287/4287/4287 4293/4293/4293
f 4294/4294/4294 4288/4288/4288 4293/4293/4293
f 4289/4289/4289 4288/4288/4288 4294/4294/4294
f 4294/4294/4294 4290/4290/4290 4289/4289/4289
f 4295/4295/4295 4290/4290/4290 4294/4294/4294
f 4291/4291/4291 4296/4296/4296 4292/4292/4292
f 4292/4292/4292 4296/4296/4296 4297/4297/4297
f 4298/4298/4298 4292/4292/4292 4297/4297/4297
f 4293/4293/4293 4292/4292/4292 4298/4298/4298
f 4299/4299/4299 4293/4293/4293 4298/4298/4298
f 4294/4294/4294 4293/4293/4293 4299/4299/4299
f 4299/4299/4299 4295/4295/4295 4294/4294/4294
f 4300/4300/4300 4295/4295/4295 4299/4299/4299
f 4296/4296/4296 4301/4301/4301 4297/4297/4297
f 4297/4297/4297 4301/4301/4301 4302/4302/4302
f 4303/4303/4303 4297/4297/4297 4302/4302/4302
f 4298/4298/4298 4297/4297/4297 4303/4303/4303
f 4304/4304/4304 4298/4298/4298 4303/4303/4303
f 4299/4299/4299 4298/4298/4298 4304/4304/4304
f 4304/4304/4304 4300/4300/4300 4299/4299/4299
f 4305/4305/4305 4300/4300/4300 4304/4304/4304
f 4301/4301/4301 4306/4306/4306 4302/4302/4302
f 4302/4302/4302 4306/4306/4306 4307/4307/4307
f 4308/4308/4308 4302/4302/4302 4307/4307/4307
f 4303/4303/4303 4302/4302/4302 4308/4308/4308
f 4309/4309/4309 4303/4303/4303 4308/4308/4308
f 4304/4304/4304 4303/4303/4303 4309/4309/4309
f 4309/4309/4309 4305/4305/4305 4304/4304/4304
f 4310/4310/4310 4305/4305/4305 4309/4309/4309
f 4193/4193/4193 4310/4310/4310 4309/4309/4309
f 4308/4308/4308 4193/4193/4193 4309/4309/4309
f 4194/4194/4194 4310/4310/4310 4193/4193/4193
f 4191/4191/4191 4193/4193/4193 4308/4308/4308
f 4307/4307/4307 4191/4191/4191 4308/4308/4308
f 4186/4186/4186 4191/4191/4191 4307/4307/4307
f 4307/4307/4307 4188/4188/4188 4186/4186/4186
f 4306/4306/4306 4188/4188/4188 4307/4307/4307
f 4312/4312/4312 4311/4311/4311 4313/4313/4313
f 4314/4314/4314 4311/4311/4311 4312/4312/4312
f 4316/4316/4316 4315/4315/4315 4317/4317/4317
f 4315/4315/4315 4318/4318/4318 4317/4317/4317
f 4318/4318/4318 4319/4319/4319 4317/4317/4317
f 4317/4317/4317 4319/4319/4319 4320/4320/4320
f 4319/4319/4319 4321/4321/4321 4320/4320/4320
f 4321/4321/4321 4322/4322/4322 4320/4320/4320
f 4322/4322/4322 4323/4323/4323 4320/4320/4320
f 4323/4323/4323 4324/4324/4324 4320/4320/4320
f 4320/4320/4320 4324/4324/4324 4325/4325/4325
f 4324/4324/4324 4326/4326/4326 4325/4325/4325
f 4326/4326/4326 4327/4327/4327 4325/4325/4325
f 4327/4327/4327 4328/4328/4328 4325/4325/4325
f 4328/4328/4328 4329/4329/4329 4325/4325/4325
f 4325/4325/4325 4329/4329/4329 4330/4330/4330
f 4329/4329/4329 4331/4331/4331 4330/4330/4330
f 4331/4331/4331 4332/4332/4332 4330/4330/4330
f 4332/4332/4332 4333/4333/4333 4330/4330/4330
f 4333/4333/4333 4334/4334/4334 4330/4330/4330
f 4330/4330/4330 4334/4334/4334 4317/4317/4317
f 4334/4334/4334 4316/4316/4316 4317/4317/4317
f 4336/4336/4336 4335/4335/4335 4337/4337/4337
f 4338/4338/4338 4335/4335/4335 4336/4336/4336
f 4339/4339/4339 4335/4335/4335 4338/4338/4338
f 4340/4340/4340 4335/4335/4335 4339/4339/4339
f 4341/4341/4341 4335/4335/4335 4340/4340/4340
f 4342/4342/4342 4335/4335/4335 4341/4341/4341
f 4343/4343/4343 4335/4335/4335 4342/4342/4342
f 4344/4344/4344 4335/4335/4335 4343/4343/4343
f 4345/4345/4345 4335/4335/4335 4344/4344/4344
f 4346/4346/4346 4335/4335/4335 4345/4345/4345
f 4347/4347/4347 4335/4335/4335 4346/4346/4346
f 4348/4348/4348 4335/4335/4335 4347/4347/4347
f 4349/4349/4349 4335/4335/4335 4348/4348/4348
f 4350/4350/4350 4335/4335/4335 4349/4349/4349
f 4351/4351/4351 4335/4335/4335 4350/4350/4350
f 4337/4337/4337 4335/4335/4335 4351/4351/4351
f 4351/4351/4351 4352/4352/4352 4337/4337/4337
f 4353/4353/4353 4352/4352/4352 4351/4351/4351
f 4350/4350/4350 4353/4353/4353 4351/4351/4351
f 4354/4354/4354 4353/4353/4353 4350/4350/4350
f 4349/4349/4349 4354/4354/4354 4350/4350/4350
f 4355/4355/4355 4354/4354/4354 4349/4349/4349
f 4348/4348/4348 4355/4355/4355 4349/4349/4349
f 4356/4356/4356 4355/4355/4355 4348/4348/4348
f 4347/4347/4347 4356/4356/4356 4348/4348/4348
f 4357/4357/4357 4356/4356/4356 4347/4347/4347
f 4346/4346/4346 4357/4357/4357 4347/4347/4347
f 4358/4358/4358 4357/4357/4357 4346/4346/4346
f 4345/4345/4345 4358/4358/4358 4346/4346/4346
f 4359/4359/4359 4358/4358/4358 4345/4345/4345
f 4344/4344/4344 4359/4359/4359 4345/4345/4345
f 4360/4360/4360 4359/4359/4359 4344/4344/4344
f 4343/4343/4343 4360/4360/4360 4344/4344/4344
f 4361/4361/4361 4360/4360/4360 4343/4343/4343
f 4342/4342/4342 4361/4361/4361 4343/4343/4343
f 4362/4362/4362 4361/4361/4361 4342/4342/4342
f 4341/4341/4341 4362/4362/4362 4342/4342/4342
f 4363/4363/4363 4362/4362/4362 4341/4341/4341
f 4340/4340/4340 4363/4363/4363 4341/4341/4341
f 4364/4364/4364 4363/4363/4363 4340/4340/4340
f 4339/4339/4339 4364/4364/4364 4340/4340/4340
f 4365/4365/4365 4364/4364/4364 4339/4339/4339
f 4338/4338/4338 4365/4365/4365 4339/4339/4339
f 4366/4366/4366 4365/4365/4365 4338/4338/4338
f 4336/4336/4336 4366/4366/4366 4338/4338/4338
f 4367/4367/4367 4366/4366/4366 4336/4336/4336
f 4337/4337/4337 4367/4367/4367 4336/4336/4336
f 4352/4352/4352 4367/4367/4367 4337/4337/4337
f 4369/4369/4369 4368/4368/4368 4370/4370/4370
f 4371/4371/4371 4368/4368/4368 4369/4369/4369
f 4373/4373/4373 4372/4372/4372 4370/4370/4370
f 4374/4374/4374 4372/4372/4372 4373/4373/4373
f 4373/4373/4373 4375/4375/4375 4376/4376/4376
f 4377/4377/4377 4375/4375/4375 4373/4373/4373
f 4371/4371/4371 4378/4378/4378 4379/4379/4379
f 4379/4379/4379 4378/4378/4378 4380/4380/4380
f 4381/4381/4381 4375/4375/4375 4382/4382/4382
f 4383/4383/4383 4375/4375/4375 4381/4381/4381
f 4385/4385/4385 4384/4384/4384 4386/4386/4386
f 4387/4387/4387 4384/4384/4384 4385/4385/4385
f 4385/4385/4385 4388/4388/4388 4389/4389/4389
f 4390/4390/4390 4388/4388/4388 4385/4385/4385
f 4392/4392/4392 4391/4391/4391 4389/4389/4389
f 4393/4393/4393 4391/4391/4391 4392/4392/4392
f 4394/4394/4394 4384/4384/4384 4395/4395/4395
f 4396/4396/4396 4384/4384/4384 4394/4394/4394
f 4397/4397/4397 4391/4391/4391 4398/4398/4398
f 4399/4399/4399 4391/4391/4391 4397/4397/4397
f 4401/4401/4401 4400/4400/4400 4402/4402/4402
f 4403/4403/4403 4400/4400/4400 4401/4401/4401
f 4404/4404/4404 4400/4400/4400 4405/4405/4405
f 4406/4406/4406 4400/4400/4400 4404/4404/4404
f 4408/4408/4408 4407/4407/4407 4409/4409/4409
f 4410/4410/4410 4407/4407/4407 4408/4408/4408
f 4411/4411/4411 4407/4407/4407 4412/4412/4412
f 4413/4413/4413 4407/4407/4407 4411/4411/4411
f 4415/4415/4415 4414/4414/4414 4416/4416/4416
f 4417/4417/4417 4414/4414/4414 4415/4415/4415
f 4418/4418/4418 4414/4414/4414 4419/4419/4419
f 4420/4420/4420 4414/4414/4414 4418/4418/4418
f 4422/4422/4422 4421/4421/4421 4423/4423/4423
f 4424/4424/4424 4421/4421/4421 4422/4422/4422
f 4425/4425/4425 4421/4421/4421 4426/4426/4426
f 4427/4427/4427 4421/4421/4421 4425/4425/4425
f 4429/4429/4429 4428/4428/4428 4430/4430/4430
f 4431/4431/4431 4428/4428/4428 4429/4429/4429
f 4432/4432/4432 4428/4428/4428 4433/4433/4433
f 4434/4434/4434 4428/4428/4428 4432/4432/4432
f 4436/4436/4436 4435/4435/4435 4437/4437/4437
f 4438/4438/4438 4435/4435/4435 4436/4436/4436
f 4439/4439/4439 4435/4435/4435 4440/4440/4440
f 4441/4441/4441 4435/4435/4435 4439/4439/4439
f 4443/4443/4443 4442/4442/4442 4444/4444/4444
f 4445/4445/4445 4442/4442/4442 4443/4443/4443
f 4446/4446/4446 4442/4442/4442 4447/4447/4447
f 4448/4448/4448 4442/4442/4442 4446/4446/4446
f 4450/4450/4450 4449/4449/4449 4451/4451/4451
f 4452/4452/4452 4449/4449/4449 4450/4450/4450
f 4453/4453/4453 4449/4449/4449 4454/4454/4454
f 4455/4455/4455 4449/4449/4449 4453/4453/4453
f 4457/4457/4457 4456/4456/4456 4458/4458/4458
f 4459/4459/4459 4456/4456/4456 4457/4457/4457
f 4460/4460/4460 4456/4456/4456 4461/4461/4461
f 4462/4462/4462 4456/4456/4456 4460/4460/4460
f 4464/4464/4464 4463/4463/4463 4465/4465/4465
f 4466/4466/4466 4463/4463/4463 4464/4464/4464
f 4467/4467/4467 4463/4463/4463 4468/4468/4468
f 4469/4469/4469 4463/4463/4463 4467/4467/4467
f 4471/4471/4471 4470/4470/4470 4472/4472/4472
f 4473/4473/4473 4470/4470/4470 4471/4471/4471
f 4474/4474/4474 4470/4470/4470 4475/4475/4475
f 4476/4476/4476 4470/4470/4470 4474/4474/4474
f 4478/4478/4478 4477/4477/4477 4479/4479/4479
f 4480/4480/4480 4477/4477/4477 4478/4478/4478
f 4481/4481/4481 4477/4477/4477 4482/4482/4482
f 4483/4483/4483 4477/4477/4477 4481/4481/4481
f 4485/4485/4485 4484/4484/4484 4486/4486/4486
f 4487/4487/4487 4484/4484/4484 4485/4485/4485
f 4486/4486/4486 4484/4484/4484 4488/4488/4488
f 4488/4488/4488 4484/4484/4484 4489/4489/4489
f 4489/4489/4489 4490/4490/4490 4488/4488/4488
f 4491/4491/4491 4490/4490/4490 4489/4489/4489
f 4491/4491/4491 4492/4492/4492 4490/4490/4490
f 4493/4493/4493 4492/4492/4492 4491/4491/4491
f 4493/4493/4493 4494/4494/4494 4492/4492/4492
f 4495/4495/4495 4494/4494/4494 4493/4493/4493
f 4495/4495/4495 4496/4496/4496 4494/4494/4494
f 4497/4497/4497 4496/4496/4496 4495/4495/4495
f 4497/4497/4497 4498/4498/4498 4496/4496/4496
f 4499/4499/4499 4498/4498/4498 4497/4497/4497
f 4499/4499/4499 4500/4500/4500 4498/4498/4498
f 4501/4501/4501 4500/4500/4500 4499/4499/4499
f 4501/4501/4501 4502/4502/4502 4500/4500/4500
f 4503/4503/4503 4502/4502/4502 4501/4501/4501
f 4503/4503/4503 4504/4504/4504 4502/4502/4502
f 4505/4505/4505 4504/4504/4504 4503/4503/4503
f 4505/4505/4505 4506/4506/4506 4504/4504/4504
f 4507/4507/4507 4506/4506/4506 4505/4505/4505
f 4507/4507/4507 4508/4508/4508 4506/4506/4506
f 4509/4509/4509 4508/4508/4508 4507/4507/4507
f 4509/4509/4509 4510/4510/4510 4508/4508/4508
f 4511/4511/4511 4510/4510/4510 4509/4509/4509
f 4511/4511/4511 4512/4512/4512 4510/4510/4510
f 4513/4513/4513 4512/4512/4512 4511/4511/4511
f 4513/4513/4513 4514/4514/4514 4512/4512/4512
f 4515/4515/4515 4514/4514/4514 4513/4513/4513
f 4515/4515/4515 4516/4516/4516 4514/4514/4514
f 4517/4517/4517 4516/4516/4516 4515/4515/4515
f 4517/4517/4517 4518/4518/4518 4516/4516/4516
f 4519/4519/4519 4518/4518/4518 4517/4517/4517
f 4519/4519/4519 4520/4520/4520 4518/4518/4518
f 4521/4521/4521 4520/4520/4520 4519/4519/4519
f 4521/4521/4521 4522/4522/4522 4520/4520/4520
f 4523/4523/4523 4522/4522/4522 4521/4521/4521
f 4523/4523/4523 4524/4524/4524 4522/4522/4522
f 4525/4525/4525 4524/4524/4524 4523/4523/4523
f 4525/4525/4525 4526/4526/4526 4524/4524/4524
f 4527/4527/4527 4526/4526/4526 4525/4525/4525
f 4527/4527/4527 4528/4528/4528 4526/4526/4526
f 4529/4529/4529 4528/4528/4528 4527/4527/4527
f 4529/4529/4529 4530/4530/4530 4528/4528/4528
f 4531/4531/4531 4530/4530/4530 4529/4529/4529
f 4487/4487/4487 4530/4530/4530 4531/4531/4531
f 4485/4485/4485 4530/4530/4530 4487/4487/4487
f 4485/4485/4485 4532/4532/4532 4530/4530/4530
f 4530/4530/4530 4532/4532/4532 4528/4528/4528
f 4533/4533/4533 4532/4532/4532 4485/4485/4485
f 4532/4532/4532 4533/4533/4533 4534/4534/4534
f 4532/4532/4532 4534/4534/4534 4535/4535/4535
f 4528/4528/4528 4532/4532/4532 4535/4535/4535
f 4528/4528/4528 4535/4535/4535 4526/4526/4526
f 4535/4535/4535 4534/4534/4534 4536/4536/4536
f 4536/4536/4536 4537/4537/4537 4535/4535/4535
f 4526/4526/4526 4535/4535/4535 4537/4537/4537
f 4526/4526/4526 4537/4537/4537 4524/4524/4524
f 4538/4538/4538 4537/4537/4537 4536/4536/4536
f 4538/4538/4538 4539/4539/4539 4537/4537/4537
f 4540/4540/4540 4539/4539/4539 4538/4538/4538
f 4540/4540/4540 4541/4541/4541 4539/4539/4539
f 4542/4542/4542 4541/4541/4541 4540/4540/4540
f 4542/4542/4542 4543/4543/4543 4541/4541/4541
f 4544/4544/4544 4543/4543/4543 4542/4542/4542
f 4544/4544/4544 4545/4545/4545 4543/4543/4543
f 4546/4546/4546 4545/4545/4545 4544/4544/4544
f 4546/4546/4546 4547/4547/4547 4545/4545/4545
f 4548/4548/4548 4547/4547/4547 4546/4546/4546
f 4548/4548/4548 4549/4549/4549 4547/4547/4547
f 4550/4550/4550 4549/4549/4549 4548/4548/4548
f 4550/4550/4550 4551/4551/4551 4549/4549/4549
f 4552/4552/4552 4551/4551/4551 4550/4550/4550
f 4552/4552/4552 4553/4553/4553 4551/4551/4551
f 4554/4554/4554 4553/4553/4553 4552/4552/4552
f 4554/4554/4554 4555/4555/4555 4553/4553/4553
f 4556/4556/4556 4555/4555/4555 4554/4554/4554
f 4556/4556/4556 4557/4557/4557 4555/4555/4555
f 4558/4558/4558 4557/4557/4557 4556/4556/4556
f 4558/4558/4558 4559/4559/4559 4557/4557/4557
f 4560/4560/4560 4559/4559/4559 4558/4558/4558
f 4560/4560/4560 4561/4561/4561 4559/4559/4559
f 4562/4562/4562 4561/4561/4561 4560/4560/4560
f 4562/4562/4562 4563/4563/4563 4561/4561/4561
f 4564/4564/4564 4563/4563/4563 4562/4562/4562
f 4564/4564/4564 4565/4565/4565 4563/4563/4563
f 4566/4566/4566 4565/4565/4565 4564/4564/4564
f 4566/4566/4566 4567/4567/4567 4565/4565/4565
f 4568/4568/4568 4567/4567/4567 4566/4566/4566
f 4568/4568/4568 4569/4569/4569 4567/4567/4567
f 4570/4570/4570 4569/4569/4569 4568/4568/4568
f 4570/4570/4570 4571/4571/4571 4569/4569/4569
f 4572/4572/4572 4571/4571/4571 4570/4570/4570
f 4572/4572/4572 4573/4573/4573 4571/4571/4571
f 4574/4574/4574 4573/4573/4573 4572/4572/4572
f 4574/4574/4574 4575/4575/4575 4573/4573/4573
f 4576/4576/4576 4575/4575/4575 4574/4574/4574
f 4576/4576/4576 4577/4577/4577 4575/4575/4575
f 4578/4578/4578 4577/4577/4577 4576/4576/4576
f 4579/4579/4579 4577/4577/4577 4578/4578/4578
f 4533/4533/4533 4577/4577/4577 4579/4579/4579
f 4534/4534/4534 4533/4533/4533 4579/4579/4579
f 4494/4494/4494 4567/4567/4567 4569/4569/4569
f 4496/4496/4496 4567/4567/4567 4494/4494/4494
f 4492/4492/4492 4569/4569/4569 4571/4571/4571
f 4494/4494/4494 4569/4569/4569 4492/4492/4492
f 4490/4490/4490 4571/4571/4571 4573/4573/4573
f 4492/4492/4492 4571/4571/4571 4490/4490/4490
f 4488/4488/4488 4573/4573/4573 4575/4575/4575
f 4490/4490/4490 4573/4573/4573 4488/4488/4488
f 4486/4486/4486 4575/4575/4575 4577/4577/4577
f 4488/4488/4488 4575/4575/4575 4486/4486/4486
f 4577/4577/4577 4533/4533/4533 4486/4486/4486
f 4486/4486/4486 4533/4533/4533 4485/4485/4485
f 4496/4496/4496 4565/4565/4565 4567/4567/4567
f 4498/4498/4498 4565/4565/4565 4496/4496/4496
f 4498/4498/4498 4563/4563/4563 4565/4565/4565
f 4500/4500/4500 4563/4563/4563 4498/4498/4498
f 4500/4500/4500 4561/4561/4561 4563/4563/4563
f 4502/4502/4502 4561/4561/4561 4500/4500/4500
f 4502/4502/4502 4559/4559/4559 4561/4561/4561
f 4504/4504/4504 4559/4559/4559 4502/4502/4502
f 4504/4504/4504 4557/4557/4557 4559/4559/4559
f 4506/4506/4506 4557/4557/4557 4504/4504/4504
f 4506/4506/4506 4555/4555/4555 4557/4557/4557
f 4508/4508/4508 4555/4555/4555 4506/4506/4506
f 4508/4508/4508 4553/4553/4553 4555/4555/4555
f 4510/4510/4510 4553/4553/4553 4508/4508/4508
f 4510/4510/4510 4551/4551/4551 4553/4553/4553
f 4512/4512/4512 4551/4551/4551 4510/4510/4510
f 4512/4512/4512 4549/4549/4549 4551/4551/4551
f 4514/4514/4514 4549/4549/4549 4512/4512/4512
f 4514/4514/4514 4547/4547/4547 4549/4549/4549
f 4516/4516/4516 4547/4547/4547 4514/4514/4514
f 4516/4516/4516 4545/4545/4545 4547/4547/4547
f 4518/4518/4518 4545/4545/4545 4516/4516/4516
f 4518/4518/4518 4543/4543/4543 4545/4545/4545
f 4520/4520/4520 4543/4543/4543 4518/4518/4518
f 4520/4520/4520 4541/4541/4541 4543/4543/4543
f 4522/4522/4522 4541/4541/4541 4520/4520/4520
f 4522/4522/4522 4539/4539/4539 4541/4541/4541
f 4524/4524/4524 4539/4539/4539 4522/4522/4522
f 4524/4524/4524 4537/4537/4537 4539/4539/4539
f 4581/4581/4581 4580/4580/4580 4582/4582/4582
f 4583/4583/4583 4580/4580/4580 4581/4581/4581
f 4581/4581/4581 4584/4584/4584 4583/4583/4583
f 4585/4585/4585 4584/4584/4584 4581/4581/4581
f 4585/4585/4585 4586/4586/4586 4584/4584/4584
f 4587/4587/4587 4586/4586/4586 4585/4585/4585
f 4587/4587/4587 4588/4588/4588 4586/4586/4586
f 4586/4586/4586 4588/4588/4588 4589/4589/4589
f 4587/4587/4587 4590/4590/4590 4588/4588/4588
f 4591/4591/4591 4590/4590/4590 4587/4587/4587
f 4587/4587/4587 4592/4592/4592 4591/4591/4591
f 4585/4585/4585 4592/4592/4592 4587/4587/4587
f 4585/4585/4585 4593/4593/4593 4592/4592/4592
f 4581/4581/4581 4593/4593/4593 4585/4585/4585
f 4581/4581/4581 4582/4582/4582 4593/4593/4593
f 4593/4593/4593 4582/4582/4582 4594/4594/4594
f 4591/4591/4591 4595/4595/4595 4590/4590/4590
f 4596/4596/4596 4595/4595/4595 4591/4591/4591
f 4591/4591/4591 4597/4597/4597 4596/4596/4596
f 4592/4592/4592 4597/4597/4597 4591/4591/4591
f 4592/4592/4592 4598/4598/4598 4597/4597/4597
f 4593/4593/4593 4598/4598/4598 4592/4592/4592
f 4593/4593/4593 4594/4594/4594 4598/4598/4598
f 4598/4598/4598 4594/4594/4594 4599/4599/4599
f 4596/4596/4596 4600/4600/4600 4595/4595/4595
f 4601/4601/4601 4600/4600/4600 4596/4596/4596
f 4596/4596/4596 4602/4602/4602 4601/4601/4601
f 4597/4597/4597 4602/4602/4602 4596/4596/4596
f 4597/4597/4597 4603/4603/4603 4602/4602/4602
f 4598/4598/4598 4603/4603/4603 4597/4597/4597
f 4598/4598/4598 4599/4599/4599 4603/4603/4603
f 4603/4603/4603 4599/4599/4599 4604/4604/4604
f 4601/4601/4601 4605/4605/4605 4600/4600/4600
f 4606/4606/4606 4605/4605/4605 4601/4601/4601
f 4601/4601/4601 4607/4607/4607 4606/4606/4606
f 4602/4602/4602 4607/4607/4607 4601/4601/4601
f 4602/4602/4602 4608/4608/4608 4607/4607/4607
f 4603/4603/4603 4608/4608/4608 4602/4602/4602
f 4603/4603/4603 4604/4604/4604 4608/4608/4608
f 4608/4608/4608 4604/4604/4604 4609/4609/4609
f 4606/4606/4606 4610/4610/4610 4605/4605/4605
f 4611/4611/4611 4610/4610/4610 4606/4606/4606
f 4606/4606/4606 4612/4612/4612 4611/4611/4611
f 4607/4607/4607 4612/4612/4612 4606/4606/4606
f 4607/4607/4607 4613/4613/4613 4612/4612/4612
f 4608/4608/4608 4613/4613/4613 4607/4607/4607
f 4608/4608/4608 4609/4609/4609 4613/4613/4613
f 4613/4613/4613 4609/4609/4609 4614/4614/4614
f 4611/4611/4611 4615/4615/4615 4610/4610/4610
f 4616/4616/4616 4615/4615/4615 4611/4611/4611
f 4611/4611/4611 4617/4617/4617 4616/4616/4616
f 4612/4612/4612 4617/4617/4617 4611/4611/4611
f 4612/4612/4612 4618/4618/4618 4617/4617/4617
f 4613/4613/4613 4618/4618/4618 4612/4612/4612
f 4613/4613/4613 4614/4614/4614 4618/4618/4618
f 4618/4618/4618 4614/4614/4614 4619/4619/4619
f 4616/4616/4616 4620/4620/4620 4615/4615/4615
f 4621/4621/4621 4620/4620/4620 4616/4616/4616
f 4616/4616/4616 4622/4622/4622 4621/4621/4621
f 4617/4617/4617 4622/4622/4622 4616/4616/4616
f 4617/4617/4617 4623/4623/4623 4622/4622/4622
f 4618/4618/4618 4623/4623/4623 4617/4617/4617
f 4618/4618/4618 4619/4619/4619 4623/4623/4623
f 4623/4623/4623 4619/4619/4619 4624/4624/4624
f 4621/4621/4621 4625/4625/4625 4620/4620/4620
f 4626/4626/4626 4625/4625/4625 4621/4621/4621
f 4621/4621/4621 4627/4627/4627 4626/4626/4626
f 4622/4622/4622 4627/4627/4627 4621/4621/4621
f 4622/4622/4622 4628/4628/4628 4627/4627/4627
f 4623/4623/4623 4628/4628/4628 4622/4622/4622
f 4623/4623/4623 4624/4624/4624 4628/4628/4628
f 4628/4628/4628 4624/4624/4624 4629/4629/4629
f 4626/4626/4626 4630/4630/4630 4625/4625/4625
f 4631/4631/4631 4630/4630/4630 4626/4626/4626
f 4626/4626/4626 4632/4632/4632 4631/4631/4631
f 4627/4627/4627 4632/4632/4632 4626/4626/4626
f 4627/4627/4627 4633/4633/4633 4632/4632/4632
f 4628/4628/4628 4633/4633/4633 4627/4627/4627
f 4628/4628/4628 4629/4629/4629 4633/4633/4633
f 4633/4633/4633 4629/4629/4629 4634/4634/4634
f 4631/4631/4631 4635/4635/4635 4630/4630/4630
f 4636/4636/4636 4635/4635/4635 4631/4631/4631
f 4631/4631/4631 4637/4637/4637 4636/4636/4636
f 4632/4632/4632 4637/4637/4637 4631/4631/4631
f 4632/4632/4632 4638/4638/4638 4637/4637/4637
f 4633/4633/4633 4638/4638/4638 4632/4632/4632
f 4633/4633/4633 4634/4634/4634 4638/4638/4638
f 4638/4638/4638 4634/4634/4634 4639/4639/4639
f 4636/4636/4636 4640/4640/4640 4635/4635/4635
f 4641/4641/4641 4640/4640/4640 4636/4636/4636
f 4636/4636/4636 4642/4642/4642 4641/4641/4641
f 4637/4637/4637 4642/4642/4642 4636/4636/4636
f 4637/4637/4637 4643/4643/4643 4642/4642/4642
f 4638/4638/4638 4643/4643/4643 4637/4637/4637
f 4638/4638/4638 4639/4639/4639 4643/4643/4643
f 4643/4643/4643 4639/4639/4639 4644/4644/4644
f 4641/4641/4641 4645/4645/4645 4640/4640/4640
f 4646/4646/4646 4645/4645/4645 4641/4641/4641
f 4641/4641/4641 4647/4647/4647 4646/4646/4646
f 4642/4642/4642 4647/4647/4647 4641/4641/4641
f 4642/4642/4642 4648/4648/4648 4647/4647/4647
f 4643/4643/4643 4648/4648/4648 4642/4642/4642
f 4643/4643/4643 4644/4644/4644 4648/4648/4648
f 4648/4648/4648 4644/4644/4644 4649/4649/4649
f 4646/4646/4646 4650/4650/4650 4645/4645/4645
f 4651/4651/4651 4650/4650/4650 4646/4646/4646
f 4646/4646/4646 4652/4652/4652 4651/4651/4651
f 4647/4647/4647 4652/4652/4652 4646/4646/4646
f 4647/4647/4647 4653/4653/4653 4652/4652/4652
f 4648/4648/4648 4653/4653/4653 4647/4647/4647
f 4648/4648/4648 4649/4649/4649 4653/4653/4653
f 4653/4653/4653 4649/4649/4649 4654/4654/4654
f 4651/4651/4651 4655/4655/4655 4650/4650/4650
f 4656/4656/4656 4655/4655/4655 4651/4651/4651
f 4651/4651/4651 4657/4657/4657 4656/4656/4656
f 4652/4652/4652 4657/4657/4657 4651/4651/4651
f 4652/4652/4652 4658/4658/4658 4657/4657/4657
f 4653/4653/4653 4658/4658/4658 4652/4652/4652
f 4653/4653/4653 4654/4654/4654 4658/4658/4658
f 4658/4658/4658 4654/4654/4654 4659/4659/4659
f 4656/4656/4656 4660/4660/4660 4655/4655/4655
f 4661/4661/4661 4660/4660/4660 4656/4656/4656
f 4656/4656/4656 4662/4662/4662 4661/4661/4661
f 4657/4657/4657 4662/4662/4662 4656/4656/4656
f 4657/4657/4657 4663/4663/4663 4662/4662/4662
f 4658/4658/4658 4663/4663/4663 4657/4657/4657
f 4658/4658/4658 4659/4659/4659 4663/4663/4663
f 4663/4663/4663 4659/4659/4659 4664/4664/4664
f 4661/4661/4661 4665/4665/4665 4660/4660/4660
f 4666/4666/4666 4665/4665/4665 4661/4661/4661
f 4661/4661/4661 4667/4667/4667 4666/4666/4666
f 4662/4662/4662 4667/4667/4667 4661/4661/4661
f 4662/4662/4662 4668/4668/4668 4667/4667/4667
f 4663/4663/4663 4668/4668/4668 4662/4662/4662
f 4663/4663/4663 4664/4664/4664 4668/4668/4668
f 4668/4668/4668 4664/4664/4664 4669/4669/4669
f 4666/4666/4666 4670/4670/4670 4665/4665/4665
f 4671/4671/4671 4670/4670/4670 4666/4666/4666
f 4666/4666/4666 4672/4672/4672 4671/4671/4671
f 4667/4667/4667 4672/4672/4672 4666/4666/4666
f 4667/4667/4667 4673/4673/4673 4672/4672/4672
f 4668/4668/4668 4673/4673/4673 4667/4667/4667
f 4668/4668/4668 4669/4669/4669 4673/4673/4673
f 4673/4673/4673 4669/4669/4669 4674/4674/4674
f 4671/4671/4671 4675/4675/4675 4670/4670/4670
f 4676/4676/4676 4675/4675/4675 4671/4671/4671
f 4671/4671/4671 4677/4677/4677 4676/4676/4676
f 4672/4672/4672 4677/4677/4677 4671/4671/4671
f 4672/4672/4672 4678/4678/4678 4677/4677/4677
f 4673/4673/4673 4678/4678/4678 4672/4672/4672
f 4673/4673/4673 4674/4674/4674 4678/4678/4678
f 4678/4678/4678 4674/4674/4674 4679/4679/4679
f 4676/4676/4676 4680/4680/4680 4675/4675/4675
f 4681/4681/4681 4680/4680/4680 4676/4676/4676
f 4676/4676/4676 4682/4682/4682 4681/4681/4681
f 4677/4677/4677 4682/4682/4682 4676/4676/4676
f 4677/4677/4677 4683/4683/4683 4682/4682/4682
f 4678/4678/4678 4683/4683/4683 4677/4677/4677
f 4678/4678/4678 4679/4679/4679 4683/4683/4683
f 4683/4683/4683 4679/4679/4679 4684/4684/4684
f 4681/4681/4681 4685/4685/4685 4680/4680/4680
f 4686/4686/4686 4685/4685/4685 4681/4681/4681
f 4681/4681/4681 4687/4687/4687 4686/4686/4686
f 4682/4682/4682 4687/4687/4687 4681/4681/4681
f 4682/4682/4682 4688/4688/4688 4687/4687/4687
f 4683/4683/4683 4688/4688/4688 4682/4682/4682
f 4683/4683/4683 4684/4684/4684 4688/4688/4688
f 4688/4688/4688 4684/4684/4684 4689/4689/4689
f 4686/4686/4686 4690/4690/4690 4685/4685/4685
f 4691/4691/4691 4690/4690/4690 4686/4686/4686
f 4686/4686/4686 4692/4692/4692 4691/4691/4691
f 4687/4687/4687 4692/4692/4692 4686/4686/4686
f 4687/4687/4687 4693/4693/4693 4692/4692/4692
f 4688/4688/4688 4693/4693/4693 4687/4687/4687
f 4688/4688/4688 4689/4689/4689 4693/4693/4693
f 4693/4693/4693 4689/4689/4689 4694/4694/4694
f 4691/4691/4691 4695/4695/4695 4690/4690/4690
f 4696/4696/4696 4695/4695/4695 4691/4691/4691
f 4691/4691/4691 4697/4697/4697 4696/4696/4696
f 4692/4692/4692 4697/4697/4697 4691/4691/4691
f 4692/4692/4692 4698/4698/4698 4697/4697/4697
f 4693/4693/4693 4698/4698/4698 4692/4692/4692
f 4694/4694/4694 4698/4698/4698 4693/4693/4693
f 4699/4699/4699 4698/4698/4698 4694/4694/4694
f 4696/4696/4696 4589/4589/4589 4695/4695/4695
f 4586/4586/4586 4589/4589/4589 4696/4696/4696
f 4696/4696/4696 4584/4584/4584 4586/4586/4586
f 4697/4697/4697 4584/4584/4584 4696/4696/4696
f 4697/4697/4697 4583/4583/4583 4584/4584/4584
f 4698/4698/4698 4583/4583/4583 4697/4697/4697
f 4699/4699/4699 4583/4583/4583 4698/4698/4698
f 4580/4580/4580 4583/4583/4583 4699/4699/4699
f 4701/4701/4701 4700/4700/4700 4702/4702/4702
f 4703/4703/4703 4700/4700/4700 4701/4701/4701
f 4704/4704/4704 4700/4700/4700 4705/4705/4705
f 4706/4706/4706 4700/4700/4700 4704/4704/4704
f 4708/4708/4708 4707/4707/4707 4709/4709/4709
f 4710/4710/4710 4707/4707/4707 4708/4708/4708
f 4711/4711/4711 4707/4707/4707 4712/4712/4712
f 4713/4713/4713 4707/4707/4707 4711/4711/4711
f 4715/4715/4715 4714/4714/4714 4716/4716/4716
f 4717/4717/4717 4714/4714/4714 4715/4715/4715
f 4718/4718/4718 4714/4714/4714 4719/4719/4719
f 4720/4720/4720 4714/4714/4714 4718/4718/4718
f 4722/4722/4722 4721/4721/4721 4723/4723/4723
f 4724/4724/4724 4721/4721/4721 4722/4722/4722
f 4725/4725/4725 4721/4721/4721 4726/4726/4726
f 4727/4727/4727 4721/4721/4721 4725/4725/4725
f 4729/4729/4729 4728/4728/4728 4730/4730/4730
f 4731/4731/4731 4728/4728/4728 4729/4729/4729
f 4732/4732/4732 4728/4728/4728 4733/4733/4733
f 4734/4734/4734 4728/4728/4728 4732/4732/4732
f 4736/4736/4736 4735/4735/4735 4737/4737/4737
f 4738/4738/4738 4735/4735/4735 4736/4736/4736
f 4739/4739/4739 4735/4735/4735 4740/4740/4740
f 4741/4741/4741 4735/4735/4735 4739/4739/4739
f 4743/4743/4743 4742/4742/4742 4744/4744/4744
f 4745/4745/4745 4742/4742/4742 4743/4743/4743
f 4746/4746/4746 4742/4742/4742 4747/4747/4747
f 4748/4748/4748 4742/4742/4742 4746/4746/4746
f 4750/4750/4750 4749/4749/4749 4751/4751/4751
f 4752/4752/4752 4749/4749/4749 4750/4750/4750
f 4753/4753/4753 4749/4749/4749 4754/4754/4754
f 4755/4755/4755 4749/4749/4749 4753/4753/4753
f 4757/4757/4757 4756/4756/4756 4758/4758/4758
f 4759/4759/4759 4756/4756/4756 4757/4757/4757
f 4760/4760/4760 4756/4756/4756 4761/4761/4761
f 4762/4762/4762 4756/4756/4756 4760/4760/4760
f 4764/4764/4764 4763/4763/4763 4765/4765/4765
f 4766/4766/4766 4763/4763/4763 4764/4764/4764
f 4767/4767/4767 4763/4763/4763 4768/4768/4768
f 4769/4769/4769 4763/4763/4763 4767/4767/4767
f 4771/4771/4771 4770/4770/4770 4772/4772/4772
f 4773/4773/4773 4770/4770/4770 4771/4771/4771
f 4774/4774/4774 4770/4770/4770 4775/4775/4775
f 4776/4776/4776 4770/4770/4770 4774/4774/4774
f 4778/4778/4778 4777/4777/4777 4779/4779/4779
f 4780/4780/4780 4777/4777/4777 4778/4778/4778
f 4781/4781/4781 4777/4777/4777 4782/4782/4782
f 4783/4783/4783 4777/4777/4777 4781/4781/4781
f 4785/4785/4785 4784/4784/4784 4786/4786/4786
f 4787/4787/4787 4784/4784/4784 4785/4785/4785
f 4788/4788/4788 4784/4784/4784 4789/4789/4789
f 4790/4790/4790 4784/4784/4784 4788/4788/4788
f 4792/4792/4792 4791/4791/4791 4793/4793/4793
f 4794/4794/4794 4791/4791/4791 4792/4792/4792
f 4795/4795/4795 4791/4791/4791 4796/4796/4796
f 4797/4797/4797 4791/4791/4791 4795/4795/4795
f 4799/4799/4799 4798/4798/4798 4800/4800/4800
f 4801/4801/4801 4798/4798/4798 4799/4799/4799
f 4802/4802/4802 4798/4798/4798 4803/4803/4803
f 4804/4804/4804 4798/4798/4798 4802/4802/4802
f 4806/4806/4806 4805/4805/4805 4807/4807/4807
f 4808/4808/4808 4805/4805/4805 4806/4806/4806
f 4809/4809/4809 4805/4805/4805 4810/4810/4810
f 4811/4811/4811 4805/4805/4805 4809/4809/4809
f 4813/4813/4813 4812/4812/4812 4814/4814/4814
f 4815/4815/4815 4812/4812/4812 4813/4813/4813
f 4816/4816/4816 4812/4812/4812 4817/4817/4817
f 4818/4818/4818 4812/4812/4812 4816/4816/4816
f 4820/4820/4820 4819/4819/4819 4821/4821/4821
f 4822/4822/4822 4819/4819/4819 4820/4820/4820
f 4823/4823/4823 4819/4819/4819 4824/4824/4824
f 4825/4825/4825 4819/4819/4819 4823/4823/4823
f 4827/4827/4827 4826/4826/4826 4828/4828/4828
f 4829/4829/4829 4826/4826/4826 4827/4827/4827
f 4830/4830/4830 4826/4826/4826 4831/4831/4831
f 4832/4832/4832 4826/4826/4826 4830/4830/4830
f 4834/4834/4834 4833/4833/4833 4835/4835/4835
f 4836/4836/4836 4833/4833/4833 4834/4834/4834
f 4837/4837/4837 4833/4833/4833 4838/4838/4838
f 4839/4839/4839 4833/4833/4833 4837/4837/4837
f 4841/4841/4841 4840/4840/4840 4842/4842/4842
f 4843/4843/4843 4840/4840/4840 4841/4841/4841
f 4844/4844/4844 4840/4840/4840 4845/4845/4845
f 4846/4846/4846 4840/4840/4840 4844/4844/4844
f 4848/4848/4848 4847/4847/4847 4849/4849/4849
f 4850/4850/4850 4847/4847/4847 4848/4848/4848
f 4851/4851/4851 4847/4847/4847 4852/4852/4852
f 4853/4853/4853 4847/4847/4847 4851/4851/4851
f 4855/4855/4855 4854/4854/4854 4856/4856/4856
f 4857/4857/4857 4854/4854/4854 4855/4855/4855
f 4858/4858/4858 4854/4854/4854 4859/4859/4859
f 4860/4860/4860 4854/4854/4854 4858/4858/4858
f 4862/4862/4862 4861/4861/4861 4863/4863/4863
f 4864/4864/4864 4861/4861/4861 4862/4862/4862
f 4864/4864/4864 4865/4865/4865 4866/4866/4866
f 4866/4866/4866 4865/4865/4865 4867/4867/4867
f 4869/4869/4869 4868/4868/4868 4870/4870/4870
f 4871/4871/4871 4868/4868/4868 4869/4869/4869
f 4873/4873/4873 4872/4872/4872 4874/4874/4874
f 4875/4875/4875 4872/4872/4872 4873/4873/4873
f 4877/4877/4877 4876/4876/4876 4878/4878/4878
f 4879/4879/4879 4876/4876/4876 4877/4877/4877
f 4881/4881/4881 4880/4880/4880 4882/4882/4882
f 4883/4883/4883 4880/4880/4880 4881/4881/4881
f 4885/4885/4885 4884/4884/4884 4886/4886/4886
f 4887/4887/4887 4884/4884/4884 4885/4885/4885
f 4889/4889/4889 4888/4888/4888 4890/4890/4890
f 4891/4891/4891 4888/4888/4888 4889/4889/4889
f 4893/4893/4893 4892/4892/4892 4894/4894/4894
f 4895/4895/4895 4892/4892/4892 4893/4893/4893
f 4897/4897/4897 4896/4896/4896 4898/4898/4898
f 4899/4899/4899 4896/4896/4896 4897/4897/4897
f 4901/4901/4901 4900/4900/4900 4902/4902/4902
f 4903/4903/4903 4900/4900/4900 4901/4901/4901
f 4905/4905/4905 4904/4904/4904 4906/4906/4906
f 4907/4907/4907 4904/4904/4904 4905/4905/4905
f 4909/4909/4909 4908/4908/4908 4910/4910/4910
f 4911/4911/4911 4908/4908/4908 4909/4909/4909
f 4913/4913/4913 4912/4912/4912 4914/4914/4914
f 4915/4915/4915 4912/4912/4912 4913/4913/4913
f 4917/4917/4917 4916/4916/4916 4918/4918/4918
f 4919/4919/4919 4916/4916/4916 4917/4917/4917
f 4921/4921/4921 4920/4920/4920 4922/4922/4922
f 4923/4923/4923 4920/4920/4920 4921/4921/4921
f 4925/4925/4925 4924/4924/4924 4926/4926/4926
f 4927/4927/4927 4924/4924/4924 4925/4925/4925
f 4924/4924/4924 4928/4928/4928 4926/4926/4926
f 4926/4926/4926 4928/4928/4928 4929/4929/4929
f 4928/4928/4928 4930/4930/4930 4929/4929/4929
f 4929/4929/4929 4930/4930/4930 4931/4931/4931
f 4930/4930/4930 4932/4932/4932 4931/4931/4931
f 4931/4931/4931 4932/4932/4932 4933/4933/4933
f 4932/4932/4932 4934/4934/4934 4933/4933/4933
f 4933/4933/4933 4934/4934/4934 4935/4935/4935
f 4934/4934/4934 4936/4936/4936 4935/4935/4935
f 4935/4935/4935 4936/4936/4936 4937/4937/4937
f 4936/4936/4936 4938/4938/4938 4937/4937/4937
f 4937/4937/4937 4938/4938/4938 4939/4939/4939
f 4938/4938/4938 4940/4940/4940 4939/4939/4939
f 4939/4939/4939 4940/4940/4940 4941/4941/4941
f 4940/4940/4940 4942/4942/4942 4941/4941/4941
f 4941/4941/4941 4942/4942/4942 4943/4943/4943
f 4942/4942/4942 4944/4944/4944 4943/4943/4943
f 4943/4943/4943 4944/4944/4944 4945/4945/4945
f 4944/4944/4944 4946/4946/4946 4945/4945/4945
f 4945/4945/4945 4946/4946/4946 4947/4947/4947
f 4946/4946/4946 4948/4948/4948 4947/4947/4947
f 4947/4947/4947 4948/4948/4948 4949/4949/4949
f 4948/4948/4948 4950/4950/4950 4949/4949/4949
f 4949/4949/4949 4950/4950/4950 4951/4951/4951
f 4950/4950/4950 4952/4952/4952 4951/4951/4951
f 4951/4951/4951 4952/4952/4952 4953/4953/4953
f 4952/4952/4952 4954/4954/4954 4953/4953/4953
f 4953/4953/4953 4954/4954/4954 4955/4955/4955
f 4954/4954/4954 4927/4927/4927 4955/4955/4955
f 4955/4955/4955 4927/4927/4927 4925/4925/4925
f 4957/4957/4957 4956/4956/4956 4958/4958/4958
f 4959/4959/4959 4956/4956/4956 4957/4957/4957
f 4957/4957/4957 4960/4960/4960 4961/4961/4961
f 4962/4962/4962 4960/4960/4960 4957/4957/4957
f 4964/4964/4964 4963/4963/4963 4965/4965/4965
f 4966/4966/4966 4963/4963/4963 4964/4964/4964
f 4966/4966/4966 4967/4967/4967 4968/4968/4968
f 4968/4968/4968 4967/4967/4967 4969/4969/4969
f 4971/4971/4971 4970/4970/4970 4972/4972/4972
f 4973/4973/4973 4970/4970/4970 4971/4971/4971
f 4973/4973/4973 4974/4974/4974 4975/4975/4975
f 4975/4975/4975 4974/4974/4974 4976/4976/4976
f 4978/4978/4978 4977/4977/4977 4979/4979/4979
f 4980/4980/4980 4977/4977/4977 4978/4978/4978
f 4980/4980/4980 4981/4981/4981 4982/4982/4982
f 4982/4982/4982 4981/4981/4981 4983/4983/4983
f 4985/4985/4985 4984/4984/4984 4986/4986/4986
f 4987/4987/4987 4984/4984/4984 4985/4985/4985
f 4987/4987/4987 4988/4988/4988 4989/4989/4989
f 4989/4989/4989 4988/4988/4988 4990/4990/4990
f 4992/4992/4992 4991/4991/4991 4993/4993/4993
f 4994/4994/4994 4991/4991/4991 4992/4992/4992
f 4994/4994/4994 4995/4995/4995 4996/4996/4996
f 4996/4996/4996 4995/4995/4995 4997/4997/4997
f 4999/4999/4999 4998/4998/4998 5000/5000/5000
f 5001/5001/5001 4998/4998/4998 4999/4999/4999
f 5001/5001/5001 5002/5002/5002 5003/5003/5003
f 5003/5003/5003 5002/5002/5002 5004/5004/5004
f 5006/5006/5006 5005/5005/5005 5007/5007/5007
f 5008/5008/5008 5005/5005/5005 5006/5006/5006
f 5008/5008/5008 5009/5009/5009 5010/5010/5010
f 5010/5010/5010 5009/5009/5009 5011/5011/5011
f 5013/5013/5013 5012/5012/5012 5014/5014/5014
f 5015/5015/5015 5012/5012/5012 5013/5013/5013
f 5015/5015/5015 5016/5016/5016 5017/5017/5017
f 5017/5017/5017 5016/5016/5016 5018/5018/5018
f 5020/5020/5020 5019/5019/5019 5021/5021/5021
f 5022/5022/5022 5019/5019/5019 5020/5020/5020
f 5022/5022/5022 5023/5023/5023 5024/5024/5024
f 5024/5024/5024 5023/5023/5023 5025/5025/5025
f 5027/5027/5027 5026/5026/5026 5028/5028/5028
f 5029/5029/5029 5026/5026/5026 5027/5027/5027
f 5029/5029/5029 5030/5030/5030 5031/5031/5031
f 5031/5031/5031 5030/5030/5030 5032/5032/5032
f 5034/5034/5034 5033/5033/5033 5035/5035/5035
f 5036/5036/5036 5033/5033/5033 5034/5034/5034
f 5036/5036/5036 5037/5037/5037 5038/5038/5038
f 5038/5038/5038 5037/5037/5037 5039/5039/5039
f 5041/5041/5041 5040/5040/5040 5042/5042/5042
f 5043/5043/5043 5040/5040/5040 5041/5041/5041
f 5043/5043/5043 5044/5044/5044 5045/5045/5045
f 5045/5045/5045 5044/5044/5044 5046/5046/5046
f 5048/5048/5048 5047/5047/5047 5049/5049/5049
f 5050/5050/5050 5047/5047/5047 5048/5048/5048
f 5050/5050/5050 5051/5051/5051 5052/5052/5052
f 5052/5052/5052 5051/5051/5051 5053/5053/5053
f 5055/5055/5055 5054/5054/5054 5056/5056/5056
f 5057/5057/5057 5054/5054/5054 5055/5055/5055
f 5057/5057/5057 5058/5058/5058 5059/5059/5059
f 5059/5059/5059 5058/5058/5058 5060/5060/5060
f 5062/5062/5062 5061/5061/5061 5063/5063/5063
f 5064/5064/5064 5061/5061/5061 5062/5062/5062
f 5064/5064/5064 5065/5065/5065 5066/5066/5066
f 5066/5066/5066 5065/5065/5065 5067/5067/5067
f 5069/5069/5069 5068/5068/5068 5070/5070/5070
f 5071/5071/5071 5068/5068/5068 5069/5069/5069
f 5071/5071/5071 5072/5072/5072 5073/5073/5073
f 5073/5073/5073 5072/5072/5072 5074/5074/5074
f 5076/5076/5076 5075/5075/5075 5077/5077/5077
f 5078/5078/5078 5075/5075/5075 5076/5076/5076
f 5078/5078/5078 5079/5079/5079 5080/5080/5080
f 5080/5080/5080 5079/5079/5079 5081/5081/5081
f 5083/5083/5083 5082/5082/5082 5084/5084/5084
f 5085/5085/5085 5082/5082/5082 5083/5083/5083
f 5085/5085/5085 5086/5086/5086 5087/5087/5087
f 5087/5087/5087 5086/5086/5086 5088/5088/5088
f 5090/5090/5090 5089/5089/5089 5091/5091/5091
f 5092/5092/5092 5089/5089/5089 5090/5090/5090
f 5092/5092/5092 5093/5093/5093 5094/5094/5094
f 5094/5094/5094 5093/5093/5093 5095/5095/5095
f 5097/5097/5097 5096/5096/5096 5098/5098/5098
f 5099/5099/5099 5096/5096/5096 5097/5097/5097
f 5099/5099/5099 5100/5100/5100 5101/5101/5101
f 5101/5101/5101 5100/5100/5100 5102/5102/5102
f 5104/5104/5104 5103/5103/5103 5105/5105/5105
f 5106/5106/5106 5103/5103/5103 5104/5104/5104
f 5106/5106/5106 5107/5107/5107 5108/5108/5108
f 5108/5108/5108 5107/5107/5107 5109/5109/5109
f 5111/5111/5111 5110/5110/5110 5112/5112/5112
f 5113/5113/5113 5110/5110/5110 5111/5111/5111
f 5113/5113/5113 5114/5114/5114 5115/5115/5115
f 5115/5115/5115 5114/5114/5114 5116/5116/5116
f 5118/5118/5118 5117/5117/5117 5119/5119/5119
f 5120/5120/5120 5117/5117/5117 5118/5118/5118
f 5122/5122/5122 5121/5121/5121 5119/5119/5119
f 5123/5123/5123 5121/5121/5121 5122/5122/5122
f 3710/3710/3710 5124/5124/5124 5125/5125/5125
f 5126/5126/5126 3549/3549/3549 3501/3501/3501
f 5128/5128/5128 5127/5127/5127 3562/3562/3562
f 5130/5130/5130 5129/5129/5129 5131/5131/5131
f 5132/5132/5132 5129/5129/5129 5133/5133/5133
f 5135/5135/5135 5134/5134/5134 5133/5133/5133
f 5136/5136/5136 5134/5134/5134 5137/5137/5137
