v 0.1617268 0.5951373 -0.01245427
v 0.2428782 0.5931623 -0.03713754
v 0.165808 0.6138176 -0.04074395
v 0.270459 0.5996573 -0.01215033
v 0.2539069 0.6942576 -0.01003108
v 0.1851214 0.6866885 -0.03713752
v 0.2621916 0.6660332 -0.04074398
v 0.1569001 0.6776012 -0.01505261
v 0.1213246 0.6916809 0.2054512
v 0.3158826 0.6787336 0.2040889
v 0.1340586 0.5788074 0.207565
v 0.3066752 0.5881689 0.205451
v 0.3158826 0.6787336 0.2040889
v 0.270459 0.5996573 -0.01215033
v 0.3066752 0.5881689 0.205451
v 0.2539069 0.6942576 -0.01003108
v 0.2621916 0.6660332 -0.04074398
v 0.2428782 0.5931623 -0.03713754
v 0.1213246 0.6916809 0.2054512
v 0.1617268 0.5951373 -0.01245427
v 0.1569001 0.6776012 -0.01505261
v 0.1340586 0.5788074 0.207565
v 0.165808 0.6138176 -0.04074395
v 0.1851214 0.6866885 -0.03713752
v 0.3387116 0.6944848 0.2785517
v 0.2896581 0.7547433 0.3207928
v 0.2999777 0.7663653 0.2681727
v 0.2873175 0.657136 0.3184524
v 0.3098073 0.7615193 0.2219636
v 0.3295059 0.6725819 0.2103901
v 0.285386 0.7615192 0.1771645
v 0.2966588 0.6725819 0.1572927
v 0.2418374 0.7615201 0.1505775
v 0.2416637 0.6725816 0.1277318
v 0.1908286 0.76152 0.1493271
v 0.1792552 0.6725815 0.1296292
v 0.1460293 0.76152 0.1737485
v 0.1261579 0.6725816 0.1624761
v 0.1194424 0.76152 0.2172974
v 0.09659684 0.6725816 0.217471
v 0.1181921 0.76152 0.2683062
v 0.09849421 0.6725815 0.2798795
v 0.1426136 0.76152 0.3131054
v 0.1313412 0.6725816 0.3329769
v 0.1861624 0.76152 0.3396923
v 0.1863361 0.6725816 0.3625379
v 0.2371713 0.76152 0.3409427
v 0.2487448 0.6725816 0.3606405
v 0.3166885 0.6837419 0.2726506
v 0.2891731 0.6779259 0.320308
v 0.2948018 0.6558869 0.266786
v 0.273151 0.7057809 0.3042859
v 0.3080886 0.6650172 0.2231294
v 0.3064856 0.6966506 0.217147
v 0.2844804 0.6650172 0.1790335
v 0.2801012 0.6966506 0.1746543
v 0.2419877 0.6650172 0.1526491
v 0.2360053 0.6966506 0.1510462
v 0.1919945 0.6650172 0.1510462
v 0.1860121 0.6966506 0.1526492
v 0.1478986 0.6650172 0.1746544
v 0.1435194 0.6966506 0.1790335
v 0.1215142 0.6650172 0.217147
v 0.1199112 0.6966506 0.2231294
v 0.1199112 0.6650172 0.2671403
v 0.1215142 0.6966506 0.2731227
v 0.1435195 0.6650172 0.3112362
v 0.1478986 0.6966506 0.3156153
v 0.1860122 0.6650172 0.3376205
v 0.1919945 0.6966506 0.3392235
v 0.2360053 0.6650172 0.3392235
v 0.2419877 0.6966506 0.3376205
v 0.3326741 0.6066359 0.2769341
v 0.2969181 0.6837419 0.328053
v 0.3053818 0.7057809 0.269621
v 0.3008753 0.6066359 0.3320101
v 0.3186686 0.6966506 0.2202943
v 0.3313313 0.6066359 0.2090902
v 0.2922255 0.6966505 0.1712886
v 0.2975902 0.6066359 0.1552547
v 0.244823 0.6966506 0.1420683
v 0.2414512 0.6066359 0.1255008
v 0.1891592 0.6966507 0.1404653
v 0.1779549 0.6066359 0.1278036
v 0.1401533 0.6966505 0.1669096
v 0.1241196 0.6066359 0.1615448
v 0.1109342 0.6966506 0.214312
v 0.09436586 0.6066359 0.2176836
v 0.1093312 0.6966506 0.2699754
v 0.09666852 0.6066359 0.2811795
v 0.1357745 0.6966505 0.3189812
v 0.1304099 0.6066359 0.3350152
v 0.1831771 0.6966506 0.3482005
v 0.1865486 0.6066359 0.3647689
v 0.2388404 0.6966506 0.3498036
v 0.2500446 0.6066359 0.3624662
v 0.2388404 0.6966506 0.3498036
v 0.273151 0.7057809 0.3042859
v 0.2969181 0.6837419 0.328053
v 0.2419877 0.6966506 0.3376205
v 0.1831771 0.6966506 0.3482005
v 0.1919945 0.6966506 0.3392235
v 0.1357745 0.6966505 0.3189812
v 0.1478986 0.6966506 0.3156153
v 0.1093312 0.6966506 0.2699754
v 0.1215142 0.6966506 0.2731227
v 0.1109342 0.6966506 0.214312
v 0.1199112 0.6966506 0.2231294
v 0.1401533 0.6966505 0.1669096
v 0.1435194 0.6966506 0.1790335
v 0.1891592 0.6966507 0.1404653
v 0.1860121 0.6966506 0.1526492
v 0.244823 0.6966506 0.1420683
v 0.2360053 0.6966506 0.1510462
v 0.2922255 0.6966505 0.1712886
v 0.2801012 0.6966506 0.1746543
v 0.3186686 0.6966506 0.2202943
v 0.3064856 0.6966506 0.217147
v 0.3053818 0.7057809 0.269621
v 0.3166885 0.6837419 0.2726506
v 0.2360053 0.6650172 0.3392235
v 0.2873175 0.657136 0.3184524
v 0.2891731 0.6779259 0.320308
v 0.2487448 0.6725816 0.3606405
v 0.1860122 0.6650172 0.3376205
v 0.1863361 0.6725816 0.3625379
v 0.1435195 0.6650172 0.3112362
v 0.1313412 0.6725816 0.3329769
v 0.1199112 0.6650172 0.2671403
v 0.09849421 0.6725815 0.2798795
v 0.1215142 0.6650172 0.217147
v 0.09659684 0.6725816 0.217471
v 0.1478986 0.6650172 0.1746544
v 0.1261579 0.6725816 0.1624761
v 0.1919945 0.6650172 0.1510462
v 0.1792552 0.6725815 0.1296292
v 0.2419877 0.6650172 0.1526491
v 0.2416637 0.6725816 0.1277318
v 0.2844804 0.6650172 0.1790335
v 0.2966588 0.6725819 0.1572927
v 0.3080886 0.6650172 0.2231294
v 0.3295059 0.6725819 0.2103901
v 0.2948018 0.6558869 0.266786
v 0.3387116 0.6944848 0.2785517
v 0.2371713 0.76152 0.3409427
v 0.2689309 0.7646476 0.3000647
v 0.2896581 0.7547433 0.3207928
v 0.2402259 0.7559851 0.3315126
v 0.1861624 0.76152 0.3396923
v 0.1936031 0.7560552 0.3329913
v 0.1426136 0.76152 0.3131054
v 0.1523403 0.755869 0.3112238
v 0.1181921 0.76152 0.2683062
v 0.1272266 0.7555262 0.271683
v 0.1194424 0.76152 0.2172974
v 0.1254942 0.7554276 0.2246255
v 0.1460293 0.76152 0.1737485
v 0.1481967 0.7560122 0.1833713
v 0.1908286 0.76152 0.1493271
v 0.1884014 0.7572404 0.1600064
v 0.2418374 0.7615201 0.1505775
v 0.2340987 0.7576437 0.1590357
v 0.285386 0.7615192 0.1771645
v 0.2749947 0.7567202 0.1796957
v 0.3098073 0.7615193 0.2219636
v 0.3006312 0.7556583 0.218602
v 0.2999777 0.7663653 0.2681727
v 0.3110061 0.7426685 0.2712228
v 0.2402259 0.7559851 0.3315126
v 0.2889111 0.7485471 0.3194294
v 0.2689309 0.7646476 0.3000647
v 0.2370187 0.7524706 0.3474027
v 0.1936031 0.7560552 0.3329913
v 0.1824016 0.7522758 0.3451301
v 0.1523403 0.755869 0.3112238
v 0.1361148 0.7482997 0.3162119
v 0.1272266 0.7555262 0.271683
v 0.1105521 0.7423399 0.2680691
v 0.1254942 0.7554276 0.2246255
v 0.1129326 0.7369647 0.2134783
v 0.1481967 0.7560122 0.1833713
v 0.1428158 0.73493 0.1676734
v 0.1884014 0.7572404 0.1600064
v 0.1912991 0.7348478 0.1432485
v 0.2340987 0.7576437 0.1590357
v 0.2453738 0.7335956 0.1453565
v 0.2749947 0.7567202 0.1796957
v 0.2917362 0.7328429 0.1739229
v 0.3006312 0.7556583 0.218602
v 0.317439 0.7362989 0.2221508
v 0.3110061 0.7426685 0.2712228
v 0.316457 0.7423399 0.2724856
v 0.3638992 0.5996519 0.2853
v 0.3197758 0.6296199 0.3509113
v 0.3366069 0.6516589 0.2779869
v 0.323733 0.5996519 0.3548684
v 0.3498927 0.6425286 0.2119286
v 0.3625555 0.5996519 0.2007248
v 0.3154196 0.6424525 0.148715
v 0.3213892 0.5991781 0.1332064
v 0.2541009 0.6422576 0.1084233
v 0.250367 0.5980477 0.09215806
v 0.1802831 0.6420686 0.1063867
v 0.1684292 0.5986117 0.09478808
v 0.1164823 0.6422964 0.1444356
v 0.1009011 0.5996519 0.1391229
v 0.07971001 0.6425286 0.2059465
v 0.0631418 0.5996519 0.2093179
v 0.07810713 0.6425286 0.2783411
v 0.0654443 0.5996519 0.2895449
v 0.1129164 0.6425286 0.341839
v 0.1075521 0.5996519 0.3578734
v 0.1748115 0.6425286 0.3794247
v 0.178183 0.5996519 0.3959929
v 0.2472062 0.6425286 0.3810276
v 0.25841 0.5996519 0.3936905
v 0.2655199 0.6566349 0.2966548
v 0.2328579 0.6566349 0.3155128
v 0.1951419 0.6566349 0.3155128
v 0.1624799 0.6566349 0.2966549
v 0.1436219 0.6566349 0.2639928
v 0.1436219 0.6566349 0.2262769
v 0.1624799 0.6566349 0.1936149
v 0.1951419 0.6566349 0.1747569
v 0.2328579 0.6566349 0.1747569
v 0.2655199 0.6566349 0.1936148
v 0.2843779 0.6566349 0.2262769
v 0.2843779 0.6566349 0.2639928

vn 0.6786316 0.3127623 -0.6645593
vn 0.8262123 0.4100858 0.3862678
vn 0.4131062 0.4822151 -0.7725361
vn 0.5882323 0.3066821 0.7482841
vn -0.8695148 0.2642979 0.4172417
vn -0.8262123 0.4100856 -0.3862681
vn -0.4131062 0.4822157 0.7725358
vn -0.5363855 0.3647288 -0.7610938
vn -0.7051201 0.1478328 -0.6935065
vn -0.4461754 0.1750786 0.8776532
vn 0.8923503 0.1055565 -0.4388266
vn 0.7051197 0.1478366 0.6935061
vn -0.4461754 0.1750786 0.8776532
vn 0.5882323 0.3066821 0.7482841
vn 0.7051197 0.1478366 0.6935061
vn -0.8695148 0.2642979 0.4172417
vn -0.4131062 0.4822157 0.7725358
vn 0.8262123 0.4100858 0.3862678
vn -0.7051201 0.1478328 -0.6935065
vn 0.6786316 0.3127623 -0.6645593
vn -0.5363855 0.3647288 -0.7610938
vn 0.8923503 0.1055565 -0.4388266
vn 0.4131062 0.4822151 -0.7725361
vn -0.8262123 0.4100856 -0.3862681
vn 0.1285226 -0.2566766 0.9579139
vn -0.7042082 -0.50204 0.5020427
vn -0.9366479 -0.09065839 0.3383367
vn 0.8754969 -0.3416908 0.3416911
vn -0.8397279 0.09332389 0.5349278
vn 0.5665796 0.2832358 0.7737991
vn -0.8397264 0.348285 0.4166018
vn 0.566581 0.6321816 0.5285191
vn -0.8397245 0.5099257 0.186651
vn 0.5665873 0.8117411 0.1416168
vn -0.8397228 0.5349357 -0.09332525
vn 0.5665876 0.773794 -0.2832339
vn -0.8397216 0.4166063 -0.3482914
vn 0.5665867 0.5285144 -0.6321804
vn -0.8397225 0.1866503 -0.5099292
vn 0.5665873 0.1416168 -0.8117411
vn -0.8397228 -0.09332525 -0.5349357
vn 0.5665876 -0.2832339 -0.773794
vn -0.8397216 -0.3482914 -0.4166063
vn 0.5665867 -0.6321804 -0.5285144
vn -0.8397225 -0.5099292 -0.1866503
vn 0.5665873 -0.8117411 -0.1416168
vn -0.8397231 -0.534935 0.09332716
vn 0.5665854 -0.7737945 0.2832371
vn -0.4597013 -0.2298544 0.8578122
vn 0.4596999 -0.6279632 0.6279637
vn 0.9004799 -0.1125618 0.4200785
vn -0.9004791 -0.3075201 0.3075203
vn 0.7178743 0.1196481 0.6858141
vn -0.7178742 0.2392959 0.6537539
vn 0.717873 0.4465263 0.5341092
vn -0.717873 0.5341095 0.4465259
vn 0.7178742 0.6537541 0.2392954
vn -0.7178743 0.6858142 0.1196476
vn 0.7178743 0.6858141 -0.1196481
vn -0.7178742 0.6537539 -0.2392959
vn 0.717873 0.5341092 -0.4465263
vn -0.717873 0.4465259 -0.5341095
vn 0.7178742 0.2392954 -0.6537541
vn -0.7178743 0.1196476 -0.6858142
vn 0.7178743 -0.1196481 -0.6858141
vn -0.7178742 -0.2392959 -0.6537539
vn 0.717873 -0.4465263 -0.5341092
vn -0.717873 -0.5341095 -0.4465259
vn 0.7178742 -0.6537541 -0.2392954
vn -0.7178743 -0.6858142 -0.1196476
vn 0.7178743 -0.6858141 0.1196481
vn -0.7178742 -0.6537539 0.2392959
vn 0 -0.2588252 0.9659242
vn -0.4596995 -0.6279634 0.6279638
vn -0.9004799 -0.1125625 0.4200782
vn 0 -0.7071066 0.7071071
vn -0.7178744 0.1196488 0.6858139
vn 0 0.3437326 0.9390677
vn -0.7178718 0.4465238 0.534113
vn 0 0.7672012 0.6414067
vn -0.7178748 0.6537511 0.2393017
vn 0 0.9851205 0.1718658
vn -0.7178754 0.6858121 -0.1196537
vn 0 0.939065 -0.3437399
vn -0.7178723 0.5341058 -0.4465315
vn 0 0.6414007 -0.7672061
vn -0.7178744 0.2392968 -0.6537535
vn 0 0.1718658 -0.9851205
vn -0.7178744 -0.1196488 -0.6858139
vn 0 -0.3437326 -0.9390677
vn -0.7178727 -0.4465271 -0.5341089
vn 0 -0.7672061 -0.6414007
vn -0.7178744 -0.6537535 -0.2392968
vn 0 -0.9851205 -0.1718658
vn -0.7178744 -0.6858139 0.1196488
vn 0 -0.9390677 0.3437326
vn -0.7178744 -0.6858139 0.1196488
vn -0.9004791 -0.3075201 0.3075203
vn -0.4596995 -0.6279634 0.6279638
vn -0.7178742 -0.6537539 0.2392959
vn -0.7178744 -0.6537535 -0.2392968
vn -0.7178743 -0.6858142 -0.1196476
vn -0.7178727 -0.4465271 -0.5341089
vn -0.717873 -0.5341095 -0.4465259
vn -0.7178744 -0.1196488 -0.6858139
vn -0.7178742 -0.2392959 -0.6537539
vn -0.7178744 0.2392968 -0.6537535
vn -0.7178743 0.1196476 -0.6858142
vn -0.7178723 0.5341058 -0.4465315
vn -0.717873 0.4465259 -0.5341095
vn -0.7178754 0.6858121 -0.1196537
vn -0.7178742 0.6537539 -0.2392959
vn -0.7178748 0.6537511 0.2393017
vn -0.7178743 0.6858142 0.1196476
vn -0.7178718 0.4465238 0.534113
vn -0.717873 0.5341095 0.4465259
vn -0.7178744 0.1196488 0.6858139
vn -0.7178742 0.2392959 0.6537539
vn -0.9004799 -0.1125625 0.4200782
vn -0.4597013 -0.2298544 0.8578122
vn 0.7178743 -0.6858141 0.1196481
vn 0.8754969 -0.3416908 0.3416911
vn 0.4596999 -0.6279632 0.6279637
vn 0.5665854 -0.7737945 0.2832371
vn 0.7178742 -0.6537541 -0.2392954
vn 0.5665873 -0.8117411 -0.1416168
vn 0.717873 -0.4465263 -0.5341092
vn 0.5665867 -0.6321804 -0.5285144
vn 0.7178743 -0.1196481 -0.6858141
vn 0.5665876 -0.2832339 -0.773794
vn 0.7178742 0.2392954 -0.6537541
vn 0.5665873 0.1416168 -0.8117411
vn 0.717873 0.5341092 -0.4465263
vn 0.5665867 0.5285144 -0.6321804
vn 0.7178743 0.6858141 -0.1196481
vn 0.5665876 0.773794 -0.2832339
vn 0.7178742 0.6537541 0.2392954
vn 0.5665873 0.8117411 0.1416168
vn 0.717873 0.4465263 0.5341092
vn 0.566581 0.6321816 0.5285191
vn 0.7178743 0.1196481 0.6858141
vn 0.5665796 0.2832358 0.7737991
vn 0.9004799 -0.1125618 0.4200785
vn 0.1285226 -0.2566766 0.9579139
vn -0.8397231 -0.534935 0.09332716
vn -0.9022945 -0.3048382 0.3048582
vn -0.7042082 -0.50204 0.5020427
vn -0.7290257 -0.643254 0.2339784
vn -0.8397225 -0.5099292 -0.1866503
vn -0.7304254 -0.6728275 -0.1173965
vn -0.8397216 -0.3482914 -0.4166063
vn -0.7267017 -0.5280193 -0.4394319
vn -0.8397228 -0.09332525 -0.5349357
vn -0.7198471 -0.2404224 -0.6511662
vn -0.8397225 0.1866503 -0.5099292
vn -0.7178742 0.1196473 -0.6858143
vn -0.8397216 0.4166063 -0.3482914
vn -0.7295667 0.441511 -0.5223031
vn -0.8397228 0.5349357 -0.09332525
vn -0.7541305 0.6182684 -0.2214304
vn -0.8397245 0.5099257 0.186651
vn -0.7621962 0.6376826 0.111436
vn -0.8397264 0.348285 0.4166018
vn -0.7437474 0.5150215 0.4261371
vn -0.8397279 0.09332389 0.5349278
vn -0.7225079 0.2401162 0.648326
vn -0.9366479 -0.09065839 0.3383367
vn -0.4627125 -0.2312194 0.8558241
vn -0.7290257 -0.643254 0.2339784
vn -0.0195049 -0.7094714 0.7044644
vn -0.9022945 -0.3048382 0.3048582
vn -0.03757279 -0.984756 0.1698358
vn -0.7304254 -0.6728275 -0.1173965
vn -0.03367919 -0.9393049 -0.3414268
vn -0.7267017 -0.5280193 -0.4394319
vn -0.01455588 -0.6451204 -0.7639424
vn -0.7198471 -0.2404224 -0.6511662
vn 0 -0.1745055 -0.9846563
vn -0.7178742 0.1196473 -0.6858143
vn -0.01329614 0.3489511 -0.9370468
vn -0.7295667 0.441511 -0.5223031
vn -0.07724164 0.7728088 -0.6299211
vn -0.7541305 0.6182684 -0.2214304
vn -0.1359992 0.9771286 -0.1634756
vn -0.7621962 0.6376826 0.111436
vn -0.1109541 0.9349661 0.3369391
vn -0.7437474 0.5150215 0.4261371
vn -0.03549894 0.6478187 0.7609673
vn -0.7225079 0.2401162 0.648326
vn 0 0.175482 0.9844828
vn -0.4627125 -0.2312194 0.8558241
vn 0 -0.2628343 0.9648412
vn 0 -0.2588235 0.9659247
vn -0.4597006 -0.6279679 0.6279585
vn -0.9004799 -0.1125618 0.4200785
vn 0 -0.7071122 0.7071015
vn -0.7178736 0.1196446 0.6858155
vn 0 0.3437205 0.9390722
vn -0.7163525 0.4408365 0.5408348
vn 0.009474848 0.751008 0.6602252
vn -0.712453 0.652751 0.2575401
vn 0.03208346 0.982615 0.1828626
vn -0.7086747 0.6934824 -0.1298562
vn 0.020805 0.9300146 -0.3669337
vn -0.7132311 0.5264268 -0.4627919
vn 0 0.6326788 -0.7744144
vn -0.7178736 0.2392886 -0.6537573
vn 0 0.1718597 -0.9851215
vn -0.7178736 -0.1196446 -0.6858155
vn 0 -0.3437205 -0.9390722
vn -0.7178743 -0.4465225 -0.5341107
vn 0 -0.7672105 -0.6413956
vn -0.7178736 -0.6537573 -0.2392886
vn 0 -0.9851215 -0.1718597
vn -0.7178736 -0.6858155 0.1196446
vn 0 -0.9390722 0.3437205
vn -1 0 0
vn -1 0 0
vn -1 0 0
vn -1 0 0
vn -1 0 0
vn -1 0 0
vn -1 0 0
vn -1 0 0
vn -1 0 0
vn -1 0 0
vn -1 0 0
vn -1 0 0

vt 0.657082 0.227776
vt 0.666678 0.232301
vt 0.660121 0.232301
vt 0.669848 0.227776
vt 0.688157 0.132925
vt 0.672506 0.144011
vt 0.683672 0.143203
vt 0.667318 0.134069
vt 0.644147 0.039948
vt 0.703327 0.03789
vt 0.644025 0.182726
vt 0.682905 0.182726
vt 0.833327 0.144716
vt 0.766898 0.165321
vt 0.835208 0.156788
vt 0.76566 0.157377
vt 0.758718 0.160484
vt 0.75934 0.164473
vt 0.833327 0.144716
vt 0.766898 0.165321
vt 0.76566 0.157377
vt 0.835208 0.156788
vt 0.75934 0.164473
vt 0.758718 0.160484
vt 0.485739 0.09214
vt 0.486342 0.088697
vt 0.487204 0.090511
vt 0.48478 0.090121
vt 0.487204 0.090511
vt 0.485739 0.09214
vt 0.486342 0.088697
vt 0.48478 0.090121
vt 0.484849 0.085553
vt 0.483119 0.086625
vt 0.483124 0.081924
vt 0.481201 0.082588
vt 0.481631 0.078781
vt 0.47954 0.079092
vt 0.480769 0.076966
vt 0.478581 0.077073
vt 0.480769 0.076966
vt 0.478581 0.077073
vt 0.481631 0.078781
vt 0.47954 0.079092
vt 0.483124 0.081924
vt 0.481201 0.082588
vt 0.484849 0.085553
vt 0.483119 0.086625
vt 0.481009 0.092341
vt 0.4842 0.088899
vt 0.484946 0.090471
vt 0.480262 0.09077
vt 0.484946 0.090471
vt 0.481009 0.092341
vt 0.4842 0.088899
vt 0.480262 0.09077
vt 0.482907 0.086178
vt 0.478969 0.088049
vt 0.481414 0.083035
vt 0.477476 0.084906
vt 0.480121 0.080313
vt 0.476183 0.082184
vt 0.479374 0.078742
vt 0.475436 0.080613
vt 0.479374 0.078742
vt 0.475436 0.080613
vt 0.480121 0.080313
vt 0.476183 0.082184
vt 0.481414 0.083035
vt 0.477476 0.084906
vt 0.482907 0.086178
vt 0.478969 0.088049
vt 0.476194 0.095901
vt 0.480623 0.09153
vt 0.481502 0.093379
vt 0.475315 0.094051
vt 0.481502 0.093379
vt 0.476194 0.095901
vt 0.480623 0.09153
vt 0.475315 0.094051
vt 0.479101 0.088326
vt 0.473793 0.090848
vt 0.477344 0.084628
vt 0.472036 0.087149
vt 0.475822 0.081425
vt 0.470514 0.083946
vt 0.474943 0.079575
vt 0.469636 0.082097
vt 0.474943 0.079575
vt 0.469636 0.082097
vt 0.475822 0.081425
vt 0.470514 0.083946
vt 0.477344 0.084628
vt 0.472036 0.087149
vt 0.479101 0.088326
vt 0.473793 0.090848
vt 0.499236 0.070227
vt 0.501918 0.073091
vt 0.502752 0.072257
vt 0.498931 0.071366
vt 0.495177 0.070227
vt 0.495482 0.071366
vt 0.491661 0.072257
vt 0.492495 0.073091
vt 0.489632 0.075773
vt 0.490771 0.076078
vt 0.489632 0.079832
vt 0.490771 0.079527
vt 0.491661 0.083347
vt 0.492495 0.082514
vt 0.495177 0.085377
vt 0.495482 0.084238
vt 0.499236 0.085377
vt 0.498931 0.084238
vt 0.502752 0.083347
vt 0.501918 0.082514
vt 0.504781 0.079832
vt 0.503643 0.079527
vt 0.504781 0.075773
vt 0.503643 0.076078
vt 0.668836 0.160403
vt 0.682313 0.161267
vt 0.678137 0.164287
vt 0.670364 0.156278
vt 0.658095 0.160403
vt 0.656567 0.156278
vt 0.648793 0.164287
vt 0.644617 0.161267
vt 0.643423 0.171014
vt 0.637719 0.169909
vt 0.643423 0.178782
vt 0.637719 0.179888
vt 0.648793 0.18551
vt 0.644617 0.18853
vt 0.658095 0.189394
vt 0.656567 0.193519
vt 0.668836 0.189394
vt 0.670364 0.193519
vt 0.678137 0.18551
vt 0.682313 0.18853
vt 0.683508 0.178783
vt 0.689212 0.179888
vt 0.683508 0.171014
vt 0.689212 0.169909
vt 0.499198 0.070369
vt 0.501478 0.073531
vt 0.502648 0.072361
vt 0.49877 0.071967
vt 0.495215 0.070369
vt 0.495643 0.071967
vt 0.491765 0.072361
vt 0.492935 0.073531
vt 0.489773 0.075811
vt 0.491371 0.076239
vt 0.489773 0.079794
vt 0.491371 0.079366
vt 0.491765 0.083244
vt 0.492935 0.082074
vt 0.495215 0.085235
vt 0.495643 0.083637
vt 0.499198 0.085235
vt 0.49877 0.083637
vt 0.502648 0.083244
vt 0.501478 0.082074
vt 0.50464 0.079794
vt 0.503042 0.079366
vt 0.50464 0.075811
vt 0.503042 0.076239
vt 0.375498 0.120501
vt 0.378686 0.123935
vt 0.375498 0.123935
vt 0.37903 0.120501
vt 0.375498 0.116536
vt 0.37903 0.116536
vt 0.375498 0.113102
vt 0.378686 0.113102
vt 0.375498 0.11112
vt 0.378092 0.11112
vt 0.375498 0.11112
vt 0.377405 0.11112
vt 0.375498 0.113102
vt 0.37681 0.113102
vt 0.375498 0.116536
vt 0.376466 0.116536
vt 0.375498 0.120501
vt 0.376466 0.120501
vt 0.375498 0.123935
vt 0.37681 0.123935
vt 0.375498 0.125917
vt 0.377405 0.125917
vt 0.375498 0.125917
vt 0.378092 0.125917
vt 0.233825 0.19748
vt 0.243595 0.180556
vt 0.233825 0.19748
vt 0.243595 0.180556
vt 0.233825 0.217021
vt 0.233825 0.217021
vt 0.243595 0.233944
vt 0.243595 0.233944
vt 0.260518 0.243715
vt 0.260518 0.243715
vt 0.28006 0.243715
vt 0.28006 0.243715
vt 0.296983 0.233944
vt 0.296983 0.233944
vt 0.306754 0.217021
vt 0.306754 0.217021
vt 0.306754 0.197479
vt 0.306754 0.197479
vt 0.296983 0.180556
vt 0.296983 0.180556
vt 0.28006 0.170786
vt 0.28006 0.170786
vt 0.260518 0.170786
vt 0.260518 0.170786
vt 0.251799 0.18876
vt 0.263521 0.181992
vt 0.277057 0.181992
vt 0.288779 0.18876
vt 0.295547 0.200482
vt 0.295547 0.214018
vt 0.288779 0.22574
vt 0.277057 0.232508
vt 0.263521 0.232508
vt 0.251799 0.22574
vt 0.245031 0.214018
vt 0.245031 0.200482
f 2/2/2 1/1/1 3/3/3
f 4/4/4 1/1/1 2/2/2
f 6/6/6 5/5/5 7/7/7
f 8/8/8 5/5/5 6/6/6
f 8/8/8 9/9/9 5/5/5
f 5/5/5 9/9/9 10/10/10
f 4/4/4 11/11/11 1/1/1
f 12/12/12 11/11/11 4/4/4
f 14/14/14 13/13/13 15/15/15
f 16/16/16 13/13/13 14/14/14
f 14/14/14 17/17/17 16/16/16
f 18/18/18 17/17/17 14/14/14
f 20/20/20 19/19/19 21/21/21
f 22/22/22 19/19/19 20/20/20
f 20/20/20 21/21/21 23/23/23
f 23/23/23 21/21/21 24/24/24
f 26/26/26 25/25/25 27/27/27
f 28/28/28 25/25/25 26/26/26
f 25/25/25 29/29/29 27/27/27
f 30/30/30 29/29/29 25/25/25
f 29/29/29 30/30/30 31/31/31
f 31/31/31 30/30/30 32/32/32
f 31/31/31 32/32/32 33/33/33
f 33/33/33 32/32/32 34/34/34
f 33/33/33 34/34/34 35/35/35
f 35/35/35 34/34/34 36/36/36
f 35/35/35 36/36/36 37/37/37
f 37/37/37 36/36/36 38/38/38
f 37/37/37 38/38/38 39/39/39
f 39/39/39 38/38/38 40/40/40
f 39/39/39 40/40/40 41/41/41
f 41/41/41 40/40/40 42/42/42
f 41/41/41 42/42/42 43/43/43
f 43/43/43 42/42/42 44/44/44
f 43/43/43 44/44/44 45/45/45
f 45/45/45 44/44/44 46/46/46
f 45/45/45 46/46/46 47/47/47
f 47/47/47 46/46/46 48/48/48
f 47/47/47 48/48/48 26/26/26
f 26/26/26 48/48/48 28/28/28
f 50/50/50 49/49/49 51/51/51
f 52/52/52 49/49/49 50/50/50
f 51/51/51 49/49/49 53/53/53
f 53/53/53 49/49/49 54/54/54
f 53/53/53 54/54/54 55/55/55
f 55/55/55 54/54/54 56/56/56
f 55/55/55 56/56/56 57/57/57
f 57/57/57 56/56/56 58/58/58
f 57/57/57 58/58/58 59/59/59
f 59/59/59 58/58/58 60/60/60
f 59/59/59 60/60/60 61/61/61
f 61/61/61 60/60/60 62/62/62
f 61/61/61 62/62/62 63/63/63
f 63/63/63 62/62/62 64/64/64
f 63/63/63 64/64/64 65/65/65
f 65/65/65 64/64/64 66/66/66
f 65/65/65 66/66/66 67/67/67
f 67/67/67 66/66/66 68/68/68
f 67/67/67 68/68/68 69/69/69
f 69/69/69 68/68/68 70/70/70
f 69/69/69 70/70/70 71/71/71
f 71/71/71 70/70/70 72/72/72
f 71/71/71 72/72/72 50/50/50
f 50/50/50 72/72/72 52/52/52
f 74/74/74 73/73/73 75/75/75
f 76/76/76 73/73/73 74/74/74
f 75/75/75 73/73/73 77/77/77
f 77/77/77 73/73/73 78/78/78
f 77/77/77 78/78/78 79/79/79
f 79/79/79 78/78/78 80/80/80
f 79/79/79 80/80/80 81/81/81
f 81/81/81 80/80/80 82/82/82
f 81/81/81 82/82/82 83/83/83
f 83/83/83 82/82/82 84/84/84
f 83/83/83 84/84/84 85/85/85
f 85/85/85 84/84/84 86/86/86
f 85/85/85 86/86/86 87/87/87
f 87/87/87 86/86/86 88/88/88
f 87/87/87 88/88/88 89/89/89
f 89/89/89 88/88/88 90/90/90
f 89/89/89 90/90/90 91/91/91
f 91/91/91 90/90/90 92/92/92
f 91/91/91 92/92/92 93/93/93
f 93/93/93 92/92/92 94/94/94
f 93/93/93 94/94/94 95/95/95
f 95/95/95 94/94/94 96/96/96
f 95/95/95 96/96/96 74/74/74
f 74/74/74 96/96/96 76/76/76
f 98/98/98 97/97/97 99/99/99
f 100/100/100 97/97/97 98/98/98
f 100/100/100 101/101/101 97/97/97
f 102/102/102 101/101/101 100/100/100
f 102/102/102 103/103/103 101/101/101
f 104/104/104 103/103/103 102/102/102
f 104/104/104 105/105/105 103/103/103
f 106/106/106 105/105/105 104/104/104
f 106/106/106 107/107/107 105/105/105
f 108/108/108 107/107/107 106/106/106
f 108/108/108 109/109/109 107/107/107
f 110/110/110 109/109/109 108/108/108
f 110/110/110 111/111/111 109/109/109
f 112/112/112 111/111/111 110/110/110
f 112/112/112 113/113/113 111/111/111
f 114/114/114 113/113/113 112/112/112
f 114/114/114 115/115/115 113/113/113
f 116/116/116 115/115/115 114/114/114
f 116/116/116 117/117/117 115/115/115
f 118/118/118 117/117/117 116/116/116
f 118/118/118 119/119/119 117/117/117
f 120/120/120 119/119/119 118/118/118
f 98/98/98 119/119/119 120/120/120
f 99/99/99 119/119/119 98/98/98
f 122/122/122 121/121/121 123/123/123
f 124/124/124 121/121/121 122/122/122
f 124/124/124 125/125/125 121/121/121
f 126/126/126 125/125/125 124/124/124
f 126/126/126 127/127/127 125/125/125
f 128/128/128 127/127/127 126/126/126
f 128/128/128 129/129/129 127/127/127
f 130/130/130 129/129/129 128/128/128
f 130/130/130 131/131/131 129/129/129
f 132/132/132 131/131/131 130/130/130
f 132/132/132 133/133/133 131/131/131
f 134/134/134 133/133/133 132/132/132
f 134/134/134 135/135/135 133/133/133
f 136/136/136 135/135/135 134/134/134
f 136/136/136 137/137/137 135/135/135
f 138/138/138 137/137/137 136/136/136
f 138/138/138 139/139/139 137/137/137
f 140/140/140 139/139/139 138/138/138
f 140/140/140 141/141/141 139/139/139
f 142/142/142 141/141/141 140/140/140
f 142/142/142 143/143/143 141/141/141
f 144/144/144 143/143/143 142/142/142
f 122/122/122 143/143/143 144/144/144
f 123/123/123 143/143/143 122/122/122
f 146/146/146 145/145/145 147/147/147
f 148/148/148 145/145/145 146/146/146
f 148/148/148 149/149/149 145/145/145
f 150/150/150 149/149/149 148/148/148
f 150/150/150 151/151/151 149/149/149
f 152/152/152 151/151/151 150/150/150
f 152/152/152 153/153/153 151/151/151
f 154/154/154 153/153/153 152/152/152
f 154/154/154 155/155/155 153/153/153
f 156/156/156 155/155/155 154/154/154
f 156/156/156 157/157/157 155/155/155
f 158/158/158 157/157/157 156/156/156
f 158/158/158 159/159/159 157/157/157
f 160/160/160 159/159/159 158/158/158
f 160/160/160 161/161/161 159/159/159
f 162/162/162 161/161/161 160/160/160
f 162/162/162 163/163/163 161/161/161
f 164/164/164 163/163/163 162/162/162
f 164/164/164 165/165/165 163/163/163
f 166/166/166 165/165/165 164/164/164
f 166/166/166 167/167/167 165/165/165
f 168/168/168 167/167/167 166/166/166
f 146/146/146 167/167/167 168/168/168
f 147/147/147 167/167/167 146/146/146
f 170/170/170 169/169/169 171/171/171
f 172/172/172 169/169/169 170/170/170
f 172/172/172 173/173/173 169/169/169
f 174/174/174 173/173/173 172/172/172
f 174/174/174 175/175/175 173/173/173
f 176/176/176 175/175/175 174/174/174
f 176/176/176 177/177/177 175/175/175
f 178/178/178 177/177/177 176/176/176
f 178/178/178 179/179/179 177/177/177
f 180/180/180 179/179/179 178/178/178
f 180/180/180 181/181/181 179/179/179
f 182/182/182 181/181/181 180/180/180
f 182/182/182 183/183/183 181/181/181
f 184/184/184 183/183/183 182/182/182
f 184/184/184 185/185/185 183/183/183
f 186/186/186 185/185/185 184/184/184
f 186/186/186 187/187/187 185/185/185
f 188/188/188 187/187/187 186/186/186
f 188/188/188 189/189/189 187/187/187
f 190/190/190 189/189/189 188/188/188
f 190/190/190 191/191/191 189/189/189
f 192/192/192 191/191/191 190/190/190
f 170/170/170 191/191/191 192/192/192
f 171/171/171 191/191/191 170/170/170
f 194/194/194 193/193/193 195/195/195
f 196/196/196 193/193/193 194/194/194
f 195/195/195 193/193/193 197/197/197
f 197/197/197 193/193/193 198/198/198
f 197/197/197 198/198/198 199/199/199
f 199/199/199 198/198/198 200/200/200
f 199/199/199 200/200/200 201/201/201
f 201/201/201 200/200/200 202/202/202
f 201/201/201 202/202/202 203/203/203
f 203/203/203 202/202/202 204/204/204
f 203/203/203 204/204/204 205/205/205
f 205/205/205 204/204/204 206/206/206
f 205/205/205 206/206/206 207/207/207
f 207/207/207 206/206/206 208/208/208
f 207/207/207 208/208/208 209/209/209
f 209/209/209 208/208/208 210/210/210
f 209/209/209 210/210/210 211/211/211
f 211/211/211 210/210/210 212/212/212
f 211/211/211 212/212/212 213/213/213
f 213/213/213 212/212/212 214/214/214
f 213/213/213 214/214/214 215/215/215
f 215/215/215 214/214/214 216/216/216
f 215/215/215 216/216/216 194/194/194
f 194/194/194 216/216/216 196/196/196
f 217/217/217 215/215/215 194/194/194
f 218/218/218 215/215/215 217/217/217
f 218/218/218 213/213/213 215/215/215
f 219/219/219 213/213/213 218/218/218
f 219/219/219 211/211/211 213/213/213
f 220/220/220 211/211/211 219/219/219
f 220/220/220 209/209/209 211/211/211
f 221/221/221 209/209/209 220/220/220
f 221/221/221 207/207/207 209/209/209
f 222/222/222 207/207/207 221/221/221
f 222/222/222 205/205/205 207/207/207
f 223/223/223 205/205/205 222/222/222
f 223/223/223 203/203/203 205/205/205
f 224/224/224 203/203/203 223/223/223
f 224/224/224 201/201/201 203/203/203
f 225/225/225 201/201/201 224/224/224
f 225/225/225 199/199/199 201/201/201
f 226/226/226 199/199/199 225/225/225
f 226/226/226 197/197/197 199/199/199
f 227/227/227 197/197/197 226/226/226
f 227/227/227 195/195/195 197/197/197
f 228/228/228 195/195/195 227/227/227
f 228/228/228 217/217/217 195/195/195
f 195/195/195 217/217/217 194/194/194
v -0.4596615 0.8241307 0.366175
v 0.04133061 0.7880447 0.1935921
v 0.04330559 0.8346631 0.1996692
v -0.4601299 0.780388 0.3647325
v -0.4524976 0.861254 0.3882236
v 0.05221831 0.8718412 0.2271004
v -0.4405567 0.881813 0.4249724
v 0.06568168 0.8896167 0.2685365
v -0.427039 0.8802966 0.4665747
v 0.0800878 0.8832265 0.3128725
v -0.4155684 0.8571131 0.5018803
v 0.09157661 0.8543848 0.3482314
v -0.4092149 0.8184734 0.5214331
v 0.09706946 0.8108155 0.365137
v -0.4096834 0.7747315 0.5199919
v 0.0950944 0.7641969 0.3590599
v -0.4168476 0.7376068 0.4979426
v 0.08618156 0.7270197 0.3316281
v -0.4287884 0.7170482 0.4611929
v 0.07271867 0.7092447 0.2901934
v -0.4423045 0.7185643 0.4195925
v 0.05831243 0.7156337 0.2458571
v -0.4537767 0.7417477 0.3842849
v 0.0468244 0.7444769 0.2104986
v 0.07674771 0.7350975 0.2057633
v 0.02879892 0.7795413 0.1960549
v 0.01322091 0.74828 0.2438818
v 0.0706059 0.7819211 0.1818643
v 0.03452304 0.716763 0.2714919
v 0.09061436 0.7084863 0.2550074
v 0.07375576 0.8336991 0.1853674
v 0.0112756 0.8269396 0.2191462
v 0.0187546 0.8610001 0.2421892
v 0.08931497 0.8798046 0.21978
v 0.03735581 0.8836136 0.2827576
v 0.1030092 0.8941497 0.2609006
v 0.1140677 0.8818963 0.3116351
v 0.039217 0.8628765 0.3244883
v 0.06434412 0.8445085 0.3575372
v 0.1301634 0.8396708 0.3489731
v 0.08589945 0.7930978 0.3714688
v 0.1294216 0.7968253 0.3579606
v 0.116156 0.7473729 0.3429306
v 0.05410918 0.7493168 0.3490263
v 0.1111375 0.7112375 0.2985663
v 0.03696215 0.7321621 0.3163994
v -0.4643653 0.8576618 0.3856564
v -0.4970398 0.8067129 0.4144942
v -0.4415828 0.7809778 0.3988623
v -0.4908008 0.8833969 0.4159603
v -0.43301 0.8669348 0.4319169
v -0.433715 0.7902508 0.4426412
v -0.4976946 0.8026938 0.4020395
v -0.5070666 0.8793778 0.4002478
v -0.4365077 0.8668673 0.4487434
v -0.4357159 0.7901833 0.4383258
v -0.4296433 0.8697885 0.4733571
v -0.4370937 0.7931045 0.4918526
v -0.4451833 0.8621438 0.5013022
v -0.4535137 0.798351 0.4953779
v -0.4562727 0.794117 0.5228319
v -0.465977 0.8813181 0.5144659
v -0.5258051 0.7892233 0.5547246
v -0.5598531 0.8016984 0.5411317
v -0.5646662 0.7891145 0.4020609
v -0.5889409 0.7971564 0.4238461
v -0.5933204 0.7971563 0.526099
v -0.6150475 0.7895877 0.4532592
v -0.622936 0.7775155 0.4950293
v -0.5213463 0.8659073 0.5539945
v -0.5547984 0.8783824 0.5424861
v -0.5676488 0.8657985 0.4033459
v -0.5933201 0.8738405 0.4282254
v -0.5889414 0.8738403 0.530478
v -0.6169448 0.8662717 0.4603405
v -0.6207584 0.8541996 0.5031558
v -0.5070666 0.8793778 0.4002478
v -0.5646662 0.7891145 0.4020609
v -0.4976946 0.8026938 0.4020395
v -0.5676488 0.8657985 0.4033459
v -0.5889409 0.7971564 0.4238461
v -0.5933201 0.8738405 0.4282254
v -0.6150475 0.7895877 0.4532592
v -0.6169448 0.8662717 0.4603405
v -0.622936 0.7775155 0.4950293
v -0.6207584 0.8541996 0.5031558
v -0.5933204 0.7971563 0.526099
v -0.5889414 0.8738403 0.530478
v -0.5598531 0.8016984 0.5411317
v -0.5547984 0.8783824 0.5424861
v -0.5258051 0.7892233 0.5547246
v -0.5213463 0.8659073 0.5539945
v -0.4562727 0.794117 0.5228319
v -0.465977 0.8813181 0.5144659
v -0.5636316 0.8327444 0.4007515
v -0.4422726 0.792711 0.3575971
v -0.4180756 0.8269036 0.3682841
v -0.5652053 0.7837782 0.3959087
v -0.415819 0.7584047 0.3754522
v -0.5592422 0.7432067 0.414261
v -0.4117013 0.7289487 0.4050488
v -0.5491025 0.7192416 0.4454653
v -0.5366971 0.7129874 0.4836467
v -0.3938637 0.7289739 0.4430264
v -0.5224879 0.7305799 0.527378
v -0.379826 0.748771 0.4663467
v -0.383086 0.7662978 0.5006887
v -0.5135599 0.7704408 0.5548577
v -0.3937928 0.810631 0.5188553
v -0.5122151 0.8108383 0.5589959
v -0.5167447 0.8487362 0.545054
v -0.3807406 0.8455092 0.4834124
v -0.5273104 0.8778732 0.5125358
v -0.3901207 0.8667811 0.4545431
v -0.5423331 0.8856291 0.4663002
v -0.3944329 0.8628955 0.4213905
v -0.417036 0.8600847 0.3886292
v -0.5551717 0.8684205 0.4267867
v 0.2435257 0.8804665 0.3279485
v 0.1953875 0.8970371 0.3139425
v 0.288559 0.8852975 0.2926202
v 0.1848351 0.8488382 0.1210986
v 0.2827667 0.8626924 0.149871
v 0.1562412 0.8681239 0.1479399
v 0.2406131 0.8356698 0.1172116
v 0.3086803 0.8717839 0.1928793
v 0.09705978 0.8665172 0.1699602
v 0.3038239 0.8867146 0.240841
v 0.1371207 0.899574 0.3138314
v 0.1953875 0.8970371 0.3139425
v 0.288559 0.8852975 0.2926202
v 0.2136568 0.8006513 0.3378377
v 0.1325563 0.7581939 0.359749
v 0.1520393 0.8177687 0.349188
v 0.2069616 0.8210582 0.332756
v 0.1371207 0.899574 0.3138314
v 0.1953875 0.8970371 0.3139425
v 0.233503 0.8150334 0.3312688
v 0.2435257 0.8804665 0.3279485
v 0.279271 0.8102224 0.3086334
v 0.288559 0.8852975 0.2926202
v 0.3190649 0.8213451 0.2667012
v 0.3038239 0.8867146 0.240841
v 0.3164337 0.7977696 0.213391
v 0.3086803 0.8717839 0.1928793
v 0.2870381 0.7811338 0.1717922
v 0.2827667 0.8626924 0.149871
v 0.2441132 0.7752989 0.14434
v 0.2406131 0.8356698 0.1172116
v 0.1919608 0.7807954 0.1337994
v 0.1848351 0.8488382 0.1210986
v 0.1658763 0.8004303 0.1375815
v 0.1562412 0.8681239 0.1479399
v 0.09705978 0.8665172 0.1699602
v 0.09957016 0.7794396 0.1689885
v 0.1590232 0.7472512 0.1503993
v 0.08681022 0.7355582 0.187053
v 0.1495973 0.7551615 0.1594981
v 0.1845185 0.7612227 0.1397942
v 0.1912877 0.7515758 0.1400796
v 0.2376014 0.7698861 0.1436453
v 0.2461429 0.7523197 0.1430573
v 0.2827669 0.7751135 0.1684854
v 0.2920429 0.7585266 0.1725262
v 0.3147081 0.7763627 0.2110198
v 0.316434 0.7684814 0.2196159
v 0.321449 0.7761531 0.2676296
v 0.3133661 0.7799951 0.2732488
v 0.2837548 0.8042458 0.3055358
v 0.2832523 0.7894812 0.3181576
v 0.2397965 0.8095858 0.3308947
v 0.2351218 0.7945002 0.3420282
v 0.1964133 0.8001605 0.3345155
v 0.1111375 0.7112375 0.2985663
v 0.116156 0.7473729 0.3429306
v 0.09061436 0.7084863 0.2550074
v 0.07674771 0.7350975 0.2057633
v 0.1294216 0.7968253 0.3579606
v 0.1301634 0.8396708 0.3489731
v 0.1140677 0.8818963 0.3116351
v 0.1030092 0.8941497 0.2609006
v 0.08931497 0.8798046 0.21978
v 0.07375576 0.8336991 0.1853674
v 0.0706059 0.7819211 0.1818643
v 0.2136568 0.8006513 0.3378377
v 0.2376014 0.7698861 0.1436453
v 0.2397965 0.8095858 0.3308947
v 0.1845185 0.7612227 0.1397942
v 0.2827669 0.7751135 0.1684854
v 0.3147081 0.7763627 0.2110198
v 0.321449 0.7761531 0.2676296
v 0.1590232 0.7472512 0.1503993
v 0.1658763 0.8004303 0.1375815
v 0.2069616 0.8210582 0.332756
v 0.1919608 0.7807954 0.1337994
v 0.2441132 0.7752989 0.14434
v 0.233503 0.8150334 0.3312688
v 0.2870381 0.7811338 0.1717922
v 0.279271 0.8102224 0.3086334
v 0.3164337 0.7977696 0.213391
v 0.3190649 0.8213451 0.2667012
v 0.2132042 0.794293 0.2365359
v 0.1964133 0.8001605 0.3345155
v 0.1325563 0.7581939 0.359749
v 0.2351218 0.7945002 0.3420282
v 0.2832523 0.7894812 0.3181576
v 0.3133661 0.7799951 0.2732488
v 0.316434 0.7684814 0.2196159
v 0.2920429 0.7585266 0.1725262
v 0.2461429 0.7523197 0.1430573
v 0.1912877 0.7515758 0.1400796
v 0.1495973 0.7551615 0.1594981
v 0.08681022 0.7355582 0.187053

vn -0.2570603 0.9153339 -0.3099742
vn 0.08534052 0.9438264 -0.3192318
vn -0.424228 0.8574669 -0.2911724
vn 0.2605539 0.914444 -0.3096839
vn -0.7057655 0.6699834 -0.230255
vn -0.8201305 0.5403612 -0.1881377
vn -0.9653865 0.2441053 -0.09187777
vn -0.9962813 0.07745965 -0.03773067
vn -0.9663191 -0.2481796 0.06807652
vn -0.9054751 -0.4071598 0.1197316
vn -0.7083484 -0.6749118 0.2067286
vn -0.5720615 -0.7836766 0.2420678
vn -0.2605541 -0.9218284 0.2869566
vn -0.08533524 -0.9512115 0.2965045
vn 0.2570428 -0.9227231 0.2872476
vn 0.4242361 -0.8648481 0.2684432
vn 0.705777 -0.6773571 0.2075236
vn 0.8201397 -0.5477331 0.1654066
vn 0.9653886 -0.2514824 0.06914888
vn 0.9962799 -0.08485845 0.01500913
vn 0.9663275 0.2407649 -0.09079262
vn 0.9054792 0.3997673 -0.1424555
vn 0.708339 0.6675364 -0.2294583
vn 0.5720562 0.7762957 -0.2647961
vn 0.6736046 0.5968432 -0.43593
vn 0.2040876 0.8242511 -0.5281655
vn 0.3857921 0.1011332 -0.917026
vn 0.182891 0.8414838 -0.5083858
vn 0.7759545 -0.02670609 -0.6302234
vn 0.9591069 0.03622201 -0.2807169
vn -0.3494078 0.8030607 -0.482709
vn -0.2378189 0.394085 -0.8877721
vn -0.511127 0.2199259 -0.8308923
vn -0.8705188 0.4014086 -0.2847247
vn -0.7831373 -0.1407619 -0.6057081
vn -0.9860206 0.02955821 -0.1639806
vn -0.8535507 -0.5136521 -0.08725
vn -0.4730371 -0.5037755 -0.7228044
vn -0.4619556 -0.8219733 -0.3331022
vn -0.3698812 -0.9177317 0.144764
vn 0.07143802 -0.9954861 0.06248407
vn -0.007533244 -0.9923624 0.1231271
vn 0.5103169 -0.8576223 -0.06372369
vn 0.4707975 -0.7125156 -0.5202609
vn 0.9347225 -0.3544758 -0.02531526
vn 0.5073918 -0.4442373 -0.7383814
vn -0.3943034 0.8937862 0.2137084
vn -0.9090035 0.4155721 0.0318192
vn -0.3943034 0.629669 0.6693595
vn -0.9090035 0.3862508 0.1565984
vn -0.5797629 0.05425792 0.8129767
vn -0.5797629 -0.1602281 0.7988756
vn -0.8286221 0.5238858 0.1973049
vn -0.8286223 0.5597213 0.009864475
vn -0.5784118 -0.1654912 0.7987819
vn -0.5784118 0.04285847 0.8146183
vn -0.6368366 -0.09332683 0.7653296
vn -0.6368366 -0.463236 0.6163211
vn -0.4839419 -0.5071685 0.7131483
vn -0.7417662 -0.3886835 0.546542
vn -0.6570858 -0.4922021 0.5709426
vn -0.8674286 -0.3248816 0.3768548
vn -0.5592111 -0.8242154 0.08917475
vn -0.8087155 -0.5523584 -0.2021869
vn -0.5570372 0.7750171 -0.2984261
vn -0.717874 0.5341132 -0.44652
vn -0.7178727 -0.4465222 -0.5341131
vn -0.5664997 0.2832516 -0.7738519
vn -0.3250577 -0.1625305 -0.931623
vn -0.5592111 -0.8096139 0.1783492
vn -0.8087155 -0.5794475 -0.1010934
vn -0.5570369 0.7493168 -0.3580983
vn -0.7178745 0.4465282 -0.5341056
vn -0.7178727 -0.534105 -0.4465319
vn -0.5664997 0.1416257 -0.8118007
vn -0.3250577 -0.3250607 -0.8880728
vn -0.8286223 0.5597213 0.009864475
vn -0.5570372 0.7750171 -0.2984261
vn -0.8286221 0.5238858 0.1973049
vn -0.5570369 0.7493168 -0.3580983
vn -0.717874 0.5341132 -0.44652
vn -0.7178745 0.4465282 -0.5341056
vn -0.5664997 0.2832516 -0.7738519
vn -0.5664997 0.1416257 -0.8118007
vn -0.3250577 -0.1625305 -0.931623
vn -0.3250577 -0.3250607 -0.8880728
vn -0.7178727 -0.4465222 -0.5341131
vn -0.7178727 -0.534105 -0.4465319
vn -0.8087155 -0.5523584 -0.2021869
vn -0.8087155 -0.5794475 -0.1010934
vn -0.5592111 -0.8242154 0.08917475
vn -0.5592111 -0.8096139 0.1783492
vn -0.6570858 -0.4922021 0.5709426
vn -0.8674286 -0.3248816 0.3768548
vn -0.382674 0.8786655 -0.2854958
vn 0.03953417 0.9990709 0.01716305
vn -0.2658591 0.832713 0.4857037
vn 0.21819 0.9281423 -0.3015711
vn 0.3729795 0.780891 0.5010947
vn 0.6769388 0.700015 -0.2274489
vn 0.7297392 0.4769787 0.4898696
vn 0.9238812 0.3639494 -0.1182552
vn 0.9991267 -0.03973867 0.01291199
vn 0.679396 0.07736661 0.7296818
vn 0.7933549 -0.5789649 0.1881161
vn 0.429535 -0.05364041 0.9014558
vn 0.3818389 -0.5194595 0.7644352
vn 0.2989786 -0.907557 0.294877
vn -0.1263665 -0.8354131 0.5348989
vn -0.1305131 -0.9429221 0.3063733
vn -0.5357906 -0.8030246 0.2609217
vn -0.471269 -0.2654915 0.8410825
vn -0.8861706 -0.44068 0.1431879
vn -0.6643273 0.02387207 0.7470606
vn -0.9914485 0.1241115 -0.04032667
vn -0.5367765 0.3270043 0.7777785
vn -0.6266401 0.6468097 0.4346947
vn -0.7933567 0.578962 -0.1881175
vn -0.5042147 -0.8085011 0.3034693
vn -0.8389677 -0.5441388 0.006785836
vn -0.6671756 -0.4140351 0.6192349
vn -0.3918304 0.881215 -0.2644413
vn -0.5934134 0.6609672 0.4593292
vn -0.7112033 0.6564891 -0.2514195
vn -0.1251023 0.974736 0.185039
vn -0.6536447 0.3729229 0.6585417
vn -0.5839706 0.6635246 -0.4676682
vn -0.8137591 0.0652089 0.5775327
vn -0.8733864 -0.465138 -0.14437
vn -0.8389677 -0.5441388 0.006785836
vn -0.6671756 -0.4140351 0.6192349
vn -0.6628122 -0.6497458 0.3721699
vn 0.0168962 -0.9716893 -0.2356578
vn -0.20594 -0.9663708 0.1540014
vn 0.43517 -0.8682489 0.2382669
vn -0.8733864 -0.465138 -0.14437
vn -0.8389677 -0.5441388 0.006785836
vn 0.559026 -0.8227258 0.1030161
vn -0.5042147 -0.8085011 0.3034693
vn 0.5889065 -0.6821203 0.4334756
vn -0.6671756 -0.4140351 0.6192349
vn 0.2481927 -0.3998158 0.8823537
vn -0.8137591 0.0652089 0.5775327
vn 0.5812218 0.01486626 0.8136095
vn -0.6536447 0.3729229 0.6585417
vn 0.7923172 0.274722 0.5447581
vn -0.5934134 0.6609672 0.4593292
vn 0.8368761 0.4843481 0.2550402
vn -0.1251023 0.974736 0.185039
vn 0.723586 0.6793801 -0.1219272
vn -0.3918304 0.881215 -0.2644413
vn 0.3972274 0.9158399 -0.05871887
vn -0.7112033 0.6564891 -0.2514195
vn -0.5839706 0.6635246 -0.4676682
vn 0.188923 0.8888391 -0.4174604
vn -0.04530912 0.9796005 -0.1957807
vn 0.09789076 0.7334484 -0.6726597
vn -0.3892764 0.8371254 -0.3842984
vn -0.3910812 0.8796235 -0.2707734
vn -0.3839012 0.9133945 -0.1353903
vn -0.5609882 0.8183619 0.1248041
vn -0.39542 0.8696225 0.2956346
vn -0.5933951 0.6609806 0.4593333
vn -0.4474176 0.619662 0.6448541
vn -0.49676 0.3824111 0.7790965
vn -0.5249142 0.2499893 0.8136157
vn -0.3540888 -0.09826311 0.9300352
vn -0.6166886 -0.1711459 0.7683778
vn -0.7976823 -0.3000273 0.5231508
vn -0.6881697 -0.512982 0.5131004
vn -0.838142 -0.4951056 0.2288854
vn -0.7222102 -0.6782932 0.1353916
vn -0.8387574 -0.5438206 0.0273001
vn 0.9347225 -0.3544758 -0.02531526
vn 0.5103169 -0.8576223 -0.06372369
vn 0.9591069 0.03622201 -0.2807169
vn 0.6736046 0.5968432 -0.43593
vn -0.007533244 -0.9923624 0.1231271
vn -0.3698812 -0.9177317 0.144764
vn -0.8535507 -0.5136521 -0.08725
vn -0.9860206 0.02955821 -0.1639806
vn -0.8705188 0.4014086 -0.2847247
vn -0.3494078 0.8030607 -0.482709
vn 0.182891 0.8414838 -0.5083858
vn -0.6628122 -0.6497458 0.3721699
vn -0.5609882 0.8183619 0.1248041
vn -0.838142 -0.4951056 0.2288854
vn -0.3910812 0.8796235 -0.2707734
vn -0.5933951 0.6609806 0.4593333
vn -0.49676 0.3824111 0.7790965
vn -0.3540888 -0.09826311 0.9300352
vn -0.04530912 0.9796005 -0.1957807
vn 0.3972274 0.9158399 -0.05871887
vn 0.43517 -0.8682489 0.2382669
vn 0.723586 0.6793801 -0.1219272
vn 0.8368761 0.4843481 0.2550402
vn 0.559026 -0.8227258 0.1030161
vn 0.7923172 0.274722 0.5447581
vn 0.5889065 -0.6821203 0.4334756
vn 0.5812218 0.01486626 0.8136095
vn 0.2481927 -0.3998158 0.8823537
vn -0.9781477 0.2079115 -7.435494E-08
vn -0.8387574 -0.5438206 0.0273001
vn 0.0168962 -0.9716893 -0.2356578
vn -0.7222102 -0.6782932 0.1353916
vn -0.6881697 -0.512982 0.5131004
vn -0.6166886 -0.1711459 0.7683778
vn -0.5249142 0.2499893 0.8136157
vn -0.4474176 0.619662 0.6448541
vn -0.39542 0.8696225 0.2956346
vn -0.3839012 0.9133945 -0.1353903
vn -0.3892764 0.8371254 -0.3842984
vn 0.09789076 0.7334484 -0.6726597

vt 0.443171 0.132742
vt 0.609887 0.175013
vt 0.610092 0.174645
vt 0.442999 0.133054
vt 0.444308 0.130695
vt 0.611437 0.172221
vt 0.446104 0.127459
vt 0.613562 0.168391
vt 0.448077 0.123902
vt 0.615898 0.164181
vt 0.4497 0.120977
vt 0.617819 0.16072
vt 0.450538 0.119468
vt 0.61881 0.158934
vt 0.450365 0.119779
vt 0.618605 0.159302
vt 0.449229 0.121827
vt 0.61726 0.161726
vt 0.447433 0.125063
vt 0.615135 0.165556
vt 0.445459 0.12862
vt 0.612799 0.169766
vt 0.443836 0.131545
vt 0.610878 0.173227
vt 0.624768 0.177772
vt 0.610242 0.177369
vt 0.611538 0.17454
vt 0.623923 0.1806
vt 0.613871 0.169396
vt 0.626814 0.17263
vt 0.624549 0.180217
vt 0.610396 0.176985
vt 0.611949 0.173511
vt 0.626446 0.176743
vt 0.61441 0.168048
vt 0.629012 0.171282
vt 0.631433 0.165568
vt 0.616996 0.162332
vt 0.618887 0.158177
vt 0.63294 0.161414
vt 0.619482 0.156903
vt 0.633053 0.16014
vt 0.631739 0.16215
vt 0.618593 0.158914
vt 0.629413 0.166806
vt 0.616501 0.163571
vt 0.432515 0.130565
vt 0.424611 0.129371
vt 0.432515 0.130565
vt 0.424611 0.129371
vt 0.432981 0.129527
vt 0.432981 0.129527
vt 0.421619 0.131077
vt 0.421619 0.131077
vt 0.432047 0.128111
vt 0.432047 0.128111
vt 0.434908 0.12127
vt 0.434908 0.12127
vt 0.430574 0.119512
vt 0.430574 0.119512
vt 0.429241 0.114111
vt 0.429241 0.114111
vt 0.414009 0.110405
vt 0.40748 0.110405
vt 0.40748 0.128028
vt 0.401825 0.125667
vt 0.401825 0.112766
vt 0.398561 0.121577
vt 0.398561 0.116855
vt 0.414009 0.110405
vt 0.40748 0.110405
vt 0.40748 0.128028
vt 0.401825 0.125667
vt 0.401825 0.112766
vt 0.398561 0.121577
vt 0.398561 0.116855
vt 0.531018 0.152653
vt 0.521434 0.143805
vt 0.519924 0.149908
vt 0.532528 0.14655
vt 0.522038 0.141364
vt 0.533132 0.144109
vt 0.522386 0.139955
vt 0.533481 0.1427
vt 0.522386 0.139955
vt 0.533481 0.1427
vt 0.522038 0.141364
vt 0.533132 0.144109
vt 0.521434 0.143805
vt 0.532528 0.14655
vt 0.520736 0.146623
vt 0.531831 0.149368
vt 0.51911 0.153198
vt 0.530204 0.155943
vt 0.408175 0.124549
vt 0.443485 0.13369
vt 0.44376 0.133194
vt 0.4079 0.125045
vt 0.444292 0.132236
vt 0.408707 0.123591
vt 0.445965 0.129221
vt 0.41038 0.120575
vt 0.412471 0.116807
vt 0.448056 0.125452
vt 0.414419 0.113296
vt 0.450004 0.121941
vt 0.451288 0.119627
vt 0.415703 0.110982
vt 0.451564 0.119131
vt 0.415979 0.110486
vt 0.415171 0.111941
vt 0.450756 0.120586
vt 0.413498 0.114956
vt 0.449083 0.123601
vt 0.411407 0.118724
vt 0.446992 0.127369
vt 0.445044 0.13088
vt 0.409459 0.122235
vt 0.668276 0.165187
vt 0.657113 0.165378
vt 0.678078 0.168969
vt 0.041099 0.097692
vt 0.070459 0.08907
vt 0.027192 0.090116
vt 0.056936 0.097309
vt 0.078045 0.075182
vt 0.004192 0.079255
vt 0.077662 0.059367
vt 0.015555 0.036805
vt 0.039668 0.038669
vt 0.069411 0.045862
vt 0.38008 0.119317
vt 0.379198 0.115119
vt 0.383237 0.114952
vt 0.386359 0.119058
vt 0.387275 0.114784
vt 0.387382 0.119015
vt 0.386488 0.121834
vt 0.387511 0.121792
vt 0.386312 0.124284
vt 0.387335 0.124241
vt 0.385879 0.125751
vt 0.386902 0.125708
vt 0.385304 0.125842
vt 0.386327 0.1258
vt 0.384742 0.124533
vt 0.385765 0.12449
vt 0.384343 0.122174
vt 0.385366 0.122132
vt 0.384214 0.119398
vt 0.385238 0.119355
vt 0.38439 0.116948
vt 0.385413 0.116905
vt 0.385643 0.112856
vt 0.381605 0.113023
vt 0.378111 0.117208
vt 0.377566 0.11319
vt 0.377337 0.11724
vt 0.377935 0.119658
vt 0.377161 0.11969
vt 0.378064 0.122434
vt 0.37729 0.122466
vt 0.378463 0.124793
vt 0.377689 0.124825
vt 0.379025 0.126102
vt 0.378251 0.126134
vt 0.3796 0.126011
vt 0.378825 0.126043
vt 0.380033 0.124544
vt 0.379259 0.124576
vt 0.380209 0.122094
vt 0.379434 0.122126
vt 0.379305 0.11935
vt 0.378999 0.11246
vt 0.380267 0.112987
vt 0.378845 0.111818
vt 0.379852 0.111267
vt 0.382245 0.113232
vt 0.384305 0.113119
vt 0.385794 0.112682
vt 0.386239 0.11206
vt 0.385498 0.111451
vt 0.383806 0.111049
vt 0.381702 0.11098
vt 0.379616 0.115389
vt 0.376117 0.120555
vt 0.379733 0.12006
vt 0.375999 0.115884
vt 0.376703 0.124533
vt 0.377601 0.126754
vt 0.37857 0.126621
vt 0.376382 0.111772
vt 0.386945 0.11156
vt 0.390178 0.115176
vt 0.386562 0.115671
vt 0.38668 0.120342
vt 0.390296 0.119847
vt 0.387266 0.124321
vt 0.389913 0.123959
vt 0.388164 0.126542
vt 0.389133 0.126409
vt 0.3817 0.11891
vt 0.380744 0.120262
vt 0.380683 0.124039
vt 0.380731 0.117782
vt 0.380978 0.115603
vt 0.381418 0.114311
vt 0.381934 0.114251
vt 0.382387 0.115439
vt 0.382656 0.117557
vt 0.382668 0.120038
vt 0.382421 0.122216
vt 0.382067 0.125819
f 230/230/230 229/229/229 231/231/231
f 232/232/232 229/229/229 230/230/230
f 233/233/233 231/231/231 229/229/229
f 234/234/234 231/231/231 233/233/233
f 235/235/235 234/234/234 233/233/233
f 236/236/236 234/234/234 235/235/235
f 235/235/235 237/237/237 236/236/236
f 236/236/236 237/237/237 238/238/238
f 237/237/237 239/239/239 238/238/238
f 238/238/238 239/239/239 240/240/240
f 241/241/241 240/240/240 239/239/239
f 242/242/242 240/240/240 241/241/241
f 241/241/241 243/243/243 242/242/242
f 242/242/242 243/243/243 244/244/244
f 243/243/243 245/245/245 244/244/244
f 244/244/244 245/245/245 246/246/246
f 247/247/247 246/246/246 245/245/245
f 248/248/248 246/246/246 247/247/247
f 247/247/247 249/249/249 248/248/248
f 248/248/248 249/249/249 250/250/250
f 249/249/249 251/251/251 250/250/250
f 250/250/250 251/251/251 252/252/252
f 251/251/251 232/232/232 252/252/252
f 252/252/252 232/232/232 230/230/230
f 254/254/254 253/253/253 255/255/255
f 256/256/256 253/253/253 254/254/254
f 253/253/253 257/257/257 255/255/255
f 258/258/258 257/257/257 253/253/253
f 256/256/256 254/254/254 259/259/259
f 259/259/259 254/254/254 260/260/260
f 255/255/255 260/260/260 254/254/254
f 261/261/261 259/259/259 260/260/260
f 255/255/255 261/261/261 260/260/260
f 257/257/257 261/261/261 255/255/255
f 262/262/262 259/259/259 261/261/261
f 263/263/263 262/262/262 261/261/261
f 257/257/257 263/263/263 261/261/261
f 264/264/264 262/262/262 263/263/263
f 264/264/264 263/263/263 265/265/265
f 265/265/265 263/263/263 266/266/266
f 267/267/267 265/265/265 266/266/266
f 268/268/268 265/265/265 267/267/267
f 269/269/269 268/268/268 267/267/267
f 270/270/270 268/268/268 269/269/269
f 270/270/270 269/269/269 271/271/271
f 271/271/271 269/269/269 272/272/272
f 272/272/272 267/267/267 266/266/266
f 269/269/269 267/267/267 272/272/272
f 271/271/271 272/272/272 273/273/273
f 273/273/273 272/272/272 274/274/274
f 274/274/274 266/266/266 263/263/263
f 272/272/272 266/266/266 274/274/274
f 257/257/257 273/273/273 274/274/274
f 274/274/274 263/263/263 257/257/257
f 258/258/258 273/273/273 257/257/257
f 276/276/276 275/275/275 277/277/277
f 278/278/278 275/275/275 276/276/276
f 275/275/275 279/279/279 277/277/277
f 278/278/278 279/279/279 275/275/275
f 277/277/277 279/279/279 280/280/280
f 276/276/276 280/280/280 277/277/277
f 281/281/281 278/278/278 276/276/276
f 282/282/282 278/278/278 281/281/281
f 279/279/279 283/283/283 280/280/280
f 283/283/283 279/279/279 278/278/278
f 280/280/280 283/283/283 284/284/284
f 284/284/284 280/280/280 276/276/276
f 283/283/283 285/285/285 284/284/284
f 278/278/278 285/285/285 283/283/283
f 284/284/284 285/285/285 286/286/286
f 276/276/276 286/286/286 284/284/284
f 285/285/285 287/287/287 286/286/286
f 287/287/287 285/285/285 278/278/278
f 286/286/286 287/287/287 288/288/288
f 288/288/288 286/286/286 276/276/276
f 288/288/288 287/287/287 289/289/289
f 276/276/276 289/289/289 288/288/288
f 281/281/281 289/289/289 276/276/276
f 289/289/289 287/287/287 290/290/290
f 278/278/278 290/290/290 287/287/287
f 282/282/282 290/290/290 278/278/278
f 291/291/291 289/289/289 281/281/281
f 291/291/291 281/281/281 292/292/292
f 292/292/292 281/281/281 293/293/293
f 294/294/294 292/292/292 293/293/293
f 295/295/295 292/292/292 294/294/294
f 296/296/296 295/295/295 294/294/294
f 297/297/297 295/295/295 296/296/296
f 298/298/298 290/290/290 282/282/282
f 298/298/298 282/282/282 299/299/299
f 299/299/299 282/282/282 300/300/300
f 301/301/301 299/299/299 300/300/300
f 302/302/302 299/299/299 301/301/301
f 303/303/303 302/302/302 301/301/301
f 304/304/304 302/302/302 303/303/303
f 306/306/306 305/305/305 307/307/307
f 308/308/308 305/305/305 306/306/306
f 309/309/309 308/308/308 306/306/306
f 310/310/310 308/308/308 309/309/309
f 311/311/311 310/310/310 309/309/309
f 312/312/312 310/310/310 311/311/311
f 313/313/313 312/312/312 311/311/311
f 314/314/314 312/312/312 313/313/313
f 315/315/315 314/314/314 313/313/313
f 316/316/316 314/314/314 315/315/315
f 317/317/317 316/316/316 315/315/315
f 318/318/318 316/316/316 317/317/317
f 319/319/319 318/318/318 317/317/317
f 320/320/320 318/318/318 319/319/319
f 321/321/321 320/320/320 319/319/319
f 322/322/322 320/320/320 321/321/321
f 324/324/324 323/323/323 325/325/325
f 326/326/326 323/323/323 324/324/324
f 324/324/324 327/327/327 326/326/326
f 325/325/325 327/327/327 324/324/324
f 326/326/326 327/327/327 328/328/328
f 327/327/327 329/329/329 328/328/328
f 328/328/328 329/329/329 330/330/330
f 329/329/329 331/331/331 330/330/330
f 332/332/332 331/331/331 329/329/329
f 331/331/331 332/332/332 333/333/333
f 333/333/333 332/332/332 334/334/334
f 334/334/334 335/335/335 333/333/333
f 333/333/333 335/335/335 336/336/336
f 337/337/337 336/336/336 335/335/335
f 338/338/338 336/336/336 337/337/337
f 338/338/338 337/337/337 339/339/339
f 339/339/339 337/337/337 340/340/340
f 337/337/337 335/335/335 340/340/340
f 340/340/340 335/335/335 334/334/334
f 339/339/339 340/340/340 341/341/341
f 341/341/341 340/340/340 342/342/342
f 340/340/340 334/334/334 342/342/342
f 342/342/342 334/334/334 332/332/332
f 342/342/342 343/343/343 341/341/341
f 344/344/344 343/343/343 342/342/342
f 342/342/342 332/332/332 344/344/344
f 344/344/344 332/332/332 329/329/329
f 344/344/344 345/345/345 343/343/343
f 343/343/343 345/345/345 346/346/346
f 346/346/346 345/345/345 323/323/323
f 323/323/323 345/345/345 325/325/325
f 344/344/344 329/329/329 345/345/345
f 345/345/345 329/329/329 327/327/327
f 345/345/345 327/327/327 325/325/325
f 348/348/348 347/347/347 349/349/349
f 351/351/351 350/350/350 352/352/352
f 353/353/353 350/350/350 351/351/351
f 351/351/351 352/352/352 354/354/354
f 354/354/354 352/352/352 355/355/355
f 354/354/354 355/355/355 356/356/356
f 356/356/356 355/355/355 357/357/357
f 358/358/358 356/356/356 357/357/357
f 359/359/359 356/356/356 358/358/358
f 361/361/361 360/360/360 362/362/362
f 363/363/363 362/362/362 360/360/360
f 363/363/363 364/364/364 362/362/362
f 365/365/365 364/364/364 363/363/363
f 366/366/366 365/365/365 363/363/363
f 367/367/367 365/365/365 366/366/366
f 368/368/368 367/367/367 366/366/366
f 369/369/369 367/367/367 368/368/368
f 370/370/370 369/369/369 368/368/368
f 371/371/371 369/369/369 370/370/370
f 372/372/372 371/371/371 370/370/370
f 373/373/373 371/371/371 372/372/372
f 374/374/374 373/373/373 372/372/372
f 375/375/375 373/373/373 374/374/374
f 376/376/376 375/375/375 374/374/374
f 377/377/377 375/375/375 376/376/376
f 378/378/378 377/377/377 376/376/376
f 379/379/379 377/377/377 378/378/378
f 380/380/380 379/379/379 378/378/378
f 381/381/381 379/379/379 380/380/380
f 382/382/382 381/381/381 380/380/380
f 380/380/380 383/383/383 382/382/382
f 384/384/384 383/383/383 380/380/380
f 383/383/383 384/384/384 385/385/385
f 385/385/385 384/384/384 386/386/386
f 384/384/384 387/387/387 386/386/386
f 386/386/386 387/387/387 388/388/388
f 387/387/387 389/389/389 388/388/388
f 388/388/388 389/389/389 390/390/390
f 389/389/389 391/391/391 390/390/390
f 390/390/390 391/391/391 392/392/392
f 391/391/391 393/393/393 392/392/392
f 392/392/392 393/393/393 394/394/394
f 393/393/393 395/395/395 394/394/394
f 394/394/394 395/395/395 396/396/396
f 395/395/395 397/397/397 396/396/396
f 396/396/396 397/397/397 398/398/398
f 397/397/397 399/399/399 398/398/398
f 398/398/398 399/399/399 400/400/400
f 399/399/399 360/360/360 400/400/400
f 400/400/400 360/360/360 401/401/401
f 360/360/360 361/361/361 401/401/401
f 402/402/402 361/361/361 403/403/403
f 404/404/404 361/361/361 402/402/402
f 385/385/385 361/361/361 404/404/404
f 405/405/405 385/385/385 404/404/404
f 403/403/403 361/361/361 406/406/406
f 406/406/406 361/361/361 362/362/362
f 407/407/407 406/406/406 362/362/362
f 362/362/362 364/364/364 407/407/407
f 407/407/407 364/364/364 408/408/408
f 408/408/408 364/364/364 409/409/409
f 409/409/409 364/364/364 410/410/410
f 410/410/410 364/364/364 382/382/382
f 410/410/410 382/382/382 411/411/411
f 412/412/412 385/385/385 405/405/405
f 382/382/382 412/412/412 411/411/411
f 383/383/383 385/385/385 412/412/412
f 383/383/383 412/412/412 382/382/382
f 414/414/414 413/413/413 415/415/415
f 416/416/416 413/413/413 414/414/414
f 414/414/414 415/415/415 417/417/417
f 417/417/417 415/415/415 397/397/397
f 417/417/417 397/397/397 418/418/418
f 418/418/418 397/397/397 419/419/419
f 420/420/420 413/413/413 416/416/416
f 420/420/420 421/421/421 413/413/413
f 413/413/413 421/421/421 422/422/422
f 421/421/421 423/423/423 422/422/422
f 424/424/424 422/422/422 423/423/423
f 425/425/425 422/422/422 424/424/424
f 426/426/426 425/425/425 424/424/424
f 427/427/427 425/425/425 426/426/426
f 428/428/428 427/427/427 426/426/426
f 429/429/429 427/427/427 428/428/428
f 431/431/431 430/430/430 432/432/432
f 433/433/433 430/430/430 431/431/431
f 434/434/434 430/430/430 433/433/433
f 435/435/435 430/430/430 434/434/434
f 436/436/436 430/430/430 435/435/435
f 437/437/437 430/430/430 436/436/436
f 438/438/438 430/430/430 437/437/437
f 439/439/439 430/430/430 438/438/438
f 440/440/440 430/430/430 439/439/439
f 441/441/441 430/430/430 440/440/440
f 432/432/432 430/430/430 441/441/441
v -0.0995072 0.7959434 0.3684669
v -0.1397941 1.061509 0.1960631
v -0.1412901 1.060895 0.2148739
v -0.1094719 0.7965938 0.3523842
v -0.1447901 1.045068 0.1887956
v -0.1084626 0.7859322 0.3409101
v -0.1417738 1.040822 0.1740011
v -0.1057837 0.7786256 0.3278712
v -0.1363766 1.034219 0.161525
v -0.1003172 0.7720444 0.3154162
v -0.1283954 1.028588 0.1500998
v -0.09227333 0.7664416 0.3040239
v -0.1181368 1.024146 0.1401644
v -0.08196113 0.7620325 0.294132
v -0.1059948 1.021063 0.1321005
v -0.06977675 0.7589865 0.2861205
v -0.09243635 1.019459 0.1262183
v -0.05618865 0.7574207 0.2802976
v -0.07798237 1.019393 0.1227436
v -0.04171891 0.7573952 0.2768869
v -0.0631882 1.02087 0.1218101
v -0.02692346 0.7589111 0.2760194
v -0.04862259 1.023832 0.1234536
v -0.01237114 0.76191 0.2777285
v -0.03484515 1.028166 0.127611
v 0.001378905 0.7662768 0.2819487
v -0.02238533 1.033704 0.1341223
v 0.01379843 0.7718436 0.2885174
v -0.01172201 1.040235 0.1427375
v 0.02440996 0.7783964 0.2971825
v -0.003264909 1.047507 0.1531255
v 0.03280581 0.7856836 0.3076111
v 0.002660826 1.05524 0.1648871
v 0.03866319 0.793425 0.3194022
v 0.005827655 1.063138 0.1775702
v 0.04175721 0.8013231 0.3321025
v 0.006113777 1.070897 0.1906876
v 0.04196883 0.8090744 0.3452245
v 0.003508179 1.078218 0.2037348
v 0.03928994 0.816381 0.3582633
v -0.001889003 1.084822 0.2162111
v 0.03382346 0.8229622 0.3707184
v -0.00987024 1.090452 0.2276363
v 0.02577957 0.828565 0.3821107
v -0.02012902 1.094894 0.2375717
v 0.01546725 0.8329741 0.3920027
v -0.03227082 1.097977 0.2456355
v 0.003283003 0.8360201 0.400014
v -0.04582931 1.099582 0.2515178
v -0.01030511 0.8375859 0.4058369
v -0.06028341 1.099647 0.2549925
v -0.02477499 0.8376114 0.4092478
v -0.07507747 1.09817 0.2559259
v -0.03957032 0.8360955 0.4101152
v -0.08964323 1.095208 0.2542824
v -0.05412274 0.8330965 0.408406
v -0.1034206 1.090874 0.2501251
v -0.06787282 0.8287297 0.4041859
v -0.1158804 1.085336 0.2436137
v -0.0802922 0.823163 0.3976171
v -0.1265437 1.078805 0.2349984
v -0.09090377 0.8166101 0.3889519
v -0.1350008 1.071534 0.2246103
v -0.1004329 0.8124031 0.3771438

vn 0.8478906 -0.5297218 0.02182747
vn -0.8487723 0.4834809 -0.214084
vn -0.3399472 -0.162957 -0.9262187
vn 0.3315652 -0.2767409 -0.9019307
vn -0.148907 0.1497382 -0.9774483
vn 0.6108311 -0.2420357 -0.7538594
vn -0.2894699 0.4115335 -0.8642034
vn 0.6878595 -0.1029218 -0.71851
vn -0.2175464 0.5466907 -0.8085808
vn 0.7567487 0.02937118 -0.6530458
vn -0.1555639 0.6716048 -0.7243943
vn 0.8148583 0.1497702 -0.5599777
vn -0.1058986 0.7814851 -0.6148711
vn 0.859953 0.2536469 -0.4428815
vn -0.07046351 0.8721015 -0.4842252
vn 0.890299 0.3370065 -0.3062586
vn -0.05061969 0.9399714 -0.3374784
vn 0.9047295 0.3966439 -0.1553651
vn -0.04713007 0.9824871 -0.1802718
vn 0.9026914 0.4302702 0.004008159
vn -0.06012814 0.9980167 -0.01863817
vn 0.8842617 0.4365925 0.1657355
vn -0.08911508 0.9859614 0.141205
vn 0.850149 0.4153666 0.3236007
vn -0.1329753 0.9467855 0.2931123
vn 0.8016668 0.3674121 0.4715282
vn -0.190023 0.881997 0.4312454
vn 0.7406753 0.2945677 0.6038462
vn -0.25807 0.7940792 0.5503072
vn 0.6695173 0.1996325 0.7154673
vn -0.3344986 0.6864146 0.6457134
vn 0.5909289 0.08625564 0.8020992
vn -0.4163705 0.5631416 0.7137978
vn 0.5079331 -0.04120085 0.8604107
vn -0.5005392 0.4289992 0.7519443
vn 0.4237154 -0.1778458 0.8881645
vn -0.5837741 0.2891351 0.7586887
vn 0.3415124 -0.3184268 0.8842927
vn -0.6628729 0.1489305 0.7337705
vn 0.2644857 -0.4575377 0.8489444
vn -0.7347963 0.01377292 0.678148
vn 0.1955937 -0.5898356 0.7834776
vn -0.7967816 -0.1111463 0.5939575
vn 0.1374837 -0.7102361 0.6904078
vn -0.8464453 -0.2210238 0.4844366
vn 0.0923904 -0.8141093 0.5733151
vn -0.8818799 -0.3116381 0.3537932
vn 0.06204474 -0.8974687 0.4366926
vn -0.9017236 -0.3795089 0.2070454
vn 0.04761384 -0.9571062 0.2857989
vn -0.9052135 -0.4220245 0.04983818
vn 0.04965242 -0.990733 0.1264238
vn -0.8922151 -0.4375542 -0.1117979
vn 0.06808235 -0.9970549 -0.03530545
vn -0.8632284 -0.425499 -0.2716385
vn 0.1021936 -0.97583 -0.1931643
vn -0.8193688 -0.3863237 -0.4235434
vn 0.1506774 -0.9278736 -0.3410968
vn -0.7623184 -0.3215318 -0.5616832
vn 0.2116703 -0.8550278 -0.4734165
vn -0.6942723 -0.2336152 -0.6807423
vn 0.2828268 -0.7600943 -0.5850349
vn -0.6178452 -0.1259522 -0.7761466
vn 0.1407418 -0.5781323 -0.8037132

vt 0 0
vt 0 0
vt 0 0
vt 0 0
vt 0 0
vt 0 0
vt 0 0
vt 0 0
vt 0 0
vt 0 0
vt 0 0
vt 0 0
vt 0 0
vt 0 0
vt 0 0
vt 0 0
vt 0 0
vt 0 0
vt 0 0
vt 0 0
vt 0 0
vt 0 0
vt 0 0
vt 0 0
vt 0 0
vt 0 0
vt 0 0
vt 0 0
vt 0 0
vt 0 0
vt 0 0
vt 0 0
vt 0 0
vt 0 0
vt 0 0
vt 0 0
vt 0 0
vt 0 0
vt 0 0
vt 0 0
vt 0 0
vt 0 0
vt 0 0
vt 0 0
vt 0 0
vt 0 0
vt 0 0
vt 0 0
vt 0 0
vt 0 0
vt 0 0
vt 0 0
vt 0 0
vt 0 0
vt 0 0
vt 0 0
vt 0 0
vt 0 0
vt 0 0
vt 0 0
vt 0 0
vt 0 0
vt 0 0
vt 0 0
f 443/443/443 442/442/442 444/444/444
f 445/445/445 442/442/442 443/443/443
f 446/446/446 445/445/445 443/443/443
f 447/447/447 445/445/445 446/446/446
f 447/447/447 442/442/442 445/445/445
f 448/448/448 447/447/447 446/446/446
f 446/446/446 443/443/443 448/448/448
f 449/449/449 447/447/447 448/448/448
f 449/449/449 442/442/442 447/447/447
f 450/450/450 449/449/449 448/448/448
f 448/448/448 443/443/443 450/450/450
f 451/451/451 449/449/449 450/450/450
f 451/451/451 442/442/442 449/449/449
f 452/452/452 451/451/451 450/450/450
f 450/450/450 443/443/443 452/452/452
f 453/453/453 451/451/451 452/452/452
f 453/453/453 442/442/442 451/451/451
f 454/454/454 453/453/453 452/452/452
f 452/452/452 443/443/443 454/454/454
f 455/455/455 453/453/453 454/454/454
f 455/455/455 442/442/442 453/453/453
f 456/456/456 455/455/455 454/454/454
f 454/454/454 443/443/443 456/456/456
f 457/457/457 455/455/455 456/456/456
f 457/457/457 442/442/442 455/455/455
f 458/458/458 457/457/457 456/456/456
f 456/456/456 443/443/443 458/458/458
f 459/459/459 457/457/457 458/458/458
f 460/460/460 459/459/459 458/458/458
f 461/461/461 459/459/459 460/460/460
f 462/462/462 461/461/461 460/460/460
f 463/463/463 461/461/461 462/462/462
f 464/464/464 463/463/463 462/462/462
f 465/465/465 463/463/463 464/464/464
f 466/466/466 465/465/465 464/464/464
f 467/467/467 465/465/465 466/466/466
f 468/468/468 467/467/467 466/466/466
f 469/469/469 467/467/467 468/468/468
f 470/470/470 469/469/469 468/468/468
f 471/471/471 469/469/469 470/470/470
f 472/472/472 471/471/471 470/470/470
f 473/473/473 471/471/471 472/472/472
f 474/474/474 473/473/473 472/472/472
f 475/475/475 473/473/473 474/474/474
f 476/476/476 475/475/475 474/474/474
f 477/477/477 475/475/475 476/476/476
f 478/478/478 477/477/477 476/476/476
f 479/479/479 477/477/477 478/478/478
f 480/480/480 479/479/479 478/478/478
f 481/481/481 479/479/479 480/480/480
f 482/482/482 481/481/481 480/480/480
f 483/483/483 481/481/481 482/482/482
f 484/484/484 483/483/483 482/482/482
f 485/485/485 483/483/483 484/484/484
f 486/486/486 485/485/485 484/484/484
f 487/487/487 485/485/485 486/486/486
f 488/488/488 487/487/487 486/486/486
f 489/489/489 487/487/487 488/488/488
f 490/490/490 489/489/489 488/488/488
f 491/491/491 489/489/489 490/490/490
f 492/492/492 491/491/491 490/490/490
f 493/493/493 491/491/491 492/492/492
f 494/494/494 493/493/493 492/492/492
f 495/495/495 493/493/493 494/494/494
f 496/496/496 495/495/495 494/494/494
f 497/497/497 495/495/495 496/496/496
f 498/498/498 497/497/497 496/496/496
f 499/499/499 497/497/497 498/498/498
f 500/500/500 499/499/499 498/498/498
f 501/501/501 499/499/499 500/500/500
f 502/502/502 501/501/501 500/500/500
f 503/503/503 501/501/501 502/502/502
f 500/500/500 443/443/443 502/502/502
f 498/498/498 443/443/443 500/500/500
f 496/496/496 443/443/443 498/498/498
f 494/494/494 443/443/443 496/496/496
f 492/492/492 443/443/443 494/494/494
f 490/490/490 443/443/443 492/492/492
f 502/502/502 443/443/443 504/504/504
f 504/504/504 503/503/503 502/502/502
f 504/504/504 443/443/443 444/444/444
f 444/444/444 505/505/505 504/504/504
f 505/505/505 503/503/503 504/504/504
f 442/442/442 505/505/505 444/444/444
f 495/495/495 442/442/442 493/493/493
f 497/497/497 442/442/442 495/495/495
f 499/499/499 442/442/442 497/497/497
f 501/501/501 442/442/442 499/499/499
f 503/503/503 442/442/442 501/501/501
f 505/505/505 442/442/442 503/503/503
f 493/493/493 442/442/442 491/491/491
f 491/491/491 442/442/442 489/489/489
f 489/489/489 442/442/442 487/487/487
f 487/487/487 442/442/442 485/485/485
f 485/485/485 442/442/442 483/483/483
f 483/483/483 442/442/442 481/481/481
f 481/481/481 442/442/442 479/479/479
f 479/479/479 442/442/442 477/477/477
f 477/477/477 442/442/442 475/475/475
f 475/475/475 442/442/442 473/473/473
f 473/473/473 442/442/442 471/471/471
f 471/471/471 442/442/442 469/469/469
f 469/469/469 442/442/442 467/467/467
f 467/467/467 442/442/442 465/465/465
f 465/465/465 442/442/442 463/463/463
f 463/463/463 442/442/442 461/461/461
f 461/461/461 442/442/442 459/459/459
f 459/459/459 442/442/442 457/457/457
f 488/488/488 443/443/443 490/490/490
f 486/486/486 443/443/443 488/488/488
f 484/484/484 443/443/443 486/486/486
f 482/482/482 443/443/443 484/484/484
f 480/480/480 443/443/443 482/482/482
f 478/478/478 443/443/443 480/480/480
f 476/476/476 443/443/443 478/478/478
f 474/474/474 443/443/443 476/476/476
f 472/472/472 443/443/443 474/474/474
f 470/470/470 443/443/443 472/472/472
f 468/468/468 443/443/443 470/470/470
f 466/466/466 443/443/443 468/468/468
f 464/464/464 443/443/443 466/466/466
f 462/462/462 443/443/443 464/464/464
f 460/460/460 443/443/443 462/462/462
f 458/458/458 443/443/443 460/460/460
v 0.333396 0.7161668 0.2040921
v 0.2154786 0.7182108 0.2532437
v 0.2961158 0.737498 0.3407252
v 0.267599 0.7010647 0.1900124
v 0.2387482 0.7040602 0.1584717
v 0.1894065 0.7085407 0.1524955
v 0.1420499 0.7140384 0.1781011
v 0.1147442 0.7235819 0.2227082
v 0.1138549 0.7345074 0.2746775
v 0.14005 0.7444199 0.3210347
v 0.1857112 0.7501512 0.3477429
v 0.229865 0.7433367 0.3451641
v 1.08085 1.132178 0.2900897
v 1.139498 1.137124 0.3102594
v 1.073452 1.145401 0.310811
v 1.13585 1.121561 0.2895356
v 1.035441 1.102849 0.2895337
v 1.019875 1.106497 0.3102588
v 1.025839 1.043468 0.2899536
v 1.009898 1.039196 0.3169393
v 1.052189 0.9858996 0.3102581
v 1.063845 0.9968426 0.2895333
v 1.118041 0.9789975 0.3108109
v 1.117836 0.9941485 0.2900885
v 1.171099 1.019189 0.3102581
v 1.160156 1.030844 0.2895335
v 1.175599 1.083595 0.305041
v 1.164159 1.080529 0.2899516
v 1.130134 1.135221 0.4644699
v 1.073932 1.127087 0.4758649
v 1.015678 1.099498 0.452154
v 1.049154 0.994961 0.4644701
v 1.023686 1.04289 0.4715347
v 1.109299 0.9950972 0.4758647
v 1.167137 1.012055 0.4521539
v 1.175884 1.083671 0.4585853
v 1.02279 0.9434993 0.434331
v 1.076428 0.959922 0.4072702
v 1.023432 0.9444066 0.3890593
v 1.073076 0.960196 0.4445835
v 1.057644 0.9762578 0.4828163
v 1.006634 0.9641527 0.4774019
v 1.034547 1.015748 0.5113674
v 0.9882081 1.003488 0.5016583
v 0.9741319 1.044738 0.5025505
v 1.017455 1.066835 0.5111594
v 0.9651317 1.086305 0.4817641
v 1.012509 1.109078 0.485783
v 1.078966 0.9690352 0.362604
v 0.9935867 0.9785188 0.3300333
v 0.9645472 1.115572 0.4398336
v 1.015256 1.134051 0.4439864
v 0.9634548 1.117213 0.3952017
v 1.017347 1.136614 0.4104651
v 0.9569635 1.107489 0.3880249
v 0.9683694 1.089624 0.3475157
v 0.9980728 1.066205 0.3822646
v 1.000202 1.058979 0.3484994
v 0.9818811 1.047883 0.3249061
v 0.9815336 1.080745 0.4312135
v 0.9791746 1.069999 0.453599
v 0.9574784 1.039092 0.491757
v 0.9917665 1.003081 0.4751493
v 1.006585 0.9999682 0.4454833
v 1.002472 0.9441833 0.4293859
v 1.021004 0.9849317 0.3958599
v 1.021468 0.9941515 0.3735758
v 1.001532 0.9736097 0.3437522
v 1.002239 1.011342 0.3252797
v 0.9782512 1.007624 0.3349448
v 1.002429 1.027946 0.3917749
v 1.001322 1.038998 0.3876574
v 1.010389 1.013587 0.3908767
v 1.00899 1.006565 0.4057204
v 1.005507 1.007104 0.419302
v 1.00252 1.009982 0.4338644
v 0.9965737 1.054527 0.3918028
v 0.9917064 1.056879 0.4061897
v 0.9889012 1.058563 0.420348
v 0.9886438 1.051217 0.4349507
v 0.9918217 1.033381 0.432201
v 0.9956208 1.024676 0.4370352
v 1.095218 0.9332667 0.4516002
v 1.049816 0.9828007 0.3316595
v 1.030543 0.9502652 0.4541269
v 1.103236 0.9734312 0.3499944
v 0.9846299 1.00664 0.3482093
v 0.9829851 0.9975287 0.4566095
v 0.9725671 1.07151 0.33968
v 0.9655232 1.062641 0.4580063
v 1.003139 1.128045 0.3481753
v 0.9833419 1.128071 0.4566939
v 1.047201 1.156604 0.3699568
v 1.031842 1.175152 0.4509934
v 1.098469 1.15684 0.3876024
v 1.096096 1.189591 0.4414367
v 1.14174 1.134372 0.3984762
v 1.156615 1.169738 0.4333079
v 1.16863 1.102494 0.4024071
v 1.200374 1.12568 0.4318807
v 1.182284 1.065581 0.3994003
v 1.22064 1.065607 0.4377095
v 1.178553 1.025616 0.3890951
v 1.206704 0.9996662 0.4453017
v 1.150825 0.9896463 0.3716409
v 1.159791 0.9510384 0.4491794
v 1.099448 1.191794 0.4690805
v 1.1635 1.172248 0.4690805
v 1.20475 0.9939987 0.4690805
v 1.155796 0.948301 0.4690805
v 1.209198 1.123294 0.4690805
v 1.224296 1.058051 0.4690805
v 1.090551 0.933203 0.4690805
v 1.0265 0.9527503 0.4690806
v 0.9808024 1.001704 0.4690806
v 0.9657044 1.066948 0.4690806
v 0.9852506 1.130999 0.4690806
v 1.034204 1.176696 0.4690805
v 0.3924494 0.7695343 0.2070161
v 0.9900606 0.9387704 0.3736746
v 0.9894746 0.9664766 0.3353216
v 0.3913646 0.7454211 0.2477142
v 0.9819355 0.9325691 0.4198745
v 0.3818202 0.7436004 0.2940218
v 0.9672765 0.9495324 0.4615403
v 0.366374 0.7645552 0.3335317
v 0.9500101 0.9851158 0.4875124
v 0.3491641 0.8026726 0.3556586
v 0.9347646 1.029784 0.4908297
v 0.3348016 0.8477408 0.3544758
v 0.9256216 1.071572 0.4706031
v 0.3271354 0.8876851 0.3302947
v 0.9250345 1.09928 0.432249
v 0.3282204 0.9117976 0.2895956
v 0.9331607 1.10548 0.3860493
v 0.3377644 0.9136193 0.2432896
v 0.9478199 1.088517 0.3443832
v 0.3532108 0.8926644 0.2037789
v 0.9650858 1.052934 0.318413
v 0.3704205 0.8545476 0.1816511
v 0.9803326 1.008265 0.3150943
v 0.3847835 0.8094778 0.182835
v 0.4225416 0.7815838 0.2210647
v 0.3391248 0.7942272 0.1699265
v 0.3520686 0.7522765 0.2023395
v 0.40939 0.8184183 0.1900861
v 0.3334959 0.7217407 0.2456952
v 0.4266146 0.7744839 0.2676843
v 0.4135788 0.7670442 0.305657
v 0.3194981 0.7254786 0.2938577
v 0.3917712 0.7891532 0.3451205
v 0.3118399 0.7632772 0.3359169
v 0.2877232 0.8034475 0.3484974
v 0.3667207 0.8289602 0.3619802
v 0.3613715 0.8728796 0.3491195
v 0.2830528 0.8576888 0.3350924
v 0.3609813 0.9088297 0.3114282
v 0.3032346 0.8892506 0.3099141
v 0.3027841 0.906571 0.2491436
v 0.3826471 0.9104246 0.2694188
v 0.3873531 0.9031876 0.2294641
v 0.3232957 0.8902048 0.2052009
v 0.3937755 0.8666042 0.1907189
v 0.3418044 0.8398892 0.1741229
v 0.2141139 0.9031311 0.2136264
v 0.2956191 0.9128734 0.3038174
v 0.2310551 0.9151208 0.2966427
v 0.191458 0.9087209 0.3108393
v 0.1447056 0.8981814 0.2945921
v 0.1148403 0.8887783 0.2500851
v 0.1117833 0.8773658 0.1969196
v 0.1359461 0.8674988 0.1502416
v 0.1814365 0.861345 0.1210177
v 0.2358125 0.8606011 0.1180503
v 0.2721815 0.8744652 0.1415826
v 0.3326085 0.8804235 0.1728233
v 1.04582 1.107765 0.3436407
v 0.9554325 1.076902 0.3386661
v 1.017936 1.134679 0.3735
v 0.9725671 1.07151 0.33968
v 1.049816 0.9828007 0.3316595
v 1.003139 1.128045 0.3481753
v 0.9846299 1.00664 0.3482093
v 1.103236 0.9734312 0.3499944
v 1.047201 1.156604 0.3699568
v 1.150825 0.9896463 0.3716409
v 1.098469 1.15684 0.3876024
v 1.178553 1.025616 0.3890951
v 1.14174 1.134372 0.3984762
v 1.182284 1.065581 0.3994003
v 1.16863 1.102494 0.4024071
v 0.2455973 0.8493773 0.3385768
v 0.2954632 0.7522416 0.1558056
v 0.3046306 0.8270341 0.1419774
v 0.2548107 0.8196353 0.3438082
v 0.2341034 0.7768992 0.1354179
v 0.2414443 0.7997224 0.1297756
v 0.1837376 0.7866085 0.1430173
v 0.1918181 0.8244222 0.3300557
v 0.1409497 0.7923518 0.1702845
v 0.1486863 0.8211672 0.3058455
v 0.1117833 0.7939877 0.2146423
v 0.1091416 0.7940353 0.272464
v 0.1899778 0.7901488 0.1404733
v 0.1865447 0.8298033 0.3256598
v 0.145222 0.795424 0.1650478
v 0.1442027 0.8242825 0.300817
v 0.1135097 0.8114963 0.2039998
v 0.106757 0.8346152 0.2551628
v 0.2956191 0.9128734 0.3038174
v 0.2455973 0.8493773 0.3385768
v 0.2310551 0.9151208 0.2966427
v 0.191458 0.9087209 0.3108393
v 0.1865447 0.8298033 0.3256598
v 0.1447056 0.8981814 0.2945921
v 0.1442027 0.8242825 0.300817
v 0.1148403 0.8887783 0.2500851
v 0.106757 0.8346152 0.2551628
v 0.1117833 0.8773658 0.1969196
v 0.1135097 0.8114963 0.2039998
v 0.1359461 0.8674988 0.1502416
v 0.145222 0.795424 0.1650478
v 0.1814365 0.861345 0.1210177
v 0.1899778 0.7901488 0.1404733
v 0.2358125 0.8606011 0.1180503
v 0.2414443 0.7997224 0.1297756
v 0.2721815 0.8744652 0.1415826
v 0.3046306 0.8270341 0.1419774
v 0.3326085 0.8804235 0.1728233
v 0.3331432 0.7953186 0.1700867
v 0.2954632 0.7522416 0.1558056
v 0.333396 0.7161668 0.2040921
v 0.267599 0.7010647 0.1900124
v 0.2387482 0.7040602 0.1584717
v 0.2341034 0.7768992 0.1354179
v 0.1894065 0.7085407 0.1524955
v 0.1837376 0.7866085 0.1430173
v 0.1420499 0.7140384 0.1781011
v 0.1409497 0.7923518 0.1702845
v 0.1147442 0.7235819 0.2227082
v 0.1117833 0.7939877 0.2146423
v 0.1138549 0.7345074 0.2746775
v 0.1091416 0.7940353 0.272464
v 0.14005 0.7444199 0.3210347
v 0.1486863 0.8211672 0.3058455
v 0.1857112 0.7501512 0.3477429
v 0.1918181 0.8244222 0.3300557
v 0.229865 0.7433367 0.3451641
v 0.2548107 0.8196353 0.3438082
v 0.2961158 0.737498 0.3407252
v 0.2882901 0.830138 0.3460202
v 0.3118399 0.7632772 0.3359169
v 0.2877232 0.8034475 0.3484974
v 0.3032346 0.8892506 0.3099141
v 0.2830528 0.8576888 0.3350924
v 0.3194981 0.7254786 0.2938577
v 0.3334959 0.7217407 0.2456952
v 0.3520686 0.7522765 0.2023395
v 0.3391248 0.7942272 0.1699265
v 0.3418044 0.8398892 0.1741229
v 0.3232957 0.8902048 0.2052009
v 0.3027841 0.906571 0.2491436
v 1.080325 1.135893 0.2587849
v 1.130996 1.139639 0.3235865
v 1.06735 1.141798 0.3235865
v 1.138257 1.124556 0.2582029
v 1.032445 1.105259 0.2582028
v 1.017361 1.097998 0.3235866
v 1.018946 1.041622 0.264088
v 1.01328 1.040103 0.3235866
v 1.045762 0.9920056 0.3235866
v 1.062455 0.99326 0.2582029
v 1.110952 0.9790687 0.3235865
v 1.119236 0.9906697 0.2587849
v 1.164994 1.012762 0.3235865
v 1.16374 1.029456 0.2582028
v 1.176719 1.083898 0.3235865
v 1.161484 1.079816 0.2511384
v 1.018946 1.041622 0.264088
v 1.094999 1.062001 0.2375866
v 1.032445 1.105259 0.2582028
v 1.080325 1.135893 0.2587849
v 1.138257 1.124556 0.2582029
v 1.161484 1.079816 0.2511384
v 1.16374 1.029456 0.2582028
v 1.062455 0.99326 0.2582029
v 1.119236 0.9906697 0.2587849

vn 0.7544406 0.3470355 0.5571227
vn 0.9765009 -0.2137756 0.02731295
vn 0.6941953 -0.6620077 0.2825572
vn 0.9627618 0.1876289 0.1946413
vn 0.8374726 0.510845 0.1941059
vn 0.7511628 0.6459075 -0.1362281
vn 0.712308 0.4683368 -0.5227602
vn 0.6412987 0.1400958 -0.7543933
vn 0.5592889 -0.2571513 -0.7880795
vn 0.4775785 -0.6359584 -0.606198
vn 0.4283519 -0.8625017 -0.2694541
vn 0.5613232 -0.8264853 -0.04287874
vn -0.7351123 0.6699389 -0.1038841
vn -0.7923669 0.3765425 0.4799694
vn -0.9029645 0.3655116 -0.2259566
vn -0.5707397 0.6810201 0.4587681
vn -0.4587573 0.6810572 -0.5707039
vn -0.4799613 0.3765546 -0.792366
vn 0.1915052 0.6726609 -0.7147399
vn 0.2510624 0.242945 -0.9369875
vn 0.8118427 0.3765684 -0.4462148
vn 0.6826423 0.6810645 -0.2648599
vn 0.8949643 0.3655132 0.2558108
vn 0.6885439 0.6699625 0.2775929
vn 0.4462195 0.3765685 0.8118402
vn 0.2648742 0.6810606 0.6826408
vn -0.2269227 0.4809113 0.8468947
vn -0.1914945 0.6726986 0.7147076
vn -0.7543125 -0.5876676 0.2926765
vn -0.5366917 -0.8155669 -0.2163624
vn -0.3399841 -0.3413501 -0.876294
vn 0.6306127 -0.5876725 -0.5069209
vn 0.1771755 -0.7289643 -0.6612263
vn 0.5729704 -0.8155655 0.0809816
vn 0.5888885 -0.3413474 0.7325929
vn -0.2284517 -0.4699771 0.8526028
vn 0.936608 -0.2344096 0.260418
vn 0.949635 0.01580824 0.3129595
vn 0.9565025 0.2211256 0.19028
vn 0.9350945 -0.2379008 0.2626812
vn 0.7870566 -0.6021559 0.133978
vn 0.7080597 -0.7013249 0.08243177
vn 0.3361537 -0.9362803 -0.1018819
vn 0.2790019 -0.9530551 -0.1176606
vn -0.1110863 -0.9611614 -0.2526437
vn -0.2518942 -0.9222186 -0.2933639
vn -0.546725 -0.7619308 -0.3472081
vn -0.6833941 -0.6344286 -0.3612108
vn 0.7575902 0.494392 0.4261851
vn 0.450718 0.7497247 -0.4845268
vn -0.881642 -0.3080618 -0.3574985
vn -0.9194435 -0.1890174 -0.3448133
vn -0.8764126 0.1346766 -0.4623453
vn -0.94608 -0.01665105 -0.3235047
vn -0.9625391 0.09873293 0.2525278
vn -0.5091444 0.6938971 -0.5091946
vn -0.3213846 -0.1805599 0.9295753
vn -0.5345119 0.2613436 0.8037392
vn -0.03196946 0.9127085 -0.4073592
vn -0.4657305 -0.3151389 0.8269116
vn -0.5012354 -0.3781078 0.7783301
vn -0.2787938 -0.9247703 0.2589864
vn 0.006485916 -0.6023738 0.7981879
vn -0.2888898 -0.2424558 0.9261523
vn 0.6422861 -0.3149861 0.6987507
vn -0.1346202 -0.0943666 0.9863938
vn -0.06859627 -0.03344464 0.9970838
vn 0.6228809 0.7425272 -0.2463187
vn -0.0167079 0.7159775 0.6979236
vn 0.3382692 0.7021759 -0.6265166
vn -0.348498 -0.5426466 0.7642539
vn -0.1757977 -0.4514557 0.8748047
vn -0.4195505 -0.3286829 0.8461354
vn -0.5058049 -0.2772557 0.8168787
vn -0.5510539 -0.1416088 0.8223665
vn -0.4415686 -0.07571498 0.8940272
vn -0.162625 -0.3230844 0.9322928
vn -0.04262226 -0.2536834 0.9663479
vn -0.1107785 -0.1295685 0.9853631
vn -0.1905558 -0.07332166 0.9789343
vn -0.192029 0.1776712 0.9651725
vn -0.4116655 0.07214623 0.9084749
vn 0.9947596 0.1021472 0.004368046
vn 0.5387798 0.8413799 0.04238204
vn 0.8678091 0.05161232 -0.4942102
vn 0.4955093 0.7796623 0.3828806
vn 0.570537 0.379245 -0.7284647
vn 0.5044807 0.001960218 -0.8634208
vn -0.07666019 0.6276911 -0.7746788
vn -0.002831808 -0.02597589 -0.9996587
vn -0.5897461 0.7237666 -0.3582758
vn -0.5165063 0.0002719804 -0.8562835
vn -0.7413961 0.6709943 -0.00992266
vn -0.8761861 0.1142837 -0.4682275
vn -0.6370467 0.7151833 0.2875493
vn -0.9519672 0.3054152 0.02191335
vn -0.4183342 0.8027051 0.4250425
vn -0.7679153 0.4679902 0.4373686
vn -0.2893181 0.8552279 0.4299772
vn -0.4686925 0.4965347 0.730603
vn -0.2012714 0.8375039 0.5080131
vn -0.06216913 0.37996 0.9229116
vn -0.01956102 0.7776073 0.6284461
vn 0.4617106 0.2281149 0.8571972
vn 0.2802671 0.7438536 0.6067392
vn 0.8523251 0.1505634 0.5008719
vn -0.9960352 1.704428E-08 0.08896089
vn -0.8181114 1.935253E-07 0.5750598
vn 0.57506 3.011071E-07 0.8181113
vn 0.9070739 1.640024E-07 0.4209712
vn -0.4209712 3.181522E-07 0.9070742
vn 0.08896063 3.575292E-07 0.9960353
vn 0.9960337 -1.70499E-08 -0.08897655
vn 0.8181067 -1.935278E-07 -0.5750666
vn 0.4209718 -3.181521E-07 -0.9070739
vn -0.08896525 -3.575291E-07 -0.9960348
vn -0.5750615 -3.011068E-07 -0.8181103
vn -0.9070739 -1.640026E-07 -0.4209718
vn 0.6741101 0.6451346 0.3596902
vn 0.8633269 0.3581796 0.3554915
vn 0.5435611 0.7651585 0.3450709
vn 0.9219944 0.1912508 0.3366738
vn 0.9517317 -0.1447605 0.2706494
vn 0.9228091 -0.3138395 0.223446
vn 0.7851461 -0.6088573 0.1133072
vn 0.676393 -0.7348172 0.05036205
vn 0.4081976 -0.9098569 -0.07440106
vn 0.2487627 -0.9589381 -0.1362168
vn -0.07810578 -0.9670848 -0.2421707
vn -0.245541 -0.9261415 -0.2863072
vn -0.5435436 -0.765172 -0.3450687
vn -0.6741062 -0.6451385 -0.3596904
vn -0.8633323 -0.3581673 -0.3554907
vn -0.9219987 -0.1912349 -0.3366714
vn -0.9517314 0.1447653 -0.2706479
vn -0.9228126 0.3138263 -0.2234496
vn -0.7851394 0.6088668 -0.1133027
vn -0.6763931 0.7348171 -0.05036199
vn -0.4082128 0.9098504 0.07439467
vn -0.2487768 0.9589353 0.1362116
vn 0.07810808 0.9670845 0.2421712
vn 0.2455596 0.9261352 0.2863116
vn 0.3490403 0.3872011 0.8533735
vn 0.1808518 0.9151072 0.3603773
vn 0.5658866 0.4976261 0.6573741
vn 0.03939044 0.7441748 0.6668226
vn 0.921142 0.05227213 0.3857008
vn 0.2550568 -0.09714889 0.9620335
vn 0.4338706 -0.3653435 0.8235779
vn 0.8705242 -0.4321175 0.2355039
vn 0.2781518 -0.7761338 0.5659046
vn 0.4106327 -0.8894022 0.2008596
vn 0.08124613 -0.9739316 -0.2117936
vn -0.0660086 -0.9677893 0.2429544
vn -0.4704182 -0.8441753 0.2570505
vn -0.5021201 -0.808653 -0.3065223
vn -0.8439201 -0.4606667 0.2749274
vn -0.7636589 -0.6451258 0.02525444
vn -0.9895068 0.1009654 -0.1033557
vn -0.7684767 -0.1099385 0.6303628
vn -0.7886572 0.2359352 0.5677629
vn -0.8290606 0.5302399 0.1774946
vn -0.4418088 0.7377573 0.5104109
vn -0.2240489 0.8646797 0.4495902
vn -0.978148 0.2079097 -7.435431E-08
vn -0.9038548 -0.3297315 0.2726235
vn -0.964902 -0.2619165 -0.01907716
vn -0.8336039 -0.5303103 -0.1545174
vn -0.6881942 -0.5129637 -0.513086
vn -0.6166916 -0.1711624 -0.7683718
vn -0.5249216 0.2499852 -0.8136123
vn -0.4474396 0.6196663 -0.6448345
vn -0.3954648 0.869605 -0.2956265
vn -0.3839076 0.9133914 0.1353933
vn -0.595809 0.7503656 0.2862921
vn -0.6212371 0.5665509 0.541373
vn -0.396405 0.864417 0.3092679
vn -0.1489212 0.5770298 -0.8030312
vn -0.9304352 0.2741315 -0.2431921
vn -0.07666019 0.6276911 -0.7746788
vn 0.5387798 0.8413799 0.04238204
vn -0.5897461 0.7237666 -0.3582758
vn 0.570537 0.379245 -0.7284647
vn 0.4955093 0.7796623 0.3828806
vn -0.7413961 0.6709943 -0.00992266
vn 0.2802671 0.7438536 0.6067392
vn -0.6370467 0.7151833 0.2875493
vn -0.01956102 0.7776073 0.6284461
vn -0.4183342 0.8027051 0.4250425
vn -0.2012714 0.8375039 0.5080131
vn -0.2893181 0.8552279 0.4299772
vn 0.1985488 -0.9126997 -0.3571523
vn 0.2127845 0.9693259 0.1230055
vn 0.2013942 0.9303699 0.3063536
vn -0.69107 -0.7018071 -0.1728846
vn -0.3774088 0.9204994 0.1012102
vn 0.6505678 0.7178048 0.248028
vn -0.5682933 0.7840534 -0.2496057
vn -0.8151687 -0.560177 -0.1473157
vn -0.6120611 0.5732479 -0.5447643
vn -0.8154485 -0.3835946 -0.4334731
vn -0.5249181 0.2499916 -0.8136125
vn -0.3893714 -0.2643023 -0.882346
vn 0.8453599 0.5194142 -0.1248023
vn 0.5616685 -0.7877999 -0.2527844
vn 0.8109559 0.3624616 -0.4593169
vn 0.606684 -0.5985445 -0.5231434
vn 0.6093689 0.1473021 -0.7790839
vn 0.283492 -0.2337966 -0.9300385
vn -0.9038548 -0.3297315 0.2726235
vn 0.1985488 -0.9126997 -0.3571523
vn -0.964902 -0.2619165 -0.01907716
vn -0.8336039 -0.5303103 -0.1545174
vn 0.5616685 -0.7877999 -0.2527844
vn -0.6881942 -0.5129637 -0.513086
vn 0.606684 -0.5985445 -0.5231434
vn -0.6166916 -0.1711624 -0.7683718
vn 0.283492 -0.2337966 -0.9300385
vn -0.5249216 0.2499852 -0.8136123
vn 0.6093689 0.1473021 -0.7790839
vn -0.4474396 0.6196663 -0.6448345
vn 0.8109559 0.3624616 -0.4593169
vn -0.3954648 0.869605 -0.2956265
vn 0.8453599 0.5194142 -0.1248023
vn -0.3839076 0.9133914 0.1353933
vn 0.6505678 0.7178048 0.248028
vn -0.595809 0.7503656 0.2862921
vn 0.2013942 0.9303699 0.3063536
vn -0.6212371 0.5665509 0.541373
vn 0.1261429 0.8242028 0.5520669
vn 0.2127845 0.9693259 0.1230055
vn 0.7544406 0.3470355 0.5571227
vn 0.9627618 0.1876289 0.1946413
vn 0.8374726 0.510845 0.1941059
vn -0.3774088 0.9204994 0.1012102
vn 0.7511628 0.6459075 -0.1362281
vn -0.5682933 0.7840534 -0.2496057
vn 0.712308 0.4683368 -0.5227602
vn -0.6120611 0.5732479 -0.5447643
vn 0.6412987 0.1400958 -0.7543933
vn -0.5249181 0.2499916 -0.8136125
vn 0.5592889 -0.2571513 -0.7880795
vn -0.3893714 -0.2643023 -0.882346
vn 0.4775785 -0.6359584 -0.606198
vn -0.8154485 -0.3835946 -0.4334731
vn 0.4283519 -0.8625017 -0.2694541
vn -0.8151687 -0.560177 -0.1473157
vn 0.5613232 -0.8264853 -0.04287874
vn -0.69107 -0.7018071 -0.1728846
vn 0.6941953 -0.6620077 0.2825572
vn -0.2038853 -0.970847 0.1260445
vn 0.4106327 -0.8894022 0.2008596
vn 0.08124613 -0.9739316 -0.2117936
vn -0.7636589 -0.6451258 0.02525444
vn -0.5021201 -0.808653 -0.3065223
vn 0.8705242 -0.4321175 0.2355039
vn 0.921142 0.05227213 0.3857008
vn 0.5658866 0.4976261 0.6573741
vn 0.1808518 0.9151072 0.3603773
vn -0.2240489 0.8646797 0.4495902
vn -0.8290606 0.5302399 0.1774946
vn -0.9895068 0.1009654 -0.1033557
vn -0.8093852 0.5760313 -0.1143836
vn -0.932292 1.15531E-07 0.3617066
vn -0.9274799 -1.474614E-07 -0.3738731
vn -0.6306198 0.5876719 0.5069126
vn -0.5069327 0.5876759 -0.6306
vn -0.3617176 -3.387761E-07 -0.9322878
vn 0.2284593 0.4699717 -0.8526038
vn 0.2588242 -3.416033E-07 -0.9659245
vn 0.7794004 -2.125052E-07 -0.6265262
vn 0.7543142 0.5876734 -0.2926607
vn 0.9901598 6.473029E-08 0.139941
vn 0.7581401 0.5760332 0.3056295
vn 0.6265253 2.880265E-07 0.7794011
vn 0.2926581 0.5876742 0.7543147
vn -0.2588344 3.416021E-07 0.9659218
vn -0.1771857 0.7289643 0.6612235
vn 0.2284593 0.4699717 -0.8526038
vn -1.482941E-08 1 -3.576279E-07
vn -0.5069327 0.5876759 -0.6306
vn -0.8093852 0.5760313 -0.1143836
vn -0.6306198 0.5876719 0.5069126
vn -0.1771857 0.7289643 0.6612235
vn 0.2926581 0.5876742 0.7543147
vn 0.7543142 0.5876734 -0.2926607
vn 0.7581401 0.5760332 0.3056295

vt 0.381066 0.112032
vt 0.380087 0.118842
vt 0.379702 0.113787
vt 0.381415 0.115583
vt 0.381659 0.11773
vt 0.381647 0.120175
vt 0.381382 0.122263
vt 0.380935 0.123434
vt 0.380427 0.123375
vt 0.379993 0.122101
vt 0.379749 0.119954
vt 0.379762 0.117509
vt 0.202648 0.155127
vt 0.193417 0.153794
vt 0.203054 0.153794
vt 0.194228 0.155127
vt 0.209564 0.155127
vt 0.210969 0.153794
vt 0.210316 0.155127
vt 0.21183 0.153794
vt 0.206266 0.153794
vt 0.205455 0.155127
vt 0.196629 0.153794
vt 0.197035 0.155127
vt 0.188714 0.153794
vt 0.190119 0.155127
vt 0.187853 0.153794
vt 0.189367 0.155127
vt 0.193417 0.128098
vt 0.203054 0.128098
vt 0.210969 0.128098
vt 0.206266 0.128098
vt 0.21183 0.128098
vt 0.196629 0.128098
vt 0.188714 0.128098
vt 0.187853 0.128098
vt 0.929561 0.130864
vt 0.946756 0.133275
vt 0.931118 0.135483
vt 0.946293 0.128174
vt 0.943132 0.124126
vt 0.926985 0.126856
vt 0.939258 0.121802
vt 0.924078 0.124534
vt 0.92162 0.124521
vt 0.936736 0.121789
vt 0.920269 0.126818
vt 0.936296 0.124088
vt 0.945863 0.137617
vt 0.932663 0.142203
vt 0.920388 0.130812
vt 0.937086 0.128118
vt 0.921944 0.135432
vt 0.937614 0.133274
vt 0.907863 0.137798
vt 0.924521 0.139439
vt 0.91044 0.141806
vt 0.913347 0.144127
vt 0.927427 0.141761
vt 0.906307 0.133179
vt 0.906189 0.129185
vt 0.907539 0.126887
vt 0.909997 0.126901
vt 0.912904 0.129223
vt 0.915481 0.13323
vt 0.917037 0.13785
vt 0.917156 0.141844
vt 0.931236 0.139477
vt 0.915805 0.144141
vt 0.929885 0.141775
vt 0.914731 0.143439
vt 0.912506 0.143426
vt 0.915954 0.141359
vt 0.915847 0.137743
vt 0.914438 0.133561
vt 0.912105 0.129933
vt 0.909875 0.141324
vt 0.907542 0.137696
vt 0.906133 0.133514
vt 0.906026 0.129899
vt 0.907249 0.127819
vt 0.909474 0.127831
vt 0.199842 0.122857
vt 0.214666 0.142972
vt 0.212298 0.122857
vt 0.20326 0.139276
vt 0.223016 0.144562
vt 0.221417 0.122857
vt 0.226072 0.143618
vt 0.224754 0.122857
vt 0.223016 0.140394
vt 0.221417 0.122857
vt 0.214666 0.135754
vt 0.212298 0.122857
vt 0.20326 0.13094
vt 0.199842 0.122857
vt 0.191854 0.127244
vt 0.187385 0.122857
vt 0.183504 0.125654
vt 0.178267 0.122857
vt 0.180448 0.126598
vt 0.174929 0.122857
vt 0.183504 0.129822
vt 0.178267 0.122857
vt 0.191854 0.134462
vt 0.187385 0.122857
vt 0.199842 0.119858
vt 0.187385 0.119858
vt 0.178267 0.119858
vt 0.187385 0.119858
vt 0.178267 0.119858
vt 0.174929 0.119858
vt 0.199842 0.119858
vt 0.212298 0.119858
vt 0.221417 0.119858
vt 0.224754 0.119858
vt 0.221417 0.119858
vt 0.212298 0.119858
vt 0.718115 0.176493
vt 0.917236 0.137751
vt 0.917347 0.141488
vt 0.718004 0.172755
vt 0.915779 0.133427
vt 0.716548 0.168432
vt 0.913368 0.129677
vt 0.714136 0.164681
vt 0.910647 0.127504
vt 0.711416 0.162508
vt 0.908347 0.127491
vt 0.709115 0.162495
vt 0.907083 0.129641
vt 0.707851 0.164646
vt 0.907194 0.133379
vt 0.707962 0.168384
vt 0.90865 0.137702
vt 0.709419 0.172707
vt 0.911062 0.141453
vt 0.71183 0.176458
vt 0.913782 0.143626
vt 0.71455 0.178631
vt 0.916083 0.143639
vt 0.716851 0.178644
vt 0.719061 0.176604
vt 0.699364 0.182602
vt 0.698725 0.179805
vt 0.71778 0.179787
vt 0.697053 0.174693
vt 0.718605 0.171173
vt 0.716556 0.165219
vt 0.694879 0.168889
vt 0.713565 0.160632
vt 0.692892 0.164236
vt 0.691725 0.162211
vt 0.710581 0.158868
vt 0.708552 0.160487
vt 0.691747 0.163457
vt 0.708122 0.164975
vt 0.692951 0.167578
vt 0.694955 0.173267
vt 0.709427 0.170908
vt 0.712054 0.176401
vt 0.697123 0.178716
vt 0.715167 0.179711
vt 0.698767 0.182196
vt 0.048734 0.067581
vt 0.08101 0.036846
vt 0.057244 0.038683
vt 0.041635 0.038306
vt 0.027928 0.045773
vt 0.019796 0.059083
vt 0.019419 0.07467
vt 0.026896 0.088358
vt 0.040224 0.096479
vt 0.055833 0.096856
vt 0.06954 0.089389
vt 0.092209 0.078685
vt 0.936722 0.138039
vt 0.925217 0.142468
vt 0.936632 0.13797
vt 0.518517 0.135274
vt 0.525802 0.139851
vt 0.514634 0.136501
vt 0.522605 0.136501
vt 0.527253 0.144427
vt 0.511996 0.139851
vt 0.526567 0.149004
vt 0.511311 0.144427
vt 0.523929 0.152354
vt 0.512761 0.149004
vt 0.520046 0.15358
vt 0.515958 0.152354
vt 0.387969 0.124704
vt 0.380019 0.127193
vt 0.386208 0.126937
vt 0.381781 0.12496
vt 0.379406 0.122185
vt 0.385595 0.121928
vt 0.379307 0.119447
vt 0.381441 0.119607
vt 0.379507 0.117098
vt 0.381069 0.117215
vt 0.379952 0.115766
vt 0.380524 0.115809
vt 0.385495 0.119191
vt 0.387629 0.11935
vt 0.385695 0.116842
vt 0.387257 0.116958
vt 0.386141 0.11551
vt 0.386712 0.115553
vt 0.388241 0.1231
vt 0.387421 0.121392
vt 0.388059 0.118446
vt 0.388004 0.115388
vt 0.387151 0.115407
vt 0.387638 0.11271
vt 0.386785 0.112729
vt 0.387058 0.111129
vt 0.386205 0.111149
vt 0.386421 0.11107
vt 0.385568 0.111089
vt 0.385896 0.112547
vt 0.385043 0.112567
vt 0.385625 0.115166
vt 0.384772 0.115186
vt 0.38568 0.118224
vt 0.384827 0.118244
vt 0.386046 0.120902
vt 0.385408 0.123848
vt 0.386585 0.125333
vt 0.382138 0.125436
vt 0.378494 0.124007
vt 0.377691 0.125538
vt 0.377152 0.121107
vt 0.376786 0.118429
vt 0.377913 0.118403
vt 0.376731 0.115371
vt 0.377858 0.115345
vt 0.377002 0.112752
vt 0.378129 0.112726
vt 0.377527 0.111274
vt 0.378654 0.111248
vt 0.378164 0.111334
vt 0.379291 0.111308
vt 0.378744 0.112914
vt 0.379871 0.112888
vt 0.37911 0.115592
vt 0.380237 0.115566
vt 0.379165 0.118651
vt 0.380507 0.121551
vt 0.379347 0.123305
vt 0.383794 0.123202
vt 0.38047 0.125125
vt 0.382671 0.12475
vt 0.386736 0.124997
vt 0.385007 0.124702
vt 0.379104 0.125709
vt 0.379005 0.126316
vt 0.380206 0.126753
vt 0.382325 0.126882
vt 0.384689 0.126662
vt 0.386547 0.126162
vt 0.387311 0.125542
vt 0.199506 0.575384
vt 0.193532 0.56738
vt 0.199506 0.56738
vt 0.193532 0.575384
vt 0.204412 0.575384
vt 0.204412 0.56738
vt 0.204946 0.575384
vt 0.204946 0.56738
vt 0.201497 0.56738
vt 0.201497 0.575384
vt 0.195523 0.56738
vt 0.195523 0.575384
vt 0.190617 0.56738
vt 0.190617 0.575384
vt 0.190083 0.56738
vt 0.190083 0.575384
vt 0.374685 0.548461
vt 0.386801 0.515994
vt 0.403533 0.548784
vt 0.422405 0.52717
vt 0.422731 0.498596
vt 0.400909 0.479903
vt 0.372061 0.479581
vt 0.352863 0.529769
vt 0.353189 0.501195
f 507/507/507 506/506/506 508/508/508
f 507/507/507 509/509/509 506/506/506
f 509/509/509 507/507/507 510/510/510
f 510/510/510 507/507/507 511/511/511
f 511/511/511 507/507/507 512/512/512
f 512/512/512 507/507/507 513/513/513
f 513/513/513 507/507/507 514/514/514
f 514/514/514 507/507/507 515/515/515
f 515/515/515 507/507/507 516/516/516
f 516/516/516 507/507/507 517/517/517
f 517/517/517 507/507/507 508/508/508
f 519/519/519 518/518/518 520/520/520
f 521/521/521 518/518/518 519/519/519
f 518/518/518 522/522/522 520/520/520
f 520/520/520 522/522/522 523/523/523
f 522/522/522 524/524/524 523/523/523
f 523/523/523 524/524/524 525/525/525
f 525/525/525 524/524/524 526/526/526
f 526/526/526 524/524/524 527/527/527
f 526/526/526 527/527/527 528/528/528
f 528/528/528 527/527/527 529/529/529
f 528/528/528 529/529/529 530/530/530
f 530/530/530 529/529/529 531/531/531
f 530/530/530 531/531/531 532/532/532
f 519/519/519 532/532/532 521/521/521
f 532/532/532 531/531/531 533/533/533
f 521/521/521 532/532/532 533/533/533
f 520/520/520 534/534/534 519/519/519
f 535/535/535 534/534/534 520/520/520
f 523/523/523 535/535/535 520/520/520
f 536/536/536 535/535/535 523/523/523
f 525/525/525 536/536/536 523/523/523
f 537/537/537 525/525/525 526/526/526
f 538/538/538 525/525/525 537/537/537
f 538/538/538 536/536/536 525/525/525
f 536/536/536 538/538/538 535/535/535
f 535/535/535 538/538/538 537/537/537
f 539/539/539 526/526/526 528/528/528
f 537/537/537 526/526/526 539/539/539
f 535/535/535 537/537/537 539/539/539
f 534/534/534 535/535/535 539/539/539
f 540/540/540 528/528/528 530/530/530
f 539/539/539 528/528/528 540/540/540
f 541/541/541 530/530/530 532/532/532
f 540/540/540 530/530/530 541/541/541
f 534/534/534 539/539/539 541/541/541
f 541/541/541 539/539/539 540/540/540
f 519/519/519 541/541/541 532/532/532
f 534/534/534 541/541/541 519/519/519
f 543/543/543 542/542/542 544/544/544
f 545/545/545 542/542/542 543/543/543
f 545/545/545 546/546/546 542/542/542
f 542/542/542 546/546/546 547/547/547
f 548/548/548 547/547/547 546/546/546
f 549/549/549 547/547/547 548/548/548
f 549/549/549 548/548/548 550/550/550
f 550/550/550 548/548/548 551/551/551
f 550/550/550 551/551/551 552/552/552
f 552/552/552 551/551/551 553/553/553
f 543/543/543 544/544/544 554/554/554
f 554/554/554 544/544/544 555/555/555
f 553/553/553 556/556/556 552/552/552
f 557/557/557 556/556/556 553/553/553
f 557/557/557 558/558/558 556/556/556
f 559/559/559 558/558/558 557/557/557
f 558/558/558 560/560/560 556/556/556
f 558/558/558 561/561/561 560/560/560
f 560/560/560 561/561/561 562/562/562
f 561/561/561 563/563/563 562/562/562
f 564/564/564 563/563/563 561/561/561
f 556/556/556 560/560/560 565/565/565
f 566/566/566 556/556/556 565/565/565
f 552/552/552 556/556/556 566/566/566
f 567/567/567 552/552/552 566/566/566
f 550/550/550 552/552/552 567/567/567
f 550/550/550 567/567/567 549/549/549
f 549/549/549 567/567/567 568/568/568
f 549/549/549 568/568/568 547/547/547
f 547/547/547 568/568/568 569/569/569
f 570/570/570 547/547/547 569/569/569
f 542/542/542 547/547/547 570/570/570
f 542/542/542 570/570/570 544/544/544
f 544/544/544 570/570/570 571/571/571
f 572/572/572 544/544/544 571/571/571
f 573/573/573 544/544/544 572/572/572
f 574/574/574 573/573/573 572/572/572
f 575/575/575 573/573/573 574/574/574
f 575/575/575 574/574/574 564/564/564
f 564/564/564 574/574/574 563/563/563
f 563/563/563 576/576/576 574/574/574
f 576/576/576 572/572/572 574/574/574
f 577/577/577 576/576/576 563/563/563
f 578/578/578 572/572/572 576/576/576
f 576/576/576 577/577/577 578/578/578
f 572/572/572 579/579/579 571/571/571
f 578/578/578 579/579/579 572/572/572
f 571/571/571 580/580/580 570/570/570
f 579/579/579 580/580/580 571/571/571
f 580/580/580 569/569/569 570/570/570
f 581/581/581 569/569/569 580/580/580
f 562/562/562 577/577/577 563/563/563
f 582/582/582 577/577/577 562/562/562
f 578/578/578 582/582/582 579/579/579
f 577/577/577 582/582/582 578/578/578
f 582/582/582 562/562/562 583/583/583
f 579/579/579 583/583/583 580/580/580
f 582/582/582 583/583/583 579/579/579
f 583/583/583 562/562/562 560/560/560
f 565/565/565 583/583/583 560/560/560
f 584/584/584 583/583/583 565/565/565
f 580/580/580 584/584/584 581/581/581
f 583/583/583 584/584/584 580/580/580
f 566/566/566 584/584/584 565/565/565
f 585/585/585 584/584/584 566/566/566
f 584/584/584 585/585/585 581/581/581
f 585/585/585 566/566/566 586/586/586
f 586/586/586 566/566/566 567/567/567
f 568/568/568 586/586/586 567/567/567
f 587/587/587 586/586/586 568/568/568
f 585/585/585 586/586/586 587/587/587
f 581/581/581 585/585/585 587/587/587
f 569/569/569 587/587/587 568/568/568
f 581/581/581 587/587/587 569/569/569
f 589/589/589 588/588/588 590/590/590
f 591/591/591 588/588/588 589/589/589
f 589/589/589 590/590/590 592/592/592
f 592/592/592 590/590/590 593/593/593
f 592/592/592 593/593/593 594/594/594
f 594/594/594 593/593/593 595/595/595
f 594/594/594 595/595/595 596/596/596
f 596/596/596 595/595/595 597/597/597
f 596/596/596 597/597/597 598/598/598
f 598/598/598 597/597/597 599/599/599
f 598/598/598 599/599/599 600/600/600
f 600/600/600 599/599/599 601/601/601
f 600/600/600 601/601/601 602/602/602
f 602/602/602 601/601/601 603/603/603
f 602/602/602 603/603/603 604/604/604
f 604/604/604 603/603/603 605/605/605
f 604/604/604 605/605/605 606/606/606
f 606/606/606 605/605/605 607/607/607
f 606/606/606 607/607/607 608/608/608
f 608/608/608 607/607/607 609/609/609
f 608/608/608 609/609/609 610/610/610
f 610/610/610 609/609/609 611/611/611
f 610/610/610 611/611/611 591/591/591
f 591/591/591 611/611/611 588/588/588
f 601/601/601 612/612/612 603/603/603
f 603/603/603 612/612/612 613/613/613
f 603/603/603 613/613/613 605/605/605
f 609/609/609 614/614/614 611/611/611
f 611/611/611 614/614/614 615/615/615
f 611/611/611 615/615/615 588/588/588
f 605/605/605 616/616/616 607/607/607
f 605/605/605 613/613/613 616/616/616
f 607/607/607 616/616/616 617/617/617
f 609/609/609 617/617/617 614/614/614
f 607/607/607 617/617/617 609/609/609
f 588/588/588 615/615/615 618/618/618
f 588/588/588 618/618/618 590/590/590
f 590/590/590 618/618/618 619/619/619
f 590/590/590 619/619/619 593/593/593
f 593/593/593 619/619/619 620/620/620
f 593/593/593 620/620/620 595/595/595
f 595/595/595 620/620/620 621/621/621
f 595/595/595 621/621/621 597/597/597
f 597/597/597 621/621/621 622/622/622
f 597/597/597 622/622/622 599/599/599
f 599/599/599 622/622/622 623/623/623
f 599/599/599 623/623/623 601/601/601
f 601/601/601 623/623/623 612/612/612
f 625/625/625 624/624/624 626/626/626
f 627/627/627 624/624/624 625/625/625
f 628/628/628 627/627/627 625/625/625
f 629/629/629 627/627/627 628/628/628
f 628/628/628 630/630/630 629/629/629
f 629/629/629 630/630/630 631/631/631
f 632/632/632 631/631/631 630/630/630
f 633/633/633 631/631/631 632/632/632
f 634/634/634 633/633/633 632/632/632
f 635/635/635 633/633/633 634/634/634
f 634/634/634 636/636/636 635/635/635
f 635/635/635 636/636/636 637/637/637
f 638/638/638 637/637/637 636/636/636
f 639/639/639 637/637/637 638/638/638
f 640/640/640 639/639/639 638/638/638
f 641/641/641 639/639/639 640/640/640
f 640/640/640 642/642/642 641/641/641
f 641/641/641 642/642/642 643/643/643
f 644/644/644 643/643/643 642/642/642
f 645/645/645 643/643/643 644/644/644
f 644/644/644 646/646/646 645/645/645
f 645/645/645 646/646/646 647/647/647
f 626/626/626 647/647/647 646/646/646
f 624/624/624 647/647/647 626/626/626
f 649/649/649 648/648/648 650/650/650
f 651/651/651 648/648/648 649/649/649
f 648/648/648 652/652/652 650/650/650
f 653/653/653 652/652/652 648/648/648
f 653/653/653 654/654/654 652/652/652
f 652/652/652 654/654/654 655/655/655
f 654/654/654 656/656/656 655/655/655
f 655/655/655 656/656/656 657/657/657
f 657/657/657 656/656/656 658/658/658
f 658/658/658 656/656/656 659/659/659
f 660/660/660 658/658/658 659/659/659
f 660/660/660 659/659/659 656/656/656
f 661/661/661 658/658/658 660/660/660
f 660/660/660 662/662/662 661/661/661
f 662/662/662 656/656/656 654/654/654
f 660/660/660 656/656/656 662/662/662
f 661/661/661 662/662/662 663/663/663
f 662/662/662 664/664/664 663/663/663
f 665/665/665 664/664/664 662/662/662
f 665/665/665 654/654/654 653/653/653
f 662/662/662 654/654/654 665/665/665
f 665/665/665 666/666/666 664/664/664
f 665/665/665 653/653/653 666/666/666
f 664/664/664 666/666/666 667/667/667
f 666/666/666 668/668/668 667/667/667
f 667/667/667 668/668/668 669/669/669
f 668/668/668 649/649/649 669/669/669
f 651/651/651 649/649/649 668/668/668
f 668/668/668 648/648/648 651/651/651
f 666/666/666 648/648/648 668/668/668
f 666/666/666 653/653/653 648/648/648
f 671/671/671 670/670/670 672/672/672
f 672/672/672 670/670/670 673/673/673
f 673/673/673 670/670/670 674/674/674
f 674/674/674 670/670/670 675/675/675
f 675/675/675 670/670/670 676/676/676
f 676/676/676 670/670/670 677/677/677
f 677/677/677 670/670/670 678/678/678
f 678/678/678 670/670/670 679/679/679
f 679/679/679 670/670/670 680/680/680
f 680/680/680 670/670/670 681/681/681
f 681/681/681 670/670/670 671/671/671
f 682/682/682 555/555/555 683/683/683
f 554/554/554 555/555/555 682/682/682
f 683/683/683 684/684/684 682/682/682
f 683/683/683 558/558/558 684/684/684
f 684/684/684 558/558/558 559/559/559
f 561/561/561 558/558/558 683/683/683
f 564/564/564 561/561/561 683/683/683
f 575/575/575 564/564/564 683/683/683
f 555/555/555 575/575/575 683/683/683
f 573/573/573 575/575/575 555/555/555
f 544/544/544 573/573/573 555/555/555
f 686/686/686 685/685/685 687/687/687
f 688/688/688 685/685/685 686/686/686
f 687/687/687 689/689/689 686/686/686
f 690/690/690 689/689/689 687/687/687
f 690/690/690 691/691/691 689/689/689
f 692/692/692 691/691/691 690/690/690
f 692/692/692 693/693/693 691/691/691
f 694/694/694 693/693/693 692/692/692
f 694/694/694 695/695/695 693/693/693
f 696/696/696 695/695/695 694/694/694
f 698/698/698 697/697/697 699/699/699
f 700/700/700 697/697/697 698/698/698
f 701/701/701 700/700/700 698/698/698
f 699/699/699 697/697/697 702/702/702
f 703/703/703 700/700/700 701/701/701
f 704/704/704 700/700/700 703/703/703
f 705/705/705 704/704/704 703/703/703
f 706/706/706 704/704/704 705/705/705
f 707/707/707 706/706/706 705/705/705
f 708/708/708 706/706/706 707/707/707
f 702/702/702 697/697/697 709/709/709
f 709/709/709 697/697/697 710/710/710
f 709/709/709 710/710/710 711/711/711
f 711/711/711 710/710/710 712/712/712
f 711/711/711 712/712/712 713/713/713
f 713/713/713 712/712/712 714/714/714
f 716/716/716 715/715/715 717/717/717
f 718/718/718 716/716/716 717/717/717
f 719/719/719 716/716/716 718/718/718
f 720/720/720 719/719/719 718/718/718
f 721/721/721 719/719/719 720/720/720
f 722/722/722 721/721/721 720/720/720
f 723/723/723 721/721/721 722/722/722
f 724/724/724 723/723/723 722/722/722
f 725/725/725 723/723/723 724/724/724
f 726/726/726 725/725/725 724/724/724
f 727/727/727 725/725/725 726/726/726
f 728/728/728 727/727/727 726/726/726
f 729/729/729 727/727/727 728/728/728
f 730/730/730 729/729/729 728/728/728
f 731/731/731 729/729/729 730/730/730
f 732/732/732 731/731/731 730/730/730
f 733/733/733 731/731/731 732/732/732
f 734/734/734 733/733/733 732/732/732
f 733/733/733 734/734/734 735/735/735
f 733/733/733 735/735/735 736/736/736
f 736/736/736 735/735/735 737/737/737
f 737/737/737 738/738/738 736/736/736
f 738/738/738 739/739/739 736/736/736
f 736/736/736 739/739/739 740/740/740
f 739/739/739 741/741/741 740/740/740
f 740/740/740 741/741/741 742/742/742
f 741/741/741 743/743/743 742/742/742
f 742/742/742 743/743/743 744/744/744
f 743/743/743 745/745/745 744/744/744
f 744/744/744 745/745/745 746/746/746
f 745/745/745 747/747/747 746/746/746
f 746/746/746 747/747/747 748/748/748
f 747/747/747 749/749/749 748/748/748
f 748/748/748 749/749/749 750/750/750
f 749/749/749 751/751/751 750/750/750
f 750/750/750 751/751/751 752/752/752
f 751/751/751 753/753/753 752/752/752
f 752/752/752 753/753/753 754/754/754
f 753/753/753 755/755/755 754/754/754
f 756/756/756 754/754/754 755/755/755
f 754/754/754 756/756/756 716/716/716
f 716/716/716 756/756/756 715/715/715
f 757/757/757 756/756/756 755/755/755
f 758/758/758 756/756/756 757/757/757
f 715/715/715 756/756/756 759/759/759
f 759/759/759 756/756/756 760/760/760
f 756/756/756 758/758/758 760/760/760
f 755/755/755 761/761/761 757/757/757
f 755/755/755 762/762/762 761/761/761
f 737/737/737 762/762/762 755/755/755
f 737/737/737 763/763/763 762/762/762
f 737/737/737 764/764/764 763/763/763
f 735/735/735 764/764/764 737/737/737
f 735/735/735 765/765/765 764/764/764
f 734/734/734 765/765/765 735/735/735
f 715/715/715 766/766/766 734/734/734
f 766/766/766 765/765/765 734/734/734
f 767/767/767 766/766/766 715/715/715
f 759/759/759 767/767/767 715/715/715
f 769/769/769 768/768/768 770/770/770
f 771/771/771 768/768/768 769/769/769
f 772/772/772 770/770/770 768/768/768
f 773/773/773 770/770/770 772/772/772
f 774/774/774 773/773/773 772/772/772
f 775/775/775 773/773/773 774/774/774
f 775/775/775 774/774/774 776/776/776
f 776/776/776 774/774/774 777/777/777
f 776/776/776 777/777/777 778/778/778
f 778/778/778 777/777/777 779/779/779
f 778/778/778 779/779/779 780/780/780
f 780/780/780 779/779/779 781/781/781
f 780/780/780 781/781/781 782/782/782
f 769/769/769 782/782/782 771/771/771
f 782/782/782 781/781/781 783/783/783
f 771/771/771 782/782/782 783/783/783
f 785/785/785 784/784/784 786/786/786
f 785/785/785 786/786/786 787/787/787
f 785/785/785 787/787/787 788/788/788
f 785/785/785 788/788/788 789/789/789
f 785/785/785 789/789/789 790/790/790
f 785/785/785 791/791/791 784/784/784
f 785/785/785 792/792/792 791/791/791
f 785/785/785 790/790/790 792/792/792
v 1.17275 0.9098752 0.9951174
v 0.9934055 0.8554857 0.9667587
v 0.993861 0.9130059 0.9785518
v 1.196596 0.848364 0.9640269
v 0.99312 0.7865922 0.9258577
v 1.196881 0.7796314 0.9190447
v 0.9929727 0.6824269 0.7659208
v 1.197028 0.6791053 0.7557812
v 0.9937966 0.6722581 0.6768196
v 1.196204 0.6722623 0.6739594
v 0.9934745 0.6774116 0.6086078
v 1.196526 0.679041 0.6017762
v 0.9934744 0.7061182 0.5376319
v 1.196526 0.7098771 0.531699
v 0.9934744 0.7563092 0.4798175
v 1.196527 0.7617906 0.4754259
v 1.007185 0.8178574 0.4310657
v 1.182816 0.8253636 0.4283202
v 1.017251 0.8928211 0.4088566
v 1.19614 0.8960235 0.4254085
v 0.9929878 0.9176996 0.7687811
v 1.19614 0.953161 0.7848133
v 0.9770021 0.9425879 0.8056778
v 1.197013 0.9256695 0.7757366
v 0.9929826 0.8709564 0.6965892
v 1.197018 0.8746492 0.7065349
v 0.9938056 0.8737488 0.6827489
v 1.196195 0.8738648 0.6853998
v 0.9934917 0.8738395 0.6534699
v 1.196509 0.8726082 0.6602232
v 0.993313 0.8796347 0.6394248
v 1.196688 0.8753411 0.6466079
v 0.9930084 0.8873701 0.6324235
v 1.196993 0.8786839 0.6382353
v 0.9826159 0.9251584 0.6088012
v 1.217882 0.9179173 0.5885971
v 1.217882 0.9179173 0.5885971
v 1.19614 0.8960235 0.4254085
v 1.182816 0.8253636 0.4283202
v 1.196527 0.7617906 0.4754259
v 1.196993 0.8786839 0.6382353
v 1.196526 0.7098771 0.531699
v 1.196688 0.8753411 0.6466079
v 1.196526 0.679041 0.6017762
v 1.196509 0.8726082 0.6602232
v 1.196204 0.6722623 0.6739594
v 1.196195 0.8738648 0.6853998
v 1.197028 0.6791053 0.7557812
v 1.197018 0.8746492 0.7065349
v 1.196881 0.7796314 0.9190447
v 1.197013 0.9256695 0.7757366
v 1.196596 0.848364 0.9640269
v 1.19614 0.953161 0.7848133
v 1.17275 0.9098752 0.9951174
v 1.007185 0.8178574 0.4310657
v 1.017251 0.8928211 0.4088566
v 0.9826159 0.9251584 0.6088012
v 0.9934744 0.7563092 0.4798175
v 0.9930084 0.8873701 0.6324235
v 0.9934744 0.7061182 0.5376319
v 0.993313 0.8796347 0.6394248
v 0.9934745 0.6774116 0.6086078
v 0.9934917 0.8738395 0.6534699
v 0.9937966 0.6722581 0.6768196
v 0.9938056 0.8737488 0.6827489
v 0.9929727 0.6824269 0.7659208
v 0.9929826 0.8709564 0.6965892
v 0.99312 0.7865922 0.9258577
v 0.9929878 0.9176996 0.7687811
v 0.9934055 0.8554857 0.9667587
v 0.9770021 0.9425879 0.8056778
v 0.993861 0.9130059 0.9785518
v 0.983772 1.056926 0.6250207
v 0.9835004 0.9981261 0.6124996
v 1.018822 1.018518 0.6414557
v 0.9723077 1.069096 0.6221111
v 0.9835004 1.126872 0.6017855
v 0.998569 1.118173 0.6358595
v 1.030626 1.173999 0.6124995
v 1.051019 1.138677 0.6414555
v 1.030626 0.9509997 0.6017854
v 1.039326 0.9660681 0.6358593
v 1.095 0.9337506 0.6124995
v 1.095 0.9745364 0.6414555
v 1.089426 1.173728 0.6250211
v 1.101599 1.185193 0.6221114
v 1.159375 1.173999 0.6017854
v 1.150675 1.15893 0.6358593
v 1.2065 1.126873 0.6124994
v 1.171178 1.106481 0.6414555
v 1.20623 1.068073 0.625021
v 1.217694 1.055901 0.6221114
v 1.2065 0.9981247 0.6017854
v 1.191432 1.006824 0.6358593
v 1.162061 0.9595426 0.6221113
v 1.145788 0.963385 0.625021
v 1.095 1.062499 0.6611264
v 1.156396 1.168838 0.6414555
v 1.236661 1.144286 0.6017852
v 1.181826 1.212883 0.5251583
v 1.100574 1.208555 0.6250211
v 1.086993 1.235791 0.5251584
v 1.245385 1.149323 0.5251583
v 1.268293 1.070506 0.5251583
v 1.241057 1.056925 0.625021
v 1.245385 0.9756756 0.5251583
v 1.20134 1.001105 0.6414555
v 1.172857 0.9387984 0.625021
v 1.174714 0.9084209 0.5251583
v 1.013213 1.204159 0.6017854
v 1.008176 1.212883 0.5251584
v 0.9446163 1.149323 0.5251584
v 0.9886615 1.123894 0.6414555
v 0.9489444 1.068073 0.6250212
v 0.9217083 1.054492 0.5251585
v 0.9533401 0.9807116 0.6017854
v 0.9446163 0.9756749 0.5251584
v 1.008176 0.9121151 0.5251584
v 1.033606 0.9561602 0.6414555
v 1.095 0.8989236 0.6017855
v 1.095 0.8888502 0.5251583
v 0.9438142 0.9896334 0.4226798
v 0.9099787 1.071306 0.5846822
v 0.9328966 0.9883052 0.6064783
v 0.9411786 1.062499 0.410781
v 1.013581 0.8641098 0.4184222
v 1.028718 0.8417536 0.6209226
v 1.152616 0.8606559 0.4109778
v 1.194936 0.847451 0.596953
v 1.244761 0.9858199 0.4226797
v 1.220242 1.013219 0.63888
v 1.271183 1.062499 0.4312532
v 1.280022 1.071306 0.584682
v 0.9471521 1.141423 0.4218408
v 0.9465055 1.165732 0.580002
v 1.006422 1.204773 0.4218408
v 1.018304 1.218139 0.5822257
v 1.232109 1.151312 0.601075
v 1.237275 1.151078 0.4218407
v 1.194067 1.225611 0.5515969
v 1.173925 1.210347 0.4218407
v 1.101029 1.245002 0.5668763
v 1.089426 1.230001 0.4218408
v 1.227223 0.9925975 0.4218407
v 1.089427 1.211957 0.4218409
v 1.164902 1.194721 0.4218407
v 1.100574 1.211957 0.4044709
v 1.025099 1.194721 0.4044708
v 1.015444 1.189147 0.4218408
v 0.968352 1.142056 0.4044708
v 0.9627779 1.132401 0.4218408
v 0.945542 1.068073 0.4044709
v 0.945542 1.056926 0.4218409
v 1.174557 1.189147 0.4044707
v 1.221649 1.142056 0.4218407
v 1.227223 1.132401 0.4044707
v 1.244459 1.068073 0.4218408
v 1.244459 1.056926 0.4044708
v 1.221649 0.9829427 0.4044707
v 1.181176 0.9264344 0.4354644
v 1.164902 0.9302768 0.4044707
v 1.100574 0.9130409 0.4218408
v 1.089427 0.9130409 0.4044709
v 1.025099 0.9302768 0.4218408
v 1.015444 0.9358509 0.4044708
v 0.968352 0.9829427 0.4218408
v 0.9627779 0.9925975 0.4044708
v 1.026156 1.022752 0.3790794
v 1.015506 1.062499 0.3790794
v 1.095 0.9830052 0.3790794
v 1.055253 0.9936552 0.3790794
v 1.163844 1.022752 0.3790794
v 1.134747 0.9936552 0.3790794
v 1.026156 1.102246 0.3790794
v 1.055253 1.131343 0.3790794
v 1.095 1.141993 0.3790794
v 1.134747 1.131343 0.3790794
v 1.163844 1.102246 0.3790794
v 1.174494 1.062499 0.3790794
v 1.14121 0.6772829 0.4748355
v 1.119353 0.7273847 0.4379461
v 1.11808 0.669303 0.4675093
v 1.155479 0.6993557 0.4777403
v 1.159843 0.725872 0.4868619
v 1.151403 0.7468026 0.4896583
v 1.130944 0.7640942 0.4888476
v 1.104794 0.7682192 0.4828384
v 1.08281 0.7599213 0.4759119
v 1.064237 0.7412201 0.4718259
v 1.062002 0.713055 0.4641173
v 1.071195 0.6923243 0.4609701
v 1.091754 0.675204 0.4615889
v 1.111073 0.6860454 0.4468942
v 1.11808 0.669303 0.4675093
v 1.091754 0.675204 0.4615889
v 1.13113 0.6860061 0.4531627
v 1.088242 0.8134357 0.4690381
v 1.048085 0.7900291 0.4553152
v 1.053832 0.795054 0.4686521
v 1.026316 0.7569941 0.4547569
v 1.025372 0.7487959 0.4417931
v 1.022104 0.709421 0.4438939
v 1.026802 0.7008153 0.432062
v 1.042326 0.6650844 0.4389735
v 1.051991 0.6589439 0.4287299
v 1.08217 0.6358302 0.4412629
v 1.095419 0.634404 0.4327126
v 1.130444 0.6297444 0.4505431
v 1.142625 0.6338746 0.4430552
v 1.172748 0.6479374 0.4634953
v 1.182865 0.6572043 0.4565678
v 1.200265 0.6860002 0.4773888
v 1.205577 0.6984377 0.470094
v 1.204475 0.7335732 0.4882518
v 1.204144 0.7464194 0.4798256
v 1.184254 0.7779093 0.4931737
v 1.178952 0.7882887 0.4831576
v 1.1445 0.8073215 0.490716
v 1.135617 0.8131126 0.4790297
v 1.096058 0.8134575 0.4818377
v 1.041279 0.7930055 0.4655181
v 1.085114 0.8179677 0.4801912
v 0.9896874 0.7423538 0.7448973
v 0.960344 0.7014055 0.7300038
v 1.016738 0.7488866 0.4509972
v 0.9560317 0.6503527 0.718391
v 1.018069 0.6974261 0.440515
v 0.9779065 0.602878 0.7131688
v 1.044914 0.6524161 0.4368802
v 1.020109 0.5716996 0.7157421
v 1.090082 0.6259172 0.4410675
v 1.071331 0.5651705 0.7254132
v 1.141468 0.625029 0.451955
v 1.117846 0.5850434 0.7395972
v 1.185304 0.6499886 0.4666288
v 1.147189 0.6259907 0.7544934
v 1.209843 0.6941081 0.4811516
v 1.151503 0.6770455 0.7661072
v 1.208509 0.7455699 0.4916325
v 1.129625 0.7245181 0.7713294
v 1.181664 0.7905783 0.4952648
v 1.087424 0.7556971 0.7687575
v 1.136499 0.8170779 0.4910788
v 1.036205 0.7622257 0.7590841
v 0.9977097 0.7334992 0.7447745
v 1.038902 0.7507296 0.7572602
v 1.021957 0.7425275 0.7838932
v 1.072371 0.7557484 0.7832987
v 1.084073 0.744639 0.7657204
v 1.129189 0.7418817 0.7699517
v 1.121123 0.716862 0.7678927
v 1.131284 0.6794237 0.7942497
v 1.140127 0.6748405 0.7631947
v 1.132793 0.6340057 0.7850691
v 1.135991 0.6298289 0.7528819
v 1.111431 0.5948994 0.7722807
v 1.109824 0.5938957 0.7397209
v 1.07292 0.5725816 0.7593108
v 1.068635 0.5766667 0.7272397
v 1.028143 0.564824 0.7338136
v 1.02346 0.5827575 0.7187774
v 0.9802869 0.5874029 0.7055327
v 0.9864091 0.6105357 0.7166038
v 0.9635963 0.6356925 0.7489558
v 0.967407 0.6525592 0.7213047
v 0.9620897 0.6811065 0.7581353
v 0.9715427 0.6975677 0.7316144
v 0.9834524 0.7202116 0.7709236
v 1.091703 0.6947051 0.4447709
v 1.091754 0.675204 0.4615889
v 1.071195 0.6923243 0.4609701
v 1.091703 0.6947051 0.4447709
v 1.079927 0.7096008 0.4457559
v 1.076513 0.7283924 0.449158
v 1.085238 0.7491504 0.4553145
v 1.100934 0.7580746 0.458327
v 1.119965 0.7614703 0.4648479
v 1.104794 0.7682192 0.4828384
v 1.130944 0.7640942 0.4888476
v 1.139243 0.752526 0.4671124
v 1.150639 0.7374499 0.46651
v 1.152692 0.7193696 0.4617322
v 1.145013 0.6986812 0.4567059
v 1.100934 0.7580746 0.458327
v 1.08281 0.7599213 0.4759119
v 1.139243 0.752526 0.4671124
v 1.130944 0.7640942 0.4888476
v 1.151403 0.7468026 0.4896583
v 1.150639 0.7374499 0.46651
v 1.151403 0.7468026 0.4896583
v 1.159843 0.725872 0.4868619
v 1.145013 0.6986812 0.4567059
v 1.155479 0.6993557 0.4777403
v 1.14121 0.6772829 0.4748355
v 1.079927 0.7096008 0.4457559
v 1.071195 0.6923243 0.4609701
v 1.062002 0.713055 0.4641173
v 1.076513 0.7283924 0.449158
v 1.062002 0.713055 0.4641173
v 1.064237 0.7412201 0.4718259
v 1.085238 0.7491504 0.4553145
v 1.064237 0.7412201 0.4718259
v 1.08281 0.7599213 0.4759119
v 1.152692 0.7193696 0.4617322
v 1.159843 0.725872 0.4868619
v 1.155479 0.6993557 0.4777403
v 1.13113 0.6860061 0.4531627
v 1.14121 0.6772829 0.4748355
v 1.113694 0.8852737 0.5443029
v 1.025348 0.8693526 0.7450691
v 0.9962179 0.893519 0.5655937
v 1.096504 0.8160286 0.7751412
v 0.9864516 0.8178936 0.5027738
v 1.091726 0.731375 0.4859568
v 0.955283 0.7679896 0.5189178
v 0.9456286 0.7409883 0.7348989
v 1.113427 0.678811 0.7286812
v 0.9608858 0.771911 0.7347239
v 1.233461 0.7839577 0.5515829
v 1.013204 0.7422083 0.4747722
v 1.24099 0.7119476 0.5434077
v 1.17094 0.6526732 0.5199719
v 1.022365 0.6480579 0.5212588
v 1.119896 0.6030444 0.7274225
v 0.998504 0.6191148 0.6966324
v 0.9502366 0.680275 0.7260923
v 1.196886 0.6430631 0.7518541
v 1.206355 0.7197183 0.777316
v 1.213672 0.7410269 0.7795457
v 1.088556 0.7004814 0.7826219
v 1.081882 0.8373615 0.7824459
v 1.199046 0.8428049 0.7652168
v 1.168954 0.8840241 0.5658931
v 1.085743 0.8731154 0.5662087
v 1.081312 0.7587358 0.5191951
v 1.241267 0.773487 0.5502594

vn 0.1661002 -0.878869 0.447214
vn 0.2113839 -0.6694285 -0.7121676
vn 0.1313137 -0.6948072 -0.7071066
vn 0.2905142 -0.6390762 0.712168
vn 0.4486339 -0.5357385 -0.7153404
vn 0.5259765 -0.4600396 0.7153407
vn 0.6416048 -0.2725603 -0.7169759
vn 0.6785114 -0.1598998 0.716976
vn 0.706236 -0.01485867 -0.7078206
vn 0.7061896 0.01692029 0.7078206
vn 0.6916088 0.1248505 -0.7113998
vn 0.6735036 0.2007571 0.7113997
vn 0.613634 0.3425833 -0.7114
vn 0.5718696 0.4085042 0.7113998
vn 0.4692009 0.5232207 -0.7114006
vn 0.4082966 0.5720174 0.7114002
vn 0.3260981 0.7623086 -0.5590581
vn 0.2426962 0.7928137 0.5590575
vn 0.1699015 0.8781419 -0.4472139
vn 0.1343189 0.6942326 0.7071066
vn -0.4125711 0.5621122 -0.716809
vn -0.3196311 0.6307427 0.7071066
vn -0.2021524 0.3989163 -0.8944274
vn -0.5011256 0.4848285 0.7168087
vn -0.6307576 0.2970675 -0.7168653
vn -0.6717886 0.1865597 0.7168651
vn -0.705017 0.04562635 -0.7077212
vn -0.7063068 0.0161724 0.7077212
vn -0.6974027 -0.08838464 -0.7112086
vn -0.6837221 -0.1634208 0.7112087
vn -0.6242055 -0.3189379 -0.7131944
vn -0.5764987 -0.3987516 0.7131946
vn -0.4347877 -0.5454128 -0.7165784
vn -0.3382744 -0.609988 0.7165789
vn -0.1871461 -0.5221772 -0.8320503
vn -0.1066897 -0.2976863 0.9486836
vn -0.1066897 -0.2976863 0.9486836
vn 0.1343189 0.6942326 0.7071066
vn 0.2426962 0.7928137 0.5590575
vn 0.4082966 0.5720174 0.7114002
vn -0.3382744 -0.609988 0.7165789
vn 0.5718696 0.4085042 0.7113998
vn -0.5764987 -0.3987516 0.7131946
vn 0.6735036 0.2007571 0.7113997
vn -0.6837221 -0.1634208 0.7112087
vn 0.7061896 0.01692029 0.7078206
vn -0.7063068 0.0161724 0.7077212
vn 0.6785114 -0.1598998 0.716976
vn -0.6717886 0.1865597 0.7168651
vn 0.5259765 -0.4600396 0.7153407
vn -0.5011256 0.4848285 0.7168087
vn 0.2905142 -0.6390762 0.712168
vn -0.3196311 0.6307427 0.7071066
vn 0.1661002 -0.878869 0.447214
vn 0.3260981 0.7623086 -0.5590581
vn 0.1699015 0.8781419 -0.4472139
vn -0.1871461 -0.5221772 -0.8320503
vn 0.4692009 0.5232207 -0.7114006
vn -0.4347877 -0.5454128 -0.7165784
vn 0.613634 0.3425833 -0.7114
vn -0.6242055 -0.3189379 -0.7131944
vn 0.6916088 0.1248505 -0.7113998
vn -0.6974027 -0.08838464 -0.7112086
vn 0.706236 -0.01485867 -0.7078206
vn -0.705017 0.04562635 -0.7077212
vn 0.6416048 -0.2725603 -0.7169759
vn -0.6307576 0.2970675 -0.7168653
vn 0.4486339 -0.5357385 -0.7153404
vn -0.4125711 0.5621122 -0.716809
vn 0.2113839 -0.6694285 -0.7121676
vn -0.2021524 0.3989163 -0.8944274
vn 0.1313137 -0.6948072 -0.7071066
vn 0.06192486 -0.7178713 -0.6934164
vn 0.4440231 -0.4597028 -0.7691014
vn 0.2174418 -0.9004806 -0.376635
vn -0.07330048 -0.5664966 -0.8207976
vn -0.4440231 -0.4597028 -0.7691014
vn -0.347362 -0.7192566 -0.6016726
vn -0.7690938 -0.4597009 -0.4440382
vn -0.3766327 -0.9004797 -0.2174496
vn 0.7690938 -0.4597009 -0.4440382
vn 0.6016678 -0.7192547 -0.3473742
vn 0.8880737 -0.4597012 1.64402E-07
vn 0.4348979 -0.9004799 3.220366E-07
vn -0.6934125 -0.7178743 -0.06193373
vn -0.8207944 -0.5664998 0.07331163
vn -0.7690938 -0.4597006 0.4440385
vn -0.6016678 -0.7192545 0.3473747
vn -0.4440383 -0.4597005 0.769094
vn -0.2174498 -0.9004796 0.3766331
vn -0.06193396 -0.717874 0.6934129
vn 0.07331143 -0.5664995 0.8207947
vn 0.4440383 -0.4597004 0.769094
vn 0.3473744 -0.7192544 0.6016681
vn 0.6741734 -0.5664992 0.4738872
vn 0.6314792 -0.7178737 0.2930726
vn 1.482941E-08 -1 3.576279E-07
vn -0.3766304 -0.90048 0.2174523
vn -0.4440334 -0.4596995 0.7690974
vn -0.8660212 1.65974E-07 0.5000073
vn -0.6934127 -0.7178742 0.06193217
vn -0.9960346 -4.65875E-08 -0.08896649
vn -0.4999958 3.02301E-07 0.866028
vn -0.08896457 3.548905E-07 0.9960349
vn 0.0619347 -0.7178742 0.6934125
vn 0.4999957 3.171303E-07 0.866028
vn 0.2174478 -0.900479 0.3766353
vn 0.5695416 -0.7178744 0.4003484
vn 0.9070704 1.640052E-07 0.4209791
vn -0.7690932 -0.4597008 -0.4440394
vn -0.8660237 -1.916576E-07 -0.5000029
vn -0.5000028 -3.17129E-07 -0.8660238
vn -0.2174505 -0.9004797 -0.3766322
vn -0.06193468 -0.7178748 -0.693412
vn 0.08896457 -3.548905E-07 -0.9960349
vn 0.4440395 -0.4597009 -0.7690932
vn 0.5000029 -3.022995E-07 -0.8660238
vn 0.8660237 -1.659723E-07 -0.5000029
vn 0.3766325 -0.9004796 -0.2174502
vn 0.8880737 -0.4597012 1.64402E-07
vn 1 1.482941E-08 -2.664535E-15
vn 0.2257635 0.7085523 -0.6685691
vn -0.0978574 -0.4491645 -0.888074
vn 0.2405224 -0.5641322 -0.789876
vn -1.246797E-08 0.8407599 -0.5414084
vn 0.4727834 0.755858 -0.4529401
vn 0.7211848 -0.6315129 -0.2847527
vn 0.5111594 0.8385741 0.1884403
vn 0.6578809 -0.3651851 0.6586598
vn 0.2681359 0.7085527 0.65273
vn -0.03630367 -0.9241515 0.3802977
vn -9.094734E-09 0.6132907 0.7898574
vn -0.09785704 -0.4491639 0.8880743
vn -0.2930692 0.7178739 -0.6314806
vn -0.5631618 -0.5243626 -0.6386649
vn -0.5695469 0.7178739 -0.4003417
vn -0.7180585 -0.642182 -0.2683178
vn -0.4029405 -0.7585083 0.5121567
vn -0.4003414 0.7178743 0.5695468
vn -0.8010786 -0.3018623 0.5168679
vn -0.6314803 0.7178742 0.293069
vn -0.860093 -0.5057212 0.06697944
vn -0.6934133 0.7178736 -0.06193257
vn 0.2930636 0.7178748 0.6314822
vn -0.6934146 0.7178726 -0.06192954
vn -0.6314824 0.7178747 0.2930633
vn -0.6934146 0.7178726 0.06192902
vn -0.6314824 0.7178745 -0.2930638
vn -0.5695481 0.7178744 -0.400339
vn -0.4003387 0.7178743 -0.5695484
vn -0.2930636 0.7178744 -0.6314827
vn -0.06192929 0.7178723 -0.693415
vn 0.06192926 0.7178723 -0.693415
vn -0.5695481 0.7178747 0.4003385
vn -0.4003387 0.7178748 0.569548
vn -0.2930636 0.7178748 0.6314822
vn -0.06192929 0.7178729 0.6934144
vn 0.06192926 0.7178729 0.6934144
vn 0.4003387 0.7178748 0.569548
vn 0.6741759 0.5665004 0.473882
vn 0.6314824 0.7178747 0.2930633
vn 0.6934146 0.7178726 0.06192902
vn 0.6934146 0.7178726 -0.06192954
vn 0.6314824 0.7178745 -0.2930638
vn 0.5695481 0.7178744 -0.400339
vn 0.4003387 0.7178743 -0.5695484
vn 0.2930636 0.7178744 -0.6314827
vn -1.482941E-08 1 -3.576279E-07
vn -1.482941E-08 1 -3.576279E-07
vn -1.482941E-08 1 -3.576279E-07
vn -1.482941E-08 1 -3.576279E-07
vn -1.482941E-08 1 -3.576279E-07
vn -1.482941E-08 1 -3.576279E-07
vn -1.482941E-08 1 -3.576279E-07
vn -1.482941E-08 1 -3.576279E-07
vn -1.482941E-08 1 -3.576279E-07
vn -1.482941E-08 1 -3.576279E-07
vn -1.482941E-08 1 -3.576279E-07
vn -1.482941E-08 1 -3.576279E-07
vn 0.5517607 0.5505661 0.6264482
vn -0.2004376 0.9577141 0.2064186
vn 0.6987929 0.6695336 0.2518202
vn 0.19574 0.4799894 0.8551586
vn -0.2323522 0.349861 0.9075297
vn -0.5853252 0.3072672 0.7503209
vn -0.8525549 0.3250759 0.4092381
vn -0.9080433 0.4186111 -0.01490414
vn -0.7574773 0.5331503 -0.376801
vn -0.4389199 0.6168492 -0.653335
vn 0.007492177 0.7312684 -0.6820487
vn 0.3582447 0.7777694 -0.5164648
vn 0.6235707 0.7620938 -0.174278
vn 0.5178098 0.8551235 0.02523712
vn 0.6987929 0.6695336 0.2518202
vn 0.6235707 0.7620938 -0.174278
vn 0.527903 0.7587075 0.3816825
vn -0.7992715 0.5963917 -0.07404113
vn -0.6179647 0.6981688 -0.3614971
vn -0.6973519 0.6625484 -0.2733682
vn -0.4239209 0.7652508 -0.4844404
vn -0.3092743 0.7967367 -0.519192
vn -0.07544062 0.8471283 -0.5260063
vn 0.04373351 0.8660381 -0.4980618
vn 0.2547002 0.8862441 -0.3869102
vn 0.3464831 0.8875064 -0.3037799
vn 0.4784122 0.8726832 -0.09770411
vn 0.517815 0.8551201 0.02524756
vn 0.5329999 0.805692 0.2584023
vn 0.5106637 0.7763357 0.3694937
vn 0.4096221 0.7124788 0.5697227
vn 0.3302124 0.6768848 0.6578653
vn 0.136157 0.6097844 0.7807845
vn 0.02151754 0.5782822 0.8155531
vn -0.2123211 0.5279178 0.8223276
vn -0.3315014 0.5089745 0.7943879
vn -0.5424557 0.488786 0.6832497
vn -0.6342261 0.4875091 0.6000768
vn -0.7679245 0.5042146 0.395044
vn -0.8087146 0.5214965 0.2720702
vn -0.8230694 0.56673 0.03706658
vn -0.6179579 0.6981584 -0.3615288
vn -0.7996374 0.5967023 -0.06727862
vn -0.4095947 -0.712477 -0.5697445
vn -0.1361574 -0.609772 -0.7807942
vn -0.3092927 0.796724 -0.5192006
vn 0.2123184 -0.5278964 -0.8223422
vn 0.04372454 0.8660379 -0.498063
vn 0.5424483 -0.4887716 -0.683266
vn 0.346459 0.8875244 -0.3037547
vn 0.7657756 -0.5029315 -0.4008088
vn 0.5178021 0.855421 0.01165949
vn 0.8224978 -0.5665097 -0.05063642
vn 0.5118374 0.7783263 0.3636356
vn 0.6973666 -0.6625322 0.2733702
vn 0.3301858 0.6768723 0.6578917
vn 0.4239399 -0.7652569 0.4844141
vn 0.02152428 0.5782855 0.8155506
vn 0.07544334 -0.8471432 0.5259821
vn -0.3315078 0.5089881 0.7943766
vn -0.2546636 -0.8862692 0.3868767
vn -0.6342225 0.4875288 0.6000648
vn -0.478009 -0.8721247 0.1044319
vn -0.8055744 0.5196186 0.2846866
vn -0.534716 -0.8085217 -0.2457061
vn -0.4095762 -0.7124807 -0.5697533
vn -0.534704 -0.8085341 -0.2456916
vn -0.5118243 -0.7783116 -0.3636855
vn -0.6697012 -0.7412838 0.04470897
vn -0.4780077 -0.8721241 0.1044431
vn -0.6009383 -0.5829937 0.5468014
vn -0.254685 -0.8862603 0.386883
vn -0.04374889 -0.8660601 0.4980222
vn 0.07543153 -0.84715 0.5259727
vn 0.3092734 -0.7967439 0.5191814
vn 0.4239388 -0.76525 0.484426
vn 0.6179557 -0.6981608 0.3615278
vn 0.697363 -0.6625303 0.2733832
vn 0.799619 -0.596728 0.06727136
vn 0.8224856 -0.5665272 -0.0506408
vn 0.8967816 -0.343838 -0.2784927
vn 0.7657759 -0.5029234 -0.4008185
vn 0.7312158 -0.03960416 -0.6809957
vn 0.542451 -0.4887612 -0.6832712
vn 0.3314654 -0.5089943 -0.7943902
vn 0.212313 -0.5279039 -0.8223388
vn -0.02151292 -0.5782987 -0.8155415
vn -0.1361598 -0.6097679 -0.780797
vn -0.330192 -0.6768809 -0.6578795
vn 0.3464918 0.8875168 -0.3037395
vn 0.6235707 0.7620938 -0.174278
vn 0.3582447 0.7777694 -0.5164648
vn 0.3464918 0.8875168 -0.3037395
vn 0.06057176 0.8650495 -0.4980167
vn -0.2816897 0.7984709 -0.5320672
vn -0.623101 0.6917658 -0.3649729
vn -0.7806263 0.620727 -0.07294232
vn -0.8087003 0.5214945 0.2721163
vn -0.9080433 0.4186111 -0.01490414
vn -0.8525549 0.3250759 0.4092381
vn -0.6342197 0.4875337 0.6000636
vn -0.3462957 0.5057604 0.7901177
vn -0.01193604 0.5876142 0.8090534
vn 0.3287009 0.6817615 0.6535726
vn -0.7806263 0.620727 -0.07294232
vn -0.7574773 0.5331503 -0.376801
vn -0.6342197 0.4875337 0.6000636
vn -0.8525549 0.3250759 0.4092381
vn -0.5853252 0.3072672 0.7503209
vn -0.3462957 0.5057604 0.7901177
vn -0.5853252 0.3072672 0.7503209
vn -0.2323522 0.349861 0.9075297
vn 0.3287009 0.6817615 0.6535726
vn 0.19574 0.4799894 0.8551586
vn 0.5517607 0.5505661 0.6264482
vn 0.06057176 0.8650495 -0.4980167
vn 0.3582447 0.7777694 -0.5164648
vn 0.007492177 0.7312684 -0.6820487
vn -0.2816897 0.7984709 -0.5320672
vn 0.007492177 0.7312684 -0.6820487
vn -0.4389199 0.6168492 -0.653335
vn -0.623101 0.6917658 -0.3649729
vn -0.4389199 0.6168492 -0.653335
vn -0.7574773 0.5331503 -0.376801
vn -0.01193604 0.5876142 0.8090534
vn -0.2323522 0.349861 0.9075297
vn 0.19574 0.4799894 0.8551586
vn 0.527903 0.7587075 0.3816825
vn 0.5517607 0.5505661 0.6264482
vn -0.6700498 0.4321837 0.6035318
vn -0.7823258 -0.5516766 -0.2891701
vn -0.7583086 0.1958406 -0.6217834
vn -0.1932034 -0.8860217 0.4214713
vn -0.3294476 0.7956957 -0.5082645
vn 0.2293929 0.8900303 0.3939861
vn -0.1657483 0.5262733 -0.8340049
vn -0.0682779 -0.6085607 -0.7905645
vn 0.520893 -0.5602426 0.6440489
vn -0.4760741 -0.6263054 -0.617329
vn -0.477994 0.4631609 0.7463269
vn -0.03198947 0.9826698 -0.1825843
vn 0.1674629 0.5194401 0.837937
vn 0.6350119 0.6678272 0.3882869
vn 0.823272 0.4754948 -0.3100451
vn 0.9196776 -0.3919128 -0.02444633
vn 0.8781067 -0.2278339 -0.4207382
vn 0.389393 -0.5645207 -0.7277979
vn 0.666091 -0.5513655 0.5023135
vn -0.03098894 -0.7997208 0.5995721
vn 0.1074603 -0.7431062 0.6604888
vn 0.1763775 -0.8687407 -0.4627964
vn -0.4799361 -0.6636413 -0.5737958
vn -0.5417965 -0.4722953 0.6952652
vn -0.829054 0.4703801 0.3023444
vn -0.7041689 0.4671081 -0.5347489
vn -0.1789832 0.8142705 -0.5522034
vn -0.2808741 0.4865213 0.8272889

vt 0.855221 0.463701
vt 0.832137 0.467074
vt 0.832137 0.463701
vt 0.855221 0.467074
vt 0.832137 0.477317
vt 0.855221 0.477317
vt 0.832137 0.52566
vt 0.855221 0.52566
vt 0.832137 0.549044
vt 0.855221 0.549044
vt 0.832137 0.568785
vt 0.855221 0.568785
vt 0.832137 0.587015
vt 0.855221 0.587015
vt 0.832137 0.601759
vt 0.855221 0.601759
vt 0.832137 0.611422
vt 0.855221 0.611422
vt 0.832137 0.615603
vt 0.855221 0.615603
vt 0.832137 0.497992
vt 0.855221 0.490112
vt 0.832137 0.490112
vt 0.855221 0.497992
vt 0.832137 0.53207
vt 0.855221 0.53207
vt 0.832137 0.545009
vt 0.855221 0.545009
vt 0.832137 0.559677
vt 0.855221 0.559677
vt 0.832137 0.572022
vt 0.855221 0.572022
vt 0.832137 0.581738
vt 0.855221 0.581738
vt 0.832137 0.589377
vt 0.855221 0.589377
vt 0.833029 0.807357
vt 0.832961 0.832152
vt 0.812531 0.828199
vt 0.796205 0.819063
vt 0.812878 0.800134
vt 0.78373 0.805123
vt 0.804564 0.790949
vt 0.776454 0.787888
vt 0.80041 0.779277
vt 0.775167 0.769225
vt 0.80015 0.76541
vt 0.776627 0.747117
vt 0.801455 0.753177
vt 0.805743 0.701413
vt 0.823722 0.720959
vt 0.82169 0.691729
vt 0.838423 0.713509
vt 0.838567 0.688539
vt 0.717629 0.925774
vt 0.738059 0.929727
vt 0.738127 0.904932
vt 0.701303 0.916639
vt 0.717976 0.89771
vt 0.688828 0.902699
vt 0.709662 0.888524
vt 0.681552 0.885464
vt 0.705508 0.876853
vt 0.680265 0.8668
vt 0.705248 0.862985
vt 0.681725 0.844692
vt 0.706553 0.850752
vt 0.71084 0.798988
vt 0.72882 0.818534
vt 0.726788 0.789304
vt 0.743521 0.811085
vt 0.743665 0.786115
vt 0.184541 0.097718
vt 0.186591 0.095121
vt 0.186591 0.097718
vt 0.184541 0.095121
vt 0.186591 0.097718
vt 0.186591 0.095121
vt 0.192192 0.095121
vt 0.192192 0.097718
vt 0.192192 0.097718
vt 0.192192 0.095121
vt 0.199842 0.095121
vt 0.199842 0.097718
vt 0.199842 0.097718
vt 0.199842 0.095121
vt 0.207492 0.097718
vt 0.207492 0.095121
vt 0.213092 0.095121
vt 0.213092 0.097718
vt 0.215142 0.097718
vt 0.215142 0.095121
vt 0.213092 0.097718
vt 0.213092 0.095121
vt 0.207492 0.095121
vt 0.207492 0.097718
vt 0.199842 0.095121
vt 0.212949 0.097718
vt 0.222544 0.097718
vt 0.212949 0.106264
vt 0.199842 0.097718
vt 0.199842 0.106264
vt 0.222544 0.106264
vt 0.226057 0.106264
vt 0.226057 0.097718
vt 0.222544 0.106264
vt 0.222544 0.097718
vt 0.212949 0.097718
vt 0.212949 0.106264
vt 0.186734 0.097718
vt 0.186734 0.106264
vt 0.177139 0.106264
vt 0.177139 0.097718
vt 0.173627 0.097718
vt 0.173627 0.106264
vt 0.177139 0.097718
vt 0.177139 0.106264
vt 0.186734 0.106264
vt 0.186734 0.097718
vt 0.199842 0.097718
vt 0.199842 0.106264
vt 0.171318 0.115647
vt 0.166906 0.101634
vt 0.171318 0.098859
vt 0.166906 0.115647
vt 0.187101 0.115647
vt 0.187101 0.096827
vt 0.212583 0.115647
vt 0.212583 0.096827
vt 0.228365 0.115647
vt 0.228365 0.098859
vt 0.232778 0.115647
vt 0.232778 0.101634
vt 0.171318 0.115647
vt 0.171318 0.104409
vt 0.183374 0.115647
vt 0.183374 0.106441
vt 0.228365 0.104409
vt 0.228365 0.115647
vt 0.21631 0.106441
vt 0.21631 0.115647
vt 0.199842 0.107184
vt 0.199842 0.115647
vt 0.223468 0.115647
vt 0.199842 0.115647
vt 0.213482 0.115647
vt 0.199842 0.119858
vt 0.186201 0.119858
vt 0.186201 0.115647
vt 0.176215 0.119858
vt 0.176215 0.115647
vt 0.17256 0.119858
vt 0.17256 0.115647
vt 0.213482 0.119858
vt 0.223468 0.115647
vt 0.223468 0.119858
vt 0.227123 0.115647
vt 0.227123 0.119858
vt 0.223468 0.119858
vt 0.213482 0.115647
vt 0.213482 0.119858
vt 0.199842 0.115647
vt 0.199842 0.119858
vt 0.186201 0.115647
vt 0.186201 0.119858
vt 0.176215 0.115647
vt 0.176215 0.119858
vt 0.178267 0.119858
vt 0.174929 0.119858
vt 0.199842 0.119858
vt 0.187385 0.119858
vt 0.221417 0.119858
vt 0.212298 0.119858
vt 0.178267 0.119858
vt 0.187385 0.119858
vt 0.199842 0.119858
vt 0.212298 0.119858
vt 0.221417 0.119858
vt 0.224754 0.119858
vt 0.849482 0.82545
vt 0.845023 0.823622
vt 0.850055 0.82319
vt 0.847797 0.827159
vt 0.845432 0.827943
vt 0.842931 0.827625
vt 0.840887 0.826238
vt 0.839855 0.824066
vt 0.840206 0.821648
vt 0.841935 0.819686
vt 0.844567 0.818807
vt 0.84729 0.819285
vt 0.849289 0.820924
vt 0.12031 0.124674
vt 0.120373 0.124712
vt 0.122185 0.125802
vt 0.118984 0.123876
vt 0.12031 0.124674
vt 0.117063 0.12272
vt 0.121706 0.115003
vt 0.117956 0.112747
vt 0.113313 0.120464
vt 0.114708 0.110793
vt 0.110065 0.118511
vt 0.112833 0.109665
vt 0.10819 0.117382
vt 0.112833 0.109665
vt 0.10819 0.117382
vt 0.114708 0.110793
vt 0.110065 0.118511
vt 0.117956 0.112747
vt 0.113313 0.120464
vt 0.121706 0.115003
vt 0.117063 0.12272
vt 0.124953 0.116957
vt 0.12031 0.124674
vt 0.126828 0.118085
vt 0.122185 0.125802
vt 0.126828 0.118085
vt 0.122185 0.125802
vt 0.124953 0.116957
vt 0.122108 0.115245
vt 0.126053 0.117618
vt 0.143753 0.079267
vt 0.139198 0.076527
vt 0.117553 0.112505
vt 0.135254 0.074154
vt 0.113608 0.110131
vt 0.132976 0.072783
vt 0.111331 0.108761
vt 0.132976 0.072783
vt 0.111331 0.108761
vt 0.135254 0.074154
vt 0.113608 0.110131
vt 0.139198 0.076527
vt 0.117553 0.112505
vt 0.143753 0.079267
vt 0.122108 0.115245
vt 0.147698 0.081641
vt 0.126053 0.117618
vt 0.149976 0.083011
vt 0.12833 0.118989
vt 0.149976 0.083011
vt 0.12833 0.118989
vt 0.147698 0.081641
vt 0.143054 0.078847
vt 0.145788 0.080492
vt 0.149957 0.073563
vt 0.151535 0.074513
vt 0.147367 0.081441
vt 0.151535 0.074513
vt 0.147367 0.081441
vt 0.149957 0.073563
vt 0.145788 0.080492
vt 0.147223 0.071918
vt 0.143054 0.078847
vt 0.144066 0.070019
vt 0.139897 0.076947
vt 0.141332 0.068374
vt 0.137163 0.075303
vt 0.139753 0.067424
vt 0.135585 0.074353
vt 0.139753 0.067424
vt 0.135585 0.074353
vt 0.141332 0.068374
vt 0.137163 0.075303
vt 0.144066 0.070019
vt 0.139897 0.076947
vt 0.147223 0.071918
vt 0.122185 0.125802
vt 0.120373 0.124712
vt 0.122185 0.125802
vt 0.120373 0.124712
vt 0.118984 0.123876
vt 0.116577 0.122428
vt 0.113798 0.120756
vt 0.111391 0.119309
vt 0.110065 0.118511
vt 0.110065 0.118511
vt 0.10819 0.117382
vt 0.110002 0.118473
vt 0.111391 0.119309
vt 0.113798 0.120756
vt 0.116577 0.122428
vt 0.113313 0.120464
vt 0.111391 0.119309
vt 0.10819 0.117382
vt 0.110002 0.118473
vt 0.10819 0.117382
vt 0.10819 0.117382
vt 0.111391 0.119309
vt 0.110065 0.118511
vt 0.113313 0.120464
vt 0.116577 0.122428
vt 0.117063 0.12272
vt 0.122185 0.125802
vt 0.118984 0.123876
vt 0.12031 0.124674
vt 0.12031 0.124674
vt 0.116577 0.122428
vt 0.117063 0.12272
vt 0.117063 0.12272
vt 0.113798 0.120756
vt 0.113313 0.120464
vt 0.110065 0.118511
vt 0.113798 0.120756
vt 0.113313 0.120464
vt 0.117063 0.12272
vt 0.118984 0.123876
vt 0.145784 0.120253
vt 0.163187 0.09461
vt 0.145186 0.119438
vt 0.163785 0.095426
vt 0.1357 0.112755
vt 0.130421 0.111374
vt 0.128293 0.108403
vt 0.146764 0.083042
vt 0.148421 0.086547
vt 0.145457 0.082404
vt 0.143988 0.117778
vt 0.125419 0.106687
vt 0.141078 0.11604
vt 0.133651 0.111604
vt 0.1247 0.106257
vt 0.150815 0.085605
vt 0.141864 0.080258
vt 0.142583 0.080687
vt 0.158242 0.090041
vt 0.161152 0.091779
vt 0.168179 0.096048
vt 0.158877 0.089201
vt 0.175264 0.098672
vt 0.175509 0.099006
vt 0.155704 0.123036
vt 0.15505 0.122144
vt 0.140916 0.113975
vt 0.145354 0.118858
f 794/794/794 793/793/793 795/795/795
f 796/796/796 793/793/793 794/794/794
f 797/797/797 796/796/796 794/794/794
f 798/798/798 796/796/796 797/797/797
f 799/799/799 798/798/798 797/797/797
f 800/800/800 798/798/798 799/799/799
f 799/799/799 801/801/801 800/800/800
f 800/800/800 801/801/801 802/802/802
f 803/803/803 802/802/802 801/801/801
f 804/804/804 802/802/802 803/803/803
f 805/805/805 804/804/804 803/803/803
f 806/806/806 804/804/804 805/805/805
f 807/807/807 806/806/806 805/805/805
f 808/808/808 806/806/806 807/807/807
f 809/809/809 808/808/808 807/807/807
f 810/810/810 808/808/808 809/809/809
f 811/811/811 810/810/810 809/809/809
f 812/812/812 810/810/810 811/811/811
f 814/814/814 813/813/813 815/815/815
f 816/816/816 813/813/813 814/814/814
f 816/816/816 817/817/817 813/813/813
f 818/818/818 817/817/817 816/816/816
f 817/817/817 818/818/818 819/819/819
f 819/819/819 818/818/818 820/820/820
f 820/820/820 821/821/821 819/819/819
f 822/822/822 821/821/821 820/820/820
f 822/822/822 823/823/823 821/821/821
f 824/824/824 823/823/823 822/822/822
f 824/824/824 825/825/825 823/823/823
f 826/826/826 825/825/825 824/824/824
f 826/826/826 827/827/827 825/825/825
f 828/828/828 827/827/827 826/826/826
f 830/830/830 829/829/829 831/831/831
f 831/831/831 829/829/829 832/832/832
f 832/832/832 829/829/829 833/833/833
f 832/832/832 833/833/833 834/834/834
f 834/834/834 833/833/833 835/835/835
f 834/834/834 835/835/835 836/836/836
f 836/836/836 835/835/835 837/837/837
f 837/837/837 838/838/838 836/836/836
f 839/839/839 838/838/838 837/837/837
f 838/838/838 839/839/839 840/840/840
f 840/840/840 839/839/839 841/841/841
f 840/840/840 841/841/841 842/842/842
f 842/842/842 841/841/841 843/843/843
f 842/842/842 843/843/843 844/844/844
f 844/844/844 843/843/843 845/845/845
f 844/844/844 845/845/845 846/846/846
f 848/848/848 847/847/847 849/849/849
f 847/847/847 850/850/850 849/849/849
f 849/849/849 850/850/850 851/851/851
f 850/850/850 852/852/852 851/851/851
f 851/851/851 852/852/852 853/853/853
f 852/852/852 854/854/854 853/853/853
f 853/853/853 854/854/854 855/855/855
f 854/854/854 856/856/856 855/855/855
f 855/855/855 856/856/856 857/857/857
f 856/856/856 858/858/858 857/857/857
f 857/857/857 858/858/858 859/859/859
f 858/858/858 860/860/860 859/859/859
f 859/859/859 860/860/860 861/861/861
f 860/860/860 862/862/862 861/861/861
f 861/861/861 862/862/862 863/863/863
f 862/862/862 864/864/864 863/863/863
f 866/866/866 865/865/865 867/867/867
f 868/868/868 865/865/865 866/866/866
f 868/868/868 869/869/869 865/865/865
f 870/870/870 869/869/869 868/868/868
f 871/871/871 869/869/869 870/870/870
f 872/872/872 869/869/869 871/871/871
f 867/867/867 873/873/873 866/866/866
f 866/866/866 873/873/873 874/874/874
f 874/874/874 873/873/873 875/875/875
f 875/875/875 873/873/873 876/876/876
f 871/871/871 877/877/877 872/872/872
f 878/878/878 877/877/877 871/871/871
f 878/878/878 879/879/879 877/877/877
f 880/880/880 879/879/879 878/878/878
f 881/881/881 879/879/879 880/880/880
f 882/882/882 879/879/879 881/881/881
f 881/881/881 883/883/883 882/882/882
f 884/884/884 883/883/883 881/881/881
f 884/884/884 885/885/885 883/883/883
f 886/886/886 885/885/885 884/884/884
f 887/887/887 885/885/885 886/886/886
f 888/888/888 885/885/885 887/887/887
f 875/875/875 888/888/888 887/887/887
f 876/876/876 888/888/888 875/875/875
f 875/875/875 887/887/887 889/889/889
f 881/881/881 880/880/880 889/889/889
f 889/889/889 884/884/884 881/881/881
f 889/889/889 886/886/886 884/884/884
f 889/889/889 880/880/880 878/878/878
f 887/887/887 886/886/886 889/889/889
f 889/889/889 874/874/874 875/875/875
f 889/889/889 878/878/878 871/871/871
f 871/871/871 870/870/870 889/889/889
f 889/889/889 870/870/870 868/868/868
f 889/889/889 868/868/868 866/866/866
f 866/866/866 874/874/874 889/889/889
f 882/882/882 890/890/890 879/879/879
f 891/891/891 890/890/890 882/882/882
f 891/891/891 892/892/892 890/890/890
f 890/890/890 892/892/892 893/893/893
f 893/893/893 892/892/892 894/894/894
f 895/895/895 892/892/892 891/891/891
f 891/891/891 896/896/896 895/895/895
f 897/897/897 896/896/896 891/891/891
f 897/897/897 898/898/898 896/896/896
f 899/899/899 898/898/898 897/897/897
f 900/900/900 898/898/898 899/899/899
f 901/901/901 898/898/898 900/900/900
f 893/893/893 894/894/894 902/902/902
f 902/902/902 894/894/894 903/903/903
f 903/903/903 904/904/904 902/902/902
f 902/902/902 904/904/904 905/905/905
f 905/905/905 904/904/904 906/906/906
f 906/906/906 904/904/904 907/907/907
f 906/906/906 907/907/907 908/908/908
f 908/908/908 907/907/907 909/909/909
f 909/909/909 910/910/910 908/908/908
f 908/908/908 910/910/910 911/911/911
f 911/911/911 910/910/910 912/912/912
f 912/912/912 901/901/901 900/900/900
f 912/912/912 910/910/910 913/913/913
f 913/913/913 901/901/901 912/912/912
f 912/912/912 900/900/900 876/876/876
f 876/876/876 911/911/911 912/912/912
f 876/876/876 900/900/900 888/888/888
f 908/908/908 911/911/911 867/867/867
f 867/867/867 906/906/906 908/908/908
f 867/867/867 911/911/911 873/873/873
f 873/873/873 911/911/911 876/876/876
f 865/865/865 905/905/905 906/906/906
f 865/865/865 906/906/906 867/867/867
f 869/869/869 905/905/905 865/865/865
f 872/872/872 905/905/905 869/869/869
f 902/902/902 905/905/905 872/872/872
f 872/872/872 893/893/893 902/902/902
f 877/877/877 893/893/893 872/872/872
f 877/877/877 890/890/890 893/893/893
f 879/879/879 890/890/890 877/877/877
f 888/888/888 899/899/899 885/885/885
f 885/885/885 899/899/899 883/883/883
f 883/883/883 899/899/899 897/897/897
f 883/883/883 897/897/897 882/882/882
f 882/882/882 897/897/897 891/891/891
f 900/900/900 899/899/899 888/888/888
f 915/915/915 914/914/914 916/916/916
f 917/917/917 914/914/914 915/915/915
f 914/914/914 918/918/918 916/916/916
f 916/916/916 918/918/918 919/919/919
f 918/918/918 920/920/920 919/919/919
f 919/919/919 920/920/920 921/921/921
f 922/922/922 921/921/921 920/920/920
f 923/923/923 921/921/921 922/922/922
f 916/916/916 923/923/923 915/915/915
f 919/919/919 923/923/923 916/916/916
f 923/923/923 919/919/919 921/921/921
f 922/922/922 924/924/924 923/923/923
f 923/923/923 924/924/924 925/925/925
f 915/915/915 926/926/926 917/917/917
f 927/927/927 926/926/926 915/915/915
f 923/923/923 927/927/927 915/915/915
f 927/927/927 928/928/928 926/926/926
f 929/929/929 928/928/928 927/927/927
f 929/929/929 927/927/927 923/923/923
f 925/925/925 924/924/924 930/930/930
f 930/930/930 929/929/929 923/923/923
f 930/930/930 923/923/923 925/925/925
f 930/930/930 924/924/924 931/931/931
f 930/930/930 931/931/931 932/932/932
f 932/932/932 931/931/931 933/933/933
f 932/932/932 933/933/933 934/934/934
f 934/934/934 929/929/929 930/930/930
f 934/934/934 930/930/930 932/932/932
f 934/934/934 933/933/933 935/935/935
f 929/929/929 935/935/935 928/928/928
f 934/934/934 935/935/935 929/929/929
f 922/922/922 920/920/920 936/936/936
f 935/935/935 933/933/933 937/937/937
f 937/937/937 933/933/933 938/938/938
f 933/933/933 931/931/931 938/938/938
f 937/937/937 938/938/938 939/939/939
f 940/940/940 937/937/937 939/939/939
f 941/941/941 937/937/937 940/940/940
f 941/941/941 935/935/935 937/937/937
f 928/928/928 935/935/935 941/941/941
f 942/942/942 941/941/941 940/940/940
f 943/943/943 941/941/941 942/942/942
f 943/943/943 928/928/928 941/941/941
f 944/944/944 943/943/943 942/942/942
f 945/945/945 943/943/943 944/944/944
f 939/939/939 938/938/938 946/946/946
f 938/938/938 947/947/947 946/946/946
f 946/946/946 947/947/947 948/948/948
f 947/947/947 949/949/949 948/948/948
f 948/948/948 949/949/949 950/950/950
f 949/949/949 936/936/936 950/950/950
f 950/950/950 936/936/936 951/951/951
f 936/936/936 952/952/952 951/951/951
f 951/951/951 952/952/952 953/953/953
f 952/952/952 954/954/954 953/953/953
f 953/953/953 954/954/954 955/955/955
f 954/954/954 956/956/956 955/955/955
f 955/955/955 956/956/956 957/957/957
f 956/956/956 958/958/958 957/957/957
f 957/957/957 958/958/958 959/959/959
f 958/958/958 945/945/945 959/959/959
f 959/959/959 945/945/945 944/944/944
f 959/959/959 944/944/944 960/960/960
f 960/960/960 944/944/944 961/961/961
f 955/955/955 957/957/957 962/962/962
f 962/962/962 957/957/957 963/963/963
f 963/963/963 959/959/959 960/960/960
f 957/957/957 959/959/959 963/963/963
f 951/951/951 953/953/953 964/964/964
f 964/964/964 953/953/953 965/965/965
f 965/965/965 955/955/955 962/962/962
f 953/953/953 955/955/955 965/965/965
f 944/944/944 942/942/942 961/961/961
f 961/961/961 942/942/942 966/966/966
f 942/942/942 940/940/940 966/966/966
f 966/966/966 940/940/940 967/967/967
f 940/940/940 939/939/939 967/967/967
f 967/967/967 939/939/939 968/968/968
f 939/939/939 946/946/946 968/968/968
f 968/968/968 946/946/946 969/969/969
f 946/946/946 948/948/948 969/969/969
f 969/969/969 948/948/948 970/970/970
f 948/948/948 950/950/950 970/970/970
f 970/970/970 950/950/950 971/971/971
f 971/971/971 951/951/951 964/964/964
f 950/950/950 951/951/951 971/971/971
f 958/958/958 917/917/917 945/945/945
f 914/914/914 917/917/917 958/958/958
f 917/917/917 926/926/926 945/945/945
f 945/945/945 926/926/926 943/943/943
f 926/926/926 928/928/928 943/943/943
f 956/956/956 914/914/914 958/958/958
f 918/918/918 914/914/914 956/956/956
f 956/956/956 954/954/954 918/918/918
f 918/918/918 954/954/954 920/920/920
f 952/952/952 920/920/920 954/954/954
f 936/936/936 920/920/920 952/952/952
f 949/949/949 922/922/922 936/936/936
f 924/924/924 922/922/922 949/949/949
f 947/947/947 924/924/924 949/949/949
f 931/931/931 924/924/924 947/947/947
f 938/938/938 931/931/931 947/947/947
f 973/973/973 972/972/972 974/974/974
f 973/973/973 975/975/975 972/972/972
f 973/973/973 976/976/976 975/975/975
f 973/973/973 977/977/977 976/976/976
f 973/973/973 978/978/978 977/977/977
f 973/973/973 979/979/979 978/978/978
f 973/973/973 980/980/980 979/979/979
f 973/973/973 981/981/981 980/980/980
f 973/973/973 982/982/982 981/981/981
f 973/973/973 983/983/983 982/982/982
f 973/973/973 984/984/984 983/983/983
f 973/973/973 974/974/974 984/984/984
f 986/986/986 985/985/985 987/987/987
f 988/988/988 985/985/985 986/986/986
f 988/988/988 989/989/989 985/985/985
f 988/988/988 990/990/990 989/989/989
f 990/990/990 991/991/991 989/989/989
f 990/990/990 992/992/992 991/991/991
f 993/993/993 992/992/992 990/990/990
f 993/993/993 994/994/994 992/992/992
f 995/995/995 994/994/994 993/993/993
f 995/995/995 996/996/996 994/994/994
f 997/997/997 996/996/996 995/995/995
f 997/997/997 998/998/998 996/996/996
f 999/999/999 998/998/998 997/997/997
f 999/999/999 1000/1000/1000 998/998/998
f 1001/1001/1001 1000/1000/1000 999/999/999
f 1001/1001/1001 1002/1002/1002 1000/1000/1000
f 1003/1003/1003 1002/1002/1002 1001/1001/1001
f 1003/1003/1003 1004/1004/1004 1002/1002/1002
f 1005/1005/1005 1004/1004/1004 1003/1003/1003
f 1005/1005/1005 1006/1006/1006 1004/1004/1004
f 1007/1007/1007 1006/1006/1006 1005/1005/1005
f 1007/1007/1007 1008/1008/1008 1006/1006/1006
f 1009/1009/1009 1008/1008/1008 1007/1007/1007
f 1009/1009/1009 1010/1010/1010 1008/1008/1008
f 1011/1011/1011 1010/1010/1010 1009/1009/1009
f 1011/1011/1011 1012/1012/1012 1010/1010/1010
f 989/989/989 1012/1012/1012 1011/1011/1011
f 989/989/989 991/991/991 1012/1012/1012
f 991/991/991 1013/1013/1013 1012/1012/1012
f 1012/1012/1012 1013/1013/1013 1014/1014/1014
f 1012/1012/1012 1014/1014/1014 1010/1010/1010
f 1013/1013/1013 1015/1015/1015 1014/1014/1014
f 1013/1013/1013 1016/1016/1016 1015/1015/1015
f 1017/1017/1017 1016/1016/1016 1013/1013/1013
f 991/991/991 1017/1017/1017 1013/1013/1013
f 1017/1017/1017 1018/1018/1018 1016/1016/1016
f 1019/1019/1019 1018/1018/1018 1017/1017/1017
f 1019/1019/1019 1020/1020/1020 1018/1018/1018
f 1021/1021/1021 1020/1020/1020 1019/1019/1019
f 1021/1021/1021 1022/1022/1022 1020/1020/1020
f 1023/1023/1023 1022/1022/1022 1021/1021/1021
f 1023/1023/1023 1024/1024/1024 1022/1022/1022
f 1025/1025/1025 1024/1024/1024 1023/1023/1023
f 1025/1025/1025 1026/1026/1026 1024/1024/1024
f 1027/1027/1027 1026/1026/1026 1025/1025/1025
f 1027/1027/1027 1028/1028/1028 1026/1026/1026
f 1029/1029/1029 1028/1028/1028 1027/1027/1027
f 1029/1029/1029 1030/1030/1030 1028/1028/1028
f 1031/1031/1031 1030/1030/1030 1029/1029/1029
f 1031/1031/1031 1032/1032/1032 1030/1030/1030
f 1033/1033/1033 1032/1032/1032 1031/1031/1031
f 1033/1033/1033 1034/1034/1034 1032/1032/1032
f 1035/1035/1035 1034/1034/1034 1033/1033/1033
f 1035/1035/1035 1036/1036/1036 1034/1034/1034
f 1014/1014/1014 1036/1036/1036 1035/1035/1035
f 1014/1014/1014 1015/1015/1015 1036/1036/1036
f 1015/1015/1015 1037/1037/1037 1036/1036/1036
f 1036/1036/1036 1037/1037/1037 1038/1038/1038
f 1036/1036/1036 1038/1038/1038 1034/1034/1034
f 1037/1037/1037 1039/1039/1039 1038/1038/1038
f 1040/1040/1040 1038/1038/1038 1039/1039/1039
f 1041/1041/1041 1038/1038/1038 1040/1040/1040
f 1034/1034/1034 1041/1041/1041 1032/1032/1032
f 1034/1034/1034 1038/1038/1038 1041/1041/1041
f 1040/1040/1040 1042/1042/1042 1041/1041/1041
f 1041/1041/1041 1042/1042/1042 1043/1043/1043
f 1032/1032/1032 1043/1043/1043 1030/1030/1030
f 1032/1032/1032 1041/1041/1041 1043/1043/1043
f 1042/1042/1042 1044/1044/1044 1043/1043/1043
f 1040/1040/1040 1044/1044/1044 1042/1042/1042
f 1039/1039/1039 1044/1044/1044 1040/1040/1040
f 1043/1043/1043 1044/1044/1044 1045/1045/1045
f 1044/1044/1044 1046/1046/1046 1045/1045/1045
f 1044/1044/1044 1039/1039/1039 1046/1046/1046
f 1045/1045/1045 1046/1046/1046 1047/1047/1047
f 1046/1046/1046 1048/1048/1048 1047/1047/1047
f 1047/1047/1047 1048/1048/1048 1049/1049/1049
f 1048/1048/1048 1050/1050/1050 1049/1049/1049
f 1049/1049/1049 1050/1050/1050 1051/1051/1051
f 1050/1050/1050 1052/1052/1052 1051/1051/1051
f 1051/1051/1051 1052/1052/1052 1053/1053/1053
f 1052/1052/1052 1054/1054/1054 1053/1053/1053
f 1053/1053/1053 1054/1054/1054 1055/1055/1055
f 1054/1054/1054 1056/1056/1056 1055/1055/1055
f 1052/1052/1052 1056/1056/1056 1054/1054/1054
f 1050/1050/1050 1056/1056/1056 1052/1052/1052
f 1055/1055/1055 1056/1056/1056 1057/1057/1057
f 1056/1056/1056 1058/1058/1058 1057/1057/1057
f 1050/1050/1050 1058/1058/1058 1056/1056/1056
f 1048/1048/1048 1058/1058/1058 1050/1050/1050
f 1057/1057/1057 1058/1058/1058 1059/1059/1059
f 1058/1058/1058 1060/1060/1060 1059/1059/1059
f 1048/1048/1048 1060/1060/1060 1058/1058/1058
f 1046/1046/1046 1060/1060/1060 1048/1048/1048
f 1059/1059/1059 1060/1060/1060 1037/1037/1037
f 1060/1060/1060 1039/1039/1039 1037/1037/1037
f 1015/1015/1015 1059/1059/1059 1037/1037/1037
f 1016/1016/1016 1059/1059/1059 1015/1015/1015
f 1016/1016/1016 1057/1057/1057 1059/1059/1059
f 1018/1018/1018 1057/1057/1057 1016/1016/1016
f 1018/1018/1018 1055/1055/1055 1057/1057/1057
f 1020/1020/1020 1055/1055/1055 1018/1018/1018
f 1020/1020/1020 1053/1053/1053 1055/1055/1055
f 1022/1022/1022 1053/1053/1053 1020/1020/1020
f 1022/1022/1022 1051/1051/1051 1053/1053/1053
f 1024/1024/1024 1051/1051/1051 1022/1022/1022
f 1024/1024/1024 1049/1049/1049 1051/1051/1051
f 1026/1026/1026 1049/1049/1049 1024/1024/1024
f 1026/1026/1026 1047/1047/1047 1049/1049/1049
f 1028/1028/1028 1047/1047/1047 1026/1026/1026
f 1028/1028/1028 1045/1045/1045 1047/1047/1047
f 1030/1030/1030 1045/1045/1045 1028/1028/1028
f 1030/1030/1030 1043/1043/1043 1045/1045/1045
f 1046/1046/1046 1039/1039/1039 1060/1060/1060
f 1062/1062/1062 1061/1061/1061 1063/1063/1063
f 985/985/985 1061/1061/1061 1062/1062/1062
f 985/985/985 1011/1011/1011 1064/1064/1064
f 1064/1064/1064 1011/1011/1011 1009/1009/1009
f 1064/1064/1064 1009/1009/1009 1065/1065/1065
f 1065/1065/1065 1009/1009/1009 1007/1007/1007
f 1065/1065/1065 1007/1007/1007 1066/1066/1066
f 1066/1066/1066 1007/1007/1007 1005/1005/1005
f 1066/1066/1066 1005/1005/1005 1067/1067/1067
f 1067/1067/1067 1005/1005/1005 1003/1003/1003
f 1067/1067/1067 1003/1003/1003 1068/1068/1068
f 1068/1068/1068 1003/1003/1003 1001/1001/1001
f 1068/1068/1068 1001/1001/1001 1069/1069/1069
f 1068/1068/1068 1069/1069/1069 1070/1070/1070
f 1070/1070/1070 1069/1069/1069 1071/1071/1071
f 1069/1069/1069 1001/1001/1001 999/999/999
f 1069/1069/1069 999/999/999 1072/1072/1072
f 1072/1072/1072 999/999/999 997/997/997
f 1072/1072/1072 997/997/997 1073/1073/1073
f 1073/1073/1073 997/997/997 995/995/995
f 1073/1073/1073 995/995/995 1074/1074/1074
f 1074/1074/1074 995/995/995 993/993/993
f 1074/1074/1074 993/993/993 1075/1075/1075
f 1075/1075/1075 993/993/993 990/990/990
f 1075/1075/1075 990/990/990 988/988/988
f 1077/1077/1077 1076/1076/1076 1070/1070/1070
f 1067/1067/1067 1076/1076/1076 1077/1077/1077
f 1069/1069/1069 1078/1078/1078 1079/1079/1079
f 1079/1079/1079 1078/1078/1078 1080/1080/1080
f 1072/1072/1072 1081/1081/1081 1082/1082/1082
f 1082/1082/1082 1081/1081/1081 1083/1083/1083
f 1074/1074/1074 1084/1084/1084 1085/1085/1085
f 1085/1085/1085 1084/1084/1084 1086/1086/1086
f 1088/1088/1088 1087/1087/1087 1089/1089/1089
f 1064/1064/1064 1087/1087/1087 1088/1088/1088
f 1091/1091/1091 1090/1090/1090 1092/1092/1092
f 1065/1065/1065 1090/1090/1090 1091/1091/1091
f 1094/1094/1094 1093/1093/1093 1095/1095/1095
f 1066/1066/1066 1093/1093/1093 1094/1094/1094
f 1097/1097/1097 1096/1096/1096 1098/1098/1098
f 1073/1073/1073 1096/1096/1096 1097/1097/1097
f 1100/1100/1100 1099/1099/1099 986/986/986
f 1075/1075/1075 1099/1099/1099 1100/1100/1100
f 1102/1102/1102 1101/1101/1101 1103/1103/1103
f 1104/1104/1104 1101/1101/1101 1102/1102/1102
f 1103/1103/1103 1101/1101/1101 1105/1105/1105
f 1105/1105/1105 1101/1101/1101 1106/1106/1106
f 1105/1105/1105 1106/1106/1106 1107/1107/1107
f 1108/1108/1108 1104/1104/1104 1102/1102/1102
f 1103/1103/1103 1108/1108/1108 1102/1102/1102
f 1105/1105/1105 1108/1108/1108 1103/1103/1103
f 1107/1107/1107 1108/1108/1108 1105/1105/1105
f 1109/1109/1109 1104/1104/1104 1108/1108/1108
f 1106/1106/1106 1109/1109/1109 1107/1107/1107
f 1109/1109/1109 1101/1101/1101 1104/1104/1104
f 1106/1106/1106 1101/1101/1101 1109/1109/1109
f 1110/1110/1110 1109/1109/1109 1108/1108/1108
f 1110/1110/1110 1108/1108/1108 1107/1107/1107
f 1110/1110/1110 1111/1111/1111 1107/1107/1107
f 1111/1111/1111 1112/1112/1112 1107/1107/1107
f 1113/1113/1113 1112/1112/1112 1111/1111/1111
f 1114/1114/1114 1112/1112/1112 1113/1113/1113
f 1115/1115/1115 1112/1112/1112 1114/1114/1114
f 1114/1114/1114 1116/1116/1116 1115/1115/1115
f 1116/1116/1116 1117/1117/1117 1115/1115/1115
f 1116/1116/1116 1118/1118/1118 1117/1117/1117
f 1115/1115/1115 1118/1118/1118 1112/1112/1112
f 1117/1117/1117 1118/1118/1118 1115/1115/1115
f 1107/1107/1107 1118/1118/1118 1110/1110/1110
f 1112/1112/1112 1118/1118/1118 1107/1107/1107
f 1119/1119/1119 1118/1118/1118 1116/1116/1116
f 1119/1119/1119 1114/1114/1114 1113/1113/1113
f 1116/1116/1116 1114/1114/1114 1119/1119/1119
f 1120/1120/1120 1118/1118/1118 1119/1119/1119
f 1110/1110/1110 1118/1118/1118 1120/1120/1120
f 1120/1120/1120 1111/1111/1111 1110/1110/1110
f 1120/1120/1120 1113/1113/1113 1111/1111/1111
f 1119/1119/1119 1113/1113/1113 1120/1120/1120
f 1111/1111/1111 1121/1121/1121 1120/1120/1120
f 1121/1121/1121 1122/1122/1122 1120/1120/1120
f 1122/1122/1122 1121/1121/1121 1123/1123/1123
f 1123/1123/1123 1121/1121/1121 1124/1124/1124
f 1125/1125/1125 1123/1123/1123 1124/1124/1124
f 1126/1126/1126 1123/1123/1123 1125/1125/1125
f 1125/1125/1125 1127/1127/1127 1126/1126/1126
f 1127/1127/1127 1123/1123/1123 1126/1126/1126
f 1122/1122/1122 1123/1123/1123 1127/1127/1127
f 1128/1128/1128 1127/1127/1127 1125/1125/1125
f 1124/1124/1124 1128/1128/1128 1125/1125/1125
f 1121/1121/1121 1128/1128/1128 1124/1124/1124
f 1111/1111/1111 1127/1127/1127 1128/1128/1128
f 1128/1128/1128 1121/1121/1121 1111/1111/1111
f 992/992/992 1017/1017/1017 991/991/991
f 992/992/992 1019/1019/1019 1017/1017/1017
f 994/994/994 1019/1019/1019 992/992/992
f 994/994/994 1021/1021/1021 1019/1019/1019
f 996/996/996 1021/1021/1021 994/994/994
f 996/996/996 1023/1023/1023 1021/1021/1021
f 998/998/998 1023/1023/1023 996/996/996
f 998/998/998 1025/1025/1025 1023/1023/1023
f 1000/1000/1000 1025/1025/1025 998/998/998
f 1000/1000/1000 1027/1027/1027 1025/1025/1025
f 1002/1002/1002 1027/1027/1027 1000/1000/1000
f 1002/1002/1002 1029/1029/1029 1027/1027/1027
f 1004/1004/1004 1029/1029/1029 1002/1002/1002
f 1004/1004/1004 1031/1031/1031 1029/1029/1029
f 1006/1006/1006 1031/1031/1031 1004/1004/1004
f 1006/1006/1006 1033/1033/1033 1031/1031/1031
f 1008/1008/1008 1033/1033/1033 1006/1006/1006
f 1008/1008/1008 1035/1035/1035 1033/1033/1033
f 1010/1010/1010 1035/1035/1035 1008/1008/1008
f 1010/1010/1010 1014/1014/1014 1035/1035/1035
f 985/985/985 989/989/989 1011/1011/1011
v 1.107374 1.079458 0.7515434
v 1.174225 1.183317 0.7802442
v 1.164933 1.202122 0.7720028
v 1.073969 1.119342 0.7440509
v 1.174225 1.183317 0.7802442
v 1.070031 1.154456 0.7464932
v 1.208581 1.173038 0.7640585
v 1.229198 1.193599 0.6504093
v 1.22493 1.177662 0.6330691
v 1.070031 1.154456 0.7464932
v 1.126755 1.143809 0.7762179
v 1.05675 1.164627 0.7216109
v 1.229503 1.209912 0.740516
v 1.234495 1.207497 0.6652961
v 1.196961 1.282918 0.6761255
v 1.208023 1.279582 0.7665852
v 1.229503 1.209912 0.740516
v 1.195424 1.158447 0.7711326
v 1.088874 1.112939 0.6240345
v 1.073969 1.119342 0.7440509
v 1.104943 1.209523 0.6077434
v 1.168998 1.162116 0.726311
v 1.116349 1.128873 0.7077168
v 1.164862 1.130405 0.7211688
v 1.095227 1.194861 0.7271117
v 1.067771 1.168208 0.7222291
v 1.168998 1.162116 0.726311
v 1.143989 1.143307 0.7146152
v 1.051758 1.1742 0.8733617
v 1.095227 1.194861 0.7271117
v 1.024525 1.161561 0.8395639
v 1.149623 1.16164 0.8951328
v 1.024525 1.161561 0.8395639
v 1.139588 1.195834 0.881049
v 1.208706 1.169124 0.7838433
v 1.201903 1.176849 0.8285642
v 1.165637 1.208375 0.8812481
v 1.208706 1.169124 0.7838433
v 1.177884 1.268962 0.8377287
v 1.178549 1.145473 0.7452157
v 1.177884 1.268962 0.8377287
v 1.195424 1.158447 0.7711326
v 1.208023 1.279582 0.7665852
v 1.072526 1.302055 0.7300676
v 1.031472 1.25007 0.7842356
v 1.050596 1.214513 0.867306
v 1.05675 1.164627 0.7216109
v 1.126755 1.143809 0.7762179
v 1.06496 1.158315 0.7224003
v 1.072526 1.302055 0.7300676
v 1.06496 1.158315 0.7224003
v 1.082429 1.268734 0.6563116
v 1.196961 1.282918 0.6761255
v 1.082429 1.268734 0.6563116
v 1.104943 1.209523 0.6077434
v 1.05675 1.164627 0.7216109
v 1.070031 1.154456 0.7464932
v 1.196961 1.282918 0.6761255
v 1.234495 1.207497 0.6652961
v 1.208581 1.173038 0.7640585
v 1.22493 1.177662 0.6330691
v 1.174225 1.183317 0.7802442
v 1.234495 1.207497 0.6652961
v 1.088874 1.112939 0.6240345
v 1.22493 1.177662 0.6330691
v 1.172227 1.067317 0.6277695
v 1.229198 1.193599 0.6504093
v 1.065091 1.16094 0.7225554
v 1.143989 1.143307 0.7146152
v 1.208706 1.169124 0.7838433
v 1.067771 1.168208 0.7222291
v 1.178549 1.145473 0.7452157
v 1.06385 1.159806 0.7252175
v 1.208706 1.169124 0.7838433
v 1.178549 1.145473 0.7452157
v 1.06496 1.158315 0.7224003
v 1.195424 1.158447 0.7711326
v 1.06496 1.158315 0.7224003
v 1.031472 1.25007 0.7842356
v 1.072526 1.302055 0.7300676
v 1.031472 1.25007 0.7842356
v 1.065091 1.16094 0.7225554
v 1.050596 1.214513 0.867306
v 1.024525 1.161561 0.8395639
v 1.067771 1.168208 0.7222291
v 1.164933 1.202122 0.7720028
v 1.141336 1.065122 0.7628431
v 1.107374 1.079458 0.7515434
v 1.163379 1.214762 0.7567914
v 1.141336 1.065122 0.7628431
v 1.166713 1.138404 0.8048555
v 1.166679 1.126883 0.8048333
v 1.209086 1.063186 0.8048833
v 1.207086 1.2021 0.8030935
v 1.166679 1.126883 0.8048333
v 1.294975 1.202066 0.7021757
v 1.223024 1.202633 0.8183578
v 1.329647 1.191467 0.7204561
v 1.2513 1.054857 0.6811466
v 1.216485 1.036883 0.7298701
v 1.215813 1.086335 0.6282554
v 1.2513 1.054857 0.6811466
v 1.296284 1.06322 0.7032549
v 1.296284 1.06322 0.7032549
v 1.251278 1.210198 0.6807545
v 1.224607 1.062578 0.8202797
v 1.207086 1.2021 0.8030935
v 1.223024 1.202633 0.8183578
v 1.209086 1.063186 0.8048833
v 1.329647 1.191467 0.7204561
v 1.245733 1.221838 0.8082356
v 1.320101 1.221246 0.7566035
v 1.245733 1.221838 0.8082356
v 1.303386 1.229627 0.8239176
v 1.236469 1.19244 0.8588598
v 1.296284 1.06322 0.7032549
v 1.209086 1.063186 0.8048833
v 1.313157 1.05338 0.7334673
v 1.313157 1.05338 0.7334673
v 1.294975 1.202066 0.7021757
v 1.251278 1.210198 0.6807545
v 1.218299 1.228386 0.7298701
v 1.163379 1.214762 0.7567914
v 1.251278 1.210198 0.6807545
v 1.221357 1.211408 0.6640595
v 1.215813 1.086335 0.6282554
v 1.2513 1.054857 0.6811466
v 1.338144 1.060943 0.7423933
v 1.329647 1.191467 0.7204561
v 1.229198 1.193599 0.6504093
v 1.221357 1.211408 0.6640595
v 1.172227 1.067317 0.6277695
v 1.223024 1.202633 0.8183578
v 1.226764 1.060283 0.8222561
v 1.224607 1.062578 0.8202797
v 1.245733 1.221838 0.8082356
v 1.226764 1.060283 0.8222561
v 1.236469 1.19244 0.8588598
v 1.254604 1.052407 0.8493035
v 1.303386 1.03566 0.8239215
v 1.338144 1.060943 0.7423933
v 1.313157 1.05338 0.7334673
v 1.269921 1.100798 0.9017232
v 1.273018 1.18497 0.8931895
v 1.254604 1.052407 0.8493035
v 1.236469 1.19244 0.8588598
v 1.318929 1.197332 0.8860307
v 1.303386 1.229627 0.8239176
v 1.313762 1.051267 0.8675683
v 1.273018 1.18497 0.8931895
v 1.020307 1.140155 0.7769308
v 1.027698 1.100799 0.7150186
v 1.020307 1.125134 0.7769314
v 1.01876 1.18497 0.7166023
v 1.006365 1.123822 0.7995135
v 1.020307 1.125134 0.7769314
v 0.9582102 1.222152 0.7824839
v 0.9789496 1.202634 0.7973056
v 1.006365 1.123822 0.7995135
v 0.9798218 1.062579 0.7949739
v 0.9215768 1.034123 0.7647963
v 0.8603653 1.053381 0.7616956
v 0.8550674 1.06156 0.735289
v 0.9351613 1.03514 0.7287058
v 0.9215768 1.034123 0.7647963
v 0.9405843 1.035134 0.7351683
v 0.9849886 1.202182 0.6820737
v 1.027698 1.100799 0.7150186
v 0.9681385 1.046247 0.6982967
v 0.9405843 1.230155 0.7351684
v 0.9351613 1.230148 0.7287058
v 1.01876 1.18497 0.7166023
v 0.9798218 1.062579 0.7949739
v 0.9736991 1.202101 0.8187415
v 0.9789496 1.202634 0.7973056
v 0.9742488 1.063187 0.8161152
v 0.8408532 1.191469 0.7539183
v 0.9582102 1.222152 0.7824839
v 0.8758029 1.220601 0.7435799
v 0.9582102 1.222152 0.7824839
v 0.9351613 1.230148 0.7287058
v 0.9405843 1.230155 0.7351684
v 0.8426366 1.063221 0.7914122
v 0.9742488 1.063187 0.8161152
v 0.8603653 1.053381 0.7616956
v 0.8603653 1.053381 0.7616956
v 0.8423569 1.202067 0.7930858
v 0.8458766 1.210347 0.8413579
v 0.9859159 1.178753 0.8515758
v 0.95651 1.214004 0.8795152
v 0.8458766 1.210347 0.8413579
v 0.8479724 1.212425 0.8748971
v 0.8243471 1.076739 0.9068717
v 0.8459816 1.054858 0.841424
v 0.8550674 1.06156 0.735289
v 0.8408532 1.191469 0.7539183
v 0.8309594 1.194048 0.8754818
v 0.8479724 1.212425 0.8748971
v 0.80941 1.120058 0.9192698
v 0.9742488 1.063187 0.8161152
v 0.9859159 1.178753 0.8515758
v 0.9736991 1.202101 0.8187415
v 0.9689808 1.063163 0.8517578
v 0.9681057 1.062142 0.9036731
v 0.9689808 1.063163 0.8517578
v 0.95651 1.214004 0.8795152
v 0.8459816 1.054858 0.841424
v 0.8426366 1.063221 0.7914122
v 0.9690413 1.201251 0.8714206
v 0.9681057 1.062142 0.9036731
v 0.9971368 1.131416 0.896658
v 0.8459816 1.054858 0.841424
v 0.8243471 1.076739 0.9068717
v 0.8423569 1.202067 0.7930858
v 0.9789496 1.202634 0.7973056
v 0.8408532 1.191469 0.7539183
v 0.8426366 1.063221 0.7914122
v 0.8458766 1.210347 0.8413579
v 0.8479724 1.212425 0.8748971
v 0.95651 1.214004 0.8795152
v 0.8309594 1.194048 0.8754818
v 0.9967301 1.153865 0.8993666
v 0.9932086 1.154456 0.9657344
v 0.9391476 1.17304 0.8369657
v 0.9891216 1.119339 0.963549
v 0.9932086 1.154456 0.9657344
v 0.947042 1.171393 0.8376917
v 0.9783004 1.164627 0.9896771
v 0.9971368 1.131416 0.896658
v 0.9967301 1.153865 0.8993666
v 0.9690413 1.201251 0.8714206
v 0.947042 1.171393 0.8376917
v 0.8406603 1.2075 0.8639023
v 0.8688055 1.28292 0.8909926
v 0.9416144 1.279583 0.8361847
v 0.9518493 1.158448 0.8448223
v 0.8816958 1.1002 1.004817
v 0.9891216 1.119339 0.963549
v 0.8555941 1.209524 1.004877
v 0.8905659 1.205407 0.845319
v 0.8309594 1.194048 0.8754818
v 0.8172863 1.177722 0.8889315
v 0.8744983 1.060075 0.954144
v 0.8816958 1.1002 1.004817
v 0.8243471 1.076739 0.9068717
v 0.9681057 1.062142 0.9036731
v 0.80941 1.120058 0.9192698
v 0.8816958 1.1002 1.004817
v 0.8172863 1.177722 0.8889315
v 0.8309594 1.194048 0.8754818
v 0.8816958 1.1002 1.004817
v 0.8555941 1.209524 1.004877
v 0.8172863 1.177722 0.8889315
v 0.8406603 1.2075 0.8639023
v 0.9783004 1.164627 0.9896771
v 0.9932086 1.154456 0.9657344
v 0.9089097 1.268734 1.000089
v 0.9783004 1.164627 0.9896771
v 0.977736 1.302056 0.9717879
v 0.9748783 1.158317 0.9821742
v 0.9518493 1.158448 0.8448223
v 0.947042 1.171393 0.8376917
v 0.9748783 1.158317 0.9821742
v 1.018295 1.268963 0.8267142
v 0.9378417 1.145473 0.8723988
v 0.9416144 1.279583 0.8361847
v 0.8688055 1.28292 0.8909926
v 0.9089097 1.268734 1.000089
v 0.956216 1.169124 0.8269641
v 1.018295 1.268963 0.8267142
v 1.062106 1.208373 0.8155597
v 0.977736 1.302056 0.9717879
v 1.045174 1.25007 0.9802577
v 1.107554 1.214515 0.9221567
v 1.082138 1.161641 0.8224859
v 0.956216 1.169124 0.8269641
v 0.9382714 1.164963 0.8507811
v 0.973327 1.168209 0.9798242
v 0.9262879 1.162282 0.8899254
v 0.9632993 1.194465 0.9534487
v 0.9262879 1.162282 0.8899254
v 0.9362549 1.128877 0.9444923
v 0.9238072 1.130403 0.8956692
v 1.11499 1.169204 0.911598
v 0.9632993 1.194465 0.9534487
v 1.096562 1.161561 0.958611
v 1.096562 1.161561 0.958611
v 1.075374 1.195464 0.8382038
v 1.11499 1.169204 0.911598
v 1.11386 1.133461 0.8702987
v 1.116272 1.133461 0.8785735
v 1.107554 1.214515 0.9221567
v 1.082138 1.161641 0.8224859
v 0.9362549 1.128877 0.9444923
v 0.9982431 1.166459 1.000806
v 0.9961137 1.133686 1.005168
v 0.9982431 1.166459 1.000806
v 1.103197 1.133686 0.972807
v 1.101624 1.195881 0.9253277
v 0.9378417 1.145473 0.8723988
v 0.9748783 1.158317 0.9821742
v 0.9778743 1.159805 0.9817258
v 0.9518493 1.158448 0.8448223
v 0.9749528 1.160942 0.9819847
v 0.9378417 1.145473 0.8723988
v 0.956216 1.169124 0.8269641
v 0.9382714 1.164963 0.8507811
v 0.956216 1.169124 0.8269641
v 0.973327 1.168209 0.9798242
v 0.9748783 1.158317 0.9821742
v 1.045174 1.25007 0.9802577
v 0.977736 1.302056 0.9717879
v 1.045174 1.25007 0.9802577
v 0.9749528 1.160942 0.9819847
v 1.107554 1.214515 0.9221567
v 1.096562 1.161561 0.958611
v 0.973327 1.168209 0.9798242
v 1.075374 1.195464 0.8382038
v 0.9262879 1.162282 0.8899254
v 1.082138 1.161641 0.8224859
v 0.9536797 1.196811 0.8452702
v 1.080471 1.166209 0.8130711
v 0.9262879 1.162282 0.8899254
v 0.9536797 1.196811 0.8452702
v 0.9238072 1.130403 0.8956692
v 0.9729081 1.133686 0.7969736
v 0.9631423 1.126746 0.8827366
v 0.9533503 1.192441 0.8977215
v 0.9168119 1.184969 0.8633952
v 0.9352144 1.052408 0.9072778
v 0.9630558 1.060284 0.9343254
v 0.9352144 1.052408 0.9072778
v 0.9824158 1.141467 0.915584
v 0.9667974 1.202634 0.9382266
v 0.9630558 1.060284 0.9343254
v 0.9652119 1.062579 0.9363025
v 0.8864323 1.035661 0.9326599
v 0.851674 1.060944 1.014186
v 0.8766606 1.053381 1.023113
v 0.9533503 1.192441 0.8977215
v 0.8709028 1.197333 0.8705475
v 0.8864323 1.229628 0.9326637
v 0.8711487 1.086497 0.8577289
v 0.8760654 1.051268 0.8890109
v 0.9168119 1.184969 0.8633952
v 0.9652119 1.062579 0.9363025
v 0.9827336 1.202101 0.9534873
v 0.9667974 1.202634 0.9382266
v 0.9807343 1.063187 0.9516985
v 0.8601714 1.191467 1.036126
v 0.9106657 1.23118 0.9711108
v 0.8697183 1.221246 0.999979
v 0.9106657 1.23118 0.9711108
v 0.8864323 1.229628 0.9326637
v 0.9533503 1.192441 0.8977215
v 0.8935339 1.063221 1.053326
v 0.9807343 1.063187 0.9516985
v 0.8766606 1.053381 1.023113
v 0.8766606 1.053381 1.023113
v 0.8948432 1.202067 1.054405
v 0.9385406 1.210198 1.075828
v 1.017208 1.178926 0.9593833
v 1.026439 1.214762 0.9997907
v 0.9385406 1.210198 1.075828
v 0.9684603 1.211408 1.092519
v 0.9740068 1.086336 1.128327
v 0.9385182 1.054858 1.075435
v 0.851674 1.060944 1.014186
v 0.8601714 1.191467 1.036126
v 0.9606197 1.193603 1.106169
v 0.9684603 1.211408 1.092519
v 1.017597 1.067318 1.128813
v 1.048483 1.065122 0.9937381
v 1.017597 1.067318 1.128813
v 1.017208 1.178926 0.9593833
v 1.008495 1.063141 0.9737911
v 1.026439 1.214762 0.9997907
v 0.9807343 1.063187 0.9516985
v 0.9827336 1.202101 0.9534873
v 1.008495 1.063141 0.9737911
v 0.9385182 1.054858 1.075435
v 0.8935339 1.063221 1.053326
v 1.024891 1.202121 0.9845774
v 1.048483 1.065122 0.9937381
v 1.08245 1.079459 1.005043
v 0.9385182 1.054858 1.075435
v 0.9740068 1.086336 1.128327
v 1.017597 1.067318 1.128813
v 0.8948432 1.202067 1.054405
v 0.9667974 1.202634 0.9382266
v 0.8601714 1.191467 1.036126
v 0.8935339 1.063221 1.053326
v 0.9385406 1.210198 1.075828
v 0.9684603 1.211408 1.092519
v 1.026439 1.214762 0.9997907
v 0.9606197 1.193603 1.106169
v 0.9648909 1.177664 1.123516
v 0.9606197 1.193603 1.106169
v 1.100945 1.112941 1.132547
v 1.084881 1.209523 1.148837
v 0.9648909 1.177664 1.123516
v 0.955325 1.2075 1.091286
v 1.133068 1.164625 1.034971
v 1.137141 1.177329 1.084252
v 1.107388 1.268733 1.100272
v 1.133068 1.164625 1.034971
v 1.117294 1.302056 1.026515
v 1.124861 1.158316 1.03418
v 0.9943948 1.158447 0.9854507
v 0.9858139 1.171393 0.9860498
v 1.124861 1.158316 1.03418
v 1.011934 1.268962 0.9188544
v 1.011274 1.145472 1.011371
v 0.9817967 1.279583 0.9899961
v 0.9928592 1.28292 1.080455
v 1.107388 1.268733 1.100272
v 0.982074 1.182811 0.934933
v 1.011934 1.268962 0.9188544
v 1.024182 1.208373 0.8753343
v 1.117294 1.302056 1.026515
v 1.158347 1.25007 0.9723445
v 1.139221 1.214515 0.8892733
v 1.040196 1.16164 0.8614491
v 0.982074 1.182811 0.934933
v 0.9927656 1.164961 1.000188
v 1.122048 1.16821 1.034352
v 1.039394 1.13527 1.041111
v 1.094593 1.194864 1.029469
v 1.039394 1.13527 1.041111
v 1.073469 1.128873 1.048866
v 1.024953 1.130404 1.035411
v 1.13374 1.168987 0.8774213
v 1.094593 1.194864 1.029469
v 1.165296 1.161561 0.9170207
v 1.165296 1.161561 0.9170207
v 1.050229 1.195835 0.8755344
v 1.13374 1.168987 0.8774213
v 1.093682 1.133461 0.8566366
v 1.109711 1.133461 0.86088
v 1.139221 1.214515 0.8892733
v 1.040196 1.16164 0.8614491
v 1.073469 1.128873 1.048866
v 1.155584 1.167436 1.020034
v 1.159224 1.133686 1.023674
v 1.155584 1.167436 1.020034
v 1.177016 1.133686 0.9094039
v 1.134145 1.195516 0.8921132
v 1.064072 1.153865 0.9738546
v 1.070741 1.151293 0.9783133
v 1.06401 1.150518 0.9767961
v 1.115851 1.11934 1.012535
v 1.070741 1.151293 0.9783133
v 0.9858139 1.171393 0.9860498
v 1.133068 1.164625 1.034971
v 1.08245 1.079459 1.005043
v 1.064072 1.153865 0.9738546
v 1.024891 1.202121 0.9845774
v 0.9817967 1.279583 0.9899961
v 0.9943948 1.158447 0.9854507
v 0.9928592 1.28292 1.080455
v 0.9858139 1.171393 0.9860498
v 0.955325 1.2075 1.091286
v 0.9562055 1.192208 1.033359
v 0.9641853 1.205407 1.038768
v 0.9606197 1.193603 1.106169
v 0.9648909 1.177664 1.123516
v 1.100945 1.112941 1.132547
v 1.100945 1.112941 1.132547
v 1.115851 1.11934 1.012535
v 1.100945 1.112941 1.132547
v 1.137141 1.177329 1.084252
v 1.084881 1.209523 1.148837
v 1.011274 1.145472 1.011371
v 1.124861 1.158316 1.03418
v 1.125973 1.159807 1.031362
v 0.9943948 1.158447 0.9854507
v 1.124733 1.160941 1.034024
v 1.011274 1.145472 1.011371
v 1.0471 1.151389 1.039999
v 0.9927656 1.164961 1.000188
v 1.0471 1.151389 1.039999
v 1.122048 1.16821 1.034352
v 1.124861 1.158316 1.03418
v 1.158347 1.25007 0.9723445
v 1.117294 1.302056 1.026515
v 1.158347 1.25007 0.9723445
v 1.124733 1.160941 1.034024
v 1.139221 1.214515 0.8892733
v 1.165296 1.161561 0.9170207
v 1.122048 1.16821 1.034352
v 1.050229 1.195835 0.8755344
v 1.003846 1.202793 0.9762257
v 1.040196 1.16164 0.8614491
v 0.9962147 1.195481 0.9870107
v 0.984792 1.177685 0.9051833
v 1.003846 1.202793 0.9762257
v 0.9962147 1.195481 0.9870107
v 1.024953 1.130404 1.035411
v 0.9633334 1.133686 0.9499508
v 0.9909276 1.099874 1.015465
v 1.043998 1.19364 1.011237
v 1.042566 1.138542 0.9941042
v 1.041738 1.050744 1.033248
v 1.07737 1.060295 1.020482
v 1.041738 1.050744 1.033248
v 1.070958 1.141467 0.9943604
v 1.082756 1.202633 1.019207
v 1.07737 1.060295 1.020482
v 1.080299 1.062578 1.019618
v 1.036348 1.035672 1.090886
v 1.090722 1.060879 1.156889
v 1.111277 1.053133 1.139302
v 0.9750266 1.197357 1.072595
v 0.9932914 1.051238 1.078551
v 0.9814197 1.202182 1.066467
v 1.043998 1.19364 1.011237
v 0.9814197 1.202182 1.066467
v 1.036349 1.229616 1.090886
v 1.080299 1.062578 1.019618
v 1.103944 1.202101 1.013036
v 1.082756 1.202633 1.019207
v 1.101395 1.063187 1.013873
v 1.114312 1.191653 1.160326
v 1.082976 1.231194 1.08422
v 1.087361 1.221319 1.134117
v 1.082976 1.231194 1.08422
v 1.036349 1.229616 1.090886
v 1.043998 1.19364 1.011237
v 1.145808 1.063221 1.140205
v 1.101395 1.063187 1.013873
v 1.111277 1.053133 1.139302
v 1.111277 1.053133 1.139302
v 1.147397 1.202067 1.13961
v 1.1875 1.210752 1.1118
v 1.126073 1.178574 0.98604
v 1.165599 1.214062 0.9971961
v 1.1875 1.210752 1.1118
v 1.217248 1.211693 1.094543
v 1.250314 1.073061 1.098538
v 1.187446 1.054858 1.112302
v 1.090722 1.060879 1.156889
v 1.114312 1.191653 1.160326
v 1.22512 1.193602 1.108528
v 1.217248 1.211693 1.094543
v 1.282822 1.07273 1.064255
v 1.166406 1.073422 0.9712108
v 1.192491 1.073266 0.9588679
v 1.126073 1.178574 0.98604
v 1.122642 1.126883 0.9771746
v 1.165599 1.214062 0.9971961
v 1.101395 1.063187 1.013873
v 1.103944 1.202101 1.013036
v 1.122642 1.126883 0.9771746
v 1.151948 1.202122 0.9920723
v 1.166406 1.073422 0.9712108
v 1.147397 1.202067 1.13961
v 1.082756 1.202633 1.019207
v 1.114312 1.191653 1.160326
v 1.187446 1.054858 1.112302
v 1.162658 1.036884 1.057789
v 1.250314 1.073061 1.098538
v 1.187446 1.054858 1.112302
v 1.145808 1.063221 1.140205
v 1.145808 1.063221 1.140205
v 1.1875 1.210752 1.1118
v 1.217248 1.211693 1.094543
v 1.165599 1.214062 0.9971961
v 1.22512 1.193602 1.108528
v 1.140164 1.183316 0.9960011
v 1.221486 1.154455 0.922645
v 1.16477 1.150517 0.954301
v 1.235919 1.105842 0.9329243
v 1.221486 1.154455 0.922645
v 1.167381 1.143808 0.9569112
v 1.249678 1.164625 0.923584
v 1.192491 1.073266 0.9588679
v 1.140164 1.183316 0.9960011
v 1.151948 1.202122 0.9920723
v 1.22512 1.193602 1.108528
v 1.242273 1.177663 1.113502
v 1.323628 1.124362 1.007852
v 1.235919 1.105842 0.9329243
v 1.324194 1.209523 1.022253
v 1.282822 1.07273 1.064255
v 1.242273 1.177663 1.113502
v 1.22512 1.193602 1.108528
v 1.323628 1.124362 1.007852
v 1.324194 1.209523 1.022253
v 1.242273 1.177663 1.113502
v 1.209578 1.207499 1.105672
v 1.249678 1.164625 0.923584
v 1.221486 1.154455 0.922645
v 1.29339 1.268735 0.9784768
v 1.249678 1.164625 0.923584
v 1.234467 1.302055 0.9330176
v 1.244889 1.158316 0.9302978
v 1.137454 1.158447 1.018919
v 1.167381 1.143808 0.9569112
v 1.244889 1.158316 0.9302978
v 1.08855 1.268963 0.9704279
v 1.168339 1.145473 1.017262
v 1.135093 1.279582 1.032104
v 1.218961 1.282918 1.067752
v 1.29339 1.268735 0.9784768
v 1.119803 1.169124 1.024065
v 1.08855 1.268963 0.9704279
v 1.056985 1.208373 0.9380614
v 1.234467 1.302055 0.9330176
v 1.208082 1.250069 0.8703793
v 1.126578 1.214513 0.8454068
v 1.052967 1.161638 0.917254
v 1.119803 1.169124 1.024065
v 1.149402 1.164957 1.0277
v 1.219333 1.148161 0.9956716
v 1.190453 1.162324 1.017781
v 1.224836 1.195028 0.9558187
v 1.190453 1.162324 1.017781
v 1.223893 1.124367 0.990769
v 1.196003 1.130402 1.017434
v 1.218961 1.282918 1.067752
v 1.209578 1.207499 1.105672
v 1.159852 1.192208 1.075948
v 1.140164 1.183316 0.9960011
v 1.112643 1.16927 0.8447973
v 1.163637 1.161562 0.8366991
v 1.212514 1.17656 0.8678834
v 1.224836 1.195028 0.9558187
v 1.163637 1.161562 0.8366991
v 1.076009 1.204259 0.9278915
v 1.112643 1.16927 0.8447973
v 1.075543 1.133461 0.8685269
v 1.084476 1.133461 0.8596474
v 1.126578 1.214513 0.8454068
v 1.052967 1.161638 0.917254
v 1.168339 1.145473 1.017262
v 1.244889 1.158316 0.9302978
v 1.243005 1.159806 0.9279256
v 1.137454 1.158447 1.018919
v 1.24469 1.16094 0.9303294
v 1.168339 1.145473 1.017262
v 1.119803 1.169124 1.024065
v 1.149402 1.164957 1.0277
v 1.119803 1.169124 1.024065
v 1.219333 1.148161 0.9956716
v 1.244889 1.158316 0.9302978
v 1.208082 1.250069 0.8703793
v 1.234467 1.302055 0.9330176
v 1.208082 1.250069 0.8703793
v 1.24469 1.16094 0.9303294
v 1.126578 1.214513 0.8454068
v 1.163637 1.161562 0.8366991
v 1.212514 1.17656 0.8678834
v 1.076009 1.204259 0.9278915
v 1.190453 1.162324 1.017781
v 1.052967 1.161638 0.917254
v 1.140909 1.196439 1.017209
v 1.044423 1.166115 0.930591
v 1.190453 1.162324 1.017781
v 1.140909 1.196439 1.017209
v 1.196003 1.130402 1.017434
v 1.091179 1.133686 1.028069
v 1.16212 1.100798 1.04156
v 1.185509 1.194231 0.9880286
v 1.171059 1.18497 1.039976
v 1.205082 1.050197 0.9982827
v 1.209687 1.059967 0.9645418
v 1.205082 1.050197 0.9982827
v 1.231611 1.222152 0.9740952
v 1.210871 1.202634 0.9592729
v 1.209687 1.059967 0.9645418
v 1.209999 1.062578 0.9616061
v 1.254658 1.035139 1.027876
v 1.33475 1.061559 1.021297
v 1.329454 1.05338 0.9948888
v 1.185509 1.194231 0.9880286
v 1.204831 1.202181 1.074509
v 1.254658 1.230147 1.027876
v 1.221681 1.046247 1.058286
v 1.171059 1.18497 1.039976
v 1.209999 1.062578 0.9616061
v 1.216121 1.2021 0.9378402
v 1.210871 1.202634 0.9592729
v 1.215571 1.063186 0.940467
v 1.348967 1.191467 1.002665
v 1.231611 1.222152 0.9740952
v 1.314017 1.2206 1.013003
v 1.231611 1.222152 0.9740952
v 1.254658 1.230147 1.027876
v 1.185509 1.194231 0.9880286
v 1.347183 1.06322 0.9651695
v 1.215571 1.063186 0.940467
v 1.329454 1.05338 0.9948888
v 1.329454 1.05338 0.9948888
v 1.347463 1.202066 0.9634953
v 1.343942 1.210346 0.9152237
v 1.203903 1.178752 0.9050068
v 1.283296 1.229567 0.8763316
v 1.343942 1.210346 0.9152237
v 1.341847 1.212424 0.8816836
v 1.372298 1.087115 0.8582019
v 1.343837 1.054857 0.9151564
v 1.33475 1.061559 1.021297
v 1.348967 1.191467 1.002665
v 1.35886 1.194047 0.8810979
v 1.341847 1.212424 0.8816836
v 1.361666 1.079812 0.8205876
v 1.215571 1.063186 0.940467
v 1.203903 1.178752 0.9050068
v 1.216121 1.2021 0.9378402
v 1.220838 1.063162 0.9048242
v 1.222315 1.061652 0.8523703
v 1.220838 1.063162 0.9048242
v 1.193495 1.14079 0.8675176
v 1.343837 1.054857 0.9151564
v 1.347183 1.06322 0.9651695
v 1.19204 1.146917 0.8557885
v 1.222315 1.061652 0.8523703
v 1.203848 1.087965 0.8326834
v 1.343837 1.054857 0.9151564
v 1.372298 1.087115 0.8582019
v 1.347463 1.202066 0.9634953
v 1.210871 1.202634 0.9592729
v 1.348967 1.191467 1.002665
v 1.347183 1.06322 0.9651695
v 1.343942 1.210346 0.9152237
v 1.203848 1.087965 0.8326834
v 1.316406 1.106798 0.7504075
v 1.219475 1.183316 0.8979536
v 1.19204 1.146917 0.8557885
v 1.200698 1.119339 0.7930327
v 1.219475 1.183316 0.8979536
v 1.19661 1.154455 0.7908505
v 1.250676 1.173039 0.9196177
v 1.19661 1.154455 0.7908505
v 1.242782 1.171392 0.9188913
v 1.212153 1.132197 0.8424571
v 1.242782 1.171392 0.9188913
v 1.349163 1.207498 0.8926753
v 1.321015 1.282917 0.8655897
v 1.248206 1.279582 0.9203973
v 1.237969 1.158447 0.9117604
v 1.316406 1.106798 0.7504075
v 1.200698 1.119339 0.7930327
v 1.334226 1.209524 0.7517048
v 1.35886 1.194047 0.8810979
v 1.286346 1.224468 0.8925657
v 1.372532 1.17772 0.8676506
v 1.361666 1.079812 0.8205876
v 1.361666 1.079812 0.8205876
v 1.372298 1.087115 0.8582019
v 1.212153 1.132197 0.8424571
v 1.237969 1.158447 0.9117604
v 1.242782 1.171392 0.9188913
v 1.214939 1.158315 0.7744086
v 1.171524 1.268963 0.9298664
v 1.251976 1.145473 0.8841863
v 1.248206 1.279582 0.9203973
v 1.233603 1.169124 0.9296167
v 1.171524 1.268963 0.9298664
v 1.127713 1.208374 0.941022
v 1.212083 1.302055 0.7847951
v 1.144644 1.250069 0.7763253
v 1.082265 1.214512 0.8344232
v 1.107682 1.161639 0.9340967
v 1.233603 1.169124 0.9296167
v 1.191475 1.176848 0.9460856
v 1.074828 1.169202 0.8449844
v 1.093257 1.161561 0.7979707
v 1.114445 1.19546 0.9183804
v 1.144705 1.176558 0.7712369
v 1.226524 1.194461 0.8031338
v 1.093257 1.161561 0.7979707
v 1.074828 1.169202 0.8449844
v 1.075959 1.133461 0.8862814
v 1.073548 1.133461 0.878009
v 1.082265 1.214512 0.8344232
v 1.107682 1.161639 0.9340967
v 1.251976 1.145473 0.8841863
v 1.214939 1.158315 0.7744086
v 1.211944 1.159806 0.7748559
v 1.237969 1.158447 0.9117604
v 1.214869 1.16094 0.7745976
v 1.251976 1.145473 0.8841863
v 1.233603 1.169124 0.9296167
v 1.261197 1.143306 0.8389567
v 1.233603 1.169124 0.9296167
v 1.25878 1.14816 0.8292385
v 1.214939 1.158315 0.7744086
v 1.144644 1.250069 0.7763253
v 1.212083 1.302055 0.7847951
v 1.144644 1.250069 0.7763253
v 1.214869 1.16094 0.7745976
v 1.082265 1.214512 0.8344232
v 1.093257 1.161561 0.7979707
v 1.144705 1.176558 0.7712369
v 1.25878 1.14816 0.8292385
v 1.263532 1.162275 0.8666602
v 1.261197 1.143306 0.8389567
v 1.226524 1.194461 0.8031338
v 1.263532 1.162275 0.8666602
v 1.256811 1.124367 0.8228274
v 1.262893 1.124366 0.8455377
v 1.248817 1.133461 0.8019667
v 1.19158 1.166458 0.7557765
v 1.193711 1.133686 0.751415
v 1.19158 1.166458 0.7557765
v 1.086623 1.133686 0.7837733
v 1.088195 1.195882 0.8312582
v 1.198898 1.099872 0.7411111
v 1.145824 1.19364 0.7453448
v 1.193126 1.186282 0.7334406
v 1.148082 1.050745 0.7233334
v 1.112449 1.060295 0.7360991
v 1.148082 1.050745 0.7233334
v 1.109827 1.221831 0.7126776
v 1.107064 1.202633 0.7373741
v 1.112449 1.060295 0.7360991
v 1.10952 1.062578 0.7369634
v 1.153473 1.035673 0.6656962
v 1.099098 1.060879 0.5996926
v 1.078543 1.053133 0.6172796
v 1.145824 1.19364 0.7453448
v 1.214799 1.197352 0.6839748
v 1.153477 1.229615 0.6656962
v 1.196531 1.051239 0.6780232
v 1.193126 1.186282 0.7334406
v 1.10952 1.062578 0.7369634
v 1.085876 1.202101 0.7435449
v 1.107064 1.202633 0.7373741
v 1.088425 1.063187 0.7427078
v 1.075508 1.191653 0.5962559
v 1.109827 1.221831 0.7126776
v 1.102458 1.221319 0.6224641
v 1.109827 1.221831 0.7126776
v 1.153477 1.229615 0.6656962
v 1.145824 1.19364 0.7453448
v 1.044012 1.063221 0.6163768
v 1.088425 1.063187 0.7427078
v 1.078543 1.053133 0.6172796
v 1.078543 1.053133 0.6172796
v 1.042423 1.202067 0.6169714
v 1.002319 1.210752 0.6447819
v 1.029243 1.22838 0.6987933
v 1.024221 1.214062 0.7593836
v 1.002319 1.210752 0.6447819
v 0.9725715 1.211692 0.6620392
v 0.9395047 1.073063 0.6580438
v 1.002373 1.054858 0.6442801
v 1.099098 1.060879 0.5996926
v 1.075508 1.191653 0.5962559
v 0.9647077 1.193603 0.6480536
v 0.9725715 1.211692 0.6620392
v 0.9070001 1.072731 0.6923222
v 1.088425 1.063187 0.7427078
v 1.067214 1.138405 0.7793893
v 1.085876 1.202101 0.7435449
v 1.067178 1.126884 0.7794071
v 1.023412 1.073421 0.7853719
v 1.067178 1.126884 0.7794071
v 1.024221 1.214062 0.7593836
v 1.037872 1.202121 0.7645084
v 1.023412 1.073421 0.7853719
v 0.9973229 1.073266 0.7977138
v 1.042423 1.202067 0.6169714
v 1.107064 1.202633 0.7373741
v 1.075508 1.191653 0.5962559
v 1.002373 1.054858 0.6442801
v 1.027161 1.036884 0.6987932
v 0.9395047 1.073063 0.6580438
v 1.002373 1.054858 0.6442801
v 1.044012 1.063221 0.6163768
v 1.002319 1.210752 0.6447819
v 1.044012 1.063221 0.6163768
v 0.9725715 1.211692 0.6620392
v 1.024221 1.214062 0.7593836
v 0.9647077 1.193603 0.6480536
v 0.9070001 1.072731 0.6923222
v 0.9538948 1.105843 0.823656
v 0.8661915 1.124363 0.7487296
v 0.9070001 1.072731 0.6923222
v 0.9683343 1.154456 0.8339364
v 0.9538948 1.105843 0.823656
v 0.8656243 1.209524 0.7343327
v 1.049655 1.183314 0.7605858
v 1.052817 1.17304 0.7227353
v 0.9538948 1.105843 0.823656
v 0.9683343 1.154456 0.8339364
v 1.056135 1.171392 0.7299324
v 0.9401436 1.164625 0.8329982
v 0.9973229 1.073266 0.7977138
v 1.049655 1.183314 0.7605858
v 1.037872 1.202121 0.7645084
v 0.9647077 1.193603 0.6480536
v 0.9475526 1.177664 0.6430787
v 1.056135 1.171392 0.7299324
v 0.9802442 1.2075 0.6509093
v 0.9708562 1.28292 0.6888296
v 1.054727 1.279583 0.7244797
v 1.064918 1.220264 0.7148718
v 0.9401436 1.164625 0.8329982
v 1.00867 1.130876 0.7859032
v 1.056135 1.171392 0.7299324
v 0.989011 1.130686 0.7784289
v 0.9553535 1.302056 0.8235638
v 0.9315108 1.220265 0.848209
v 0.8964296 1.268735 0.7781069
v 0.8656243 1.209524 0.7343327
v 0.9401436 1.164625 0.8329982
v 0.9683343 1.154456 0.8339364
v 0.9708562 1.28292 0.6888296
v 0.8964296 1.268735 0.7781069
v 0.9802442 1.2075 0.6509093
v 0.9708562 1.28292 0.6888296
v 1.054727 1.279583 0.7244797
v 1.101268 1.268962 0.7861508
v 1.064918 1.220264 0.7148718
v 1.02148 1.145472 0.7393205
v 1.07001 1.169124 0.7325144
v 1.101268 1.268962 0.7861508
v 1.132834 1.208375 0.8185165
v 0.9553535 1.302056 0.8235638
v 0.9817382 1.25007 0.8862028
v 1.063245 1.214514 0.9111735
v 1.136853 1.161639 0.8393253
v 1.07001 1.169124 0.7325144
v 1.040417 1.164959 0.7288831
v 0.9461871 1.168207 0.8237613
v 0.9816605 1.135274 0.7488036
v 0.9655043 1.136765 0.7649035
v 0.9816605 1.135274 0.7488036
v 0.958252 1.128882 0.7739895
v 0.9938148 1.130407 0.7391481
v 1.077176 1.169271 0.9117843
v 0.9857602 1.216943 0.8348958
v 1.026177 1.161561 0.9198825
v 1.026177 1.161561 0.9198825
v 1.119083 1.196045 0.8422927
v 1.077176 1.169271 0.9117843
v 1.114276 1.133461 0.8880551
v 1.105343 1.133461 0.8969344
v 1.063245 1.214514 0.9111735
v 1.136853 1.161639 0.8393253
v 1.02148 1.145472 0.7393205
v 0.989011 1.130686 0.7784289
v 0.946815 1.159805 0.8286518
v 1.00867 1.130876 0.7859032
v 0.9451296 1.160941 0.8262529
v 1.02148 1.145472 0.7393205
v 1.07001 1.169124 0.7325144
v 1.040417 1.164959 0.7288831
v 1.07001 1.169124 0.7325144
v 0.9461871 1.168207 0.8237613
v 0.9315108 1.220265 0.848209
v 0.9817382 1.25007 0.8862028
v 0.9553535 1.302056 0.8235638
v 0.9817382 1.25007 0.8862028
v 0.9451296 1.160941 0.8262529
v 1.063245 1.214514 0.9111735
v 1.026177 1.161561 0.9198825
v 0.9461871 1.168207 0.8237613
v 1.119083 1.196045 0.8422927
v 1.054192 1.204396 0.7519411
v 1.136853 1.161639 0.8393253
v 1.048907 1.196439 0.7393721
v 1.145397 1.166117 0.8259879
v 1.054192 1.204396 0.7519411
v 1.048907 1.196439 0.7393721
v 0.9938148 1.130407 0.7391481
v 1.098635 1.133686 0.7285099
v 0.9681385 1.046247 0.6982967
v 0.9405843 1.035134 0.7351683
v 1.027698 1.100799 0.7150186
v 0.9351613 1.03514 0.7287058
v 1.080471 1.166209 0.8130711
v 0.9729081 1.133686 0.7969736
v 1.087186 1.133686 0.8129275
v 0.9536797 1.196811 0.8452702
v 0.9632993 1.194465 0.9534487
v 1.101624 1.195881 0.9253277
v 0.9982431 1.166459 1.000806
v 1.11499 1.169204 0.911598
v 0.9391476 1.17304 0.8369657
v 0.8905659 1.205407 0.845319
v 0.8406603 1.2075 0.8639023
v 0.8688055 1.28292 0.8909926
v 0.8760654 1.051268 0.8890109
v 0.9352144 1.052408 0.9072778
v 0.8711487 1.086497 0.8577289
v 0.8864323 1.035661 0.9326599
v 0.984792 1.177685 0.9051833
v 0.9633334 1.133686 0.9499508
v 0.9761822 1.133686 0.9011645
v 0.9962147 1.195481 0.9870107
v 1.094593 1.194864 1.029469
v 1.134145 1.195516 0.8921132
v 1.155584 1.167436 1.020034
v 1.13374 1.168987 0.8774213
v 0.9562055 1.192208 1.033359
v 0.9641853 1.205407 1.038768
v 0.955325 1.2075 1.091286
v 0.9928592 1.28292 1.080455
v 0.9932914 1.051238 1.078551
v 1.041738 1.050744 1.033248
v 0.9909276 1.099874 1.015465
v 1.036348 1.035672 1.090886
v 1.14693 1.209912 1.063739
v 1.209578 1.207499 1.105672
v 1.159852 1.192208 1.075948
v 1.218961 1.282918 1.067752
v 1.135093 1.279582 1.032104
v 1.14693 1.209912 1.063739
v 1.137454 1.158447 1.018919
v 1.044423 1.166115 0.930591
v 1.091179 1.133686 1.028069
v 1.039852 1.133686 0.9293351
v 1.140909 1.196439 1.017209
v 1.249346 1.166459 0.9007537
v 1.172624 1.133686 0.8238565
v 1.254188 1.133686 0.9004186
v 1.130275 1.196077 0.8499765
v 1.237961 1.133461 0.9734173
v 1.249346 1.166459 0.9007537
v 1.224836 1.195028 0.9558187
v 1.130275 1.196077 0.8499765
v 1.249346 1.166459 0.9007537
v 1.112643 1.16927 0.8447973
v 1.221681 1.046247 1.058286
v 1.205082 1.050197 0.9982827
v 1.16212 1.100798 1.04156
v 1.254658 1.035139 1.027876
v 1.232703 1.209912 0.7437744
v 1.212083 1.302055 0.7847951
v 1.214939 1.158315 0.7744086
v 1.280911 1.268735 0.7564943
v 1.334226 1.209524 0.7517048
v 1.232703 1.209912 0.7437744
v 1.19661 1.154455 0.7908505
v 1.321015 1.282917 0.8655897
v 1.280911 1.268735 0.7564943
v 1.349163 1.207498 0.8926753
v 1.321015 1.282917 0.8655897
v 1.250676 1.173039 0.9196177
v 1.372532 1.17772 0.8676506
v 1.219475 1.183316 0.8979536
v 1.349163 1.207498 0.8926753
v 1.316406 1.106798 0.7504075
v 1.372532 1.17772 0.8676506
v 1.361666 1.079812 0.8205876
v 1.35886 1.194047 0.8810979
v 1.166273 1.177685 0.9605135
v 1.216912 1.133686 0.9596084
v 1.102633 1.133686 0.9436547
v 1.23614 1.19681 0.9113118
v 1.114445 1.19546 0.9183804
v 1.23614 1.19681 0.9113118
v 1.166273 1.177685 0.9605135
v 1.263532 1.162275 0.8666602
v 1.191475 1.176848 0.9460856
v 1.263532 1.162275 0.8666602
v 1.107682 1.161639 0.9340967
v 1.23614 1.19681 0.9113118
v 1.266401 1.133461 0.868701
v 1.216912 1.133686 0.9596084
v 1.226524 1.194461 0.8031338
v 1.088195 1.195882 0.8312582
v 1.19158 1.166458 0.7557765
v 1.074828 1.169202 0.8449844
v 1.286346 1.224468 0.8925657
v 1.341847 1.212424 0.8816836
v 1.283296 1.229567 0.8763316
v 1.35886 1.194047 0.8810979
v 1.313762 1.051267 0.8675683
v 1.254604 1.052407 0.8493035
v 1.269921 1.100798 0.9017232
v 1.303386 1.03566 0.8239215
v 1.165446 1.166117 0.8958642
v 1.226486 1.133686 0.8066259
v 1.166643 1.133686 0.9004515
v 1.193602 1.195481 0.7695668
v 1.034234 1.167436 0.7365472
v 1.012803 1.133686 0.8471784
v 1.030595 1.133686 0.7329077
v 1.055676 1.195517 0.8644701
v 1.139588 1.195834 0.881049
v 1.193602 1.195481 0.7695668
v 1.165446 1.166117 0.8958642
v 1.168998 1.162116 0.726311
v 1.201903 1.176849 0.8285642
v 1.168998 1.162116 0.726311
v 1.149623 1.16164 0.8951328
v 1.095227 1.194861 0.7271117
v 1.055676 1.195517 0.8644701
v 1.034234 1.167436 0.7365472
v 1.051758 1.1742 0.8733617
v 1.221357 1.211408 0.6640595
v 1.163379 1.214762 0.7567914
v 1.229198 1.193599 0.6504093
v 1.196531 1.051239 0.6780232
v 1.148082 1.050745 0.7233334
v 1.198898 1.099872 0.7411111
v 1.153473 1.035673 0.6656962
v 1.145397 1.166117 0.8259879
v 1.098635 1.133686 0.7285099
v 1.149969 1.133686 0.8272426
v 1.048907 1.196439 0.7393721
v 0.9404736 1.16646 0.8558282
v 1.0172 1.133686 0.9327256
v 0.9356309 1.133686 0.8561651
v 1.059546 1.196077 0.9066046
v 0.958252 1.128882 0.7739895
v 0.9404736 1.16646 0.8558282
v 0.9857602 1.216943 0.8348958
v 0.9857602 1.216943 0.8348958
v 1.059546 1.196077 0.9066046
v 0.9404736 1.16646 0.8558282
v 1.077176 1.169271 0.9117843
v 1.052817 1.17304 0.7227353
v 0.9475526 1.177664 0.6430787
v 1.049655 1.183314 0.7605858
v 0.9802442 1.2075 0.6509093
v 0.8661915 1.124363 0.7487296
v 0.9475526 1.177664 0.6430787
v 0.9070001 1.072731 0.6923222
v 0.9647077 1.193603 0.6480536
v 1.051758 1.1742 0.8733617
v 1.096133 1.133461 0.8999432
v 1.089283 1.133461 0.8976554
v 1.050596 1.214513 0.867306
v 1.149623 1.16164 0.8951328
v 1.11386 1.133461 0.8702987
v 1.080471 1.166209 0.8130711
v 1.087186 1.133686 0.8129275
v 1.075374 1.195464 0.8382038
v 1.101624 1.195881 0.9253277
v 1.116272 1.133461 0.8785735
v 1.103197 1.133686 0.972807
v 1.11499 1.169204 0.911598
v 1.093682 1.133461 0.8566366
v 1.086945 1.137436 0.8541033
v 1.088237 1.133686 0.8545579
v 1.050229 1.195835 0.8755344
v 1.134145 1.195516 0.8921132
v 1.095869 1.133461 0.8583084
v 1.177016 1.133686 0.9094039
v 1.13374 1.168987 0.8774213
v 1.075543 1.133461 0.8685269
v 1.044423 1.166115 0.930591
v 1.039852 1.133686 0.9293351
v 1.076852 1.138338 0.8668116
v 1.130275 1.196077 0.8499765
v 1.084476 1.133461 0.8596474
v 1.172624 1.133686 0.8238565
v 1.112643 1.16927 0.8447973
v 1.075959 1.133461 0.8862814
v 1.07676 1.137436 0.8893673
v 1.102633 1.133686 0.9436547
v 1.114445 1.19546 0.9183804
v 1.088195 1.195882 0.8312582
v 1.073548 1.133461 0.878009
v 1.086623 1.133686 0.7837733
v 1.074828 1.169202 0.8449844
v 1.193602 1.195481 0.7695668
v 1.164862 1.130405 0.7211688
v 1.226486 1.133686 0.8066259
v 1.168998 1.162116 0.726311
v 1.096133 1.133461 0.8999432
v 1.165446 1.166117 0.8958642
v 1.166643 1.133686 0.9004515
v 1.139588 1.195834 0.881049
v 1.116349 1.128873 0.7077168
v 1.034234 1.167436 0.7365472
v 1.030595 1.133686 0.7329077
v 1.095227 1.194861 0.7271117
v 1.055676 1.195517 0.8644701
v 1.089283 1.133461 0.8976554
v 1.012803 1.133686 0.8471784
v 1.084909 1.138338 0.8972421
v 1.114276 1.133461 0.8880551
v 1.145397 1.166117 0.8259879
v 1.149969 1.133686 0.8272426
v 1.119083 1.196045 0.8422927
v 1.059546 1.196077 0.9066046
v 1.105343 1.133461 0.8969344
v 1.0172 1.133686 0.9327256
v 1.077176 1.169271 0.9117843
v 1.329923 0.9566231 0.647912
v 1.356756 0.8243753 0.7222394
v 1.381302 0.9566228 0.7165568
v 1.307683 0.824374 0.6597537
v 1.382991 1.062892 0.711041
v 1.330126 1.062892 0.6421472
v 1.37737 1.169159 0.709746
v 1.324362 1.169159 0.6423517
v 1.312521 1.301408 0.6645905
v 1.360177 1.301407 0.7281624
v 1.387982 0.8243753 0.795296
v 1.413163 0.956623 0.7961596
v 1.416222 1.062892 0.7912698
v 1.411129 1.169159 0.788564
v 1.389754 1.301406 0.8019031
v 1.399238 0.8243759 0.8739448
v 1.423336 0.956623 0.8812962
v 1.427556 1.062892 0.8773651
v 1.423337 1.169159 0.8734334
v 1.399239 1.301406 0.8807852
v 1.389753 0.8243753 0.9528267
v 1.411129 0.9566229 0.9661657
v 1.416222 1.062892 0.9634602
v 1.413164 1.169159 0.9585708
v 1.387984 1.301407 0.9594343
v 1.360176 0.8243755 1.026567
v 1.37737 0.956623 1.044984
v 1.382991 1.062892 1.043689
v 1.381302 1.169159 1.038174
v 1.356757 1.301406 1.032491
v 1.31252 0.8243747 1.09014
v 1.324362 0.9566231 1.112378
v 1.330126 1.062892 1.112583
v 1.329923 1.169159 1.106818
v 1.307684 1.301408 1.094977
v 1.250035 0.8243738 1.139211
v 1.255718 0.956624 1.163757
v 1.261233 1.062892 1.165446
v 1.262528 1.169159 1.159825
v 1.244112 1.301408 1.142631
v 1.176978 0.8243715 1.170437
v 1.176115 0.9566244 1.195619
v 1.181005 1.062892 1.198678
v 1.183711 1.169159 1.193584
v 1.170373 1.301407 1.17221
v 1.098329 0.8243753 1.181693
v 1.090978 0.9566244 1.205793
v 1.09491 1.062892 1.210012
v 1.098841 1.169159 1.205793
v 1.09149 1.301406 1.181694
v 1.019446 0.8243766 1.17221
v 1.090978 0.9566244 1.205793
v 1.098329 0.8243753 1.181693
v 1.006108 0.9566243 1.193584
v 1.008814 1.062892 1.198678
v 1.09491 1.062892 1.210012
v 1.013704 1.169159 1.195619
v 1.098841 1.169159 1.205793
v 1.09149 1.301406 1.181694
v 1.01284 1.301408 1.170439
v 0.9457066 0.8243755 1.142631
v 0.9272906 0.9566242 1.159826
v 0.9285854 1.062892 1.165446
v 0.9341006 1.16916 1.163757
v 0.9397829 1.301407 1.139211
v 0.8821352 0.8243752 1.094977
v 0.8598961 0.9566246 1.106818
v 0.8596914 1.062892 1.112581
v 0.865456 1.16916 1.112378
v 0.8772982 1.301408 1.090139
v 0.8330626 0.8243755 1.032492
v 0.8085172 0.9566246 1.038174
v 0.8068278 1.062893 1.043688
v 0.8124487 1.16916 1.044983
v 0.8296441 1.30141 1.026567
v 0.8018349 0.8243768 0.9594345
v 0.7766551 0.9566244 0.958571
v 0.773597 1.062893 0.9634597
v 0.7786912 1.16916 0.9661652
v 0.8000659 1.30141 0.9528266
v 0.79058 0.8243771 0.8807855
v 0.7664818 0.9566244 0.8734335
v 0.7622623 1.062893 0.8773652
v 0.7664828 1.16916 0.8812957
v 0.7905811 1.301407 0.8739434
v 0.8000646 0.8243766 0.8019032
v 0.7786902 0.9566243 0.788564
v 0.7735968 1.062893 0.79127
v 0.776656 1.16916 0.7961597
v 0.8018363 1.301408 0.7952946
v 0.8296415 0.8243768 0.7281634
v 0.812449 0.9566244 0.7097464
v 0.8068281 1.062893 0.7110412
v 0.808517 1.16916 0.7165568
v 0.8330641 1.301407 0.7222378
v 0.8772975 0.824376 0.6645905
v 0.8654564 0.9566245 0.6423518
v 0.8596931 1.062892 0.6421474
v 0.8598974 1.16916 0.6479108
v 0.8821363 1.301407 0.6597531
v 0.9397828 0.824375 0.6155198
v 0.9341003 0.9566244 0.5909733
v 0.9285865 1.062892 0.5892839
v 0.9272916 1.16916 0.5949048
v 0.9457086 1.301409 0.6120984
v 1.012838 0.824376 0.5842916
v 1.013703 0.9566246 0.559111
v 1.008815 1.062892 0.5560529
v 1.006109 1.169159 0.5611461
v 1.019449 1.301408 0.5825205
v 1.091488 0.8243769 0.5730361
v 1.098841 0.9566244 0.5489378
v 1.09491 1.062892 0.5447184
v 1.090979 1.169159 0.5489377
v 1.098333 1.301406 0.5730361
v 1.170371 0.8243722 0.5825225
v 1.183711 0.9566244 0.5611463
v 1.181005 1.062892 0.556053
v 1.176117 1.169159 0.5591121
v 1.176981 1.301407 0.5842921
v 1.244111 0.8243726 0.6121003
v 1.262528 0.9566243 0.5949047
v 1.261233 1.062892 0.589285
v 1.255719 1.169159 0.5909742
v 1.250037 1.301407 0.615519
v 1.017253 0.8846784 0.9926009
v 1.172565 0.8846784 0.7638044
v 0.9754369 0.9017811 0.7980101
v 1.214381 0.9017811 0.9583952
v 1.220417 0.9588749 0.8969606
v 1.214381 0.9017811 0.9583952
v 1.199023 0.9661476 0.9788096
v 1.220082 0.957952 0.8752046
v 1.223326 0.9697238 0.8551661
v 1.172565 0.8846784 0.7638044
v 1.195516 0.9661483 0.7740892
v 1.113667 0.958876 0.7526945
v 1.091911 0.9579532 0.7530299
v 1.071872 0.9697248 0.7497858
v 0.9754369 0.9017811 0.7980101
v 0.9907956 0.9661481 0.7775959
v 0.9694019 0.9588755 0.8594456
v 0.9697363 0.9579526 0.8812017
v 0.966493 0.9697244 0.9012402
v 1.017253 0.8846784 0.9926009
v 0.9943015 0.9661481 0.9823154
v 1.076152 0.9588755 1.003711
v 1.097907 0.9579529 1.003375
v 1.117946 0.9697242 1.00662
v 1.094909 1.235875 0.8782032
v 1.14151 1.23353 0.9267122
v 1.119398 1.23353 0.9408528
v 1.093559 1.23353 0.9454552
v 1.067926 1.23353 0.9398202
v 1.0464 1.233531 0.924804
v 1.032259 1.23353 0.9026925
v 1.027656 1.233531 0.8768529
v 1.033292 1.233531 0.851219
v 1.04831 1.233531 0.8296922
v 1.070421 1.23353 0.8155521
v 1.09626 1.23353 0.8109499
v 1.121893 1.23353 0.8165857
v 1.14342 1.23353 0.8316026
v 1.15756 1.23353 0.8537143
v 1.162162 1.23353 0.879554
v 1.156526 1.23353 0.9051872
v 1.21307 1.180233 0.9894139
v 1.246634 1.180233 0.935731
v 1.2571 1.180233 0.8732894
v 1.242873 1.180233 0.811595
v 1.206121 1.180233 0.7600427
v 1.152436 1.180233 0.7264777
v 1.089995 1.180233 0.7160124
v 1.028302 1.180233 0.7302388
v 1.161517 1.180233 1.026166
v 1.099824 1.180233 1.040393
v 1.037382 1.180233 1.029928
v 0.9836992 1.180232 0.9963648
v 0.9469457 1.180232 0.944811
v 0.9327189 1.180232 0.8831167
v 0.9431843 1.180232 0.8206751
v 0.9767482 1.180232 0.7669916
v 1.232839 1.051753 0.939853
v 1.185397 1.051753 0.9745916
v 1.198746 1.051753 0.9879434
v 1.215395 1.051753 0.932628
v 1.24244 1.007763 0.9307113
v 1.227051 1.051753 0.8823772
v 1.249882 1.001492 0.8751867
v 1.236033 1.051753 0.8242653
v 1.245932 1.051753 0.8823777
v 1.218589 1.051753 0.8314908
v 1.21307 1.180233 0.9894139
v 1.232839 1.051753 0.939853
v 1.246634 1.180233 0.935731
v 1.2571 1.180233 0.8732894
v 1.242873 1.180233 0.811595
v 1.245932 1.051753 0.8823777
v 1.245932 1.051753 0.8823777
v 1.215395 1.051753 0.932628
v 1.232839 1.051753 0.939853
v 1.227051 1.051753 0.8823772
v 1.200682 1.012004 0.9949096
v 1.24244 1.007763 0.9307113
v 1.185397 1.051753 0.9745916
v 1.198746 1.051753 0.9879434
v 1.141621 1.051753 1.001883
v 1.148847 1.051753 1.019326
v 1.246634 1.180233 0.935731
v 1.2571 1.180233 0.8732894
v 1.232839 1.051753 0.939853
v 1.161517 1.180233 1.026166
v 1.21307 1.180233 0.9894139
v 1.148847 1.051753 1.019326
v 1.204649 1.051753 0.7743662
v 1.218589 1.051753 0.8314908
v 1.236033 1.051753 0.8242653
v 1.191299 1.051753 0.7877164
v 1.242873 1.180233 0.811595
v 1.206121 1.180233 0.7600427
v 1.236033 1.051753 0.8242653
v 1.156559 1.051753 0.7402742
v 1.191299 1.051753 0.7877164
v 1.204649 1.051753 0.7743662
v 1.149333 1.051753 0.7577175
v 1.206121 1.180233 0.7600427
v 1.152436 1.180233 0.7264777
v 1.204649 1.051753 0.7743662
v 1.099083 1.051754 0.7271807
v 1.149333 1.051753 0.7577175
v 1.156559 1.051753 0.7402742
v 1.099083 1.051754 0.7460617
v 1.152436 1.180233 0.7264777
v 1.089995 1.180233 0.7160124
v 1.156559 1.051753 0.7402742
v 1.040972 1.051754 0.7370795
v 1.099083 1.051754 0.7460617
v 1.099083 1.051754 0.7271807
v 1.048197 1.051754 0.7545234
v 1.089995 1.180233 0.7160124
v 1.028302 1.180233 0.7302388
v 1.099083 1.051754 0.7271807
v 0.9910721 1.051754 0.7684637
v 1.048197 1.051754 0.7545234
v 1.040972 1.051754 0.7370795
v 1.004424 1.051754 0.7818128
v 1.028302 1.180233 0.7302388
v 0.9767482 1.180232 0.7669916
v 1.040972 1.051754 0.7370795
v 0.9569809 1.051754 0.8165535
v 1.004424 1.051754 0.7818128
v 0.9910721 1.051754 0.7684637
v 0.974424 1.051754 0.8237783
v 0.9767482 1.180232 0.7669916
v 0.9431843 1.180232 0.8206751
v 0.9910721 1.051754 0.7684637
v 0.9438878 1.051754 0.8740292
v 0.974424 1.051754 0.8237783
v 0.9569809 1.051754 0.8165535
v 0.9627679 1.051754 0.8740292
v 0.9431843 1.180232 0.8206751
v 0.9327189 1.180232 0.8831167
v 0.9569809 1.051754 0.8165535
v 0.9537864 1.051754 0.9321402
v 0.9627679 1.051754 0.8740292
v 0.9438878 1.051754 0.8740292
v 0.9712297 1.051754 0.9249153
v 0.9327189 1.180232 0.8831167
v 0.9469457 1.180232 0.944811
v 0.9438878 1.051754 0.8740292
v 0.9851695 1.051754 0.9820401
v 0.9712297 1.051754 0.9249153
v 0.9537864 1.051754 0.9321402
v 0.99852 1.051754 0.9686885
v 0.9469457 1.180232 0.944811
v 0.9836992 1.180232 0.9963648
v 0.9537864 1.051754 0.9321402
v 1.03326 1.051754 1.016132
v 0.99852 1.051754 0.9686885
v 0.9851695 1.051754 0.9820401
v 1.040484 1.051754 0.9986883
v 0.9836992 1.180232 0.9963648
v 1.037382 1.180233 1.029928
v 0.9851695 1.051754 0.9820401
v 1.090735 1.051754 1.029225
v 1.040484 1.051754 0.9986883
v 1.03326 1.051754 1.016132
v 1.090736 1.051754 1.010344
v 1.037382 1.180233 1.029928
v 1.099824 1.180233 1.040393
v 1.03326 1.051754 1.016132
v 1.148847 1.051753 1.019326
v 1.090736 1.051754 1.010344
v 1.090735 1.051754 1.029225
v 1.141621 1.051753 1.001883
v 1.099824 1.180233 1.040393
v 1.161517 1.180233 1.026166
v 1.090735 1.051754 1.029225
v 1.20721 1.031149 0.6828572
v 1.20372 1.05564 0.7647275
v 1.253724 1.031149 0.7185501
v 1.164726 1.077325 0.7564398
v 1.138051 1.055641 0.7268142
v 1.153041 1.031149 0.6604202
v 1.097616 1.055642 0.7207799
v 1.09491 1.031149 0.6527663
v 1.056996 1.055641 0.7254142
v 1.03678 1.031149 0.6604192
v 1.01896 1.055641 0.740404
v 0.9826113 1.031149 0.6828562
v 0.9860999 1.055642 0.7647285
v 0.9360943 1.03115 0.7185493
v 0.9606538 1.055641 0.796728
v 0.9004013 1.03115 0.7650651
v 0.9443582 1.055642 0.8342236
v 0.8779644 1.03115 0.8192342
v 0.9383234 1.055642 0.8746583
v 0.8703114 1.03115 0.8773643
v 0.9429577 1.055642 0.9152793
v 0.8779634 1.03115 0.9354951
v 0.9579496 1.055643 0.9533147
v 0.9004014 1.03115 0.9896642
v 0.9822727 1.055643 0.9861743
v 0.9360944 1.03115 1.03618
v 1.014274 1.055642 1.01162
v 0.9826104 1.031149 1.071873
v 1.051769 1.055642 1.027915
v 1.036779 1.031149 1.094311
v 1.092204 1.055642 1.033951
v 1.094909 1.031149 1.101964
v 1.132823 1.055642 1.029316
v 1.153039 1.031149 1.094311
v 1.170859 1.055641 1.014325
v 1.207208 1.031149 1.071873
v 1.20372 1.05564 0.9900024
v 1.253724 1.031149 1.03618
v 1.229165 1.055641 0.9580016
v 1.289417 1.031149 0.9896641
v 1.24546 1.055641 0.9205058
v 1.311855 1.031149 0.935495
v 1.251497 1.055641 0.8800707
v 1.319508 1.031149 0.8773652
v 1.24686 1.055642 0.839452
v 1.311855 1.031149 0.8192341
v 1.25004 1.040092 0.7877999
v 1.289417 1.031149 0.7650662
v 1.211855 1.181302 0.8098469
v 1.204447 1.206409 0.7718597
v 1.288691 1.234197 0.7654851
v 1.241051 1.20641 0.8352554
v 1.311045 1.234197 0.8194521
v 1.246969 1.20641 0.8745136
v 1.318669 1.234197 0.8773652
v 1.242526 1.20641 0.9139668
v 1.311045 1.234197 0.935278
v 1.228022 1.206409 0.9509251
v 1.288691 1.234197 0.989245
v 1.204449 1.20641 0.9828709
v 1.253131 1.234197 1.035587
v 1.173408 1.206412 1.007628
v 1.206789 1.234199 1.071147
v 1.13702 1.206412 1.023507
v 1.152822 1.234199 1.093501
v 1.09776 1.206412 1.029426
v 1.094909 1.234199 1.101125
v 1.058308 1.206412 1.024983
v 1.036996 1.234199 1.0935
v 1.021349 1.206412 1.010479
v 0.9830294 1.234199 1.071147
v 0.9894021 1.206412 0.9869041
v 0.9366874 1.234199 1.035587
v 0.9646473 1.206411 0.9558641
v 0.9011274 1.234199 0.9892452
v 0.9487696 1.206411 0.9194751
v 0.8787743 1.234199 0.9352782
v 0.942849 1.206411 0.8802153
v 0.8711494 1.234199 0.8773643
v 0.9472939 1.20641 0.8407635
v 0.8787743 1.234199 0.8194513
v 0.9617971 1.206411 0.8038041
v 0.9011283 1.234199 0.7654843
v 0.9853706 1.206411 0.7718582
v 0.9366883 1.234199 0.7191423
v 1.016411 1.206411 0.7471036
v 0.9830303 1.234199 0.6835831
v 1.0528 1.206412 0.7312235
v 1.036997 1.234199 0.6612293
v 1.092059 1.206411 0.7253048
v 1.09491 1.234199 0.6536053
v 1.131511 1.206411 0.7297496
v 1.152824 1.234199 0.6612303
v 1.183038 1.22443 0.7247251
v 1.20679 1.234199 0.6835842
v 1.253131 1.234197 0.7191432
v 1.194162 0.817551 0.782723
v 1.1582 0.9707365 0.7598752
v 1.186452 0.9707362 0.7802597
v 1.166285 0.8175498 0.7602586
v 1.191495 1.062892 0.7807794
v 1.163206 1.062892 0.7590722
v 1.192015 1.155046 0.7858226
v 1.165014 1.155046 0.7638096
v 1.160641 1.308236 0.7569969
v 1.189554 1.308236 0.7781097
v 1.127246 1.308236 0.7440858
v 1.133235 1.155046 0.749534
v 1.130262 1.062892 0.7454264
v 1.125635 0.9707375 0.7474978
v 1.133544 0.8175471 0.7457737
v 1.09165 1.308236 0.7402576
v 1.098844 1.155046 0.7439712
v 1.09491 1.062892 0.7407721
v 1.090976 0.9707373 0.7439703
v 1.098169 0.8175471 0.7402576
v 1.056275 1.308234 0.7457745
v 1.064184 1.155047 0.7474979
v 1.059557 1.062892 0.7454265
v 1.056585 0.9707372 0.749534
v 1.062572 0.8175472 0.7440859
v 1.023534 1.308232 0.7602586
v 1.031619 1.155047 0.7598757
v 1.026613 1.062892 0.7590725
v 1.024805 0.970737 0.7638088
v 1.029179 0.8175476 0.7569965
v 0.9956565 1.308232 0.7827223
v 1.003368 1.155047 0.7802586
v 0.9983235 1.062892 0.7807793
v 0.9978037 0.9707371 0.7858228
v 1.000265 0.8175483 0.7781104
v 0.9745437 1.308232 0.8116359
v 0.9813541 1.155047 0.8072612
v 0.9766166 1.062893 0.8090681
v 0.9774194 0.970737 0.8140746
v 0.9778023 0.8175518 0.805989
v 0.9616323 1.308232 0.8450295
v 0.9670791 1.155047 0.8390407
v 0.9629706 1.062893 0.8420121
v 0.965042 0.970737 0.8466397
v 0.9633194 0.8175519 0.8387303
v 0.9578045 1.308232 0.8806253
v 0.9615154 1.155047 0.873431
v 0.9583163 1.062893 0.8773652
v 0.9615144 0.9707372 0.8812987
v 0.9578043 0.8175518 0.8741042
v 0.9633206 1.308232 0.9159999
v 0.9650421 1.155047 0.9080899
v 0.9629707 1.062893 0.9127175
v 0.9670782 0.970737 0.9156899
v 0.9616312 0.8175516 0.9097013
v 0.9778039 1.308232 0.9487409
v 0.9774197 1.155047 0.9406552
v 0.9766166 1.062893 0.9456609
v 0.981353 0.970737 0.9474687
v 0.9745414 0.8175501 0.9430937
v 1.000268 1.308232 0.9766192
v 0.9978042 1.155047 0.9689079
v 0.9983243 1.062892 0.9739508
v 1.003367 0.9707369 0.9744708
v 0.9956537 0.8175471 0.9720089
v 1.029181 1.308232 0.9977317
v 1.024805 1.155047 0.9909214
v 1.026613 1.062892 0.9956582
v 1.031619 0.9707372 0.9948551
v 1.023532 0.8175473 0.9944732
v 1.062574 1.308233 1.010642
v 1.056585 1.155047 1.005197
v 1.059556 1.062892 1.009304
v 1.064184 0.9707373 1.007233
v 1.056273 0.817547 1.008957
v 1.098171 1.308235 1.014472
v 1.090976 1.155046 1.01076
v 1.094909 1.062892 1.013958
v 1.098843 0.9707373 1.01076
v 1.091648 0.8175471 1.014473
v 1.133545 1.308236 1.008957
v 1.125635 1.155046 1.007233
v 1.130262 1.062892 1.009304
v 1.133233 0.9707373 1.005196
v 1.127245 0.8175485 1.010644
v 1.166287 1.308236 0.9944731
v 1.1582 1.155046 0.994855
v 1.163205 1.062892 0.995658
v 1.165014 0.9707362 0.9909213
v 1.160638 0.8175513 0.9977316
v 1.194165 1.308236 0.9720088
v 1.186452 1.155046 0.9744705
v 1.191495 1.062892 0.9739505
v 1.192015 0.9707362 0.9689077
v 1.189551 0.8175509 0.9766186
v 1.215279 1.308236 0.9430948
v 1.208466 1.155046 0.947469
v 1.213202 1.062892 0.9456608
v 1.212399 0.9707362 0.9406556
v 1.212015 0.8175511 0.9487416
v 1.228189 1.308236 0.9097013
v 1.222741 1.155046 0.9156898
v 1.226848 1.062892 0.9127174
v 1.224777 0.9707363 0.908091
v 1.226498 0.8175513 0.9159998
v 1.232017 1.308236 0.8741041
v 1.228304 1.155046 0.8812985
v 1.231502 1.062892 0.8773652
v 1.228303 0.9707363 0.8734313
v 1.232014 0.8175513 0.8806258
v 1.226502 1.308236 0.8387287
v 1.224777 1.155046 0.8466399
v 1.226848 1.062892 0.8420122
v 1.222741 0.9707364 0.83904
v 1.228186 0.8175513 0.8450301
v 1.212018 1.308236 0.8059877
v 1.212399 1.155046 0.8140746
v 1.213202 1.062892 0.8090695
v 1.208466 0.9707363 0.8072612
v 1.215276 0.8175509 0.8116367
v 1.3018 1.34848 0.7570161
v 1.189554 1.308236 0.7781097
v 1.263603 1.34848 0.7075694
v 1.212018 1.308236 0.8059877
v 1.312521 1.301408 0.6645905
v 1.360177 1.301407 0.7281624
v 1.263603 1.34848 0.7075694
v 1.3259 1.34848 0.8146635
v 1.212018 1.308236 0.8059877
v 1.3018 1.34848 0.7570161
v 1.226502 1.308236 0.8387287
v 1.360177 1.301407 0.7281624
v 1.389754 1.301406 0.8019031
v 1.3018 1.34848 0.7570161
v 1.334259 1.348479 0.8765849
v 1.226502 1.308236 0.8387287
v 1.3259 1.34848 0.8146635
v 1.232017 1.308236 0.8741041
v 1.389754 1.301406 0.8019031
v 1.399239 1.301406 0.8807852
v 1.3259 1.34848 0.8146635
v 1.326304 1.348479 0.9385589
v 1.232017 1.308236 0.8741041
v 1.334259 1.348479 0.8765849
v 1.228189 1.308236 0.9097013
v 1.399239 1.301406 0.8807852
v 1.387984 1.301407 0.9594343
v 1.334259 1.348479 0.8765849
v 1.302582 1.348479 0.9963638
v 1.228189 1.308236 0.9097013
v 1.326304 1.348479 0.9385589
v 1.215279 1.308236 0.9430948
v 1.387984 1.301407 0.9594343
v 1.356757 1.301406 1.032491
v 1.326304 1.348479 0.9385589
v 1.264706 1.34848 1.046057
v 1.215279 1.308236 0.9430948
v 1.302582 1.348479 0.9963638
v 1.194165 1.308236 0.9720088
v 1.356757 1.301406 1.032491
v 1.307684 1.301408 1.094977
v 1.302582 1.348479 0.9963638
v 1.215258 1.34848 1.084255
v 1.194165 1.308236 0.9720088
v 1.264706 1.34848 1.046057
v 1.166287 1.308236 0.9944731
v 1.307684 1.301408 1.094977
v 1.244112 1.301408 1.142631
v 1.264706 1.34848 1.046057
v 1.157611 1.34848 1.108356
v 1.166287 1.308236 0.9944731
v 1.215258 1.34848 1.084255
v 1.133545 1.308236 1.008957
v 1.244112 1.301408 1.142631
v 1.170373 1.301407 1.17221
v 1.215258 1.34848 1.084255
v 1.09569 1.348479 1.116715
v 1.133545 1.308236 1.008957
v 1.157611 1.34848 1.108356
v 1.098171 1.308235 1.014472
v 1.170373 1.301407 1.17221
v 1.09149 1.301406 1.181694
v 1.157611 1.34848 1.108356
v 1.033717 1.348481 1.108758
v 1.098171 1.308235 1.014472
v 1.09569 1.348479 1.116715
v 1.062574 1.308233 1.010642
v 1.09149 1.301406 1.181694
v 1.01284 1.301408 1.170439
v 1.09569 1.348479 1.116715
v 0.9759122 1.348481 1.085033
v 1.062574 1.308233 1.010642
v 1.033717 1.348481 1.108758
v 1.029181 1.308232 0.9977317
v 1.01284 1.301408 1.170439
v 0.9397829 1.301407 1.139211
v 1.033717 1.348481 1.108758
v 0.9262186 1.348481 1.047159
v 1.029181 1.308232 0.9977317
v 0.9759122 1.348481 1.085033
v 1.000268 1.308232 0.9766192
v 0.9397829 1.301407 1.139211
v 0.8772982 1.301408 1.090139
v 0.9759122 1.348481 1.085033
v 0.8880225 1.348481 0.9977114
v 1.000268 1.308232 0.9766192
v 0.9262186 1.348481 1.047159
v 0.9778039 1.308232 0.9487409
v 0.8772982 1.301408 1.090139
v 0.8296441 1.30141 1.026567
v 0.9262186 1.348481 1.047159
v 0.8639269 1.348482 0.9400638
v 0.9778039 1.308232 0.9487409
v 0.8880225 1.348481 0.9977114
v 0.9633206 1.308232 0.9159999
v 0.8296441 1.30141 1.026567
v 0.8000659 1.30141 0.9528266
v 0.8880225 1.348481 0.9977114
v 0.8555676 1.348482 0.8781435
v 0.9633206 1.308232 0.9159999
v 0.8639269 1.348482 0.9400638
v 0.9578045 1.308232 0.8806253
v 0.8000659 1.30141 0.9528266
v 0.7905811 1.301407 0.8739434
v 0.8639269 1.348482 0.9400638
v 0.86352 1.348481 0.8161713
v 0.9578045 1.308232 0.8806253
v 0.8555676 1.348482 0.8781435
v 0.9616323 1.308232 0.8450295
v 0.7905811 1.301407 0.8739434
v 0.8018363 1.301408 0.7952946
v 0.8555676 1.348482 0.8781435
v 0.8872428 1.348481 0.7583672
v 0.9616323 1.308232 0.8450295
v 0.86352 1.348481 0.8161713
v 0.9745437 1.308232 0.8116359
v 0.8018363 1.301408 0.7952946
v 0.8330641 1.301407 0.7222378
v 0.86352 1.348481 0.8161713
v 0.9251167 1.348481 0.7086734
v 0.9745437 1.308232 0.8116359
v 0.8872428 1.348481 0.7583672
v 0.9956565 1.308232 0.7827223
v 0.8330641 1.301407 0.7222378
v 0.8821363 1.301407 0.6597531
v 0.8872428 1.348481 0.7583672
v 0.9745643 1.348482 0.6704776
v 0.9956565 1.308232 0.7827223
v 0.9251167 1.348481 0.7086734
v 1.023534 1.308232 0.7602586
v 0.8821363 1.301407 0.6597531
v 0.9457086 1.301409 0.6120984
v 0.9251167 1.348481 0.7086734
v 1.032212 1.348481 0.646379
v 1.023534 1.308232 0.7602586
v 0.9745643 1.348482 0.6704776
v 1.056275 1.308234 0.7457745
v 0.9457086 1.301409 0.6120984
v 1.019449 1.301408 0.5825205
v 0.9745643 1.348482 0.6704776
v 1.094132 1.34848 0.6380174
v 1.056275 1.308234 0.7457745
v 1.032212 1.348481 0.646379
v 1.09165 1.308236 0.7402576
v 1.019449 1.301408 0.5825205
v 1.098333 1.301406 0.5730361
v 1.032212 1.348481 0.646379
v 1.156105 1.348479 0.6459716
v 1.09165 1.308236 0.7402576
v 1.094132 1.34848 0.6380174
v 1.127246 1.308236 0.7440858
v 1.098333 1.301406 0.5730361
v 1.176981 1.301407 0.5842921
v 1.094132 1.34848 0.6380174
v 1.21391 1.348479 0.6696935
v 1.127246 1.308236 0.7440858
v 1.156105 1.348479 0.6459716
v 1.160641 1.308236 0.7569969
v 1.176981 1.301407 0.5842921
v 1.250037 1.301407 0.615519
v 1.156105 1.348479 0.6459716
v 1.263603 1.34848 0.7075694
v 1.160641 1.308236 0.7569969
v 1.21391 1.348479 0.6696935
v 1.189554 1.308236 0.7781097
v 1.250037 1.301407 0.615519
v 1.263603 1.34848 0.7075694
v 1.312521 1.301408 0.6645905
v 1.218589 1.051753 0.8314908
v 1.249882 1.001492 0.8751867
v 1.227051 1.051753 0.8823772
v 1.239181 1.002447 0.8206995
v 1.191299 1.051753 0.7877164
v 1.239181 1.002447 0.8206995
v 1.218589 1.051753 0.8314908
v 1.211617 1.012004 0.7724298
v 1.149333 1.051753 0.7577175
v 1.211617 1.012004 0.7724298
v 1.191299 1.051753 0.7877164
v 1.150252 1.028553 0.7290347
v 1.099083 1.051754 0.7460617
v 1.150252 1.028553 0.7290347
v 1.149333 1.051753 0.7577175
v 1.088955 1.028553 0.7192104
v 1.048197 1.051754 0.7545234
v 1.088955 1.028553 0.7192104
v 1.099083 1.051754 0.7460617
v 1.037405 1.002449 0.7339314
v 1.004424 1.051754 0.7818128
v 1.037405 1.002449 0.7339314
v 1.048197 1.051754 0.7545234
v 0.9891365 1.012006 0.7614955
v 0.974424 1.051754 0.8237783
v 0.9891365 1.012006 0.7614955
v 1.004424 1.051754 0.7818128
v 0.9473785 1.007765 0.8256955
v 0.9627679 1.051754 0.8740292
v 0.9473785 1.007765 0.8256955
v 0.974424 1.051754 0.8237783
v 0.9399368 1.001493 0.8812198
v 0.9712297 1.051754 0.9249153
v 0.9399368 1.001493 0.8812198
v 0.9627679 1.051754 0.8740292
v 0.950638 1.002448 0.9357064
v 0.99852 1.051754 0.9686885
v 0.950638 1.002448 0.9357064
v 0.9712297 1.051754 0.9249153
v 0.978201 1.012006 0.9839739
v 1.040484 1.051754 0.9986883
v 0.978201 1.012006 0.9839739
v 0.99852 1.051754 0.9686885
v 1.042402 1.007765 1.025734
v 1.090736 1.051754 1.010344
v 1.042402 1.007765 1.025734
v 1.040484 1.051754 0.9986883
v 1.100863 1.028553 1.037195
v 1.141621 1.051753 1.001883
v 1.100863 1.028553 1.037195
v 1.090736 1.051754 1.010344
v 1.161254 1.028553 1.022815
v 1.185397 1.051753 0.9745916
v 1.161254 1.028553 1.022815
v 1.141621 1.051753 1.001883
v 1.200682 1.012004 0.9949096
v 1.24244 1.007763 0.9307113
v 1.199023 0.9661476 0.9788096
v 1.200682 1.012004 0.9949096
v 1.220417 0.9588749 0.8969606
v 1.249882 1.001492 0.8751867
v 1.220082 0.957952 0.8752046
v 1.239181 1.002447 0.8206995
v 1.223326 0.9697238 0.8551661
v 1.211617 1.012004 0.7724298
v 1.195516 0.9661483 0.7740892
v 1.143078 0.987806 0.7370199
v 1.113667 0.958876 0.7526945
v 1.095086 0.9771484 0.7351385
v 1.091911 0.9579532 0.7530299
v 1.037405 1.002449 0.7339314
v 1.071872 0.9697248 0.7497858
v 0.9891365 1.012006 0.7614955
v 0.9907956 0.9661481 0.7775959
v 0.9473785 1.007765 0.8256955
v 0.9694019 0.9588755 0.8594456
v 0.9399368 1.001493 0.8812198
v 0.9697363 0.9579526 0.8812017
v 0.950638 1.002448 0.9357064
v 0.966493 0.9697244 0.9012402
v 0.978201 1.012006 0.9839739
v 0.9943015 0.9661481 0.9823154
v 1.042402 1.007765 1.025734
v 1.076152 0.9588755 1.003711
v 1.094732 0.9771482 1.021267
v 1.097907 0.9579529 1.003375
v 1.140598 0.9786848 1.014542
v 1.117946 0.9697242 1.00662
v 1.215276 0.8175509 0.8116367
v 1.264702 0.7773018 0.7086757
v 1.194162 0.817551 0.782723
v 1.302577 0.777302 0.7583683
v 1.356756 0.8243753 0.7222394
v 1.302577 0.777302 0.7583683
v 1.307683 0.824374 0.6597537
v 1.302577 0.777302 0.7583683
v 1.228186 0.8175513 0.8450301
v 1.326299 0.7773019 0.8161722
v 1.215276 0.8175509 0.8116367
v 1.387982 0.8243753 0.795296
v 1.302577 0.777302 0.7583683
v 1.356756 0.8243753 0.7222394
v 1.326299 0.7773019 0.8161722
v 1.232014 0.8175513 0.8806258
v 1.334253 0.7773019 0.8781448
v 1.228186 0.8175513 0.8450301
v 1.399238 0.8243759 0.8739448
v 1.326299 0.7773019 0.8161722
v 1.387982 0.8243753 0.795296
v 1.334253 0.7773019 0.8781448
v 1.226498 0.8175513 0.9159998
v 1.325895 0.7773019 0.9400644
v 1.232014 0.8175513 0.8806258
v 1.389753 0.8243753 0.9528267
v 1.334253 0.7773019 0.8781448
v 1.399238 0.8243759 0.8739448
v 1.325895 0.7773019 0.9400644
v 1.212015 0.8175511 0.9487416
v 1.301797 0.777302 0.9977124
v 1.226498 0.8175513 0.9159998
v 1.360176 0.8243755 1.026567
v 1.325895 0.7773019 0.9400644
v 1.389753 0.8243753 0.9528267
v 1.301797 0.777302 0.9977124
v 1.189551 0.8175509 0.9766186
v 1.263598 0.7773016 1.047157
v 1.212015 0.8175511 0.9487416
v 1.31252 0.8243747 1.09014
v 1.301797 0.777302 0.9977124
v 1.360176 0.8243755 1.026567
v 1.263598 0.7773016 1.047157
v 1.160638 0.8175513 0.9977316
v 1.213904 0.7773015 1.085031
v 1.189551 0.8175509 0.9766186
v 1.250035 0.8243738 1.139211
v 1.263598 0.7773016 1.047157
v 1.31252 0.8243747 1.09014
v 1.213904 0.7773015 1.085031
v 1.127245 0.8175485 1.010644
v 1.156102 0.7773032 1.108757
v 1.160638 0.8175513 0.9977316
v 1.176978 0.8243715 1.170437
v 1.213904 0.7773015 1.085031
v 1.250035 0.8243738 1.139211
v 1.156102 0.7773032 1.108757
v 1.091648 0.8175471 1.014473
v 1.094129 0.777304 1.116714
v 1.127245 0.8175485 1.010644
v 1.098329 0.8243753 1.181693
v 1.156102 0.7773032 1.108757
v 1.176978 0.8243715 1.170437
v 1.094129 0.777304 1.116714
v 1.056273 0.817547 1.008957
v 1.032207 0.7773038 1.108356
v 1.091648 0.8175471 1.014473
v 1.019446 0.8243766 1.17221
v 1.094129 0.777304 1.116714
v 1.098329 0.8243753 1.181693
v 1.032207 0.7773038 1.108356
v 1.023532 0.8175473 0.9944732
v 0.9745607 0.7773035 1.084255
v 1.056273 0.817547 1.008957
v 0.9457066 0.8243755 1.142631
v 1.032207 0.7773038 1.108356
v 1.019446 0.8243766 1.17221
v 0.9745607 0.7773035 1.084255
v 0.9956537 0.8175471 0.9720089
v 0.9251143 0.7773033 1.046056
v 1.023532 0.8175473 0.9944732
v 0.8821352 0.8243752 1.094977
v 0.9745607 0.7773035 1.084255
v 0.9457066 0.8243755 1.142631
v 0.9251143 0.7773033 1.046056
v 0.9745414 0.8175501 0.9430937
v 0.8872409 0.7773029 0.9963617
v 0.9956537 0.8175471 0.9720089
v 0.8330626 0.8243755 1.032492
v 0.9251143 0.7773033 1.046056
v 0.8821352 0.8243752 1.094977
v 0.8872409 0.7773029 0.9963617
v 0.9616312 0.8175516 0.9097013
v 0.8635178 0.7773032 0.9385595
v 0.9745414 0.8175501 0.9430937
v 0.8018349 0.8243768 0.9594345
v 0.8872409 0.7773029 0.9963617
v 0.8330626 0.8243755 1.032492
v 0.8635178 0.7773032 0.9385595
v 0.9578043 0.8175518 0.8741042
v 0.8555644 0.7773031 0.8765854
v 0.9616312 0.8175516 0.9097013
v 0.79058 0.8243771 0.8807855
v 0.8635178 0.7773032 0.9385595
v 0.8018349 0.8243768 0.9594345
v 0.8555644 0.7773031 0.8765854
v 0.9633194 0.8175519 0.8387303
v 0.8639225 0.7773029 0.8146657
v 0.9578043 0.8175518 0.8741042
v 0.8000646 0.8243766 0.8019032
v 0.8555644 0.7773031 0.8765854
v 0.79058 0.8243771 0.8807855
v 0.8639225 0.7773029 0.8146657
v 0.9778023 0.8175518 0.805989
v 0.8880193 0.7773033 0.7570173
v 0.9633194 0.8175519 0.8387303
v 0.8296415 0.8243768 0.7281634
v 0.8639225 0.7773029 0.8146657
v 0.8000646 0.8243766 0.8019032
v 0.8880193 0.7773033 0.7570173
v 1.000265 0.8175483 0.7781104
v 0.9262167 0.7773035 0.7075706
v 0.9778023 0.8175518 0.805989
v 0.8772975 0.824376 0.6645905
v 0.8880193 0.7773033 0.7570173
v 0.8296415 0.8243768 0.7281634
v 0.9262167 0.7773035 0.7075706
v 1.029179 0.8175476 0.7569965
v 0.9759112 0.7773035 0.6696954
v 1.000265 0.8175483 0.7781104
v 0.9397828 0.824375 0.6155198
v 0.9262167 0.7773035 0.7075706
v 0.8772975 0.824376 0.6645905
v 0.9759112 0.7773035 0.6696954
v 1.062572 0.8175472 0.7440859
v 1.033714 0.7773039 0.6459699
v 1.029179 0.8175476 0.7569965
v 1.012838 0.824376 0.5842916
v 0.9759112 0.7773035 0.6696954
v 0.9397828 0.824375 0.6155198
v 1.033714 0.7773039 0.6459699
v 1.098169 0.8175471 0.7402576
v 1.095688 0.7773036 0.6380178
v 1.062572 0.8175472 0.7440859
v 1.091488 0.8243769 0.5730361
v 1.033714 0.7773039 0.6459699
v 1.012838 0.824376 0.5842916
v 1.095688 0.7773036 0.6380178
v 1.133544 0.8175471 0.7457737
v 1.157608 0.7773027 0.6463792
v 1.098169 0.8175471 0.7402576
v 1.170371 0.8243722 0.5825225
v 1.095688 0.7773036 0.6380178
v 1.091488 0.8243769 0.5730361
v 1.157608 0.7773027 0.6463792
v 1.166285 0.8175498 0.7602586
v 1.215254 0.7773016 0.6704788
v 1.133544 0.8175471 0.7457737
v 1.244111 0.8243726 0.6121003
v 1.157608 0.7773027 0.6463792
v 1.170371 0.8243722 0.5825225
v 1.194162 0.817551 0.782723
v 1.215254 0.7773016 0.6704788
v 1.166285 0.8175498 0.7602586
v 1.264702 0.7773018 0.7086757
v 1.215254 0.7773016 0.6704788
v 1.307683 0.824374 0.6597537
v 1.244111 0.8243726 0.6121003
v 0.9973229 1.073266 0.7977138
v 0.9395047 1.073063 0.6580438
v 0.9395047 1.073063 0.6580438
v 1.023412 1.073421 0.7853719
v 1.200698 1.119339 0.7930327
v 1.203848 1.087965 0.8326834
v 1.282822 1.07273 1.064255
v 1.235919 1.105842 0.9329243
v 1.323628 1.124362 1.007852
v 0.8744983 1.060075 0.954144
v 1.172227 1.067317 0.6277695
v 1.141336 1.065122 0.7628431
v 1.215813 1.086335 0.6282554
v 1.107374 1.079458 0.7515434
v 1.141336 1.065122 0.7628431
v 1.088874 1.112939 0.6240345
v 1.172227 1.067317 0.6277695
v 1.073969 1.119342 0.7440509
v 1.107374 1.079458 0.7515434

vn 0.5617176 -0.5583357 -0.61052
vn -0.2898335 -0.9262904 0.2407962
vn -0.6133921 -0.7887402 0.04048648
vn 0.3206933 -0.5518184 -0.7698392
vn -0.2898335 -0.9262904 0.2407962
vn 0.3150386 -0.5564894 -0.768811
vn 0.1085731 -0.726871 0.6781377
vn -0.5144859 0.4579113 0.7249978
vn -0.2263065 0.592647 0.7730169
vn 0.3150386 -0.5564894 -0.768811
vn 0.7344749 -0.6554973 -0.1756987
vn 0.5031658 -0.07354138 -0.8610552
vn 3.262496E-08 -0.2588085 0.9659288
vn -0.2361508 0.2596673 0.9363792
vn -0.711292 0.3881421 0.5860116
vn -0.535632 -0.2143792 0.8167865
vn 3.262496E-08 -0.2588085 0.9659288
vn 0.686856 -0.2649054 0.6767969
vn 0.3918899 0.6653411 -0.6354082
vn 0.3206933 -0.5518184 -0.7698392
vn -0.2586663 0.8743535 -0.4106068
vn -0.2642005 0.8449013 0.4651238
vn 0.05096867 0.9901928 0.1300789
vn 0.03394768 0.9083707 0.4167858
vn -0.628042 0.7703948 -0.1097959
vn -0.2127454 0.8505121 -0.481008
vn -0.2642005 0.8449013 0.4651238
vn 0.06393331 0.9639229 0.2583896
vn -0.3984734 -0.7125516 -0.5774853
vn -0.628042 0.7703948 -0.1097959
vn -0.1388936 -0.3346637 -0.9320456
vn -0.1397724 -0.9244517 0.3547576
vn -0.1388936 -0.3346637 -0.9320456
vn -0.6388469 -0.7438208 0.1964824
vn 0.1520653 0.1578321 0.9756871
vn -0.3087652 -0.3021781 0.9018607
vn -0.2458995 -0.813621 0.5268345
vn 0.1520653 0.1578321 0.9756871
vn -0.5562329 -0.5788839 0.5962371
vn 0.7159822 0.3805501 0.5852787
vn -0.5562329 -0.5788839 0.5962371
vn 0.686856 -0.2649054 0.6767969
vn -0.535632 -0.2143792 0.8167865
vn -0.7853271 0.1665854 -0.5962473
vn -0.3463129 -0.009294638 -0.9380732
vn -0.3141049 -0.6834984 -0.6589144
vn 0.5031658 -0.07354138 -0.8610552
vn 0.7344749 -0.6554973 -0.1756987
vn 0.6883135 0.2517766 -0.6803185
vn -0.7853271 0.1665854 -0.5962473
vn 0.6883135 0.2517766 -0.6803185
vn -0.5536939 0.5835168 -0.5940802
vn -0.711292 0.3881421 0.5860116
vn -0.5536939 0.5835168 -0.5940802
vn -0.2586663 0.8743535 -0.4106068
vn 0.5031658 -0.07354138 -0.8610552
vn 0.3150386 -0.5564894 -0.768811
vn -0.711292 0.3881421 0.5860116
vn -0.2361508 0.2596673 0.9363792
vn 0.1085731 -0.726871 0.6781377
vn -0.2263065 0.592647 0.7730169
vn -0.2898335 -0.9262904 0.2407962
vn -0.2361508 0.2596673 0.9363792
vn 0.3918899 0.6653411 -0.6354082
vn -0.2263065 0.592647 0.7730169
vn 0.6970065 0.7125307 0.0805108
vn -0.5144859 0.4579113 0.7249978
vn 0.2429955 0.8140206 -0.527564
vn 0.06393331 0.9639229 0.2583896
vn 0.1520653 0.1578321 0.9756871
vn -0.2127454 0.8505121 -0.481008
vn 0.7159822 0.3805501 0.5852787
vn 0.5567295 0.5779648 -0.596665
vn 0.1520653 0.1578321 0.9756871
vn 0.7159822 0.3805501 0.5852787
vn 0.6883135 0.2517766 -0.6803185
vn 0.686856 -0.2649054 0.6767969
vn 0.6883135 0.2517766 -0.6803185
vn -0.3463129 -0.009294638 -0.9380732
vn -0.7853271 0.1665854 -0.5962473
vn -0.3463129 -0.009294638 -0.9380732
vn 0.2429955 0.8140206 -0.527564
vn -0.3141049 -0.6834984 -0.6589144
vn -0.1388936 -0.3346637 -0.9320456
vn -0.2127454 0.8505121 -0.481008
vn -0.6133921 -0.7887402 0.04048648
vn 0.6879951 -0.6218327 -0.3741479
vn 0.5617176 -0.5583357 -0.61052
vn -0.8219038 -0.5558236 -0.1246372
vn 0.6879951 -0.6218327 -0.3741479
vn -4.125791E-09 -0.8331705 -0.5530164
vn -4.140527E-09 -0.8329237 -0.5533881
vn 0.7077354 -0.5363134 -0.4598681
vn -0.7077354 -0.5164282 -0.4820921
vn -4.140527E-09 -0.8329237 -0.5533881
vn -0.7073582 0.5514508 0.4422065
vn -0.7087968 -0.4207645 -0.5661842
vn -0.5847321 0.6152108 0.5287762
vn 0.8002806 0.4887069 0.3474431
vn 1 1.482941E-08 -2.980239E-08
vn 0.4523568 0.7879315 0.4177768
vn 0.8002806 0.4887069 0.3474431
vn 0.7073581 0.5394598 0.4567578
vn 0.7073581 0.5394598 0.4567578
vn -0.7977089 0.4930643 0.3472003
vn 0.709636 -0.4421187 -0.5485873
vn -0.7077354 -0.5164282 -0.4820921
vn -0.7087968 -0.4207645 -0.5661842
vn 0.7077354 -0.5363134 -0.4598681
vn -0.5847321 0.6152108 0.5287762
vn -0.8930169 -0.1835168 -0.4109043
vn -0.8864341 0.3458185 0.3076429
vn -0.8930169 -0.1835168 -0.4109043
vn -0.9941455 -0.1080496 6.826946E-08
vn -0.5809637 -0.4739755 -0.6616861
vn 0.7073581 0.5394598 0.4567578
vn 0.7077354 -0.5363134 -0.4598681
vn 0.8118437 0.4706433 0.3455501
vn 0.8118437 0.4706433 0.3455501
vn -0.7073582 0.5514508 0.4422065
vn -0.7977089 0.4930643 0.3472003
vn -0.9997969 -7.619892E-09 0.02015087
vn -0.8219038 -0.5558236 -0.1246372
vn -0.7977089 0.4930643 0.3472003
vn -0.783935 0.3888758 0.4839644
vn 0.4523568 0.7879315 0.4177768
vn 0.8002806 0.4887069 0.3474431
vn 0.6986387 0.5037087 0.5081157
vn -0.5847321 0.6152108 0.5287762
vn -0.5144859 0.4579113 0.7249978
vn -0.783935 0.3888758 0.4839644
vn 0.6970065 0.7125307 0.0805108
vn -0.7087968 -0.4207645 -0.5661842
vn 0.7059751 -0.3393017 -0.6216702
vn 0.709636 -0.4421187 -0.5485873
vn -0.8930169 -0.1835168 -0.4109043
vn 0.7059751 -0.3393017 -0.6216702
vn -0.5809637 -0.4739755 -0.6616861
vn 0.8080619 -0.3677956 -0.4601765
vn 0.9941407 -0.1080937 9.029547E-09
vn 0.6986387 0.5037087 0.5081157
vn 0.8118437 0.4706433 0.3455501
vn 0.2883065 -0.900091 -0.3266739
vn -0.51587 -0.8052713 -0.2922606
vn 0.8080619 -0.3677956 -0.4601765
vn -0.5809637 -0.4739755 -0.6616861
vn -0.6532287 -0.739986 0.1603531
vn -0.9941455 -0.1080496 6.826946E-08
vn 0.8386549 -0.5348474 0.102938
vn -0.51587 -0.8052713 -0.2922606
vn 3.328082E-08 -0.4640298 0.8858197
vn 0.2882972 0.1670521 0.9428566
vn 3.328082E-08 -0.4640362 0.8858163
vn -0.5158566 0.1494551 0.8435373
vn 3.328743E-08 -0.4508937 0.8925778
vn 3.328082E-08 -0.4640362 0.8858163
vn -0.8965006 -0.2616742 0.35751
vn -0.7087985 -0.2799271 0.6474918
vn 3.328743E-08 -0.4508937 0.8925778
vn 0.7096371 -0.2540187 0.6571832
vn 0.9966459 -0.06514539 -0.04952798
vn 0.8118418 0.06392975 -0.580367
vn 0.6917953 0.1915586 -0.6962217
vn 0.999927 0.01208286 -3.412137E-08
vn 0.9966459 -0.06514539 -0.04952798
vn 1 1.482941E-08 -2.980239E-08
vn -0.7071068 0.4904275 0.5093927
vn 0.2882972 0.1670521 0.9428566
vn 0.8944272 0.3101736 0.3221682
vn -1 -1.482941E-08 2.980239E-08
vn -0.999927 0.01208283 2.547905E-08
vn -0.5158566 0.1494551 0.8435373
vn 0.7096371 -0.2540187 0.6571832
vn -0.7077351 -0.1592922 0.6882858
vn -0.7087985 -0.2799271 0.6474918
vn 0.7077351 -0.1301108 0.6943936
vn -0.5847384 0.1503434 -0.7971687
vn -0.8965006 -0.2616742 0.35751
vn -0.8792715 0.09943721 -0.465826
vn -0.8965006 -0.2616742 0.35751
vn -0.999927 0.01208283 2.547905E-08
vn -1 -1.482941E-08 2.980239E-08
vn 0.7073581 0.1258447 -0.695563
vn 0.7077351 -0.1301108 0.6943936
vn 0.8118418 0.06392975 -0.580367
vn 0.8118418 0.06392975 -0.580367
vn -0.7073581 0.1072494 -0.6986718
vn -0.7993575 0.05728124 -0.5981191
vn -0.448314 -0.04846179 0.8925616
vn -0.8134802 0.1725114 0.5554187
vn -0.7993575 0.05728124 -0.5981191
vn -0.7952223 0.235824 -0.5585772
vn 0.5589886 -0.124028 -0.8198469
vn 0.8002808 0.05654799 -0.5969532
vn 0.6917953 0.1915586 -0.6962217
vn -0.5847384 0.1503434 -0.7971687
vn -0.5194648 0.4039381 -0.7529877
vn -0.7952223 0.235824 -0.5585772
vn 0.1109985 -0.09406182 -0.9893593
vn 0.7077351 -0.1301108 0.6943936
vn -0.448314 -0.04846179 0.8925616
vn -0.7077351 -0.1592922 0.6882858
vn 0.7080119 -0.05048432 0.7043937
vn 0.7211101 -0.1004997 0.6854926
vn 0.7080119 -0.05048432 0.7043937
vn -0.8134802 0.1725114 0.5554187
vn 0.8002808 0.05654799 -0.5969532
vn 0.7073581 0.1258447 -0.695563
vn -0.6037046 0.4224634 0.6760663
vn 0.7211101 -0.1004997 0.6854926
vn -0.01558733 0.1305694 0.9913167
vn 0.8002808 0.05654799 -0.5969532
vn 0.5589886 -0.124028 -0.8198469
vn -0.7073581 0.1072494 -0.6986718
vn -0.7087985 -0.2799271 0.6474918
vn -0.5847384 0.1503434 -0.7971687
vn 0.7073581 0.1258447 -0.695563
vn -0.7993575 0.05728124 -0.5981191
vn -0.7952223 0.235824 -0.5585772
vn -0.8134802 0.1725114 0.5554187
vn -0.5194648 0.4039381 -0.7529877
vn 0.03741663 0.2189971 0.975008
vn 0.3150554 -0.3875584 0.8663363
vn 0.1085621 0.9507164 0.2904358
vn 0.3207323 -0.3908204 0.8627807
vn 0.3150554 -0.3875584 0.8663363
vn 0.4279927 0.8873278 0.171674
vn 0.503176 -0.7089213 0.4942111
vn -0.01558733 0.1305694 0.9913167
vn 0.03741663 0.2189971 0.975008
vn -0.6037046 0.4224634 0.6760663
vn 0.4279927 0.8873278 0.171674
vn -0.2361718 0.6811111 -0.6930445
vn -0.7113104 0.3134401 -0.6291206
vn -0.5356323 0.8145509 -0.2227223
vn 0.6868528 0.7185767 -0.1090004
vn 0.5334538 -0.8181803 -0.2144957
vn 0.3207323 -0.3908204 0.8627807
vn -0.2586584 -0.7927871 -0.5518919
vn -0.5352725 0.8195243 -0.2046052
vn -0.5194648 0.4039381 -0.7529877
vn -0.2269568 0.3661199 -0.9024673
vn 0.7770921 -0.5081642 -0.371345
vn 0.5334538 -0.8181803 -0.2144957
vn 0.5589886 -0.124028 -0.8198469
vn 0.7211101 -0.1004997 0.6854926
vn 0.1109985 -0.09406182 -0.9893593
vn 0.5334538 -0.8181803 -0.2144957
vn -0.2269568 0.3661199 -0.9024673
vn -0.5194648 0.4039381 -0.7529877
vn 0.5334538 -0.8181803 -0.2144957
vn -0.2586584 -0.7927871 -0.5518919
vn -0.2269568 0.3661199 -0.9024673
vn -0.2361718 0.6811111 -0.6930445
vn 0.503176 -0.7089213 0.4942111
vn 0.3150554 -0.3875584 0.8663363
vn -0.5536867 -0.8062501 -0.2083076
vn 0.503176 -0.7089213 0.4942111
vn -0.7853236 -0.5996639 0.1538512
vn 0.6883096 -0.7150677 0.122099
vn 0.6868528 0.7185767 -0.1090004
vn 0.4279927 0.8873278 0.171674
vn 0.6883096 -0.7150677 0.122099
vn -0.5562323 0.8057993 0.2032079
vn 0.7159896 0.3165489 -0.6222184
vn -0.5356323 0.8145509 -0.2227223
vn -0.7113104 0.3134401 -0.6291206
vn -0.5536867 -0.8062501 -0.2083076
vn 0.1520766 0.766046 -0.6245371
vn -0.5562323 0.8057993 0.2032079
vn -0.2458758 0.863072 0.4411939
vn -0.7853236 -0.5996639 0.1538512
vn -0.3463084 -0.8077515 0.4770831
vn -0.3141151 -0.2288519 0.9213895
vn -0.1397796 0.7694685 0.6232015
vn 0.1520766 0.766046 -0.6245371
vn -0.1766923 0.484511 -0.856755
vn -0.2127642 -0.8418238 -0.4960487
vn -0.2660347 -0.0175038 -0.9638047
vn -0.6236264 -0.4785395 -0.6181346
vn -0.2660347 -0.0175038 -0.9638047
vn 0.05092756 -0.3766901 -0.9249386
vn 0.03397577 -0.08654371 -0.9956686
vn -0.342945 -0.07130986 0.936645
vn -0.6236264 -0.4785395 -0.6181346
vn -0.1388962 -0.6398664 0.7558299
vn -0.1388962 -0.6398664 0.7558299
vn -0.6347281 0.5422367 0.5505449
vn -0.342945 -0.07130986 0.936645
vn 2.660379E-08 0.1820935 0.9832814
vn 2.395162E-08 0.3012067 0.953559
vn -0.3141151 -0.2288519 0.9213895
vn -0.1397796 0.7694685 0.6232015
vn 0.05092756 -0.3766901 -0.9249386
vn -0.3224826 -0.9006553 -0.2912476
vn 4.689917E-09 -0.9491225 -0.3149076
vn -0.3224826 -0.9006553 -0.2912476
vn 3.240755E-08 -0.638256 0.7698243
vn -0.6493945 -0.1107055 0.7523505
vn 0.7159896 0.3165489 -0.6222184
vn 0.6883096 -0.7150677 0.122099
vn 0.556735 -0.8057081 -0.2021901
vn 0.6868528 0.7185767 -0.1090004
vn 0.2429851 -0.8639178 -0.44114
vn 0.7159896 0.3165489 -0.6222184
vn 0.1520766 0.766046 -0.6245371
vn -0.1766923 0.484511 -0.856755
vn 0.1520766 0.766046 -0.6245371
vn -0.2127642 -0.8418238 -0.4960487
vn 0.6883096 -0.7150677 0.122099
vn -0.3463084 -0.8077515 0.4770831
vn -0.7853236 -0.5996639 0.1538512
vn -0.3463084 -0.8077515 0.4770831
vn 0.2429851 -0.8639178 -0.44114
vn -0.3141151 -0.2288519 0.9213895
vn -0.1388962 -0.6398664 0.7558299
vn -0.2127642 -0.8418238 -0.4960487
vn -0.6347281 0.5422367 0.5505449
vn -0.2660347 -0.0175038 -0.9638047
vn -0.1397796 0.7694685 0.6232015
vn -0.659727 0.3578001 -0.6608626
vn -0.3197008 0.7055112 0.6324915
vn -0.2660347 -0.0175038 -0.9638047
vn -0.659727 0.3578001 -0.6608626
vn 0.03397577 -0.08654371 -0.9956686
vn -2.659186E-08 0.8944271 -0.447214
vn 1.530078E-08 0.5903393 0.8071553
vn -0.580963 0.4739734 0.6616883
vn -0.5158462 0.8052462 0.2923724
vn 0.8080615 0.3677943 0.4601783
vn 0.7059764 0.3392978 0.6216708
vn 0.8080615 0.3677943 0.4601783
vn 1.681851E-08 0.547535 0.8367829
vn -0.7087996 0.4207395 0.5661992
vn 0.7059764 0.3392978 0.6216708
vn 0.7096397 0.442118 0.5485828
vn 0.9941407 0.1080933 -6.828494E-08
vn 0.6986393 -0.5036857 -0.5081378
vn 0.811842 -0.4706356 -0.3455647
vn -0.580963 0.4739734 0.6616883
vn -0.6532265 0.7400197 -0.1602058
vn -0.9941455 0.1080494 -9.013568E-09
vn 0.4472136 0.8682033 -0.2149964
vn 0.8386527 0.5348691 -0.1028436
vn -0.5158462 0.8052462 0.2923724
vn 0.7096397 0.442118 0.5485828
vn -0.7077348 0.51643 0.4820909
vn -0.7087996 0.4207395 0.5661992
vn 0.7077348 0.5363071 0.4598764
vn -0.5847232 -0.6152176 -0.5287781
vn -0.9968023 -0.06942857 0.03955832
vn -0.8864286 -0.3458308 -0.3076452
vn -0.9968023 -0.06942857 0.03955832
vn -0.9941455 0.1080494 -9.013568E-09
vn -0.580963 0.4739734 0.6616883
vn 0.707358 -0.5394572 -0.4567611
vn 0.7077348 0.5363071 0.4598764
vn 0.811842 -0.4706356 -0.3455647
vn 0.811842 -0.4706356 -0.3455647
vn -0.7073581 -0.5514456 -0.4422132
vn -0.7977089 -0.4930668 -0.3471972
vn -0.4502324 0.7480982 0.4874834
vn -0.8219099 0.5558169 0.1246267
vn -0.7977089 -0.4930668 -0.3471972
vn -0.7839341 -0.3888464 -0.4839896
vn 0.4523567 -0.7879331 -0.417774
vn 0.8002808 -0.4887036 -0.3474472
vn 0.6986393 -0.5036857 -0.5081378
vn -0.5847232 -0.6152176 -0.5287781
vn -0.5145124 -0.4578654 -0.7250078
vn -0.7839341 -0.3888464 -0.4839896
vn 0.6969984 -0.7125449 -0.08045714
vn 0.6879952 0.6218342 0.3741456
vn 0.6969984 -0.7125449 -0.08045714
vn -0.4502324 0.7480982 0.4874834
vn 0.7082461 0.5880128 0.390677
vn -0.8219099 0.5558169 0.1246267
vn 0.7077348 0.5363071 0.4598764
vn -0.7077348 0.51643 0.4820909
vn 0.7082461 0.5880128 0.390677
vn 0.8002808 -0.4887036 -0.3474472
vn 0.707358 -0.5394572 -0.4567611
vn -0.6133801 0.7887521 -0.04043678
vn 0.6879952 0.6218342 0.3741456
vn 0.5617111 0.558288 0.6105698
vn 0.8002808 -0.4887036 -0.3474472
vn 0.4523567 -0.7879331 -0.417774
vn 0.6969984 -0.7125449 -0.08045714
vn -0.7073581 -0.5514456 -0.4422132
vn -0.7087996 0.4207395 0.5661992
vn -0.5847232 -0.6152176 -0.5287781
vn 0.707358 -0.5394572 -0.4567611
vn -0.7977089 -0.4930668 -0.3471972
vn -0.7839341 -0.3888464 -0.4839896
vn -0.8219099 0.5558169 0.1246267
vn -0.5145124 -0.4578654 -0.7250078
vn -0.2263161 -0.5926719 -0.7729949
vn -0.5145124 -0.4578654 -0.7250078
vn 0.3918823 -0.6653464 0.6354074
vn -0.2586544 -0.8743388 0.4106455
vn -0.2263161 -0.5926719 -0.7729949
vn -0.2361776 -0.2596712 -0.9363712
vn 0.5031855 0.07353363 0.8610443
vn 0.06090469 -0.2675533 0.9616164
vn -0.5536843 -0.5835484 0.5940583
vn 0.5031855 0.07353363 0.8610443
vn -0.7853242 -0.1665918 0.5962492
vn 0.6883101 -0.2517685 0.6803249
vn 0.6868512 0.2648939 -0.6768062
vn 0.427983 0.5923249 -0.6826287
vn 0.6883101 -0.2517685 0.6803249
vn -0.5562261 0.5788754 -0.5962517
vn 0.7159916 -0.3806019 -0.5852337
vn -0.5356289 0.214389 -0.8167859
vn -0.7113126 -0.3881352 -0.5859911
vn -0.5536843 -0.5835484 0.5940583
vn -3.264821E-08 0.2622345 -0.9650043
vn -0.5562261 0.5788754 -0.5962517
vn -0.2458876 0.8136211 -0.5268398
vn -0.7853242 -0.1665918 0.5962492
vn -0.346313 0.009317203 0.9380729
vn -0.3141239 0.6835202 0.6588827
vn -0.1397745 0.9244454 -0.3547733
vn -3.264821E-08 0.2622345 -0.9650043
vn -0.1766736 -0.4997049 -0.8479869
vn -0.2127666 -0.8505073 0.4810071
vn 0.03408179 -0.9653437 -0.2587473
vn -0.6280723 -0.770371 0.1097908
vn 0.03408179 -0.9653437 -0.2587473
vn 0.0509683 -0.9901929 -0.1300787
vn 0.03396514 -0.9083453 -0.4168399
vn -0.3405528 0.7769766 0.5294634
vn -0.6280723 -0.770371 0.1097908
vn -0.1388955 0.3346262 0.9320588
vn -0.1388955 0.3346262 0.9320588
vn -0.638854 0.743808 -0.1965077
vn -0.3405528 0.7769766 0.5294634
vn -5.483232E-09 0.95644 0.2919296
vn -6.604958E-09 0.9658805 0.2589883
vn -0.3141239 0.6835202 0.6588827
vn -0.1397745 0.9244454 -0.3547733
vn 0.0509683 -0.9901929 -0.1300787
vn -0.3333333 -0.6666665 0.666667
vn 3.155944E-08 -0.7071066 0.7071071
vn -0.3333333 -0.6666665 0.666667
vn 2.002415E-08 0.447214 0.8944271
vn -0.6453387 0.6393325 0.4180816
vn 0.03740773 0.9538834 0.2978379
vn 0.3501816 0.9095425 0.2238423
vn 0.3587953 0.901622 0.2415446
vn 0.3207165 0.5517855 0.7698532
vn 0.3501816 0.9095425 0.2238423
vn 0.427983 0.5923249 -0.6826287
vn 0.5031855 0.07353363 0.8610443
vn 0.5617111 0.558288 0.6105698
vn 0.03740773 0.9538834 0.2978379
vn -0.6133801 0.7887521 -0.04043678
vn -0.5356289 0.214389 -0.8167859
vn 0.6868512 0.2648939 -0.6768062
vn -0.7113126 -0.3881352 -0.5859911
vn 0.427983 0.5923249 -0.6826287
vn -0.2361776 -0.2596712 -0.9363712
vn -0.1044194 0.2731494 -0.9562877
vn -0.5352813 0.2326131 -0.812013
vn -0.5145124 -0.4578654 -0.7250078
vn -0.2263161 -0.5926719 -0.7729949
vn 0.3918823 -0.6653464 0.6354074
vn 0.3918823 -0.6653464 0.6354074
vn 0.3207165 0.5517855 0.7698532
vn 0.3918823 -0.6653464 0.6354074
vn 0.06090469 -0.2675533 0.9616164
vn -0.2586544 -0.8743388 0.4106455
vn 0.7159916 -0.3806019 -0.5852337
vn 0.6883101 -0.2517685 0.6803249
vn 0.5567174 -0.5779374 0.5967028
vn 0.6868512 0.2648939 -0.6768062
vn 0.2429783 -0.8139981 0.5276068
vn 0.7159916 -0.3806019 -0.5852337
vn 0.3491195 -0.9051595 -0.2424915
vn -0.1766736 -0.4997049 -0.8479869
vn 0.3491195 -0.9051595 -0.2424915
vn -0.2127666 -0.8505073 0.4810071
vn 0.6883101 -0.2517685 0.6803249
vn -0.346313 0.009317203 0.9380729
vn -0.7853242 -0.1665918 0.5962492
vn -0.346313 0.009317203 0.9380729
vn 0.2429783 -0.8139981 0.5276068
vn -0.3141239 0.6835202 0.6588827
vn -0.1388955 0.3346262 0.9320588
vn -0.2127666 -0.8505073 0.4810071
vn -0.638854 0.743808 -0.1965077
vn -0.7161648 -0.2443953 -0.6537423
vn -0.1397745 0.9244454 -0.3547733
vn -0.6449545 -0.4258834 -0.6345525
vn -0.4472136 0.3783104 -0.8104823
vn -0.7161648 -0.2443953 -0.6537423
vn -0.6449545 -0.4258834 -0.6345525
vn 0.03396514 -0.9083453 -0.4168399
vn -2.959022E-08 -0.01410738 -0.9999006
vn 0.2985782 0.7626568 -0.5737646
vn -0.5942855 0.8029463 -0.04584673
vn -1.482941E-08 1 -3.576279E-07
vn 0.8265462 0.5583783 -0.07095956
vn 0.7058445 0.7081987 0.01543752
vn 0.8265462 0.5583783 -0.07095956
vn -1.646922E-08 0.9984422 -0.05579844
vn -0.7087984 0.7007102 -0.08130308
vn 0.7058445 0.7081987 0.01543752
vn 0.7096377 0.696147 -0.1085993
vn 0.9940127 -2.433555E-08 -0.1092649
vn 0.6993563 -0.6919296 0.1792604
vn 0.8145882 -0.5300413 0.2355893
vn -0.6534984 0.1848083 -0.7340204
vn 0.8389772 0.1186307 -0.5310784
vn -0.7071068 0.1959726 -0.6794077
vn -0.5942855 0.8029463 -0.04584673
vn -0.7071068 0.1959726 -0.6794077
vn -0.994014 -5.381264E-08 -0.1092532
vn 0.7096377 0.696147 -0.1085993
vn -0.7077349 0.6757197 -0.2061898
vn -0.7087984 0.7007102 -0.08130308
vn 0.7077349 0.6664198 -0.2345124
vn -0.5867927 -0.7636367 0.2693204
vn -0.9969752 1.301035E-08 0.0777202
vn -0.88725 -0.4389139 0.1419233
vn -0.9969752 1.301035E-08 0.0777202
vn -0.994014 -5.381264E-08 -0.1092532
vn -0.5942855 0.8029463 -0.04584673
vn 0.7073581 -0.6652955 0.2388024
vn 0.7077349 0.6664198 -0.2345124
vn 0.8145882 -0.5300413 0.2355893
vn 0.8145882 -0.5300413 0.2355893
vn -0.7073581 -0.6586891 0.256463
vn -0.8038648 -0.5396728 0.2501091
vn -0.4463288 0.7972117 -0.4065024
vn -0.8141309 0.3985235 -0.4223388
vn -0.8038648 -0.5396728 0.2501091
vn -0.7871005 -0.6094418 0.09515021
vn 0.5998396 -0.6504794 0.4659069
vn 0.8002806 -0.5452496 0.2495073
vn 0.6993563 -0.6919296 0.1792604
vn -0.5867927 -0.7636367 0.2693204
vn -0.5145121 -0.8568053 0.03409104
vn -0.7871005 -0.6094418 0.09515021
vn 0.6368479 -0.356487 0.6836241
vn 0.5957699 0.6906141 -0.4100128
vn 0.6305156 0.7366901 -0.2444133
vn -0.4463288 0.7972117 -0.4065024
vn -2.653389E-08 0.8957157 -0.4446277
vn -0.8141309 0.3985235 -0.4223388
vn 0.7077349 0.6664198 -0.2345124
vn -0.7077349 0.6757197 -0.2061898
vn -2.653389E-08 0.8957157 -0.4446277
vn -0.6133928 0.3593531 -0.7032884
vn 0.5957699 0.6906141 -0.4100128
vn -0.7073581 -0.6586891 0.256463
vn -0.7087984 0.7007102 -0.08130308
vn -0.5867927 -0.7636367 0.2693204
vn 0.8002806 -0.5452496 0.2495073
vn 1 1.482941E-08 -2.980239E-08
vn 0.5998396 -0.6504794 0.4659069
vn 0.8002806 -0.5452496 0.2495073
vn 0.7073581 -0.6652955 0.2388024
vn 0.7073581 -0.6652955 0.2388024
vn -0.8038648 -0.5396728 0.2501091
vn -0.7871005 -0.6094418 0.09515021
vn -0.8141309 0.3985235 -0.4223388
vn -0.5145121 -0.8568053 0.03409104
vn -0.2898294 0.2546335 -0.9225838
vn 0.315053 0.9440461 -0.09756471
vn 0.3588061 0.6600227 -0.6600215
vn 0.4706815 0.8798512 0.0657342
vn 0.315053 0.9440461 -0.09756471
vn 0.7344786 0.4798654 -0.4798652
vn 0.5031805 0.7824556 0.3668419
vn 0.6305156 0.7366901 -0.2444133
vn -0.2898294 0.2546335 -0.9225838
vn -0.6133928 0.3593531 -0.7032884
vn -0.5145121 -0.8568053 0.03409104
vn -0.2263165 -0.9657663 0.1267931
vn 0.2649787 0.1324872 0.9551092
vn 0.4706815 0.8798512 0.0657342
vn -0.25866 -0.08158194 0.9625174
vn 0.6368479 -0.356487 0.6836241
vn -0.2263165 -0.9657663 0.1267931
vn -0.5145121 -0.8568053 0.03409104
vn 0.2649787 0.1324872 0.9551092
vn -0.25866 -0.08158194 0.9625174
vn -0.2263165 -0.9657663 0.1267931
vn -0.2361693 -0.9407619 -0.2432925
vn 0.5031805 0.7824556 0.3668419
vn 0.315053 0.9440461 -0.09756471
vn -0.5537062 0.2226803 0.8023859
vn 0.5031805 0.7824556 0.3668419
vn -0.7853269 0.433071 0.4423926
vn 0.6883112 0.4632915 0.5582014
vn 0.6868522 -0.4536768 -0.567813
vn 0.7344786 0.4798654 -0.4798652
vn 0.6883112 0.4632915 0.5582014
vn -0.5562373 -0.226899 -0.799448
vn 0.7159866 -0.6971354 0.03695135
vn -0.5356318 -0.6001716 -0.5940478
vn -0.7112932 -0.7015721 0.0431122
vn -0.5537062 0.2226803 0.8023859
vn 0.1520656 -0.9238764 -0.3511817
vn -0.5562373 -0.226899 -0.799448
vn -0.2458814 -0.04941414 -0.9680397
vn -0.7853269 0.433071 0.4423926
vn -0.3463042 0.8170536 0.4609741
vn -0.3141067 0.9123818 -0.2624815
vn -0.1397542 0.1549783 -0.9779829
vn 0.1520656 -0.9238764 -0.3511817
vn -0.1766316 -0.9842383 0.008749696
vn 0.009981771 -0.7070608 0.7070825
vn -0.2665158 -0.8179014 0.5099089
vn -0.6298959 -0.3085957 0.7127413
vn -0.2665158 -0.8179014 0.5099089
vn 0.1010321 -0.703565 0.7034124
vn 0.03398101 -0.815153 0.5782484
vn -0.7112932 -0.7015721 0.0431122
vn -0.2361693 -0.9407619 -0.2432925
vn -0.1044222 -0.6916159 -0.7146773
vn -0.2898294 0.2546335 -0.9225838
vn -0.3436947 0.8406884 -0.41847
vn -0.1389086 0.9745108 0.1761628
vn -0.3055471 0.7128084 0.6313044
vn -0.6298959 -0.3085957 0.7127413
vn -0.1389086 0.9745108 0.1761628
vn -0.7324658 0.06522902 -0.6776718
vn -0.3436947 0.8406884 -0.41847
vn -3.117616E-08 0.7310359 -0.6823392
vn -3.199571E-08 0.6752303 -0.7376071
vn -0.3141067 0.9123818 -0.2624815
vn -0.1397542 0.1549783 -0.9779829
vn 0.7159866 -0.6971354 0.03695135
vn 0.6883112 0.4632915 0.5582014
vn 0.556724 0.2277821 0.7988579
vn 0.6868522 -0.4536768 -0.567813
vn 0.2429952 0.04992893 0.9687418
vn 0.7159866 -0.6971354 0.03695135
vn 0.1520656 -0.9238764 -0.3511817
vn -0.1766316 -0.9842383 0.008749696
vn 0.1520656 -0.9238764 -0.3511817
vn 0.009981771 -0.7070608 0.7070825
vn 0.6883112 0.4632915 0.5582014
vn -0.3463042 0.8170536 0.4609741
vn -0.7853269 0.433071 0.4423926
vn -0.3463042 0.8170536 0.4609741
vn 0.2429952 0.04992893 0.9687418
vn -0.3141067 0.9123818 -0.2624815
vn -0.1389086 0.9745108 0.1761628
vn -0.3055471 0.7128084 0.6313044
vn -0.7324658 0.06522902 -0.6776718
vn -0.2665158 -0.8179014 0.5099089
vn -0.1397542 0.1549783 -0.9779829
vn -0.6556041 -0.7523185 0.06480996
vn -0.3186745 0.1151559 -0.9408432
vn -0.2665158 -0.8179014 0.5099089
vn -0.6556041 -0.7523185 0.06480996
vn 0.03398101 -0.815153 0.5782484
vn -1.590189E-09 -0.872985 -0.4877472
vn 0.2883039 -0.1670187 -0.9428604
vn -0.6008568 0.3709497 -0.7080731
vn -0.5158663 -0.1494245 -0.8435369
vn 0.8326209 0.2570167 -0.4905965
vn 0.7094893 0.3678479 -0.6010933
vn 0.8326209 0.2570167 -0.4905965
vn -0.8965025 0.261697 -0.3574885
vn -0.7087998 0.2799574 -0.6474773
vn 0.7094893 0.3678479 -0.6010933
vn 0.7096392 0.2540322 -0.6571758
vn 0.999927 -0.01208251 -2.547917E-08
vn 0.691795 -0.191612 0.6962072
vn 0.8118405 -0.06395309 0.5803664
vn -0.6008568 0.3709497 -0.7080731
vn -0.7071068 -0.4904291 -0.5093911
vn -0.9999269 -0.01209175 3.412455E-08
vn 0.8944272 -0.3101746 -0.3221673
vn -0.5158663 -0.1494245 -0.8435369
vn 0.7096392 0.2540322 -0.6571758
vn -0.7077352 0.1592869 -0.6882867
vn -0.7087998 0.2799574 -0.6474773
vn 0.7077353 0.1301002 -0.6943954
vn -0.5847298 -0.1503527 0.7971733
vn -0.8965025 0.261697 -0.3574885
vn -0.8792636 -0.09946082 0.465836
vn -0.8965025 0.261697 -0.3574885
vn -0.9999269 -0.01209175 3.412455E-08
vn -0.6008568 0.3709497 -0.7080731
vn 0.7073582 -0.1258389 0.6955639
vn 0.7077353 0.1301002 -0.6943954
vn 0.8118405 -0.06395309 0.5803664
vn 0.8118405 -0.06395309 0.5803664
vn -0.7073582 -0.1072376 0.6986735
vn -0.7993571 -0.0572845 0.5981195
vn -0.4483137 0.04844695 -0.8925627
vn -0.9864021 -0.1643503 8.817337E-08
vn -0.7993571 -0.0572845 0.5981195
vn -0.7952254 -0.235817 0.5585759
vn 0.4436802 0.02968008 0.8956937
vn 0.8002806 -0.05653791 0.5969543
vn 0.691795 -0.191612 0.6962072
vn -0.5847298 -0.1503527 0.7971733
vn -0.5194641 -0.40392 0.752998
vn -0.7952254 -0.235817 0.5585759
vn 0.5581657 0.2798934 0.7810959
vn 0.7077353 0.1301002 -0.6943954
vn -0.4483137 0.04844695 -0.8925627
vn -0.7077352 0.1592869 -0.6882867
vn 0.7080116 0.05047632 -0.7043946
vn 0.7265554 0.1064751 -0.6788081
vn 0.7080116 0.05047632 -0.7043946
vn -2.875169E-08 -0.06641562 -0.9977922
vn 0.8002806 -0.05653791 0.5969543
vn 0.7073582 -0.1258389 0.6955639
vn -2.823948E-08 -0.09609269 -0.9953725
vn 0.7265554 0.1064751 -0.6788081
vn 0.4671959 0.1720975 -0.8672431
vn 0.8002806 -0.05653791 0.5969543
vn 0.4436802 0.02968008 0.8956937
vn -0.7073582 -0.1072376 0.6986735
vn -0.7087998 0.2799574 -0.6474773
vn -0.5847298 -0.1503527 0.7971733
vn 0.7073582 -0.1258389 0.6955639
vn -0.7993571 -0.0572845 0.5981195
vn 0.4671959 0.1720975 -0.8672431
vn 0.4601314 0.8332627 0.3065169
vn -0.289827 -0.6716503 -0.6818259
vn -2.823948E-08 -0.09609269 -0.9953725
vn 0.3207155 0.3908257 -0.8627845
vn -0.289827 -0.6716503 -0.6818259
vn 0.3150458 0.3875293 -0.8663529
vn 0.1085651 -0.9507299 -0.2903905
vn 0.3150458 0.3875293 -0.8663529
vn 0.4279965 -0.8873358 -0.1716223
vn 0.8635002 -0.1305556 -0.4871577
vn 0.4279965 -0.8873358 -0.1716223
vn -0.2361601 -0.6810701 0.6930888
vn -0.7112898 -0.3134491 0.6291397
vn -0.5356317 -0.814548 0.2227339
vn 0.6868494 -0.7185829 0.10898
vn 0.4601314 0.8332627 0.3065169
vn 0.3207155 0.3908257 -0.8627845
vn -0.2586672 0.7927812 0.5518963
vn -0.5194641 -0.40392 0.752998
vn -0.8616818 -0.5047298 0.05246314
vn -0.2269466 -0.3661278 0.9024665
vn 0.5581657 0.2798934 0.7810959
vn 0.5581657 0.2798934 0.7810959
vn 0.4436802 0.02968008 0.8956937
vn 0.8635002 -0.1305556 -0.4871577
vn 0.6868494 -0.7185829 0.10898
vn 0.4279965 -0.8873358 -0.1716223
vn 0.6883132 0.7150602 -0.1221236
vn -0.5562373 -0.8057932 -0.2032177
vn 0.7159899 -0.3165814 0.6222016
vn -0.5356317 -0.814548 0.2227339
vn 0.1520655 -0.7660424 0.6245441
vn -0.5562373 -0.8057932 -0.2032177
vn -0.245898 -0.8630673 -0.4411907
vn -0.785328 0.599656 -0.1538598
vn -0.3463092 0.8077415 -0.4770994
vn -0.314098 0.2288776 -0.921389
vn -0.1397561 -0.7694736 -0.6232005
vn 0.1520655 -0.7660424 0.6245441
vn -0.3087532 -0.9321176 0.1892842
vn -0.3429396 0.0712974 -0.936648
vn -0.1388886 0.6398599 -0.755837
vn -0.6346984 -0.5422701 -0.5505464
vn -0.3055328 0.9031585 -0.3015871
vn -0.623597 0.4785252 0.6181751
vn -0.1388886 0.6398599 -0.755837
vn -0.3429396 0.0712974 -0.936648
vn -2.660428E-08 -0.1820697 -0.9832858
vn -2.395131E-08 -0.3012195 -0.953555
vn -0.314098 0.2288776 -0.921389
vn -0.1397561 -0.7694736 -0.6232005
vn 0.7159899 -0.3165814 0.6222016
vn 0.6883132 0.7150602 -0.1221236
vn 0.5567287 0.8057129 0.2021883
vn 0.6868494 -0.7185829 0.10898
vn 0.2429902 0.8639062 0.44116
vn 0.7159899 -0.3165814 0.6222016
vn 0.1520655 -0.7660424 0.6245441
vn 0.0639264 0.2582043 0.963973
vn 0.1520655 -0.7660424 0.6245441
vn 0.009997188 0.2586957 0.9659073
vn 0.6883132 0.7150602 -0.1221236
vn -0.3463092 0.8077415 -0.4770994
vn -0.785328 0.599656 -0.1538598
vn -0.3463092 0.8077415 -0.4770994
vn 0.2429902 0.8639062 0.44116
vn -0.314098 0.2288776 -0.921389
vn -0.1388886 0.6398599 -0.755837
vn -0.3055328 0.9031585 -0.3015871
vn 0.009997188 0.2586957 0.9659073
vn -0.2659752 0.01745527 0.9638219
vn 0.0639264 0.2582043 0.963973
vn -0.623597 0.4785252 0.6181751
vn -0.2659752 0.01745527 0.9638219
vn 0.1010297 0.2573739 0.961016
vn 0.1010405 0.2573714 0.9610156
vn 1.873955E-08 0.4891591 0.8721948
vn -0.3224841 0.9006417 0.2912881
vn -4.687864E-09 0.9491028 0.3149667
vn -0.3224841 0.9006417 0.2912881
vn -3.240747E-08 0.6382645 -0.7698172
vn -0.6494108 0.1106544 -0.7523439
vn 0.2985968 -0.7626004 0.5738301
vn -0.5942767 -0.8029507 0.04588808
vn -0.53045 -0.6773707 0.5096977
vn 0.8265442 -0.5583794 0.0709723
vn 0.7058445 -0.7081987 -0.01543694
vn 0.8265442 -0.5583794 0.0709723
vn -0.8929419 -0.44796 -0.04457344
vn -0.7087984 -0.7007096 0.08130802
vn 0.7058445 -0.7081987 -0.01543694
vn 0.7096376 -0.6961472 0.1085986
vn 0.994011 5.382228E-08 0.1092803
vn 0.699356 0.6919298 -0.1792612
vn 0.8145871 0.5300412 -0.2355933
vn -0.5942767 -0.8029507 0.04588808
vn -0.6534521 -0.1846852 0.7340927
vn -0.9940063 2.435663E-08 0.1093236
vn 0.8389646 -0.1185554 0.531115
vn -0.53045 -0.6773707 0.5096977
vn 0.7096376 -0.6961472 0.1085986
vn -0.707735 -0.6757188 0.2061926
vn -0.7087984 -0.7007096 0.08130802
vn 0.7077351 -0.6664177 0.2345181
vn -0.5867927 0.7636368 -0.26932
vn -0.8929419 -0.44796 -0.04457344
vn -0.88725 0.4389139 -0.1419229
vn -0.8929419 -0.44796 -0.04457344
vn -0.9940063 2.435663E-08 0.1093236
vn -0.5942767 -0.8029507 0.04588808
vn 0.7073581 0.6652954 -0.2388025
vn 0.7077351 -0.6664177 0.2345181
vn 0.8145871 0.5300412 -0.2355933
vn 0.8145871 0.5300412 -0.2355933
vn -0.7073581 0.6586891 -0.2564631
vn -0.803865 0.5396702 -0.2501144
vn -0.9997326 -6.555485E-09 0.0231245
vn -0.814132 -0.3985037 0.4223554
vn -0.803865 0.5396702 -0.2501144
vn -0.7870989 0.6094452 -0.09514219
vn 0.5998267 0.6504833 -0.465918
vn 0.8002806 0.545248 -0.2495107
vn 0.699356 0.6919298 -0.1792612
vn -0.5867927 0.7636368 -0.26932
vn -0.5145126 0.8568082 -0.03400728
vn -0.7870989 0.6094452 -0.09514219
vn 0.6368571 0.3565342 -0.683591
vn 0.7077351 -0.6664177 0.2345181
vn 2.654307E-08 -0.8955125 0.4450367
vn -0.707735 -0.6757188 0.2061926
vn 2.653413E-08 -0.8957103 0.4446384
vn 0.5957785 -0.6906192 0.4099916
vn 2.653413E-08 -0.8957103 0.4446384
vn -0.814132 -0.3985037 0.4223554
vn -0.6133814 -0.3593458 0.7033023
vn 0.5957785 -0.6906192 0.4099916
vn 0.6305295 -0.7366951 0.2443625
vn -0.7073581 0.6586891 -0.2564631
vn -0.7087984 -0.7007096 0.08130802
vn -0.5867927 0.7636368 -0.26932
vn 0.8002806 0.545248 -0.2495107
vn 1 1.482941E-08 -2.980239E-08
vn 0.5998267 0.6504833 -0.465918
vn 0.8002806 0.545248 -0.2495107
vn 0.7073581 0.6652954 -0.2388025
vn -0.803865 0.5396702 -0.2501144
vn 0.7073581 0.6652954 -0.2388025
vn -0.7870989 0.6094452 -0.09514219
vn -0.814132 -0.3985037 0.4223554
vn -0.5145126 0.8568082 -0.03400728
vn 0.6368571 0.3565342 -0.683591
vn 0.4706883 -0.8798431 -0.065795
vn 0.2649773 -0.1324936 -0.9551088
vn 0.6368571 0.3565342 -0.683591
vn 0.3150507 -0.9440467 0.09756605
vn 0.4706883 -0.8798431 -0.065795
vn -0.2586559 0.08153884 -0.9625221
vn -0.2898071 -0.2546841 0.922577
vn 0.1085583 0.2238224 0.9685654
vn 0.4706883 -0.8798431 -0.065795
vn 0.3150507 -0.9440467 0.09756605
vn 0.4279988 0.2950101 0.8542753
vn 0.5031785 -0.7824673 -0.3668195
vn 0.6305295 -0.7366951 0.2443625
vn -0.2898071 -0.2546841 0.922577
vn -0.6133814 -0.3593458 0.7033023
vn -0.5145126 0.8568082 -0.03400728
vn -0.2263189 0.965774 -0.1267308
vn 0.4279988 0.2950101 0.8542753
vn -0.2361685 0.9407548 0.243321
vn -0.7113016 0.7015629 -0.04312359
vn -0.5356305 0.6001619 0.5940588
vn 1.059601E-08 0.7069163 0.7072974
vn 0.5031785 -0.7824673 -0.3668195
vn 0.9932002 -0.08232067 0.08232062
vn 0.4279988 0.2950101 0.8542753
vn 0.9953076 0.06842671 -0.06841478
vn -0.7853283 -0.4330743 -0.4423868
vn -1.059638E-08 -0.7069079 -0.7073057
vn -0.5536954 -0.2227075 -0.8023858
vn -0.2586559 0.08153884 -0.9625221
vn 0.5031785 -0.7824673 -0.3668195
vn 0.3150507 -0.9440467 0.09756605
vn -0.7113016 0.7015629 -0.04312359
vn -0.5536954 -0.2227075 -0.8023858
vn -0.2361685 0.9407548 0.243321
vn -0.7113016 0.7015629 -0.04312359
vn -0.5356305 0.6001619 0.5940588
vn -0.5562279 0.2269267 0.7994467
vn 1.059601E-08 0.7069163 0.7072974
vn 0.7159916 0.6971299 -0.03695856
vn 0.1520782 0.9238986 0.3511179
vn -0.5562279 0.2269267 0.7994467
vn -0.2458966 0.04945204 0.9680339
vn -0.7853283 -0.4330743 -0.4423868
vn -0.3463168 -0.8170514 -0.4609686
vn -0.3141089 -0.9123706 0.2625178
vn -0.1397643 -0.1549578 0.9779848
vn 0.1520782 0.9238986 0.3511179
vn -0.1766484 0.9842352 -0.008760232
vn -0.2127429 0.00870943 -0.9770696
vn 0.0340356 0.7067523 -0.706642
vn 0.01747926 0.7070419 -0.7069558
vn 0.0340356 0.7067523 -0.706642
vn 0.05086954 0.612708 -0.7886707
vn 0.033933 0.815146 -0.5782609
vn -0.3436953 -0.8406917 0.4184626
vn -0.8733776 -0.07066277 -0.4818903
vn -0.1388889 -0.9745046 -0.1762127
vn -0.1388889 -0.9745046 -0.1762127
vn -0.6411818 -0.2163718 0.7362536
vn -0.3436953 -0.8406917 0.4184626
vn 3.117601E-08 -0.7310444 0.6823301
vn 3.199577E-08 -0.6752259 0.7376112
vn -0.3141089 -0.9123706 0.2625178
vn -0.1397643 -0.1549578 0.9779848
vn 0.7159916 0.6971299 -0.03695856
vn 0.9953076 0.06842671 -0.06841478
vn 0.5567384 -0.2277411 -0.7988595
vn 0.9932002 -0.08232067 0.08232062
vn 0.2429927 -0.04993071 -0.9687423
vn 0.7159916 0.6971299 -0.03695856
vn 0.1520782 0.9238986 0.3511179
vn -0.1766484 0.9842352 -0.008760232
vn 0.1520782 0.9238986 0.3511179
vn -0.2127429 0.00870943 -0.9770696
vn -1.059638E-08 -0.7069079 -0.7073057
vn -0.3463168 -0.8170514 -0.4609686
vn -0.7853283 -0.4330743 -0.4423868
vn -0.3463168 -0.8170514 -0.4609686
vn 0.2429927 -0.04993071 -0.9687423
vn -0.3141089 -0.9123706 0.2625178
vn -0.1388889 -0.9745046 -0.1762127
vn -0.2127429 0.00870943 -0.9770696
vn -0.6411818 -0.2163718 0.7362536
vn -0.7339685 0.6718907 0.09926368
vn -0.1397643 -0.1549578 0.9779848
vn -0.6555955 0.7523239 -0.06483413
vn -0.3186877 -0.1151301 0.9408419
vn -0.7339685 0.6718907 0.09926368
vn -0.6555955 0.7523239 -0.06483413
vn 0.033933 0.815146 -0.5782609
vn 1.58813E-09 0.8730153 0.4876932
vn 0.8944272 0.3101736 0.3221682
vn 1 1.482941E-08 -2.980239E-08
vn 0.2882972 0.1670521 0.9428566
vn 0.999927 0.01208286 -3.412137E-08
vn -0.3197008 0.7055112 0.6324915
vn -2.659186E-08 0.8944271 -0.447214
vn 1.058749E-08 0.7071071 0.7071066
vn -0.659727 0.3578001 -0.6608626
vn -0.6236264 -0.4785395 -0.6181346
vn -0.6493945 -0.1107055 0.7523505
vn -0.3224826 -0.9006553 -0.2912476
vn -0.342945 -0.07130986 0.936645
vn 0.1085621 0.9507164 0.2904358
vn -0.5352725 0.8195243 -0.2046052
vn -0.2361718 0.6811111 -0.6930445
vn -0.7113104 0.3134401 -0.6291206
vn 0.8386527 0.5348691 -0.1028436
vn 0.8080615 0.3677943 0.4601783
vn 0.4472136 0.8682033 -0.2149964
vn 0.9941407 0.1080933 -6.828494E-08
vn -0.4472136 0.3783104 -0.8104823
vn -2.959022E-08 -0.01410738 -0.9999006
vn -3.327763E-08 0.4229639 -0.9061466
vn -0.6449545 -0.4258834 -0.6345525
vn -0.6280723 -0.770371 0.1097908
vn -0.6453387 0.6393325 0.4180816
vn -0.3333333 -0.6666665 0.666667
vn -0.3405528 0.7769766 0.5294634
vn -0.1044194 0.2731494 -0.9562877
vn -0.5352813 0.2326131 -0.812013
vn -0.2361776 -0.2596712 -0.9363712
vn -0.7113126 -0.3881352 -0.5859911
vn 0.8389772 0.1186307 -0.5310784
vn 0.8265462 0.5583783 -0.07095956
vn 0.2985782 0.7626568 -0.5737646
vn 0.9940127 -2.433555E-08 -0.1092649
vn -1.058719E-08 -0.7071138 -0.7070999
vn -0.2361693 -0.9407619 -0.2432925
vn -0.1044222 -0.6916159 -0.7146773
vn -0.7112932 -0.7015721 0.0431122
vn -0.5356318 -0.6001716 -0.5940478
vn -1.058719E-08 -0.7071138 -0.7070999
vn 0.6868522 -0.4536768 -0.567813
vn -0.3186745 0.1151559 -0.9408432
vn -1.590189E-09 -0.872985 -0.4877472
vn -3.146758E-08 0.1291108 -0.9916303
vn -0.6556041 -0.7523185 0.06480996
vn -0.322483 0.1980481 0.9256251
vn -9.615818E-09 0.9858082 0.1678766
vn 2.619728E-08 0.2017715 0.9794328
vn -0.6515756 0.6955847 -0.3026735
vn 3.319605E-08 -0.5107693 0.859718
vn -0.322483 0.1980481 0.9256251
vn -0.6298959 -0.3085957 0.7127413
vn -0.6515756 0.6955847 -0.3026735
vn -0.322483 0.1980481 0.9256251
vn -0.3436947 0.8406884 -0.41847
vn 0.8944272 -0.3101746 -0.3221673
vn 0.8326209 0.2570167 -0.4905965
vn 0.2883039 -0.1670187 -0.9428604
vn 0.999927 -0.01208251 -2.547917E-08
vn -2.20381E-08 0.96592 -0.2588412
vn -0.785328 0.599656 -0.1538598
vn 0.6883132 0.7150602 -0.1221236
vn -0.5537072 0.806233 0.2083191
vn -0.2586672 0.7927812 0.5518963
vn -2.20381E-08 0.96592 -0.2588412
vn 0.3150458 0.3875293 -0.8663529
vn -0.7112898 -0.3134491 0.6291397
vn -0.5537072 0.806233 0.2083191
vn -0.2361601 -0.6810701 0.6930888
vn -0.7112898 -0.3134491 0.6291397
vn 0.1085651 -0.9507299 -0.2903905
vn -0.2269466 -0.3661278 0.9024665
vn -0.289827 -0.6716503 -0.6818259
vn -0.2361601 -0.6810701 0.6930888
vn 0.4601314 0.8332627 0.3065169
vn -0.2269466 -0.3661278 0.9024665
vn 0.5581657 0.2798934 0.7810959
vn -0.5194641 -0.40392 0.752998
vn -0.4472136 -0.8944273 3.332001E-07
vn 2.659186E-08 -0.8944271 0.447214
vn -1.058749E-08 -0.7071071 -0.7071066
vn -0.6597278 -0.3577976 0.6608632
vn -0.6346984 -0.5422701 -0.5505464
vn -0.6597278 -0.3577976 0.6608632
vn -0.4472136 -0.8944273 3.332001E-07
vn -0.2659752 0.01745527 0.9638219
vn -0.3087532 -0.9321176 0.1892842
vn -0.2659752 0.01745527 0.9638219
vn -0.1397561 -0.7694736 -0.6232005
vn -0.6597278 -0.3577976 0.6608632
vn 2.980238E-08 3.576279E-07 1
vn 2.659186E-08 -0.8944271 0.447214
vn -0.623597 0.4785252 0.6181751
vn -0.6494108 0.1106544 -0.7523439
vn -0.3224841 0.9006417 0.2912881
vn -0.3429396 0.0712974 -0.936648
vn -0.8616818 -0.5047298 0.05246314
vn -0.7952254 -0.235817 0.5585759
vn -0.9864021 -0.1643503 8.817337E-08
vn -0.5194641 -0.40392 0.752998
vn 0.8386549 -0.5348474 0.102938
vn 0.8080619 -0.3677956 -0.4601765
vn 0.2883065 -0.900091 -0.3266739
vn 0.9941407 -0.1080937 9.029547E-09
vn -0.3186946 -0.8723677 0.3706868
vn 2.958946E-08 0.01415732 0.9998999
vn 2.513635E-08 -0.9233374 0.3839899
vn -0.644961 0.425926 0.6345174
vn -0.3333334 0.6666665 -0.666667
vn -2.002415E-08 -0.447214 -0.8944271
vn -3.155944E-08 0.7071066 -0.7071071
vn -0.6453446 -0.6393445 -0.4180539
vn -0.6388469 -0.7438208 0.1964824
vn -0.644961 0.425926 0.6345174
vn -0.3186946 -0.8723677 0.3706868
vn -0.2642005 0.8449013 0.4651238
vn -0.3087652 -0.3021781 0.9018607
vn -0.2642005 0.8449013 0.4651238
vn -0.1397724 -0.9244517 0.3547576
vn -0.628042 0.7703948 -0.1097959
vn -0.6453446 -0.6393445 -0.4180539
vn -0.3333334 0.6666665 -0.666667
vn -0.3984734 -0.7125516 -0.5774853
vn -0.783935 0.3888758 0.4839644
vn -0.8219038 -0.5558236 -0.1246372
vn -0.5144859 0.4579113 0.7249978
vn 0.8389646 -0.1185554 0.531115
vn 0.8265442 -0.5583794 0.0709723
vn 0.2985968 -0.7626004 0.5738301
vn 0.994011 5.382228E-08 0.1092803
vn -0.3186877 -0.1151301 0.9408419
vn 1.58813E-09 0.8730153 0.4876932
vn 3.146716E-08 -0.1290717 0.9916354
vn -0.6555955 0.7523239 -0.06483413
vn -0.3224952 -0.1980561 -0.9256192
vn 9.617265E-09 -0.9858157 -0.1678318
vn -2.619672E-08 -0.2017985 -0.9794273
vn -0.6515692 -0.6955839 0.3026892
vn 0.05086954 0.612708 -0.7886707
vn -0.3224952 -0.1980561 -0.9256192
vn -0.8733776 -0.07066277 -0.4818903
vn -0.8733776 -0.07066277 -0.4818903
vn -0.6515692 -0.6955839 0.3026892
vn -0.3224952 -0.1980561 -0.9256192
vn -0.3436953 -0.8406917 0.4184626
vn 0.1085583 0.2238224 0.9685654
vn -0.2263189 0.965774 -0.1267308
vn -0.2898071 -0.2546841 0.922577
vn -0.2361685 0.9407548 0.243321
vn 0.2649773 -0.1324936 -0.9551088
vn -0.2263189 0.965774 -0.1267308
vn 0.6368571 0.3565342 -0.683591
vn -0.5145126 0.8568082 -0.03400728
vn -0.3984734 -0.7125516 -0.5774853
vn 5.481451E-09 -0.9564241 -0.2919814
vn 9.965049E-09 -0.9875914 -0.1570457
vn -0.3141049 -0.6834984 -0.6589144
vn -0.1397724 -0.9244517 0.3547576
vn 2.660379E-08 0.1820935 0.9832814
vn -0.3197008 0.7055112 0.6324915
vn 1.058749E-08 0.7071071 0.7071066
vn -0.6347281 0.5422367 0.5505449
vn -0.6493945 -0.1107055 0.7523505
vn 2.395162E-08 0.3012067 0.953559
vn 3.240755E-08 -0.638256 0.7698243
vn -0.342945 -0.07130986 0.936645
vn -5.483232E-09 0.95644 0.2919296
vn -4.353909E-09 0.9458648 0.3245611
vn -3.851012E-09 0.9408144 0.3389225
vn -0.638854 0.743808 -0.1965077
vn -0.6453387 0.6393325 0.4180816
vn -1.161215E-08 0.9944521 0.105192
vn 2.002415E-08 0.447214 0.8944271
vn -0.3405528 0.7769766 0.5294634
vn -3.117616E-08 0.7310359 -0.6823392
vn -0.3186745 0.1151559 -0.9408432
vn -3.146758E-08 0.1291108 -0.9916303
vn -3.094836E-08 0.7438945 -0.6682973
vn -0.6515756 0.6955847 -0.3026735
vn -3.199571E-08 0.6752303 -0.7376071
vn -9.615818E-09 0.9858082 0.1678766
vn -0.3436947 0.8406884 -0.41847
vn -2.660428E-08 -0.1820697 -0.9832858
vn -2.810007E-08 -0.1039138 -0.9945864
vn -1.058749E-08 -0.7071071 -0.7071066
vn -0.6346984 -0.5422701 -0.5505464
vn -0.6494108 0.1106544 -0.7523439
vn -2.395131E-08 -0.3012195 -0.953555
vn -3.240747E-08 0.6382645 -0.7698172
vn -0.3429396 0.0712974 -0.936648
vn -0.644961 0.425926 0.6345174
vn 0.03394768 0.9083707 0.4167858
vn 2.958946E-08 0.01415732 0.9998999
vn -0.2642005 0.8449013 0.4651238
vn 5.481451E-09 -0.9564241 -0.2919814
vn -0.3186946 -0.8723677 0.3706868
vn 2.513635E-08 -0.9233374 0.3839899
vn -0.6388469 -0.7438208 0.1964824
vn 0.05096867 0.9901928 0.1300789
vn -0.3333334 0.6666665 -0.666667
vn -3.155944E-08 0.7071066 -0.7071071
vn -0.628042 0.7703948 -0.1097959
vn -0.6453446 -0.6393445 -0.4180539
vn 9.965049E-09 -0.9875914 -0.1570457
vn -2.002415E-08 -0.447214 -0.8944271
vn 8.269012E-09 -0.9778885 -0.2091271
vn 3.117601E-08 -0.7310444 0.6823301
vn -0.3186877 -0.1151301 0.9408419
vn 3.146716E-08 -0.1290717 0.9916354
vn -0.6411818 -0.2163718 0.7362536
vn -0.6515692 -0.6955839 0.3026892
vn 3.199577E-08 -0.6752259 0.7376112
vn 9.617265E-09 -0.9858157 -0.1678318
vn -0.3436953 -0.8406917 0.4184626
vn 0.08428413 0.6730238 0.7348031
vn 0.4986376 0.4658969 0.7309588
vn 0.08428674 0.4599039 0.8839595
vn 0.498653 0.6392053 0.5854587
vn 1.839489E-08 0.5000014 0.8660249
vn 1.058732E-08 0.7071108 0.7071028
vn -0.0842796 0.5355791 0.8402691
vn -0.08427843 0.7348058 0.6730214
vn -0.4986486 0.5854628 0.639205
vn -0.4986399 0.4000745 0.7689595
vn 0.4986373 0.2608349 0.8266354
vn 0.08428573 0.2154498 0.9728708
vn 2.494886E-08 0.2588149 0.9659271
vn -0.08428083 0.2998461 0.9502575
vn -0.498627 0.1874212 0.8463123
vn 0.4986316 0.0380029 0.8659806
vn 0.08428551 -0.04368011 0.9954839
vn 2.980238E-08 3.576279E-07 1
vn -0.08428068 0.04368615 0.9954841
vn -0.4986314 -0.03800228 0.8659809
vn 0.4986381 -0.1874177 0.8463065
vn 0.08428627 -0.2998413 0.9502586
vn 3.2625E-08 -0.258814 0.9659274
vn -0.08428097 -0.215454 0.9728702
vn -0.4986356 -0.2608372 0.8266358
vn 0.4986364 -0.4000746 0.7689617
vn 0.08428554 -0.5355769 0.84027
vn 3.322432E-08 -0.5000007 0.8660252
vn -0.08428225 -0.4599078 0.8839579
vn -0.4986338 -0.4658975 0.7309611
vn 0.4986442 -0.5854635 0.6392077
vn 0.08428398 -0.7348042 0.6730224
vn 3.155943E-08 -0.7071072 0.7071064
vn -0.08428046 -0.673023 0.734804
vn -0.4986502 -0.6392059 0.5854605
vn 0.498654 -0.7309498 0.4658935
vn 0.08428464 -0.8839564 0.4599103
vn 2.774384E-08 -0.8660253 0.5000004
vn -0.0842829 -0.8402702 0.5355768
vn -0.4986471 -0.7689537 0.4000769
vn 0.49868 -0.8266103 0.2608327
vn 0.08428057 -0.9728702 0.2154543
vn 2.203748E-08 -0.9659264 0.2588172
vn -0.08428149 -0.9502563 0.2998496
vn -0.4986341 -0.8463073 0.1874252
vn 0.4986497 -0.8659704 0.03799867
vn 0.08428051 -0.9954841 -0.04368507
vn 1.482941E-08 -1 3.576279E-07
vn -0.08428046 -0.9954841 0.04368578
vn -0.4986309 -0.8659813 -0.03799766
vn 0.4986342 -0.8463074 -0.1874246
vn 0.08428051 -0.9954841 -0.04368507
vn 0.4986497 -0.8659704 0.03799867
vn 0.08428152 -0.9502565 -0.2998489
vn 6.610763E-09 -0.9659266 -0.2588164
vn 1.482941E-08 -1 3.576279E-07
vn -0.08428054 -0.9728705 -0.2154532
vn -0.08428046 -0.9954841 0.04368578
vn -0.4986309 -0.8659813 -0.03799766
vn -0.4986369 -0.8266342 -0.2608399
vn 0.4986471 -0.768954 -0.4000764
vn 0.08428262 -0.8402704 -0.5355766
vn -2.058581E-09 -0.8660252 -0.5000007
vn -0.08428493 -0.8839567 -0.4599096
vn -0.4986295 -0.7309586 -0.4659058
vn 0.49865 -0.6392083 -0.585458
vn 0.08427835 -0.6730234 -0.734804
vn -1.058767E-08 -0.707103 -0.7071106
vn -0.08428657 -0.7348004 -0.6730263
vn -0.4986334 -0.5854669 -0.6392131
vn 0.4986472 -0.4658951 -0.7309535
vn 0.084278 -0.4599077 -0.8839583
vn -1.839507E-08 -0.4999956 -0.8660281
vn -0.08428523 -0.5355704 -0.8402741
vn -0.4986596 -0.4000741 -0.768947
vn 0.4986329 -0.2608369 -0.8266376
vn 0.08427992 -0.215455 -0.9728701
vn -2.49488E-08 -0.2588179 -0.9659263
vn -0.08428138 -0.2998448 -0.9502578
vn -0.4986603 -0.1874162 -0.8462938
vn 0.4986294 -0.03800284 -0.8659819
vn 0.08428048 0.04368544 -0.9954841
vn -2.980238E-08 -3.576279E-07 -1
vn -0.08428387 -0.04368267 -0.995484
vn -0.4986312 0.03800812 -0.8659807
vn 0.4986347 0.187421 -0.8463078
vn 0.08428129 0.2998464 -0.9502574
vn -3.2625E-08 0.2588141 -0.9659272
vn -0.0842848 0.2154498 -0.9728708
vn -0.4986376 0.2608403 -0.8266336
vn 0.4986323 0.4000758 -0.7689639
vn 0.08428121 0.5355771 -0.8402703
vn -3.322432E-08 0.5000011 -0.8660249
vn -0.08428756 0.4599064 -0.8839581
vn -0.4986306 0.4659059 -0.7309578
vn 0.4986409 0.5854648 -0.6392092
vn 0.08427975 0.7348054 -0.6730217
vn -3.155938E-08 0.707111 -0.7071027
vn -0.08428697 0.6730279 -0.7347988
vn -0.4986332 0.6392137 -0.5854666
vn 0.498652 0.7309506 -0.4658946
vn 0.08428054 0.8839565 -0.4599109
vn -2.774378E-08 0.8660269 -0.4999976
vn -0.08428352 0.8402724 -0.5355734
vn -0.4986468 0.7689551 -0.4000745
vn 0.4986415 0.8266304 -0.260843
vn 0.08427878 0.9728703 -0.2154547
vn -2.203748E-08 0.9659264 -0.2588172
vn -0.08428098 0.9502573 -0.2998466
vn -0.4986348 0.846309 -0.1874156
vn 0.4986312 0.8659809 -0.03800635
vn 0.08428048 0.9954841 0.04368505
vn -1.482941E-08 1 -3.576279E-07
vn -0.08428053 0.9954844 -0.04368018
vn -0.4986317 0.86598 0.03801532
vn 0.4986727 0.8462867 0.1874155
vn 0.0842808 0.9502559 0.2998512
vn -6.610577E-09 0.9659251 0.2588219
vn -0.08428219 0.9728683 0.2154622
vn -0.4986344 0.8266349 0.260842
vn 0.4986673 0.768944 0.4000702
vn 0.08428222 0.8402721 0.535574
vn 2.058556E-09 0.8660256 0.5000001
vn -0.08427909 0.8839574 0.4599093
vn -0.498635 0.7309591 0.4658993
vn 0.4082483 -0.8164968 -0.408248
vn 0.4082483 0.8164968 0.408248
vn 0.2182178 0.4364355 -0.8728718
vn 0.2182179 -0.4364355 0.8728718
vn 0.3396081 -0.03444991 0.939936
vn 0.2182179 -0.4364355 0.8728718
vn 0.2588002 -0.6632622 0.702215
vn 0.3498626 0.0333156 0.9362085
vn 0.2190647 0.08199952 0.9722586
vn 0.4082483 0.8164968 0.408248
vn 0.258793 0.7022229 0.6632566
vn 0.3395959 0.9399404 0.03445044
vn 0.3498496 0.9362134 -0.0333158
vn 0.2190539 0.9722611 -0.08200063
vn 0.2182178 0.4364355 -0.8728718
vn 0.2587945 0.6632589 -0.7022203
vn 0.3396014 0.03445011 -0.9399384
vn 0.3498558 -0.03331706 -0.936211
vn 0.2190586 -0.08200055 -0.9722601
vn 0.4082483 -0.8164968 -0.408248
vn 0.2587946 -0.7022142 -0.6632652
vn 0.3396018 -0.9399385 -0.0344439
vn 0.3498536 -0.9362122 0.03330962
vn 0.2190603 -0.9722595 0.0820009
vn -1 -1.482941E-08 2.980239E-08
vn -0.9739466 -0.170613 0.1493965
vn -0.9739468 -0.2147976 0.07273124
vn -0.9739468 -0.2262801 -0.01500337
vn -0.9739453 -0.2033239 -0.1004494
vn -0.9739442 -0.1494099 -0.1706147
vn -0.9739439 -0.07273699 -0.2148087
vn -0.9739439 0.01500399 -0.2262919
vn -0.9739441 0.1004578 -0.2033246
vn -0.9739458 0.1706212 -0.1493923
vn -0.9739466 0.2148007 -0.07272376
vn -0.9739468 0.2262801 0.01500343
vn -0.9739464 0.2033157 0.1004544
vn -0.9739465 0.1493956 0.1706138
vn -0.9739468 0.0727312 0.2147976
vn -0.9739469 -0.01500955 0.2262786
vn -0.9739463 -0.1004568 0.2033153
vn -0.5646022 -0.5437306 0.6209521
vn -0.5646025 -0.2647226 0.7817584
vn -0.5646042 0.05459753 0.8235542
vn -0.564603 0.3656111 0.7399678
vn -0.5646021 0.62095 0.5437332
vn -0.5646032 0.7817611 0.2647131
vn -0.5646034 0.823554 -0.05460532
vn -0.5646012 0.7399722 -0.3656047
vn -0.5646027 -0.73997 0.3656068
vn -0.5646035 -0.823554 0.05460537
vn -0.5646029 -0.7817619 -0.2647111
vn -0.5645979 -0.6209618 -0.543724
vn -0.5645946 -0.3656099 -0.7399747
vn -0.5645945 -0.05460428 -0.8235604
vn -0.5645953 0.2647125 -0.781767
vn -0.5645962 0.5437306 -0.6209576
vn 0.7131646 -0.3105223 0.6284683
vn 0.713164 -0.527384 0.4618046
vn 0.7131639 -0.527392 0.4617956
vn 0.7131642 -0.3105212 0.6284692
vn 0.2309932 -0.289225 0.9289732
vn 0.7131648 -0.04637863 0.6994606
vn 0.3006748 0.03351417 0.9531378
vn 0.7131649 0.2248303 0.6639633
vn 0.7131649 -0.04638397 0.6994601
vn 0.7131635 0.224825 0.6639666
vn -0.5646022 -0.5437306 0.6209521
vn 0.7131646 -0.3105223 0.6284683
vn -0.5646025 -0.2647226 0.7817584
vn -0.5646042 0.05459753 0.8235542
vn -0.564603 0.3656111 0.7399678
vn 0.7131649 -0.04638397 0.6994601
vn 0.7131649 -0.04638397 0.6994601
vn 0.7131642 -0.3105212 0.6284692
vn 0.7131646 -0.3105223 0.6284683
vn 0.7131648 -0.04637863 0.6994606
vn 0.1838709 -0.7531381 0.6316445
vn 0.2309932 -0.289225 0.9289732
vn 0.713164 -0.527384 0.4618046
vn 0.7131639 -0.527392 0.4617956
vn 0.7131656 -0.6639678 0.2248148
vn 0.7131642 -0.6639659 0.2248253
vn -0.5646025 -0.2647226 0.7817584
vn -0.5646042 0.05459753 0.8235542
vn 0.7131646 -0.3105223 0.6284683
vn -0.5646027 -0.73997 0.3656068
vn -0.5646022 -0.5437306 0.6209521
vn 0.7131642 -0.6639659 0.2248253
vn 0.7131635 0.4618001 0.5273884
vn 0.7131635 0.224825 0.6639666
vn 0.7131649 0.2248303 0.6639633
vn 0.7131655 0.4617962 0.5273892
vn -0.564603 0.3656111 0.7399678
vn -0.5646021 0.62095 0.5437332
vn 0.7131649 0.2248303 0.6639633
vn 0.7131646 0.6284674 0.3105238
vn 0.7131655 0.4617962 0.5273892
vn 0.7131635 0.4618001 0.5273884
vn 0.7131635 0.6284741 0.3105128
vn -0.5646021 0.62095 0.5437332
vn -0.5646032 0.7817611 0.2647131
vn 0.7131635 0.4618001 0.5273884
vn 0.7131644 0.699461 0.04637729
vn 0.7131635 0.6284741 0.3105128
vn 0.7131646 0.6284674 0.3105238
vn 0.7131648 0.6994607 0.04637861
vn -0.5646032 0.7817611 0.2647131
vn -0.5646034 0.823554 -0.05460532
vn 0.7131646 0.6284674 0.3105238
vn 0.7131649 0.6639633 -0.2248303
vn 0.7131648 0.6994607 0.04637861
vn 0.7131644 0.699461 0.04637729
vn 0.7131642 0.6639645 -0.2248292
vn -0.5646034 0.823554 -0.05460532
vn -0.5646012 0.7399722 -0.3656047
vn 0.7131644 0.699461 0.04637729
vn 0.7131643 0.5273843 -0.4618038
vn 0.7131642 0.6639645 -0.2248292
vn 0.7131649 0.6639633 -0.2248303
vn 0.7131642 0.5273918 -0.4617953
vn -0.5646012 0.7399722 -0.3656047
vn -0.5645962 0.5437306 -0.6209576
vn 0.7131649 0.6639633 -0.2248303
vn 0.7131642 0.3105173 -0.6284713
vn 0.7131642 0.5273918 -0.4617953
vn 0.7131643 0.5273843 -0.4618038
vn 0.713164 0.3105192 -0.6284705
vn -0.5645962 0.5437306 -0.6209576
vn -0.5645953 0.2647125 -0.781767
vn 0.7131643 0.5273843 -0.4618038
vn 0.7131644 0.04637726 -0.6994612
vn 0.713164 0.3105192 -0.6284705
vn 0.7131642 0.3105173 -0.6284713
vn 0.713165 0.04637698 -0.6994606
vn -0.5645953 0.2647125 -0.781767
vn -0.5645945 -0.05460428 -0.8235604
vn 0.7131642 0.3105173 -0.6284713
vn 0.7131642 -0.2248239 -0.6639662
vn 0.713165 0.04637698 -0.6994606
vn 0.7131644 0.04637726 -0.6994612
vn 0.7131643 -0.2248347 -0.6639625
vn -0.5645945 -0.05460428 -0.8235604
vn -0.5645946 -0.3656099 -0.7399747
vn 0.7131644 0.04637726 -0.6994612
vn 0.7131646 -0.4617993 -0.5273877
vn 0.7131643 -0.2248347 -0.6639625
vn 0.7131642 -0.2248239 -0.6639662
vn 0.7131634 -0.4617941 -0.5273939
vn -0.5645946 -0.3656099 -0.7399747
vn -0.5645979 -0.6209618 -0.543724
vn 0.7131642 -0.2248239 -0.6639662
vn 0.7131642 -0.6284712 -0.3105173
vn 0.7131634 -0.4617941 -0.5273939
vn 0.7131646 -0.4617993 -0.5273877
vn 0.7131659 -0.628467 -0.3105217
vn -0.5645979 -0.6209618 -0.543724
vn -0.5646029 -0.7817619 -0.2647111
vn 0.7131646 -0.4617993 -0.5273877
vn 0.7131644 -0.699461 -0.04637733
vn 0.7131659 -0.628467 -0.3105217
vn 0.7131642 -0.6284712 -0.3105173
vn 0.7131625 -0.6994634 -0.04637005
vn -0.5646029 -0.7817619 -0.2647111
vn -0.5646035 -0.823554 0.05460537
vn 0.7131642 -0.6284712 -0.3105173
vn 0.7131642 -0.6639659 0.2248253
vn 0.7131625 -0.6994634 -0.04637005
vn 0.7131644 -0.699461 -0.04637733
vn 0.7131656 -0.6639678 0.2248148
vn -0.5646035 -0.823554 0.05460537
vn -0.5646027 -0.73997 0.3656068
vn 0.7131644 -0.699461 -0.04637733
vn 1 1.482941E-08 -2.980239E-08
vn 0.7278702 -0.463149 -0.505666
vn 1 1.482941E-08 -2.980239E-08
vn 0.4869342 -0.7564186 -0.4367221
vn 0.7278641 -0.6694996 -0.1482712
vn 1 1.482941E-08 -2.980239E-08
vn 0.7278534 -0.6850736 0.03006335
vn 1 1.482941E-08 -2.980239E-08
vn 0.72786 -0.6539429 0.2063456
vn 1 1.482941E-08 -2.980239E-08
vn 0.7278641 -0.5782531 0.3685609
vn 1 1.482941E-08 -2.980239E-08
vn 0.7278601 -0.4631573 0.5056728
vn 1 1.482941E-08 -2.980239E-08
vn 0.7278696 -0.316497 0.6083055
vn 1 1.482941E-08 -2.980239E-08
vn 0.7278649 -0.148271 0.6694987
vn 1 1.482941E-08 -2.980239E-08
vn 0.7278591 0.03006601 0.6850674
vn 1 1.482941E-08 -2.980239E-08
vn 0.7278658 0.2063434 0.6539372
vn 1 1.482941E-08 -2.980239E-08
vn 0.727856 0.3685703 0.5782575
vn 1 1.482941E-08 -2.980239E-08
vn 0.727856 0.5056769 0.4631591
vn 1 1.482941E-08 -2.980239E-08
vn 0.7278557 0.6083199 0.3165015
vn 1 1.482941E-08 -2.980239E-08
vn 0.7278548 0.6695099 0.1482694
vn 1 1.482941E-08 -2.980239E-08
vn 0.7278534 0.6850736 -0.03006338
vn 1 1.482941E-08 -2.980239E-08
vn 0.7278557 0.6539462 -0.2063506
vn 1 1.482941E-08 -2.980239E-08
vn 0.7278593 0.5782553 -0.3685671
vn 1 1.482941E-08 -2.980239E-08
vn 0.7278674 0.4631524 -0.5056669
vn 1 1.482941E-08 -2.980239E-08
vn 0.727865 0.3164937 -0.6083127
vn 1 1.482941E-08 -2.980239E-08
vn 0.72786 0.1482686 -0.6695046
vn 1 1.482941E-08 -2.980239E-08
vn 0.7278644 -0.03006292 -0.6850619
vn 1 1.482941E-08 -2.980239E-08
vn 0.7278561 -0.2063542 -0.6539446
vn 1 1.482941E-08 -2.980239E-08
vn 0.9006351 -0.2172865 -0.3763549
vn 1 1.482941E-08 -2.980239E-08
vn -0.4122719 -0.4555314 -0.7890015
vn -0.6912404 -0.5328836 -0.4880799
vn -1 -1.482941E-08 2.980239E-08
vn -0.6912516 -0.1562487 -0.7055194
vn -1 -1.482941E-08 2.980239E-08
vn -0.6912475 0.03168335 -0.7219232
vn -1 -1.482941E-08 2.980239E-08
vn -0.691251 0.2174464 -0.689122
vn -1 -1.482941E-08 2.980239E-08
vn -0.6912434 0.3883993 -0.6093674
vn -1 -1.482941E-08 2.980239E-08
vn -0.6912493 0.5328794 -0.4880719
vn -1 -1.482941E-08 2.980239E-08
vn -0.6912559 0.641036 -0.3335237
vn -1 -1.482941E-08 2.980239E-08
vn -0.6912578 0.7055146 -0.1562433
vn -1 -1.482941E-08 2.980239E-08
vn -0.6912584 0.721913 0.03167868
vn -1 -1.482941E-08 2.980239E-08
vn -0.6912569 0.6891156 0.2174485
vn -1 -1.482941E-08 2.980239E-08
vn -0.691256 0.6093569 0.3883933
vn -1 -1.482941E-08 2.980239E-08
vn -0.691256 0.488068 0.5328739
vn -1 -1.482941E-08 2.980239E-08
vn -0.6912505 0.3335218 0.6410431
vn -1 -1.482941E-08 2.980239E-08
vn -0.6912465 0.1562448 0.7055253
vn -1 -1.482941E-08 2.980239E-08
vn -0.6912529 -0.03167944 0.7219182
vn -1 -1.482941E-08 2.980239E-08
vn -0.6912409 -0.2174571 0.6891289
vn -1 -1.482941E-08 2.980239E-08
vn -0.6912467 -0.3883998 0.6093634
vn -1 -1.482941E-08 2.980239E-08
vn -0.6912524 -0.5328774 0.4880696
vn -1 -1.482941E-08 2.980239E-08
vn -0.691247 -0.6410471 0.3335211
vn -1 -1.482941E-08 2.980239E-08
vn -0.6912578 -0.7055147 0.1562434
vn -1 -1.482941E-08 2.980239E-08
vn -0.6912534 -0.7219176 -0.03168301
vn -1 -1.482941E-08 2.980239E-08
vn -0.6912437 -0.6891268 -0.2174547
vn -1 -1.482941E-08 2.980239E-08
vn -0.8914638 -0.3923878 -0.2265487
vn -1 -1.482941E-08 2.980239E-08
vn -1 -1.482941E-08 2.980239E-08
vn 0.5630419 -0.6094339 -0.5581884
vn -0.07835354 -0.8406782 -0.5358369
vn -0.0783506 -0.6733512 -0.7351596
vn 0.5630545 -0.7331262 -0.381439
vn -1.05876E-08 -0.7071047 -0.707109
vn -2.058725E-09 -0.8660231 -0.5000045
vn 0.078348 -0.7351605 -0.6733505
vn 0.07835078 -0.8843829 -0.4601395
vn -0.5630885 -0.6968743 -0.4441819
vn -0.5630847 -0.558174 -0.6094075
vn -0.5630819 -0.7880954 -0.248686
vn 0.07835098 -0.9733422 -0.2155602
vn 6.610505E-09 -0.9659246 -0.2588241
vn -0.07835378 -0.9507175 -0.2999952
vn 0.5630849 -0.8068495 -0.1786882
vn -0.5630841 -0.825605 -0.03623531
vn 0.07835023 -0.9959676 0.04370474
vn 1.482941E-08 -1 3.576279E-07
vn -0.07835194 -0.9959673 -0.04370786
vn 0.5630852 -0.8256042 0.03623322
vn -0.5630572 -0.806869 0.1786878
vn 0.07834859 -0.9507197 0.2999896
vn 2.203752E-08 -0.9659261 0.2588187
vn -0.07835067 -0.9733422 0.215561
vn 0.5630835 -0.7880957 0.2486808
vn -0.56304 -0.7331383 0.3814371
vn 0.07834877 -0.8406823 0.535831
vn 2.774381E-08 -0.8660263 0.4999988
vn -0.07834795 -0.8843859 0.460134
vn 0.5630797 -0.6968817 0.4441816
vn -0.5630395 -0.609434 0.5581908
vn 0.07835197 -0.6733496 0.7351608
vn 3.155937E-08 -0.7071113 0.7071024
vn -0.078349 -0.7351615 0.6733493
vn 0.5630713 -0.5581803 0.6094142
vn -0.5630416 -0.4441953 0.6969038
vn 0.07835381 -0.4601325 0.8843861
vn 3.322432E-08 -0.5000005 0.8660253
vn -0.07834864 -0.5358377 0.8406782
vn 0.5630437 -0.3814413 0.7331334
vn -0.5630424 -0.2486921 0.7881216
vn 0.07835229 -0.215561 0.9733419
vn 3.262504E-08 -0.2588208 0.9659255
vn -0.07834852 -0.2999947 0.9507181
vn 0.5630425 -0.1786888 0.8068788
vn -0.5630404 -0.03623449 0.8256348
vn 0.07835221 0.04370218 0.9959675
vn 2.980238E-08 3.576279E-07 1
vn -0.07835068 -0.04370495 0.9959675
vn 0.5630438 0.0362335 0.8256325
vn -0.5630386 0.1786918 0.806881
vn 0.07835277 0.2999911 0.9507189
vn 2.494876E-08 0.2588196 0.9659258
vn -0.07834823 0.2155581 0.973343
vn 0.5630456 0.2486875 0.7881207
vn -0.5630399 0.3814358 0.7331392
vn 0.07835085 0.5358322 0.8406814
vn 1.839484E-08 0.5000027 0.866024
vn -0.07834855 0.4601374 0.8843842
vn 0.5630622 0.4441932 0.6968884
vn -0.5630406 0.5581888 0.6094348
vn 0.0783492 0.7351584 0.6733528
vn 1.058765E-08 0.7071035 0.7071102
vn -0.07834781 0.6733492 0.7351615
vn 0.563084 0.6094125 0.5581694
vn -0.5630407 0.6969056 0.4441937
vn 0.07835312 0.8843859 0.4601332
vn 2.058746E-09 0.8660227 0.500005
vn -0.07835031 0.840678 0.5358375
vn 0.5630821 0.7331118 0.3814259
vn -0.5630448 0.7881213 0.2486877
vn 0.07835318 0.9733422 0.2155598
vn -6.610615E-09 0.9659255 0.2588208
vn -0.07835212 0.9507175 0.2999957
vn 0.5630859 0.8068489 0.178688
vn -0.5630718 0.8256131 0.03623804
vn 0.07835149 0.9959673 -0.04370904
vn -1.482941E-08 1 -3.576279E-07
vn -0.07835175 0.9959674 0.04370678
vn 0.5630852 0.8256043 -0.03623373
vn -0.5630859 0.8068487 -0.1786886
vn 0.07835057 0.9507173 -0.2999965
vn -2.203758E-08 0.9659254 -0.2588211
vn -0.078352 0.9733424 -0.2155595
vn 0.5630698 0.7881036 -0.248687
vn -0.5630821 0.7331115 -0.3814264
vn 0.07834863 0.8406788 -0.5358368
vn -2.774389E-08 0.866024 -0.5000027
vn -0.07835072 0.884387 -0.4601316
vn 0.5630386 0.6969053 -0.4441967
vn -0.5630836 0.6094126 -0.5581695
vn 0.07834633 0.6733509 -0.7351604
vn -3.155944E-08 0.7071066 -0.7071071
vn -0.0783506 0.7351599 -0.6733507
vn 0.5630427 0.5581923 -0.6094297
vn -0.5630848 0.4441805 -0.6968781
vn 0.07834577 0.4601335 -0.8843865
vn -3.322432E-08 0.5000021 -0.8660244
vn -0.07835046 0.535838 -0.8406777
vn 0.5630399 0.3814394 -0.7331372
vn -0.5630814 0.2486741 -0.7880993
vn 0.07834867 0.2155578 -0.973343
vn -3.262503E-08 0.2588188 -0.965926
vn -0.078352 0.2999893 -0.9507195
vn 0.5630377 0.1786903 -0.806882
vn -0.5630823 0.03623316 -0.8256062
vn 0.07835001 -0.04370527 -0.9959675
vn -2.980238E-08 -3.576279E-07 -1
vn -0.07835201 0.04370819 -0.9959673
vn 0.5630387 -0.03623023 -0.8256361
vn -0.5630824 -0.1786847 -0.806852
vn 0.07834654 -0.2999976 -0.9507173
vn -2.494866E-08 -0.2588237 -0.9659247
vn -0.0783534 -0.2155554 -0.9733431
vn 0.5630382 -0.2486882 -0.7881258
vn -0.563083 -0.3814285 -0.7331098
vn 0.07834564 -0.5358388 -0.8406777
vn -1.839478E-08 -0.5000045 -0.8660229
vn -0.07835146 -0.4601348 -0.8843852
vn 0.5630425 -0.4441965 -0.6969023
vn -0.9802691 0.1062441 0.1666872
vn -0.5630847 -0.558174 -0.6094075
vn -0.9802665 0.1457749 0.1335188
vn -0.563083 -0.3814285 -0.7331098
vn -0.4986486 0.5854628 0.639205
vn -0.4986399 0.4000745 0.7689595
vn -0.9802665 0.1457749 0.1335188
vn -0.980266 0.05948432 0.1885206
vn -0.563083 -0.3814285 -0.7331098
vn -0.9802691 0.1062441 0.1666872
vn -0.5630824 -0.1786847 -0.806852
vn -0.4986399 0.4000745 0.7689595
vn -0.498627 0.1874212 0.8463123
vn -0.9802691 0.1062441 0.1666872
vn -0.9802639 0.00866743 0.197503
vn -0.5630824 -0.1786847 -0.806852
vn -0.980266 0.05948432 0.1885206
vn -0.5630823 0.03623316 -0.8256062
vn -0.498627 0.1874212 0.8463123
vn -0.4986314 -0.03800228 0.8659809
vn -0.980266 0.05948432 0.1885206
vn -0.9802657 -0.04274312 0.1930084
vn -0.5630823 0.03623316 -0.8256062
vn -0.9802639 0.00866743 0.197503
vn -0.5630814 0.2486741 -0.7880993
vn -0.4986314 -0.03800228 0.8659809
vn -0.4986356 -0.2608372 0.8266358
vn -0.9802639 0.00866743 0.197503
vn -0.9802657 -0.09124106 0.1753688
vn -0.5630814 0.2486741 -0.7880993
vn -0.9802657 -0.04274312 0.1930084
vn -0.5630848 0.4441805 -0.6968781
vn -0.4986356 -0.2608372 0.8266358
vn -0.4986338 -0.4658975 0.7309611
vn -0.9802657 -0.04274312 0.1930084
vn -0.9802672 -0.1335151 0.1457736
vn -0.5630848 0.4441805 -0.6968781
vn -0.9802657 -0.09124106 0.1753688
vn -0.5630836 0.6094126 -0.5581695
vn -0.4986338 -0.4658975 0.7309611
vn -0.4986502 -0.6392059 0.5854605
vn -0.9802657 -0.09124106 0.1753688
vn -0.9802698 -0.1666846 0.1062416
vn -0.5630836 0.6094126 -0.5581695
vn -0.9802672 -0.1335151 0.1457736
vn -0.5630821 0.7331115 -0.3814264
vn -0.4986502 -0.6392059 0.5854605
vn -0.4986471 -0.7689537 0.4000769
vn -0.9802672 -0.1335151 0.1457736
vn -0.9802663 -0.1885188 0.05948697
vn -0.5630821 0.7331115 -0.3814264
vn -0.9802698 -0.1666846 0.1062416
vn -0.5630859 0.8068487 -0.1786886
vn -0.4986471 -0.7689537 0.4000769
vn -0.4986341 -0.8463073 0.1874252
vn -0.9802698 -0.1666846 0.1062416
vn -0.9802635 -0.197505 0.008672315
vn -0.5630859 0.8068487 -0.1786886
vn -0.9802663 -0.1885188 0.05948697
vn -0.5630718 0.8256131 0.03623804
vn -0.4986341 -0.8463073 0.1874252
vn -0.4986309 -0.8659813 -0.03799766
vn -0.9802663 -0.1885188 0.05948697
vn -0.9802704 -0.1929875 -0.04272924
vn -0.5630718 0.8256131 0.03623804
vn -0.9802635 -0.197505 0.008672315
vn -0.5630448 0.7881213 0.2486877
vn -0.4986309 -0.8659813 -0.03799766
vn -0.4986369 -0.8266342 -0.2608399
vn -0.9802635 -0.197505 0.008672315
vn -0.980274 -0.1753312 -0.09122424
vn -0.5630448 0.7881213 0.2486877
vn -0.9802704 -0.1929875 -0.04272924
vn -0.5630407 0.6969056 0.4441937
vn -0.4986369 -0.8266342 -0.2608399
vn -0.4986295 -0.7309586 -0.4659058
vn -0.9802704 -0.1929875 -0.04272924
vn -0.9802728 -0.1457512 -0.1334986
vn -0.5630407 0.6969056 0.4441937
vn -0.980274 -0.1753312 -0.09122424
vn -0.5630406 0.5581888 0.6094348
vn -0.4986295 -0.7309586 -0.4659058
vn -0.4986334 -0.5854669 -0.6392131
vn -0.980274 -0.1753312 -0.09122424
vn -0.9802768 -0.1062246 -0.1666546
vn -0.5630406 0.5581888 0.6094348
vn -0.9802728 -0.1457512 -0.1334986
vn -0.5630399 0.3814358 0.7331392
vn -0.4986334 -0.5854669 -0.6392131
vn -0.4986596 -0.4000741 -0.768947
vn -0.9802728 -0.1457512 -0.1334986
vn -0.9802833 -0.05946223 -0.1884379
vn -0.5630399 0.3814358 0.7331392
vn -0.9802768 -0.1062246 -0.1666546
vn -0.5630386 0.1786918 0.806881
vn -0.4986596 -0.4000741 -0.768947
vn -0.4986603 -0.1874162 -0.8462938
vn -0.9802768 -0.1062246 -0.1666546
vn -0.9802786 -0.008660172 -0.1974314
vn -0.5630386 0.1786918 0.806881
vn -0.9802833 -0.05946223 -0.1884379
vn -0.5630404 -0.03623449 0.8256348
vn -0.4986603 -0.1874162 -0.8462938
vn -0.4986312 0.03800812 -0.8659807
vn -0.9802833 -0.05946223 -0.1884379
vn -0.9802757 0.04273289 -0.1929598
vn -0.5630404 -0.03623449 0.8256348
vn -0.9802786 -0.008660172 -0.1974314
vn -0.5630424 -0.2486921 0.7881216
vn -0.4986312 0.03800812 -0.8659807
vn -0.4986376 0.2608403 -0.8266336
vn -0.9802786 -0.008660172 -0.1974314
vn -0.9802747 0.09122212 -0.175328
vn -0.5630424 -0.2486921 0.7881216
vn -0.9802757 0.04273289 -0.1929598
vn -0.5630416 -0.4441953 0.6969038
vn -0.4986376 0.2608403 -0.8266336
vn -0.4986306 0.4659059 -0.7309578
vn -0.9802757 0.04273289 -0.1929598
vn -0.9802728 0.1334987 -0.1457512
vn -0.5630416 -0.4441953 0.6969038
vn -0.9802747 0.09122212 -0.175328
vn -0.5630395 -0.609434 0.5581908
vn -0.4986306 0.4659059 -0.7309578
vn -0.4986332 0.6392137 -0.5854666
vn -0.9802747 0.09122212 -0.175328
vn -0.9802776 0.1666515 -0.106222
vn -0.5630395 -0.609434 0.5581908
vn -0.9802728 0.1334987 -0.1457512
vn -0.56304 -0.7331383 0.3814371
vn -0.4986332 0.6392137 -0.5854666
vn -0.4986468 0.7689551 -0.4000745
vn -0.9802728 0.1334987 -0.1457512
vn -0.9802772 0.1884692 -0.05946298
vn -0.56304 -0.7331383 0.3814371
vn -0.9802776 0.1666515 -0.106222
vn -0.5630572 -0.806869 0.1786878
vn -0.4986468 0.7689551 -0.4000745
vn -0.4986348 0.846309 -0.1874156
vn -0.9802776 0.1666515 -0.106222
vn -0.9802673 0.1974872 -0.008655643
vn -0.5630572 -0.806869 0.1786878
vn -0.9802772 0.1884692 -0.05946298
vn -0.5630841 -0.825605 -0.03623531
vn -0.4986348 0.846309 -0.1874156
vn -0.4986317 0.86598 0.03801532
vn -0.9802772 0.1884692 -0.05946298
vn -0.9802657 0.1930075 0.04274515
vn -0.5630841 -0.825605 -0.03623531
vn -0.9802673 0.1974872 -0.008655643
vn -0.5630819 -0.7880954 -0.248686
vn -0.4986317 0.86598 0.03801532
vn -0.4986344 0.8266349 0.260842
vn -0.9802673 0.1974872 -0.008655643
vn -0.9802644 0.1753747 0.09124431
vn -0.5630819 -0.7880954 -0.248686
vn -0.9802657 0.1930075 0.04274515
vn -0.5630885 -0.6968743 -0.4441819
vn -0.4986344 0.8266349 0.260842
vn -0.498635 0.7309591 0.4658993
vn -0.9802657 0.1930075 0.04274515
vn -0.9802665 0.1457749 0.1335188
vn -0.5630885 -0.6968743 -0.4441819
vn -0.9802644 0.1753747 0.09124431
vn -0.5630847 -0.558174 -0.6094075
vn -0.498635 0.7309591 0.4658993
vn -0.9802665 0.1457749 0.1335188
vn -0.4986486 0.5854628 0.639205
vn 0.7131635 0.224825 0.6639666
vn 0.3006748 0.03351417 0.9531378
vn 0.7131648 -0.04637863 0.6994606
vn 0.2900678 0.3447295 0.8927612
vn 0.7131655 0.4617962 0.5273892
vn 0.2900678 0.3447295 0.8927612
vn 0.7131635 0.224825 0.6639666
vn 0.183872 0.6316488 0.7531342
vn 0.7131635 0.6284741 0.3105128
vn 0.183872 0.6316488 0.7531342
vn 0.7131655 0.4617962 0.5273892
vn -4.487778E-09 0.947174 0.3207207
vn 0.7131648 0.6994607 0.04637861
vn -4.487778E-09 0.947174 0.3207207
vn 0.7131635 0.6284741 0.3105128
vn -1.676869E-08 0.9978091 -0.06616173
vn 0.7131642 0.6639645 -0.2248292
vn -1.676869E-08 0.9978091 -0.06616173
vn 0.7131648 0.6994607 0.04637861
vn 0.2900545 0.892764 -0.3447333
vn 0.7131642 0.5273918 -0.4617953
vn 0.2900545 0.892764 -0.3447333
vn 0.7131642 0.6639645 -0.2248292
vn 0.1838666 0.7531397 -0.6316438
vn 0.713164 0.3105192 -0.6284705
vn 0.1838666 0.7531397 -0.6316438
vn 0.7131642 0.5273918 -0.4617953
vn 0.2309876 0.2892186 -0.9289766
vn 0.713165 0.04637698 -0.6994606
vn 0.2309876 0.2892186 -0.9289766
vn 0.713164 0.3105192 -0.6284705
vn 0.3006691 -0.0335177 -0.9531395
vn 0.7131643 -0.2248347 -0.6639625
vn 0.3006691 -0.0335177 -0.9531395
vn 0.713165 0.04637698 -0.6994606
vn 0.2900605 -0.3447373 -0.8927605
vn 0.7131634 -0.4617941 -0.5273939
vn 0.2900605 -0.3447373 -0.8927605
vn 0.7131643 -0.2248347 -0.6639625
vn 0.1838656 -0.631633 -0.7531489
vn 0.7131659 -0.628467 -0.3105217
vn 0.1838656 -0.631633 -0.7531489
vn 0.7131634 -0.4617941 -0.5273939
vn 0.2309897 -0.9289784 -0.2892111
vn 0.7131625 -0.6994634 -0.04637005
vn 0.2309897 -0.9289784 -0.2892111
vn 0.7131659 -0.628467 -0.3105217
vn 1.676833E-08 -0.9978099 0.06614925
vn 0.7131656 -0.6639678 0.2248148
vn 1.676833E-08 -0.9978099 0.06614925
vn 0.7131625 -0.6994634 -0.04637005
vn 2.649659E-08 -0.8965381 0.442967
vn 0.713164 -0.527384 0.4618046
vn 2.649659E-08 -0.8965381 0.442967
vn 0.7131656 -0.6639678 0.2248148
vn 0.1838709 -0.7531381 0.6316445
vn 0.2309932 -0.289225 0.9289732
vn 0.2588002 -0.6632622 0.702215
vn 0.1838709 -0.7531381 0.6316445
vn 0.3396081 -0.03444991 0.939936
vn 0.3006748 0.03351417 0.9531378
vn 0.3498626 0.0333156 0.9362085
vn 0.2900678 0.3447295 0.8927612
vn 0.2190647 0.08199952 0.9722586
vn 0.183872 0.6316488 0.7531342
vn 0.258793 0.7022229 0.6632566
vn 0.4527521 0.8584482 0.241003
vn 0.3395959 0.9399404 0.03445044
vn 0.5711691 0.8208302 0.001967251
vn 0.3498496 0.9362134 -0.0333158
vn 0.2900545 0.892764 -0.3447333
vn 0.2190539 0.9722611 -0.08200063
vn 0.1838666 0.7531397 -0.6316438
vn 0.2587945 0.6632589 -0.7022203
vn 0.2309876 0.2892186 -0.9289766
vn 0.3396014 0.03445011 -0.9399384
vn 0.3006691 -0.0335177 -0.9531395
vn 0.3498558 -0.03331706 -0.936211
vn 0.2900605 -0.3447373 -0.8927605
vn 0.2190586 -0.08200055 -0.9722601
vn 0.1838656 -0.631633 -0.7531489
vn 0.2587946 -0.7022142 -0.6632652
vn 0.2309897 -0.9289784 -0.2892111
vn 0.3396018 -0.9399385 -0.0344439
vn 0.5711719 -0.8208282 -0.001966576
vn 0.3498536 -0.9362122 0.03330962
vn 0.5540978 -0.8046198 0.213454
vn 0.2190603 -0.9722595 0.0820009
vn 0.5630425 -0.4441965 -0.6969023
vn 0.9802763 0.1334849 0.1457403
vn 0.5630419 -0.6094339 -0.5581884
vn 0.9802749 0.0912203 0.1753286
vn 0.4986376 0.4658969 0.7309588
vn 0.9802749 0.0912203 0.1753286
vn 0.498653 0.6392053 0.5854587
vn 0.9802749 0.0912203 0.1753286
vn 0.5630382 -0.2486882 -0.7881258
vn 0.9802757 0.04273205 0.1929601
vn 0.5630425 -0.4441965 -0.6969023
vn 0.4986373 0.2608349 0.8266354
vn 0.9802749 0.0912203 0.1753286
vn 0.4986376 0.4658969 0.7309588
vn 0.9802757 0.04273205 0.1929601
vn 0.5630387 -0.03623023 -0.8256361
vn 0.9802752 -0.00866421 0.1974476
vn 0.5630382 -0.2486882 -0.7881258
vn 0.4986316 0.0380029 0.8659806
vn 0.9802757 0.04273205 0.1929601
vn 0.4986373 0.2608349 0.8266354
vn 0.9802752 -0.00866421 0.1974476
vn 0.5630377 0.1786903 -0.806882
vn 0.9802757 -0.05947096 0.1884748
vn 0.5630387 -0.03623023 -0.8256361
vn 0.4986381 -0.1874177 0.8463065
vn 0.9802752 -0.00866421 0.1974476
vn 0.4986316 0.0380029 0.8659806
vn 0.9802757 -0.05947096 0.1884748
vn 0.5630399 0.3814394 -0.7331372
vn 0.980275 -0.106227 0.166664
vn 0.5630377 0.1786903 -0.806882
vn 0.4986364 -0.4000746 0.7689617
vn 0.9802757 -0.05947096 0.1884748
vn 0.4986381 -0.1874177 0.8463065
vn 0.980275 -0.106227 0.166664
vn 0.5630427 0.5581923 -0.6094297
vn 0.9802788 -0.1457307 0.1334766
vn 0.5630399 0.3814394 -0.7331372
vn 0.4986442 -0.5854635 0.6392077
vn 0.980275 -0.106227 0.166664
vn 0.4986364 -0.4000746 0.7689617
vn 0.9802788 -0.1457307 0.1334766
vn 0.5630386 0.6969053 -0.4441967
vn 0.9802794 -0.1753102 0.09120559
vn 0.5630427 0.5581923 -0.6094297
vn 0.498654 -0.7309498 0.4658935
vn 0.9802788 -0.1457307 0.1334766
vn 0.4986442 -0.5854635 0.6392077
vn 0.9802794 -0.1753102 0.09120559
vn 0.5630698 0.7881036 -0.248687
vn 0.9802726 -0.192977 0.04272718
vn 0.5630386 0.6969053 -0.4441967
vn 0.49868 -0.8266103 0.2608327
vn 0.9802794 -0.1753102 0.09120559
vn 0.498654 -0.7309498 0.4658935
vn 0.9802726 -0.192977 0.04272718
vn 0.5630852 0.8256043 -0.03623373
vn 0.9802637 -0.1975049 -0.008666504
vn 0.5630698 0.7881036 -0.248687
vn 0.4986497 -0.8659704 0.03799867
vn 0.9802726 -0.192977 0.04272718
vn 0.49868 -0.8266103 0.2608327
vn 0.9802637 -0.1975049 -0.008666504
vn 0.5630859 0.8068489 0.178688
vn 0.9802663 -0.1885188 -0.05948684
vn 0.5630852 0.8256043 -0.03623373
vn 0.4986342 -0.8463074 -0.1874246
vn 0.9802637 -0.1975049 -0.008666504
vn 0.4986497 -0.8659704 0.03799867
vn 0.9802663 -0.1885188 -0.05948684
vn 0.5630821 0.7331118 0.3814259
vn 0.9802698 -0.1666847 -0.1062414
vn 0.5630859 0.8068489 0.178688
vn 0.4986471 -0.768954 -0.4000764
vn 0.9802663 -0.1885188 -0.05948684
vn 0.4986342 -0.8463074 -0.1874246
vn 0.9802698 -0.1666847 -0.1062414
vn 0.563084 0.6094125 0.5581694
vn 0.9802715 -0.1335008 -0.145757
vn 0.5630821 0.7331118 0.3814259
vn 0.49865 -0.6392083 -0.585458
vn 0.9802698 -0.1666847 -0.1062414
vn 0.4986471 -0.768954 -0.4000764
vn 0.9802715 -0.1335008 -0.145757
vn 0.5630622 0.4441932 0.6968884
vn 0.9802755 -0.09121659 -0.1753276
vn 0.563084 0.6094125 0.5581694
vn 0.4986472 -0.4658951 -0.7309535
vn 0.9802715 -0.1335008 -0.145757
vn 0.49865 -0.6392083 -0.585458
vn 0.9802755 -0.09121659 -0.1753276
vn 0.5630456 0.2486875 0.7881207
vn 0.9802731 -0.04273651 -0.1929724
vn 0.5630622 0.4441932 0.6968884
vn 0.4986329 -0.2608369 -0.8266376
vn 0.9802755 -0.09121659 -0.1753276
vn 0.4986472 -0.4658951 -0.7309535
vn 0.9802731 -0.04273651 -0.1929724
vn 0.5630438 0.0362335 0.8256325
vn 0.9802735 0.008665266 -0.1974559
vn 0.5630456 0.2486875 0.7881207
vn 0.4986294 -0.03800284 -0.8659819
vn 0.9802731 -0.04273651 -0.1929724
vn 0.4986329 -0.2608369 -0.8266376
vn 0.9802735 0.008665266 -0.1974559
vn 0.5630425 -0.1786888 0.8068788
vn 0.9802756 0.05947113 -0.1884754
vn 0.5630438 0.0362335 0.8256325
vn 0.4986347 0.187421 -0.8463078
vn 0.9802735 0.008665266 -0.1974559
vn 0.4986294 -0.03800284 -0.8659819
vn 0.9802756 0.05947113 -0.1884754
vn 0.5630437 -0.3814413 0.7331334
vn 0.9802719 0.1062335 -0.1666777
vn 0.5630425 -0.1786888 0.8068788
vn 0.4986323 0.4000758 -0.7689639
vn 0.9802756 0.05947113 -0.1884754
vn 0.4986347 0.187421 -0.8463078
vn 0.9802719 0.1062335 -0.1666777
vn 0.5630713 -0.5581803 0.6094142
vn 0.9802697 0.145764 -0.133507
vn 0.5630437 -0.3814413 0.7331334
vn 0.4986409 0.5854648 -0.6392092
vn 0.9802719 0.1062335 -0.1666777
vn 0.4986323 0.4000758 -0.7689639
vn 0.9802697 0.145764 -0.133507
vn 0.5630797 -0.6968817 0.4441816
vn 0.980269 0.175354 -0.09123447
vn 0.5630713 -0.5581803 0.6094142
vn 0.498652 0.7309506 -0.4658946
vn 0.9802697 0.145764 -0.133507
vn 0.4986409 0.5854648 -0.6392092
vn 0.980269 0.175354 -0.09123447
vn 0.5630835 -0.7880957 0.2486808
vn 0.9802642 0.1930155 -0.04274584
vn 0.5630797 -0.6968817 0.4441816
vn 0.4986415 0.8266304 -0.260843
vn 0.980269 0.175354 -0.09123447
vn 0.498652 0.7309506 -0.4658946
vn 0.9802642 0.1930155 -0.04274584
vn 0.5630852 -0.8256042 0.03623322
vn 0.9802679 0.1974839 0.008661373
vn 0.5630835 -0.7880957 0.2486808
vn 0.4986312 0.8659809 -0.03800635
vn 0.9802642 0.1930155 -0.04274584
vn 0.4986415 0.8266304 -0.260843
vn 0.9802679 0.1974839 0.008661373
vn 0.5630849 -0.8068495 -0.1786882
vn 0.9802776 0.1884669 0.05946477
vn 0.5630852 -0.8256042 0.03623322
vn 0.4986727 0.8462867 0.1874155
vn 0.9802679 0.1974839 0.008661373
vn 0.4986312 0.8659809 -0.03800635
vn 0.9802776 0.1884669 0.05946477
vn 0.5630545 -0.7331262 -0.381439
vn 0.980279 0.1666495 0.1062122
vn 0.5630849 -0.8068495 -0.1786882
vn 0.4986673 0.768944 0.4000702
vn 0.9802776 0.1884669 0.05946477
vn 0.4986727 0.8462867 0.1874155
vn 0.5630419 -0.6094339 -0.5581884
vn 0.980279 0.1666495 0.1062122
vn 0.5630545 -0.7331262 -0.381439
vn 0.9802763 0.1334849 0.1457403
vn 0.980279 0.1666495 0.1062122
vn 0.498653 0.6392053 0.5854587
vn 0.4986673 0.768944 0.4000702
vn 0.6305295 -0.7366951 0.2443625
vn 0.5998267 0.6504833 -0.465918
vn 0.5998267 0.6504833 -0.465918
vn 0.5957785 -0.6906192 0.4099916
vn 0.3207155 0.3908257 -0.8627845
vn 0.4671959 0.1720975 -0.8672431
vn 0.6368479 -0.356487 0.6836241
vn 0.4706815 0.8798512 0.0657342
vn 0.2649787 0.1324872 0.9551092
vn 0.7770921 -0.5081642 -0.371345
vn 0.6970065 0.7125307 0.0805108
vn 0.6879951 -0.6218327 -0.3741479
vn 0.4523568 0.7879315 0.4177768
vn 0.5617176 -0.5583357 -0.61052
vn 0.6879951 -0.6218327 -0.3741479
vn 0.3918899 0.6653411 -0.6354082
vn 0.6970065 0.7125307 0.0805108
vn 0.3206933 -0.5518184 -0.7698392
vn 0.5617176 -0.5583357 -0.61052

vt 0.163904 0.919831
vt 0.177657 0.933584
vt 0.177657 0.919831
vt 0.163904 0.933584
vt 0.163904 0.919831
vt 0.177657 0.933584
vt 0.177657 0.919831
vt 0.177657 0.933584
vt 0.163904 0.933584
vt 0.163904 0.919831
vt 0.177657 0.933584
vt 0.163904 0.933584
vt 0.163904 0.919831
vt 0.177657 0.933584
vt 0.163904 0.933584
vt 0.163904 0.919831
vt 0.177657 0.933584
vt 0.177657 0.919831
vt 0.163904 0.919831
vt 0.177657 0.919831
vt 0.163904 0.933584
vt 0.163904 0.919831
vt 0.177657 0.933584
vt 0.177657 0.919831
vt 0.163904 0.933584
vt 0.163904 0.919831
vt 0.177657 0.933584
vt 0.177657 0.919831
vt 0.177657 0.933584
vt 0.177657 0.919831
vt 0.163904 0.933584
vt 0.163904 0.919831
vt 0.177657 0.919831
vt 0.163904 0.933584
vt 0.177657 0.933584
vt 0.177657 0.919831
vt 0.163904 0.933584
vt 0.163904 0.919831
vt 0.177657 0.933584
vt 0.177657 0.919831
vt 0.163904 0.919831
vt 0.177657 0.933584
vt 0.163904 0.933584
vt 0.163904 0.919831
vt 0.177657 0.919831
vt 0.177657 0.933584
vt 0.163904 0.919831
vt 0.177657 0.919831
vt 0.163904 0.933584
vt 0.177657 0.933584
vt 0.177657 0.919831
vt 0.163904 0.933584
vt 0.163904 0.919831
vt 0.177657 0.919831
vt 0.163904 0.919831
vt 0.177657 0.933584
vt 0.177657 0.919831
vt 0.177657 0.933584
vt 0.163904 0.933584
vt 0.163904 0.919831
vt 0.177657 0.933584
vt 0.177657 0.919831
vt 0.177657 0.919831
vt 0.163904 0.933584
vt 0.163904 0.919831
vt 0.177657 0.933584
vt 0.177657 0.919831
vt 0.163904 0.919831
vt 0.177657 0.933584
vt 0.177657 0.919831
vt 0.163904 0.933584
vt 0.177657 0.933584
vt 0.177657 0.919831
vt 0.163904 0.933584
vt 0.163904 0.919831
vt 0.177657 0.933584
vt 0.163904 0.933584
vt 0.163904 0.919831
vt 0.177657 0.933584
vt 0.163904 0.933584
vt 0.163904 0.919831
vt 0.177657 0.933584
vt 0.163904 0.933584
vt 0.177657 0.933584
vt 0.177657 0.919831
vt 0.163904 0.919831
vt 0.177657 0.933584
vt 0.177657 0.919831
vt 0.163904 0.933584
vt 0.163904 0.919831
vt 0.177657 0.933584
vt 0.177657 0.919831
vt 0.163904 0.919831
vt 0.177657 0.919831
vt 0.163904 0.933584
vt 0.163904 0.919831
vt 0.177657 0.933584
vt 0.163904 0.933584
vt 0.163904 0.919831
vt 0.177657 0.919831
vt 0.163904 0.933584
vt 0.177657 0.933584
vt 0.163904 0.933584
vt 0.177657 0.919831
vt 0.163904 0.933584
vt 0.163904 0.919831
vt 0.177657 0.933584
vt 0.177657 0.919831
vt 0.163904 0.933584
vt 0.163904 0.919831
vt 0.177657 0.933584
vt 0.163904 0.933584
vt 0.163904 0.919831
vt 0.177657 0.933584
vt 0.177657 0.919831
vt 0.177657 0.933584
vt 0.177657 0.919831
vt 0.163904 0.933584
vt 0.177657 0.919831
vt 0.163904 0.933584
vt 0.163904 0.919831
vt 0.177657 0.919831
vt 0.163904 0.919831
vt 0.177657 0.933584
vt 0.163904 0.933584
vt 0.177657 0.933584
vt 0.177657 0.919831
vt 0.163904 0.919831
vt 0.177657 0.933584
vt 0.163904 0.919831
vt 0.177657 0.919831
vt 0.163904 0.933584
vt 0.163904 0.919831
vt 0.177657 0.933584
vt 0.177657 0.919831
vt 0.163904 0.933584
vt 0.163904 0.919831
vt 0.177657 0.933584
vt 0.177657 0.919831
vt 0.163904 0.919831
vt 0.163904 0.933584
vt 0.177657 0.933584
vt 0.163904 0.919831
vt 0.177657 0.919831
vt 0.163904 0.933584
vt 0.163904 0.919831
vt 0.177657 0.933584
vt 0.163904 0.933584
vt 0.177657 0.919831
vt 0.163904 0.933584
vt 0.177657 0.933584
vt 0.163904 0.919831
vt 0.163904 0.933584
vt 0.177657 0.919831
vt 0.163904 0.919831
vt 0.177657 0.919831
vt 0.163904 0.933584
vt 0.163904 0.919831
vt 0.177657 0.933584
vt 0.177657 0.919831
vt 0.163904 0.919831
vt 0.177657 0.933584
vt 0.163904 0.933584
vt 0.163904 0.919831
vt 0.177657 0.933584
vt 0.177657 0.919831
vt 0.163904 0.919831
vt 0.177657 0.933584
vt 0.163904 0.933584
vt 0.177657 0.933584
vt 0.177657 0.919831
vt 0.163904 0.933584
vt 0.163904 0.919831
vt 0.177657 0.933584
vt 0.177657 0.919831
vt 0.163904 0.933584
vt 0.163904 0.919831
vt 0.177657 0.933584
vt 0.163904 0.933584
vt 0.163904 0.919831
vt 0.177657 0.933584
vt 0.177657 0.919831
vt 0.177657 0.933584
vt 0.177657 0.919831
vt 0.163904 0.933584
vt 0.177657 0.919831
vt 0.163904 0.933584
vt 0.163904 0.919831
vt 0.177657 0.919831
vt 0.163904 0.919831
vt 0.177657 0.933584
vt 0.163904 0.933584
vt 0.177657 0.933584
vt 0.177657 0.919831
vt 0.163904 0.919831
vt 0.177657 0.933584
vt 0.163904 0.919831
vt 0.177657 0.919831
vt 0.163904 0.933584
vt 0.163904 0.919831
vt 0.177657 0.933584
vt 0.177657 0.919831
vt 0.163904 0.933584
vt 0.163904 0.919831
vt 0.177657 0.919831
vt 0.163904 0.933584
vt 0.177657 0.933584
vt 0.163904 0.933584
vt 0.163904 0.919831
vt 0.177657 0.933584
vt 0.177657 0.919831
vt 0.163904 0.919831
vt 0.163904 0.933584
vt 0.163904 0.919831
vt 0.177657 0.933584
vt 0.163904 0.933584
vt 0.177657 0.919831
vt 0.163904 0.933584
vt 0.177657 0.933584
vt 0.177657 0.919831
vt 0.163904 0.933584
vt 0.163904 0.919831
vt 0.177657 0.933584
vt 0.177657 0.919831
vt 0.163904 0.933584
vt 0.163904 0.919831
vt 0.177657 0.933584
vt 0.163904 0.933584
vt 0.163904 0.919831
vt 0.177657 0.933584
vt 0.177657 0.919831
vt 0.163904 0.919831
vt 0.177657 0.933584
vt 0.163904 0.933584
vt 0.163904 0.919831
vt 0.177657 0.919831
vt 0.163904 0.919831
vt 0.177657 0.919831
vt 0.163904 0.933584
vt 0.163904 0.919831
vt 0.177657 0.933584
vt 0.163904 0.933584
vt 0.163904 0.919831
vt 0.177657 0.933584
vt 0.163904 0.919831
vt 0.177657 0.919831
vt 0.177657 0.933584
vt 0.177657 0.919831
vt 0.163904 0.919831
vt 0.177657 0.919831
vt 0.163904 0.933584
vt 0.163904 0.919831
vt 0.177657 0.933584
vt 0.177657 0.919831
vt 0.177657 0.933584
vt 0.177657 0.919831
vt 0.163904 0.933584
vt 0.163904 0.919831
vt 0.177657 0.933584
vt 0.177657 0.919831
vt 0.177657 0.933584
vt 0.177657 0.919831
vt 0.163904 0.933584
vt 0.163904 0.919831
vt 0.177657 0.919831
vt 0.163904 0.933584
vt 0.163904 0.919831
vt 0.177657 0.919831
vt 0.163904 0.919831
vt 0.177657 0.933584
vt 0.163904 0.933584
vt 0.163904 0.919831
vt 0.177657 0.919831
vt 0.177657 0.933584
vt 0.163904 0.919831
vt 0.177657 0.933584
vt 0.177657 0.919831
vt 0.163904 0.919831
vt 0.177657 0.933584
vt 0.163904 0.933584
vt 0.163904 0.919831
vt 0.177657 0.933584
vt 0.177657 0.919831
vt 0.177657 0.933584
vt 0.177657 0.919831
vt 0.163904 0.933584
vt 0.177657 0.919831
vt 0.163904 0.933584
vt 0.163904 0.919831
vt 0.177657 0.933584
vt 0.177657 0.919831
vt 0.163904 0.919831
vt 0.177657 0.933584
vt 0.163904 0.919831
vt 0.177657 0.933584
vt 0.177657 0.919831
vt 0.163904 0.919831
vt 0.177657 0.933584
vt 0.163904 0.933584
vt 0.163904 0.919831
vt 0.177657 0.933584
vt 0.177657 0.919831
vt 0.163904 0.933584
vt 0.163904 0.919831
vt 0.177657 0.933584
vt 0.163904 0.933584
vt 0.177657 0.933584
vt 0.177657 0.919831
vt 0.163904 0.933584
vt 0.163904 0.919831
vt 0.177657 0.933584
vt 0.163904 0.933584
vt 0.163904 0.919831
vt 0.177657 0.933584
vt 0.163904 0.933584
vt 0.177657 0.933584
vt 0.177657 0.919831
vt 0.163904 0.919831
vt 0.177657 0.919831
vt 0.163904 0.933584
vt 0.177657 0.933584
vt 0.177657 0.919831
vt 0.163904 0.933584
vt 0.163904 0.919831
vt 0.177657 0.933584
vt 0.177657 0.919831
vt 0.163904 0.919831
vt 0.177657 0.933584
vt 0.177657 0.919831
vt 0.163904 0.933584
vt 0.163904 0.919831
vt 0.177657 0.919831
vt 0.163904 0.933584
vt 0.163904 0.919831
vt 0.177657 0.933584
vt 0.177657 0.919831
vt 0.163904 0.919831
vt 0.163904 0.933584
vt 0.177657 0.933584
vt 0.163904 0.919831
vt 0.177657 0.933584
vt 0.163904 0.933584
vt 0.163904 0.919831
vt 0.177657 0.919831
vt 0.163904 0.933584
vt 0.163904 0.919831
vt 0.177657 0.933584
vt 0.177657 0.919831
vt 0.163904 0.933584
vt 0.163904 0.919831
vt 0.177657 0.933584
vt 0.163904 0.933584
vt 0.163904 0.919831
vt 0.177657 0.933584
vt 0.177657 0.919831
vt 0.177657 0.933584
vt 0.177657 0.919831
vt 0.163904 0.933584
vt 0.177657 0.919831
vt 0.163904 0.933584
vt 0.163904 0.919831
vt 0.177657 0.919831
vt 0.163904 0.919831
vt 0.177657 0.933584
vt 0.163904 0.933584
vt 0.177657 0.933584
vt 0.177657 0.919831
vt 0.163904 0.919831
vt 0.177657 0.933584
vt 0.163904 0.919831
vt 0.177657 0.919831
vt 0.163904 0.933584
vt 0.163904 0.919831
vt 0.177657 0.919831
vt 0.177657 0.933584
vt 0.177657 0.919831
vt 0.163904 0.933584
vt 0.163904 0.919831
vt 0.177657 0.919831
vt 0.163904 0.933584
vt 0.177657 0.933584
vt 0.163904 0.933584
vt 0.163904 0.919831
vt 0.177657 0.933584
vt 0.177657 0.919831
vt 0.163904 0.919831
vt 0.163904 0.933584
vt 0.177657 0.933584
vt 0.163904 0.919831
vt 0.177657 0.933584
vt 0.163904 0.933584
vt 0.177657 0.919831
vt 0.163904 0.933584
vt 0.177657 0.933584
vt 0.177657 0.919831
vt 0.163904 0.933584
vt 0.163904 0.919831
vt 0.177657 0.919831
vt 0.163904 0.933584
vt 0.163904 0.919831
vt 0.177657 0.933584
vt 0.177657 0.919831
vt 0.177657 0.933584
vt 0.177657 0.919831
vt 0.163904 0.933584
vt 0.163904 0.919831
vt 0.177657 0.933584
vt 0.177657 0.919831
vt 0.177657 0.933584
vt 0.177657 0.919831
vt 0.163904 0.933584
vt 0.163904 0.919831
vt 0.177657 0.919831
vt 0.163904 0.933584
vt 0.163904 0.919831
vt 0.177657 0.919831
vt 0.163904 0.919831
vt 0.177657 0.933584
vt 0.163904 0.933584
vt 0.163904 0.919831
vt 0.177657 0.919831
vt 0.177657 0.933584
vt 0.163904 0.919831
vt 0.177657 0.933584
vt 0.177657 0.919831
vt 0.163904 0.919831
vt 0.177657 0.933584
vt 0.163904 0.933584
vt 0.163904 0.919831
vt 0.177657 0.933584
vt 0.177657 0.919831
vt 0.177657 0.933584
vt 0.177657 0.919831
vt 0.163904 0.933584
vt 0.177657 0.919831
vt 0.163904 0.933584
vt 0.163904 0.919831
vt 0.177657 0.933584
vt 0.177657 0.919831
vt 0.163904 0.919831
vt 0.177657 0.933584
vt 0.163904 0.919831
vt 0.177657 0.933584
vt 0.177657 0.919831
vt 0.163904 0.919831
vt 0.177657 0.933584
vt 0.163904 0.933584
vt 0.163904 0.919831
vt 0.177657 0.933584
vt 0.177657 0.919831
vt 0.163904 0.933584
vt 0.163904 0.919831
vt 0.177657 0.933584
vt 0.163904 0.933584
vt 0.163904 0.919831
vt 0.177657 0.933584
vt 0.177657 0.919831
vt 0.163904 0.919831
vt 0.177657 0.919831
vt 0.163904 0.933584
vt 0.163904 0.919831
vt 0.177657 0.933584
vt 0.177657 0.919831
vt 0.163904 0.919831
vt 0.177657 0.933584
vt 0.163904 0.933584
vt 0.177657 0.919831
vt 0.177657 0.933584
vt 0.177657 0.919831
vt 0.163904 0.919831
vt 0.177657 0.933584
vt 0.163904 0.933584
vt 0.163904 0.919831
vt 0.177657 0.933584
vt 0.177657 0.919831
vt 0.163904 0.933584
vt 0.163904 0.919831
vt 0.177657 0.933584
vt 0.163904 0.933584
vt 0.177657 0.933584
vt 0.177657 0.919831
vt 0.163904 0.933584
vt 0.163904 0.919831
vt 0.177657 0.933584
vt 0.163904 0.933584
vt 0.163904 0.919831
vt 0.177657 0.933584
vt 0.163904 0.933584
vt 0.177657 0.933584
vt 0.177657 0.919831
vt 0.163904 0.919831
vt 0.177657 0.919831
vt 0.163904 0.933584
vt 0.177657 0.933584
vt 0.177657 0.919831
vt 0.163904 0.933584
vt 0.163904 0.919831
vt 0.177657 0.933584
vt 0.177657 0.919831
vt 0.163904 0.919831
vt 0.177657 0.933584
vt 0.177657 0.919831
vt 0.163904 0.933584
vt 0.163904 0.919831
vt 0.177657 0.919831
vt 0.163904 0.933584
vt 0.163904 0.919831
vt 0.177657 0.933584
vt 0.177657 0.919831
vt 0.163904 0.919831
vt 0.163904 0.933584
vt 0.177657 0.933584
vt 0.177657 0.933584
vt 0.177657 0.919831
vt 0.163904 0.933584
vt 0.163904 0.919831
vt 0.177657 0.919831
vt 0.163904 0.933584
vt 0.163904 0.919831
vt 0.177657 0.933584
vt 0.177657 0.919831
vt 0.163904 0.933584
vt 0.163904 0.919831
vt 0.177657 0.933584
vt 0.163904 0.933584
vt 0.163904 0.919831
vt 0.177657 0.933584
vt 0.177657 0.919831
vt 0.177657 0.933584
vt 0.177657 0.919831
vt 0.163904 0.933584
vt 0.177657 0.919831
vt 0.163904 0.933584
vt 0.163904 0.919831
vt 0.177657 0.919831
vt 0.163904 0.919831
vt 0.177657 0.933584
vt 0.163904 0.933584
vt 0.177657 0.933584
vt 0.177657 0.919831
vt 0.163904 0.919831
vt 0.177657 0.933584
vt 0.163904 0.919831
vt 0.177657 0.919831
vt 0.163904 0.933584
vt 0.163904 0.919831
vt 0.177657 0.919831
vt 0.177657 0.933584
vt 0.177657 0.919831
vt 0.163904 0.933584
vt 0.163904 0.919831
vt 0.177657 0.919831
vt 0.163904 0.933584
vt 0.163904 0.919831
vt 0.177657 0.933584
vt 0.163904 0.919831
vt 0.177657 0.933584
vt 0.163904 0.933584
vt 0.163904 0.919831
vt 0.177657 0.919831
vt 0.163904 0.933584
vt 0.177657 0.933584
vt 0.163904 0.933584
vt 0.177657 0.919831
vt 0.163904 0.933584
vt 0.177657 0.933584
vt 0.177657 0.919831
vt 0.163904 0.933584
vt 0.163904 0.919831
vt 0.177657 0.933584
vt 0.177657 0.919831
vt 0.163904 0.933584
vt 0.163904 0.919831
vt 0.177657 0.933584
vt 0.163904 0.933584
vt 0.163904 0.919831
vt 0.177657 0.933584
vt 0.177657 0.919831
vt 0.177657 0.933584
vt 0.163904 0.933584
vt 0.163904 0.919831
vt 0.177657 0.919831
vt 0.163904 0.933584
vt 0.177657 0.933584
vt 0.163904 0.919831
vt 0.177657 0.919831
vt 0.163904 0.933584
vt 0.163904 0.919831
vt 0.177657 0.933584
vt 0.177657 0.919831
vt 0.177657 0.933584
vt 0.177657 0.919831
vt 0.163904 0.933584
vt 0.163904 0.919831
vt 0.177657 0.933584
vt 0.177657 0.919831
vt 0.177657 0.933584
vt 0.177657 0.919831
vt 0.163904 0.933584
vt 0.163904 0.919831
vt 0.177657 0.919831
vt 0.163904 0.933584
vt 0.163904 0.919831
vt 0.177657 0.919831
vt 0.163904 0.919831
vt 0.177657 0.933584
vt 0.163904 0.933584
vt 0.163904 0.919831
vt 0.177657 0.919831
vt 0.177657 0.933584
vt 0.163904 0.919831
vt 0.177657 0.933584
vt 0.177657 0.919831
vt 0.163904 0.919831
vt 0.177657 0.933584
vt 0.163904 0.933584
vt 0.163904 0.919831
vt 0.177657 0.933584
vt 0.177657 0.919831
vt 0.177657 0.933584
vt 0.163904 0.933584
vt 0.163904 0.919831
vt 0.177657 0.919831
vt 0.177657 0.933584
vt 0.177657 0.919831
vt 0.163904 0.919831
vt 0.177657 0.919831
vt 0.163904 0.933584
vt 0.163904 0.933584
vt 0.163904 0.919831
vt 0.177657 0.933584
vt 0.177657 0.919831
vt 0.163904 0.919831
vt 0.177657 0.933584
vt 0.163904 0.919831
vt 0.177657 0.933584
vt 0.177657 0.919831
vt 0.163904 0.933584
vt 0.163904 0.919831
vt 0.177657 0.933584
vt 0.163904 0.933584
vt 0.177657 0.933584
vt 0.177657 0.919831
vt 0.163904 0.933584
vt 0.163904 0.919831
vt 0.177657 0.933584
vt 0.163904 0.933584
vt 0.163904 0.919831
vt 0.177657 0.933584
vt 0.163904 0.933584
vt 0.177657 0.933584
vt 0.177657 0.919831
vt 0.163904 0.919831
vt 0.177657 0.919831
vt 0.163904 0.933584
vt 0.177657 0.933584
vt 0.177657 0.919831
vt 0.163904 0.933584
vt 0.163904 0.919831
vt 0.177657 0.933584
vt 0.177657 0.919831
vt 0.163904 0.919831
vt 0.177657 0.933584
vt 0.177657 0.919831
vt 0.163904 0.933584
vt 0.163904 0.919831
vt 0.177657 0.919831
vt 0.163904 0.933584
vt 0.163904 0.919831
vt 0.177657 0.933584
vt 0.177657 0.919831
vt 0.163904 0.919831
vt 0.163904 0.933584
vt 0.177657 0.933584
vt 0.163904 0.919831
vt 0.177657 0.933584
vt 0.163904 0.933584
vt 0.177657 0.919831
vt 0.163904 0.933584
vt 0.163904 0.919831
vt 0.177657 0.933584
vt 0.177657 0.919831
vt 0.163904 0.933584
vt 0.163904 0.919831
vt 0.177657 0.933584
vt 0.163904 0.933584
vt 0.163904 0.919831
vt 0.177657 0.933584
vt 0.177657 0.919831
vt 0.177657 0.933584
vt 0.177657 0.919831
vt 0.163904 0.933584
vt 0.177657 0.919831
vt 0.163904 0.933584
vt 0.163904 0.919831
vt 0.177657 0.919831
vt 0.163904 0.919831
vt 0.177657 0.933584
vt 0.163904 0.933584
vt 0.177657 0.933584
vt 0.177657 0.919831
vt 0.163904 0.919831
vt 0.177657 0.933584
vt 0.163904 0.919831
vt 0.177657 0.919831
vt 0.163904 0.933584
vt 0.163904 0.919831
vt 0.177657 0.933584
vt 0.177657 0.919831
vt 0.163904 0.933584
vt 0.163904 0.919831
vt 0.177657 0.919831
vt 0.163904 0.933584
vt 0.177657 0.933584
vt 0.163904 0.933584
vt 0.163904 0.919831
vt 0.177657 0.933584
vt 0.177657 0.919831
vt 0.163904 0.919831
vt 0.163904 0.933584
vt 0.163904 0.919831
vt 0.177657 0.933584
vt 0.163904 0.933584
vt 0.177657 0.919831
vt 0.163904 0.933584
vt 0.163904 0.919831
vt 0.177657 0.919831
vt 0.177657 0.933584
vt 0.177657 0.919831
vt 0.163904 0.933584
vt 0.163904 0.919831
vt 0.177657 0.933584
vt 0.177657 0.919831
vt 0.163904 0.919831
vt 0.177657 0.933584
vt 0.163904 0.933584
vt 0.163904 0.919831
vt 0.177657 0.933584
vt 0.163904 0.933584
vt 0.163904 0.919831
vt 0.177657 0.919831
vt 0.163904 0.919831
vt 0.177657 0.919831
vt 0.163904 0.933584
vt 0.177657 0.933584
vt 0.177657 0.919831
vt 0.163904 0.933584
vt 0.177657 0.919831
vt 0.163904 0.919831
vt 0.177657 0.919831
vt 0.163904 0.919831
vt 0.177657 0.933584
vt 0.177657 0.919831
vt 0.163904 0.933584
vt 0.163904 0.919831
vt 0.177657 0.919831
vt 0.163904 0.933584
vt 0.163904 0.919831
vt 0.177657 0.933584
vt 0.163904 0.933584
vt 0.163904 0.919831
vt 0.177657 0.919831
vt 0.177657 0.933584
vt 0.163904 0.919831
vt 0.177657 0.933584
vt 0.177657 0.919831
vt 0.177657 0.933584
vt 0.177657 0.919831
vt 0.163904 0.933584
vt 0.163904 0.919831
vt 0.177657 0.919831
vt 0.163904 0.933584
vt 0.163904 0.919831
vt 0.177657 0.933584
vt 0.177657 0.919831
vt 0.163904 0.919831
vt 0.177657 0.933584
vt 0.163904 0.919831
vt 0.177657 0.933584
vt 0.177657 0.919831
vt 0.163904 0.933584
vt 0.163904 0.919831
vt 0.177657 0.933584
vt 0.163904 0.933584
vt 0.177657 0.933584
vt 0.177657 0.919831
vt 0.163904 0.933584
vt 0.163904 0.919831
vt 0.177657 0.933584
vt 0.163904 0.933584
vt 0.163904 0.919831
vt 0.177657 0.933584
vt 0.163904 0.933584
vt 0.177657 0.933584
vt 0.177657 0.919831
vt 0.163904 0.919831
vt 0.177657 0.933584
vt 0.177657 0.919831
vt 0.163904 0.933584
vt 0.163904 0.919831
vt 0.177657 0.933584
vt 0.177657 0.919831
vt 0.163904 0.919831
vt 0.177657 0.933584
vt 0.177657 0.919831
vt 0.163904 0.919831
vt 0.177657 0.933584
vt 0.163904 0.933584
vt 0.163904 0.919831
vt 0.177657 0.933584
vt 0.177657 0.919831
vt 0.163904 0.933584
vt 0.163904 0.919831
vt 0.177657 0.919831
vt 0.163904 0.933584
vt 0.163904 0.919831
vt 0.177657 0.933584
vt 0.177657 0.919831
vt 0.163904 0.919831
vt 0.163904 0.933584
vt 0.177657 0.933584
vt 0.163904 0.919831
vt 0.177657 0.933584
vt 0.163904 0.933584
vt 0.177657 0.919831
vt 0.163904 0.933584
vt 0.163904 0.919831
vt 0.177657 0.933584
vt 0.177657 0.919831
vt 0.163904 0.933584
vt 0.163904 0.919831
vt 0.177657 0.933584
vt 0.163904 0.933584
vt 0.163904 0.919831
vt 0.177657 0.933584
vt 0.177657 0.919831
vt 0.177657 0.933584
vt 0.177657 0.919831
vt 0.163904 0.933584
vt 0.177657 0.919831
vt 0.163904 0.933584
vt 0.163904 0.919831
vt 0.177657 0.919831
vt 0.163904 0.919831
vt 0.177657 0.933584
vt 0.163904 0.933584
vt 0.177657 0.933584
vt 0.177657 0.919831
vt 0.163904 0.919831
vt 0.177657 0.933584
vt 0.163904 0.919831
vt 0.177657 0.919831
vt 0.163904 0.933584
vt 0.163904 0.919831
vt 0.177657 0.933584
vt 0.177657 0.919831
vt 0.163904 0.933584
vt 0.163904 0.919831
vt 0.177657 0.919831
vt 0.163904 0.933584
vt 0.163904 0.919831
vt 0.177657 0.933584
vt 0.177657 0.919831
vt 0.163904 0.919831
vt 0.177657 0.933584
vt 0.163904 0.933584
vt 0.163904 0.919831
vt 0.177657 0.919831
vt 0.163904 0.933584
vt 0.177657 0.933584
vt 0.177657 0.919831
vt 0.163904 0.933584
vt 0.163904 0.933584
vt 0.177657 0.933584
vt 0.177657 0.919831
vt 0.163904 0.933584
vt 0.163904 0.919831
vt 0.177657 0.933584
vt 0.163904 0.919831
vt 0.177657 0.919831
vt 0.177657 0.933584
vt 0.177657 0.919831
vt 0.163904 0.933584
vt 0.163904 0.919831
vt 0.177657 0.919831
vt 0.163904 0.933584
vt 0.163904 0.919831
vt 0.177657 0.933584
vt 0.163904 0.933584
vt 0.163904 0.919831
vt 0.177657 0.933584
vt 0.177657 0.919831
vt 0.177657 0.933584
vt 0.163904 0.933584
vt 0.163904 0.919831
vt 0.177657 0.933584
vt 0.163904 0.933584
vt 0.163904 0.919831
vt 0.177657 0.919831
vt 0.163904 0.919831
vt 0.177657 0.933584
vt 0.177657 0.919831
vt 0.163904 0.933584
vt 0.177657 0.933584
vt 0.177657 0.919831
vt 0.163904 0.933584
vt 0.163904 0.919831
vt 0.177657 0.933584
vt 0.177657 0.919831
vt 0.177657 0.933584
vt 0.177657 0.919831
vt 0.163904 0.933584
vt 0.163904 0.919831
vt 0.163904 0.933584
vt 0.163904 0.919831
vt 0.177657 0.933584
vt 0.177657 0.919831
vt 0.163904 0.919831
vt 0.177657 0.933584
vt 0.163904 0.933584
vt 0.163904 0.919831
vt 0.177657 0.919831
vt 0.177657 0.933584
vt 0.163904 0.919831
vt 0.177657 0.933584
vt 0.177657 0.919831
vt 0.163904 0.919831
vt 0.177657 0.933584
vt 0.163904 0.933584
vt 0.163904 0.919831
vt 0.177657 0.933584
vt 0.177657 0.919831
vt 0.177657 0.933584
vt 0.177657 0.919831
vt 0.163904 0.933584
vt 0.177657 0.919831
vt 0.163904 0.933584
vt 0.163904 0.919831
vt 0.177657 0.933584
vt 0.177657 0.919831
vt 0.163904 0.919831
vt 0.177657 0.933584
vt 0.163904 0.919831
vt 0.177657 0.933584
vt 0.177657 0.919831
vt 0.163904 0.933584
vt 0.163904 0.919831
vt 0.177657 0.933584
vt 0.163904 0.933584
vt 0.177657 0.933584
vt 0.177657 0.919831
vt 0.163904 0.933584
vt 0.163904 0.919831
vt 0.177657 0.933584
vt 0.163904 0.933584
vt 0.163904 0.919831
vt 0.177657 0.933584
vt 0.163904 0.933584
vt 0.177657 0.933584
vt 0.177657 0.919831
vt 0.163904 0.919831
vt 0.177657 0.919831
vt 0.163904 0.933584
vt 0.177657 0.933584
vt 0.177657 0.919831
vt 0.163904 0.933584
vt 0.163904 0.919831
vt 0.177657 0.933584
vt 0.177657 0.919831
vt 0.163904 0.919831
vt 0.177657 0.933584
vt 0.177657 0.919831
vt 0.163904 0.933584
vt 0.163904 0.919831
vt 0.177657 0.933584
vt 0.177657 0.919831
vt 0.163904 0.933584
vt 0.163904 0.919831
vt 0.177657 0.933584
vt 0.177657 0.919831
vt 0.163904 0.933584
vt 0.163904 0.919831
vt 0.177657 0.919831
vt 0.163904 0.933584
vt 0.177657 0.933584
vt 0.163904 0.919831
vt 0.177657 0.933584
vt 0.177657 0.919831
vt 0.163904 0.933584
vt 0.163904 0.919831
vt 0.177657 0.933584
vt 0.177657 0.919831
vt 0.163904 0.933584
vt 0.163904 0.919831
vt 0.177657 0.933584
vt 0.177657 0.919831
vt 0.163904 0.933584
vt 0.163904 0.919831
vt 0.177657 0.919831
vt 0.163904 0.933584
vt 0.177657 0.933584
vt 0.163904 0.919831
vt 0.177657 0.933584
vt 0.177657 0.919831
vt 0.163904 0.933584
vt 0.163904 0.919831
vt 0.177657 0.933584
vt 0.177657 0.919831
vt 0.163904 0.933584
vt 0.163904 0.919831
vt 0.177657 0.933584
vt 0.177657 0.919831
vt 0.163904 0.919831
vt 0.177657 0.933584
vt 0.177657 0.919831
vt 0.163904 0.933584
vt 0.163904 0.919831
vt 0.177657 0.933584
vt 0.177657 0.919831
vt 0.163904 0.933584
vt 0.163904 0.919831
vt 0.177657 0.933584
vt 0.163904 0.919831
vt 0.177657 0.933584
vt 0.177657 0.919831
vt 0.163904 0.933584
vt 0.163904 0.919831
vt 0.177657 0.933584
vt 0.177657 0.919831
vt 0.163904 0.933584
vt 0.163904 0.919831
vt 0.177657 0.933584
vt 0.177657 0.919831
vt 0.163904 0.933584
vt 0.163904 0.919831
vt 0.177657 0.933584
vt 0.177657 0.919831
vt 0.177657 0.933584
vt 0.177657 0.919831
vt 0.163904 0.933584
vt 0.163904 0.919831
vt 0.163904 0.919831
vt 0.177657 0.933584
vt 0.177657 0.919831
vt 0.177657 0.919831
vt 0.163904 0.933584
vt 0.163904 0.919831
vt 0.177657 0.933584
vt 0.177657 0.919831
vt 0.163904 0.919831
vt 0.177657 0.933584
vt 0.177657 0.919831
vt 0.163904 0.933584
vt 0.163904 0.919831
vt 0.177657 0.933584
vt 0.177657 0.919831
vt 0.163904 0.933584
vt 0.177657 0.933584
vt 0.177657 0.919831
vt 0.163904 0.933584
vt 0.163904 0.919831
vt 0.177657 0.933584
vt 0.177657 0.919831
vt 0.163904 0.919831
vt 0.177657 0.933584
vt 0.177657 0.919831
vt 0.163904 0.933584
vt 0.163904 0.919831
vt 0.177657 0.933584
vt 0.177657 0.919831
vt 0.163904 0.933584
vt 0.163904 0.919831
vt 0.177657 0.933584
vt 0.177657 0.919831
vt 0.163904 0.933584
vt 0.163904 0.919831
vt 0.177657 0.933584
vt 0.177657 0.919831
vt 0.163904 0.933584
vt 0.163904 0.919831
vt 0.177657 0.933584
vt 0.177657 0.919831
vt 0.163904 0.933584
vt 0.163904 0.919831
vt 0.177657 0.933584
vt 0.177657 0.919831
vt 0.163904 0.933584
vt 0.177657 0.933584
vt 0.177657 0.919831
vt 0.163904 0.933584
vt 0.163904 0.919831
vt 0.177657 0.933584
vt 0.177657 0.919831
vt 0.163904 0.933584
vt 0.177657 0.933584
vt 0.177657 0.919831
vt 0.163904 0.933584
vt 0.163904 0.919831
vt 0.177657 0.933584
vt 0.177657 0.919831
vt 0.163904 0.933584
vt 0.163904 0.919831
vt 0.177657 0.933584
vt 0.177657 0.919831
vt 0.163904 0.933584
vt 0.163904 0.919831
vt 0.177657 0.933584
vt 0.177657 0.919831
vt 0.163904 0.933584
vt 0.163904 0.919831
vt 0.177657 0.933584
vt 0.163904 0.933584
vt 0.163904 0.919831
vt 0.177657 0.933584
vt 0.177657 0.919831
vt 0.163904 0.933584
vt 0.163904 0.919831
vt 0.177657 0.933584
vt 0.177657 0.919831
vt 0.177657 0.919831
vt 0.163904 0.933584
vt 0.163904 0.919831
vt 0.177657 0.933584
vt 0.177657 0.919831
vt 0.163904 0.919831
vt 0.177657 0.933584
vt 0.177657 0.919831
vt 0.163904 0.919831
vt 0.177657 0.933584
vt 0.305721 0.327401
vt 0.319474 0.341155
vt 0.319474 0.327401
vt 0.305721 0.341155
vt 0.305721 0.327401
vt 0.319474 0.341155
vt 0.319474 0.327401
vt 0.305721 0.341155
vt 0.305721 0.327401
vt 0.319474 0.341155
vt 0.319474 0.327401
vt 0.305721 0.341155
vt 0.305721 0.327401
vt 0.319474 0.341155
vt 0.319474 0.327401
vt 0.305721 0.341155
vt 0.305721 0.327401
vt 0.319474 0.341155
vt 0.319474 0.327401
vt 0.305721 0.341155
vt 0.305721 0.327401
vt 0.319474 0.341155
vt 0.319474 0.327401
vt 0.305721 0.341155
vt 0.305721 0.327401
vt 0.319474 0.341155
vt 0.319474 0.327401
vt 0.305721 0.341155
vt 0.305721 0.327401
vt 0.319474 0.341155
vt 0.319474 0.327401
vt 0.305721 0.341155
vt 0.305721 0.327401
vt 0.319474 0.341155
vt 0.319474 0.327401
vt 0.305721 0.341155
vt 0.305721 0.327401
vt 0.319474 0.341155
vt 0.319474 0.327401
vt 0.305721 0.341155
vt 0.305721 0.327401
vt 0.319474 0.341155
vt 0.319474 0.327401
vt 0.305721 0.341155
vt 0.305721 0.327401
vt 0.319474 0.341155
vt 0.319474 0.327401
vt 0.305721 0.341155
vt 0.305721 0.327401
vt 0.319474 0.341155
vt 0.319474 0.327401
vt 0.305721 0.341155
vt 0.305721 0.327401
vt 0.319474 0.341155
vt 0.319474 0.327401
vt 0.305721 0.341155
vt 0.625179 0.413273
vt 0.666781 0.460751
vt 0.666781 0.413273
vt 0.625179 0.460751
vt 0.666781 0.363932
vt 0.625179 0.363932
vt 0.666781 0.314591
vt 0.625179 0.314591
vt 0.625179 0.267113
vt 0.666781 0.267113
vt 0.708384 0.460751
vt 0.708384 0.413273
vt 0.708384 0.363932
vt 0.708384 0.314591
vt 0.708384 0.267113
vt 0.749986 0.460751
vt 0.749986 0.413273
vt 0.749986 0.363932
vt 0.749986 0.314591
vt 0.749986 0.267113
vt 0.791589 0.460751
vt 0.791589 0.413273
vt 0.791589 0.363932
vt 0.791589 0.314591
vt 0.791589 0.267113
vt 0.833191 0.460751
vt 0.833191 0.413273
vt 0.833191 0.363932
vt 0.833191 0.314591
vt 0.833191 0.267113
vt 0.874794 0.460751
vt 0.874794 0.413273
vt 0.874794 0.363932
vt 0.874794 0.314591
vt 0.874794 0.267113
vt 0.916396 0.460751
vt 0.916396 0.413273
vt 0.916396 0.363932
vt 0.916396 0.314591
vt 0.916396 0.267113
vt 0.957999 0.460751
vt 0.957999 0.413273
vt 0.957999 0.363932
vt 0.957999 0.314591
vt 0.957999 0.267113
vt 0.999601 0.460751
vt 0.999601 0.413273
vt 0.999601 0.363932
vt 0.999601 0.314591
vt 0.999601 0.267113
vt 0.042744 0.460751
vt 0.001141 0.413273
vt 0.001141 0.460751
vt 0.042744 0.413273
vt 0.042744 0.363932
vt 0.001141 0.363932
vt 0.042744 0.314591
vt 0.001142 0.314591
vt 0.001142 0.267113
vt 0.042744 0.267113
vt 0.084346 0.460751
vt 0.084346 0.413273
vt 0.084346 0.363932
vt 0.084347 0.314591
vt 0.084347 0.267113
vt 0.125949 0.460751
vt 0.125949 0.413273
vt 0.125949 0.363932
vt 0.125949 0.314591
vt 0.125949 0.267113
vt 0.167551 0.460751
vt 0.167551 0.413273
vt 0.167552 0.363932
vt 0.167552 0.314591
vt 0.167552 0.267113
vt 0.209154 0.460751
vt 0.209154 0.413273
vt 0.209154 0.363932
vt 0.209154 0.314591
vt 0.209154 0.267113
vt 0.250756 0.460751
vt 0.250756 0.413273
vt 0.250757 0.363932
vt 0.250757 0.314591
vt 0.250757 0.267113
vt 0.292359 0.460751
vt 0.292359 0.413273
vt 0.292359 0.363932
vt 0.292359 0.314591
vt 0.29236 0.267113
vt 0.333961 0.460751
vt 0.333962 0.413273
vt 0.333962 0.363932
vt 0.333962 0.314591
vt 0.333962 0.267113
vt 0.375564 0.460751
vt 0.375564 0.413273
vt 0.375564 0.363932
vt 0.375564 0.314591
vt 0.375565 0.267113
vt 0.417166 0.460751
vt 0.417166 0.413273
vt 0.417167 0.363932
vt 0.417167 0.314591
vt 0.417167 0.267113
vt 0.458769 0.460751
vt 0.458769 0.413273
vt 0.458769 0.363932
vt 0.458769 0.314591
vt 0.45877 0.267113
vt 0.500371 0.460751
vt 0.500372 0.413273
vt 0.500372 0.363932
vt 0.500372 0.314591
vt 0.500372 0.267113
vt 0.541974 0.460751
vt 0.541974 0.413273
vt 0.541974 0.363932
vt 0.541975 0.314591
vt 0.541975 0.267113
vt 0.583576 0.460751
vt 0.583577 0.413273
vt 0.583577 0.363932
vt 0.583577 0.314591
vt 0.583577 0.267113
vt 0.205351 0.035386
vt 0.193604 0.047133
vt 0.205351 0.047133
vt 0.193604 0.035386
vt 0.195496 0.03778
vt 0.20024 0.03712
vt 0.195965 0.038902
vt 0.195206 0.037084
vt 0.194916 0.036388
vt 0.198724 0.033483
vt 0.194448 0.035266
vt 0.194916 0.036388
vt 0.195206 0.037084
vt 0.195496 0.03778
vt 0.20024 0.03712
vt 0.195965 0.038902
vt 0.196433 0.040025
vt 0.196723 0.040721
vt 0.197013 0.041417
vt 0.201756 0.040757
vt 0.197481 0.042539
vt 0.197013 0.041417
vt 0.196723 0.040721
vt 0.196433 0.040025
vt 0.074378 0.184338
vt 0.048271 0.158231
vt 0.060249 0.150228
vt 0.074378 0.147418
vt 0.088506 0.150228
vt 0.100484 0.158231
vt 0.108487 0.170209
vt 0.111298 0.184338
vt 0.108487 0.198467
vt 0.100484 0.210444
vt 0.088506 0.218448
vt 0.074377 0.221258
vt 0.060249 0.218448
vt 0.048271 0.210444
vt 0.040267 0.198467
vt 0.037457 0.184338
vt 0.040268 0.170209
vt 0.02534 0.135301
vt 0.010308 0.157799
vt 0.005029 0.184338
vt 0.010307 0.210876
vt 0.02534 0.233375
vt 0.047839 0.248408
vt 0.074377 0.253687
vt 0.100916 0.248408
vt 0.047839 0.120268
vt 0.074378 0.114989
vt 0.100916 0.120268
vt 0.123415 0.135301
vt 0.138447 0.157799
vt 0.143726 0.184338
vt 0.138447 0.210877
vt 0.123414 0.233375
vt 0.199832 0.340498
vt 0.208892 0.349558
vt 0.208892 0.340498
vt 0.199832 0.349558
vt 0.199832 0.340498
vt 0.208892 0.349558
vt 0.208892 0.340498
vt 0.199832 0.340498
vt 0.208892 0.340498
vt 0.199832 0.349558
vt 0.199832 0.340498
vt 0.208892 0.349558
vt 0.199832 0.349558
vt 0.208892 0.349558
vt 0.208892 0.340498
vt 0.199832 0.349558
vt 0.199832 0.340498
vt 0.208892 0.349558
vt 0.208892 0.340498
vt 0.199832 0.349558
vt 0.199832 0.340498
vt 0.208892 0.340498
vt 0.199832 0.349558
vt 0.199832 0.340498
vt 0.208892 0.349558
vt 0.208892 0.340498
vt 0.208892 0.349558
vt 0.208892 0.340498
vt 0.199832 0.349558
vt 0.208892 0.349558
vt 0.208892 0.340498
vt 0.199832 0.349558
vt 0.199832 0.340498
vt 0.208892 0.349558
vt 0.208892 0.340498
vt 0.199832 0.349558
vt 0.208892 0.349558
vt 0.208892 0.340498
vt 0.199832 0.349558
vt 0.199832 0.340498
vt 0.208892 0.349558
vt 0.208892 0.340498
vt 0.199832 0.349558
vt 0.208892 0.349558
vt 0.208892 0.340498
vt 0.199832 0.349558
vt 0.199832 0.340498
vt 0.208892 0.349558
vt 0.208892 0.340498
vt 0.199832 0.349558
vt 0.208892 0.349558
vt 0.208892 0.340498
vt 0.199832 0.349558
vt 0.199832 0.340498
vt 0.208892 0.349558
vt 0.208892 0.340498
vt 0.199832 0.349558
vt 0.208892 0.349558
vt 0.208892 0.340498
vt 0.199832 0.349558
vt 0.199832 0.340498
vt 0.208892 0.349558
vt 0.208892 0.340498
vt 0.199832 0.349558
vt 0.208892 0.349558
vt 0.208892 0.340498
vt 0.199832 0.349558
vt 0.199832 0.340498
vt 0.208892 0.349558
vt 0.208892 0.340498
vt 0.199832 0.349558
vt 0.208892 0.349558
vt 0.208892 0.340498
vt 0.199832 0.349558
vt 0.199832 0.340498
vt 0.208892 0.349558
vt 0.208892 0.340498
vt 0.199832 0.349558
vt 0.208892 0.349558
vt 0.208892 0.340498
vt 0.199832 0.349558
vt 0.199832 0.340498
vt 0.208892 0.349558
vt 0.208892 0.340498
vt 0.199832 0.349558
vt 0.208892 0.349558
vt 0.208892 0.340498
vt 0.199832 0.349558
vt 0.199832 0.340498
vt 0.208892 0.349558
vt 0.208892 0.340498
vt 0.199832 0.349558
vt 0.208892 0.349558
vt 0.208892 0.340498
vt 0.199832 0.349558
vt 0.199832 0.340498
vt 0.208892 0.349558
vt 0.208892 0.340498
vt 0.199832 0.349558
vt 0.208892 0.349558
vt 0.208892 0.340498
vt 0.199832 0.349558
vt 0.199832 0.340498
vt 0.208892 0.349558
vt 0.208892 0.340498
vt 0.199832 0.349558
vt 0.208892 0.349558
vt 0.208892 0.340498
vt 0.199832 0.349558
vt 0.199832 0.340498
vt 0.208892 0.349558
vt 0.208892 0.340498
vt 0.199832 0.349558
vt 0.208892 0.349558
vt 0.208892 0.340498
vt 0.199832 0.349558
vt 0.200202 0.083891
vt 0.200985 0.083143
vt 0.201068 0.083226
vt 0.200143 0.083789
vt 0.199162 0.084195
vt 0.199193 0.084309
vt 0.19811 0.084333
vt 0.19811 0.084452
vt 0.197057 0.084195
vt 0.197027 0.084309
vt 0.196077 0.083789
vt 0.196018 0.083891
vt 0.195235 0.083143
vt 0.195151 0.083226
vt 0.194589 0.0823
vt 0.194486 0.08236
vt 0.194182 0.08132
vt 0.194068 0.08135
vt 0.194044 0.080268
vt 0.193925 0.080268
vt 0.194182 0.079215
vt 0.194068 0.079185
vt 0.194589 0.078235
vt 0.194486 0.078175
vt 0.195235 0.077393
vt 0.195151 0.077309
vt 0.196077 0.076746
vt 0.196018 0.076644
vt 0.197057 0.07634
vt 0.197027 0.076226
vt 0.19811 0.076202
vt 0.19811 0.076083
vt 0.199162 0.07634
vt 0.199193 0.076226
vt 0.200143 0.076746
vt 0.200202 0.076644
vt 0.200985 0.077393
vt 0.201068 0.077309
vt 0.201631 0.078235
vt 0.201733 0.078175
vt 0.202037 0.079215
vt 0.202151 0.079185
vt 0.202175 0.080268
vt 0.202294 0.080268
vt 0.202037 0.08132
vt 0.202151 0.08135
vt 0.201631 0.0823
vt 0.201733 0.08236
vt 0.201611 0.082289
vt 0.200969 0.083127
vt 0.20172 0.082352
vt 0.202015 0.081314
vt 0.202136 0.081346
vt 0.202153 0.080268
vt 0.202278 0.080268
vt 0.202015 0.079221
vt 0.202136 0.079189
vt 0.201611 0.078246
vt 0.20172 0.078183
vt 0.200969 0.077409
vt 0.201057 0.07732
vt 0.200131 0.076766
vt 0.200194 0.076657
vt 0.199156 0.076362
vt 0.199189 0.076241
vt 0.19811 0.076224
vt 0.19811 0.076099
vt 0.197063 0.076362
vt 0.197031 0.076241
vt 0.196088 0.076766
vt 0.196025 0.076657
vt 0.195251 0.077409
vt 0.195162 0.07732
vt 0.194608 0.078246
vt 0.1945 0.078183
vt 0.194204 0.079221
vt 0.194083 0.079189
vt 0.194066 0.080268
vt 0.193941 0.080268
vt 0.194204 0.081314
vt 0.194083 0.081346
vt 0.194608 0.082289
vt 0.1945 0.082352
vt 0.195251 0.083127
vt 0.195162 0.083215
vt 0.196088 0.083769
vt 0.196025 0.083878
vt 0.197063 0.084173
vt 0.197031 0.084294
vt 0.19811 0.084311
vt 0.19811 0.084436
vt 0.199156 0.084173
vt 0.199189 0.084294
vt 0.200131 0.083769
vt 0.200194 0.083878
vt 0.201057 0.083215
vt 0.113546 0.067329
vt 0.118029 0.063753
vt 0.118029 0.068103
vt 0.113546 0.063206
vt 0.122689 0.06834
vt 0.122689 0.06392
vt 0.127348 0.068103
vt 0.127348 0.063753
vt 0.131832 0.063206
vt 0.131832 0.067329
vt 0.131832 0.058404
vt 0.127348 0.058687
vt 0.122689 0.058774
vt 0.118029 0.058687
vt 0.113546 0.058403
vt 0.131832 0.05325
vt 0.127348 0.05325
vt 0.122689 0.05325
vt 0.118029 0.05325
vt 0.113546 0.05325
vt 0.131832 0.048097
vt 0.127348 0.047814
vt 0.122689 0.047727
vt 0.118029 0.047813
vt 0.113546 0.048097
vt 0.131832 0.043295
vt 0.127348 0.042747
vt 0.122689 0.04258
vt 0.118029 0.042747
vt 0.113546 0.043295
vt 0.131832 0.039171
vt 0.127348 0.038397
vt 0.122689 0.03816
vt 0.118029 0.038397
vt 0.113546 0.039171
vt 0.131832 0.036007
vt 0.127348 0.035059
vt 0.122689 0.034768
vt 0.118029 0.035059
vt 0.113546 0.036007
vt 0.131832 0.034017
vt 0.127348 0.03296
vt 0.122689 0.032636
vt 0.118029 0.03296
vt 0.113546 0.034017
vt 0.131832 0.033339
vt 0.127348 0.032245
vt 0.122689 0.031909
vt 0.118029 0.032245
vt 0.113546 0.033339
vt 0.131832 0.034017
vt 0.127348 0.03296
vt 0.122689 0.032636
vt 0.118029 0.03296
vt 0.113546 0.034017
vt 0.131832 0.036007
vt 0.127348 0.035059
vt 0.122689 0.034768
vt 0.118029 0.035059
vt 0.113546 0.036007
vt 0.131832 0.039171
vt 0.127348 0.038397
vt 0.122689 0.03816
vt 0.118029 0.038397
vt 0.113546 0.039171
vt 0.131832 0.043295
vt 0.127348 0.042747
vt 0.122689 0.04258
vt 0.118029 0.042747
vt 0.113546 0.043295
vt 0.131832 0.048097
vt 0.127348 0.047813
vt 0.122689 0.047727
vt 0.118029 0.047813
vt 0.113546 0.048097
vt 0.131832 0.05325
vt 0.127348 0.05325
vt 0.122689 0.05325
vt 0.118029 0.05325
vt 0.113546 0.05325
vt 0.131832 0.058403
vt 0.127348 0.058687
vt 0.122689 0.058773
vt 0.118029 0.058687
vt 0.113546 0.058403
vt 0.131832 0.063206
vt 0.127348 0.063753
vt 0.122689 0.06392
vt 0.118029 0.063753
vt 0.113546 0.063206
vt 0.131832 0.067329
vt 0.127348 0.068103
vt 0.122689 0.06834
vt 0.118029 0.068103
vt 0.113546 0.067329
vt 0.131832 0.070494
vt 0.127348 0.071441
vt 0.122689 0.071732
vt 0.118029 0.071441
vt 0.113546 0.070494
vt 0.131832 0.072483
vt 0.127348 0.07354
vt 0.122689 0.073864
vt 0.118029 0.07354
vt 0.113546 0.072483
vt 0.131832 0.073161
vt 0.127348 0.074255
vt 0.122689 0.074591
vt 0.118029 0.074255
vt 0.113546 0.073161
vt 0.131832 0.072483
vt 0.127348 0.07354
vt 0.122689 0.073864
vt 0.118029 0.07354
vt 0.113546 0.072483
vt 0.131832 0.070494
vt 0.127348 0.071441
vt 0.122689 0.071732
vt 0.118029 0.071441
vt 0.113546 0.070494
vt 0.199832 0.340498
vt 0.208892 0.349558
vt 0.208892 0.340498
vt 0.199832 0.349558
vt 0.208892 0.349558
vt 0.208892 0.340498
vt 0.199832 0.349558
vt 0.199832 0.340498
vt 0.208892 0.349558
vt 0.208892 0.340498
vt 0.199832 0.349558
vt 0.208892 0.349558
vt 0.208892 0.340498
vt 0.199832 0.349558
vt 0.199832 0.340498
vt 0.208892 0.349558
vt 0.208892 0.340498
vt 0.199832 0.349558
vt 0.208892 0.349558
vt 0.208892 0.340498
vt 0.199832 0.349558
vt 0.199832 0.340498
vt 0.208892 0.349558
vt 0.208892 0.340498
vt 0.199832 0.349558
vt 0.208892 0.349558
vt 0.208892 0.340498
vt 0.199832 0.349558
vt 0.199832 0.340498
vt 0.208892 0.349558
vt 0.208892 0.340498
vt 0.199832 0.349558
vt 0.208892 0.349558
vt 0.208892 0.340498
vt 0.199832 0.349558
vt 0.199832 0.340498
vt 0.208892 0.349558
vt 0.208892 0.340498
vt 0.199832 0.349558
vt 0.208892 0.349558
vt 0.208892 0.340498
vt 0.199832 0.349558
vt 0.199832 0.340498
vt 0.208892 0.349558
vt 0.208892 0.340498
vt 0.199832 0.349558
vt 0.208892 0.349558
vt 0.208892 0.340498
vt 0.199832 0.349558
vt 0.199832 0.340498
vt 0.208892 0.349558
vt 0.208892 0.340498
vt 0.199832 0.349558
vt 0.208892 0.349558
vt 0.208892 0.340498
vt 0.199832 0.349558
vt 0.199832 0.340498
vt 0.208892 0.349558
vt 0.208892 0.340498
vt 0.199832 0.349558
vt 0.208892 0.349558
vt 0.208892 0.340498
vt 0.199832 0.349558
vt 0.199832 0.340498
vt 0.208892 0.349558
vt 0.208892 0.340498
vt 0.199832 0.349558
vt 0.208892 0.349558
vt 0.208892 0.340498
vt 0.199832 0.349558
vt 0.199832 0.340498
vt 0.208892 0.349558
vt 0.208892 0.340498
vt 0.199832 0.349558
vt 0.208892 0.349558
vt 0.208892 0.340498
vt 0.199832 0.349558
vt 0.199832 0.340498
vt 0.208892 0.349558
vt 0.208892 0.340498
vt 0.199832 0.349558
vt 0.208892 0.349558
vt 0.208892 0.340498
vt 0.199832 0.349558
vt 0.199832 0.340498
vt 0.208892 0.349558
vt 0.208892 0.340498
vt 0.199832 0.349558
vt 0.208892 0.349558
vt 0.208892 0.340498
vt 0.199832 0.349558
vt 0.199832 0.340498
vt 0.208892 0.349558
vt 0.208892 0.340498
vt 0.199832 0.349558
vt 0.208892 0.349558
vt 0.208892 0.340498
vt 0.199832 0.349558
vt 0.199832 0.340498
vt 0.208892 0.349558
vt 0.208892 0.340498
vt 0.199832 0.349558
vt 0.208892 0.349558
vt 0.208892 0.340498
vt 0.199832 0.349558
vt 0.199832 0.340498
vt 0.208892 0.349558
vt 0.208892 0.340498
vt 0.199832 0.349558
vt 0.208892 0.349558
vt 0.208892 0.340498
vt 0.199832 0.349558
vt 0.199832 0.340498
vt 0.208892 0.349558
vt 0.208892 0.340498
vt 0.199832 0.349558
vt 0.208892 0.349558
vt 0.208892 0.340498
vt 0.199832 0.349558
vt 0.199832 0.340498
vt 0.208892 0.349558
vt 0.208892 0.340498
vt 0.199832 0.349558
vt 0.208892 0.349558
vt 0.208892 0.340498
vt 0.199832 0.349558
vt 0.199832 0.340498
vt 0.208892 0.349558
vt 0.208892 0.340498
vt 0.199832 0.349558
vt 0.208892 0.349558
vt 0.208892 0.340498
vt 0.199832 0.349558
vt 0.199832 0.340498
vt 0.208892 0.349558
vt 0.208892 0.340498
vt 0.199832 0.349558
vt 0.208892 0.349558
vt 0.208892 0.340498
vt 0.199832 0.349558
vt 0.199832 0.340498
vt 0.208892 0.349558
vt 0.208892 0.340498
vt 0.199832 0.349558
vt 0.208892 0.349558
vt 0.208892 0.340498
vt 0.199832 0.349558
vt 0.199832 0.340498
vt 0.208892 0.349558
vt 0.208892 0.340498
vt 0.199832 0.349558
vt 0.208892 0.349558
vt 0.208892 0.340498
vt 0.199832 0.349558
vt 0.199832 0.340498
vt 0.208892 0.349558
vt 0.208892 0.340498
vt 0.199832 0.349558
vt 0.208892 0.349558
vt 0.208892 0.340498
vt 0.199832 0.349558
vt 0.199832 0.340498
vt 0.208892 0.349558
vt 0.208892 0.340498
vt 0.199832 0.349558
vt 0.199832 0.340498
vt 0.208892 0.349558
vt 0.199832 0.349558
vt 0.199832 0.340498
vt 0.208892 0.349558
vt 0.208892 0.340498
vt 0.199832 0.349558
vt 0.199832 0.340498
vt 0.208892 0.349558
vt 0.208892 0.340498
vt 0.199832 0.349558
vt 0.199832 0.340498
vt 0.208892 0.349558
vt 0.208892 0.340498
vt 0.199832 0.349558
vt 0.199832 0.340498
vt 0.208892 0.349558
vt 0.208892 0.340498
vt 0.199832 0.349558
vt 0.199832 0.340498
vt 0.208892 0.349558
vt 0.208892 0.340498
vt 0.199832 0.349558
vt 0.199832 0.340498
vt 0.208892 0.349558
vt 0.208892 0.340498
vt 0.199832 0.349558
vt 0.199832 0.340498
vt 0.208892 0.349558
vt 0.208892 0.340498
vt 0.199832 0.349558
vt 0.199832 0.340498
vt 0.208892 0.349558
vt 0.208892 0.340498
vt 0.199832 0.349558
vt 0.199832 0.340498
vt 0.208892 0.349558
vt 0.208892 0.340498
vt 0.199832 0.349558
vt 0.199832 0.340498
vt 0.208892 0.349558
vt 0.208892 0.340498
vt 0.199832 0.349558
vt 0.199832 0.340498
vt 0.208892 0.349558
vt 0.208892 0.340498
vt 0.199832 0.349558
vt 0.199832 0.340498
vt 0.208892 0.349558
vt 0.208892 0.340498
vt 0.199832 0.349558
vt 0.199832 0.340498
vt 0.208892 0.349558
vt 0.208892 0.340498
vt 0.199832 0.349558
vt 0.199832 0.340498
vt 0.208892 0.349558
vt 0.208892 0.340498
vt 0.199832 0.349558
vt 0.024043 0.163489
vt 0.042161 0.152121
vt 0.035853 0.145813
vt 0.042161 0.172009
vt 0.019896 0.184338
vt 0.042161 0.184338
vt 0.024043 0.205187
vt 0.042161 0.196667
vt 0.035853 0.222862
vt 0.042161 0.216554
vt 0.053528 0.234672
vt 0.062049 0.216554
vt 0.074378 0.23882
vt 0.074378 0.216554
vt 0.095227 0.234672
vt 0.086706 0.216554
vt 0.112902 0.222862
vt 0.106594 0.216554
vt 0.124712 0.205187
vt 0.106594 0.196667
vt 0.128859 0.184338
vt 0.106594 0.184338
vt 0.124712 0.163489
vt 0.106594 0.172009
vt 0.112902 0.145813
vt 0.106594 0.152121
vt 0.095227 0.134003
vt 0.086706 0.152121
vt 0.074378 0.129856
vt 0.074378 0.152121
vt 0.053528 0.134003
vt 0.062049 0.152121
vt 0.199832 0.340498
vt 0.208892 0.349558
vt 0.208892 0.340498
vt 0.199832 0.349558
vt 0.199832 0.340498
vt 0.208892 0.340498
vt 0.199832 0.349558
vt 0.199832 0.340498
vt 0.208892 0.349558
vt 0.208892 0.340498
vt 0.199832 0.349558
vt 0.199832 0.340498
vt 0.208892 0.349558
vt 0.199832 0.349558
vt 0.199832 0.340498
vt 0.208892 0.349558
vt 0.208892 0.340498
vt 0.199832 0.349558
vt 0.199832 0.340498
vt 0.208892 0.349558
vt 0.199832 0.349558
vt 0.199832 0.340498
vt 0.208892 0.349558
vt 0.208892 0.340498
vt 0.199832 0.349558
vt 0.199832 0.340498
vt 0.208892 0.349558
vt 0.199832 0.349558
vt 0.199832 0.340498
vt 0.208892 0.349558
vt 0.208892 0.340498
vt 0.199832 0.349558
vt 0.199832 0.340498
vt 0.208892 0.349558
vt 0.199832 0.349558
vt 0.199832 0.340498
vt 0.208892 0.349558
vt 0.208892 0.340498
vt 0.199832 0.349558
vt 0.199832 0.340498
vt 0.208892 0.349558
vt 0.199832 0.349558
vt 0.199832 0.340498
vt 0.208892 0.349558
vt 0.208892 0.340498
vt 0.199832 0.349558
vt 0.199832 0.340498
vt 0.208892 0.349558
vt 0.199832 0.349558
vt 0.199832 0.340498
vt 0.208892 0.349558
vt 0.208892 0.340498
vt 0.199832 0.349558
vt 0.199832 0.340498
vt 0.208892 0.349558
vt 0.199832 0.349558
vt 0.199832 0.340498
vt 0.208892 0.349558
vt 0.208892 0.340498
vt 0.199832 0.349558
vt 0.199832 0.340498
vt 0.208892 0.349558
vt 0.199832 0.349558
vt 0.199832 0.340498
vt 0.208892 0.349558
vt 0.208892 0.340498
vt 0.199832 0.349558
vt 0.199832 0.340498
vt 0.208892 0.349558
vt 0.199832 0.349558
vt 0.199832 0.340498
vt 0.208892 0.349558
vt 0.208892 0.340498
vt 0.199832 0.349558
vt 0.199832 0.340498
vt 0.208892 0.349558
vt 0.199832 0.349558
vt 0.199832 0.340498
vt 0.208892 0.349558
vt 0.208892 0.340498
vt 0.199832 0.349558
vt 0.199832 0.340498
vt 0.208892 0.349558
vt 0.199832 0.349558
vt 0.199832 0.340498
vt 0.208892 0.349558
vt 0.208892 0.340498
vt 0.199832 0.349558
vt 0.199832 0.340498
vt 0.208892 0.349558
vt 0.199832 0.349558
vt 0.199832 0.340498
vt 0.208892 0.349558
vt 0.208892 0.340498
vt 0.199832 0.349558
vt 0.199832 0.340498
vt 0.208892 0.349558
vt 0.199832 0.349558
vt 0.199832 0.340498
vt 0.208892 0.349558
vt 0.208892 0.340498
vt 0.199832 0.349558
vt 0.199832 0.340498
vt 0.208892 0.349558
vt 0.199832 0.349558
vt 0.199832 0.340498
vt 0.208892 0.349558
vt 0.208892 0.340498
vt 0.199832 0.349558
vt 0.199832 0.340498
vt 0.208892 0.349558
vt 0.199832 0.349558
vt 0.199832 0.340498
vt 0.208892 0.349558
vt 0.208892 0.340498
vt 0.199832 0.349558
vt 0.199832 0.340498
vt 0.208892 0.349558
vt 0.199832 0.349558
vt 0.199832 0.340498
vt 0.208892 0.349558
vt 0.208892 0.340498
vt 0.199832 0.349558
vt 0.199832 0.340498
vt 0.208892 0.349558
vt 0.199832 0.349558
vt 0.199832 0.340498
vt 0.208892 0.349558
vt 0.208892 0.340498
vt 0.199832 0.349558
vt 0.199832 0.340498
vt 0.208892 0.349558
vt 0.199832 0.349558
vt 0.199832 0.340498
vt 0.208892 0.349558
vt 0.208892 0.340498
vt 0.199832 0.349558
vt 0.199832 0.340498
vt 0.208892 0.349558
vt 0.199832 0.349558
vt 0.199832 0.340498
vt 0.208892 0.349558
vt 0.208892 0.340498
vt 0.199832 0.349558
vt 0.199832 0.340498
vt 0.208892 0.349558
vt 0.199832 0.349558
vt 0.199832 0.340498
vt 0.208892 0.349558
vt 0.208892 0.340498
vt 0.199832 0.349558
vt 0.199832 0.340498
vt 0.208892 0.349558
vt 0.199832 0.349558
vt 0.199832 0.340498
vt 0.208892 0.349558
vt 0.208892 0.340498
vt 0.199832 0.349558
vt 0.199832 0.340498
vt 0.208892 0.349558
vt 0.199832 0.349558
vt 0.199832 0.340498
vt 0.208892 0.349558
vt 0.208892 0.340498
vt 0.199832 0.349558
vt 0.199832 0.340498
vt 0.208892 0.349558
vt 0.208892 0.340498
vt 0.177657 0.933584
vt 0.177657 0.919831
vt 0.163904 0.919831
vt 0.177657 0.919831
vt 0.163904 0.919831
vt 0.177657 0.933584
vt 0.177657 0.919831
vt 0.163904 0.919831
vt 0.177657 0.919831
vt 0.177657 0.919831
vt 0.305721 0.327401
vt 0.319474 0.341155
vt 0.319474 0.327401
vt 0.319474 0.341155
vt 0.319474 0.327401
vt 0.305721 0.327401
vt 0.319474 0.327401
vt 0.319474 0.341155
vt 0.319474 0.327401
f 1130/1130/1130 1129/1129/1129 1131/1131/1131
f 1132/1132/1132 1129/1129/1129 1130/1130/1130
f 1132/1132/1132 1133/1133/1133 1134/1134/1134
f 1134/1134/1134 1133/1133/1133 1135/1135/1135
f 1136/1136/1136 1133/1133/1133 1131/1131/1131
f 1137/1137/1137 1133/1133/1133 1136/1136/1136
f 1139/1139/1139 1138/1138/1138 1135/1135/1135
f 1140/1140/1140 1138/1138/1138 1139/1139/1139
f 1142/1142/1142 1141/1141/1141 1135/1135/1135
f 1143/1143/1143 1141/1141/1141 1142/1142/1142
f 1143/1143/1143 1144/1144/1144 1145/1145/1145
f 1145/1145/1145 1144/1144/1144 1146/1146/1146
f 1134/1134/1134 1147/1147/1147 1148/1148/1148
f 1149/1149/1149 1147/1147/1147 1134/1134/1134
f 1151/1151/1151 1150/1150/1150 1152/1152/1152
f 1153/1153/1153 1150/1150/1150 1151/1151/1151
f 1153/1153/1153 1154/1154/1154 1155/1155/1155
f 1155/1155/1155 1154/1154/1154 1156/1156/1156
f 1157/1157/1157 1154/1154/1154 1158/1158/1158
f 1159/1159/1159 1154/1154/1154 1157/1157/1157
f 1157/1157/1157 1160/1160/1160 1161/1161/1161
f 1162/1162/1162 1160/1160/1160 1157/1157/1157
f 1163/1163/1163 1160/1160/1160 1164/1164/1164
f 1165/1165/1165 1160/1160/1160 1163/1163/1163
f 1165/1165/1165 1166/1166/1166 1167/1167/1167
f 1167/1167/1167 1166/1166/1166 1168/1168/1168
f 1170/1170/1170 1169/1169/1169 1168/1168/1168
f 1171/1171/1171 1169/1169/1169 1170/1170/1170
f 1171/1171/1171 1172/1172/1172 1167/1167/1167
f 1167/1167/1167 1172/1172/1172 1173/1173/1173
f 1174/1174/1174 1169/1169/1169 1173/1173/1173
f 1165/1165/1165 1169/1169/1169 1174/1174/1174
f 1170/1170/1170 1175/1175/1175 1176/1176/1176
f 1177/1177/1177 1175/1175/1175 1170/1170/1170
f 1178/1178/1178 1175/1175/1175 1179/1179/1179
f 1180/1180/1180 1175/1175/1175 1178/1178/1178
f 1171/1171/1171 1181/1181/1181 1178/1178/1178
f 1178/1178/1178 1181/1181/1181 1182/1182/1182
f 1180/1180/1180 1183/1183/1183 1184/1184/1184
f 1184/1184/1184 1183/1183/1183 1185/1185/1185
f 1186/1186/1186 1183/1183/1183 1182/1182/1182
f 1187/1187/1187 1183/1183/1183 1186/1186/1186
f 1187/1187/1187 1188/1188/1188 1189/1189/1189
f 1189/1189/1189 1188/1188/1188 1190/1190/1190
f 1189/1189/1189 1183/1183/1183 1191/1191/1191
f 1192/1192/1192 1183/1183/1183 1189/1189/1189
f 1192/1192/1192 1193/1193/1193 1194/1194/1194
f 1194/1194/1194 1193/1193/1193 1195/1195/1195
f 1197/1197/1197 1196/1196/1196 1198/1198/1198
f 1199/1199/1199 1196/1196/1196 1197/1197/1197
f 1200/1200/1200 1196/1196/1196 1201/1201/1201
f 1202/1202/1202 1196/1196/1196 1200/1200/1200
f 1204/1204/1204 1203/1203/1203 1201/1201/1201
f 1205/1205/1205 1203/1203/1203 1204/1204/1204
f 1207/1207/1207 1206/1206/1206 1201/1201/1201
f 1208/1208/1208 1206/1206/1206 1207/1207/1207
f 1210/1210/1210 1209/1209/1209 1201/1201/1201
f 1211/1211/1211 1209/1209/1209 1210/1210/1210
f 1211/1211/1211 1196/1196/1196 1212/1212/1212
f 1212/1212/1212 1196/1196/1196 1213/1213/1213
f 1215/1215/1215 1214/1214/1214 1216/1216/1216
f 1217/1217/1217 1214/1214/1214 1215/1215/1215
f 1217/1217/1217 1218/1218/1218 1219/1219/1219
f 1219/1219/1219 1218/1218/1218 1220/1220/1220
f 1219/1219/1219 1221/1221/1221 1222/1222/1222
f 1223/1223/1223 1221/1221/1221 1219/1219/1219
f 1225/1225/1225 1224/1224/1224 1222/1222/1222
f 1226/1226/1226 1224/1224/1224 1225/1225/1225
f 1215/1215/1215 1227/1227/1227 1228/1228/1228
f 1229/1229/1229 1227/1227/1227 1215/1215/1215
f 1230/1230/1230 1221/1221/1221 1228/1228/1228
f 1231/1231/1231 1221/1221/1221 1230/1230/1230
f 1230/1230/1230 1224/1224/1224 1232/1232/1232
f 1233/1233/1233 1224/1224/1224 1230/1230/1230
f 1235/1235/1235 1234/1234/1234 1236/1236/1236
f 1237/1237/1237 1234/1234/1234 1235/1235/1235
f 1239/1239/1239 1238/1238/1238 1236/1236/1236
f 1240/1240/1240 1238/1238/1238 1239/1239/1239
f 1240/1240/1240 1241/1241/1241 1242/1242/1242
f 1242/1242/1242 1241/1241/1241 1243/1243/1243
f 1244/1244/1244 1234/1234/1234 1245/1245/1245
f 1246/1246/1246 1234/1234/1234 1244/1244/1244
f 1244/1244/1244 1238/1238/1238 1247/1247/1247
f 1248/1248/1248 1238/1238/1238 1244/1244/1244
f 1248/1248/1248 1249/1249/1249 1235/1235/1235
f 1235/1235/1235 1249/1249/1249 1250/1250/1250
f 1252/1252/1252 1251/1251/1251 1250/1250/1250
f 1253/1253/1253 1251/1251/1251 1252/1252/1252
f 1253/1253/1253 1249/1249/1249 1254/1254/1254
f 1254/1254/1254 1249/1249/1249 1255/1255/1255
f 1257/1257/1257 1256/1256/1256 1247/1247/1247
f 1240/1240/1240 1256/1256/1256 1257/1257/1257
f 1254/1254/1254 1258/1258/1258 1259/1259/1259
f 1260/1260/1260 1258/1258/1258 1254/1254/1254
f 1262/1262/1262 1261/1261/1261 1263/1263/1263
f 1264/1264/1264 1261/1261/1261 1262/1262/1262
f 1264/1264/1264 1265/1265/1265 1266/1266/1266
f 1266/1266/1266 1265/1265/1265 1267/1267/1267
f 1262/1262/1262 1268/1268/1268 1267/1267/1267
f 1269/1269/1269 1268/1268/1268 1262/1262/1262
f 1270/1270/1270 1265/1265/1265 1263/1263/1263
f 1269/1269/1269 1265/1265/1265 1270/1270/1270
f 1266/1266/1266 1271/1271/1271 1272/1272/1272
f 1273/1273/1273 1271/1271/1271 1266/1266/1266
f 1275/1275/1275 1274/1274/1274 1272/1272/1272
f 1276/1276/1276 1274/1274/1274 1275/1275/1275
f 1275/1275/1275 1271/1271/1271 1277/1277/1277
f 1278/1278/1278 1271/1271/1271 1275/1275/1275
f 1280/1280/1280 1279/1279/1279 1281/1281/1281
f 1282/1282/1282 1279/1279/1279 1280/1280/1280
f 1279/1279/1279 1283/1283/1283 1284/1284/1284
f 1285/1285/1285 1283/1283/1283 1279/1279/1279
f 1285/1285/1285 1286/1286/1286 1287/1287/1287
f 1287/1287/1287 1286/1286/1286 1288/1288/1288
f 1290/1290/1290 1289/1289/1289 1288/1288/1288
f 1291/1291/1291 1289/1289/1289 1290/1290/1290
f 1291/1291/1291 1292/1292/1292 1293/1293/1293
f 1293/1293/1293 1292/1292/1292 1294/1294/1294
f 1296/1296/1296 1295/1295/1295 1282/1282/1282
f 1297/1297/1297 1295/1295/1295 1296/1296/1296
f 1298/1298/1298 1295/1295/1295 1299/1299/1299
f 1300/1300/1300 1295/1295/1295 1298/1298/1298
f 1302/1302/1302 1301/1301/1301 1303/1303/1303
f 1304/1304/1304 1301/1301/1301 1302/1302/1302
f 1306/1306/1306 1305/1305/1305 1303/1303/1303
f 1307/1307/1307 1305/1305/1305 1306/1306/1306
f 1307/1307/1307 1308/1308/1308 1309/1309/1309
f 1309/1309/1309 1308/1308/1308 1310/1310/1310
f 1311/1311/1311 1301/1301/1301 1312/1312/1312
f 1313/1313/1313 1301/1301/1301 1311/1311/1311
f 1311/1311/1311 1305/1305/1305 1314/1314/1314
f 1315/1315/1315 1305/1305/1305 1311/1311/1311
f 1315/1315/1315 1316/1316/1316 1302/1302/1302
f 1302/1302/1302 1316/1316/1316 1317/1317/1317
f 1319/1319/1319 1318/1318/1318 1317/1317/1317
f 1320/1320/1320 1318/1318/1318 1319/1319/1319
f 1320/1320/1320 1316/1316/1316 1321/1321/1321
f 1321/1321/1321 1316/1316/1316 1322/1322/1322
f 1324/1324/1324 1323/1323/1323 1314/1314/1314
f 1307/1307/1307 1323/1323/1323 1324/1324/1324
f 1321/1321/1321 1325/1325/1325 1326/1326/1326
f 1327/1327/1327 1325/1325/1325 1321/1321/1321
f 1329/1329/1329 1328/1328/1328 1330/1330/1330
f 1331/1331/1331 1328/1328/1328 1329/1329/1329
f 1329/1329/1329 1332/1332/1332 1333/1333/1333
f 1334/1334/1334 1332/1332/1332 1329/1329/1329
f 1335/1335/1335 1328/1328/1328 1333/1333/1333
f 1336/1336/1336 1328/1328/1328 1335/1335/1335
f 1334/1334/1334 1337/1337/1337 1338/1338/1338
f 1338/1338/1338 1337/1337/1337 1339/1339/1339
f 1338/1338/1338 1340/1340/1340 1333/1333/1333
f 1341/1341/1341 1340/1340/1340 1338/1338/1338
f 1343/1343/1343 1342/1342/1342 1330/1330/1330
f 1344/1344/1344 1342/1342/1342 1343/1343/1343
f 1335/1335/1335 1342/1342/1342 1345/1345/1345
f 1346/1346/1346 1342/1342/1342 1335/1335/1335
f 1347/1347/1347 1337/1337/1337 1348/1348/1348
f 1349/1349/1349 1337/1337/1337 1347/1347/1347
f 1351/1351/1351 1350/1350/1350 1352/1352/1352
f 1353/1353/1353 1350/1350/1350 1351/1351/1351
f 1355/1355/1355 1354/1354/1354 1352/1352/1352
f 1356/1356/1356 1354/1354/1354 1355/1355/1355
f 1353/1353/1353 1357/1357/1357 1358/1358/1358
f 1358/1358/1358 1357/1357/1357 1359/1359/1359
f 1361/1361/1361 1360/1360/1360 1352/1352/1352
f 1362/1362/1362 1360/1360/1360 1361/1361/1361
f 1362/1362/1362 1363/1363/1363 1355/1355/1355
f 1355/1355/1355 1363/1363/1363 1364/1364/1364
f 1351/1351/1351 1365/1365/1365 1366/1366/1366
f 1367/1367/1367 1365/1365/1365 1351/1351/1351
f 1369/1369/1369 1368/1368/1368 1359/1359/1359
f 1370/1370/1370 1368/1368/1368 1369/1369/1369
f 1372/1372/1372 1371/1371/1371 1366/1366/1366
f 1372/1372/1372 1373/1373/1373 1374/1374/1374
f 1375/1375/1375 1373/1373/1373 1376/1376/1376
f 1375/1375/1375 1377/1377/1377 1378/1378/1378
f 1379/1379/1379 1377/1377/1377 1375/1375/1375
f 1379/1379/1379 1380/1380/1380 1381/1381/1381
f 1381/1381/1381 1380/1380/1380 1382/1382/1382
f 1383/1383/1383 1380/1380/1380 1384/1384/1384
f 1385/1385/1385 1380/1380/1380 1383/1383/1383
f 1385/1385/1385 1386/1386/1386 1387/1387/1387
f 1387/1387/1387 1386/1386/1386 1388/1388/1388
f 1389/1389/1389 1386/1386/1386 1390/1390/1390
f 1391/1391/1391 1386/1386/1386 1389/1389/1389
f 1389/1389/1389 1392/1392/1392 1393/1393/1393
f 1394/1394/1394 1392/1392/1392 1389/1389/1389
f 1394/1394/1394 1395/1395/1395 1387/1387/1387
f 1387/1387/1387 1395/1395/1395 1396/1396/1396
f 1398/1398/1398 1397/1397/1397 1393/1393/1393
f 1399/1399/1399 1397/1397/1397 1398/1398/1398
f 1394/1394/1394 1400/1400/1400 1398/1398/1398
f 1398/1398/1398 1400/1400/1400 1401/1401/1401
f 1402/1402/1402 1392/1392/1392 1401/1401/1401
f 1399/1399/1399 1392/1392/1392 1402/1402/1402
f 1399/1399/1399 1403/1403/1403 1404/1404/1404
f 1404/1404/1404 1403/1403/1403 1405/1405/1405
f 1407/1407/1407 1406/1406/1406 1405/1405/1405
f 1408/1408/1408 1406/1406/1406 1407/1407/1407
f 1408/1408/1408 1409/1409/1409 1410/1410/1410
f 1410/1410/1410 1409/1409/1409 1411/1411/1411
f 1412/1412/1412 1406/1406/1406 1413/1413/1413
f 1414/1414/1414 1406/1406/1406 1412/1412/1412
f 1412/1412/1412 1403/1403/1403 1415/1415/1415
f 1416/1416/1416 1403/1403/1403 1412/1412/1412
f 1416/1416/1416 1417/1417/1417 1418/1418/1418
f 1418/1418/1418 1417/1417/1417 1419/1419/1419
f 1421/1421/1421 1420/1420/1420 1415/1415/1415
f 1399/1399/1399 1420/1420/1420 1421/1421/1421
f 1408/1408/1408 1422/1422/1422 1423/1423/1423
f 1423/1423/1423 1422/1422/1422 1424/1424/1424
f 1426/1426/1426 1425/1425/1425 1424/1424/1424
f 1427/1427/1427 1425/1425/1425 1426/1426/1426
f 1429/1429/1429 1428/1428/1428 1430/1430/1430
f 1431/1431/1431 1428/1428/1428 1429/1429/1429
f 1433/1433/1433 1432/1432/1432 1430/1430/1430
f 1434/1434/1434 1432/1432/1432 1433/1433/1433
f 1435/1435/1435 1432/1432/1432 1436/1436/1436
f 1437/1437/1437 1432/1432/1432 1435/1435/1435
f 1439/1439/1439 1438/1438/1438 1430/1430/1430
f 1440/1440/1440 1438/1438/1438 1439/1439/1439
f 1442/1442/1442 1441/1441/1441 1430/1430/1430
f 1443/1443/1443 1441/1441/1441 1442/1442/1442
f 1443/1443/1443 1432/1432/1432 1444/1444/1444
f 1444/1444/1444 1432/1432/1432 1445/1445/1445
f 1435/1435/1435 1446/1446/1446 1447/1447/1447
f 1448/1448/1448 1446/1446/1446 1435/1435/1435
f 1449/1449/1449 1446/1446/1446 1450/1450/1450
f 1451/1451/1451 1446/1446/1446 1449/1449/1449
f 1451/1451/1451 1452/1452/1452 1453/1453/1453
f 1453/1453/1453 1452/1452/1452 1454/1454/1454
f 1456/1456/1456 1455/1455/1455 1457/1457/1457
f 1458/1458/1458 1455/1455/1455 1456/1456/1456
f 1456/1456/1456 1459/1459/1459 1460/1460/1460
f 1461/1461/1461 1459/1459/1459 1456/1456/1456
f 1461/1461/1461 1462/1462/1462 1463/1463/1463
f 1463/1463/1463 1462/1462/1462 1464/1464/1464
f 1463/1463/1463 1465/1465/1465 1460/1460/1460
f 1466/1466/1466 1465/1465/1465 1463/1463/1463
f 1467/1467/1467 1459/1459/1459 1464/1464/1464
f 1466/1466/1466 1459/1459/1459 1467/1467/1467
f 1469/1469/1469 1468/1468/1468 1457/1457/1457
f 1470/1470/1470 1468/1468/1468 1469/1469/1469
f 1469/1469/1469 1471/1471/1471 1472/1472/1472
f 1473/1473/1473 1471/1471/1471 1469/1469/1469
f 1475/1475/1475 1474/1474/1474 1476/1476/1476
f 1477/1477/1477 1474/1474/1474 1475/1475/1475
f 1479/1479/1479 1478/1478/1478 1476/1476/1476
f 1480/1480/1480 1478/1478/1478 1479/1479/1479
f 1480/1480/1480 1481/1481/1481 1482/1482/1482
f 1482/1482/1482 1481/1481/1481 1483/1483/1483
f 1484/1484/1484 1474/1474/1474 1485/1485/1485
f 1486/1486/1486 1474/1474/1474 1484/1484/1484
f 1484/1484/1484 1478/1478/1478 1487/1487/1487
f 1488/1488/1488 1478/1478/1478 1484/1484/1484
f 1488/1488/1488 1489/1489/1489 1475/1475/1475
f 1475/1475/1475 1489/1489/1489 1490/1490/1490
f 1492/1492/1492 1491/1491/1491 1490/1490/1490
f 1493/1493/1493 1491/1491/1491 1492/1492/1492
f 1493/1493/1493 1489/1489/1489 1494/1494/1494
f 1494/1494/1494 1489/1489/1489 1495/1495/1495
f 1497/1497/1497 1496/1496/1496 1487/1487/1487
f 1480/1480/1480 1496/1496/1496 1497/1497/1497
f 1494/1494/1494 1498/1498/1498 1499/1499/1499
f 1500/1500/1500 1498/1498/1498 1494/1494/1494
f 1494/1494/1494 1501/1501/1501 1502/1502/1502
f 1503/1503/1503 1501/1501/1501 1504/1504/1504
f 1505/1505/1505 1501/1501/1501 1503/1503/1503
f 1503/1503/1503 1506/1506/1506 1507/1507/1507
f 1508/1508/1508 1506/1506/1506 1503/1503/1503
f 1509/1509/1509 1506/1506/1506 1504/1504/1504
f 1510/1510/1510 1506/1506/1506 1509/1509/1509
f 1505/1505/1505 1511/1511/1511 1512/1512/1512
f 1512/1512/1512 1511/1511/1511 1513/1513/1513
f 1512/1512/1512 1514/1514/1514 1504/1504/1504
f 1515/1515/1515 1514/1514/1514 1512/1512/1512
f 1516/1516/1516 1501/1501/1501 1513/1513/1513
f 1518/1518/1518 1517/1517/1517 1507/1507/1507
f 1519/1519/1519 1517/1517/1517 1518/1518/1518
f 1509/1509/1509 1517/1517/1517 1520/1520/1520
f 1521/1521/1521 1517/1517/1517 1509/1509/1509
f 1522/1522/1522 1511/1511/1511 1523/1523/1523
f 1524/1524/1524 1511/1511/1511 1522/1522/1522
f 1516/1516/1516 1525/1525/1525 1526/1526/1526
f 1527/1527/1527 1525/1525/1525 1516/1516/1516
f 1527/1527/1527 1528/1528/1528 1529/1529/1529
f 1529/1529/1529 1528/1528/1528 1530/1530/1530
f 1531/1531/1531 1528/1528/1528 1532/1532/1532
f 1533/1533/1533 1528/1528/1528 1531/1531/1531
f 1533/1533/1533 1534/1534/1534 1535/1535/1535
f 1535/1535/1535 1534/1534/1534 1536/1536/1536
f 1537/1537/1537 1534/1534/1534 1538/1538/1538
f 1539/1539/1539 1534/1534/1534 1537/1537/1537
f 1537/1537/1537 1540/1540/1540 1541/1541/1541
f 1542/1542/1542 1540/1540/1540 1537/1537/1537
f 1542/1542/1542 1543/1543/1543 1535/1535/1535
f 1535/1535/1535 1543/1543/1543 1544/1544/1544
f 1546/1546/1546 1545/1545/1545 1541/1541/1541
f 1547/1547/1547 1545/1545/1545 1546/1546/1546
f 1542/1542/1542 1548/1548/1548 1546/1546/1546
f 1546/1546/1546 1548/1548/1548 1549/1549/1549
f 1550/1550/1550 1540/1540/1540 1549/1549/1549
f 1547/1547/1547 1540/1540/1540 1550/1550/1550
f 1547/1547/1547 1551/1551/1551 1552/1552/1552
f 1552/1552/1552 1551/1551/1551 1553/1553/1553
f 1555/1555/1555 1554/1554/1554 1553/1553/1553
f 1556/1556/1556 1554/1554/1554 1555/1555/1555
f 1556/1556/1556 1557/1557/1557 1558/1558/1558
f 1558/1558/1558 1557/1557/1557 1559/1559/1559
f 1560/1560/1560 1554/1554/1554 1561/1561/1561
f 1562/1562/1562 1554/1554/1554 1560/1560/1560
f 1560/1560/1560 1551/1551/1551 1563/1563/1563
f 1564/1564/1564 1551/1551/1551 1560/1560/1560
f 1564/1564/1564 1565/1565/1565 1566/1566/1566
f 1566/1566/1566 1565/1565/1565 1567/1567/1567
f 1569/1569/1569 1568/1568/1568 1563/1563/1563
f 1547/1547/1547 1568/1568/1568 1569/1569/1569
f 1556/1556/1556 1570/1570/1570 1571/1571/1571
f 1571/1571/1571 1570/1570/1570 1572/1572/1572
f 1574/1574/1574 1573/1573/1573 1572/1572/1572
f 1575/1575/1575 1573/1573/1573 1574/1574/1574
f 1577/1577/1577 1576/1576/1576 1578/1578/1578
f 1579/1579/1579 1576/1576/1576 1577/1577/1577
f 1581/1581/1581 1580/1580/1580 1578/1578/1578
f 1582/1582/1582 1580/1580/1580 1581/1581/1581
f 1579/1579/1579 1583/1583/1583 1584/1584/1584
f 1584/1584/1584 1583/1583/1583 1585/1585/1585
f 1581/1581/1581 1586/1586/1586 1587/1587/1587
f 1588/1588/1588 1586/1586/1586 1581/1581/1581
f 1588/1588/1588 1589/1589/1589 1590/1590/1590
f 1590/1590/1590 1589/1589/1589 1591/1591/1591
f 1593/1593/1593 1592/1592/1592 1585/1585/1585
f 1594/1594/1594 1592/1592/1592 1593/1593/1593
f 1516/1516/1516 1583/1583/1583 1595/1595/1595
f 1596/1596/1596 1583/1583/1583 1597/1597/1597
f 1599/1599/1599 1598/1598/1598 1597/1597/1597
f 1600/1600/1600 1598/1598/1598 1599/1599/1599
f 1602/1602/1602 1601/1601/1601 1603/1603/1603
f 1604/1604/1604 1601/1601/1601 1602/1602/1602
f 1606/1606/1606 1605/1605/1605 1603/1603/1603
f 1607/1607/1607 1605/1605/1605 1606/1606/1606
f 1608/1608/1608 1605/1605/1605 1609/1609/1609
f 1610/1610/1610 1605/1605/1605 1608/1608/1608
f 1612/1612/1612 1611/1611/1611 1603/1603/1603
f 1613/1613/1613 1611/1611/1611 1612/1612/1612
f 1615/1615/1615 1614/1614/1614 1603/1603/1603
f 1616/1616/1616 1614/1614/1614 1615/1615/1615
f 1616/1616/1616 1605/1605/1605 1617/1617/1617
f 1617/1617/1617 1605/1605/1605 1618/1618/1618
f 1608/1608/1608 1619/1619/1619 1620/1620/1620
f 1621/1621/1621 1619/1619/1619 1608/1608/1608
f 1622/1622/1622 1619/1619/1619 1623/1623/1623
f 1624/1624/1624 1619/1619/1619 1622/1622/1622
f 1624/1624/1624 1625/1625/1625 1626/1626/1626
f 1626/1626/1626 1625/1625/1625 1627/1627/1627
f 1629/1629/1629 1628/1628/1628 1630/1630/1630
f 1631/1631/1631 1628/1628/1628 1629/1629/1629
f 1629/1629/1629 1632/1632/1632 1633/1633/1633
f 1634/1634/1634 1632/1632/1632 1629/1629/1629
f 1634/1634/1634 1635/1635/1635 1636/1636/1636
f 1636/1636/1636 1635/1635/1635 1637/1637/1637
f 1636/1636/1636 1638/1638/1638 1633/1633/1633
f 1639/1639/1639 1638/1638/1638 1636/1636/1636
f 1640/1640/1640 1632/1632/1632 1637/1637/1637
f 1639/1639/1639 1632/1632/1632 1640/1640/1640
f 1641/1641/1641 1628/1628/1628 1642/1642/1642
f 1643/1643/1643 1628/1628/1628 1641/1641/1641
f 1641/1641/1641 1644/1644/1644 1645/1645/1645
f 1646/1646/1646 1644/1644/1644 1641/1641/1641
f 1648/1648/1648 1647/1647/1647 1649/1649/1649
f 1650/1650/1650 1647/1647/1647 1648/1648/1648
f 1652/1652/1652 1651/1651/1651 1649/1649/1649
f 1653/1653/1653 1651/1651/1651 1652/1652/1652
f 1653/1653/1653 1654/1654/1654 1655/1655/1655
f 1655/1655/1655 1654/1654/1654 1656/1656/1656
f 1657/1657/1657 1647/1647/1647 1658/1658/1658
f 1659/1659/1659 1647/1647/1647 1657/1657/1657
f 1657/1657/1657 1651/1651/1651 1660/1660/1660
f 1661/1661/1661 1651/1651/1651 1657/1657/1657
f 1661/1661/1661 1662/1662/1662 1648/1648/1648
f 1648/1648/1648 1662/1662/1662 1663/1663/1663
f 1665/1665/1665 1664/1664/1664 1663/1663/1663
f 1666/1666/1666 1664/1664/1664 1665/1665/1665
f 1666/1666/1666 1662/1662/1662 1667/1667/1667
f 1667/1667/1667 1662/1662/1662 1668/1668/1668
f 1670/1670/1670 1669/1669/1669 1660/1660/1660
f 1653/1653/1653 1669/1669/1669 1670/1670/1670
f 1667/1667/1667 1671/1671/1671 1672/1672/1672
f 1673/1673/1673 1671/1671/1671 1667/1667/1667
f 1667/1667/1667 1674/1674/1674 1675/1675/1675
f 1676/1676/1676 1674/1674/1674 1677/1677/1677
f 1678/1678/1678 1674/1674/1674 1676/1676/1676
f 1676/1676/1676 1679/1679/1679 1680/1680/1680
f 1681/1681/1681 1679/1679/1679 1676/1676/1676
f 1683/1683/1683 1682/1682/1682 1675/1675/1675
f 1678/1678/1678 1682/1682/1682 1683/1683/1683
f 1685/1685/1685 1684/1684/1684 1680/1680/1680
f 1686/1686/1686 1684/1684/1684 1685/1685/1685
f 1683/1683/1683 1687/1687/1687 1688/1688/1688
f 1689/1689/1689 1687/1687/1687 1683/1683/1683
f 1690/1690/1690 1679/1679/1679 1688/1688/1688
f 1691/1691/1691 1679/1679/1679 1690/1690/1690
f 1690/1690/1690 1684/1684/1684 1692/1692/1692
f 1693/1693/1693 1684/1684/1684 1690/1690/1690
f 1694/1694/1694 1682/1682/1682 1695/1695/1695
f 1696/1696/1696 1682/1682/1682 1694/1694/1694
f 1698/1698/1698 1697/1697/1697 1699/1699/1699
f 1700/1700/1700 1697/1697/1697 1698/1698/1698
f 1702/1702/1702 1701/1701/1701 1699/1699/1699
f 1703/1703/1703 1701/1701/1701 1702/1702/1702
f 1700/1700/1700 1704/1704/1704 1705/1705/1705
f 1705/1705/1705 1704/1704/1704 1706/1706/1706
f 1707/1707/1707 1697/1697/1697 1706/1706/1706
f 1708/1708/1708 1697/1697/1697 1707/1707/1707
f 1698/1698/1698 1709/1709/1709 1710/1710/1710
f 1711/1711/1711 1709/1709/1709 1698/1698/1698
f 1712/1712/1712 1704/1704/1704 1710/1710/1710
f 1712/1712/1712 1713/1713/1713 1714/1714/1714
f 1715/1715/1715 1713/1713/1713 1712/1712/1712
f 1715/1715/1715 1716/1716/1716 1717/1717/1717
f 1717/1717/1717 1716/1716/1716 1718/1718/1718
f 1719/1719/1719 1716/1716/1716 1720/1720/1720
f 1721/1721/1721 1716/1716/1716 1719/1719/1719
f 1721/1721/1721 1722/1722/1722 1723/1723/1723
f 1723/1723/1723 1722/1722/1722 1724/1724/1724
f 1725/1725/1725 1722/1722/1722 1726/1726/1726
f 1727/1727/1727 1722/1722/1722 1725/1725/1725
f 1725/1725/1725 1728/1728/1728 1729/1729/1729
f 1730/1730/1730 1728/1728/1728 1725/1725/1725
f 1730/1730/1730 1731/1731/1731 1723/1723/1723
f 1723/1723/1723 1731/1731/1731 1732/1732/1732
f 1734/1734/1734 1733/1733/1733 1729/1729/1729
f 1735/1735/1735 1733/1733/1733 1734/1734/1734
f 1730/1730/1730 1736/1736/1736 1734/1734/1734
f 1734/1734/1734 1736/1736/1736 1737/1737/1737
f 1738/1738/1738 1728/1728/1728 1737/1737/1737
f 1735/1735/1735 1728/1728/1728 1738/1738/1738
f 1735/1735/1735 1739/1739/1739 1740/1740/1740
f 1740/1740/1740 1739/1739/1739 1741/1741/1741
f 1743/1743/1743 1742/1742/1742 1741/1741/1741
f 1744/1744/1744 1742/1742/1742 1743/1743/1743
f 1744/1744/1744 1745/1745/1745 1746/1746/1746
f 1746/1746/1746 1745/1745/1745 1747/1747/1747
f 1748/1748/1748 1716/1716/1716 1732/1732/1732
f 1749/1749/1749 1716/1716/1716 1748/1748/1748
f 1749/1749/1749 1750/1750/1750 1717/1717/1717
f 1717/1717/1717 1750/1750/1750 1751/1751/1751
f 1752/1752/1752 1739/1739/1739 1753/1753/1753
f 1752/1752/1752 1754/1754/1754 1755/1755/1755
f 1756/1756/1756 1754/1754/1754 1752/1752/1752
f 1757/1757/1757 1739/1739/1739 1752/1752/1752
f 1757/1757/1757 1758/1758/1758 1759/1759/1759
f 1759/1759/1759 1758/1758/1758 1760/1760/1760
f 1762/1762/1762 1761/1761/1761 1753/1753/1753
f 1735/1735/1735 1761/1761/1761 1762/1762/1762
f 1764/1764/1764 1763/1763/1763 1765/1765/1765
f 1766/1766/1766 1763/1763/1763 1764/1764/1764
f 1768/1768/1768 1767/1767/1767 1765/1765/1765
f 1769/1769/1769 1767/1767/1767 1768/1768/1768
f 1770/1770/1770 1767/1767/1767 1771/1771/1771
f 1772/1772/1772 1767/1767/1767 1770/1770/1770
f 1774/1774/1774 1773/1773/1773 1765/1765/1765
f 1775/1775/1775 1773/1773/1773 1774/1774/1774
f 1777/1777/1777 1776/1776/1776 1765/1765/1765
f 1778/1778/1778 1776/1776/1776 1777/1777/1777
f 1778/1778/1778 1767/1767/1767 1779/1779/1779
f 1779/1779/1779 1767/1767/1767 1780/1780/1780
f 1770/1770/1770 1781/1781/1781 1782/1782/1782
f 1783/1783/1783 1781/1781/1781 1770/1770/1770
f 1784/1784/1784 1781/1781/1781 1785/1785/1785
f 1786/1786/1786 1781/1781/1781 1784/1784/1784
f 1786/1786/1786 1787/1787/1787 1788/1788/1788
f 1788/1788/1788 1787/1787/1787 1789/1789/1789
f 1791/1791/1791 1790/1790/1790 1792/1792/1792
f 1793/1793/1793 1790/1790/1790 1791/1791/1791
f 1791/1791/1791 1794/1794/1794 1795/1795/1795
f 1796/1796/1796 1794/1794/1794 1791/1791/1791
f 1796/1796/1796 1797/1797/1797 1798/1798/1798
f 1798/1798/1798 1797/1797/1797 1799/1799/1799
f 1798/1798/1798 1800/1800/1800 1795/1795/1795
f 1801/1801/1801 1800/1800/1800 1798/1798/1798
f 1802/1802/1802 1794/1794/1794 1799/1799/1799
f 1801/1801/1801 1794/1794/1794 1802/1802/1802
f 1804/1804/1804 1803/1803/1803 1792/1792/1792
f 1805/1805/1805 1803/1803/1803 1804/1804/1804
f 1804/1804/1804 1790/1790/1790 1806/1806/1806
f 1807/1807/1807 1790/1790/1790 1804/1804/1804
f 1809/1809/1809 1808/1808/1808 1810/1810/1810
f 1811/1811/1811 1808/1808/1808 1809/1809/1809
f 1813/1813/1813 1812/1812/1812 1810/1810/1810
f 1814/1814/1814 1812/1812/1812 1813/1813/1813
f 1814/1814/1814 1815/1815/1815 1816/1816/1816
f 1816/1816/1816 1815/1815/1815 1817/1817/1817
f 1818/1818/1818 1808/1808/1808 1819/1819/1819
f 1820/1820/1820 1808/1808/1808 1818/1818/1818
f 1818/1818/1818 1812/1812/1812 1821/1821/1821
f 1822/1822/1822 1812/1812/1812 1818/1818/1818
f 1822/1822/1822 1823/1823/1823 1809/1809/1809
f 1809/1809/1809 1823/1823/1823 1824/1824/1824
f 1826/1826/1826 1825/1825/1825 1824/1824/1824
f 1827/1827/1827 1825/1825/1825 1826/1826/1826
f 1827/1827/1827 1823/1823/1823 1828/1828/1828
f 1828/1828/1828 1823/1823/1823 1829/1829/1829
f 1831/1831/1831 1830/1830/1830 1821/1821/1821
f 1814/1814/1814 1830/1830/1830 1831/1831/1831
f 1828/1828/1828 1832/1832/1832 1833/1833/1833
f 1834/1834/1834 1832/1832/1832 1828/1828/1828
f 1836/1836/1836 1835/1835/1835 1837/1837/1837
f 1838/1838/1838 1835/1835/1835 1836/1836/1836
f 1836/1836/1836 1839/1839/1839 1840/1840/1840
f 1841/1841/1841 1839/1839/1839 1836/1836/1836
f 1842/1842/1842 1835/1835/1835 1840/1840/1840
f 1843/1843/1843 1835/1835/1835 1842/1842/1842
f 1841/1841/1841 1844/1844/1844 1845/1845/1845
f 1845/1845/1845 1844/1844/1844 1846/1846/1846
f 1845/1845/1845 1847/1847/1847 1840/1840/1840
f 1848/1848/1848 1847/1847/1847 1845/1845/1845
f 1850/1850/1850 1849/1849/1849 1837/1837/1837
f 1851/1851/1851 1849/1849/1849 1850/1850/1850
f 1842/1842/1842 1849/1849/1849 1852/1852/1852
f 1853/1853/1853 1849/1849/1849 1842/1842/1842
f 1845/1845/1845 1854/1854/1854 1855/1855/1855
f 1856/1856/1856 1854/1854/1854 1857/1857/1857
f 1858/1858/1858 1854/1854/1854 1856/1856/1856
f 1858/1858/1858 1859/1859/1859 1860/1860/1860
f 1860/1860/1860 1859/1859/1859 1861/1861/1861
f 1863/1863/1863 1862/1862/1862 1861/1861/1861
f 1864/1864/1864 1862/1862/1862 1863/1863/1863
f 1866/1866/1866 1865/1865/1865 1861/1861/1861
f 1867/1867/1867 1865/1865/1865 1866/1866/1866
f 1867/1867/1867 1868/1868/1868 1863/1863/1863
f 1863/1863/1863 1868/1868/1868 1869/1869/1869
f 1860/1860/1860 1870/1870/1870 1871/1871/1871
f 1872/1872/1872 1870/1870/1870 1860/1860/1860
f 1873/1873/1873 1859/1859/1859 1874/1874/1874
f 1875/1875/1875 1859/1859/1859 1873/1873/1873
f 1845/1845/1845 1870/1870/1870 1876/1876/1876
f 1845/1845/1845 1877/1877/1877 1878/1878/1878
f 1880/1880/1880 1879/1879/1879 1881/1881/1881
f 1882/1882/1882 1879/1879/1879 1880/1880/1880
f 1880/1880/1880 1883/1883/1883 1884/1884/1884
f 1885/1885/1885 1883/1883/1883 1880/1880/1880
f 1887/1887/1887 1886/1886/1886 1884/1884/1884
f 1888/1888/1888 1886/1886/1886 1887/1887/1887
f 1885/1885/1885 1889/1889/1889 1887/1887/1887
f 1887/1887/1887 1889/1889/1889 1890/1890/1890
f 1891/1891/1891 1883/1883/1883 1890/1890/1890
f 1888/1888/1888 1883/1883/1883 1891/1891/1891
f 1888/1888/1888 1892/1892/1892 1893/1893/1893
f 1893/1893/1893 1892/1892/1892 1894/1894/1894
f 1895/1895/1895 1892/1892/1892 1896/1896/1896
f 1897/1897/1897 1892/1892/1892 1895/1895/1895
f 1895/1895/1895 1898/1898/1898 1899/1899/1899
f 1900/1900/1900 1898/1898/1898 1895/1895/1895
f 1897/1897/1897 1901/1901/1901 1902/1902/1902
f 1902/1902/1902 1901/1901/1901 1903/1903/1903
f 1905/1905/1905 1904/1904/1904 1896/1896/1896
f 1888/1888/1888 1904/1904/1904 1905/1905/1905
f 1907/1907/1907 1906/1906/1906 1908/1908/1908
f 1909/1909/1909 1906/1906/1906 1907/1907/1907
f 1911/1911/1911 1910/1910/1910 1908/1908/1908
f 1912/1912/1912 1910/1910/1910 1911/1911/1911
f 1913/1913/1913 1910/1910/1910 1914/1914/1914
f 1915/1915/1915 1910/1910/1910 1913/1913/1913
f 1917/1917/1917 1916/1916/1916 1908/1908/1908
f 1918/1918/1918 1916/1916/1916 1917/1917/1917
f 1920/1920/1920 1919/1919/1919 1908/1908/1908
f 1921/1921/1921 1919/1919/1919 1920/1920/1920
f 1921/1921/1921 1910/1910/1910 1922/1922/1922
f 1922/1922/1922 1910/1910/1910 1923/1923/1923
f 1925/1925/1925 1924/1924/1924 1926/1926/1926
f 1927/1927/1927 1924/1924/1924 1925/1925/1925
f 1927/1927/1927 1928/1928/1928 1929/1929/1929
f 1929/1929/1929 1928/1928/1928 1930/1930/1930
f 1927/1927/1927 1931/1931/1931 1932/1932/1932
f 1932/1932/1932 1931/1931/1931 1933/1933/1933
f 1935/1935/1935 1934/1934/1934 1933/1933/1933
f 1936/1936/1936 1934/1934/1934 1935/1935/1935
f 1938/1938/1938 1937/1937/1937 1939/1939/1939
f 1940/1940/1940 1937/1937/1937 1938/1938/1938
f 1938/1938/1938 1941/1941/1941 1942/1942/1942
f 1943/1943/1943 1941/1941/1941 1938/1938/1938
f 1943/1943/1943 1944/1944/1944 1945/1945/1945
f 1945/1945/1945 1944/1944/1944 1946/1946/1946
f 1945/1945/1945 1947/1947/1947 1942/1942/1942
f 1948/1948/1948 1947/1947/1947 1945/1945/1945
f 1949/1949/1949 1941/1941/1941 1946/1946/1946
f 1948/1948/1948 1941/1941/1941 1949/1949/1949
f 1951/1951/1951 1950/1950/1950 1939/1939/1939
f 1952/1952/1952 1950/1950/1950 1951/1951/1951
f 1951/1951/1951 1937/1937/1937 1953/1953/1953
f 1954/1954/1954 1937/1937/1937 1951/1951/1951
f 1956/1956/1956 1955/1955/1955 1957/1957/1957
f 1958/1958/1958 1955/1955/1955 1956/1956/1956
f 1960/1960/1960 1959/1959/1959 1957/1957/1957
f 1961/1961/1961 1959/1959/1959 1960/1960/1960
f 1961/1961/1961 1962/1962/1962 1963/1963/1963
f 1963/1963/1963 1962/1962/1962 1964/1964/1964
f 1965/1965/1965 1955/1955/1955 1966/1966/1966
f 1967/1967/1967 1955/1955/1955 1965/1965/1965
f 1965/1965/1965 1959/1959/1959 1968/1968/1968
f 1969/1969/1969 1959/1959/1959 1965/1965/1965
f 1969/1969/1969 1970/1970/1970 1956/1956/1956
f 1956/1956/1956 1970/1970/1970 1971/1971/1971
f 1973/1973/1973 1972/1972/1972 1971/1971/1971
f 1974/1974/1974 1972/1972/1972 1973/1973/1973
f 1974/1974/1974 1970/1970/1970 1975/1975/1975
f 1975/1975/1975 1970/1970/1970 1976/1976/1976
f 1978/1978/1978 1977/1977/1977 1968/1968/1968
f 1961/1961/1961 1977/1977/1977 1978/1978/1978
f 1975/1975/1975 1979/1979/1979 1980/1980/1980
f 1981/1981/1981 1979/1979/1979 1975/1975/1975
f 1983/1983/1983 1982/1982/1982 1984/1984/1984
f 1985/1985/1985 1982/1982/1982 1983/1983/1983
f 1983/1983/1983 1986/1986/1986 1987/1987/1987
f 1988/1988/1988 1986/1986/1986 1983/1983/1983
f 1988/1988/1988 1989/1989/1989 1990/1990/1990
f 1990/1990/1990 1989/1989/1989 1991/1991/1991
f 1993/1993/1993 1992/1992/1992 1984/1984/1984
f 1994/1994/1994 1992/1992/1992 1993/1993/1993
f 1990/1990/1990 1995/1995/1995 1996/1996/1996
f 1997/1997/1997 1995/1995/1995 1990/1990/1990
f 1998/1998/1998 1982/1982/1982 1996/1996/1996
f 1998/1998/1998 1992/1992/1992 1999/1999/1999
f 2000/2000/2000 1992/1992/1992 1998/1998/1998
f 2001/2001/2001 1982/1982/1982 1998/1998/1998
f 2002/2002/2002 1989/1989/1989 2003/2003/2003
f 2004/2004/2004 1989/1989/1989 2002/2002/2002
f 2006/2006/2006 2005/2005/2005 1991/1991/1991
f 2006/2006/2006 2007/2007/2007 2008/2008/2008
f 2009/2009/2009 2007/2007/2007 2010/2010/2010
f 2011/2011/2011 2007/2007/2007 2009/2009/2009
f 2009/2009/2009 2012/2012/2012 2013/2013/2013
f 2014/2014/2014 2012/2012/2012 2009/2009/2009
f 2016/2016/2016 2015/2015/2015 2013/2013/2013
f 2017/2017/2017 2015/2015/2015 2016/2016/2016
f 2014/2014/2014 2018/2018/2018 2019/2019/2019
f 2019/2019/2019 2018/2018/2018 2020/2020/2020
f 2021/2021/2021 2012/2012/2012 2020/2020/2020
f 2022/2022/2022 2012/2012/2012 2021/2021/2021
f 2024/2024/2024 2023/2023/2023 2013/2013/2013
f 2025/2025/2025 2023/2023/2023 2024/2024/2024
f 2025/2025/2025 2026/2026/2026 2016/2016/2016
f 2016/2016/2016 2026/2026/2026 2027/2027/2027
f 2029/2029/2029 2028/2028/2028 2030/2030/2030
f 2031/2031/2031 2028/2028/2028 2029/2029/2029
f 2032/2032/2032 2028/2028/2028 2033/2033/2033
f 2034/2034/2034 2028/2028/2028 2032/2032/2032
f 2034/2034/2034 2035/2035/2035 2036/2036/2036
f 2036/2036/2036 2035/2035/2035 2037/2037/2037
f 2038/2038/2038 2035/2035/2035 2039/2039/2039
f 2040/2040/2040 2035/2035/2035 2038/2038/2038
f 2032/2032/2032 2041/2041/2041 2039/2039/2039
f 2042/2042/2042 2041/2041/2041 2032/2032/2032
f 2042/2042/2042 2043/2043/2043 2044/2044/2044
f 2044/2044/2044 2043/2043/2043 2045/2045/2045
f 2047/2047/2047 2046/2046/2046 2045/2045/2045
f 2048/2048/2048 2046/2046/2046 2047/2047/2047
f 2042/2042/2042 2049/2049/2049 2047/2047/2047
f 2047/2047/2047 2049/2049/2049 2050/2050/2050
f 2051/2051/2051 2043/2043/2043 2050/2050/2050
f 2048/2048/2048 2043/2043/2043 2051/2051/2051
f 2048/2048/2048 2052/2052/2052 2053/2053/2053
f 2053/2053/2053 2052/2052/2052 2054/2054/2054
f 2056/2056/2056 2055/2055/2055 2054/2054/2054
f 2057/2057/2057 2055/2055/2055 2056/2056/2056
f 2057/2057/2057 2058/2058/2058 2059/2059/2059
f 2059/2059/2059 2058/2058/2058 2060/2060/2060
f 2061/2061/2061 2055/2055/2055 2062/2062/2062
f 2063/2063/2063 2055/2055/2055 2061/2061/2061
f 2061/2061/2061 2052/2052/2052 2064/2064/2064
f 2065/2065/2065 2052/2052/2052 2061/2061/2061
f 2065/2065/2065 2066/2066/2066 2067/2067/2067
f 2067/2067/2067 2066/2066/2066 2068/2068/2068
f 2070/2070/2070 2069/2069/2069 2064/2064/2064
f 2048/2048/2048 2069/2069/2069 2070/2070/2070
f 2072/2072/2072 2071/2071/2071 2073/2073/2073
f 2074/2074/2074 2071/2071/2071 2072/2072/2072
f 2076/2076/2076 2075/2075/2075 2073/2073/2073
f 2077/2077/2077 2075/2075/2075 2076/2076/2076
f 2078/2078/2078 2075/2075/2075 2079/2079/2079
f 2080/2080/2080 2075/2075/2075 2078/2078/2078
f 2082/2082/2082 2081/2081/2081 2073/2073/2073
f 2083/2083/2083 2081/2081/2081 2082/2082/2082
f 2085/2085/2085 2084/2084/2084 2073/2073/2073
f 2086/2086/2086 2084/2084/2084 2085/2085/2085
f 2086/2086/2086 2075/2075/2075 2087/2087/2087
f 2087/2087/2087 2075/2075/2075 2088/2088/2088
f 2078/2078/2078 2089/2089/2089 2090/2090/2090
f 2091/2091/2091 2089/2089/2089 2078/2078/2078
f 2092/2092/2092 2089/2089/2089 2093/2093/2093
f 2094/2094/2094 2089/2089/2089 2092/2092/2092
f 2094/2094/2094 2095/2095/2095 2096/2096/2096
f 2096/2096/2096 2095/2095/2095 2097/2097/2097
f 2099/2099/2099 2098/2098/2098 2100/2100/2100
f 2101/2101/2101 2098/2098/2098 2099/2099/2099
f 2103/2103/2103 2102/2102/2102 2104/2104/2104
f 2105/2105/2105 2102/2102/2102 2103/2103/2103
f 2107/2107/2107 2106/2106/2106 2108/2108/2108
f 2109/2109/2109 2106/2106/2106 2107/2107/2107
f 1381/1381/1381 2110/2110/2110 2111/2111/2111
f 2112/2112/2112 2110/2110/2110 1381/1381/1381
f 2112/2112/2112 1380/1380/1380 2113/2113/2113
f 2113/2113/2113 1380/1380/1380 1396/1396/1396
f 2115/2115/2115 2114/2114/2114 2116/2116/2116
f 2117/2117/2117 2114/2114/2114 2115/2115/2115
f 2119/2119/2119 2118/2118/2118 2120/2120/2120
f 2121/2121/2121 2118/2118/2118 2119/2119/2119
f 2123/2123/2123 2122/2122/2122 2124/2124/2124
f 2125/2125/2125 2122/2122/2122 2123/2123/2123
f 1529/1529/1529 2126/2126/2126 2127/2127/2127
f 2128/2128/2128 2126/2126/2126 1529/1529/1529
f 2128/2128/2128 1528/1528/1528 2129/2129/2129
f 2129/2129/2129 1528/1528/1528 1544/1544/1544
f 2131/2131/2131 2130/2130/2130 2132/2132/2132
f 2133/2133/2133 2130/2130/2130 2131/2131/2131
f 2135/2135/2135 2134/2134/2134 2136/2136/2136
f 2137/2137/2137 2134/2134/2134 2135/2135/2135
f 2137/2137/2137 2138/2138/2138 2139/2139/2139
f 2139/2139/2139 2138/2138/2138 2140/2140/2140
f 2142/2142/2142 2141/2141/2141 2143/2143/2143
f 2144/2144/2144 2141/2141/2141 2142/2142/2142
f 2146/2146/2146 2145/2145/2145 2147/2147/2147
f 2148/2148/2148 2145/2145/2145 2146/2146/2146
f 2150/2150/2150 2149/2149/2149 2147/2147/2147
f 1744/1744/1744 2149/2149/2149 2150/2150/2150
f 2152/2152/2152 2151/2151/2151 2153/2153/2153
f 2154/2154/2154 2151/2151/2151 2152/2152/2152
f 2156/2156/2156 2155/2155/2155 2157/2157/2157
f 2158/2158/2158 2155/2155/2155 2156/2156/2156
f 2160/2160/2160 2159/2159/2159 2161/2161/2161
f 2162/2162/2162 2159/2159/2159 2160/2160/2160
f 2162/2162/2162 2163/2163/2163 2164/2164/2164
f 2164/2164/2164 2163/2163/2163 2165/2165/2165
f 2166/2166/2166 2163/2163/2163 2167/2167/2167
f 2168/2168/2168 2163/2163/2163 2166/2166/2166
f 2160/2160/2160 2169/2169/2169 2167/2167/2167
f 1885/1885/1885 2169/2169/2169 2160/2160/2160
f 2168/2168/2168 2170/2170/2170 2171/2171/2171
f 2171/2171/2171 2170/2170/2170 2172/2172/2172
f 2171/2171/2171 2163/2163/2163 2173/2173/2173
f 2174/2174/2174 2163/2163/2163 2171/2171/2171
f 2174/2174/2174 2175/2175/2175 2176/2176/2176
f 2176/2176/2176 2175/2175/2175 2177/2177/2177
f 2179/2179/2179 2178/2178/2178 2180/2180/2180
f 2181/2181/2181 2178/2178/2178 2179/2179/2179
f 2183/2183/2183 2182/2182/2182 2184/2184/2184
f 2185/2185/2185 2182/2182/2182 2183/2183/2183
f 2186/2186/2186 2182/2182/2182 2187/2187/2187
f 2188/2188/2188 2182/2182/2182 2186/2186/2186
f 2185/2185/2185 2189/2189/2189 2190/2190/2190
f 2190/2190/2190 2189/2189/2189 2191/2191/2191
f 2193/2193/2193 2192/2192/2192 2194/2194/2194
f 2195/2195/2195 2192/2192/2192 2193/2193/2193
f 2197/2197/2197 2196/2196/2196 2198/2198/2198
f 2199/2199/2199 2196/2196/2196 2197/2197/2197
f 2201/2201/2201 2200/2200/2200 2202/2202/2202
f 2203/2203/2203 2200/2200/2200 2201/2201/2201
f 2205/2205/2205 2204/2204/2204 2206/2206/2206
f 2207/2207/2207 2204/2204/2204 2205/2205/2205
f 2209/2209/2209 2208/2208/2208 2210/2210/2210
f 2211/2211/2211 2208/2208/2208 2209/2209/2209
f 2213/2213/2213 2212/2212/2212 2214/2214/2214
f 2215/2215/2215 2212/2212/2212 2213/2213/2213
f 2216/2216/2216 2212/2212/2212 2217/2217/2217
f 2218/2218/2218 2212/2212/2212 2216/2216/2216
f 2220/2220/2220 2219/2219/2219 2221/2221/2221
f 2222/2222/2222 2219/2219/2219 2220/2220/2220
f 2223/2223/2223 1214/1214/1214 2224/2224/2224
f 2225/2225/2225 1214/1214/1214 2223/2223/2223
f 2227/2227/2227 2226/2226/2226 2228/2228/2228
f 2229/2229/2229 2226/2226/2226 2227/2227/2227
f 2231/2231/2231 2230/2230/2230 2232/2232/2232
f 2233/2233/2233 2230/2230/2230 2231/2231/2231
f 2235/2235/2235 2234/2234/2234 2236/2236/2236
f 2237/2237/2237 2234/2234/2234 2235/2235/2235
f 2239/2239/2239 2238/2238/2238 2236/2236/2236
f 2240/2240/2240 2238/2238/2238 2239/2239/2239
f 2242/2242/2242 2241/2241/2241 2243/2243/2243
f 2244/2244/2244 2241/2241/2241 2242/2242/2242
f 2246/2246/2246 2245/2245/2245 2247/2247/2247
f 2040/2040/2040 2245/2245/2245 2246/2246/2246
f 2246/2246/2246 2035/2035/2035 2248/2248/2248
f 2249/2249/2249 2035/2035/2035 2246/2246/2246
f 2249/2249/2249 2250/2250/2250 2251/2251/2251
f 2251/2251/2251 2250/2250/2250 2252/2252/2252
f 2254/2254/2254 2253/2253/2253 2255/2255/2255
f 1162/1162/1162 2253/2253/2253 2254/2254/2254
f 2257/2257/2257 2256/2256/2256 1161/1161/1161
f 1165/1165/1165 2256/2256/2256 2257/2257/2257
f 2259/2259/2259 2258/2258/2258 2260/2260/2260
f 2261/2261/2261 2258/2258/2258 2259/2259/2259
f 2263/2263/2263 2262/2262/2262 2264/2264/2264
f 2265/2265/2265 2262/2262/2262 2263/2263/2263
f 2267/2267/2267 2266/2266/2266 2268/2268/2268
f 2269/2269/2269 2266/2266/2266 2267/2267/2267
f 2271/2271/2271 2270/2270/2270 2272/2272/2272
f 2273/2273/2273 2270/2270/2270 2271/2271/2271
f 2275/2275/2275 2274/2274/2274 2276/2276/2276
f 2277/2277/2277 2274/2274/2274 2275/2275/2275
f 2279/2279/2279 2278/2278/2278 2280/2280/2280
f 2281/2281/2281 2278/2278/2278 2279/2279/2279
f 2283/2283/2283 2282/2282/2282 2284/2284/2284
f 2285/2285/2285 2282/2282/2282 2283/2283/2283
f 2287/2287/2287 2286/2286/2286 2288/2288/2288
f 2289/2289/2289 2286/2286/2286 2287/2287/2287
f 2291/2291/2291 2290/2290/2290 2292/2292/2292
f 2293/2293/2293 2290/2290/2290 2291/2291/2291
f 2295/2295/2295 2294/2294/2294 2296/2296/2296
f 2297/2297/2297 2294/2294/2294 2295/2295/2295
f 2299/2299/2299 2298/2298/2298 2300/2300/2300
f 2301/2301/2301 2298/2298/2298 2299/2299/2299
f 2303/2303/2303 2302/2302/2302 2304/2304/2304
f 2305/2305/2305 2302/2302/2302 2303/2303/2303
f 2307/2307/2307 2306/2306/2306 2308/2308/2308
f 2309/2309/2309 2306/2306/2306 2307/2307/2307
f 2311/2311/2311 2310/2310/2310 2312/2312/2312
f 2313/2313/2313 2310/2310/2310 2311/2311/2311
f 2315/2315/2315 2314/2314/2314 2316/2316/2316
f 2317/2317/2317 2314/2314/2314 2315/2315/2315
f 2314/2314/2314 2318/2318/2318 2316/2316/2316
f 2319/2319/2319 2318/2318/2318 2314/2314/2314
f 2318/2318/2318 2319/2319/2319 2320/2320/2320
f 2320/2320/2320 2319/2319/2319 2321/2321/2321
f 2321/2321/2321 2322/2322/2322 2320/2320/2320
f 2320/2320/2320 2322/2322/2322 2323/2323/2323
f 2315/2315/2315 2316/2316/2316 2324/2324/2324
f 2324/2324/2324 2316/2316/2316 2325/2325/2325
f 2326/2326/2326 2316/2316/2316 2318/2318/2318
f 2325/2325/2325 2316/2316/2316 2326/2326/2326
f 2327/2327/2327 2318/2318/2318 2320/2320/2320
f 2326/2326/2326 2318/2318/2318 2327/2327/2327
f 2320/2320/2320 2323/2323/2323 2327/2327/2327
f 2327/2327/2327 2323/2323/2323 2328/2328/2328
f 2325/2325/2325 2329/2329/2329 2324/2324/2324
f 2330/2330/2330 2329/2329/2329 2325/2325/2325
f 2331/2331/2331 2325/2325/2325 2326/2326/2326
f 2330/2330/2330 2325/2325/2325 2331/2331/2331
f 2332/2332/2332 2326/2326/2326 2327/2327/2327
f 2331/2331/2331 2326/2326/2326 2332/2332/2332
f 2327/2327/2327 2328/2328/2328 2332/2332/2332
f 2332/2332/2332 2328/2328/2328 2333/2333/2333
f 2330/2330/2330 2334/2334/2334 2329/2329/2329
f 2335/2335/2335 2334/2334/2334 2330/2330/2330
f 2336/2336/2336 2330/2330/2330 2331/2331/2331
f 2335/2335/2335 2330/2330/2330 2336/2336/2336
f 2337/2337/2337 2331/2331/2331 2332/2332/2332
f 2336/2336/2336 2331/2331/2331 2337/2337/2337
f 2332/2332/2332 2333/2333/2333 2337/2337/2337
f 2337/2337/2337 2333/2333/2333 2338/2338/2338
f 2335/2335/2335 2339/2339/2339 2334/2334/2334
f 2340/2340/2340 2339/2339/2339 2335/2335/2335
f 2341/2341/2341 2335/2335/2335 2336/2336/2336
f 2340/2340/2340 2335/2335/2335 2341/2341/2341
f 2342/2342/2342 2336/2336/2336 2337/2337/2337
f 2341/2341/2341 2336/2336/2336 2342/2342/2342
f 2337/2337/2337 2338/2338/2338 2342/2342/2342
f 2342/2342/2342 2338/2338/2338 2343/2343/2343
f 2340/2340/2340 2344/2344/2344 2339/2339/2339
f 2345/2345/2345 2344/2344/2344 2340/2340/2340
f 2346/2346/2346 2340/2340/2340 2341/2341/2341
f 2345/2345/2345 2340/2340/2340 2346/2346/2346
f 2347/2347/2347 2341/2341/2341 2342/2342/2342
f 2346/2346/2346 2341/2341/2341 2347/2347/2347
f 2342/2342/2342 2343/2343/2343 2347/2347/2347
f 2347/2347/2347 2343/2343/2343 2348/2348/2348
f 2345/2345/2345 2349/2349/2349 2344/2344/2344
f 2350/2350/2350 2349/2349/2349 2345/2345/2345
f 2351/2351/2351 2345/2345/2345 2346/2346/2346
f 2350/2350/2350 2345/2345/2345 2351/2351/2351
f 2352/2352/2352 2346/2346/2346 2347/2347/2347
f 2351/2351/2351 2346/2346/2346 2352/2352/2352
f 2347/2347/2347 2348/2348/2348 2352/2352/2352
f 2352/2352/2352 2348/2348/2348 2353/2353/2353
f 2350/2350/2350 2354/2354/2354 2349/2349/2349
f 2355/2355/2355 2354/2354/2354 2350/2350/2350
f 2356/2356/2356 2350/2350/2350 2351/2351/2351
f 2355/2355/2355 2350/2350/2350 2356/2356/2356
f 2357/2357/2357 2351/2351/2351 2352/2352/2352
f 2356/2356/2356 2351/2351/2351 2357/2357/2357
f 2352/2352/2352 2353/2353/2353 2357/2357/2357
f 2357/2357/2357 2353/2353/2353 2358/2358/2358
f 2355/2355/2355 2359/2359/2359 2354/2354/2354
f 2360/2360/2360 2359/2359/2359 2355/2355/2355
f 2361/2361/2361 2355/2355/2355 2356/2356/2356
f 2360/2360/2360 2355/2355/2355 2361/2361/2361
f 2362/2362/2362 2356/2356/2356 2357/2357/2357
f 2361/2361/2361 2356/2356/2356 2362/2362/2362
f 2357/2357/2357 2358/2358/2358 2362/2362/2362
f 2362/2362/2362 2358/2358/2358 2363/2363/2363
f 2365/2365/2365 2364/2364/2364 2366/2366/2366
f 2367/2367/2367 2364/2364/2364 2365/2365/2365
f 2367/2367/2367 2365/2365/2365 2368/2368/2368
f 2368/2368/2368 2365/2365/2365 2369/2369/2369
f 2368/2368/2368 2369/2369/2369 2370/2370/2370
f 2370/2370/2370 2369/2369/2369 2371/2371/2371
f 2371/2371/2371 2372/2372/2372 2370/2370/2370
f 2370/2370/2370 2372/2372/2372 2373/2373/2373
f 2367/2367/2367 2374/2374/2374 2364/2364/2364
f 2375/2375/2375 2374/2374/2374 2367/2367/2367
f 2376/2376/2376 2367/2367/2367 2368/2368/2368
f 2375/2375/2375 2367/2367/2367 2376/2376/2376
f 2377/2377/2377 2368/2368/2368 2370/2370/2370
f 2376/2376/2376 2368/2368/2368 2377/2377/2377
f 2370/2370/2370 2373/2373/2373 2377/2377/2377
f 2377/2377/2377 2373/2373/2373 2378/2378/2378
f 2375/2375/2375 2379/2379/2379 2374/2374/2374
f 2380/2380/2380 2379/2379/2379 2375/2375/2375
f 2381/2381/2381 2375/2375/2375 2376/2376/2376
f 2380/2380/2380 2375/2375/2375 2381/2381/2381
f 2382/2382/2382 2376/2376/2376 2377/2377/2377
f 2381/2381/2381 2376/2376/2376 2382/2382/2382
f 2377/2377/2377 2378/2378/2378 2382/2382/2382
f 2382/2382/2382 2378/2378/2378 2383/2383/2383
f 2380/2380/2380 2384/2384/2384 2379/2379/2379
f 2385/2385/2385 2384/2384/2384 2380/2380/2380
f 2386/2386/2386 2380/2380/2380 2381/2381/2381
f 2385/2385/2385 2380/2380/2380 2386/2386/2386
f 2387/2387/2387 2381/2381/2381 2382/2382/2382
f 2386/2386/2386 2381/2381/2381 2387/2387/2387
f 2382/2382/2382 2383/2383/2383 2387/2387/2387
f 2387/2387/2387 2383/2383/2383 2388/2388/2388
f 2385/2385/2385 2389/2389/2389 2384/2384/2384
f 2390/2390/2390 2389/2389/2389 2385/2385/2385
f 2391/2391/2391 2385/2385/2385 2386/2386/2386
f 2390/2390/2390 2385/2385/2385 2391/2391/2391
f 2392/2392/2392 2386/2386/2386 2387/2387/2387
f 2391/2391/2391 2386/2386/2386 2392/2392/2392
f 2387/2387/2387 2388/2388/2388 2392/2392/2392
f 2392/2392/2392 2388/2388/2388 2393/2393/2393
f 2390/2390/2390 2394/2394/2394 2389/2389/2389
f 2395/2395/2395 2394/2394/2394 2390/2390/2390
f 2396/2396/2396 2390/2390/2390 2391/2391/2391
f 2395/2395/2395 2390/2390/2390 2396/2396/2396
f 2397/2397/2397 2391/2391/2391 2392/2392/2392
f 2396/2396/2396 2391/2391/2391 2397/2397/2397
f 2392/2392/2392 2393/2393/2393 2397/2397/2397
f 2397/2397/2397 2393/2393/2393 2398/2398/2398
f 2395/2395/2395 2399/2399/2399 2394/2394/2394
f 2400/2400/2400 2399/2399/2399 2395/2395/2395
f 2401/2401/2401 2395/2395/2395 2396/2396/2396
f 2400/2400/2400 2395/2395/2395 2401/2401/2401
f 2402/2402/2402 2396/2396/2396 2397/2397/2397
f 2401/2401/2401 2396/2396/2396 2402/2402/2402
f 2397/2397/2397 2398/2398/2398 2402/2402/2402
f 2402/2402/2402 2398/2398/2398 2403/2403/2403
f 2400/2400/2400 2404/2404/2404 2399/2399/2399
f 2405/2405/2405 2404/2404/2404 2400/2400/2400
f 2406/2406/2406 2400/2400/2400 2401/2401/2401
f 2405/2405/2405 2400/2400/2400 2406/2406/2406
f 2407/2407/2407 2401/2401/2401 2402/2402/2402
f 2406/2406/2406 2401/2401/2401 2407/2407/2407
f 2402/2402/2402 2403/2403/2403 2407/2407/2407
f 2407/2407/2407 2403/2403/2403 2408/2408/2408
f 2405/2405/2405 2409/2409/2409 2404/2404/2404
f 2410/2410/2410 2409/2409/2409 2405/2405/2405
f 2411/2411/2411 2405/2405/2405 2406/2406/2406
f 2410/2410/2410 2405/2405/2405 2411/2411/2411
f 2412/2412/2412 2406/2406/2406 2407/2407/2407
f 2411/2411/2411 2406/2406/2406 2412/2412/2412
f 2407/2407/2407 2408/2408/2408 2412/2412/2412
f 2412/2412/2412 2408/2408/2408 2413/2413/2413
f 2410/2410/2410 2414/2414/2414 2409/2409/2409
f 2415/2415/2415 2414/2414/2414 2410/2410/2410
f 2416/2416/2416 2410/2410/2410 2411/2411/2411
f 2415/2415/2415 2410/2410/2410 2416/2416/2416
f 2417/2417/2417 2411/2411/2411 2412/2412/2412
f 2416/2416/2416 2411/2411/2411 2417/2417/2417
f 2412/2412/2412 2413/2413/2413 2417/2417/2417
f 2417/2417/2417 2413/2413/2413 2418/2418/2418
f 2415/2415/2415 2419/2419/2419 2414/2414/2414
f 2420/2420/2420 2419/2419/2419 2415/2415/2415
f 2421/2421/2421 2415/2415/2415 2416/2416/2416
f 2420/2420/2420 2415/2415/2415 2421/2421/2421
f 2422/2422/2422 2416/2416/2416 2417/2417/2417
f 2421/2421/2421 2416/2416/2416 2422/2422/2422
f 2417/2417/2417 2418/2418/2418 2422/2422/2422
f 2422/2422/2422 2418/2418/2418 2423/2423/2423
f 2420/2420/2420 2424/2424/2424 2419/2419/2419
f 2425/2425/2425 2424/2424/2424 2420/2420/2420
f 2426/2426/2426 2420/2420/2420 2421/2421/2421
f 2425/2425/2425 2420/2420/2420 2426/2426/2426
f 2427/2427/2427 2421/2421/2421 2422/2422/2422
f 2426/2426/2426 2421/2421/2421 2427/2427/2427
f 2422/2422/2422 2423/2423/2423 2427/2427/2427
f 2427/2427/2427 2423/2423/2423 2428/2428/2428
f 2425/2425/2425 2429/2429/2429 2424/2424/2424
f 2430/2430/2430 2429/2429/2429 2425/2425/2425
f 2431/2431/2431 2425/2425/2425 2426/2426/2426
f 2430/2430/2430 2425/2425/2425 2431/2431/2431
f 2432/2432/2432 2426/2426/2426 2427/2427/2427
f 2431/2431/2431 2426/2426/2426 2432/2432/2432
f 2427/2427/2427 2428/2428/2428 2432/2432/2432
f 2432/2432/2432 2428/2428/2428 2433/2433/2433
f 2430/2430/2430 2434/2434/2434 2429/2429/2429
f 2435/2435/2435 2434/2434/2434 2430/2430/2430
f 2436/2436/2436 2430/2430/2430 2431/2431/2431
f 2435/2435/2435 2430/2430/2430 2436/2436/2436
f 2437/2437/2437 2431/2431/2431 2432/2432/2432
f 2436/2436/2436 2431/2431/2431 2437/2437/2437
f 2432/2432/2432 2433/2433/2433 2437/2437/2437
f 2437/2437/2437 2433/2433/2433 2438/2438/2438
f 2437/2437/2437 2438/2438/2438 2321/2321/2321
f 2437/2437/2437 2321/2321/2321 2436/2436/2436
f 2321/2321/2321 2438/2438/2438 2322/2322/2322
f 2436/2436/2436 2321/2321/2321 2319/2319/2319
f 2436/2436/2436 2319/2319/2319 2435/2435/2435
f 2435/2435/2435 2319/2319/2319 2314/2314/2314
f 2435/2435/2435 2317/2317/2317 2434/2434/2434
f 2314/2314/2314 2317/2317/2317 2435/2435/2435
f 2440/2440/2440 2439/2439/2439 2441/2441/2441
f 2442/2442/2442 2439/2439/2439 2440/2440/2440
f 2444/2444/2444 2443/2443/2443 2445/2445/2445
f 2444/2444/2444 2446/2446/2446 2443/2443/2443
f 2444/2444/2444 2447/2447/2447 2446/2446/2446
f 2448/2448/2448 2447/2447/2447 2444/2444/2444
f 2448/2448/2448 2449/2449/2449 2447/2447/2447
f 2448/2448/2448 2450/2450/2450 2449/2449/2449
f 2448/2448/2448 2451/2451/2451 2450/2450/2450
f 2448/2448/2448 2452/2452/2452 2451/2451/2451
f 2453/2453/2453 2452/2452/2452 2448/2448/2448
f 2453/2453/2453 2454/2454/2454 2452/2452/2452
f 2453/2453/2453 2455/2455/2455 2454/2454/2454
f 2453/2453/2453 2456/2456/2456 2455/2455/2455
f 2453/2453/2453 2457/2457/2457 2456/2456/2456
f 2458/2458/2458 2457/2457/2457 2453/2453/2453
f 2458/2458/2458 2459/2459/2459 2457/2457/2457
f 2458/2458/2458 2460/2460/2460 2459/2459/2459
f 2458/2458/2458 2461/2461/2461 2460/2460/2460
f 2458/2458/2458 2462/2462/2462 2461/2461/2461
f 2444/2444/2444 2462/2462/2462 2458/2458/2458
f 2444/2444/2444 2445/2445/2445 2462/2462/2462
f 2464/2464/2464 2463/2463/2463 2465/2465/2465
f 2465/2465/2465 2463/2463/2463 2466/2466/2466
f 2466/2466/2466 2463/2463/2463 2467/2467/2467
f 2467/2467/2467 2463/2463/2463 2468/2468/2468
f 2468/2468/2468 2463/2463/2463 2469/2469/2469
f 2469/2469/2469 2463/2463/2463 2470/2470/2470
f 2470/2470/2470 2463/2463/2463 2471/2471/2471
f 2471/2471/2471 2463/2463/2463 2472/2472/2472
f 2472/2472/2472 2463/2463/2463 2473/2473/2473
f 2473/2473/2473 2463/2463/2463 2474/2474/2474
f 2474/2474/2474 2463/2463/2463 2475/2475/2475
f 2475/2475/2475 2463/2463/2463 2476/2476/2476
f 2476/2476/2476 2463/2463/2463 2477/2477/2477
f 2477/2477/2477 2463/2463/2463 2478/2478/2478
f 2478/2478/2478 2463/2463/2463 2479/2479/2479
f 2479/2479/2479 2463/2463/2463 2464/2464/2464
f 2464/2464/2464 2480/2480/2480 2479/2479/2479
f 2479/2479/2479 2480/2480/2480 2481/2481/2481
f 2479/2479/2479 2481/2481/2481 2478/2478/2478
f 2478/2478/2478 2481/2481/2481 2482/2482/2482
f 2478/2478/2478 2482/2482/2482 2477/2477/2477
f 2477/2477/2477 2482/2482/2482 2483/2483/2483
f 2477/2477/2477 2483/2483/2483 2476/2476/2476
f 2476/2476/2476 2483/2483/2483 2484/2484/2484
f 2476/2476/2476 2484/2484/2484 2475/2475/2475
f 2475/2475/2475 2484/2484/2484 2485/2485/2485
f 2475/2475/2475 2485/2485/2485 2474/2474/2474
f 2474/2474/2474 2485/2485/2485 2486/2486/2486
f 2474/2474/2474 2486/2486/2486 2473/2473/2473
f 2473/2473/2473 2486/2486/2486 2487/2487/2487
f 2464/2464/2464 2488/2488/2488 2480/2480/2480
f 2465/2465/2465 2488/2488/2488 2464/2464/2464
f 2465/2465/2465 2489/2489/2489 2488/2488/2488
f 2466/2466/2466 2489/2489/2489 2465/2465/2465
f 2466/2466/2466 2490/2490/2490 2489/2489/2489
f 2467/2467/2467 2490/2490/2490 2466/2466/2466
f 2467/2467/2467 2491/2491/2491 2490/2490/2490
f 2468/2468/2468 2491/2491/2491 2467/2467/2467
f 2468/2468/2468 2492/2492/2492 2491/2491/2491
f 2469/2469/2469 2492/2492/2492 2468/2468/2468
f 2469/2469/2469 2493/2493/2493 2492/2492/2492
f 2470/2470/2470 2493/2493/2493 2469/2469/2469
f 2470/2470/2470 2494/2494/2494 2493/2493/2493
f 2471/2471/2471 2494/2494/2494 2470/2470/2470
f 2471/2471/2471 2495/2495/2495 2494/2494/2494
f 2472/2472/2472 2487/2487/2487 2495/2495/2495
f 2472/2472/2472 2495/2495/2495 2471/2471/2471
f 2473/2473/2473 2487/2487/2487 2472/2472/2472
f 2497/2497/2497 2496/2496/2496 2498/2498/2498
f 2499/2499/2499 2496/2496/2496 2497/2497/2497
f 2499/2499/2499 2500/2500/2500 2501/2501/2501
f 2501/2501/2501 2500/2500/2500 2502/2502/2502
f 2501/2501/2501 2503/2503/2503 2504/2504/2504
f 2505/2505/2505 2503/2503/2503 2501/2501/2501
f 2507/2507/2507 2506/2506/2506 2498/2498/2498
f 2508/2508/2508 2506/2506/2506 2507/2507/2507
f 2509/2509/2509 2503/2503/2503 2510/2510/2510
f 2511/2511/2511 2503/2503/2503 2509/2509/2509
f 2513/2513/2513 2512/2512/2512 2514/2514/2514
f 2515/2515/2515 2512/2512/2512 2513/2513/2513
f 2513/2513/2513 2516/2516/2516 2517/2517/2517
f 2518/2518/2518 2516/2516/2516 2513/2513/2513
f 2518/2518/2518 2519/2519/2519 2520/2520/2520
f 2520/2520/2520 2519/2519/2519 2521/2521/2521
f 2522/2522/2522 2512/2512/2512 2523/2523/2523
f 2524/2524/2524 2512/2512/2512 2522/2522/2522
f 2525/2525/2525 2519/2519/2519 2526/2526/2526
f 2527/2527/2527 2519/2519/2519 2525/2525/2525
f 2529/2529/2529 2528/2528/2528 2530/2530/2530
f 2531/2531/2531 2528/2528/2528 2529/2529/2529
f 2532/2532/2532 2528/2528/2528 2533/2533/2533
f 2534/2534/2534 2528/2528/2528 2532/2532/2532
f 2536/2536/2536 2535/2535/2535 2537/2537/2537
f 2538/2538/2538 2535/2535/2535 2536/2536/2536
f 2539/2539/2539 2535/2535/2535 2540/2540/2540
f 2541/2541/2541 2535/2535/2535 2539/2539/2539
f 2543/2543/2543 2542/2542/2542 2544/2544/2544
f 2545/2545/2545 2542/2542/2542 2543/2543/2543
f 2546/2546/2546 2542/2542/2542 2547/2547/2547
f 2548/2548/2548 2542/2542/2542 2546/2546/2546
f 2550/2550/2550 2549/2549/2549 2551/2551/2551
f 2552/2552/2552 2549/2549/2549 2550/2550/2550
f 2553/2553/2553 2549/2549/2549 2554/2554/2554
f 2555/2555/2555 2549/2549/2549 2553/2553/2553
f 2557/2557/2557 2556/2556/2556 2558/2558/2558
f 2559/2559/2559 2556/2556/2556 2557/2557/2557
f 2560/2560/2560 2556/2556/2556 2561/2561/2561
f 2562/2562/2562 2556/2556/2556 2560/2560/2560
f 2564/2564/2564 2563/2563/2563 2565/2565/2565
f 2566/2566/2566 2563/2563/2563 2564/2564/2564
f 2567/2567/2567 2563/2563/2563 2568/2568/2568
f 2569/2569/2569 2563/2563/2563 2567/2567/2567
f 2571/2571/2571 2570/2570/2570 2572/2572/2572
f 2573/2573/2573 2570/2570/2570 2571/2571/2571
f 2574/2574/2574 2570/2570/2570 2575/2575/2575
f 2576/2576/2576 2570/2570/2570 2574/2574/2574
f 2578/2578/2578 2577/2577/2577 2579/2579/2579
f 2580/2580/2580 2577/2577/2577 2578/2578/2578
f 2581/2581/2581 2577/2577/2577 2582/2582/2582
f 2583/2583/2583 2577/2577/2577 2581/2581/2581
f 2585/2585/2585 2584/2584/2584 2586/2586/2586
f 2587/2587/2587 2584/2584/2584 2585/2585/2585
f 2588/2588/2588 2584/2584/2584 2589/2589/2589
f 2590/2590/2590 2584/2584/2584 2588/2588/2588
f 2592/2592/2592 2591/2591/2591 2593/2593/2593
f 2594/2594/2594 2591/2591/2591 2592/2592/2592
f 2595/2595/2595 2591/2591/2591 2596/2596/2596
f 2597/2597/2597 2591/2591/2591 2595/2595/2595
f 2599/2599/2599 2598/2598/2598 2600/2600/2600
f 2601/2601/2601 2598/2598/2598 2599/2599/2599
f 2602/2602/2602 2598/2598/2598 2603/2603/2603
f 2604/2604/2604 2598/2598/2598 2602/2602/2602
f 2606/2606/2606 2605/2605/2605 2607/2607/2607
f 2608/2608/2608 2605/2605/2605 2606/2606/2606
f 2609/2609/2609 2605/2605/2605 2610/2610/2610
f 2611/2611/2611 2605/2605/2605 2609/2609/2609
f 2613/2613/2613 2612/2612/2612 2614/2614/2614
f 2615/2615/2615 2612/2612/2612 2613/2613/2613
f 2616/2616/2616 2612/2612/2612 2615/2615/2615
f 2617/2617/2617 2612/2612/2612 2616/2616/2616
f 2616/2616/2616 2618/2618/2618 2617/2617/2617
f 2617/2617/2617 2618/2618/2618 2619/2619/2619
f 2618/2618/2618 2620/2620/2620 2619/2619/2619
f 2619/2619/2619 2620/2620/2620 2621/2621/2621
f 2620/2620/2620 2622/2622/2622 2621/2621/2621
f 2621/2621/2621 2622/2622/2622 2623/2623/2623
f 2622/2622/2622 2624/2624/2624 2623/2623/2623
f 2623/2623/2623 2624/2624/2624 2625/2625/2625
f 2624/2624/2624 2626/2626/2626 2625/2625/2625
f 2625/2625/2625 2626/2626/2626 2627/2627/2627
f 2626/2626/2626 2628/2628/2628 2627/2627/2627
f 2627/2627/2627 2628/2628/2628 2629/2629/2629
f 2628/2628/2628 2630/2630/2630 2629/2629/2629
f 2629/2629/2629 2630/2630/2630 2631/2631/2631
f 2630/2630/2630 2632/2632/2632 2631/2631/2631
f 2631/2631/2631 2632/2632/2632 2633/2633/2633
f 2632/2632/2632 2634/2634/2634 2633/2633/2633
f 2633/2633/2633 2634/2634/2634 2635/2635/2635
f 2634/2634/2634 2636/2636/2636 2635/2635/2635
f 2635/2635/2635 2636/2636/2636 2637/2637/2637
f 2636/2636/2636 2638/2638/2638 2637/2637/2637
f 2637/2637/2637 2638/2638/2638 2639/2639/2639
f 2638/2638/2638 2640/2640/2640 2639/2639/2639
f 2639/2639/2639 2640/2640/2640 2641/2641/2641
f 2640/2640/2640 2642/2642/2642 2641/2641/2641
f 2641/2641/2641 2642/2642/2642 2643/2643/2643
f 2642/2642/2642 2644/2644/2644 2643/2643/2643
f 2643/2643/2643 2644/2644/2644 2645/2645/2645
f 2644/2644/2644 2646/2646/2646 2645/2645/2645
f 2645/2645/2645 2646/2646/2646 2647/2647/2647
f 2646/2646/2646 2648/2648/2648 2647/2647/2647
f 2647/2647/2647 2648/2648/2648 2649/2649/2649
f 2648/2648/2648 2650/2650/2650 2649/2649/2649
f 2649/2649/2649 2650/2650/2650 2651/2651/2651
f 2650/2650/2650 2652/2652/2652 2651/2651/2651
f 2651/2651/2651 2652/2652/2652 2653/2653/2653
f 2652/2652/2652 2654/2654/2654 2653/2653/2653
f 2653/2653/2653 2654/2654/2654 2655/2655/2655
f 2654/2654/2654 2656/2656/2656 2655/2655/2655
f 2655/2655/2655 2656/2656/2656 2657/2657/2657
f 2656/2656/2656 2658/2658/2658 2657/2657/2657
f 2657/2657/2657 2658/2658/2658 2659/2659/2659
f 2659/2659/2659 2658/2658/2658 2614/2614/2614
f 2614/2614/2614 2658/2658/2658 2613/2613/2613
f 2658/2658/2658 2660/2660/2660 2613/2613/2613
f 2656/2656/2656 2660/2660/2660 2658/2658/2658
f 2613/2613/2613 2660/2660/2660 2661/2661/2661
f 2662/2662/2662 2661/2661/2661 2660/2660/2660
f 2663/2663/2663 2662/2662/2662 2660/2660/2660
f 2663/2663/2663 2660/2660/2660 2656/2656/2656
f 2654/2654/2654 2663/2663/2663 2656/2656/2656
f 2664/2664/2664 2662/2662/2662 2663/2663/2663
f 2663/2663/2663 2665/2665/2665 2664/2664/2664
f 2665/2665/2665 2663/2663/2663 2654/2654/2654
f 2652/2652/2652 2665/2665/2665 2654/2654/2654
f 2664/2664/2664 2665/2665/2665 2666/2666/2666
f 2665/2665/2665 2667/2667/2667 2666/2666/2666
f 2666/2666/2666 2667/2667/2667 2668/2668/2668
f 2667/2667/2667 2669/2669/2669 2668/2668/2668
f 2668/2668/2668 2669/2669/2669 2670/2670/2670
f 2669/2669/2669 2671/2671/2671 2670/2670/2670
f 2670/2670/2670 2671/2671/2671 2672/2672/2672
f 2671/2671/2671 2673/2673/2673 2672/2672/2672
f 2672/2672/2672 2673/2673/2673 2674/2674/2674
f 2673/2673/2673 2675/2675/2675 2674/2674/2674
f 2674/2674/2674 2675/2675/2675 2676/2676/2676
f 2675/2675/2675 2677/2677/2677 2676/2676/2676
f 2676/2676/2676 2677/2677/2677 2678/2678/2678
f 2677/2677/2677 2679/2679/2679 2678/2678/2678
f 2678/2678/2678 2679/2679/2679 2680/2680/2680
f 2679/2679/2679 2681/2681/2681 2680/2680/2680
f 2680/2680/2680 2681/2681/2681 2682/2682/2682
f 2681/2681/2681 2683/2683/2683 2682/2682/2682
f 2682/2682/2682 2683/2683/2683 2684/2684/2684
f 2683/2683/2683 2685/2685/2685 2684/2684/2684
f 2684/2684/2684 2685/2685/2685 2686/2686/2686
f 2685/2685/2685 2687/2687/2687 2686/2686/2686
f 2686/2686/2686 2687/2687/2687 2688/2688/2688
f 2687/2687/2687 2689/2689/2689 2688/2688/2688
f 2688/2688/2688 2689/2689/2689 2690/2690/2690
f 2689/2689/2689 2691/2691/2691 2690/2690/2690
f 2690/2690/2690 2691/2691/2691 2692/2692/2692
f 2691/2691/2691 2693/2693/2693 2692/2692/2692
f 2692/2692/2692 2693/2693/2693 2694/2694/2694
f 2693/2693/2693 2695/2695/2695 2694/2694/2694
f 2694/2694/2694 2695/2695/2695 2696/2696/2696
f 2695/2695/2695 2697/2697/2697 2696/2696/2696
f 2696/2696/2696 2697/2697/2697 2698/2698/2698
f 2697/2697/2697 2699/2699/2699 2698/2698/2698
f 2698/2698/2698 2699/2699/2699 2700/2700/2700
f 2699/2699/2699 2701/2701/2701 2700/2700/2700
f 2700/2700/2700 2701/2701/2701 2702/2702/2702
f 2701/2701/2701 2703/2703/2703 2702/2702/2702
f 2702/2702/2702 2703/2703/2703 2704/2704/2704
f 2703/2703/2703 2705/2705/2705 2704/2704/2704
f 2704/2704/2704 2705/2705/2705 2706/2706/2706
f 2706/2706/2706 2705/2705/2705 2707/2707/2707
f 2707/2707/2707 2705/2705/2705 2661/2661/2661
f 2707/2707/2707 2661/2661/2661 2662/2662/2662
f 2697/2697/2697 2695/2695/2695 2622/2622/2622
f 2622/2622/2622 2695/2695/2695 2624/2624/2624
f 2620/2620/2620 2697/2697/2697 2622/2622/2622
f 2699/2699/2699 2697/2697/2697 2620/2620/2620
f 2618/2618/2618 2699/2699/2699 2620/2620/2620
f 2701/2701/2701 2699/2699/2699 2618/2618/2618
f 2616/2616/2616 2701/2701/2701 2618/2618/2618
f 2703/2703/2703 2701/2701/2701 2616/2616/2616
f 2615/2615/2615 2703/2703/2703 2616/2616/2616
f 2705/2705/2705 2703/2703/2703 2615/2615/2615
f 2615/2615/2615 2661/2661/2661 2705/2705/2705
f 2613/2613/2613 2661/2661/2661 2615/2615/2615
f 2624/2624/2624 2693/2693/2693 2626/2626/2626
f 2693/2693/2693 2691/2691/2691 2626/2626/2626
f 2626/2626/2626 2691/2691/2691 2628/2628/2628
f 2691/2691/2691 2689/2689/2689 2628/2628/2628
f 2628/2628/2628 2689/2689/2689 2630/2630/2630
f 2689/2689/2689 2687/2687/2687 2630/2630/2630
f 2630/2630/2630 2687/2687/2687 2632/2632/2632
f 2687/2687/2687 2685/2685/2685 2632/2632/2632
f 2632/2632/2632 2685/2685/2685 2634/2634/2634
f 2685/2685/2685 2683/2683/2683 2634/2634/2634
f 2634/2634/2634 2683/2683/2683 2636/2636/2636
f 2683/2683/2683 2681/2681/2681 2636/2636/2636
f 2636/2636/2636 2681/2681/2681 2638/2638/2638
f 2681/2681/2681 2679/2679/2679 2638/2638/2638
f 2638/2638/2638 2679/2679/2679 2640/2640/2640
f 2679/2679/2679 2677/2677/2677 2640/2640/2640
f 2640/2640/2640 2677/2677/2677 2642/2642/2642
f 2677/2677/2677 2675/2675/2675 2642/2642/2642
f 2642/2642/2642 2675/2675/2675 2644/2644/2644
f 2675/2675/2675 2673/2673/2673 2644/2644/2644
f 2644/2644/2644 2673/2673/2673 2646/2646/2646
f 2673/2673/2673 2671/2671/2671 2646/2646/2646
f 2646/2646/2646 2671/2671/2671 2648/2648/2648
f 2671/2671/2671 2669/2669/2669 2648/2648/2648
f 2648/2648/2648 2669/2669/2669 2650/2650/2650
f 2669/2669/2669 2667/2667/2667 2650/2650/2650
f 2650/2650/2650 2667/2667/2667 2652/2652/2652
f 2667/2667/2667 2665/2665/2665 2652/2652/2652
f 2709/2709/2709 2708/2708/2708 2710/2710/2710
f 2711/2711/2711 2708/2708/2708 2709/2709/2709
f 2710/2710/2710 2712/2712/2712 2709/2709/2709
f 2709/2709/2709 2712/2712/2712 2713/2713/2713
f 2712/2712/2712 2714/2714/2714 2713/2713/2713
f 2713/2713/2713 2714/2714/2714 2715/2715/2715
f 2714/2714/2714 2716/2716/2716 2715/2715/2715
f 2717/2717/2717 2716/2716/2716 2714/2714/2714
f 2716/2716/2716 2718/2718/2718 2715/2715/2715
f 2715/2715/2715 2718/2718/2718 2719/2719/2719
f 2715/2715/2715 2720/2720/2720 2713/2713/2713
f 2719/2719/2719 2720/2720/2720 2715/2715/2715
f 2713/2713/2713 2721/2721/2721 2709/2709/2709
f 2720/2720/2720 2721/2721/2721 2713/2713/2713
f 2721/2721/2721 2711/2711/2711 2709/2709/2709
f 2722/2722/2722 2711/2711/2711 2721/2721/2721
f 2718/2718/2718 2723/2723/2723 2719/2719/2719
f 2719/2719/2719 2723/2723/2723 2724/2724/2724
f 2719/2719/2719 2725/2725/2725 2720/2720/2720
f 2724/2724/2724 2725/2725/2725 2719/2719/2719
f 2720/2720/2720 2726/2726/2726 2721/2721/2721
f 2725/2725/2725 2726/2726/2726 2720/2720/2720
f 2726/2726/2726 2722/2722/2722 2721/2721/2721
f 2727/2727/2727 2722/2722/2722 2726/2726/2726
f 2723/2723/2723 2728/2728/2728 2724/2724/2724
f 2724/2724/2724 2728/2728/2728 2729/2729/2729
f 2724/2724/2724 2730/2730/2730 2725/2725/2725
f 2729/2729/2729 2730/2730/2730 2724/2724/2724
f 2725/2725/2725 2731/2731/2731 2726/2726/2726
f 2730/2730/2730 2731/2731/2731 2725/2725/2725
f 2731/2731/2731 2727/2727/2727 2726/2726/2726
f 2732/2732/2732 2727/2727/2727 2731/2731/2731
f 2728/2728/2728 2733/2733/2733 2729/2729/2729
f 2729/2729/2729 2733/2733/2733 2734/2734/2734
f 2729/2729/2729 2735/2735/2735 2730/2730/2730
f 2734/2734/2734 2735/2735/2735 2729/2729/2729
f 2730/2730/2730 2736/2736/2736 2731/2731/2731
f 2735/2735/2735 2736/2736/2736 2730/2730/2730
f 2736/2736/2736 2732/2732/2732 2731/2731/2731
f 2737/2737/2737 2732/2732/2732 2736/2736/2736
f 2733/2733/2733 2738/2738/2738 2734/2734/2734
f 2734/2734/2734 2738/2738/2738 2739/2739/2739
f 2734/2734/2734 2740/2740/2740 2735/2735/2735
f 2739/2739/2739 2740/2740/2740 2734/2734/2734
f 2735/2735/2735 2741/2741/2741 2736/2736/2736
f 2740/2740/2740 2741/2741/2741 2735/2735/2735
f 2741/2741/2741 2737/2737/2737 2736/2736/2736
f 2742/2742/2742 2737/2737/2737 2741/2741/2741
f 2738/2738/2738 2743/2743/2743 2739/2739/2739
f 2739/2739/2739 2743/2743/2743 2744/2744/2744
f 2739/2739/2739 2745/2745/2745 2740/2740/2740
f 2744/2744/2744 2745/2745/2745 2739/2739/2739
f 2740/2740/2740 2746/2746/2746 2741/2741/2741
f 2745/2745/2745 2746/2746/2746 2740/2740/2740
f 2746/2746/2746 2742/2742/2742 2741/2741/2741
f 2747/2747/2747 2742/2742/2742 2746/2746/2746
f 2743/2743/2743 2748/2748/2748 2744/2744/2744
f 2744/2744/2744 2748/2748/2748 2749/2749/2749
f 2744/2744/2744 2750/2750/2750 2745/2745/2745
f 2749/2749/2749 2750/2750/2750 2744/2744/2744
f 2745/2745/2745 2751/2751/2751 2746/2746/2746
f 2750/2750/2750 2751/2751/2751 2745/2745/2745
f 2751/2751/2751 2747/2747/2747 2746/2746/2746
f 2752/2752/2752 2747/2747/2747 2751/2751/2751
f 2748/2748/2748 2753/2753/2753 2749/2749/2749
f 2749/2749/2749 2753/2753/2753 2754/2754/2754
f 2749/2749/2749 2755/2755/2755 2750/2750/2750
f 2754/2754/2754 2755/2755/2755 2749/2749/2749
f 2750/2750/2750 2756/2756/2756 2751/2751/2751
f 2755/2755/2755 2756/2756/2756 2750/2750/2750
f 2756/2756/2756 2752/2752/2752 2751/2751/2751
f 2757/2757/2757 2752/2752/2752 2756/2756/2756
f 2753/2753/2753 2758/2758/2758 2754/2754/2754
f 2754/2754/2754 2758/2758/2758 2759/2759/2759
f 2754/2754/2754 2760/2760/2760 2755/2755/2755
f 2759/2759/2759 2760/2760/2760 2754/2754/2754
f 2755/2755/2755 2761/2761/2761 2756/2756/2756
f 2760/2760/2760 2761/2761/2761 2755/2755/2755
f 2761/2761/2761 2757/2757/2757 2756/2756/2756
f 2762/2762/2762 2757/2757/2757 2761/2761/2761
f 2758/2758/2758 2763/2763/2763 2759/2759/2759
f 2759/2759/2759 2763/2763/2763 2764/2764/2764
f 2759/2759/2759 2765/2765/2765 2760/2760/2760
f 2764/2764/2764 2765/2765/2765 2759/2759/2759
f 2760/2760/2760 2766/2766/2766 2761/2761/2761
f 2765/2765/2765 2766/2766/2766 2760/2760/2760
f 2766/2766/2766 2762/2762/2762 2761/2761/2761
f 2767/2767/2767 2762/2762/2762 2766/2766/2766
f 2763/2763/2763 2768/2768/2768 2764/2764/2764
f 2764/2764/2764 2768/2768/2768 2769/2769/2769
f 2764/2764/2764 2770/2770/2770 2765/2765/2765
f 2769/2769/2769 2770/2770/2770 2764/2764/2764
f 2765/2765/2765 2771/2771/2771 2766/2766/2766
f 2770/2770/2770 2771/2771/2771 2765/2765/2765
f 2771/2771/2771 2767/2767/2767 2766/2766/2766
f 2772/2772/2772 2767/2767/2767 2771/2771/2771
f 2768/2768/2768 2773/2773/2773 2769/2769/2769
f 2769/2769/2769 2773/2773/2773 2774/2774/2774
f 2769/2769/2769 2775/2775/2775 2770/2770/2770
f 2774/2774/2774 2775/2775/2775 2769/2769/2769
f 2770/2770/2770 2776/2776/2776 2771/2771/2771
f 2775/2775/2775 2776/2776/2776 2770/2770/2770
f 2776/2776/2776 2772/2772/2772 2771/2771/2771
f 2777/2777/2777 2772/2772/2772 2776/2776/2776
f 2773/2773/2773 2778/2778/2778 2774/2774/2774
f 2774/2774/2774 2778/2778/2778 2779/2779/2779
f 2774/2774/2774 2780/2780/2780 2775/2775/2775
f 2779/2779/2779 2780/2780/2780 2774/2774/2774
f 2775/2775/2775 2781/2781/2781 2776/2776/2776
f 2780/2780/2780 2781/2781/2781 2775/2775/2775
f 2781/2781/2781 2777/2777/2777 2776/2776/2776
f 2782/2782/2782 2777/2777/2777 2781/2781/2781
f 2778/2778/2778 2783/2783/2783 2779/2779/2779
f 2779/2779/2779 2783/2783/2783 2784/2784/2784
f 2779/2779/2779 2785/2785/2785 2780/2780/2780
f 2784/2784/2784 2785/2785/2785 2779/2779/2779
f 2780/2780/2780 2786/2786/2786 2781/2781/2781
f 2785/2785/2785 2786/2786/2786 2780/2780/2780
f 2786/2786/2786 2782/2782/2782 2781/2781/2781
f 2787/2787/2787 2782/2782/2782 2786/2786/2786
f 2783/2783/2783 2788/2788/2788 2784/2784/2784
f 2784/2784/2784 2788/2788/2788 2789/2789/2789
f 2784/2784/2784 2790/2790/2790 2785/2785/2785
f 2789/2789/2789 2790/2790/2790 2784/2784/2784
f 2785/2785/2785 2791/2791/2791 2786/2786/2786
f 2790/2790/2790 2791/2791/2791 2785/2785/2785
f 2791/2791/2791 2787/2787/2787 2786/2786/2786
f 2792/2792/2792 2787/2787/2787 2791/2791/2791
f 2788/2788/2788 2793/2793/2793 2789/2789/2789
f 2789/2789/2789 2793/2793/2793 2794/2794/2794
f 2789/2789/2789 2795/2795/2795 2790/2790/2790
f 2794/2794/2794 2795/2795/2795 2789/2789/2789
f 2790/2790/2790 2796/2796/2796 2791/2791/2791
f 2795/2795/2795 2796/2796/2796 2790/2790/2790
f 2796/2796/2796 2792/2792/2792 2791/2791/2791
f 2797/2797/2797 2792/2792/2792 2796/2796/2796
f 2793/2793/2793 2798/2798/2798 2794/2794/2794
f 2794/2794/2794 2798/2798/2798 2799/2799/2799
f 2794/2794/2794 2800/2800/2800 2795/2795/2795
f 2799/2799/2799 2800/2800/2800 2794/2794/2794
f 2795/2795/2795 2801/2801/2801 2796/2796/2796
f 2800/2800/2800 2801/2801/2801 2795/2795/2795
f 2801/2801/2801 2797/2797/2797 2796/2796/2796
f 2802/2802/2802 2797/2797/2797 2801/2801/2801
f 2798/2798/2798 2803/2803/2803 2799/2799/2799
f 2799/2799/2799 2803/2803/2803 2804/2804/2804
f 2799/2799/2799 2805/2805/2805 2800/2800/2800
f 2804/2804/2804 2805/2805/2805 2799/2799/2799
f 2800/2800/2800 2806/2806/2806 2801/2801/2801
f 2805/2805/2805 2806/2806/2806 2800/2800/2800
f 2806/2806/2806 2802/2802/2802 2801/2801/2801
f 2807/2807/2807 2802/2802/2802 2806/2806/2806
f 2803/2803/2803 2808/2808/2808 2804/2804/2804
f 2804/2804/2804 2808/2808/2808 2809/2809/2809
f 2804/2804/2804 2810/2810/2810 2805/2805/2805
f 2809/2809/2809 2810/2810/2810 2804/2804/2804
f 2805/2805/2805 2811/2811/2811 2806/2806/2806
f 2810/2810/2810 2811/2811/2811 2805/2805/2805
f 2811/2811/2811 2807/2807/2807 2806/2806/2806
f 2812/2812/2812 2807/2807/2807 2811/2811/2811
f 2808/2808/2808 2813/2813/2813 2809/2809/2809
f 2809/2809/2809 2813/2813/2813 2814/2814/2814
f 2809/2809/2809 2815/2815/2815 2810/2810/2810
f 2814/2814/2814 2815/2815/2815 2809/2809/2809
f 2810/2810/2810 2816/2816/2816 2811/2811/2811
f 2815/2815/2815 2816/2816/2816 2810/2810/2810
f 2816/2816/2816 2812/2812/2812 2811/2811/2811
f 2817/2817/2817 2812/2812/2812 2816/2816/2816
f 2813/2813/2813 2818/2818/2818 2814/2814/2814
f 2814/2814/2814 2818/2818/2818 2819/2819/2819
f 2814/2814/2814 2820/2820/2820 2815/2815/2815
f 2819/2819/2819 2820/2820/2820 2814/2814/2814
f 2815/2815/2815 2821/2821/2821 2816/2816/2816
f 2820/2820/2820 2821/2821/2821 2815/2815/2815
f 2821/2821/2821 2817/2817/2817 2816/2816/2816
f 2822/2822/2822 2817/2817/2817 2821/2821/2821
f 2818/2818/2818 2823/2823/2823 2819/2819/2819
f 2819/2819/2819 2823/2823/2823 2824/2824/2824
f 2819/2819/2819 2825/2825/2825 2820/2820/2820
f 2824/2824/2824 2825/2825/2825 2819/2819/2819
f 2820/2820/2820 2826/2826/2826 2821/2821/2821
f 2825/2825/2825 2826/2826/2826 2820/2820/2820
f 2821/2821/2821 2826/2826/2826 2822/2822/2822
f 2822/2822/2822 2826/2826/2826 2827/2827/2827
f 2823/2823/2823 2717/2717/2717 2824/2824/2824
f 2824/2824/2824 2717/2717/2717 2714/2714/2714
f 2824/2824/2824 2712/2712/2712 2825/2825/2825
f 2714/2714/2714 2712/2712/2712 2824/2824/2824
f 2825/2825/2825 2710/2710/2710 2826/2826/2826
f 2712/2712/2712 2710/2710/2710 2825/2825/2825
f 2826/2826/2826 2710/2710/2710 2827/2827/2827
f 2827/2827/2827 2710/2710/2710 2708/2708/2708
f 2829/2829/2829 2828/2828/2828 2830/2830/2830
f 2831/2831/2831 2828/2828/2828 2829/2829/2829
f 2832/2832/2832 2828/2828/2828 2833/2833/2833
f 2834/2834/2834 2828/2828/2828 2832/2832/2832
f 2836/2836/2836 2835/2835/2835 2837/2837/2837
f 2838/2838/2838 2835/2835/2835 2836/2836/2836
f 2839/2839/2839 2835/2835/2835 2840/2840/2840
f 2841/2841/2841 2835/2835/2835 2839/2839/2839
f 2843/2843/2843 2842/2842/2842 2844/2844/2844
f 2845/2845/2845 2842/2842/2842 2843/2843/2843
f 2846/2846/2846 2842/2842/2842 2847/2847/2847
f 2848/2848/2848 2842/2842/2842 2846/2846/2846
f 2850/2850/2850 2849/2849/2849 2851/2851/2851
f 2852/2852/2852 2849/2849/2849 2850/2850/2850
f 2853/2853/2853 2849/2849/2849 2854/2854/2854
f 2855/2855/2855 2849/2849/2849 2853/2853/2853
f 2857/2857/2857 2856/2856/2856 2858/2858/2858
f 2859/2859/2859 2856/2856/2856 2857/2857/2857
f 2860/2860/2860 2856/2856/2856 2861/2861/2861
f 2862/2862/2862 2856/2856/2856 2860/2860/2860
f 2864/2864/2864 2863/2863/2863 2865/2865/2865
f 2866/2866/2866 2863/2863/2863 2864/2864/2864
f 2867/2867/2867 2863/2863/2863 2868/2868/2868
f 2869/2869/2869 2863/2863/2863 2867/2867/2867
f 2871/2871/2871 2870/2870/2870 2872/2872/2872
f 2873/2873/2873 2870/2870/2870 2871/2871/2871
f 2874/2874/2874 2870/2870/2870 2875/2875/2875
f 2876/2876/2876 2870/2870/2870 2874/2874/2874
f 2878/2878/2878 2877/2877/2877 2879/2879/2879
f 2880/2880/2880 2877/2877/2877 2878/2878/2878
f 2881/2881/2881 2877/2877/2877 2882/2882/2882
f 2883/2883/2883 2877/2877/2877 2881/2881/2881
f 2885/2885/2885 2884/2884/2884 2886/2886/2886
f 2887/2887/2887 2884/2884/2884 2885/2885/2885
f 2888/2888/2888 2884/2884/2884 2889/2889/2889
f 2890/2890/2890 2884/2884/2884 2888/2888/2888
f 2892/2892/2892 2891/2891/2891 2893/2893/2893
f 2894/2894/2894 2891/2891/2891 2892/2892/2892
f 2895/2895/2895 2891/2891/2891 2896/2896/2896
f 2897/2897/2897 2891/2891/2891 2895/2895/2895
f 2899/2899/2899 2898/2898/2898 2900/2900/2900
f 2901/2901/2901 2898/2898/2898 2899/2899/2899
f 2902/2902/2902 2898/2898/2898 2903/2903/2903
f 2904/2904/2904 2898/2898/2898 2902/2902/2902
f 2906/2906/2906 2905/2905/2905 2907/2907/2907
f 2908/2908/2908 2905/2905/2905 2906/2906/2906
f 2909/2909/2909 2905/2905/2905 2910/2910/2910
f 2911/2911/2911 2905/2905/2905 2909/2909/2909
f 2913/2913/2913 2912/2912/2912 2914/2914/2914
f 2915/2915/2915 2912/2912/2912 2913/2913/2913
f 2916/2916/2916 2912/2912/2912 2917/2917/2917
f 2918/2918/2918 2912/2912/2912 2916/2916/2916
f 2920/2920/2920 2919/2919/2919 2921/2921/2921
f 2922/2922/2922 2919/2919/2919 2920/2920/2920
f 2923/2923/2923 2919/2919/2919 2924/2924/2924
f 2925/2925/2925 2919/2919/2919 2923/2923/2923
f 2927/2927/2927 2926/2926/2926 2928/2928/2928
f 2929/2929/2929 2926/2926/2926 2927/2927/2927
f 2930/2930/2930 2926/2926/2926 2931/2931/2931
f 2932/2932/2932 2926/2926/2926 2930/2930/2930
f 2934/2934/2934 2933/2933/2933 2935/2935/2935
f 2936/2936/2936 2933/2933/2933 2934/2934/2934
f 2937/2937/2937 2933/2933/2933 2938/2938/2938
f 2939/2939/2939 2933/2933/2933 2937/2937/2937
f 2941/2941/2941 2940/2940/2940 2942/2942/2942
f 2943/2943/2943 2940/2940/2940 2941/2941/2941
f 2944/2944/2944 2940/2940/2940 2945/2945/2945
f 2946/2946/2946 2940/2940/2940 2944/2944/2944
f 2948/2948/2948 2947/2947/2947 2949/2949/2949
f 2950/2950/2950 2947/2947/2947 2948/2948/2948
f 2951/2951/2951 2947/2947/2947 2952/2952/2952
f 2953/2953/2953 2947/2947/2947 2951/2951/2951
f 2955/2955/2955 2954/2954/2954 2956/2956/2956
f 2957/2957/2957 2954/2954/2954 2955/2955/2955
f 2958/2958/2958 2954/2954/2954 2959/2959/2959
f 2960/2960/2960 2954/2954/2954 2958/2958/2958
f 2962/2962/2962 2961/2961/2961 2963/2963/2963
f 2964/2964/2964 2961/2961/2961 2962/2962/2962
f 2965/2965/2965 2961/2961/2961 2966/2966/2966
f 2967/2967/2967 2961/2961/2961 2965/2965/2965
f 2969/2969/2969 2968/2968/2968 2970/2970/2970
f 2971/2971/2971 2968/2968/2968 2969/2969/2969
f 2972/2972/2972 2968/2968/2968 2973/2973/2973
f 2974/2974/2974 2968/2968/2968 2972/2972/2972
f 2976/2976/2976 2975/2975/2975 2977/2977/2977
f 2978/2978/2978 2975/2975/2975 2976/2976/2976
f 2979/2979/2979 2975/2975/2975 2980/2980/2980
f 2981/2981/2981 2975/2975/2975 2979/2979/2979
f 2983/2983/2983 2982/2982/2982 2984/2984/2984
f 2985/2985/2985 2982/2982/2982 2983/2983/2983
f 2986/2986/2986 2982/2982/2982 2987/2987/2987
f 2988/2988/2988 2982/2982/2982 2986/2986/2986
f 2990/2990/2990 2989/2989/2989 2991/2991/2991
f 2992/2992/2992 2989/2989/2989 2990/2990/2990
f 2994/2994/2994 2993/2993/2993 2991/2991/2991
f 2995/2995/2995 2993/2993/2993 2994/2994/2994
f 2997/2997/2997 2996/2996/2996 2998/2998/2998
f 2999/2999/2999 2996/2996/2996 2997/2997/2997
f 3001/3001/3001 3000/3000/3000 3002/3002/3002
f 3003/3003/3003 3000/3000/3000 3001/3001/3001
f 3005/3005/3005 3004/3004/3004 3006/3006/3006
f 3007/3007/3007 3004/3004/3004 3005/3005/3005
f 3009/3009/3009 3008/3008/3008 3010/3010/3010
f 3011/3011/3011 3008/3008/3008 3009/3009/3009
f 3013/3013/3013 3012/3012/3012 3014/3014/3014
f 3015/3015/3015 3012/3012/3012 3013/3013/3013
f 3017/3017/3017 3016/3016/3016 3018/3018/3018
f 3019/3019/3019 3016/3016/3016 3017/3017/3017
f 3021/3021/3021 3020/3020/3020 3022/3022/3022
f 3023/3023/3023 3020/3020/3020 3021/3021/3021
f 3025/3025/3025 3024/3024/3024 3026/3026/3026
f 3027/3027/3027 3024/3024/3024 3025/3025/3025
f 3029/3029/3029 3028/3028/3028 3030/3030/3030
f 3031/3031/3031 3028/3028/3028 3029/3029/3029
f 3033/3033/3033 3032/3032/3032 3034/3034/3034
f 3035/3035/3035 3032/3032/3032 3033/3033/3033
f 3037/3037/3037 3036/3036/3036 3038/3038/3038
f 3039/3039/3039 3036/3036/3036 3037/3037/3037
f 3041/3041/3041 3040/3040/3040 3042/3042/3042
f 3043/3043/3043 3040/3040/3040 3041/3041/3041
f 3045/3045/3045 3044/3044/3044 3046/3046/3046
f 3047/3047/3047 3044/3044/3044 3045/3045/3045
f 3049/3049/3049 3048/3048/3048 3050/3050/3050
f 3051/3051/3051 3048/3048/3048 3049/3049/3049
f 3053/3053/3053 3052/3052/3052 3054/3054/3054
f 3055/3055/3055 3052/3052/3052 3053/3053/3053
f 3055/3055/3055 3056/3056/3056 3052/3052/3052
f 3057/3057/3057 3056/3056/3056 3055/3055/3055
f 3057/3057/3057 3058/3058/3058 3056/3056/3056
f 3059/3059/3059 3058/3058/3058 3057/3057/3057
f 3059/3059/3059 3060/3060/3060 3058/3058/3058
f 3061/3061/3061 3060/3060/3060 3059/3059/3059
f 3061/3061/3061 3062/3062/3062 3060/3060/3060
f 3063/3063/3063 3062/3062/3062 3061/3061/3061
f 3063/3063/3063 3064/3064/3064 3062/3062/3062
f 3065/3065/3065 3064/3064/3064 3063/3063/3063
f 3065/3065/3065 3066/3066/3066 3064/3064/3064
f 3067/3067/3067 3066/3066/3066 3065/3065/3065
f 3067/3067/3067 3068/3068/3068 3066/3066/3066
f 3069/3069/3069 3068/3068/3068 3067/3067/3067
f 3069/3069/3069 3070/3070/3070 3068/3068/3068
f 3071/3071/3071 3070/3070/3070 3069/3069/3069
f 3071/3071/3071 3072/3072/3072 3070/3070/3070
f 3073/3073/3073 3072/3072/3072 3071/3071/3071
f 3073/3073/3073 3074/3074/3074 3072/3072/3072
f 3075/3075/3075 3074/3074/3074 3073/3073/3073
f 3075/3075/3075 3076/3076/3076 3074/3074/3074
f 3077/3077/3077 3076/3076/3076 3075/3075/3075
f 3077/3077/3077 3078/3078/3078 3076/3076/3076
f 3079/3079/3079 3078/3078/3078 3077/3077/3077
f 3079/3079/3079 3080/3080/3080 3078/3078/3078
f 3081/3081/3081 3080/3080/3080 3079/3079/3079
f 3081/3081/3081 3082/3082/3082 3080/3080/3080
f 3083/3083/3083 3082/3082/3082 3081/3081/3081
f 3083/3083/3083 3054/3054/3054 3082/3082/3082
f 3053/3053/3053 3054/3054/3054 3083/3083/3083
f 2695/2695/2695 2693/2693/2693 2624/2624/2624
f 3085/3085/3085 3084/3084/3084 3086/3086/3086
f 3087/3087/3087 3084/3084/3084 3085/3085/3085
f 3085/3085/3085 3088/3088/3088 3089/3089/3089
f 3090/3090/3090 3088/3088/3088 3085/3085/3085
f 3092/3092/3092 3091/3091/3091 3093/3093/3093
f 3094/3094/3094 3091/3091/3091 3092/3092/3092
f 3096/3096/3096 3095/3095/3095 3093/3093/3093
f 3097/3097/3097 3095/3095/3095 3096/3096/3096
f 3099/3099/3099 3098/3098/3098 3100/3100/3100
f 3101/3101/3101 3098/3098/3098 3099/3099/3099
f 3103/3103/3103 3102/3102/3102 3100/3100/3100
f 3104/3104/3104 3102/3102/3102 3103/3103/3103
f 3106/3106/3106 3105/3105/3105 3107/3107/3107
f 3108/3108/3108 3105/3105/3105 3106/3106/3106
f 3110/3110/3110 3109/3109/3109 3107/3107/3107
f 3111/3111/3111 3109/3109/3109 3110/3110/3110
f 3113/3113/3113 3112/3112/3112 3114/3114/3114
f 3115/3115/3115 3112/3112/3112 3113/3113/3113
f 3117/3117/3117 3116/3116/3116 3114/3114/3114
f 3118/3118/3118 3116/3116/3116 3117/3117/3117
f 3120/3120/3120 3119/3119/3119 3121/3121/3121
f 3122/3122/3122 3119/3119/3119 3120/3120/3120
f 3124/3124/3124 3123/3123/3123 3121/3121/3121
f 3125/3125/3125 3123/3123/3123 3124/3124/3124
f 3127/3127/3127 3126/3126/3126 3128/3128/3128
f 3129/3129/3129 3126/3126/3126 3127/3127/3127
f 3131/3131/3131 3130/3130/3130 3128/3128/3128
f 3132/3132/3132 3130/3130/3130 3131/3131/3131
f 3134/3134/3134 3133/3133/3133 3135/3135/3135
f 3136/3136/3136 3133/3133/3133 3134/3134/3134
f 3138/3138/3138 3137/3137/3137 3135/3135/3135
f 3139/3139/3139 3137/3137/3137 3138/3138/3138
f 3141/3141/3141 3140/3140/3140 3142/3142/3142
f 3143/3143/3143 3140/3140/3140 3141/3141/3141
f 3145/3145/3145 3144/3144/3144 3142/3142/3142
f 3146/3146/3146 3144/3144/3144 3145/3145/3145
f 3148/3148/3148 3147/3147/3147 3149/3149/3149
f 3150/3150/3150 3147/3147/3147 3148/3148/3148
f 3152/3152/3152 3151/3151/3151 3149/3149/3149
f 3153/3153/3153 3151/3151/3151 3152/3152/3152
f 3155/3155/3155 3154/3154/3154 3156/3156/3156
f 3157/3157/3157 3154/3154/3154 3155/3155/3155
f 3159/3159/3159 3158/3158/3158 3156/3156/3156
f 3160/3160/3160 3158/3158/3158 3159/3159/3159
f 3162/3162/3162 3161/3161/3161 3163/3163/3163
f 3164/3164/3164 3161/3161/3161 3162/3162/3162
f 3166/3166/3166 3165/3165/3165 3163/3163/3163
f 3167/3167/3167 3165/3165/3165 3166/3166/3166
f 3169/3169/3169 3168/3168/3168 3170/3170/3170
f 3171/3171/3171 3168/3168/3168 3169/3169/3169
f 3173/3173/3173 3172/3172/3172 3170/3170/3170
f 3174/3174/3174 3172/3172/3172 3173/3173/3173
f 3176/3176/3176 3175/3175/3175 3177/3177/3177
f 3178/3178/3178 3175/3175/3175 3176/3176/3176
f 3180/3180/3180 3179/3179/3179 3177/3177/3177
f 3181/3181/3181 3179/3179/3179 3180/3180/3180
f 3183/3183/3183 3182/3182/3182 3184/3184/3184
f 3185/3185/3185 3182/3182/3182 3183/3183/3183
f 3187/3187/3187 3186/3186/3186 3184/3184/3184
f 3188/3188/3188 3186/3186/3186 3187/3187/3187
f 3190/3190/3190 3189/3189/3189 3191/3191/3191
f 3192/3192/3192 3189/3189/3189 3190/3190/3190
f 3194/3194/3194 3193/3193/3193 3191/3191/3191
f 3195/3195/3195 3193/3193/3193 3194/3194/3194
f 3197/3197/3197 3196/3196/3196 3198/3198/3198
f 3199/3199/3199 3196/3196/3196 3197/3197/3197
f 3201/3201/3201 3200/3200/3200 3198/3198/3198
f 3202/3202/3202 3200/3200/3200 3201/3201/3201
f 3204/3204/3204 3203/3203/3203 3205/3205/3205
f 3206/3206/3206 3203/3203/3203 3204/3204/3204
f 3208/3208/3208 3207/3207/3207 3205/3205/3205
f 3209/3209/3209 3207/3207/3207 3208/3208/3208
f 3211/3211/3211 3210/3210/3210 3212/3212/3212
f 3213/3213/3213 3210/3210/3210 3211/3211/3211
f 3215/3215/3215 3214/3214/3214 3212/3212/3212
f 3216/3216/3216 3214/3214/3214 3215/3215/3215
f 3218/3218/3218 3217/3217/3217 3219/3219/3219
f 3220/3220/3220 3217/3217/3217 3218/3218/3218
f 3222/3222/3222 3221/3221/3221 3219/3219/3219
f 3223/3223/3223 3221/3221/3221 3222/3222/3222
f 3225/3225/3225 3224/3224/3224 3226/3226/3226
f 3227/3227/3227 3224/3224/3224 3225/3225/3225
f 3229/3229/3229 3228/3228/3228 3226/3226/3226
f 3230/3230/3230 3228/3228/3228 3229/3229/3229
f 3232/3232/3232 3231/3231/3231 3233/3233/3233
f 3234/3234/3234 3231/3231/3231 3232/3232/3232
f 3236/3236/3236 3235/3235/3235 3233/3233/3233
f 3237/3237/3237 3235/3235/3235 3236/3236/3236
f 3239/3239/3239 3238/3238/3238 3240/3240/3240
f 3241/3241/3241 3238/3238/3238 3239/3239/3239
f 3243/3243/3243 3242/3242/3242 3240/3240/3240
f 3244/3244/3244 3242/3242/3242 3243/3243/3243
f 3246/3246/3246 3245/3245/3245 3247/3247/3247
f 3248/3248/3248 3245/3245/3245 3246/3246/3246
f 3248/3248/3248 3249/3249/3249 3250/3250/3250
f 3250/3250/3250 3249/3249/3249 3251/3251/3251
f 3252/3252/3252 2005/2005/2005 3253/3253/3253
f 3252/3252/3252 3254/3254/3254 3255/3255/3255
f 3257/3257/3257 3256/3256/3256 1855/1855/1855
f 1667/1667/1667 1704/1704/1704 3258/3258/3258
f 1712/1712/1712 3259/3259/3259 3260/3260/3260
f 1372/1372/1372 1332/1332/1332 3261/3261/3261
f 3263/3263/3263 3262/3262/3262 3264/3264/3264
f 3265/3265/3265 3262/3262/3262 3266/3266/3266
f 3265/3265/3265 3267/3267/3267 3268/3268/3268
f 3269/3269/3269 3267/3267/3267 3270/3270/3270
v 0.3165052 0.7457919 0.2741643
v 0.2798932 0.9034323 0.2806636
v 0.2995625 0.8995451 0.2372516
v 0.2890399 0.7555883 0.3207189
v 0.3126097 0.8712881 0.1970063
v 0.3151615 0.7335503 0.216266
v 0.2786307 0.8820906 0.155347
v 0.2857529 0.7239172 0.1709468
v 0.2395678 0.8770055 0.1314804
v 0.2371186 0.7185792 0.1460924
v 0.1935282 0.8766422 0.1299033
v 0.1822883 0.7189669 0.1483625
v 0.1528284 0.8811023 0.1510572
v 0.135954 0.7249764 0.1771498
v 0.1223872 0.881455 0.1887266
v 0.1105204 0.7349976 0.2248062
v 0.1144536 0.8802154 0.2405848
v 0.1128433 0.7463456 0.2784157
v 0.1484261 0.907218 0.2742231
v 0.1422433 0.7559803 0.3237095
v 0.1875591 0.9123074 0.298109
v 0.1908802 0.7613191 0.3485639
v 0.2336498 0.9126601 0.2996361
v 0.2457118 0.7609311 0.3462917
v 0.1484261 0.907218 0.2742231
v 0.1223872 0.881455 0.1887266
v 0.1528284 0.8811023 0.1510572
v 0.1144536 0.8802154 0.2405848
v 0.1875591 0.9123074 0.298109
v 0.1935282 0.8766422 0.1299033
v 0.2336498 0.9126601 0.2996361
v 0.2395678 0.8770055 0.1314804
v 0.2798932 0.9034323 0.2806636
v 0.2786307 0.8820906 0.155347
v 0.2995625 0.8995451 0.2372516
v 0.3126097 0.8712881 0.1970063

vn -0.06903286 -0.249905 0.9658065
vn -0.7217807 -0.4137917 0.5548055
vn -0.7457181 -0.02389239 0.665833
vn -0.1603417 -0.6887571 0.7070392
vn -0.297997 0.2286535 0.926777
vn 0.05497858 0.3396809 0.9389326
vn -0.6157086 0.5835007 0.5295564
vn 0.1430187 0.7538428 0.6413009
vn -0.5727047 0.7846524 0.2373397
vn 0.1893794 0.9667516 0.1718348
vn -0.5654396 0.816193 -0.1187735
vn 0.1816262 0.9213511 -0.343692
vn -0.5959419 0.6692968 -0.4437288
vn 0.1218365 0.6297835 -0.7671563
vn -0.5013357 0.3942504 -0.7702138
vn 0.0260327 0.1688965 -0.9852901
vn -0.3591248 -0.09055424 -0.9288862
vn -0.08010936 -0.3349329 -0.9388306
vn -0.7974961 -0.2849821 -0.5317756
vn -0.1681814 -0.7485691 -0.6413732
vn -0.8405838 -0.4865186 -0.2381567
vn -0.2145377 -0.9614781 -0.1718536
vn -0.8476382 -0.5170625 0.1189784
vn -0.2067779 -0.9160322 0.3436976
vn -0.7974961 -0.2849821 -0.5317756
vn -0.5013357 0.3942504 -0.7702138
vn -0.5959419 0.6692968 -0.4437288
vn -0.3591248 -0.09055424 -0.9288862
vn -0.8405838 -0.4865186 -0.2381567
vn -0.5654396 0.816193 -0.1187735
vn -0.8476382 -0.5170625 0.1189784
vn -0.5727047 0.7846524 0.2373397
vn -0.7217807 -0.4137917 0.5548055
vn -0.6157086 0.5835007 0.5295564
vn -0.7457181 -0.02389239 0.665833
vn -0.297997 0.2286535 0.926777

vt 0.024179 0.076778
vt 0.013061 0.069437
vt 0.014575 0.070154
vt 0.022621 0.076041
vt 0.015037 0.072093
vt 0.024655 0.078774
vt 0.014325 0.074737
vt 0.023922 0.081494
vt 0.01263 0.077375
vt 0.022177 0.084209
vt 0.010404 0.079302
vt 0.019887 0.086192
vt 0.008246 0.080001
vt 0.017666 0.086912
vt 0.006733 0.079285
vt 0.016109 0.086175
vt 0.00627 0.077345
vt 0.015633 0.084179
vt 0.006982 0.074702
vt 0.016366 0.081459
vt 0.008678 0.072063
vt 0.018111 0.078743
vt 0.010903 0.070136
vt 0.0204 0.07676
vt 0.030142 0.049453
vt 0.023429 0.074472
vt 0.030142 0.086084
vt 0.023429 0.061064
vt 0.041769 0.042749
vt 0.041769 0.092787
vt 0.055195 0.042749
vt 0.055195 0.092787
vt 0.066823 0.049453
vt 0.066823 0.086084
vt 0.073536 0.061064
vt 0.073536 0.074472
f 3272/3272/3272 3271/3271/3271 3273/3273/3273
f 3274/3274/3274 3271/3271/3271 3272/3272/3272
f 3271/3271/3271 3275/3275/3275 3273/3273/3273
f 3276/3276/3276 3275/3275/3275 3271/3271/3271
f 3275/3275/3275 3276/3276/3276 3277/3277/3277
f 3277/3277/3277 3276/3276/3276 3278/3278/3278
f 3277/3277/3277 3278/3278/3278 3279/3279/3279
f 3279/3279/3279 3278/3278/3278 3280/3280/3280
f 3279/3279/3279 3280/3280/3280 3281/3281/3281
f 3281/3281/3281 3280/3280/3280 3282/3282/3282
f 3281/3281/3281 3282/3282/3282 3283/3283/3283
f 3283/3283/3283 3282/3282/3282 3284/3284/3284
f 3283/3283/3283 3284/3284/3284 3285/3285/3285
f 3285/3285/3285 3284/3284/3284 3286/3286/3286
f 3285/3285/3285 3286/3286/3286 3287/3287/3287
f 3287/3287/3287 3286/3286/3286 3288/3288/3288
f 3287/3287/3287 3288/3288/3288 3289/3289/3289
f 3289/3289/3289 3288/3288/3288 3290/3290/3290
f 3289/3289/3289 3290/3290/3290 3291/3291/3291
f 3291/3291/3291 3290/3290/3290 3292/3292/3292
f 3291/3291/3291 3292/3292/3292 3293/3293/3293
f 3293/3293/3293 3292/3292/3292 3294/3294/3294
f 3293/3293/3293 3294/3294/3294 3272/3272/3272
f 3272/3272/3272 3294/3294/3294 3274/3274/3274
f 3296/3296/3296 3295/3295/3295 3297/3297/3297
f 3298/3298/3298 3295/3295/3295 3296/3296/3296
f 3295/3295/3295 3299/3299/3299 3297/3297/3297
f 3297/3297/3297 3299/3299/3299 3300/3300/3300
f 3299/3299/3299 3301/3301/3301 3300/3300/3300
f 3300/3300/3300 3301/3301/3301 3302/3302/3302
f 3301/3301/3301 3303/3303/3303 3302/3302/3302
f 3302/3302/3302 3303/3303/3303 3304/3304/3304
f 3303/3303/3303 3305/3305/3305 3304/3304/3304
f 3304/3304/3304 3305/3305/3305 3306/3306/3306
v 0.161859 0.6754325 -0.09628303
v 0.192568 0.5869762 -0.09713342
v 0.1925406 0.7008461 -0.08449676
v 0.151977 0.6013495 -0.08838356
v 0.145521 0.6869273 -0.06569713
v 0.1435617 0.5898467 -0.05904812
v 0.1490061 0.6939793 -0.0442279
v 0.148732 0.5827291 -0.04456151
v 0.1487065 0.6939622 -0.02711451
v 0.1484306 0.5827129 -0.02724444
v 0.1507629 0.690214 0.04873044
v 0.1616538 0.577781 0.04833914
v 0.2406315 0.6942033 -0.07663564
v 0.2448571 0.5821215 -0.07380138
v 0.2678556 0.6940204 -0.05004261
v 0.2701021 0.5821223 -0.04613791
v 0.2890968 0.6971593 0.03197284
v 0.2803577 0.5845941 0.05348673
v 0.2439689 0.6712158 0.08065115
v 0.2497151 0.6379864 0.06974731
v 0.2372449 0.6127194 0.0658897
v 0.213556 0.5599661 -0.02218058
v 0.2480651 0.5807516 0.02090767
v 0.2684238 0.5807425 -0.01606635
v 0.2566749 0.58082 -0.05660705
v 0.2197021 0.5809391 -0.07696572
v 0.1791611 0.5810278 -0.06521787
v 0.1588016 0.5810372 -0.02824163
v 0.1705501 0.58096 0.01229686
v 0.2075233 0.5808408 0.03265648
v 0.218936 0.7003145 0.03289829
v 0.2562933 0.7002437 0.01325044
v 0.2139548 0.7213175 -0.02199318
v 0.2688155 0.7002599 -0.02705745
v 0.2491677 0.7003549 -0.06441484
v 0.2088612 0.7004727 -0.07693716
v 0.1715024 0.7005438 -0.05728859
v 0.1589806 0.7005274 -0.01698065
v 0.1786273 0.7004324 0.02037561
v 0.07681035 0.5937183 -0.06444678
v 0.1092015 0.5766228 -0.02408312
v 0.1043856 0.589209 -0.06319056
v 0.0783435 0.5774959 -0.01717314
v 0.1437898 0.5715984 -0.02256405
v 0.143611 0.5838231 -0.07135916
v 0.1925771 0.5718191 -0.02518929
v 0.1929892 0.5840175 -0.07162179
v 0.1044205 0.589878 0.01944765
v 0.07535292 0.5989408 0.02375934
v 0.1415958 0.5840529 0.02728088
v 0.1944498 0.5816711 0.02264505
v 0.0990537 0.6404502 0.04413512
v 0.07422908 0.646642 0.03741816
v 0.1365746 0.6392267 0.05966367
v 0.1971236 0.6264522 0.05885845
v 0.1047416 0.6859949 0.02030417
v 0.07748969 0.686689 0.0143427
v 0.1403866 0.6918877 0.02747108
v 0.189288 0.6895422 0.03303897
v 0.1096592 0.6998628 -0.02082948
v 0.07890986 0.6991001 -0.02833119
v 0.1440602 0.7047227 -0.02168357
v 0.1839278 0.7055702 -0.01820029
v 0.1055844 0.6866279 -0.06445776
v 0.07605027 0.6776471 -0.06929348
v 0.142768 0.6922749 -0.07156253
v 0.1845095 0.6960471 -0.06698622
v 0.10171 0.638317 -0.0896536
v 0.07425886 0.6383679 -0.08358965
v 0.1356026 0.6382607 -0.1034349
v 0.1920416 0.6389803 -0.1054141
v 0.2087394 0.7027017 -0.02861525
v 0.2162066 0.6941482 0.008905632
v 0.2318348 0.6547523 0.03436033
v 0.2324089 0.603142 0.01392392
v 0.2273235 0.5885554 -0.02208247
v 0.2270681 0.5976241 -0.06245169
v 0.2253869 0.6443087 -0.09060815
v 0.2134752 0.688809 -0.0696707
v -0.04880859 0.5950759 -0.06720703
v -0.02071208 0.5778435 -0.0304889
v -0.02059018 0.5953279 -0.06696171
v -0.04978856 0.5774496 -0.02318077
v -0.07676066 0.5927019 -0.06750015
v -0.0788635 0.5775097 -0.02346388
v -0.1088221 0.5912862 -0.06657347
v -0.1089401 0.5778057 -0.01977136
v -0.02075603 0.5906765 0.01421661
v -0.04912196 0.5944151 0.01857432
v -0.07726817 0.5920703 0.01826027
v -0.109389 0.5954821 0.02226935
v -0.02068219 0.6314908 0.03693063
v -0.0470425 0.6374655 0.0374715
v -0.07608745 0.6373801 0.04103634
v -0.1095722 0.6482807 0.04071204
v -0.02053327 0.6765971 0.02399589
v -0.04794396 0.6827789 0.01846476
v -0.07804327 0.6852593 0.01818147
v -0.1090147 0.6897951 0.01198624
v -0.02039742 0.6991645 -0.01690608
v -0.04947081 0.6996802 -0.024765
v -0.07854575 0.6997415 -0.02503941
v -0.1086098 0.6995708 -0.02931407
v -0.02035346 0.6863316 -0.06161398
v -0.04857852 0.6827214 -0.06651162
v -0.07651778 0.6851843 -0.06673674
v -0.1086278 0.6818922 -0.07135168
v -0.02044616 0.6385666 -0.08481961
v -0.04550748 0.6386204 -0.0853486
v -0.07619217 0.6386862 -0.08958094
v -0.10884 0.6387576 -0.09072331
v -0.1487951 0.6888695 -0.05961086
v -0.1488916 0.698059 -0.02015437
v -0.1497768 0.6808845 0.02017736
v -0.1504553 0.6288651 0.03791058
v -0.1496686 0.588677 0.009751017
v -0.1490479 0.5794855 -0.029701
v -0.1490646 0.5923669 -0.06513537
v -0.1492783 0.6388384 -0.08876957
v -0.02044616 0.6385666 -0.08481961
v 0.07681035 0.5937183 -0.06444678
v 0.07425886 0.6383679 -0.08358965
v -0.02059018 0.5953279 -0.06696171
v 0.07605027 0.6776471 -0.06929348
v -0.02035346 0.6863316 -0.06161398
v 0.07890986 0.6991001 -0.02833119
v -0.02039742 0.6991645 -0.01690608
v 0.07748969 0.686689 0.0143427
v -0.02053327 0.6765971 0.02399589
v 0.07422908 0.646642 0.03741816
v -0.02068219 0.6314908 0.03693063
v 0.07535292 0.5989408 0.02375934
v -0.02075603 0.5906765 0.01421661
v 0.0783435 0.5774959 -0.01717314
v -0.02071208 0.5778435 -0.0304889
v 0.1831774 0.6257811 0.06948519
v 0.1799932 0.6133858 0.06333089
v 0.2185596 0.6235317 0.05037384
v 0.1799209 0.6368513 0.07553912
v 0.2046506 0.6642891 0.05043101
v 0.182262 0.6537588 0.07471424
v 0.2372449 0.6127194 0.0658897
v 0.2367256 0.6157526 0.04216764
v 0.2305361 0.6220428 0.0532205
v 0.2497151 0.6379864 0.06974731
v 0.2350765 0.6384813 0.0607476
v 0.2609714 0.6593726 0.0574123
v 0.23506 0.6688411 0.04561232
v 0.2428065 0.6602773 0.07039712
v 0.1616538 0.577781 0.04833914
v 0.2701021 0.5821223 -0.04613791
v 0.1484306 0.5827129 -0.02724444
v 0.2803577 0.5845941 0.05348673
v 0.2448571 0.5821215 -0.07380138
v 0.148732 0.5827291 -0.04456151
v 0.192568 0.5869762 -0.09713342
v 0.1435617 0.5898467 -0.05904812
v 0.1820459 0.6031213 0.07805944
v 0.2374239 0.6100056 0.08237343
v 0.1435617 0.5898467 -0.05904812
v 0.192568 0.5869762 -0.09713342
v 0.151977 0.6013495 -0.08838356
v 0.2803577 0.5845941 0.05348673
v 0.2428065 0.6602773 0.07039712
v 0.2609714 0.6593726 0.0574123
v 0.2374239 0.6100056 0.08237343
v 0.1507629 0.690214 0.04873044
v 0.1799932 0.6133858 0.06333089
v 0.1831774 0.6257811 0.06948519
v 0.1872835 0.6812715 0.07668573
v 0.1820459 0.6031213 0.07805944
v 0.1799209 0.6368513 0.07553912
v 0.182262 0.6537588 0.07471424
v 0.1616538 0.577781 0.04833914
v 0.1872835 0.6812715 0.07668573
v 0.2372449 0.6127194 0.0658897
v 0.1799932 0.6133858 0.06333089
v 0.2439689 0.6712158 0.08065115
v 0.2374239 0.6100056 0.08237343
v 0.182262 0.6537588 0.07471424
v 0.2428065 0.6602773 0.07039712
v 0.1820459 0.6031213 0.07805944
v 0.1872835 0.6812715 0.07668573
v 0.2890968 0.6971593 0.03197284
v 0.2439689 0.6712158 0.08065115
v 0.1507629 0.690214 0.04873044
v 0.2678556 0.6940204 -0.05004261
v 0.1487065 0.6939622 -0.02711451
v 0.2406315 0.6942033 -0.07663564
v 0.1490061 0.6939793 -0.0442279
v 0.1925406 0.7008461 -0.08449676
v 0.145521 0.6869273 -0.06569713
v 0.145521 0.6869273 -0.06569713
v 0.161859 0.6754325 -0.09628303
v 0.1925406 0.7008461 -0.08449676

vn -0.3379468 0.8004457 -0.4950546
vn 0.620221 0.7842266 0.01774483
vn -0.8463976 0.5323254 0.01551591
vn 0.3329351 0.6416239 -0.6909946
vn -0.5678434 0.269726 -0.7776902
vn 0.5630108 0.1359137 -0.8151974
vn -0.7090392 0.003221009 -0.7051619
vn 0.7051866 0.009061595 -0.708964
vn -0.7090374 0.01137343 -0.7050794
vn 0.7051699 0.01314001 -0.7089168
vn -0.6351536 -0.4246072 -0.6452045
vn 0.802729 -0.4176131 -0.425706
vn -0.7151258 0.6107074 0.3400467
vn 0.7157524 0.5531908 0.4262377
vn -0.7124558 0.4101599 0.5693644
vn 0.7147468 0.3312342 0.6159717
vn -0.7771255 -0.1816144 0.6025714
vn 0.6634209 -0.6127231 0.4294688
vn -0.2998933 -0.9226946 0.2422794
vn 0.2957333 -0.9372211 -0.1848214
vn 0.7710332 -0.6275687 0.1080066
vn 0.9999955 0.001248067 -0.002713466
vn 0.5836515 -0.6524684 0.4833591
vn 0.5838515 -0.1182448 0.8032036
vn 0.5826877 0.4856668 0.651616
vn 0.5808318 0.805511 0.1174163
vn 0.5793947 0.6539257 -0.486501
vn 0.5791882 0.1196781 -0.8063614
vn 0.5803463 -0.484209 -0.6547824
vn 0.5822037 -0.804053 -0.1205736
vn -0.5802312 -0.8076383 0.1051304
vn -0.5791528 -0.4980716 0.6453736
vn -0.9999955 -0.001248067 0.002713466
vn -0.579459 0.1028299 0.8084885
vn -0.5809744 0.6430734 0.4989244
vn -0.5828044 0.8061919 -0.1019515
vn -0.5838894 0.4966117 -0.642223
vn -0.5835807 -0.1042907 -0.8053306
vn -0.5820637 -0.6445125 -0.4957882
vn 0.7344102 0.6766683 -0.05255361
vn 0.9951702 0.03318277 -0.09238647
vn 0.8130716 0.5497994 -0.1914036
vn 0.9935462 -0.1116067 -0.02024703
vn 0.9959207 0.009306224 -0.08975157
vn 0.8500562 0.5174919 -0.09801421
vn 0.9716079 0.06809463 0.2265862
vn 0.831721 0.5053546 0.2299065
vn 0.7991607 -0.5717464 -0.1856028
vn 0.6296358 -0.7728953 -0.07868864
vn 0.8445176 -0.5196694 -0.1293596
vn 0.8776686 -0.3969828 0.2685195
vn -0.04491691 -0.955287 -0.2922493
vn -0.167167 -0.9807553 -0.1008695
vn -0.02217612 -0.9733108 -0.2284185
vn 0.2318958 -0.9173986 0.3234265
vn -0.7882169 -0.5885183 -0.1798901
vn -0.810748 -0.5842499 -0.03660693
vn -0.838219 -0.5229815 -0.1545298
vn -0.7796158 -0.6043364 0.164247
vn -0.9959526 -0.03139847 -0.08421749
vn -0.9936583 0.1120097 -0.009847061
vn -0.996288 -0.00762665 -0.08574376
vn -0.9961165 -0.07096142 0.05212016
vn -0.8003492 0.5754808 -0.1681164
vn -0.6295858 0.7739135 -0.06840873
vn -0.8450211 0.5220303 -0.1158612
vn -0.908733 0.4131475 0.05927522
vn -0.001496389 0.9691891 -0.2463145
vn -0.001221919 0.9945209 -0.1045333
vn -0.001519554 0.965464 -0.2605331
vn -0.01726674 0.9778731 0.2084865
vn -0.9917129 0.0683698 0.1087712
vn -0.8819754 -0.3924048 0.2610327
vn -0.2415847 -0.7816421 0.5750417
vn 0.6433293 -0.4930579 0.5856805
vn 0.8742951 -0.06272585 0.481325
vn 0.7542757 0.4550146 0.4733182
vn -0.03189149 0.8982878 0.4382491
vn -0.7746246 0.599683 0.2008413
vn 0.7126575 0.7013481 0.01518193
vn 0.9907617 0.1355886 -0.002683091
vn 0.7063858 0.7078248 -0.001888775
vn 0.9998661 -0.01613784 -0.002713803
vn 0.7614098 0.6472077 0.03711615
vn 0.9998676 -0.0160405 -0.002713803
vn 0.7909417 0.6114701 -0.02271353
vn 0.9951721 -0.09547282 -0.02274686
vn 0.7991092 -0.601182 -0.002192204
vn 0.7255358 -0.6880792 0.01204802
vn 0.7735897 -0.6329213 0.03114537
vn 0.7065648 -0.707027 -0.02965295
vn 0.1400443 -0.9901454 -0.0004192122
vn 0.02174496 -0.9983069 0.05395383
vn 0.02460377 -0.9981671 0.05529673
vn -0.1922253 -0.9808048 -0.03273893
vn -0.6047233 -0.7964342 0.001609404
vn -0.7271619 -0.6855757 0.03495479
vn -0.7756109 -0.6310334 0.01498947
vn -0.8651163 -0.5010521 -0.02281934
vn -0.9907582 -0.135613 0.002683081
vn -0.9998683 0.01600176 0.002713803
vn -0.9998695 0.01592638 0.002713804
vn -0.9952508 0.09583628 -0.01706798
vn -0.799108 0.6011837 0.002192201
vn -0.725674 0.687773 0.0191289
vn -0.7736591 0.6322523 0.04134032
vn -0.7065985 0.7073466 -0.01948087
vn -0.001029679 0.9999998 4.238219E-05
vn -0.0008705491 0.9967759 0.08023441
vn -0.0009064758 0.9988798 0.04731573
vn -0.001090986 0.9997042 -0.02430366
vn -0.8667084 0.4973314 -0.03844799
vn -0.9947383 -0.09488996 -0.0386204
vn -0.7074097 -0.7047132 -0.05432365
vn 0.1977812 -0.9779662 -0.06682363
vn 0.8665231 -0.4964638 -0.05158793
vn 0.9945726 0.09564725 -0.0409504
vn 0.7931052 0.6075448 -0.0432841
vn -0.001124291 0.9988165 -0.04862836
vn -0.001029679 0.9999998 4.238219E-05
vn 0.7344102 0.6766683 -0.05255361
vn -0.001221919 0.9945209 -0.1045333
vn 0.7063858 0.7078248 -0.001888775
vn -0.6295858 0.7739135 -0.06840873
vn -0.799108 0.6011837 0.002192201
vn -0.9936583 0.1120097 -0.009847061
vn -0.9907582 -0.135613 0.002683081
vn -0.810748 -0.5842499 -0.03660693
vn -0.6047233 -0.7964342 0.001609404
vn -0.167167 -0.9807553 -0.1008695
vn 0.1400443 -0.9901454 -0.0004192122
vn 0.6296358 -0.7728953 -0.07868864
vn 0.7991092 -0.601182 -0.002192204
vn 0.9935462 -0.1116067 -0.02024703
vn 0.9907617 0.1355886 -0.002683091
vn 0.542886 -0.8398002 0.003304986
vn 0.7593089 -0.5896038 -0.2753496
vn 0.6083211 -0.7236312 0.3260424
vn -0.2680576 -0.961495 -0.06060581
vn -0.6867262 -0.7252735 0.04884424
vn -0.5280695 -0.8177505 -0.2289696
vn 0.7710332 -0.6275687 0.1080066
vn 0.7928461 -0.5497509 -0.2630004
vn 0.636933 -0.7708823 0.007553111
vn 0.2957333 -0.9372211 -0.1848214
vn -0.251286 -0.9219453 -0.2947414
vn -0.7215493 -0.691117 0.04152448
vn -0.7789526 -0.6192167 0.09901325
vn -0.6600434 -0.7182176 0.2202419
vn 0.802729 -0.4176131 -0.425706
vn 0.7147468 0.3312342 0.6159717
vn 0.7051699 0.01314001 -0.7089168
vn 0.6634209 -0.6127231 0.4294688
vn 0.7157524 0.5531908 0.4262377
vn 0.7051866 0.009061595 -0.708964
vn 0.620221 0.7842266 0.01774483
vn 0.5630108 0.1359137 -0.8151974
vn 0.4036009 -0.8847351 -0.2331323
vn 0.264311 -0.9578245 0.1127494
vn 0.5630108 0.1359137 -0.8151974
vn 0.620221 0.7842266 0.01774483
vn 0.3329351 0.6416239 -0.6909946
vn 0.6634209 -0.6127231 0.4294688
vn -0.6600434 -0.7182176 0.2202419
vn -0.7215493 -0.691117 0.04152448
vn 0.264311 -0.9578245 0.1127494
vn -0.6351536 -0.4246072 -0.6452045
vn 0.7593089 -0.5896038 -0.2753496
vn 0.542886 -0.8398002 0.003304986
vn -0.4994049 -0.8565978 -0.1297509
vn 0.4036009 -0.8847351 -0.2331323
vn -0.2680576 -0.961495 -0.06060581
vn -0.5280695 -0.8177505 -0.2289696
vn 0.802729 -0.4176131 -0.425706
vn -0.4994049 -0.8565978 -0.1297509
vn 0.7710332 -0.6275687 0.1080066
vn 0.7593089 -0.5896038 -0.2753496
vn -0.2998933 -0.9226946 0.2422794
vn 0.264311 -0.9578245 0.1127494
vn -0.5280695 -0.8177505 -0.2289696
vn -0.6600434 -0.7182176 0.2202419
vn 0.4036009 -0.8847351 -0.2331323
vn -0.4994049 -0.8565978 -0.1297509
vn -0.7771255 -0.1816144 0.6025714
vn -0.2998933 -0.9226946 0.2422794
vn -0.6351536 -0.4246072 -0.6452045
vn -0.7124558 0.4101599 0.5693644
vn -0.7090374 0.01137343 -0.7050794
vn -0.7151258 0.6107074 0.3400467
vn -0.7090392 0.003221009 -0.7051619
vn -0.8463976 0.5323254 0.01551591
vn -0.5678434 0.269726 -0.7776902
vn -0.5678434 0.269726 -0.7776902
vn -0.3379468 0.8004457 -0.4950546
vn -0.8463976 0.5323254 0.01551591

vt 0.741359 0.167389
vt 0.738822 0.155951
vt 0.740874 0.167475
vt 0.739308 0.155864
vt 0.742521 0.167182
vt 0.74047 0.155657
vt 0.744837 0.16677
vt 0.742786 0.155245
vt 0.749819 0.165883
vt 0.747768 0.154358
vt 0.765186 0.163148
vt 0.763135 0.151623
vt 0.744065 0.166907
vt 0.742014 0.155382
vt 0.748696 0.166083
vt 0.746645 0.154558
vt 0.763502 0.163447
vt 0.761451 0.151923
vt 0.766833 0.162231
vt 0.761451 0.151923
vt 0.765163 0.152849
vt 0.662163 0.245539
vt 0.666251 0.242582
vt 0.667944 0.245539
vt 0.666251 0.248495
vt 0.662163 0.24972
vt 0.658075 0.248495
vt 0.656382 0.245539
vt 0.658075 0.242582
vt 0.662163 0.241358
vt 0.662163 0.241358
vt 0.666251 0.242582
vt 0.662163 0.245539
vt 0.667944 0.245539
vt 0.666251 0.248495
vt 0.662163 0.24972
vt 0.658075 0.248495
vt 0.656382 0.245539
vt 0.658075 0.242582
vt 0.883495 0.029851
vt 0.899045 0.02665
vt 0.899045 0.032056
vt 0.883495 0.02665
vt 0.914596 0.02665
vt 0.914596 0.03617
vt 0.929472 0.02665
vt 0.929472 0.036652
vt 0.899045 0.021245
vt 0.883495 0.023449
vt 0.914596 0.01713
vt 0.929472 0.016648
vt 0.899045 0.019006
vt 0.883495 0.022124
vt 0.914596 0.013187
vt 0.929472 0.012505
vt 0.899045 0.021245
vt 0.883495 0.023449
vt 0.914596 0.01713
vt 0.929472 0.016648
vt 0.899045 0.02665
vt 0.883495 0.02665
vt 0.914596 0.02665
vt 0.929472 0.02665
vt 0.899045 0.032056
vt 0.883495 0.029851
vt 0.914596 0.03617
vt 0.929472 0.036652
vt 0.899045 0.034294
vt 0.883495 0.031177
vt 0.914596 0.040114
vt 0.929472 0.040795
vt 0.931714 0.02665
vt 0.931714 0.017671
vt 0.931714 0.013951
vt 0.931714 0.017671
vt 0.931714 0.02665
vt 0.931714 0.03563
vt 0.931714 0.039349
vt 0.931714 0.03563
vt 0.816237 0.028656
vt 0.82564 0.025752
vt 0.82564 0.028553
vt 0.816237 0.025752
vt 0.806834 0.029626
vt 0.806834 0.025752
vt 0.797431 0.029833
vt 0.797431 0.025752
vt 0.82564 0.022951
vt 0.816237 0.022848
vt 0.806834 0.021878
vt 0.797431 0.021671
vt 0.82564 0.021791
vt 0.816237 0.021644
vt 0.806834 0.020273
vt 0.797431 0.01998
vt 0.82564 0.022951
vt 0.816237 0.022848
vt 0.806834 0.021878
vt 0.797431 0.021671
vt 0.82564 0.025752
vt 0.816237 0.025752
vt 0.806834 0.025752
vt 0.797431 0.025752
vt 0.82564 0.028553
vt 0.816237 0.028656
vt 0.806834 0.029626
vt 0.797431 0.029833
vt 0.82564 0.029713
vt 0.816237 0.029859
vt 0.806834 0.03123
vt 0.797431 0.031523
vt 0.785429 0.029257
vt 0.785429 0.025752
vt 0.785429 0.022246
vt 0.785429 0.020794
vt 0.785429 0.022246
vt 0.785429 0.025752
vt 0.785429 0.029257
vt 0.785429 0.03071
vt 0.827048 0.030972
vt 0.880998 0.029789
vt 0.88099 0.030983
vt 0.827054 0.029778
vt 0.880998 0.029789
vt 0.827054 0.029778
vt 0.881015 0.026906
vt 0.827071 0.026896
vt 0.88103 0.024024
vt 0.827087 0.024013
vt 0.881038 0.02283
vt 0.827094 0.022819
vt 0.88103 0.024024
vt 0.827087 0.024013
vt 0.881015 0.026906
vt 0.827071 0.026896
vt 0.267562 0.094071
vt 0.277924 0.085332
vt 0.287414 0.101109
vt 0.262215 0.078327
vt 0.280985 0.087969
vt 0.272285 0.073377
vt 0.313409 0.07751
vt 0.328568 0.091623
vt 0.312039 0.094699
vt 0.335026 0.082613
vt 0.316292 0.078232
vt 0.322062 0.07046
vt 0.303287 0.082891
vt 0.304242 0.067243
vt 0.653388 0.234888
vt 0.669688 0.247238
vt 0.653388 0.246397
vt 0.675719 0.236149
vt 0.664965 0.250706
vt 0.653388 0.250128
vt 0.655526 0.253096
vt 0.653388 0.251862
vt 0.656585 0.233574
vt 0.667799 0.233574
vt 0.653442 0.248598
vt 0.655875 0.250003
vt 0.654158 0.249589
vt 0.766833 0.162231
vt 0.761451 0.151923
vt 0.765163 0.152849
vt 0.763502 0.163447
vt 0.766833 0.162231
vt 0.763135 0.151623
vt 0.765186 0.163148
vt 0.765163 0.152849
vt 0.766833 0.162231
vt 0.763135 0.151623
vt 0.765186 0.163148
vt 0.765163 0.152849
vt 0.660244 0.233653
vt 0.665163 0.23425
vt 0.665163 0.233653
vt 0.660244 0.23425
vt 0.660244 0.233653
vt 0.665163 0.23425
vt 0.665163 0.233653
vt 0.660244 0.23425
vt 0.656585 0.233574
vt 0.675719 0.236149
vt 0.667799 0.233574
vt 0.653388 0.234888
vt 0.669688 0.247238
vt 0.653388 0.246397
vt 0.664965 0.250706
vt 0.653388 0.250128
vt 0.655526 0.253096
vt 0.653388 0.251862
vt 0.653442 0.248598
vt 0.654158 0.249589
vt 0.655875 0.250003
f 3308/3308/3308 3307/3307/3307 3309/3309/3309
f 3310/3310/3310 3307/3307/3307 3308/3308/3308
f 3310/3310/3310 3311/3311/3311 3307/3307/3307
f 3312/3312/3312 3311/3311/3311 3310/3310/3310
f 3312/3312/3312 3313/3313/3313 3311/3311/3311
f 3314/3314/3314 3313/3313/3313 3312/3312/3312
f 3314/3314/3314 3315/3315/3315 3313/3313/3313
f 3316/3316/3316 3315/3315/3315 3314/3314/3314
f 3315/3315/3315 3316/3316/3316 3317/3317/3317
f 3317/3317/3317 3316/3316/3316 3318/3318/3318
f 3309/3309/3309 3319/3319/3319 3308/3308/3308
f 3308/3308/3308 3319/3319/3319 3320/3320/3320
f 3319/3319/3319 3321/3321/3321 3320/3320/3320
f 3320/3320/3320 3321/3321/3321 3322/3322/3322
f 3321/3321/3321 3323/3323/3323 3322/3322/3322
f 3322/3322/3322 3323/3323/3323 3324/3324/3324
f 3323/3323/3323 3325/3325/3325 3326/3326/3326
f 3326/3326/3326 3325/3325/3325 3327/3327/3327
f 3329/3329/3329 3328/3328/3328 3330/3330/3330
f 3330/3330/3330 3328/3328/3328 3331/3331/3331
f 3331/3331/3331 3328/3328/3328 3332/3332/3332
f 3332/3332/3332 3328/3328/3328 3333/3333/3333
f 3333/3333/3333 3328/3328/3328 3334/3334/3334
f 3334/3334/3334 3328/3328/3328 3335/3335/3335
f 3335/3335/3335 3328/3328/3328 3336/3336/3336
f 3328/3328/3328 3329/3329/3329 3336/3336/3336
f 3336/3336/3336 3329/3329/3329 3337/3337/3337
f 3337/3337/3337 3329/3329/3329 3338/3338/3338
f 3330/3330/3330 3338/3338/3338 3329/3329/3329
f 3338/3338/3338 3339/3339/3339 3337/3337/3337
f 3340/3340/3340 3339/3339/3339 3338/3338/3338
f 3330/3330/3330 3331/3331/3331 3340/3340/3340
f 3340/3340/3340 3338/3338/3338 3330/3330/3330
f 3341/3341/3341 3339/3339/3339 3340/3340/3340
f 3331/3331/3331 3332/3332/3332 3341/3341/3341
f 3340/3340/3340 3331/3331/3331 3341/3341/3341
f 3342/3342/3342 3339/3339/3339 3341/3341/3341
f 3332/3332/3332 3333/3333/3333 3342/3342/3342
f 3341/3341/3341 3332/3332/3332 3342/3342/3342
f 3343/3343/3343 3339/3339/3339 3342/3342/3342
f 3333/3333/3333 3334/3334/3334 3343/3343/3343
f 3342/3342/3342 3333/3333/3333 3343/3343/3343
f 3344/3344/3344 3339/3339/3339 3343/3343/3343
f 3334/3334/3334 3335/3335/3335 3344/3344/3344
f 3343/3343/3343 3334/3334/3334 3344/3344/3344
f 3345/3345/3345 3339/3339/3339 3344/3344/3344
f 3337/3337/3337 3339/3339/3339 3345/3345/3345
f 3345/3345/3345 3336/3336/3336 3337/3337/3337
f 3335/3335/3335 3336/3336/3336 3345/3345/3345
f 3344/3344/3344 3335/3335/3335 3345/3345/3345
f 3347/3347/3347 3346/3346/3346 3348/3348/3348
f 3349/3349/3349 3346/3346/3346 3347/3347/3347
f 3347/3347/3347 3348/3348/3348 3350/3350/3350
f 3350/3350/3350 3348/3348/3348 3351/3351/3351
f 3350/3350/3350 3351/3351/3351 3352/3352/3352
f 3352/3352/3352 3351/3351/3351 3353/3353/3353
f 3354/3354/3354 3349/3349/3349 3347/3347/3347
f 3355/3355/3355 3349/3349/3349 3354/3354/3354
f 3356/3356/3356 3347/3347/3347 3350/3350/3350
f 3354/3354/3354 3347/3347/3347 3356/3356/3356
f 3357/3357/3357 3350/3350/3350 3352/3352/3352
f 3356/3356/3356 3350/3350/3350 3357/3357/3357
f 3358/3358/3358 3355/3355/3355 3354/3354/3354
f 3359/3359/3359 3355/3355/3355 3358/3358/3358
f 3360/3360/3360 3354/3354/3354 3356/3356/3356
f 3358/3358/3358 3354/3354/3354 3360/3360/3360
f 3361/3361/3361 3356/3356/3356 3357/3357/3357
f 3360/3360/3360 3356/3356/3356 3361/3361/3361
f 3362/3362/3362 3359/3359/3359 3358/3358/3358
f 3363/3363/3363 3359/3359/3359 3362/3362/3362
f 3364/3364/3364 3358/3358/3358 3360/3360/3360
f 3362/3362/3362 3358/3358/3358 3364/3364/3364
f 3365/3365/3365 3360/3360/3360 3361/3361/3361
f 3364/3364/3364 3360/3360/3360 3365/3365/3365
f 3366/3366/3366 3363/3363/3363 3362/3362/3362
f 3367/3367/3367 3363/3363/3363 3366/3366/3366
f 3368/3368/3368 3362/3362/3362 3364/3364/3364
f 3366/3366/3366 3362/3362/3362 3368/3368/3368
f 3369/3369/3369 3364/3364/3364 3365/3365/3365
f 3368/3368/3368 3364/3364/3364 3369/3369/3369
f 3370/3370/3370 3367/3367/3367 3366/3366/3366
f 3371/3371/3371 3367/3367/3367 3370/3370/3370
f 3372/3372/3372 3366/3366/3366 3368/3368/3368
f 3370/3370/3370 3366/3366/3366 3372/3372/3372
f 3373/3373/3373 3368/3368/3368 3369/3369/3369
f 3372/3372/3372 3368/3368/3368 3373/3373/3373
f 3374/3374/3374 3371/3371/3371 3370/3370/3370
f 3375/3375/3375 3371/3371/3371 3374/3374/3374
f 3376/3376/3376 3370/3370/3370 3372/3372/3372
f 3374/3374/3374 3370/3370/3370 3376/3376/3376
f 3377/3377/3377 3372/3372/3372 3373/3373/3373
f 3376/3376/3376 3372/3372/3372 3377/3377/3377
f 3374/3374/3374 3346/3346/3346 3375/3375/3375
f 3348/3348/3348 3346/3346/3346 3374/3374/3374
f 3376/3376/3376 3348/3348/3348 3374/3374/3374
f 3351/3351/3351 3348/3348/3348 3376/3376/3376
f 3377/3377/3377 3351/3351/3351 3376/3376/3376
f 3353/3353/3353 3351/3351/3351 3377/3377/3377
f 3378/3378/3378 3373/3373/3373 3369/3369/3369
f 3378/3378/3378 3369/3369/3369 3379/3379/3379
f 3379/3379/3379 3369/3369/3369 3365/3365/3365
f 3379/3379/3379 3365/3365/3365 3380/3380/3380
f 3380/3380/3380 3365/3365/3365 3361/3361/3361
f 3380/3380/3380 3361/3361/3361 3381/3381/3381
f 3381/3381/3381 3361/3361/3361 3357/3357/3357
f 3381/3381/3381 3357/3357/3357 3382/3382/3382
f 3382/3382/3382 3357/3357/3357 3352/3352/3352
f 3383/3383/3383 3352/3352/3352 3353/3353/3353
f 3382/3382/3382 3352/3352/3352 3383/3383/3383
f 3377/3377/3377 3383/3383/3383 3353/3353/3353
f 3384/3384/3384 3383/3383/3383 3377/3377/3377
f 3377/3377/3377 3385/3385/3385 3384/3384/3384
f 3385/3385/3385 3373/3373/3373 3378/3378/3378
f 3373/3373/3373 3385/3385/3385 3377/3377/3377
f 3387/3387/3387 3386/3386/3386 3388/3388/3388
f 3389/3389/3389 3386/3386/3386 3387/3387/3387
f 3386/3386/3386 3389/3389/3389 3390/3390/3390
f 3390/3390/3390 3389/3389/3389 3391/3391/3391
f 3390/3390/3390 3391/3391/3391 3392/3392/3392
f 3392/3392/3392 3391/3391/3391 3393/3393/3393
f 3387/3387/3387 3394/3394/3394 3389/3389/3389
f 3389/3389/3389 3394/3394/3394 3395/3395/3395
f 3389/3389/3389 3395/3395/3395 3391/3391/3391
f 3391/3391/3391 3395/3395/3395 3396/3396/3396
f 3391/3391/3391 3396/3396/3396 3393/3393/3393
f 3393/3393/3393 3396/3396/3396 3397/3397/3397
f 3394/3394/3394 3398/3398/3398 3395/3395/3395
f 3395/3395/3395 3398/3398/3398 3399/3399/3399
f 3395/3395/3395 3399/3399/3399 3396/3396/3396
f 3396/3396/3396 3399/3399/3399 3400/3400/3400
f 3396/3396/3396 3400/3400/3400 3397/3397/3397
f 3397/3397/3397 3400/3400/3400 3401/3401/3401
f 3398/3398/3398 3402/3402/3402 3399/3399/3399
f 3399/3399/3399 3402/3402/3402 3403/3403/3403
f 3399/3399/3399 3403/3403/3403 3400/3400/3400
f 3400/3400/3400 3403/3403/3403 3404/3404/3404
f 3400/3400/3400 3404/3404/3404 3401/3401/3401
f 3401/3401/3401 3404/3404/3404 3405/3405/3405
f 3402/3402/3402 3406/3406/3406 3403/3403/3403
f 3403/3403/3403 3406/3406/3406 3407/3407/3407
f 3403/3403/3403 3407/3407/3407 3404/3404/3404
f 3404/3404/3404 3407/3407/3407 3408/3408/3408
f 3404/3404/3404 3408/3408/3408 3405/3405/3405
f 3405/3405/3405 3408/3408/3408 3409/3409/3409
f 3406/3406/3406 3410/3410/3410 3407/3407/3407
f 3407/3407/3407 3410/3410/3410 3411/3411/3411
f 3407/3407/3407 3411/3411/3411 3408/3408/3408
f 3408/3408/3408 3411/3411/3411 3412/3412/3412
f 3408/3408/3408 3412/3412/3412 3409/3409/3409
f 3409/3409/3409 3412/3412/3412 3413/3413/3413
f 3410/3410/3410 3414/3414/3414 3411/3411/3411
f 3411/3411/3411 3414/3414/3414 3415/3415/3415
f 3411/3411/3411 3415/3415/3415 3412/3412/3412
f 3412/3412/3412 3415/3415/3415 3416/3416/3416
f 3412/3412/3412 3416/3416/3416 3413/3413/3413
f 3413/3413/3413 3416/3416/3416 3417/3417/3417
f 3414/3414/3414 3386/3386/3386 3415/3415/3415
f 3388/3388/3388 3386/3386/3386 3414/3414/3414
f 3390/3390/3390 3415/3415/3415 3386/3386/3386
f 3416/3416/3416 3415/3415/3415 3390/3390/3390
f 3392/3392/3392 3416/3416/3416 3390/3390/3390
f 3417/3417/3417 3416/3416/3416 3392/3392/3392
f 3418/3418/3418 3409/3409/3409 3413/3413/3413
f 3419/3419/3419 3409/3409/3409 3418/3418/3418
f 3419/3419/3419 3405/3405/3405 3409/3409/3409
f 3420/3420/3420 3405/3405/3405 3419/3419/3419
f 3420/3420/3420 3401/3401/3401 3405/3405/3405
f 3421/3421/3421 3401/3401/3401 3420/3420/3420
f 3421/3421/3421 3397/3397/3397 3401/3401/3401
f 3422/3422/3422 3397/3397/3397 3421/3421/3421
f 3422/3422/3422 3393/3393/3393 3397/3397/3397
f 3423/3423/3423 3392/3392/3392 3393/3393/3393
f 3423/3423/3423 3393/3393/3393 3422/3422/3422
f 3424/3424/3424 3392/3392/3392 3423/3423/3423
f 3425/3425/3425 3392/3392/3392 3424/3424/3424
f 3418/3418/3418 3413/3413/3413 3425/3425/3425
f 3425/3425/3425 3413/3413/3413 3417/3417/3417
f 3417/3417/3417 3392/3392/3392 3425/3425/3425
f 3427/3427/3427 3426/3426/3426 3428/3428/3428
f 3429/3429/3429 3426/3426/3426 3427/3427/3427
f 3428/3428/3428 3426/3426/3426 3430/3430/3430
f 3430/3430/3430 3426/3426/3426 3431/3431/3431
f 3430/3430/3430 3431/3431/3431 3432/3432/3432
f 3432/3432/3432 3431/3431/3431 3433/3433/3433
f 3432/3432/3432 3433/3433/3433 3434/3434/3434
f 3434/3434/3434 3433/3433/3433 3435/3435/3435
f 3434/3434/3434 3435/3435/3435 3436/3436/3436
f 3436/3436/3436 3435/3435/3435 3437/3437/3437
f 3436/3436/3436 3437/3437/3437 3438/3438/3438
f 3438/3438/3438 3437/3437/3437 3439/3439/3439
f 3438/3438/3438 3439/3439/3439 3440/3440/3440
f 3440/3440/3440 3439/3439/3439 3441/3441/3441
f 3427/3427/3427 3441/3441/3441 3429/3429/3429
f 3440/3440/3440 3441/3441/3441 3427/3427/3427
f 3443/3443/3443 3442/3442/3442 3444/3444/3444
f 3442/3442/3442 3445/3445/3445 3444/3444/3444
f 3444/3444/3444 3445/3445/3445 3446/3446/3446
f 3445/3445/3445 3447/3447/3447 3446/3446/3446
f 3449/3449/3449 3448/3448/3448 3450/3450/3450
f 3451/3451/3451 3448/3448/3448 3449/3449/3449
f 3452/3452/3452 3451/3451/3451 3449/3449/3449
f 3449/3449/3449 3450/3450/3450 3452/3452/3452
f 3453/3453/3453 3451/3451/3451 3452/3452/3452
f 3454/3454/3454 3453/3453/3453 3452/3452/3452
f 3452/3452/3452 3450/3450/3450 3454/3454/3454
f 3455/3455/3455 3453/3453/3453 3454/3454/3454
f 3457/3457/3457 3456/3456/3456 3458/3458/3458
f 3459/3459/3459 3456/3456/3456 3457/3457/3457
f 3457/3457/3457 3458/3458/3458 3460/3460/3460
f 3460/3460/3460 3458/3458/3458 3461/3461/3461
f 3461/3461/3461 3462/3462/3462 3460/3460/3460
f 3463/3463/3463 3462/3462/3462 3461/3461/3461
f 3459/3459/3459 3464/3464/3464 3456/3456/3456
f 3465/3465/3465 3464/3464/3464 3459/3459/3459
f 3467/3467/3467 3466/3466/3466 3468/3468/3468
f 3470/3470/3470 3469/3469/3469 3471/3471/3471
f 3472/3472/3472 3469/3469/3469 3470/3470/3470
f 3474/3474/3474 3473/3473/3473 3475/3475/3475
f 3476/3476/3476 3473/3473/3473 3474/3474/3474
f 3478/3478/3478 3477/3477/3477 3479/3479/3479
f 3480/3480/3480 3477/3477/3477 3478/3478/3478
f 3482/3482/3482 3481/3481/3481 3483/3483/3483
f 3484/3484/3484 3481/3481/3481 3482/3482/3482
f 3486/3486/3486 3485/3485/3485 3487/3487/3487
f 3488/3488/3488 3485/3485/3485 3486/3486/3486
f 3490/3490/3490 3489/3489/3489 3491/3491/3491
f 3492/3492/3492 3489/3489/3489 3490/3490/3490
f 3493/3493/3493 3492/3492/3492 3490/3490/3490
f 3494/3494/3494 3492/3492/3492 3493/3493/3493
f 3495/3495/3495 3494/3494/3494 3493/3493/3493
f 3496/3496/3496 3494/3494/3494 3495/3495/3495
f 3497/3497/3497 3496/3496/3496 3495/3495/3495
f 3498/3498/3498 3496/3496/3496 3497/3497/3497
f 3500/3500/3500 3499/3499/3499 3501/3501/3501
f 3450/3450/3450 3443/3443/3443 3444/3444/3444
f 3448/3448/3448 3443/3443/3443 3450/3450/3450
f 3444/3444/3444 3446/3446/3446 3450/3450/3450
f 3450/3450/3450 3446/3446/3446 3454/3454/3454
f 3446/3446/3446 3455/3455/3455 3454/3454/3454
f 3447/3447/3447 3455/3455/3455 3446/3446/3446
